// Generated by tools/bake_skin.py — do not edit by hand.
#include <stdint.h>
#include "skin_layout.h"

// SKIN_MAIN_BG: 275x116, 63800 bytes RGB565 LE
const uint16_t SKIN_MAIN_BG[31900] = {
  0x0862, 0x0862, 0x0862, 0x0862, 0x0862, 0x0862, 0x0862, 0x0862, 0x0862, 0x0862, 0x0862, 0x0862,
  0x0862, 0x0862, 0x0862, 0x0862, 0x0862, 0x0862, 0x0862, 0x0862, 0x1083, 0x1083, 0x1083, 0x1083,
  0x1083, 0x1083, 0x1083, 0x1083, 0x1083, 0x1083, 0x1083, 0x1083, 0x1083, 0x1083, 0x1083, 0x1083,
  0x1083, 0x1083, 0x1083, 0x1083, 0x1083, 0x1083, 0x10a3, 0x10a3, 0x10a3, 0x10a3, 0x10a3, 0x10a3,
  0x10a4, 0x10a3, 0x10a4, 0x10a4, 0x10a4, 0x10a4, 0x10a4, 0x10a4, 0x10a4, 0x10a4, 0x10a4, 0x10a4,
  0x10a4, 0x10a4, 0x18c4, 0x18c4, 0x18c4, 0x18c4, 0x18c4, 0x18c4, 0x18c4, 0x18c4, 0x18c4, 0x18c5,
  0x18c4, 0x18c5, 0x18c5, 0x18c5, 0x18c5, 0x18c5, 0x18c5, 0x18c5, 0x18c5, 0x18c5, 0x18c5, 0x18e5,
  0x18c5, 0x18e5, 0x18e5, 0x18e5, 0x18e5, 0x18e5, 0x18e5, 0x18e5, 0x18e5, 0x18e5, 0x18e5, 0x18e5,
  0x18e5, 0x18e5, 0x18e6, 0x18e5, 0x18e6, 0x18e6, 0x18e6, 0x18e6, 0x18e6, 0x18e6, 0x18e6, 0x18e6,
  0x2106, 0x2106, 0x2106, 0x2106, 0x2106, 0x2106, 0x2106, 0x2106, 0x2106, 0x2106, 0x2106, 0x2106,
  0x2106, 0x2106, 0x2106, 0x2106, 0x2106, 0x2107, 0x2106, 0x2106, 0x2107, 0x2107, 0x2107, 0x2127,
  0x2127, 0x2127, 0x2127, 0x2127, 0x2127, 0x2127, 0x2127, 0x2127, 0x2127, 0x2127, 0x2127, 0x2127,
  0x2127, 0x2127, 0x2127, 0x2127, 0x2127, 0x2127, 0x2127, 0x2127, 0x2127, 0x2127, 0x2127, 0x2127,
  0x2127, 0x2127, 0x2127, 0x2127, 0x2127, 0x2127, 0x2127, 0x2127, 0x2127, 0x2147, 0x2147, 0x2927,
  0x2927, 0x2927, 0x2127, 0x2947, 0x2947, 0x2927, 0x2927, 0x2927, 0x2947, 0x2947, 0x2947, 0x2947,
  0x2947, 0x2947, 0x2947, 0x2947, 0x2947, 0x2947, 0x2947, 0x2947, 0x2947, 0x2947, 0x2927, 0x2947,
  0x2927, 0x2927, 0x2927, 0x2147, 0x2127, 0x2927, 0x2127, 0x2127, 0x2127, 0x2127, 0x2127, 0x2127,
  0x2127, 0x2127, 0x2127, 0x2127, 0x2127, 0x2127, 0x2127, 0x2127, 0x2127, 0x2127, 0x2127, 0x2127,
  0x2127, 0x2127, 0x2127, 0x2127, 0x2127, 0x2127, 0x2127, 0x2127, 0x2127, 0x2127, 0x2127, 0x2127,
  0x2127, 0x2127, 0x2127, 0x2127, 0x2127, 0x2107, 0x2107, 0x2106, 0x2106, 0x2106, 0x2106, 0x2106,
  0x2106, 0x2106, 0x2106, 0x2106, 0x2106, 0x2106, 0x2106, 0x2106, 0x2106, 0x2106, 0x2106, 0x2106,
  0x2106, 0x2106, 0x2106, 0x2106, 0x18e6, 0x1906, 0x18e6, 0x18e6, 0x18e6, 0x18e6, 0x18e6, 0x18e5,
  0x18e5, 0x18e5, 0x18e5, 0x18e5, 0x18e5, 0x18e5, 0x18e5, 0x18e5, 0x18e5, 0x18e5, 0x18e5, 0x0862,
  0x5acc, 0x5acc, 0x5acc, 0x5acc, 0x5acc, 0x5acc, 0x5acc, 0x5acc, 0x5acc, 0x5acc, 0x5acc, 0x5acc,
  0x5acc, 0x5acc, 0x5acc, 0x5acc, 0x5aec, 0x5aec, 0x5aec, 0x5aec, 0x5aec, 0x5aec, 0x5aec, 0x5aec,
  0x5aec, 0x5aec, 0x5aec, 0x5aec, 0x5aec, 0x5aec, 0x5aec, 0x5aec, 0x630d, 0x630d, 0x630d, 0x630d,
  0x630d, 0x630d, 0x630d, 0x630d, 0x630d, 0x630d, 0x630d, 0x630d, 0x630d, 0x630d, 0x630d, 0x630d,
  0x630d, 0x630d, 0x630d, 0x630d, 0x630d, 0x630d, 0x630d, 0x632e, 0x632e, 0x632e, 0x632e, 0x632e,
  0x632e, 0x632e, 0x632e, 0x632e, 0x632e, 0x632e, 0x632e, 0x632e, 0x632e, 0x632e, 0x632e, 0x632e,
  0x632e, 0x632e, 0x632e, 0x632e, 0x6b4e, 0x6b4e, 0x6b4e, 0x6b4e, 0x6b4e, 0x6b4e, 0x6b4e, 0x6b4e,
  0x6b4e, 0x6b4f, 0x6b4f, 0x6b4f, 0x6b4f, 0x6b4f, 0x6b4f, 0x6b4f, 0x6b4f, 0x6b4f, 0x6b4f, 0x6b4f,
  0x6b4f, 0x6b4f, 0x6b4f, 0x6b6f, 0x6b6f, 0x6b6f, 0x6b6f, 0x6b6f, 0x6b6f, 0x6b6f, 0x6b6f, 0x6b6f,
  0x6b6f, 0x6b70, 0x6b70, 0x6b70, 0x6b70, 0x6b70, 0x6b70, 0x6b70, 0x7390, 0x7390, 0x7390, 0x7390,
  0x7390, 0x7390, 0x7390, 0x7390, 0x7390, 0x7390, 0x7390, 0x7390, 0x7390, 0x7390, 0x7390, 0x7390,
  0x7390, 0x7390, 0x7390, 0x7390, 0x7390, 0x7390, 0x7390, 0x7390, 0x7391, 0x7391, 0x7391, 0x7391,
  0x7391, 0x7391, 0x7391, 0x7391, 0x7391, 0x7391, 0x7391, 0x7391, 0x7391, 0x7391, 0x7391, 0x7391,
  0x73b1, 0x7391, 0x73b1, 0x73b1, 0x73b1, 0x73b1, 0x73b1, 0x73b1, 0x73b1, 0x73b1, 0x73b1, 0x73b1,
  0x73b1, 0x73b1, 0x73b1, 0x73b1, 0x73b1, 0x73b1, 0x73b1, 0x73b1, 0x73b1, 0x73b1, 0x73b1, 0x73b1,
  0x73b1, 0x73b1, 0x73b1, 0x73b1, 0x73b1, 0x73b1, 0x73b1, 0x73b1, 0x73b1, 0x73b1, 0x73b1, 0x73b1,
  0x73b1, 0x73b1, 0x73b1, 0x73b1, 0x73b1, 0x73b1, 0x73b1, 0x73b1, 0x73b1, 0x73b1, 0x73b1, 0x73b1,
  0x7391, 0x73b1, 0x7391, 0x73b1, 0x7391, 0x7391, 0x7391, 0x7391, 0x7391, 0x7391, 0x7391, 0x7391,
  0x7391, 0x7391, 0x7391, 0x7391, 0x7391, 0x7391, 0x7390, 0x7390, 0x7390, 0x7390, 0x7390, 0x7390,
  0x7390, 0x7390, 0x7390, 0x7390, 0x7390, 0x7390, 0x7390, 0x7390, 0x7390, 0x7390, 0x7390, 0x7390,
  0x7390, 0x7390, 0x7390, 0x7390, 0x6b70, 0x6b70, 0x6b70, 0x6b70, 0x6b70, 0x6b70, 0x6b70, 0x6b70,
  0x6b6f, 0x6b6f, 0x6b6f, 0x6b6f, 0x6b6f, 0x6b6f, 0x6b6f, 0x6b6f, 0x6b6f, 0x6b4f, 0x6b4f, 0x6b4f,
  0x6b4f, 0x6b4f, 0x6b4f, 0x6b4f, 0x6b4f, 0x6b4f, 0x6b4f, 0x6b4f, 0x6b4f, 0x18e5, 0x0862, 0x5acc,
  0x10a3, 0x10a3, 0x10a3, 0x10a3, 0x10a3, 0x10a3, 0x10a3, 0x10a3, 0x10a4, 0x10a4, 0x10a4, 0x10a4,
  0x10a4, 0x10a4, 0x10a4, 0x10a4, 0x10a4, 0x10a4, 0x10a4, 0x10a4, 0x10a4, 0x18a4, 0x10c4, 0x18c4,
  0x18c4, 0x18c4, 0x18c4, 0x18c4, 0x18c4, 0x18c4, 0x18c4, 0x18c4, 0x18c5, 0x18c5, 0x18c5, 0x18c5,
  0x18c5, 0x18c5, 0x18e5, 0x18e5, 0x18e5, 0x18e5, 0x18e5, 0x18e5, 0x18e5, 0x18e5, 0x18e5, 0x18e5,
  0x18e5, 0x18e6, 0x18e6, 0x18e6, 0x2106, 0x18e6, 0x2106, 0x2106, 0x2106, 0x2106, 0x2106, 0x2106,
  0x2106, 0x2106, 0x2106, 0x2106, 0x2107, 0x2106, 0x2106, 0x2106, 0x2107, 0x2127, 0x2127, 0x2127,
  0x2127, 0x2127, 0x2127, 0x2127, 0x2127, 0x2127, 0x2127, 0x2127, 0x2927, 0x2927, 0x2927, 0x2947,
  0x2947, 0x2947, 0x2948, 0x2948, 0x2948, 0x2948, 0x2948, 0x2948, 0x2948, 0x2948, 0x2948, 0x2948,
  0x2948, 0x2948, 0x2968, 0x2968, 0x2968, 0x2968, 0x2968, 0x2968, 0x2968, 0x2969, 0x2969, 0x2969,
  0x2969, 0x2969, 0x3169, 0x3169, 0x3189, 0x3189, 0x3189, 0x3189, 0x3189, 0x3189, 0x3189, 0x3189,
  0x3189, 0x3189, 0x3189, 0x3189, 0x3189, 0x318a, 0x318a, 0x318a, 0x318a, 0x318a, 0x318a, 0x318a,
  0x31aa, 0x31aa, 0x31aa, 0x31aa, 0x31aa, 0x31aa, 0x31aa, 0x31aa, 0x31aa, 0x31aa, 0x31aa, 0x31aa,
  0x31aa, 0x31aa, 0x31aa, 0x31aa, 0x31aa, 0x31aa, 0x31aa, 0x39aa, 0x39aa, 0x39aa, 0x39aa, 0x31cb,
  0x31ca, 0x31cb, 0x39ab, 0x39ab, 0x39ab, 0x39ab, 0x39cb, 0x39cb, 0x39cb, 0x39cb, 0x39cb, 0x39cb,
  0x39cb, 0x39cb, 0x39cb, 0x39cb, 0x39cb, 0x39cb, 0x39cb, 0x39cb, 0x39cb, 0x39cb, 0x39cb, 0x39cb,
  0x39cb, 0x39cb, 0x39cb, 0x39cb, 0x39cb, 0x39cb, 0x39cb, 0x39cb, 0x39cb, 0x39cb, 0x39cb, 0x39cb,
  0x39cb, 0x39cb, 0x39cb, 0x39cb, 0x39cb, 0x39cb, 0x39cb, 0x39cb, 0x39ab, 0x39ab, 0x39ab, 0x39aa,
  0x39aa, 0x39aa, 0x31cb, 0x39aa, 0x39aa, 0x31aa, 0x39aa, 0x31aa, 0x31aa, 0x31aa, 0x31aa, 0x31aa,
  0x31aa, 0x31aa, 0x31aa, 0x31aa, 0x31aa, 0x31aa, 0x31aa, 0x31aa, 0x31aa, 0x31aa, 0x31aa, 0x318a,
  0x318a, 0x318a, 0x318a, 0x318a, 0x3189, 0x318a, 0x3189, 0x3189, 0x3189, 0x3189, 0x3189, 0x3189,
  0x3189, 0x3189, 0x3189, 0x3189, 0x3189, 0x2989, 0x3169, 0x2969, 0x2969, 0x2969, 0x2969, 0x2969,
  0x2969, 0x2969, 0x2968, 0x2968, 0x2968, 0x2968, 0x2968, 0x2968, 0x2948, 0x2968, 0x2948, 0x2948,
  0x2948, 0x2948, 0x2948, 0x2948, 0x2948, 0x2948, 0x2948, 0x2947, 0x18e5, 0x0862, 0x5acc, 0x1083,
  0x1083, 0x1083, 0x10a3, 0x10a3, 0x10a3, 0x10a3, 0x10a3, 0x10a4, 0x10a4, 0x10a4, 0x10a4, 0x10a4,
  0x10a4, 0x10a4, 0x10a4, 0x10a4, 0x10a4, 0x10a4, 0x10a4, 0x10a4, 0x10c4, 0x18c4, 0x18c4, 0x18c4,
  0x18c4, 0x18c4, 0x18c4, 0x18c4, 0x18c4, 0x18c5, 0x18c5, 0x18c5, 0x18c5, 0x18c5, 0x18c5, 0x18c5,
  0x18e5, 0x18e5, 0x18e5, 0x18e5, 0x18e5, 0x18e5, 0x18e5, 0x18e5, 0x18e5, 0x18e5, 0x18e5, 0x18e5,
  0x18e6, 0x18e6, 0x18e6, 0x1906, 0x2106, 0x2106, 0x2106, 0x2106, 0x2106, 0x2106, 0x2106, 0x2106,
  0x2106, 0x2106, 0x2106, 0x2106, 0x2106, 0x2127, 0x2106, 0x2107, 0x2127, 0x2127, 0x2127, 0x2127,
  0x2127, 0x2127, 0x2127, 0x2127, 0x2127, 0x2127, 0x2127, 0x2127, 0x2127, 0x2927, 0x2947, 0x2947,
  0x2948, 0x2948, 0x2948, 0x2948, 0x2948, 0x2948, 0x2948, 0x2948, 0x2948, 0x2948, 0x2948, 0x2968,
  0x2968, 0x2968, 0x2968, 0x2968, 0x2968, 0x2968, 0x2969, 0x2969, 0x2969, 0x2969, 0x2969, 0x2969,
  0x2969, 0x3169, 0x2969, 0x3189, 0x3189, 0x3189, 0x3189, 0x3189, 0x3189, 0x3189, 0x3189, 0x3189,
  0x3189, 0x3189, 0x3189, 0x3189, 0x318a, 0x318a, 0x318a, 0x318a, 0x318a, 0x31aa, 0x31aa, 0x31aa,
  0x31aa, 0x31aa, 0x31aa, 0x31aa, 0x31aa, 0x31aa, 0x31aa, 0x31aa, 0x31aa, 0x31aa, 0x31aa, 0x31aa,
  0x31aa, 0x31aa, 0x31aa, 0x31aa, 0x39aa, 0x39aa, 0x39aa, 0x39aa, 0x31ca, 0x39aa, 0x31cb, 0x31cb,
  0x39ab, 0x39ab, 0x39ab, 0x39ab, 0x39cb, 0x39ab, 0x39cb, 0x39cb, 0x39cb, 0x39cb, 0x39cb, 0x39cb,
  0x39cb, 0x39cb, 0x39cb, 0x39cb, 0x39cb, 0x39cb, 0x39cb, 0x39cb, 0x39cb, 0x39cb, 0x39cb, 0x39cb,
  0x39cb, 0x39cb, 0x39cb, 0x39cb, 0x39cb, 0x39cb, 0x39cb, 0x39cb, 0x39cb, 0x39cb, 0x39cb, 0x39cb,
  0x39cb, 0x39cb, 0x39cb, 0x39cb, 0x39cb, 0x39cb, 0x39cb, 0x39ab, 0x39ab, 0x39ab, 0x39aa, 0x39ab,
  0x31ca, 0x39aa, 0x39aa, 0x31aa, 0x31aa, 0x31aa, 0x31aa, 0x31aa, 0x31aa, 0x31aa, 0x31aa, 0x31aa,
  0x31aa, 0x31aa, 0x31aa, 0x31aa, 0x31aa, 0x31aa, 0x31aa, 0x31aa, 0x31aa, 0x318a, 0x31aa, 0x31aa,
  0x318a, 0x318a, 0x318a, 0x3189, 0x3189, 0x3189, 0x3189, 0x3189, 0x3189, 0x3189, 0x3189, 0x3189,
  0x3189, 0x3189, 0x3189, 0x3169, 0x2989, 0x2969, 0x2969, 0x2969, 0x2969, 0x2969, 0x2969, 0x2968,
  0x2968, 0x2968, 0x2968, 0x2968, 0x2968, 0x2968, 0x2948, 0x2948, 0x2948, 0x2948, 0x2948, 0x2948,
  0x2948, 0x2948, 0x2948, 0x2948, 0x2948, 0x2948, 0x2947, 0x18e5, 0x0862, 0x5acc, 0x1083, 0x1083,
  0x1083, 0x10a3, 0x10a3, 0x10a3, 0xedec, 0x10a3, 0x10a4, 0x10a4, 0x10a4, 0x10a4, 0x10a4, 0x10a4,
  0x10a4, 0x10a4, 0x10a4, 0x10a4, 0x18e4, 0x18e4, 0x18e4, 0x18e4, 0x18e4, 0x18e4, 0x18e4, 0x18e4,
  0x18e4, 0x18e4, 0x18e4, 0x18e4, 0x18e4, 0x18e4, 0x18e4, 0x18e4, 0x18e4, 0x18e4, 0x18e4, 0x18e4,
  0x18e4, 0x18e4, 0x18e4, 0x18e4, 0x18e4, 0x18e4, 0x18e4, 0x18e4, 0x18e4, 0x18e4, 0x18e4, 0x18e4,
  0x18e4, 0x18e4, 0x18e4, 0x18e4, 0x18e4, 0x18e4, 0x18e4, 0x18e4, 0x18e4, 0x18e4, 0x18e4, 0x18e4,
  0x18e4, 0x18e4, 0x18e4, 0x18e4, 0x18e4, 0x18e4, 0x18e4, 0x18e4, 0x18e4, 0x18e4, 0x18e4, 0x18e4,
  0x18e4, 0x18e4, 0x18e4, 0x18e4, 0x18e4, 0x18e4, 0x18e4, 0x18e4, 0x18e4, 0x18e4, 0x18e4, 0x18e4,
  0x18e4, 0x18e4, 0x18e4, 0x18e4, 0x18e4, 0x18e4, 0x18e4, 0x18e4, 0x18e4, 0x18e4, 0x18e4, 0x18e4,
  0x18e4, 0x18e4, 0x18e4, 0x18e4, 0x18e4, 0x18e4, 0x18e4, 0x18e4, 0x18e4, 0x18e4, 0x18e4, 0x18e4,
  0x18e4, 0x3169, 0x3189, 0x3189, 0x3189, 0x3189, 0x3189, 0x3189, 0x3189, 0x3189, 0x3189, 0x3189,
  0x3189, 0x3189, 0x3189, 0x318a, 0x318a, 0x318a, 0x31aa, 0x31aa, 0x318a, 0x31aa, 0x31aa, 0x31aa,
  0x31aa, 0x31aa, 0x31aa, 0x31aa, 0x31aa, 0x31aa, 0x31aa, 0x31aa, 0x31aa, 0x31aa, 0x31aa, 0x31aa,
  0x31aa, 0x31aa, 0x31aa, 0x31aa, 0x39aa, 0x39aa, 0x31ca, 0x39aa, 0x39ab, 0x39ab, 0x39ab, 0x39ab,
  0x39ab, 0x39cb, 0x18e4, 0x18e4, 0x18e4, 0x18e4, 0x18e4, 0x18e4, 0x18e4, 0x18e4, 0x18e4, 0x18e4,
  0x18e4, 0x18e4, 0x18e4, 0x18e4, 0x18e4, 0x18e4, 0x18e4, 0x18e4, 0x18e4, 0x18e4, 0x18e4, 0x18e4,
  0x18e4, 0x18e4, 0x18e4, 0x18e4, 0x18e4, 0x18e4, 0x18e4, 0x18e4, 0x18e4, 0x18e4, 0x18e4, 0x18e4,
  0x18e4, 0x18e4, 0x18e4, 0x18e4, 0x18e4, 0x18e4, 0x18e4, 0x18e4, 0x18e4, 0x18e4, 0x18e4, 0x18e4,
  0x18e4, 0x18e4, 0x18e4, 0x18e4, 0x18e4, 0x18e4, 0x18e4, 0x18e4, 0x18e4, 0x18e4, 0x18e4, 0x18e4,
  0x18e4, 0x18e4, 0x18e4, 0x18e4, 0x18e4, 0x18e4, 0x18e4, 0x18e4, 0x18e4, 0x18e4, 0x18e4, 0x18e4,
  0x18e4, 0x18e4, 0x18e4, 0x18e4, 0x18e4, 0x18e4, 0x18e4, 0x18e4, 0x18e4, 0x18e4, 0x2969, 0x3189,
  0x3189, 0x3189, 0x4207, 0x4207, 0x4207, 0x4207, 0x4207, 0x2969, 0x2969, 0x2968, 0x2969, 0x2968,
  0xb5b7, 0xb5b7, 0xb5b7, 0xb5b7, 0xb5b7, 0x2948, 0x2948, 0x2948, 0x2948, 0x6ae8, 0x5aa7, 0x3162,
  0x3162, 0x3162, 0x5aa7, 0x6ae8, 0x2947, 0x2947, 0x18e5, 0x0862, 0x5acc, 0x10a3, 0x1083, 0x10a3,
  0x10a3, 0x10a3, 0xedec, 0x3185, 0xedec, 0x10a4, 0x10a4, 0x10a4, 0x10a4, 0x10a4, 0x10a4, 0x10a4,
  0x10a4, 0x10a4, 0x18e4, 0xa4ad, 0xee6f, 0xee6f, 0xee6f, 0xee6f, 0xee6f, 0xee6f, 0xee6f, 0xee6f,
  0xee6f, 0xee6f, 0xee6f, 0xee6f, 0xee6f, 0xee6f, 0xee6f, 0xee6f, 0xee6f, 0xee6f, 0xee6f, 0xee6f,
  0xee6f, 0xee6f, 0xee6f, 0xee6f, 0xee6f, 0xee6f, 0xee6f, 0xee6f, 0xee6f, 0xee6f, 0xee6f, 0xee6f,
  0xee6f, 0xee6f, 0xee6f, 0xee6f, 0xee6f, 0xee6f, 0xee6f, 0xee6f, 0xee6f, 0xee6f, 0xee6f, 0xee6f,
  0xee6f, 0xee6f, 0xee6f, 0xee6f, 0xee6f, 0xee6f, 0xee6f, 0xee6f, 0xee6f, 0xee6f, 0xee6f, 0xee6f,
  0xee6f, 0xee6f, 0xee6f, 0xee6f, 0xee6f, 0xee6f, 0xee6f, 0xee6f, 0xee6f, 0xee6f, 0xee6f, 0xee6f,
  0xee6f, 0xee6f, 0xee6f, 0xee6f, 0xee6f, 0xee6f, 0xee6f, 0xee6f, 0xee6f, 0xee6f, 0xee6f, 0xee6f,
  0xee6f, 0xee6f, 0xee6f, 0xee6f, 0xee6f, 0xee6f, 0xee6f, 0xee6f, 0xee6f, 0xee6f, 0xee6f, 0xa4ad,
  0x18e4, 0x3189, 0x3189, 0x3189, 0x3189, 0xe71c, 0xe71c, 0x3189, 0xc618, 0xffff, 0x3189, 0x94b3,
  0xce5a, 0x318a, 0xce5a, 0xffff, 0x318a, 0xce5a, 0xf79e, 0x4a6c, 0x6b50, 0xffff, 0x6b50, 0x31aa,
  0x31aa, 0xe71c, 0xffff, 0x8c52, 0x31aa, 0x31aa, 0xffff, 0xffff, 0xc618, 0x31aa, 0xad77, 0xffff,
  0xffff, 0x31aa, 0x94b4, 0xffff, 0xffff, 0xffff, 0xe71c, 0x630f, 0x31ab, 0x39ab, 0x39ab, 0x39ab,
  0x18e4, 0xa4ad, 0xee6f, 0xee6f, 0xee6f, 0xee6f, 0xee6f, 0xee6f, 0xee6f, 0xee6f, 0xee6f, 0xee6f,
  0xee6f, 0xee6f, 0xee6f, 0xee6f, 0xee6f, 0xee6f, 0xee6f, 0xee6f, 0xee6f, 0xee6f, 0xee6f, 0xee6f,
  0xee6f, 0xee6f, 0xee6f, 0xee6f, 0xee6f, 0xee6f, 0xee6f, 0xee6f, 0xee6f, 0xee6f, 0xee6f, 0xee6f,
  0xee6f, 0xee6f, 0xee6f, 0xee6f, 0xee6f, 0xee6f, 0xee6f, 0xee6f, 0xee6f, 0xee6f, 0xee6f, 0xee6f,
  0xee6f, 0xee6f, 0xee6f, 0xee6f, 0xee6f, 0xee6f, 0xee6f, 0xee6f, 0xee6f, 0xee6f, 0xee6f, 0xee6f,
  0xee6f, 0xee6f, 0xee6f, 0xee6f, 0xee6f, 0xee6f, 0xee6f, 0xee6f, 0xee6f, 0xee6f, 0xee6f, 0xee6f,
  0xee6f, 0xee6f, 0xee6f, 0xee6f, 0xee6f, 0xee6f, 0xee6f, 0xee6f, 0xa4ad, 0x18e4, 0x3189, 0x3189,
  0x4207, 0x5247, 0x5247, 0x5247, 0x5247, 0x5247, 0x4207, 0x2969, 0x2968, 0x2969, 0xb5b7, 0xcf1a,
  0xcf1a, 0xcf1a, 0xcf1a, 0xcf1a, 0xb5b7, 0x2948, 0x2948, 0x2948, 0x5aa7, 0xb4ea, 0x6ae8, 0x5aa7,
  0x6ae8, 0xb4ea, 0x5aa7, 0x2947, 0x2947, 0x18c5, 0x0862, 0x5acc, 0x1083, 0x1083, 0x10a3, 0x10a3,
  0xedec, 0x3185, 0x3185, 0xedec, 0x10a4, 0x10a4, 0x10a4, 0x10a4, 0x10a4, 0x10a4, 0x10a4, 0x10a4,
  0x10a4, 0x18e4, 0xffff, 0xffff, 0xffff, 0xffff, 0xffff, 0xffff, 0xffff, 0xffff, 0xffff, 0xffff,
  0xffff, 0xffff, 0xffff, 0xffff, 0xffff, 0xffff, 0xffff, 0xffff, 0xffff, 0xffff, 0xffff, 0xffff,
  0xffff, 0xffff, 0xffff, 0xffff, 0xffff, 0xffff, 0xffff, 0xffff, 0xffff, 0xffff, 0xffff, 0xffff,
  0xffff, 0xffff, 0xffff, 0xffff, 0xffff, 0xffff, 0xffff, 0xffff, 0xffff, 0xffff, 0xffff, 0xffff,
  0xffff, 0xffff, 0xffff, 0xffff, 0xffff, 0xffff, 0xffff, 0xffff, 0xffff, 0xffff, 0xffff, 0xffff,
  0xffff, 0xffff, 0xffff, 0xffff, 0xffff, 0xffff, 0xffff, 0xffff, 0xffff, 0xffff, 0xffff, 0xffff,
  0xffff, 0xffff, 0xffff, 0xffff, 0xffff, 0xffff, 0xffff, 0xffff, 0xffff, 0xffff, 0xffff, 0xffff,
  0xffff, 0xffff, 0xffff, 0xffff, 0xffff, 0xffff, 0xffff, 0xffff, 0xffff, 0xffff, 0xffff, 0x18e4,
  0x3189, 0x3189, 0x3189, 0x3189, 0xad77, 0xffff, 0x4a6c, 0xffff, 0xffff, 0x632f, 0xd6bb, 0x94b3,
  0x3189, 0xce5a, 0xffff, 0x318a, 0xce5a, 0xffff, 0xc618, 0x6b50, 0xffff, 0x6b50, 0x31aa, 0x630f,
  0xffff, 0xf79e, 0xc618, 0x31aa, 0x31aa, 0xffff, 0xffff, 0xffff, 0x528d, 0xf79e, 0xffff, 0xffff,
  0x39aa, 0x94b4, 0xffff, 0x6b70, 0x420c, 0xffff, 0xc618, 0x39aa, 0x39ab, 0x39ab, 0x39ab, 0x18e4,
  0xffff, 0xffff, 0xffff, 0xffff, 0xffff, 0xffff, 0xffff, 0xffff, 0xffff, 0xffff, 0xffff, 0xffff,
  0xffff, 0xffff, 0xffff, 0xffff, 0xffff, 0xffff, 0xffff, 0xffff, 0xffff, 0xffff, 0xffff, 0xffff,
  0xffff, 0xffff, 0xffff, 0xffff, 0xffff, 0xffff, 0xffff, 0xffff, 0xffff, 0xffff, 0xffff, 0xffff,
  0xffff, 0xffff, 0xffff, 0xffff, 0xffff, 0xffff, 0xffff, 0xffff, 0xffff, 0xffff, 0xffff, 0xffff,
  0xffff, 0xffff, 0xffff, 0xffff, 0xffff, 0xffff, 0xffff, 0xffff, 0xffff, 0xffff, 0xffff, 0xffff,
  0xffff, 0xffff, 0xffff, 0xffff, 0xffff, 0xffff, 0xffff, 0xffff, 0xffff, 0xffff, 0xffff, 0xffff,
  0xffff, 0xffff, 0xffff, 0xffff, 0xffff, 0xffff, 0xffff, 0xffff, 0x18e4, 0x3189, 0x3189, 0x5aa7,
  0x6ac6, 0x6ae8, 0x6ae8, 0x6ae8, 0x6ac6, 0x5aa7, 0x2969, 0x2968, 0x2968, 0x6ae8, 0x6ae8, 0x6ae8,
  0x6ae8, 0x6ae8, 0x6ae8, 0x6ae8, 0x2948, 0x2948, 0x2948, 0x3162, 0x6ae8, 0xb4ea, 0x9b88, 0xb4ea,
  0x6ae8, 0x3162, 0x2947, 0x2927, 0x18e5, 0x0862, 0x5acc, 0x10a3, 0x10a3, 0x10a3, 0x10a3, 0xedec,
  0x9c2b, 0x9c2b, 0xedec, 0xedec, 0x9c2b, 0x9c2b, 0x9c2b, 0xedec, 0x10a4, 0x10a4, 0x10a4, 0x10a4,
  0x18e4, 0x4207, 0x4207, 0x4207, 0x4207, 0x4207, 0x4207, 0x4207, 0x4207, 0x4207, 0x4207, 0x4207,
  0x4207, 0x4207, 0x4207, 0x4207, 0x4207, 0x4207, 0x4207, 0x4207, 0x4207, 0x4207, 0x4207, 0x4207,
  0x4207, 0x4207, 0x4207, 0x4207, 0x4207, 0x4207, 0x4207, 0x4207, 0x4207, 0x4207, 0x4207, 0x4207,
  0x4207, 0x4207, 0x4207, 0x4207, 0x4207, 0x4207, 0x4207, 0x4207, 0x4207, 0x4207, 0x4207, 0x4207,
  0x4207, 0x4207, 0x4207, 0x4207, 0x4207, 0x4207, 0x4207, 0x4207, 0x4207, 0x4207, 0x4207, 0x4207,
  0x4207, 0x4207, 0x4207, 0x4207, 0x4207, 0x4207, 0x4207, 0x4207, 0x4207, 0x4207, 0x4207, 0x4207,
  0x4207, 0x4207, 0x4207, 0x4207, 0x4207, 0x4207, 0x4207, 0x3a05, 0x3a05, 0x3a05, 0x3a05, 0x3a05,
  0x3a05, 0x3a05, 0x3a05, 0x3a05, 0x3a05, 0x3a05, 0x3a05, 0x3a05, 0x3a05, 0x3a05, 0x18e4, 0x3189,
  0x3189, 0x3189, 0x3189, 0x73b1, 0xffff, 0xad77, 0xffff, 0xffff, 0xa515, 0xffff, 0x6b50, 0x318a,
  0xce5a, 0xffff, 0x318a, 0xce5a, 0xf79e, 0xffff, 0xa515, 0xffff, 0x6b50, 0x31aa, 0xa515, 0xd6bb,
  0xc618, 0xffff, 0x420c, 0x31aa, 0xffff, 0xd6bb, 0xffff, 0xce5a, 0xf79e, 0xce5a, 0xffff, 0x31aa,
  0x94b4, 0xffff, 0x94b4, 0x7bd1, 0xffff, 0xad77, 0x39ab, 0x39ab, 0x39ab, 0x39ab, 0x18e4, 0x4207,
  0x4207, 0x4207, 0x4207, 0x4207, 0x4207, 0x4207, 0x4207, 0x4207, 0x4207, 0x4207, 0x4207, 0x4207,
  0x4207, 0x4207, 0x4207, 0x4207, 0x4207, 0x4207, 0x4207, 0x4207, 0x4207, 0x4207, 0x4207, 0x4207,
  0x4207, 0x4207, 0x4207, 0x4207, 0x4207, 0x4207, 0x4207, 0x4207, 0x4207, 0x4207, 0x4207, 0x4207,
  0x4207, 0x4207, 0x4207, 0x4207, 0x4207, 0x4207, 0x4207, 0x4207, 0x4207, 0x4207, 0x4207, 0x4207,
  0x4207, 0x4207, 0x4207, 0x4207, 0x4207, 0x4207, 0x4207, 0x4207, 0x4207, 0x4207, 0x4207, 0x4207,
  0x4207, 0x4207, 0x4207, 0x4207, 0x3a05, 0x3a05, 0x3a05, 0x3a05, 0x3a05, 0x3a05, 0x3a05, 0x3a05,
  0x3a05, 0x3a05, 0x3a05, 0x3a05, 0x3a05, 0x3a05, 0x3a05, 0x18e4, 0x3189, 0x3189, 0x6ae8, 0x736a,
  0x8ba9, 0x8ba9, 0x8ba9, 0x736a, 0x6ae8, 0x2969, 0x2968, 0x2968, 0x5aa7, 0x6ae8, 0x6ae8, 0x6ae8,
  0x6ae8, 0x6ae8, 0x5aa7, 0x2948, 0x2948, 0x2948, 0x3162, 0x5aa7, 0x9b88, 0xffff, 0x9b88, 0x5aa7,
  0x3162, 0x2927, 0x2927, 0x18c5, 0x0862, 0x5acc, 0x1083, 0x10a3, 0x10a3, 0x10a3, 0x10a4, 0x10a3,
  0x10a4, 0x10a4, 0xedec, 0x3185, 0x3185, 0xedec, 0x10a4, 0x10a4, 0x10a4, 0x10a4, 0x10a4, 0x18e4,
  0xa4ad, 0xa4ad, 0xa4ad, 0xa4ad, 0xa4ad, 0xa4ad, 0xa4ad, 0xa4ad, 0xa4ad, 0xa4ad, 0xa4ad, 0xa4ad,
  0xa4ad, 0xa4ad, 0xa4ad, 0xa4ad, 0xa4ad, 0xa4ad, 0xa4ad, 0xa4ad, 0xa4ad, 0xa4ad, 0xa4ad, 0xa4ad,
  0xa4ad, 0xa4ad, 0xa4ad, 0xa4ad, 0xa4ad, 0xa4ad, 0xa4ad, 0xa4ad, 0xa4ad, 0xa4ad, 0xa4ad, 0xa4ad,
  0xa4ad, 0xa4ad, 0xa4ad, 0xa4ad, 0xa4ad, 0xa4ad, 0xa4ad, 0xa4ad, 0xa4ad, 0xa4ad, 0xa4ad, 0xa4ad,
  0xa4ad, 0xa4ad, 0xa4ad, 0xa4ad, 0xa4ad, 0xa4ad, 0xa4ad, 0xa4ad, 0xa4ad, 0xa4ad, 0xa4ad, 0xa4ad,
  0xa4ad, 0xa4ad, 0xa4ad, 0xa4ad, 0xa4ad, 0xa4ad, 0xa4ad, 0xa4ad, 0xa4ad, 0xa4ad, 0xa4ad, 0xa4ad,
  0xa4ad, 0xa4ad, 0xa4ad, 0xa4ad, 0xa4ad, 0xa4ad, 0xa4ad, 0xa4ad, 0xa4ad, 0xa4ad, 0xa4ad, 0xa4ad,
  0xa4ad, 0xa4ad, 0xa4ad, 0xa4ad, 0xa4ad, 0xa4ad, 0xa4ad, 0xa4ad, 0xa4ad, 0x18e4, 0x3189, 0x3189,
  0x3189, 0x3189, 0x39eb, 0xffff, 0xffff, 0xce5a, 0xd6bb, 0xffff, 0xf79e, 0x318a, 0x318a, 0xce5a,
  0xffff, 0x318a, 0xce5a, 0xce5a, 0xc618, 0xffff, 0xffff, 0x6b50, 0x31aa, 0xe71c, 0xad77, 0xa515,
  0xffff, 0x8c52, 0x31aa, 0xffff, 0x94b4, 0xf79e, 0xffff, 0xad77, 0xce5a, 0xffff, 0x31aa, 0x94b4,
  0xffff, 0xd6bb, 0xce5a, 0xa515, 0x420c, 0x31cb, 0x39ab, 0x39ab, 0x39ab, 0x18e4, 0xa4ad, 0xa4ad,
  0xa4ad, 0xa4ad, 0xa4ad, 0xa4ad, 0xa4ad, 0xa4ad, 0xa4ad, 0xa4ad, 0xa4ad, 0xa4ad, 0xa4ad, 0xa4ad,
  0xa4ad, 0xa4ad, 0xa4ad, 0xa4ad, 0xa4ad, 0xa4ad, 0xa4ad, 0xa4ad, 0xa4ad, 0xa4ad, 0xa4ad, 0xa4ad,
  0xa4ad, 0xa4ad, 0xa4ad, 0xa4ad, 0xa4ad, 0xa4ad, 0xa4ad, 0xa4ad, 0xa4ad, 0xa4ad, 0xa4ad, 0xa4ad,
  0xa4ad, 0xa4ad, 0xa4ad, 0xa4ad, 0xa4ad, 0xa4ad, 0xa4ad, 0xa4ad, 0xa4ad, 0xa4ad, 0xa4ad, 0xa4ad,
  0xa4ad, 0xa4ad, 0xa4ad, 0xa4ad, 0xa4ad, 0xa4ad, 0xa4ad, 0xa4ad, 0xa4ad, 0xa4ad, 0xa4ad, 0xa4ad,
  0xa4ad, 0xa4ad, 0xa4ad, 0xa4ad, 0xa4ad, 0xa4ad, 0xa4ad, 0xa4ad, 0xa4ad, 0xa4ad, 0xa4ad, 0xa4ad,
  0xa4ad, 0xa4ad, 0xa4ad, 0xa4ad, 0xa4ad, 0xa4ad, 0x18e4, 0x3189, 0x3189, 0x9c8e, 0x9c8e, 0xbdcf,
  0xbdcf, 0xbdcf, 0x9c8e, 0x9c8e, 0x2969, 0x2968, 0x2968, 0x5aa7, 0x5aa7, 0x6ae8, 0x6ae8, 0x6ae8,
  0x5aa7, 0x5aa7, 0x2948, 0x2948, 0x2948, 0x3162, 0x6ae8, 0xb4ea, 0x9b88, 0xb4ea, 0x6ae8, 0x3162,
  0x2947, 0x2927, 0x18c5, 0x0862, 0x5acc, 0x1083, 0x10a3, 0x10a3, 0x10a3, 0x10a3, 0x10a4, 0x10a4,
  0x10a4, 0xedec, 0x3185, 0xedec, 0xedec, 0x10a4, 0x10a4, 0x10a4, 0x10a4, 0x10a4, 0x18e4, 0x736a,
  0xee6f, 0xee6f, 0xee6f, 0xee6f, 0xee6f, 0xee6f, 0xee6f, 0xee6f, 0xee6f, 0xee6f, 0xee6f, 0xee6f,
  0xee6f, 0xee6f, 0xee6f, 0xee6f, 0xee6f, 0xee6f, 0xee6f, 0xee6f, 0xee6f, 0xee6f, 0xee6f, 0xee6f,
  0xee6f, 0xee6f, 0xee6f, 0xee6f, 0xee6f, 0xee6f, 0xee6f, 0xee6f, 0xee6f, 0xee6f, 0xee6f, 0xee6f,
  0xee6f, 0xee6f, 0xee6f, 0xee6f, 0xee6f, 0xee6f, 0xee6f, 0xee6f, 0xee6f, 0xee6f, 0xee6f, 0xee6f,
  0xee6f, 0xee6f, 0xee6f, 0xee6f, 0xee6f, 0xee6f, 0xee6f, 0xee6f, 0xee6f, 0xee6f, 0xee6f, 0xee6f,
  0xee6f, 0xee6f, 0xee6f, 0xee6f, 0xee6f, 0xee6f, 0xee6f, 0xee6f, 0xee6f, 0xee6f, 0xee6f, 0xee6f,
  0xee6f, 0xee6f, 0xee6f, 0xee6f, 0xee6f, 0xee6f, 0xee6f, 0xee6f, 0xee6f, 0xee6f, 0xee6f, 0xee6f,
  0xee6f, 0xee6f, 0xee6f, 0xee6f, 0xee6f, 0xee6f, 0xee6f, 0x736a, 0x18e4, 0x3189, 0x3189, 0x3189,
  0x3189, 0x3189, 0xd6bb, 0xffff, 0x8c73, 0xa515, 0xffff, 0xc618, 0x318a, 0x318a, 0xce5a, 0xffff,
  0x318a, 0xce5a, 0xce5a, 0x420c, 0xf79e, 0xffff, 0x6b50, 0x630f, 0xffff, 0xce5a, 0xce5a, 0xffff,
  0xc618, 0x31aa, 0xffff, 0x94b4, 0xad77, 0xffff, 0x7bd1, 0xce5a, 0xffff, 0x39aa, 0x94b4, 0xffff,
  0x6b70, 0x31ab, 0x31ab, 0x39ab, 0x39ab, 0x39ab, 0x39ab, 0x39cb, 0x18e4, 0x736a, 0xee6f, 0xee6f,
  0xee6f, 0xee6f, 0xee6f, 0xee6f, 0xee6f, 0xee6f, 0xee6f, 0xee6f, 0xee6f, 0xee6f, 0xee6f, 0xee6f,
  0xee6f, 0xee6f, 0xee6f, 0xee6f, 0xee6f, 0xee6f, 0xee6f, 0xee6f, 0xee6f, 0xee6f, 0xee6f, 0xee6f,
  0xee6f, 0xee6f, 0xee6f, 0xee6f, 0xee6f, 0xee6f, 0xee6f, 0xee6f, 0xee6f, 0xee6f, 0xee6f, 0xee6f,
  0xee6f, 0xee6f, 0xee6f, 0xee6f, 0xee6f, 0xee6f, 0xee6f, 0xee6f, 0xee6f, 0xee6f, 0xee6f, 0xee6f,
  0xee6f, 0xee6f, 0xee6f, 0xee6f, 0xee6f, 0xee6f, 0xee6f, 0xee6f, 0xee6f, 0xee6f, 0xee6f, 0xee6f,
  0xee6f, 0xee6f, 0xee6f, 0xee6f, 0xee6f, 0xee6f, 0xee6f, 0xee6f, 0xee6f, 0xee6f, 0xee6f, 0xee6f,
  0xee6f, 0xee6f, 0xee6f, 0xee6f, 0x736a, 0x18e4, 0x3189, 0x3189, 0xadd6, 0xcf19, 0xcf19, 0xcf19,
  0xcf19, 0xc6fc, 0xbebb, 0x2968, 0x2968, 0x2968, 0x4207, 0x5aa7, 0x5aa7, 0x5aa7, 0x5aa7, 0x5aa7,
  0x3a0a, 0x2948, 0x2948, 0x2948, 0x5aa7, 0xb4ea, 0x6ae8, 0x5aa7, 0x6ae8, 0xb4ea, 0x5aa7, 0x2927,
  0x2127, 0x18c5, 0x0862, 0x5acc, 0x10a3, 0x10a3, 0x10a3, 0x10a3, 0x10a4, 0x10a4, 0x10a4, 0x10a4,
  0x10a4, 0xedec, 0x10a4, 0x10a4, 0x10a4, 0x10a4, 0x10a4, 0x10a4, 0x10a4, 0x10a4, 0x2125, 0x2125,
  0x2125, 0x2125, 0x2125, 0x2125, 0x2125, 0x2125, 0x2125, 0x2125, 0x2125, 0x2125, 0x2125, 0x2125,
  0x2125, 0x2125, 0x2125, 0x2125, 0x2125, 0x2125, 0x2125, 0x2125, 0x2125, 0x2125, 0x2125, 0x2125,
  0x2125, 0x2125, 0x2125, 0x2125, 0x2125, 0x2125, 0x2125, 0x2125, 0x2125, 0x2125, 0x2125, 0x2125,
  0x2125, 0x2125, 0x2125, 0x2125, 0x2125, 0x2125, 0x2125, 0x2125, 0x2125, 0x2125, 0x2125, 0x2125,
  0x2125, 0x2125, 0x2125, 0x2125, 0x2125, 0x2125, 0x2125, 0x2125, 0x2125, 0x2125, 0x2125, 0x2125,
  0x2125, 0x2125, 0x2125, 0x2125, 0x2125, 0x2125, 0x2125, 0x2125, 0x2125, 0x2125, 0x2125, 0x2125,
  0x2125, 0x2125, 0x2125, 0x2125, 0x18e4, 0x18e4, 0x18e4, 0x18e4, 0x18e4, 0x18e4, 0x18e4, 0x18e4,
  0x18e4, 0x18e4, 0x18e4, 0x18e4, 0x18e4, 0x18e4, 0x18e4, 0x3189, 0x3189, 0x3189, 0x3189, 0x3189,
  0x3189, 0x8c73, 0xffff, 0x6b50, 0x6b50, 0xffff, 0x94b3, 0x3189, 0x318a, 0xce5a, 0xffff, 0x318a,
  0xce5a, 0xce5a, 0x31aa, 0x7bd1, 0xffff, 0x6b50, 0xa515, 0xc618, 0x31aa, 0x31aa, 0xc618, 0xffff,
  0x420c, 0xffff, 0x94b4, 0x7bd1, 0xf79e, 0x31aa, 0xce5a, 0xffff, 0x39aa, 0x94b4, 0xffff, 0x6b70,
  0x31ab, 0x39ab, 0x31cb, 0x39ab, 0x39ab, 0x39cb, 0x39cb, 0x39cb, 0x2125, 0x2125, 0x2125, 0x2125,
  0x2125, 0x2125, 0x2125, 0x2125, 0x2125, 0x2125, 0x2125, 0x2125, 0x2125, 0x2125, 0x2125, 0x2125,
  0x2125, 0x2125, 0x2125, 0x2125, 0x2125, 0x2125, 0x2125, 0x2125, 0x2125, 0x2125, 0x2125, 0x2125,
  0x2125, 0x2125, 0x2125, 0x2125, 0x2125, 0x2125, 0x2125, 0x2125, 0x2125, 0x2125, 0x2125, 0x2125,
  0x2125, 0x2125, 0x2125, 0x2125, 0x2125, 0x2125, 0x2125, 0x2125, 0x2125, 0x2125, 0x2125, 0x2125,
  0x2125, 0x2125, 0x2125, 0x2125, 0x2125, 0x2125, 0x2125, 0x2125, 0x2125, 0x2125, 0x2125, 0x2125,
  0x2125, 0x18e4, 0x18e4, 0x18e4, 0x18e4, 0x18e4, 0x18e4, 0x18e4, 0x18e4, 0x18e4, 0x18e4, 0x18e4,
  0x18e4, 0x18e4, 0x18e4, 0x18e4, 0x2968, 0x3189, 0x3169, 0x3169, 0xc618, 0xbebb, 0xbebb, 0xbebb,
  0xbebb, 0x2969, 0x2968, 0x2968, 0x2968, 0x2968, 0x4207, 0x4207, 0x4207, 0x4207, 0x4207, 0x2948,
  0x2948, 0x2948, 0x2948, 0x6ae8, 0x5aa7, 0x3162, 0x3162, 0x3162, 0x5aa7, 0x6ae8, 0x2927, 0x2927,
  0x18c5, 0x0862, 0x5acc, 0x10a3, 0x10a3, 0x10a3, 0x10a4, 0x10a3, 0x10a4, 0x10a4, 0x10a4, 0x10a4,
  0x10a4, 0x10a4, 0x10a4, 0x10a4, 0x10a4, 0x10a4, 0x10a4, 0x10a4, 0x10c4, 0x18a4, 0x18a4, 0x18c4,
  0x18c4, 0x18c4, 0x18c4, 0x18c4, 0x18c4, 0x18c4, 0x18c5, 0x18c5, 0x18c5, 0x18c5, 0x18c5, 0x18c5,
  0x18c5, 0x18e5, 0x18e5, 0x18e5, 0x18e5, 0x18e5, 0x18e5, 0x18e5, 0x18e5, 0x18e5, 0x18e5, 0x18e5,
  0x18e5, 0x18e6, 0x18e6, 0x2106, 0x18e6, 0x1906, 0x2106, 0x2106, 0x2106, 0x2106, 0x2106, 0x2106,
  0x2106, 0x2106, 0x2106, 0x2106, 0x2106, 0x2106, 0x2107, 0x2106, 0x2107, 0x2127, 0x2127, 0x2127,
  0x2127, 0x2127, 0x2127, 0x2127, 0x2127, 0x2127, 0x2127, 0x2127, 0x2127, 0x2127, 0x2127, 0x2927,
  0x2947, 0x2948, 0x2948, 0x2948, 0x2948, 0x2948, 0x2948, 0x2948, 0x2948, 0x2948, 0x2948, 0x2968,
  0x2968, 0x2948, 0x2968, 0x2968, 0x2968, 0x2968, 0x2968, 0x2968, 0x2969, 0x2969, 0x2969, 0x2969,
  0x2969, 0x2969, 0x2969, 0x2989, 0x3189, 0x3189, 0x3189, 0x3189, 0x3189, 0x3189, 0x3189, 0x3189,
  0x3189, 0x3189, 0x3189, 0x3189, 0x3189, 0x318a, 0x3189, 0x318a, 0x318a, 0x318a, 0x31aa, 0x31aa,
  0x31aa, 0x31aa, 0x31aa, 0x31aa, 0x31aa, 0x31aa, 0x31aa, 0x31aa, 0x31aa, 0x31aa, 0x31aa, 0x31aa,
  0x31aa, 0x31aa, 0x31aa, 0x31aa, 0x31aa, 0x31aa, 0x39aa, 0x39aa, 0x39aa, 0x31cb, 0x39aa, 0x39ab,
  0x39ab, 0x39ab, 0x39ab, 0x39ab, 0x39ab, 0x39ab, 0x39cb, 0x39cb, 0x39cb, 0x39cb, 0x39cb, 0x39cb,
  0x39cb, 0x39cb, 0x39cb, 0x39cb, 0x39cb, 0x39cb, 0x39cb, 0x39cb, 0x39cb, 0x39cb, 0x39cb, 0x39cb,
  0x39cb, 0x39cb, 0x39cb, 0x39cb, 0x39cb, 0x39cb, 0x39cb, 0x39cb, 0x39cb, 0x39cb, 0x39cb, 0x39cb,
  0x39cb, 0x39cb, 0x39cb, 0x39cb, 0x39cb, 0x39cb, 0x39cb, 0x39ab, 0x39cb, 0x39ab, 0x39ab, 0x39aa,
  0x39ab, 0x31cb, 0x39aa, 0x39aa, 0x39aa, 0x39aa, 0x39aa, 0x31aa, 0x31aa, 0x31aa, 0x31aa, 0x31aa,
  0x31aa, 0x31aa, 0x31aa, 0x31aa, 0x31aa, 0x31aa, 0x31aa, 0x31aa, 0x31aa, 0x31aa, 0x31aa, 0x31aa,
  0x31aa, 0x31aa, 0x318a, 0x318a, 0x3189, 0x3189, 0x3189, 0x3189, 0x3189, 0x3189, 0x3189, 0x3189,
  0x3189, 0x3189, 0x3189, 0x3189, 0x3169, 0x3169, 0x2969, 0x2969, 0x2969, 0x2969, 0x2969, 0x2969,
  0x2969, 0x2969, 0x2968, 0x2968, 0x2968, 0x2968, 0x2968, 0x2948, 0x2968, 0x2948, 0x2948, 0x2948,
  0x2948, 0x2948, 0x2948, 0x2948, 0x2948, 0x2948, 0x2947, 0x2948, 0x2927, 0x2927, 0x2127, 0x18c5,
  0x0862, 0x5acc, 0x10a3, 0x10a3, 0x0862, 0x0862, 0x0862, 0x0862, 0x0862, 0x0862, 0x0862, 0x0862,
  0x0862, 0x0862, 0x1083, 0x0862, 0x1083, 0x1083, 0x1083, 0x1083, 0x1083, 0x1083, 0x1083, 0x1083,
  0x1083, 0x1083, 0x1083, 0x1083, 0x1083, 0x1083, 0x1083, 0x1083, 0x1083, 0x1083, 0x1083, 0x10a3,
  0x1083, 0x10a3, 0x10a3, 0x10a3, 0x10a3, 0x10a3, 0x10a3, 0x10a4, 0x10a4, 0x10a4, 0x10a4, 0x10a4,
  0x10a4, 0x10a4, 0x10a4, 0x10a4, 0x10a4, 0x10a4, 0x10a4, 0x10a4, 0x10a4, 0x10c4, 0x18c4, 0x18c4,
  0x18c4, 0x18c4, 0x18c4, 0x18c4, 0x18c4, 0x18c4, 0x18c4, 0x18c4, 0x18c5, 0x18c5, 0x18c5, 0x18c5,
  0x18c5, 0x18c5, 0x18c5, 0x18c5, 0x18c5, 0x18c5, 0x18c5, 0x18c5, 0x18c5, 0x18e5, 0x18e5, 0x18e5,
  0x18e5, 0x18e5, 0x18e5, 0x18e5, 0x18e5, 0x18e5, 0x18e5, 0x18e5, 0x18e5, 0x18e5, 0x18e5, 0x18e6,
  0x18e6, 0x18e6, 0x18e6, 0x18e6, 0x18e6, 0x18e6, 0x2106, 0x2106, 0x2106, 0x2106, 0x2106, 0x2106,
  0x2106, 0x2106, 0x2106, 0x2106, 0x2106, 0x2106, 0x2106, 0x2106, 0x2106, 0x2106, 0x2106, 0x2106,
  0x2106, 0x2106, 0x2106, 0x2107, 0x2107, 0x2107, 0x2107, 0x2127, 0x2127, 0x2127, 0x2127, 0x2127,
  0x2127, 0x2127, 0x2127, 0x2127, 0x2127, 0x2127, 0x2127, 0x2127, 0x2127, 0x2127, 0x2127, 0x2127,
  0x2127, 0x2127, 0x2127, 0x2127, 0x2127, 0x2127, 0x2127, 0x2127, 0x2127, 0x2127, 0x2127, 0x2127,
  0x2127, 0x2127, 0x2127, 0x2127, 0x2127, 0x2147, 0x2127, 0x2127, 0x2927, 0x2927, 0x2927, 0x2947,
  0x2927, 0x2927, 0x2147, 0x2927, 0x2947, 0x2947, 0x2947, 0x2947, 0x2947, 0x2927, 0x2947, 0x2947,
  0x2947, 0x2947, 0x2947, 0x2947, 0x2947, 0x2927, 0x2947, 0x2927, 0x2947, 0x2927, 0x2147, 0x2127,
  0x2947, 0x2927, 0x2127, 0x2147, 0x2127, 0x2127, 0x2127, 0x2127, 0x2127, 0x2127, 0x2127, 0x2127,
  0x2127, 0x2127, 0x2127, 0x2127, 0x2127, 0x2127, 0x2127, 0x2127, 0x2127, 0x2127, 0x2127, 0x2127,
  0x2127, 0x2127, 0x2127, 0x2127, 0x2127, 0x2127, 0x2127, 0x2127, 0x2127, 0x2127, 0x2127, 0x2127,
  0x2107, 0x2127, 0x2106, 0x2106, 0x2107, 0x2106, 0x2106, 0x2106, 0x2106, 0x2106, 0x2106, 0x2106,
  0x2106, 0x2106, 0x2106, 0x2106, 0x2106, 0x2106, 0x2106, 0x2106, 0x2106, 0x2106, 0x2106, 0x18e6,
  0x18e6, 0x18e6, 0x18e6, 0x18e6, 0x18e6, 0x18e6, 0x18e5, 0x18e5, 0x18e5, 0x18e5, 0x18e5, 0x18e5,
  0x18e5, 0x18e5, 0x18e5, 0x18e5, 0x18e5, 0x18e5, 0x18e5, 0x6b4e, 0x2927, 0x2127, 0x18c5, 0x0862,
  0x5acc, 0x10a3, 0x10a3, 0x0862, 0x0862, 0x0862, 0x0862, 0x0862, 0x0862, 0x0862, 0x0862, 0x0862,
  0x0862, 0x1083, 0x0862, 0x1083, 0x1083, 0x1083, 0x1083, 0x1083, 0x1083, 0x1083, 0x1083, 0x1083,
  0x1083, 0x1083, 0x1083, 0x1083, 0x1083, 0x1083, 0x1083, 0x1083, 0x1083, 0x10a3, 0x10a3, 0x10a3,
  0x10a3, 0x10a3, 0x10a3, 0x10a3, 0x10a3, 0x10a3, 0x10a3, 0x10a4, 0x10a4, 0x10a4, 0x10a4, 0x10a4,
  0x10a4, 0x10a4, 0x10a4, 0x10a4, 0x10a4, 0x10a4, 0x10a4, 0x10a4, 0x10c4, 0x10a4, 0x18a4, 0x18c4,
  0x18c4, 0x18c4, 0x18c4, 0x18c4, 0x18c4, 0x18c4, 0x18c4, 0x18c5, 0x18c5, 0x18c5, 0x18c5, 0x18c5,
  0x18c5, 0x18c5, 0x18c5, 0x18c5, 0x18c5, 0x18e5, 0x18e5, 0x18e5, 0x18e5, 0x18e5, 0x18e5, 0x18e5,
  0x18e5, 0x18e5, 0x18e5, 0x18e5, 0x18e5, 0x18e5, 0x18e5, 0x18e5, 0x18e5, 0x18e6, 0x18e6, 0x18e6,
  0x18e6, 0x18e6, 0x18e6, 0x18e6, 0x18e6, 0x2106, 0x2106, 0x2106, 0x2106, 0x2106, 0x2106, 0x2106,
  0x2106, 0x2106, 0x2106, 0x2106, 0x2106, 0x2106, 0x2106, 0x2106, 0x2106, 0x2106, 0x2106, 0x2106,
  0x2106, 0x2107, 0x2107, 0x2127, 0x2107, 0x2127, 0x2127, 0x2127, 0x2127, 0x2127, 0x2127, 0x2127,
  0x2127, 0x2127, 0x2127, 0x2127, 0x2127, 0x2127, 0x2127, 0x2127, 0x2127, 0x2127, 0x2127, 0x2127,
  0x2127, 0x2127, 0x2127, 0x2127, 0x2127, 0x2127, 0x2127, 0x2127, 0x2127, 0x2127, 0x2127, 0x2127,
  0x2127, 0x2127, 0x2127, 0x2127, 0x2127, 0x2147, 0x2127, 0x2127, 0x2127, 0x2147, 0x2147, 0x2927,
  0x2927, 0x2947, 0x2947, 0x2947, 0x2947, 0x2947, 0x2947, 0x2947, 0x2947, 0x2947, 0x2947, 0x2947,
  0x2947, 0x2947, 0x2947, 0x2947, 0x2927, 0x2947, 0x2947, 0x2927, 0x2947, 0x2927, 0x2127, 0x2147,
  0x2127, 0x2927, 0x2927, 0x2147, 0x2127, 0x2127, 0x2127, 0x2127, 0x2127, 0x2127, 0x2127, 0x2127,
  0x2127, 0x2127, 0x2127, 0x2127, 0x2127, 0x2127, 0x2127, 0x2127, 0x2127, 0x2127, 0x2127, 0x2127,
  0x2127, 0x2127, 0x2127, 0x2127, 0x2127, 0x2127, 0x2127, 0x2127, 0x2127, 0x2127, 0x2127, 0x2107,
  0x2107, 0x2127, 0x2106, 0x2126, 0x2106, 0x2106, 0x2106, 0x2106, 0x2106, 0x2106, 0x2106, 0x2106,
  0x2106, 0x2106, 0x2106, 0x2106, 0x2106, 0x2106, 0x2106, 0x2106, 0x2106, 0x18e6, 0x18e6, 0x18e6,
  0x18e6, 0x18e6, 0x18e6, 0x18e6, 0x18e6, 0x18e5, 0x18e5, 0x18e5, 0x18e5, 0x18e5, 0x18e5, 0x18e5,
  0x18e5, 0x18e5, 0x18e5, 0x18e5, 0x18e5, 0x18e5, 0x6b4e, 0x2147, 0x2127, 0x18c5, 0x0862, 0x5aec,
  0x1083, 0x10a3, 0x0862, 0x0862, 0x5aec, 0x5aec, 0x5aec, 0x5aec, 0x5aec, 0x5aec, 0x5aec, 0x5aec,
  0x5aec, 0x5aec, 0x5aec, 0x5aec, 0x5aec, 0x5aed, 0x5aed, 0x5aed, 0x5aed, 0x5aed, 0x5aed, 0x5aed,
  0x5aed, 0x5aed, 0x5aed, 0x5aed, 0x5aed, 0x5aed, 0x5aed, 0x5aed, 0x5aed, 0x5aed, 0x630d, 0x630d,
  0x630d, 0x630d, 0x630d, 0x630d, 0x630d, 0x630d, 0x630d, 0x630d, 0x630d, 0x630d, 0x630d, 0x630d,
  0x630d, 0x630d, 0x630d, 0x632e, 0x632e, 0x632e, 0x632e, 0x632e, 0x632e, 0x632e, 0x632e, 0x632e,
  0x632e, 0x632e, 0x632e, 0x632e, 0x632e, 0x632e, 0x632e, 0x632e, 0x632e, 0x6b4e, 0x6b4e, 0x6b4e,
  0x6b4e, 0x6b4e, 0x6b4e, 0x6b4f, 0x6b4f, 0x6b4f, 0x6b4f, 0x6b4f, 0x6b4f, 0x6b4f, 0x6b4f, 0x6b4f,
  0x6b4f, 0x6b4f, 0x6b4f, 0x6b4f, 0x6b4f, 0x6b4f, 0x6b4f, 0x6b4f, 0x6b4f, 0x6b4f, 0x6b6f, 0x6b6f,
  0x6b6f, 0x6b6f, 0x6b6f, 0x6b6f, 0x6b6f, 0x6b6f, 0x6b6f, 0x6b6f, 0x6b6f, 0x6b70, 0x6b70, 0x6b70,
  0x6b70, 0x6b70, 0x6b70, 0x6b70, 0x6b70, 0x6b70, 0x6b70, 0x6b70, 0x6b70, 0x6b70, 0x6b70, 0x6b70,
  0x6b70, 0x7390, 0x7390, 0x7390, 0x7390, 0x7390, 0x7390, 0x7390, 0x7390, 0x7390, 0x7390, 0x7390,
  0x7391, 0x7390, 0x7391, 0x7391, 0x7391, 0x7391, 0x7391, 0x7391, 0x7391, 0x7391, 0x7391, 0x7391,
  0x7391, 0x7391, 0x7391, 0x7391, 0x7391, 0x7391, 0x7391, 0x7391, 0x7391, 0x7391, 0x73b1, 0x73b1,
  0x73b1, 0x7391, 0x7391, 0x73b1, 0x73b1, 0x73b1, 0x73b1, 0x73b1, 0x73b1, 0x73b1, 0x73b1, 0x73b1,
  0x73b1, 0x73b1, 0x73b1, 0x73b1, 0x73b1, 0x73b1, 0x73b1, 0x73b1, 0x73b1, 0x73b1, 0x73b1, 0x73b1,
  0x73b1, 0x73b1, 0x73b1, 0x73b1, 0x73b1, 0x73b1, 0x73b1, 0x73b1, 0x73b1, 0x73b1, 0x73b1, 0x73b1,
  0x73b1, 0x73b1, 0x73b1, 0x7391, 0x7391, 0x73b1, 0x7391, 0x7391, 0x7391, 0x7391, 0x7391, 0x7391,
  0x7391, 0x7391, 0x7391, 0x7391, 0x7391, 0x7391, 0x7391, 0x7391, 0x7391, 0x7391, 0x7391, 0x7391,
  0x7390, 0x7390, 0x7390, 0x7390, 0x7390, 0x7390, 0x7390, 0x7390, 0x7390, 0x7390, 0x7390, 0x7390,
  0x7390, 0x6b70, 0x6b70, 0x6b70, 0x6b70, 0x6b70, 0x6b70, 0x6b70, 0x6b70, 0x6b70, 0x6b70, 0x6b70,
  0x6b70, 0x6b70, 0x6b70, 0x6b6f, 0x6b6f, 0x6b6f, 0x6b6f, 0x6b6f, 0x6b6f, 0x6b6f, 0x6b6f, 0x6b6f,
  0x6b6f, 0x6b6f, 0x6b4f, 0x6b4f, 0x6b4f, 0x6b4f, 0x6b4f, 0x6b4f, 0x6b4f, 0x6b4f, 0x6b4f, 0x6b4f,
  0x6b4f, 0x6b4f, 0x6b4f, 0x18e5, 0x18e5, 0x6b4f, 0x2127, 0x2927, 0x18c5, 0x0862, 0x5aec, 0x10a3,
  0x1083, 0x0862, 0x0862, 0x5aec, 0x10a4, 0x10a4, 0x10a4, 0x10a4, 0x10a4, 0x10a4, 0x10a4, 0x10a4,
  0x10a4, 0x10a4, 0x10a4, 0x10a4, 0x10a4, 0x18c4, 0x18c4, 0x18c4, 0x18c4, 0x18c4, 0x18c4, 0x18c4,
  0x18c4, 0x18c5, 0x18c5, 0x18c5, 0x18c5, 0x18c5, 0x18c5, 0x18c5, 0x18e5, 0x18e5, 0x18e5, 0x18e5,
  0x18e5, 0x18e5, 0x18e5, 0x18e5, 0x18e5, 0x18e5, 0x18e5, 0x18e5, 0x18e6, 0x20e6, 0x2106, 0x18e6,
  0x2106, 0x2106, 0x2106, 0x2106, 0x2106, 0x2106, 0x2106, 0x2106, 0x2106, 0x2106, 0x2106, 0x2106,
  0x2106, 0x2126, 0x2127, 0x2107, 0x2107, 0x2127, 0x2127, 0x2127, 0x2127, 0x2127, 0x2127, 0x2927,
  0x2127, 0x2927, 0x2927, 0x2127, 0x2127, 0x2947, 0x2947, 0x2947, 0x2948, 0x2948, 0x2948, 0x2948,
  0x2948, 0x2948, 0x2948, 0x2948, 0x2948, 0x2968, 0x2948, 0x2968, 0x2968, 0x2968, 0x2968, 0x2968,
  0x2968, 0x2968, 0x2969, 0x2969, 0x2969, 0x2969, 0x2969, 0x2969, 0x2969, 0x3189, 0x2989, 0x3189,
  0x3189, 0x3189, 0x3189, 0x3189, 0x3189, 0x3189, 0x3189, 0x3189, 0x3189, 0x3189, 0x3189, 0x3189,
  0x318a, 0x318a, 0x318a, 0x318a, 0x31aa, 0x31aa, 0x31aa, 0x31aa, 0x31aa, 0x31aa, 0x31aa, 0x31aa,
  0x31aa, 0x31aa, 0x31aa, 0x31aa, 0x31aa, 0x31aa, 0x31aa, 0x31aa, 0x31aa, 0x31aa, 0x31aa, 0x31aa,
  0x31aa, 0x31aa, 0x31aa, 0x39aa, 0x39aa, 0x31aa, 0x39ab, 0x39ab, 0x39ab, 0x39ab, 0x39cb, 0x39cb,
  0x39cb, 0x39ab, 0x39cb, 0x39cb, 0x39cb, 0x39cb, 0x39cb, 0x39cb, 0x39cb, 0x39cb, 0x39cb, 0x39cb,
  0x39cb, 0x39cb, 0x39cb, 0x39cb, 0x39cb, 0x39cb, 0x39cb, 0x39cb, 0x39cb, 0x39cb, 0x39cb, 0x39cb,
  0x39cb, 0x39cb, 0x39cb, 0x39cb, 0x39cb, 0x39cb, 0x39cb, 0x39cb, 0x39cb, 0x39cb, 0x39cb, 0x39cb,
  0x39cb, 0x39cb, 0x39ab, 0x31cb, 0x39ab, 0x39ab, 0x39aa, 0x39ca, 0x39aa, 0x31aa, 0x31aa, 0x31aa,
  0x31aa, 0x31aa, 0x31aa, 0x31aa, 0x31aa, 0x31aa, 0x31aa, 0x31aa, 0x31aa, 0x31aa, 0x31aa, 0x31aa,
  0x31aa, 0x31aa, 0x31aa, 0x31aa, 0x31aa, 0x31aa, 0x318a, 0x31aa, 0x318a, 0x318a, 0x3189, 0x318a,
  0x3189, 0x3189, 0x3189, 0x3189, 0x3189, 0x3189, 0x3189, 0x3189, 0x3189, 0x3189, 0x2989, 0x3189,
  0x3169, 0x2969, 0x2969, 0x2969, 0x2969, 0x2969, 0x2969, 0x2968, 0x2968, 0x2968, 0x2968, 0x2968,
  0x2968, 0x2968, 0x2948, 0x2948, 0x2948, 0x2948, 0x2948, 0x2948, 0x2948, 0x2948, 0x2948, 0x2948,
  0x2948, 0x2947, 0x18e5, 0x18e5, 0x6b4f, 0x2147, 0x2927, 0x18c5, 0x0862, 0x5aec, 0x1083, 0x10a3,
  0x0862, 0x0862, 0x5aec, 0x10a4, 0x10a4, 0x10a4, 0x10a4, 0x10a4, 0x10a4, 0x10a4, 0x10a4, 0x10a4,
  0x10a4, 0x18a4, 0x18a4, 0x18a4, 0x18c4, 0x18c4, 0x18c4, 0x18c4, 0x18c4, 0x18c4, 0x18c4, 0x18c5,
  0x18c4, 0x18c5, 0x18c5, 0x18c5, 0x18c5, 0x18c5, 0x18e5, 0x18e5, 0x18e5, 0x18e5, 0x18e5, 0x18e5,
  0x18e5, 0x18e5, 0x18e5, 0x18e5, 0x18e5, 0x18e5, 0x18e6, 0x18e6, 0x18e6, 0x20e6, 0x2106, 0x2106,
  0x2106, 0x2106, 0x2106, 0x2106, 0x2106, 0x2106, 0x2106, 0x2106, 0x2106, 0x2106, 0x2106, 0x2107,
  0x2107, 0x2107, 0x2107, 0x2127, 0x2127, 0x2127, 0x2127, 0x2127, 0x2127, 0x2127, 0x2927, 0x2927,
  0x2927, 0x2927, 0x2127, 0x2927, 0x2947, 0x2948, 0x2947, 0x2948, 0x2948, 0x2948, 0x2948, 0x2948,
  0x2948, 0x2948, 0x2948, 0x2948, 0x2948, 0x2948, 0x2968, 0x2968, 0x2968, 0x2968, 0x2968, 0x2968,
  0x2968, 0x2969, 0x2969, 0x2969, 0x2969, 0x2969, 0x2969, 0x2969, 0x3189, 0x3169, 0x2989, 0x3189,
  0x3189, 0x3189, 0x3189, 0x3189, 0x3189, 0x3189, 0x3189, 0x3189, 0x3189, 0x3189, 0x318a, 0x318a,
  0x318a, 0x318a, 0x318a, 0x318a, 0x31aa, 0x31aa, 0x31aa, 0x31aa, 0x31aa, 0x31aa, 0x31aa, 0x31aa,
  0x31aa, 0x31aa, 0x31aa, 0x31aa, 0x31aa, 0x31aa, 0x31aa, 0x31aa, 0x31aa, 0x31aa, 0x31aa, 0x31aa,
  0x31aa, 0x31aa, 0x31aa, 0x39ab, 0x39aa, 0x39ab, 0x31aa, 0x39ab, 0x39ab, 0x39ab, 0x39ab, 0x39cb,
  0x39cb, 0x39cb, 0x39cb, 0x39cb, 0x39cb, 0x39cb, 0x39cb, 0x39cb, 0x39cb, 0x39cb, 0x39cb, 0x39cb,
  0x39cb, 0x39cb, 0x39cb, 0x39cb, 0x39cb, 0x39cb, 0x39cb, 0x39cb, 0x39cb, 0x39cb, 0x39cb, 0x39cb,
  0x39cb, 0x39cb, 0x39cb, 0x39cb, 0x39cb, 0x39cb, 0x39cb, 0x39cb, 0x39cb, 0x39cb, 0x39cb, 0x39cb,
  0x39ab, 0x39ab, 0x39cb, 0x39ab, 0x39ca, 0x39ab, 0x31aa, 0x31aa, 0x31aa, 0x31aa, 0x31aa, 0x31aa,
  0x31aa, 0x31aa, 0x31aa, 0x31aa, 0x31aa, 0x31aa, 0x31aa, 0x31aa, 0x31aa, 0x31aa, 0x31aa, 0x31aa,
  0x31aa, 0x31aa, 0x31aa, 0x318a, 0x318a, 0x31aa, 0x318a, 0x318a, 0x318a, 0x318a, 0x318a, 0x3189,
  0x3189, 0x3189, 0x3189, 0x3189, 0x3189, 0x3189, 0x3189, 0x3189, 0x3189, 0x3189, 0x3189, 0x2969,
  0x2969, 0x2969, 0x2969, 0x2969, 0x2969, 0x2969, 0x2968, 0x2968, 0x2968, 0x2968, 0x2968, 0x2948,
  0x2948, 0x2948, 0x2948, 0x2948, 0x2948, 0x2948, 0x2948, 0x2948, 0x2948, 0x2948, 0x2948, 0x2948,
  0x2947, 0x18c5, 0x18c5, 0x6b4f, 0x2927, 0x2927, 0x18c5, 0x0862, 0x5aec, 0x10a3, 0x10a3, 0x0862,
  0x0862, 0x5aec, 0x10a4, 0x10a4, 0x10a4, 0x10a4, 0x10a4, 0x10a4, 0x10a4, 0x10a4, 0x10a4, 0x10a4,
  0x10c4, 0x10c4, 0x18a4, 0x18c4, 0x18c4, 0x18c4, 0x18c4, 0x18c4, 0x18c4, 0x18c4, 0x18c5, 0x18c5,
  0x18c5, 0x18c5, 0x18c5, 0x18c5, 0x18c5, 0x18e5, 0x18e5, 0x18e5, 0x18e5, 0x18e5, 0x18e5, 0x18e5,
  0x18e5, 0x18e5, 0x18e5, 0x18e5, 0x18e6, 0x18e6, 0x18e6, 0x1906, 0x2106, 0x2106, 0x2106, 0x2106,
  0x2106, 0x2106, 0x2106, 0x2106, 0x2106, 0x2106, 0x2106, 0x2106, 0x2106, 0x2106, 0x2106, 0x2126,
  0x2127, 0x2127, 0x2127, 0x2127, 0x2127, 0x2127, 0x2127, 0x2127, 0x2127, 0x2127, 0x2127, 0x2927,
  0x2127, 0x2927, 0x2947, 0x2947, 0x2948, 0x2948, 0x2948, 0x2948, 0x2948, 0x2948, 0x2948, 0x2948,
  0x2948, 0x2948, 0x2968, 0x2968, 0x2948, 0x2968, 0x2968, 0x2968, 0x2968, 0x2968, 0x2968, 0x2969,
  0x2969, 0x2969, 0x2969, 0x2969, 0x2969, 0x2969, 0x2969, 0x2989, 0x3189, 0x3189, 0x3189, 0x3189,
  0x3189, 0x3189, 0x3189, 0x3189, 0x3189, 0x3189, 0x3189, 0x3189, 0x3189, 0x3189, 0x318a, 0x318a,
  0x318a, 0x318a, 0x31aa, 0x31aa, 0x31aa, 0x31aa, 0x31aa, 0x31aa, 0x31aa, 0x31aa, 0x31aa, 0x31aa,
  0x31aa, 0x31aa, 0x31aa, 0x31aa, 0x31aa, 0x31aa, 0x31aa, 0x31aa, 0x31aa, 0x31aa, 0x31aa, 0x31aa,
  0x31cb, 0x31aa, 0x39ab, 0x39ca, 0x31ab, 0x31cb, 0x39cb, 0x39ab, 0x39ab, 0x39ab, 0x39cb, 0x39cb,
  0x39cb, 0x39cb, 0x39cb, 0x39cb, 0x39cb, 0x39cb, 0x39cb, 0x39cb, 0x39cb, 0x39cb, 0x39cb, 0x39cb,
  0x39cb, 0x39cb, 0x39cb, 0x39cb, 0x39cb, 0x39cb, 0x39cb, 0x39cb, 0x39cb, 0x39cb, 0x39cb, 0x39cb,
  0x39cb, 0x39cb, 0x39cb, 0x39cb, 0x39cb, 0x39cb, 0x39cb, 0x39cb, 0x39cb, 0x39cb, 0x39cb, 0x39cb,
  0x39ab, 0x31cb, 0x31ab, 0x39ab, 0x31aa, 0x31ab, 0x39ca, 0x31aa, 0x31aa, 0x31aa, 0x31aa, 0x31aa,
  0x31aa, 0x31aa, 0x31aa, 0x31aa, 0x31aa, 0x31aa, 0x31aa, 0x31aa, 0x31aa, 0x31aa, 0x31aa, 0x31aa,
  0x31aa, 0x31aa, 0x31aa, 0x31aa, 0x318a, 0x318a, 0x318a, 0x3189, 0x318a, 0x3189, 0x3189, 0x3189,
  0x3189, 0x3189, 0x3189, 0x3189, 0x3189, 0x3189, 0x3189, 0x3189, 0x3169, 0x2969, 0x2969, 0x2969,
  0x2969, 0x2969, 0x2969, 0x2968, 0x2968, 0x2968, 0x2968, 0x2968, 0x2968, 0x2968, 0x2968, 0x2948,
  0x2948, 0x2948, 0x2948, 0x2948, 0x2948, 0x2948, 0x2948, 0x2948, 0x2948, 0x2947, 0x2948, 0x2947,
  0x18e5, 0x18c5, 0x6b4f, 0x2927, 0x2927, 0x18c5, 0x0862, 0x5aec, 0x1083, 0x10a3, 0x0862, 0x0862,
  0x5aec, 0x10a4, 0x10a4, 0x10a4, 0x10a4, 0x10a4, 0x10a4, 0x10a4, 0x10a4, 0x10a4, 0x10a4, 0x18a4,
  0x18a4, 0x18a4, 0x18c4, 0x18c4, 0x18c4, 0x18c4, 0x18c4, 0x18c4, 0x18c4, 0x18c5, 0x18c5, 0x18c5,
  0x18c5, 0x18c5, 0x18c5, 0x18e5, 0x18c5, 0x18e5, 0x18e5, 0x18e5, 0x18e5, 0x18e5, 0x18e5, 0x18e5,
  0x18e5, 0x18e5, 0x18e5, 0x18e6, 0x18e5, 0x20e6, 0x20e6, 0x2106, 0x2106, 0x2106, 0x2106, 0x2106,
  0x2106, 0x2106, 0x2106, 0x2106, 0x2106, 0x2106, 0x2106, 0x2106, 0x2106, 0x2107, 0x2107, 0x2127,
  0x2127, 0x2127, 0x2127, 0x2127, 0x2127, 0x2127, 0x2127, 0x2127, 0x2927, 0x2927, 0x2127, 0x2927,
  0x2947, 0x2947, 0x2947, 0x2948, 0x2948, 0x2948, 0x2948, 0x2948, 0x2948, 0x2948, 0x2948, 0x2948,
  0x2948, 0x2948, 0x2968, 0x2948, 0x2968, 0x2968, 0x2968, 0x2968, 0x2968, 0x2968, 0x2968, 0x2969,
  0x2969, 0x2969, 0x2969, 0x2969, 0x2969, 0x3189, 0x3169, 0x3189, 0x3189, 0x3189, 0x3189, 0x3189,
  0x3189, 0x3189, 0x3189, 0x3189, 0x3189, 0x3189, 0x3189, 0x3189, 0x318a, 0x318a, 0x318a, 0x318a,
  0x318a, 0x318a, 0x318a, 0x31aa, 0x31aa, 0x31aa, 0x31aa, 0x31aa, 0x31aa, 0x31aa, 0x31aa, 0x31aa,
  0x31aa, 0x31aa, 0x31aa, 0x31aa, 0x31aa, 0x31aa, 0x31aa, 0x31aa, 0x31aa, 0x31aa, 0x31aa, 0x31ab,
  0x31ab, 0x39ca, 0x39ab, 0x31cb, 0x39ab, 0x39ab, 0x39cb, 0x39cb, 0x39cb, 0x39cb, 0x39cb, 0x39cb,
  0x39cb, 0x39cb, 0x39cb, 0x39cb, 0x39cb, 0x39cb, 0x39cb, 0x39cb, 0x39cb, 0x39cb, 0x39cb, 0x39cb,
  0x39cb, 0x39cb, 0x39cb, 0x39cb, 0x39cb, 0x39cb, 0x39cb, 0x39cb, 0x39cb, 0x39cb, 0x39cb, 0x39cb,
  0x39cb, 0x39cb, 0x39cb, 0x39cb, 0x39cb, 0x39cb, 0x39cb, 0x39cb, 0x39cb, 0x39ab, 0x39cb, 0x39ab,
  0x39ab, 0x39aa, 0x31cb, 0x31aa, 0x31aa, 0x31aa, 0x31aa, 0x31aa, 0x31aa, 0x31aa, 0x31aa, 0x31aa,
  0x31aa, 0x31aa, 0x31aa, 0x31aa, 0x31aa, 0x31aa, 0x31aa, 0x31aa, 0x31aa, 0x31aa, 0x31aa, 0x31aa,
  0x31aa, 0x318a, 0x31aa, 0x31aa, 0x318a, 0x318a, 0x318a, 0x3189, 0x3189, 0x3189, 0x3189, 0x3189,
  0x3189, 0x3189, 0x3189, 0x3189, 0x3189, 0x3189, 0x3189, 0x3189, 0x2969, 0x2969, 0x2969, 0x2969,
  0x2969, 0x2969, 0x2969, 0x2969, 0x2968, 0x2968, 0x2968, 0x2968, 0x2968, 0x2968, 0x2948, 0x2948,
  0x2948, 0x2948, 0x2948, 0x2948, 0x2948, 0x2948, 0x2948, 0x2948, 0x2948, 0x2947, 0x2947, 0x18e5,
  0x18c5, 0x6b4f, 0x2927, 0x2127, 0x18c5, 0x0862, 0x5aec, 0x10a3, 0x10a3, 0x0862, 0x0862, 0x5aec,
  0x10a4, 0x10a4, 0x10a4, 0x10a4, 0x10a4, 0x10a4, 0x10a4, 0x10a4, 0x10a4, 0x10a4, 0x10a4, 0x18a4,
  0x18c4, 0x18c4, 0x18c4, 0x18c4, 0x18c4, 0x18c4, 0x18c4, 0x18c5, 0x18c5, 0x18c5, 0x18c5, 0x18c5,
  0x18c5, 0x18c5, 0x18c5, 0x18e5, 0x18e5, 0x18e5, 0x18e5, 0x18e5, 0x18e5, 0x18e5, 0x18e5, 0x18e5,
  0x18e5, 0x18e5, 0x18e5, 0x18e6, 0x1906, 0x20e6, 0x2106, 0x2106, 0x2106, 0x2106, 0x2106, 0x2106,
  0x2106, 0x2106, 0x2106, 0x2106, 0x2106, 0x2107, 0x2106, 0x2126, 0x2126, 0x2107, 0x2107, 0x2127,
  0x2127, 0x2127, 0x2127, 0x2127, 0x2127, 0x2127, 0x2927, 0x2927, 0x2927, 0x2147, 0x2927, 0x2927,
  0x2947, 0x2947, 0x2948, 0x2948, 0x2948, 0x2948, 0x2948, 0x2948, 0x2948, 0x2948, 0x2948, 0x2948,
  0x2948, 0x2948, 0x2968, 0x2968, 0x2968, 0x2968, 0x2968, 0x2968, 0x2968, 0x2969, 0x2969, 0x2969,
  0x2969, 0x2969, 0x2969, 0x2969, 0x2969, 0x3169, 0x3189, 0x3189, 0x3189, 0x3189, 0x3189, 0x3189,
  0x3189, 0x3189, 0x3189, 0x3189, 0x3189, 0x3189, 0x318a, 0x318a, 0x318a, 0x318a, 0x31aa, 0x318a,
  0x31aa, 0x31aa, 0x31aa, 0x31aa, 0x31aa, 0x31aa, 0x31aa, 0x31aa, 0x31aa, 0x31aa, 0x31aa, 0x31aa,
  0x31aa, 0x31aa, 0x31aa, 0x31aa, 0x31aa, 0x31aa, 0x31aa, 0x31aa, 0x31aa, 0x31aa, 0x31ab, 0x39ab,
  0x39ab, 0x31cb, 0x31cb, 0x39ab, 0x39ab, 0x39cb, 0x39cb, 0x39cb, 0x39cb, 0x39cb, 0x39cb, 0x39cb,
  0x39cb, 0x39cb, 0x39cb, 0x39cb, 0x39cb, 0x39cb, 0x39cb, 0x39cb, 0x39cb, 0x39cb, 0x39cb, 0x39cb,
  0x39cb, 0x39cb, 0x39cb, 0x39cb, 0x39cb, 0x39cb, 0x39cb, 0x39cb, 0x39cb, 0x39cb, 0x39cb, 0x39cb,
  0x39cb, 0x39cb, 0x39cb, 0x39cb, 0x39cb, 0x39cb, 0x39ab, 0x39cb, 0x39cb, 0x39ab, 0x39ab, 0x39ab,
  0x31cb, 0x31ab, 0x31cb, 0x39aa, 0x31aa, 0x31aa, 0x31aa, 0x31aa, 0x31aa, 0x31aa, 0x31aa, 0x31aa,
  0x31aa, 0x31aa, 0x31aa, 0x31aa, 0x31aa, 0x31aa, 0x31aa, 0x31aa, 0x31aa, 0x31aa, 0x31aa, 0x318a,
  0x318a, 0x318a, 0x31aa, 0x318a, 0x318a, 0x3189, 0x3189, 0x3189, 0x3189, 0x3189, 0x3189, 0x3189,
  0x3189, 0x3189, 0x3189, 0x3189, 0x3189, 0x3189, 0x2969, 0x2969, 0x2969, 0x2969, 0x2969, 0x2969,
  0x2969, 0x2969, 0x2968, 0x2968, 0x2968, 0x2968, 0x2968, 0x2968, 0x2968, 0x2948, 0x2948, 0x2948,
  0x2948, 0x2948, 0x2948, 0x2948, 0x2948, 0x2948, 0x2948, 0x2947, 0x2947, 0x2947, 0x18c5, 0x18c5,
  0x6b4f, 0x2927, 0x2127, 0x18c5, 0x0862, 0x5aec, 0x10a3, 0x10a4, 0x0862, 0x0862, 0x5aec, 0x10a4,
  0x10a4, 0x10a4, 0x10a4, 0x10a4, 0x10a4, 0x10a4, 0x10a4, 0x10a4, 0x10c4, 0x10a4, 0x18a4, 0x18c4,
  0x18c4, 0x18c4, 0x18c4, 0x18c4, 0x18c4, 0x18c4, 0x18c5, 0x18c5, 0x18c5, 0x18c5, 0x18c5, 0x18c5,
  0x18c5, 0x18e5, 0x18e5, 0x18e5, 0x18e5, 0x18e5, 0x18e5, 0x18e5, 0x18e5, 0x18e5, 0x18e5, 0x18e5,
  0x18e6, 0x18e6, 0x18e6, 0x1906, 0x20e6, 0x18e6, 0x2106, 0x2106, 0x2106, 0x2106, 0x2106, 0x2106,
  0x2106, 0x2106, 0x2106, 0x2106, 0x2106, 0x2106, 0x2106, 0x2107, 0x2127, 0x2127, 0x2127, 0x2127,
  0x2127, 0x2127, 0x2127, 0x2127, 0x2927, 0x2127, 0x2927, 0x2147, 0x2927, 0x2927, 0x2947, 0x2947,
  0x2947, 0x2948, 0x2948, 0x2948, 0x2948, 0x2948, 0x2948, 0x2948, 0x2948, 0x2948, 0x2948, 0x2948,
  0x2968, 0x2968, 0x2968, 0x2968, 0x2968, 0x2968, 0x2968, 0x2968, 0x2969, 0x2969, 0x2969, 0x2969,
  0x2969, 0x2969, 0x2969, 0x3169, 0x3189, 0x3189, 0x3189, 0x3189, 0x3189, 0x3189, 0x3189, 0x3189,
  0x3189, 0x3189, 0x3189, 0x3189, 0x318a, 0x318a, 0x318a, 0x318a, 0x318a, 0x318a, 0x31aa, 0x318a,
  0x31aa, 0x31aa, 0x31aa, 0x31aa, 0x31aa, 0x31aa, 0x31aa, 0x31aa, 0x31aa, 0x31aa, 0x31aa, 0x31aa,
  0x31aa, 0x31aa, 0x31aa, 0x31aa, 0x31aa, 0x31aa, 0x31aa, 0x31aa, 0x39aa, 0x31aa, 0x39ab, 0x31ab,
  0x39ab, 0x39ab, 0x39ab, 0x39ab, 0x39cb, 0x39cb, 0x39cb, 0x39cb, 0x39cb, 0x39cb, 0x39cb, 0x39cb,
  0x39cb, 0x39cb, 0x39cb, 0x39cb, 0x39cb, 0x39cb, 0x39cb, 0x39cb, 0x39cb, 0x39cb, 0x39cb, 0x39cb,
  0x39cb, 0x39cb, 0x39cb, 0x39cb, 0x39cb, 0x39cb, 0x39cb, 0x39cb, 0x39cb, 0x39cb, 0x39cb, 0x39cb,
  0x39cb, 0x39cb, 0x39cb, 0x39cb, 0x39cb, 0x39cb, 0x39ab, 0x39ab, 0x39ab, 0x39ab, 0x39ab, 0x39ab,
  0x39aa, 0x31ab, 0x31aa, 0x31aa, 0x31aa, 0x31aa, 0x31aa, 0x31aa, 0x31aa, 0x31aa, 0x31aa, 0x31aa,
  0x31aa, 0x31aa, 0x31aa, 0x31aa, 0x31aa, 0x31aa, 0x31aa, 0x31aa, 0x31aa, 0x31aa, 0x31aa, 0x31aa,
  0x318a, 0x318a, 0x318a, 0x318a, 0x318a, 0x3189, 0x3189, 0x3189, 0x3189, 0x3189, 0x3189, 0x3189,
  0x3189, 0x3189, 0x3189, 0x3189, 0x3169, 0x3189, 0x2969, 0x2969, 0x2969, 0x2969, 0x2969, 0x2969,
  0x2968, 0x2968, 0x2968, 0x2968, 0x2968, 0x2968, 0x2948, 0x2948, 0x2948, 0x2948, 0x2948, 0x2948,
  0x2948, 0x2948, 0x2948, 0x2948, 0x2948, 0x2948, 0x2947, 0x2947, 0x2927, 0x18c5, 0x18c5, 0x6b4e,
  0x2127, 0x2127, 0x18c5, 0x0862, 0x5aec, 0x10a3, 0x10a4, 0x0862, 0x0862, 0x5aec, 0x10a4, 0x10a4,
  0x10a4, 0x10a4, 0x10a4, 0x10a4, 0x10a4, 0x10a4, 0x10a4, 0x18a4, 0x18a4, 0x18a4, 0x18c4, 0x18c4,
  0x18c4, 0x18c4, 0x18c4, 0x18c4, 0x18c4, 0x18c5, 0x18c5, 0x18c5, 0x18c5, 0x18c5, 0x18c5, 0x18c5,
  0x18c5, 0x18c5, 0x18e5, 0x18e5, 0x18e5, 0x18e5, 0x18e5, 0x18e5, 0x18e5, 0x18e5, 0x18e6, 0x18e5,
  0x18e6, 0x20e6, 0x20e6, 0x1906, 0x2106, 0x2106, 0x2106, 0x2106, 0x2106, 0x2106, 0x2106, 0x2106,
  0x2106, 0x2106, 0x2106, 0x2106, 0x2106, 0x2126, 0x2107, 0x2107, 0x2127, 0x2127, 0x2127, 0x2127,
  0x2127, 0x2127, 0x2127, 0x2927, 0x2927, 0x2927, 0x2927, 0x2127, 0x2147, 0x2947, 0x2947, 0x2948,
  0x2948, 0x2948, 0x2948, 0x2948, 0x2948, 0x2948, 0x2948, 0x2948, 0x2948, 0x2948, 0x2948, 0x2948,
  0x2968, 0x2968, 0x2968, 0x2968, 0x2968, 0x2969, 0x2969, 0x2969, 0x2969, 0x2969, 0x2969, 0x2969,
  0x2969, 0x3169, 0x2989, 0x3189, 0x3189, 0x3189, 0x3189, 0x3189, 0x3189, 0x3189, 0x3189, 0x3189,
  0x3189, 0x3189, 0x3189, 0x3189, 0x3189, 0x318a, 0x318a, 0x318a, 0x318a, 0x318a, 0x31aa, 0x31aa,
  0x31aa, 0x31aa, 0x31aa, 0x31aa, 0x31aa, 0x31aa, 0x31aa, 0x31aa, 0x31aa, 0x31aa, 0x31aa, 0x31aa,
  0x31aa, 0x31aa, 0x31aa, 0x31aa, 0x31aa, 0x31aa, 0x31aa, 0x31aa, 0x39ca, 0x31ab, 0x39ab, 0x39ab,
  0x31cb, 0x31cb, 0x39ab, 0x39ab, 0x39cb, 0x39cb, 0x39cb, 0x39cb, 0x39cb, 0x39cb, 0x39cb, 0x39cb,
  0x39cb, 0x39cb, 0x39cb, 0x39cb, 0x39cb, 0x39cb, 0x39cb, 0x39cb, 0x39cb, 0x39cb, 0x39cb, 0x39cb,
  0x39cb, 0x39cb, 0x39cb, 0x39cb, 0x39cb, 0x39cb, 0x39cb, 0x39cb, 0x39cb, 0x39cb, 0x39cb, 0x39cb,
  0x39cb, 0x39cb, 0x39cb, 0x39cb, 0x39cb, 0x39cb, 0x39ab, 0x31cb, 0x39ab, 0x39ab, 0x31aa, 0x39ab,
  0x31aa, 0x31aa, 0x31aa, 0x31aa, 0x31aa, 0x31aa, 0x31aa, 0x31aa, 0x31aa, 0x31aa, 0x31aa, 0x31aa,
  0x31aa, 0x31aa, 0x31aa, 0x31aa, 0x31aa, 0x31aa, 0x31aa, 0x31aa, 0x31aa, 0x31aa, 0x31aa, 0x318a,
  0x318a, 0x318a, 0x3189, 0x3189, 0x3189, 0x3189, 0x3189, 0x3189, 0x3189, 0x3189, 0x3189, 0x3189,
  0x3189, 0x3189, 0x2989, 0x3169, 0x2969, 0x2969, 0x2969, 0x2969, 0x2969, 0x2969, 0x2969, 0x2969,
  0x2968, 0x2968, 0x2968, 0x2968, 0x2968, 0x2948, 0x2968, 0x2948, 0x2948, 0x2948, 0x2948, 0x2948,
  0x2948, 0x2948, 0x2948, 0x2948, 0x2948, 0x2947, 0x2947, 0x2927, 0x18c5, 0x18c5, 0x6b4e, 0x2127,
  0x2127, 0x18c5, 0x0862, 0x5aec, 0x10a4, 0x10a3, 0x0862, 0x0862, 0x5aec, 0x10a4, 0x10a4, 0x10a4,
  0x18c5, 0x0001, 0x0001, 0x0001, 0x0001, 0x0001, 0x0001, 0x0001, 0x1083, 0x1083, 0x1083, 0x1083,
  0x1083, 0x1083, 0x1083, 0x1083, 0x1083, 0x1083, 0x1083, 0x1083, 0x1083, 0x1083, 0x1083, 0x1083,
  0x1083, 0x10a3, 0x10a3, 0x10a3, 0x10a3, 0x10a4, 0x10a4, 0x10a4, 0x10a4, 0x10a4, 0x10a4, 0x10a4,
  0x10a4, 0x10a4, 0x10a4, 0x10a4, 0x10a4, 0x10a4, 0x10a4, 0x10a4, 0x10c4, 0x18a4, 0x18c4, 0x18c4,
  0x18c4, 0x18c4, 0x18c4, 0x18c4, 0x18c4, 0x18c4, 0x18c5, 0x18c5, 0x18c5, 0x18c5, 0x18c5, 0x18c5,
  0x18c5, 0x18c5, 0x18c5, 0x18c5, 0x18c5, 0x18c5, 0x18e5, 0x18e5, 0x18e5, 0x18e5, 0x18e5, 0x18e5,
  0x18e5, 0x18e5, 0x18e5, 0x18e5, 0x18e5, 0x18e5, 0x18e5, 0x18e5, 0x18e6, 0x18e6, 0x18e6, 0x18e6,
  0x20e6, 0x20e6, 0x18e6, 0x20e6, 0x20e6, 0x20e6, 0x2106, 0x2106, 0x2106, 0x2106, 0x2969, 0x2969,
  0x2969, 0x3189, 0x2989, 0x3189, 0x3189, 0x3189, 0x3189, 0x3189, 0x3189, 0x3189, 0x3189, 0x3189,
  0x3189, 0x3189, 0x318a, 0x318a, 0x318a, 0x31aa, 0x31aa, 0x31aa, 0x31aa, 0x31aa, 0x31aa, 0x31aa,
  0x31aa, 0x31aa, 0x31aa, 0x31aa, 0x31aa, 0x31aa, 0x31aa, 0x31aa, 0x31aa, 0x31aa, 0x31aa, 0x31aa,
  0x31aa, 0x31aa, 0x31aa, 0x31aa, 0x31aa, 0x39aa, 0x31aa, 0x31aa, 0x31cb, 0x39ab, 0x31cb, 0x39ab,
  0x39ab, 0x39cb, 0x39cb, 0x39cb, 0x39cb, 0x39cb, 0x39cb, 0x39cb, 0x39cb, 0x39cb, 0x39cb, 0x39cb,
  0x39cb, 0x39cb, 0x39cb, 0x39cb, 0x39cb, 0x39cb, 0x39cb, 0x39cb, 0x39cb, 0x39cb, 0x39cb, 0x39cb,
  0x39cb, 0x39cb, 0x39cb, 0x39cb, 0x39cb, 0x39cb, 0x39cb, 0x39cb, 0x39cb, 0x39cb, 0x39cb, 0x39cb,
  0x39cb, 0x39ab, 0x39cb, 0x39cb, 0x39ab, 0x39cb, 0x39ab, 0x39ab, 0x39ab, 0x31ab, 0x39ca, 0x31aa,
  0x31aa, 0x31aa, 0x31aa, 0x31aa, 0x31aa, 0x31aa, 0x31aa, 0x31aa, 0x31aa, 0x31aa, 0x31aa, 0x31aa,
  0x31aa, 0x31aa, 0x31aa, 0x31aa, 0x31aa, 0x31aa, 0x31aa, 0x31aa, 0x318a, 0x318a, 0x318a, 0x318a,
  0x318a, 0x3189, 0x3189, 0x3189, 0x3189, 0x3189, 0x3189, 0x3189, 0x3189, 0x3189, 0x3189, 0x3189,
  0x3189, 0x3169, 0x3169, 0x2969, 0x2969, 0x2969, 0x2969, 0x2969, 0x2969, 0x2969, 0x2968, 0x2968,
  0x2968, 0x2968, 0x2968, 0x2968, 0x2948, 0x2948, 0x2968, 0x2948, 0x2948, 0x2948, 0x2948, 0x2948,
  0x2948, 0x2948, 0x2948, 0x2947, 0x2947, 0x2947, 0x2147, 0x18c5, 0x18c5, 0x6b4e, 0x2127, 0x2127,
  0x18c5, 0x0862, 0x5aec, 0x10a3, 0x10a4, 0x0862, 0x0862, 0x5aec, 0x10a4, 0x10a4, 0x10a4, 0x18c5,
  0x0000, 0x0000, 0x0000, 0x0000, 0x0000, 0x0000, 0x0000, 0x0000, 0x0000, 0x0000, 0x0000, 0x0000,
  0x0000, 0x0000, 0x0000, 0x0000, 0x0000, 0x0000, 0x0000, 0x0000, 0x0000, 0x0000, 0x0000, 0x0000,
  0x0000, 0x0000, 0x0000, 0x0000, 0x0000, 0x0000, 0x0000, 0x0000, 0x0000, 0x0000, 0x0000, 0x0000,
  0x0000, 0x0000, 0x0000, 0x0000, 0x0000, 0x0000, 0x0000, 0x0000, 0x0000, 0x0000, 0x0000, 0x0000,
  0x0000, 0x0000, 0x0000, 0x0000, 0x0000, 0x0000, 0x0000, 0x0000, 0x0000, 0x0000, 0x0000, 0x0000,
  0x0000, 0x0000, 0x0000, 0x0000, 0x0000, 0x0000, 0x0000, 0x0000, 0x0000, 0x0000, 0x0000, 0x0000,
  0x0000, 0x0000, 0x0000, 0x0000, 0x0000, 0x0000, 0x0000, 0x0000, 0x0000, 0x0000, 0x0000, 0x0000,
  0x0000, 0x0000, 0x0000, 0x0000, 0x0000, 0x0000, 0x0000, 0x0000, 0x6b70, 0x2969, 0x3169, 0x2969,
  0x3189, 0x2106, 0x2106, 0x2106, 0x2106, 0x2106, 0x2106, 0x2106, 0x2106, 0x2106, 0x2106, 0x2106,
  0x2126, 0x2107, 0x2107, 0x2107, 0x2127, 0x2127, 0x2127, 0x2127, 0x2127, 0x2127, 0x2127, 0x2127,
  0x2127, 0x2127, 0x2127, 0x2127, 0x2127, 0x2127, 0x2127, 0x2127, 0x2127, 0x2127, 0x2127, 0x2127,
  0x2127, 0x2127, 0x2127, 0x2127, 0x2127, 0x2927, 0x2927, 0x2127, 0x2927, 0x2927, 0x2127, 0x2127,
  0x2927, 0x2927, 0x2927, 0x2147, 0x2147, 0x2927, 0x2147, 0x2147, 0x2927, 0x2927, 0x2147, 0x2947,
  0x2927, 0x2947, 0x2947, 0x2947, 0x2947, 0x2947, 0x2947, 0x2947, 0x2947, 0x2947, 0x2947, 0x2947,
  0x2947, 0x2927, 0x2947, 0x2947, 0x2927, 0x2927, 0x2947, 0x2927, 0x2947, 0x2927, 0x2927, 0x2127,
  0x2927, 0x2927, 0x2927, 0x2927, 0x2927, 0x2127, 0x2927, 0x2127, 0x2927, 0x2127, 0x2127, 0x2127,
  0x2127, 0x2127, 0x2127, 0x2127, 0x2127, 0x2127, 0x2127, 0x2127, 0x2127, 0x2127, 0x2127, 0x2127,
  0x2127, 0x2127, 0x2127, 0x2127, 0x2127, 0x2127, 0x2127, 0x2127, 0x2127, 0x2127, 0x2107, 0x2127,
  0x2106, 0x2106, 0x2106, 0x2106, 0x2106, 0x2106, 0x2106, 0x2106, 0x2106, 0x2106, 0x2106, 0x2106,
  0x2106, 0x2106, 0x2106, 0x2106, 0x2106, 0x2106, 0x2106, 0x18e6, 0x18e6, 0x18e6, 0x20e6, 0x20e6,
  0x20e6, 0x18e6, 0x18e6, 0x18e5, 0x18e5, 0x18e5, 0x18e5, 0x18e5, 0x18e5, 0x18e5, 0x18e5, 0x18e5,
  0x18e5, 0x18e5, 0x18e5, 0x18e5, 0x2147, 0x2147, 0x18c5, 0x18c5, 0x6b4e, 0x2127, 0x2127, 0x18c5,
  0x0862, 0x5aec, 0x10a3, 0x10a4, 0x0862, 0x0862, 0x5aec, 0x10a4, 0x10a4, 0x10a4, 0x18c5, 0x0000,
  0x18c5, 0x0000, 0x18c5, 0x0000, 0x18c5, 0x0000, 0x18c5, 0x0000, 0x18c5, 0x0000, 0x18c5, 0x0000,
  0x18c5, 0x0000, 0x18c5, 0x0000, 0x18c5, 0x0000, 0x18c5, 0x0000, 0x18c5, 0x0000, 0x18c5, 0x0000,
  0x18c5, 0x0000, 0x18c5, 0x0000, 0x18c5, 0x0000, 0x18c5, 0x0000, 0x18c5, 0x0000, 0x18c5, 0x0000,
  0x18c5, 0x0000, 0x18c5, 0x0000, 0x18c5, 0x0000, 0x18c5, 0x0000, 0x18c5, 0x0000, 0x18c5, 0x0000,
  0x18c5, 0x0000, 0x18c5, 0x0000, 0x18c5, 0x0000, 0x18c5, 0x0000, 0x18c5, 0x0000, 0x18c5, 0x0000,
  0x18c5, 0x0000, 0x18c5, 0x0000, 0x18c5, 0x0000, 0x18c5, 0x0000, 0x18c5, 0x0000, 0x18c5, 0x0000,
  0x18c5, 0x0000, 0x18c5, 0x0000, 0x18c5, 0x0000, 0x18c5, 0x0000, 0x18c5, 0x0000, 0x18c5, 0x0000,
  0x18c5, 0x0000, 0x18c5, 0x0000, 0x18c5, 0x0000, 0x18c5, 0x6b6f, 0x2969, 0x3169, 0x2989, 0x3189,
  0x2106, 0x0000, 0x0000, 0x0000, 0x0000, 0x0000, 0x0000, 0x0000, 0x0000, 0x0000, 0x0000, 0x0000,
  0x0000, 0x0000, 0x0000, 0x0000, 0x0000, 0x0000, 0x0000, 0x0000, 0x0000, 0x0000, 0x0000, 0x0000,
  0x0000, 0x0000, 0x0000, 0x0000, 0x0000, 0x0000, 0x0000, 0x0000, 0x0000, 0x0000, 0x0000, 0x0000,
  0x0000, 0x0000, 0x0000, 0x0000, 0x0000, 0x0000, 0x0000, 0x0000, 0x0000, 0x0000, 0x0000, 0x0000,
  0x0000, 0x0000, 0x0000, 0x0000, 0x0000, 0x0000, 0x0000, 0x0000, 0x0000, 0x0000, 0x0000, 0x0000,
  0x0000, 0x0000, 0x0000, 0x0000, 0x0000, 0x0000, 0x0000, 0x0000, 0x0000, 0x0000, 0x0000, 0x0000,
  0x0000, 0x0000, 0x0000, 0x0000, 0x0000, 0x0000, 0x0000, 0x0000, 0x0000, 0x0000, 0x0000, 0x0000,
  0x0000, 0x0000, 0x0000, 0x0000, 0x0000, 0x0000, 0x0000, 0x0000, 0x0000, 0x0000, 0x0000, 0x0000,
  0x0000, 0x0000, 0x0000, 0x0000, 0x0000, 0x0000, 0x0000, 0x0000, 0x0000, 0x0000, 0x0000, 0x0000,
  0x0000, 0x0000, 0x0000, 0x0000, 0x0000, 0x0000, 0x0000, 0x0000, 0x0000, 0x0000, 0x0000, 0x0000,
  0x0000, 0x0000, 0x0000, 0x0000, 0x0000, 0x0000, 0x0000, 0x0000, 0x0000, 0x0000, 0x0000, 0x0000,
  0x0000, 0x0000, 0x0000, 0x0000, 0x0000, 0x0000, 0x0000, 0x0000, 0x0000, 0x0000, 0x0000, 0x0000,
  0x0000, 0x0000, 0x0000, 0x0000, 0x0000, 0x0000, 0x0000, 0x0000, 0x0000, 0x0000, 0x0000, 0x0000,
  0x0000, 0x0000, 0x6b4f, 0x2147, 0x2927, 0x18c5, 0x18c5, 0x6b4e, 0x2127, 0x2127, 0x18c5, 0x0862,
  0x5aec, 0x10a4, 0x10a4, 0x0862, 0x0862, 0x5aec, 0x10a4, 0x10a4, 0x10a4, 0x18c5, 0x0000, 0x0000,
  0x0000, 0x0000, 0x31e9, 0x31e9, 0x0000, 0x0000, 0x0000, 0x0000, 0x0000, 0x0000, 0x0000, 0x0000,
  0x0000, 0x0000, 0x0000, 0x0000, 0x0000, 0x0000, 0x0000, 0x0000, 0x0000, 0x0000, 0x0000, 0x0000,
  0x0000, 0x0000, 0x0000, 0x0000, 0x0000, 0x0000, 0x0000, 0x0000, 0x0000, 0x0000, 0x0000, 0x0000,
  0x0000, 0x0000, 0x0000, 0x0000, 0x0000, 0x0000, 0x0000, 0x0000, 0x0000, 0x0000, 0x0000, 0x0000,
  0x0000, 0x0000, 0x0000, 0x0000, 0x0000, 0x0000, 0x0000, 0x0000, 0x0000, 0x0000, 0x0000, 0x0000,
  0x0000, 0x0000, 0x0000, 0x0000, 0x0000, 0x0000, 0x0000, 0x0000, 0x0000, 0x0000, 0x0000, 0x0000,
  0x0000, 0x0000, 0x0000, 0x0000, 0x0000, 0x0000, 0x0000, 0x0000, 0x0000, 0x0000, 0x0000, 0x0000,
  0x0000, 0x0000, 0x0000, 0x0000, 0x0000, 0x0000, 0x6b70, 0x2969, 0x2989, 0x3189, 0x3189, 0x2106,
  0x0000, 0x0000, 0x0000, 0x0000, 0x0000, 0x0000, 0x0000, 0x0000, 0x0000, 0x0000, 0x0000, 0x0000,
  0x0000, 0x0000, 0x0000, 0x0000, 0x0000, 0x0000, 0x0000, 0x0000, 0x0000, 0x0000, 0x0000, 0x0000,
  0x0000, 0x0000, 0x0000, 0x0000, 0x0000, 0x0000, 0x0000, 0x0000, 0x0000, 0x0000, 0x0000, 0x0000,
  0x0000, 0x0000, 0x0000, 0x0000, 0x0000, 0x0000, 0x0000, 0x0000, 0x0000, 0x0000, 0x0000, 0x0000,
  0x0000, 0x0000, 0x0000, 0x0000, 0x0000, 0x0000, 0x0000, 0x0000, 0x0000, 0x0000, 0x0000, 0x0000,
  0x0000, 0x0000, 0x0000, 0x0000, 0x0000, 0x0000, 0x0000, 0x0000, 0x0000, 0x0000, 0x0000, 0x0000,
  0x0000, 0x0000, 0x0000, 0x0000, 0x0000, 0x0000, 0x0000, 0x0000, 0x0000, 0x0000, 0x0000, 0x0000,
  0x0000, 0x0000, 0x0000, 0x0000, 0x0000, 0x0000, 0x0000, 0x0000, 0x0000, 0x0000, 0x0000, 0x0000,
  0x0000, 0x0000, 0x0000, 0x0000, 0x0000, 0x0000, 0x0000, 0x0000, 0x0000, 0x0000, 0x0000, 0x0000,
  0x0000, 0x0000, 0x0000, 0x0000, 0x0000, 0x0000, 0x0000, 0x0000, 0x0000, 0x0000, 0x0000, 0x0000,
  0x0000, 0x0000, 0x0000, 0x0000, 0x0000, 0x0000, 0x0000, 0x0000, 0x0000, 0x0000, 0x0000, 0x0000,
  0x0000, 0x0000, 0x0000, 0x0000, 0x0000, 0x0000, 0x0000, 0x0000, 0x0000, 0x0000, 0x0000, 0x0000,
  0x0000, 0x0000, 0x0000, 0x0000, 0x0000, 0x0000, 0x0000, 0x0000, 0x0000, 0x0000, 0x0000, 0x0000,
  0x0000, 0x6b4f, 0x2147, 0x2127, 0x18c5, 0x18c5, 0x6b4e, 0x2127, 0x2127, 0x18c5, 0x0862, 0x5aec,
  0x10a4, 0x10a4, 0x0862, 0x0862, 0x5aec, 0x10a4, 0x10a4, 0x10a4, 0x18c5, 0x0000, 0x18c5, 0x0000,
  0x31e9, 0x0000, 0x18c5, 0x31e9, 0x18c5, 0x0000, 0x18c5, 0x0000, 0x18c5, 0x0000, 0x18c5, 0x0000,
  0x18c5, 0x0000, 0x18c5, 0x0000, 0x18c5, 0x0000, 0x18c5, 0x0000, 0x18c5, 0x0000, 0x18c5, 0x0000,
  0x18c5, 0x0000, 0x18c5, 0x0000, 0x18c5, 0x0000, 0x18c5, 0x0000, 0x18c5, 0x0000, 0x18c5, 0x0000,
  0x18c5, 0x0000, 0x18c5, 0x0000, 0x18c5, 0x0000, 0x18c5, 0x0000, 0x18c5, 0x0000, 0x18c5, 0x0000,
  0x18c5, 0x0000, 0x18c5, 0x0000, 0x18c5, 0x0000, 0x18c5, 0x0000, 0x18c5, 0x0000, 0x18c5, 0x0000,
  0x18c5, 0x0000, 0x18c5, 0x0000, 0x18c5, 0x0000, 0x18c5, 0x0000, 0x18c5, 0x0000, 0x18c5, 0x0000,
  0x18c5, 0x0000, 0x18c5, 0x0000, 0x18c5, 0x0000, 0x18c5, 0x0000, 0x18c5, 0x0000, 0x18c5, 0x0000,
  0x18c5, 0x0000, 0x18c5, 0x0000, 0x18c5, 0x6b70, 0x2969, 0x2969, 0x3189, 0x3189, 0x2106, 0x0000,
  0x0000, 0x0000, 0x0000, 0x0000, 0x0000, 0x0000, 0x0000, 0x0000, 0x0000, 0x0000, 0x0000, 0x0000,
  0x0000, 0x0000, 0x0000, 0x0000, 0x0000, 0x0000, 0x0000, 0x0000, 0x0000, 0x0000, 0x0000, 0x0000,
  0x0000, 0x0000, 0x0000, 0x0000, 0x0000, 0x0000, 0x0000, 0x0000, 0x0000, 0x0000, 0x0000, 0x0000,
  0x0000, 0x0000, 0x0000, 0x0000, 0x0000, 0x0000, 0x0000, 0x0000, 0x0000, 0x0000, 0x0000, 0x0000,
  0x0000, 0x0000, 0x0000, 0x0000, 0x0000, 0x0000, 0x0000, 0x0000, 0x0000, 0x0000, 0x0000, 0x0000,
  0x0000, 0x0000, 0x0000, 0x0000, 0x0000, 0x0000, 0x0000, 0x0000, 0x0000, 0x0000, 0x0000, 0x0000,
  0x0000, 0x0000, 0x0000, 0x0000, 0x0000, 0x0000, 0x0000, 0x0000, 0x0000, 0x0000, 0x0000, 0x0000,
  0x0000, 0x0000, 0x0000, 0x0000, 0x0000, 0x0000, 0x0000, 0x0000, 0x0000, 0x0000, 0x0000, 0x0000,
  0x0000, 0x0000, 0x0000, 0x0000, 0x0000, 0x0000, 0x0000, 0x0000, 0x0000, 0x0000, 0x0000, 0x0000,
  0x0000, 0x0000, 0x0000, 0x0000, 0x0000, 0x0000, 0x0000, 0x0000, 0x0000, 0x0000, 0x0000, 0x0000,
  0x0000, 0x0000, 0x0000, 0x0000, 0x0000, 0x0000, 0x0000, 0x0000, 0x0000, 0x0000, 0x0000, 0x0000,
  0x0000, 0x0000, 0x0000, 0x0000, 0x0000, 0x0000, 0x0000, 0x0000, 0x0000, 0x0000, 0x0000, 0x0000,
  0x0000, 0x0000, 0x0000, 0x0000, 0x0000, 0x0000, 0x0000, 0x0000, 0x0000, 0x0000, 0x0000, 0x0000,
  0x6b4f, 0x2147, 0x2927, 0x18c5, 0x18c5, 0x6b4e, 0x2127, 0x2127, 0x18c5, 0x0862, 0x5aec, 0x10a4,
  0x10a4, 0x0862, 0x0862, 0x5aec, 0x10a4, 0x10a4, 0x10a4, 0x18c5, 0x0000, 0x0000, 0x0000, 0x31e9,
  0x0000, 0x0000, 0x31e9, 0x0000, 0x0000, 0x0000, 0x0000, 0x0000, 0x0000, 0x0000, 0x0000, 0x0000,
  0x0000, 0x0000, 0x0000, 0x0000, 0x0000, 0x0000, 0x0000, 0x0000, 0x0000, 0x0000, 0x0000, 0x0000,
  0x0000, 0x0000, 0x0000, 0x0000, 0x0000, 0x0000, 0x0000, 0x0000, 0x0000, 0x0000, 0x0000, 0x0000,
  0x0000, 0x0000, 0x0000, 0x0000, 0x0000, 0x0000, 0x0000, 0x0000, 0x0000, 0x0000, 0x0000, 0x0000,
  0x0000, 0x0000, 0x0000, 0x0000, 0x0000, 0x0000, 0x0000, 0x0000, 0x0000, 0x0000, 0x0000, 0x0000,
  0x0000, 0x0000, 0x0000, 0x0000, 0x0000, 0x0000, 0x0000, 0x0000, 0x0000, 0x0000, 0x0000, 0x0000,
  0x0000, 0x0000, 0x0000, 0x0000, 0x0000, 0x0000, 0x0000, 0x0000, 0x0000, 0x0000, 0x0000, 0x0000,
  0x0000, 0x0000, 0x0000, 0x0000, 0x6b70, 0x2969, 0x2989, 0x3189, 0x3189, 0x2106, 0x0000, 0x0000,
  0x0000, 0x0000, 0x0000, 0x0000, 0x0000, 0x0000, 0x0000, 0x0000, 0x0000, 0x0000, 0x0000, 0x0000,
  0x0000, 0x0000, 0x0000, 0x0000, 0x0000, 0x0000, 0x0000, 0x0000, 0x0000, 0x0000, 0x0000, 0x0000,
  0x0000, 0x0000, 0x0000, 0x0000, 0x0000, 0x0000, 0x0000, 0x0000, 0x0000, 0x0000, 0x0000, 0x0000,
  0x0000, 0x0000, 0x0000, 0x0000, 0x0000, 0x0000, 0x0000, 0x0000, 0x0000, 0x0000, 0x0000, 0x0000,
  0x0000, 0x0000, 0x0000, 0x0000, 0x0000, 0x0000, 0x0000, 0x0000, 0x0000, 0x0000, 0x0000, 0x0000,
  0x0000, 0x0000, 0x0000, 0x0000, 0x0000, 0x0000, 0x0000, 0x0000, 0x0000, 0x0000, 0x0000, 0x0000,
  0x0000, 0x0000, 0x0000, 0x0000, 0x0000, 0x0000, 0x0000, 0x0000, 0x0000, 0x0000, 0x0000, 0x0000,
  0x0000, 0x0000, 0x0000, 0x0000, 0x0000, 0x0000, 0x0000, 0x0000, 0x0000, 0x0000, 0x0000, 0x0000,
  0x0000, 0x0000, 0x0000, 0x0000, 0x0000, 0x0000, 0x0000, 0x0000, 0x0000, 0x0000, 0x0000, 0x0000,
  0x0000, 0x0000, 0x0000, 0x0000, 0x0000, 0x0000, 0x0000, 0x0000, 0x0000, 0x0000, 0x0000, 0x0000,
  0x0000, 0x0000, 0x0000, 0x0000, 0x0000, 0x0000, 0x0000, 0x0000, 0x0000, 0x0000, 0x0000, 0x0000,
  0x0000, 0x0000, 0x0000, 0x0000, 0x0000, 0x0000, 0x0000, 0x0000, 0x0000, 0x0000, 0x0000, 0x0000,
  0x0000, 0x0000, 0x0000, 0x0000, 0x0000, 0x0000, 0x0000, 0x0000, 0x0000, 0x0000, 0x0000, 0x6b4f,
  0x2147, 0x2927, 0x18c5, 0x18c5, 0x6b4e, 0x2127, 0x2127, 0x18c5, 0x0862, 0x5aec, 0x10a4, 0x10a4,
  0x0862, 0x0862, 0x5aec, 0x10a4, 0x10a4, 0x10a4, 0x18c5, 0x0000, 0x18c5, 0x0000, 0x31e9, 0x0000,
  0x18c5, 0x31e9, 0x18c5, 0x0000, 0x18c5, 0x0000, 0x18c5, 0x0000, 0x18c5, 0x0000, 0x18c5, 0x0000,
  0x18c5, 0x0000, 0x18c5, 0x0000, 0x18c5, 0x0000, 0x18c5, 0x0000, 0x18c5, 0x0000, 0x18c5, 0x0000,
  0x18c5, 0x0000, 0x18c5, 0x0000, 0x18c5, 0x0000, 0x18c5, 0x0000, 0x18c5, 0x0000, 0x18c5, 0x0000,
  0x18c5, 0x0000, 0x18c5, 0x0000, 0x18c5, 0x0000, 0x18c5, 0x0000, 0x18c5, 0x0000, 0x18c5, 0x0000,
  0x18c5, 0x0000, 0x18c5, 0x0000, 0x18c5, 0x0000, 0x18c5, 0x0000, 0x18c5, 0x0000, 0x18c5, 0x0000,
  0x18c5, 0x0000, 0x18c5, 0x0000, 0x18c5, 0x0000, 0x18c5, 0x0000, 0x18c5, 0x0000, 0x18c5, 0x0000,
  0x18c5, 0x0000, 0x18c5, 0x0000, 0x18c5, 0x0000, 0x18c5, 0x0000, 0x18c5, 0x0000, 0x18c5, 0x0000,
  0x18c5, 0x0000, 0x18c5, 0x6b70, 0x3189, 0x3189, 0x3189, 0x3189, 0x2106, 0x0000, 0x0000, 0x0000,
  0x0000, 0x0000, 0x0000, 0x0000, 0x0000, 0x0000, 0x0000, 0x0000, 0x0000, 0x0000, 0x0000, 0x0000,
  0x0000, 0x0000, 0x0000, 0x0000, 0x0000, 0x0000, 0x0000, 0x0000, 0x0000, 0x0000, 0x0000, 0x0000,
  0x0000, 0x0000, 0x0000, 0x0000, 0x0000, 0x0000, 0x0000, 0x0000, 0x0000, 0x0000, 0x0000, 0x0000,
  0x0000, 0x0000, 0x0000, 0x0000, 0x0000, 0x0000, 0x0000, 0x0000, 0x0000, 0x0000, 0x0000, 0x0000,
  0x0000, 0x0000, 0x0000, 0x0000, 0x0000, 0x0000, 0x0000, 0x0000, 0x0000, 0x0000, 0x0000, 0x0000,
  0x0000, 0x0000, 0x0000, 0x0000, 0x0000, 0x0000, 0x0000, 0x0000, 0x0000, 0x0000, 0x0000, 0x0000,
  0x0000, 0x0000, 0x0000, 0x0000, 0x0000, 0x0000, 0x0000, 0x0000, 0x0000, 0x0000, 0x0000, 0x0000,
  0x0000, 0x0000, 0x0000, 0x0000, 0x0000, 0x0000, 0x0000, 0x0000, 0x0000, 0x0000, 0x0000, 0x0000,
  0x0000, 0x0000, 0x0000, 0x0000, 0x0000, 0x0000, 0x0000, 0x0000, 0x0000, 0x0000, 0x0000, 0x0000,
  0x0000, 0x0000, 0x0000, 0x0000, 0x0000, 0x0000, 0x0000, 0x0000, 0x0000, 0x0000, 0x0000, 0x0000,
  0x0000, 0x0000, 0x0000, 0x0000, 0x0000, 0x0000, 0x0000, 0x0000, 0x0000, 0x0000, 0x0000, 0x0000,
  0x0000, 0x0000, 0x0000, 0x0000, 0x0000, 0x0000, 0x0000, 0x0000, 0x0000, 0x0000, 0x0000, 0x0000,
  0x0000, 0x0000, 0x0000, 0x0000, 0x0000, 0x0000, 0x0000, 0x0000, 0x0000, 0x0000, 0x6b4f, 0x2927,
  0x2927, 0x18c5, 0x18c5, 0x6b4e, 0x2127, 0x2127, 0x18c5, 0x0862, 0x5aec, 0x10a4, 0x10a4, 0x0862,
  0x0862, 0x5aec, 0x10a4, 0x10a4, 0x10a4, 0x18c5, 0x0000, 0x0000, 0x0000, 0x31e9, 0x0000, 0x0000,
  0x31e9, 0x0000, 0x0000, 0x0000, 0x0000, 0x0000, 0x0000, 0x0000, 0x0000, 0x0000, 0x0000, 0x0000,
  0x0000, 0x0000, 0x0000, 0x0000, 0x0000, 0x0000, 0x0000, 0x0000, 0x0000, 0x0000, 0x0000, 0x0000,
  0x0000, 0x0000, 0x0000, 0x0000, 0x0000, 0x0000, 0x0000, 0x0000, 0x0000, 0x0000, 0x0000, 0x0000,
  0x0000, 0x0000, 0x0000, 0x0000, 0x0000, 0x0000, 0x0000, 0x0000, 0x0000, 0x0000, 0x0000, 0x0000,
  0x0000, 0x0000, 0x0000, 0x0000, 0x0000, 0x0000, 0x0000, 0x0000, 0x0000, 0x0000, 0x0000, 0x0000,
  0x0000, 0x0000, 0x0000, 0x0000, 0x0000, 0x0000, 0x0000, 0x0000, 0x0000, 0x0000, 0x0000, 0x0000,
  0x0000, 0x0000, 0x0000, 0x0000, 0x0000, 0x0000, 0x0000, 0x0000, 0x0000, 0x0000, 0x0000, 0x0000,
  0x0000, 0x0000, 0x6b70, 0x3169, 0x3189, 0x3189, 0x3189, 0x2106, 0x0000, 0x0000, 0x0000, 0x0000,
  0x0000, 0x0000, 0x0000, 0x0000, 0x0000, 0x0000, 0x0000, 0x0000, 0x0000, 0x0000, 0x0000, 0x0000,
  0x0000, 0x0000, 0x0000, 0x0000, 0x0000, 0x0000, 0x0000, 0x0000, 0x0000, 0x0000, 0x0000, 0x0000,
  0x0000, 0x0000, 0x0000, 0x0000, 0x0000, 0x0000, 0x0000, 0x0000, 0x0000, 0x0000, 0x0000, 0x0000,
  0x0000, 0x0000, 0x0000, 0x0000, 0x0000, 0x0000, 0x0000, 0x0000, 0x0000, 0x0000, 0x0000, 0x0000,
  0x0000, 0x0000, 0x0000, 0x0000, 0x0000, 0x0000, 0x0000, 0x0000, 0x0000, 0x0000, 0x0000, 0x0000,
  0x0000, 0x0000, 0x0000, 0x0000, 0x0000, 0x0000, 0x0000, 0x0000, 0x0000, 0x0000, 0x0000, 0x0000,
  0x0000, 0x0000, 0x0000, 0x0000, 0x0000, 0x0000, 0x0000, 0x0000, 0x0000, 0x0000, 0x0000, 0x0000,
  0x0000, 0x0000, 0x0000, 0x0000, 0x0000, 0x0000, 0x0000, 0x0000, 0x0000, 0x0000, 0x0000, 0x0000,
  0x0000, 0x0000, 0x0000, 0x0000, 0x0000, 0x0000, 0x0000, 0x0000, 0x0000, 0x0000, 0x0000, 0x0000,
  0x0000, 0x0000, 0x0000, 0x0000, 0x0000, 0x0000, 0x0000, 0x0000, 0x0000, 0x0000, 0x0000, 0x0000,
  0x0000, 0x0000, 0x0000, 0x0000, 0x0000, 0x0000, 0x0000, 0x0000, 0x0000, 0x0000, 0x0000, 0x0000,
  0x0000, 0x0000, 0x0000, 0x0000, 0x0000, 0x0000, 0x0000, 0x0000, 0x0000, 0x0000, 0x0000, 0x0000,
  0x0000, 0x0000, 0x0000, 0x0000, 0x0000, 0x0000, 0x0000, 0x0000, 0x0000, 0x6b4f, 0x2927, 0x2927,
  0x18c5, 0x18c5, 0x6b4e, 0x2127, 0x2127, 0x18c5, 0x0862, 0x5aec, 0x10a4, 0x10a4, 0x0862, 0x0862,
  0x5aec, 0x10a4, 0x10a4, 0x10a4, 0x18c5, 0x0000, 0x18c5, 0x0000, 0x18c5, 0x31e9, 0x31e9, 0x0000,
  0x18c5, 0x0000, 0x18c5, 0x0000, 0x18c5, 0x0000, 0x18c5, 0x0000, 0x18c5, 0x0000, 0x18c5, 0x0000,
  0x18c5, 0x0000, 0x18c5, 0x0000, 0x18c5, 0x0000, 0x18c5, 0x0000, 0x18c5, 0x0000, 0x18c5, 0x0000,
  0x18c5, 0x0000, 0x18c5, 0x0000, 0x18c5, 0x0000, 0x18c5, 0x0000, 0x18c5, 0x0000, 0x18c5, 0x0000,
  0x18c5, 0x0000, 0x18c5, 0x0000, 0x18c5, 0x0000, 0x18c5, 0x0000, 0x18c5, 0x0000, 0x18c5, 0x0000,
  0x18c5, 0x0000, 0x18c5, 0x0000, 0x18c5, 0x0000, 0x07a0, 0x07a0, 0x07a0, 0x0000, 0x18c5, 0x0000,
  0x18c5, 0x0000, 0x18c5, 0x0000, 0x18c5, 0x0000, 0x18c5, 0x0000, 0x18c5, 0x0000, 0x18c5, 0x0000,
  0x18c5, 0x0000, 0x18c5, 0x0000, 0x18c5, 0x0000, 0x18c5, 0x0000, 0x18c5, 0x0000, 0x18c5, 0x0000,
  0x18c5, 0x6b70, 0x2989, 0x3189, 0x3189, 0x3189, 0x2106, 0x0000, 0x0000, 0x0000, 0x0000, 0x0000,
  0x0000, 0x0000, 0x0000, 0x0000, 0x0000, 0x0000, 0x0000, 0x0000, 0x0000, 0x0000, 0x0000, 0x0000,
  0x0000, 0x0000, 0x0000, 0x0000, 0x0000, 0x0000, 0x0000, 0x0000, 0x0000, 0x0000, 0x0000, 0x0000,
  0x0000, 0x0000, 0x0000, 0x0000, 0x0000, 0x0000, 0x0000, 0x0000, 0x0000, 0x0000, 0x0000, 0x0000,
  0x0000, 0x0000, 0x0000, 0x0000, 0x0000, 0x0000, 0x0000, 0x0000, 0x0000, 0x0000, 0x0000, 0x0000,
  0x0000, 0x0000, 0x0000, 0x0000, 0x0000, 0x0000, 0x0000, 0x0000, 0x0000, 0x0000, 0x0000, 0x0000,
  0x0000, 0x0000, 0x0000, 0x0000, 0x0000, 0x0000, 0x0000, 0x0000, 0x0000, 0x0000, 0x0000, 0x0000,
  0x0000, 0x0000, 0x0000, 0x0000, 0x0000, 0x0000, 0x0000, 0x0000, 0x0000, 0x0000, 0x0000, 0x0000,
  0x0000, 0x0000, 0x0000, 0x0000, 0x0000, 0x0000, 0x0000, 0x0000, 0x0000, 0x0000, 0x0000, 0x0000,
  0x0000, 0x0000, 0x0000, 0x0000, 0x0000, 0x0000, 0x0000, 0x0000, 0x0000, 0x0000, 0x0000, 0x0000,
  0x0000, 0x0000, 0x0000, 0x0000, 0x0000, 0x0000, 0x0000, 0x0000, 0x0000, 0x0000, 0x0000, 0x0000,
  0x0000, 0x0000, 0x0000, 0x0000, 0x0000, 0x0000, 0x0000, 0x0000, 0x0000, 0x0000, 0x0000, 0x0000,
  0x0000, 0x0000, 0x0000, 0x0000, 0x0000, 0x0000, 0x0000, 0x0000, 0x0000, 0x0000, 0x0000, 0x0000,
  0x0000, 0x0000, 0x0000, 0x0000, 0x0000, 0x0000, 0x0000, 0x0000, 0x6b4f, 0x2927, 0x2127, 0x18c5,
  0x18c5, 0x6b4e, 0x2127, 0x2127, 0x18c5, 0x0862, 0x5aec, 0x10a4, 0x10a4, 0x0862, 0x0862, 0x5aec,
  0x10a4, 0x10a4, 0x10a4, 0x18c5, 0x0000, 0x0000, 0x0000, 0x0000, 0x0000, 0x0000, 0x0000, 0x0000,
  0x0000, 0x0000, 0x0000, 0x0000, 0x0000, 0x0000, 0x0000, 0x0000, 0x0000, 0x0000, 0x0000, 0x0000,
  0x0000, 0x0000, 0x0000, 0x0000, 0x0000, 0x0000, 0x0000, 0x0000, 0x0000, 0x0000, 0x0000, 0x0000,
  0x0000, 0x0000, 0x0000, 0x0000, 0x0000, 0x0000, 0x0000, 0x0000, 0x0000, 0x0000, 0x0000, 0x0000,
  0x0000, 0x0000, 0x0000, 0x0000, 0x0000, 0x0000, 0x0000, 0x0000, 0x0000, 0x0000, 0x0000, 0x0000,
  0x0000, 0x0000, 0x0000, 0x0000, 0x0000, 0x0000, 0x0000, 0x0000, 0x0000, 0x0000, 0x0000, 0x0000,
  0x0000, 0x0000, 0x0000, 0x0000, 0x0000, 0x0000, 0x0000, 0x0000, 0x0000, 0x0000, 0x0000, 0x0000,
  0x0000, 0x0000, 0x0000, 0x0000, 0x0000, 0x0000, 0x0000, 0x0000, 0x0000, 0x0000, 0x0000, 0x0000,
  0x6b70, 0x3189, 0x3189, 0x3189, 0x3189, 0x2106, 0x0000, 0x0000, 0x0000, 0x0000, 0x0000, 0x0000,
  0x0000, 0x0000, 0x0000, 0x0000, 0x0000, 0x0000, 0x0000, 0x0000, 0x0000, 0x0000, 0x0000, 0x0000,
  0x0000, 0x0000, 0x0000, 0x0000, 0x0000, 0x0000, 0x0000, 0x0000, 0x0000, 0x0000, 0x0000, 0x0000,
  0x0000, 0x0000, 0x0000, 0x0000, 0x0000, 0x0000, 0x0000, 0x0000, 0x0000, 0x0000, 0x0000, 0x0000,
  0x0000, 0x0000, 0x0000, 0x0000, 0x0000, 0x0000, 0x0000, 0x0000, 0x0000, 0x0000, 0x0000, 0x0000,
  0x0000, 0x0000, 0x0000, 0x0000, 0x0000, 0x0000, 0x0000, 0x0000, 0x0000, 0x0000, 0x0000, 0x0000,
  0x0000, 0x0000, 0x0000, 0x0000, 0x0000, 0x0000, 0x0000, 0x0000, 0x0000, 0x0000, 0x0000, 0x0000,
  0x0000, 0x0000, 0x0000, 0x0000, 0x0000, 0x0000, 0x0000, 0x0000, 0x0000, 0x0000, 0x0000, 0x0000,
  0x0000, 0x0000, 0x0000, 0x0000, 0x0000, 0x0000, 0x0000, 0x0000, 0x0000, 0x0000, 0x0000, 0x0000,
  0x0000, 0x0000, 0x0000, 0x0000, 0x0000, 0x0000, 0x0000, 0x0000, 0x0000, 0x0000, 0x0000, 0x0000,
  0x0000, 0x0000, 0x0000, 0x0000, 0x0000, 0x0000, 0x0000, 0x0000, 0x0000, 0x0000, 0x0000, 0x0000,
  0x0000, 0x0000, 0x0000, 0x0000, 0x0000, 0x0000, 0x0000, 0x0000, 0x0000, 0x0000, 0x0000, 0x0000,
  0x0000, 0x0000, 0x0000, 0x0000, 0x0000, 0x0000, 0x0000, 0x0000, 0x0000, 0x0000, 0x0000, 0x0000,
  0x0000, 0x0000, 0x0000, 0x0000, 0x0000, 0x0000, 0x0000, 0x6b4f, 0x2927, 0x2127, 0x18c5, 0x18c5,
  0x6b4e, 0x2127, 0x2127, 0x18c5, 0x0862, 0x5aec, 0x10a4, 0x10a4, 0x0862, 0x0862, 0x5aec, 0x10a4,
  0x10a4, 0x10a4, 0x18c5, 0x0000, 0x18c5, 0x0000, 0x18c5, 0x0000, 0x18c5, 0x0000, 0x18c5, 0x0000,
  0x18c5, 0x0000, 0x18c5, 0x0000, 0x18c5, 0x0000, 0x18c5, 0x0000, 0x18c5, 0x0000, 0x18c5, 0x0000,
  0x18c5, 0x0000, 0x18c5, 0x0000, 0x18c5, 0x0000, 0x18c5, 0x0000, 0x18c5, 0x0000, 0x18c5, 0x0000,
  0x18c5, 0x0000, 0x18c5, 0x0000, 0x18c5, 0x0000, 0x18c5, 0x0000, 0x18c5, 0x0000, 0x18c5, 0x0000,
  0x18c5, 0x0000, 0x18c5, 0x0000, 0x18c5, 0x0000, 0x18c5, 0x0000, 0x18c5, 0x0000, 0x18c5, 0x0000,
  0x18c5, 0x0000, 0x18c5, 0x0000, 0x2107, 0x0000, 0x2107, 0x0000, 0x18c5, 0x0000, 0x18c5, 0x0000,
  0x18c5, 0x0000, 0x18c5, 0x0000, 0x18c5, 0x0000, 0x18c5, 0x0000, 0x18c5, 0x0000, 0x18c5, 0x0000,
  0x18c5, 0x0000, 0x18c5, 0x0000, 0x18c5, 0x0000, 0x18c5, 0x0000, 0x18c5, 0x0000, 0x18c5, 0x6b70,
  0x2989, 0x3189, 0x3189, 0x3189, 0x2106, 0x0000, 0x0000, 0x0000, 0x0000, 0x0000, 0x0000, 0x0000,
  0x0000, 0x0000, 0x0000, 0x0000, 0x0000, 0x0000, 0x0000, 0x0000, 0x0000, 0x0000, 0x0000, 0x0000,
  0x0000, 0x0000, 0x0000, 0x0000, 0x0000, 0x0000, 0x0000, 0x0000, 0x0000, 0x0000, 0x0000, 0x0000,
  0x0000, 0x0000, 0x0000, 0x0000, 0x0000, 0x0000, 0x0000, 0x0000, 0x0000, 0x0000, 0x0000, 0x0000,
  0x0000, 0x0000, 0x0000, 0x0000, 0x0000, 0x0000, 0x0000, 0x0000, 0x0000, 0x0000, 0x0000, 0x0000,
  0x0000, 0x0000, 0x0000, 0x0000, 0x0000, 0x0000, 0x0000, 0x0000, 0x0000, 0x0000, 0x0000, 0x0000,
  0x0000, 0x0000, 0x0000, 0x0000, 0x0000, 0x0000, 0x0000, 0x0000, 0x0000, 0x0000, 0x0000, 0x0000,
  0x0000, 0x0000, 0x0000, 0x0000, 0x0000, 0x0000, 0x0000, 0x0000, 0x0000, 0x0000, 0x0000, 0x0000,
  0x0000, 0x0000, 0x0000, 0x0000, 0x0000, 0x0000, 0x0000, 0x0000, 0x0000, 0x0000, 0x0000, 0x0000,
  0x0000, 0x0000, 0x0000, 0x0000, 0x0000, 0x0000, 0x0000, 0x0000, 0x0000, 0x0000, 0x0000, 0x0000,
  0x0000, 0x0000, 0x0000, 0x0000, 0x0000, 0x0000, 0x0000, 0x0000, 0x0000, 0x0000, 0x0000, 0x0000,
  0x0000, 0x0000, 0x0000, 0x0000, 0x0000, 0x0000, 0x0000, 0x0000, 0x0000, 0x0000, 0x0000, 0x0000,
  0x0000, 0x0000, 0x0000, 0x0000, 0x0000, 0x0000, 0x0000, 0x0000, 0x0000, 0x0000, 0x0000, 0x0000,
  0x0000, 0x0000, 0x0000, 0x0000, 0x0000, 0x0000, 0x6b4f, 0x2127, 0x2127, 0x18c5, 0x18c5, 0x6b4e,
  0x2127, 0x2127, 0x18c5, 0x0862, 0x5aec, 0x10a4, 0x10a4, 0x0862, 0x0862, 0x5aec, 0x10a4, 0x10a4,
  0x10a4, 0x18c5, 0x0000, 0x0000, 0x0000, 0x0000, 0x31e9, 0x31e9, 0x0000, 0x0000, 0x0000, 0x0000,
  0x0000, 0x0000, 0x0000, 0x0000, 0x0000, 0x0000, 0x0000, 0x0000, 0x0000, 0x0000, 0x0000, 0x0000,
  0x0000, 0x0000, 0x0000, 0x0000, 0x0000, 0x0000, 0x0000, 0x0000, 0x0000, 0x0000, 0x0000, 0x0000,
  0x0000, 0x0000, 0x0000, 0x0000, 0x0000, 0x0000, 0x0000, 0x0000, 0x0000, 0x0000, 0x0000, 0x0000,
  0x0000, 0x0000, 0x0000, 0x0000, 0x0000, 0x0000, 0x0000, 0x0000, 0x0000, 0x0000, 0x0000, 0x0000,
  0x0000, 0x0000, 0x0000, 0x0000, 0x0000, 0x0000, 0x0000, 0x0000, 0x0000, 0x0000, 0x0000, 0x0000,
  0x0000, 0x0000, 0x0000, 0x0000, 0x0000, 0x0000, 0x0000, 0x0000, 0x0000, 0x0000, 0x0000, 0x0000,
  0x0000, 0x0000, 0x0000, 0x0000, 0x0000, 0x0000, 0x0000, 0x0000, 0x0000, 0x0000, 0x6b70, 0x3189,
  0x3189, 0x3189, 0x3189, 0x2106, 0x0000, 0x0000, 0x0000, 0x0000, 0x0000, 0x0000, 0x0000, 0x0000,
  0x0000, 0x0000, 0x0000, 0x0000, 0x0000, 0x0000, 0x0000, 0x0000, 0x0000, 0x0000, 0x0000, 0x0000,
  0x0000, 0x0000, 0x0000, 0x0000, 0x0000, 0x0000, 0x0000, 0x0000, 0x0000, 0x0000, 0x0000, 0x0000,
  0x0000, 0x0000, 0x0000, 0x0000, 0x0000, 0x0000, 0x0000, 0x0000, 0x0000, 0x0000, 0x0000, 0x0000,
  0x0000, 0x0000, 0x0000, 0x0000, 0x0000, 0x0000, 0x0000, 0x0000, 0x0000, 0x0000, 0x0000, 0x0000,
  0x0000, 0x0000, 0x0000, 0x0000, 0x0000, 0x0000, 0x0000, 0x0000, 0x0000, 0x0000, 0x0000, 0x0000,
  0x0000, 0x0000, 0x0000, 0x0000, 0x0000, 0x0000, 0x0000, 0x0000, 0x0000, 0x0000, 0x0000, 0x0000,
  0x0000, 0x0000, 0x0000, 0x0000, 0x0000, 0x0000, 0x0000, 0x0000, 0x0000, 0x0000, 0x0000, 0x0000,
  0x0000, 0x0000, 0x0000, 0x0000, 0x0000, 0x0000, 0x0000, 0x0000, 0x0000, 0x0000, 0x0000, 0x0000,
  0x0000, 0x0000, 0x0000, 0x0000, 0x0000, 0x0000, 0x0000, 0x0000, 0x0000, 0x0000, 0x0000, 0x0000,
  0x0000, 0x0000, 0x0000, 0x0000, 0x0000, 0x0000, 0x0000, 0x0000, 0x0000, 0x0000, 0x0000, 0x0000,
  0x0000, 0x0000, 0x0000, 0x0000, 0x0000, 0x0000, 0x0000, 0x0000, 0x0000, 0x0000, 0x0000, 0x0000,
  0x0000, 0x0000, 0x0000, 0x0000, 0x0000, 0x0000, 0x0000, 0x0000, 0x0000, 0x0000, 0x0000, 0x0000,
  0x0000, 0x0000, 0x0000, 0x0000, 0x0000, 0x6b4f, 0x2927, 0x2127, 0x18c5, 0x18c5, 0x6b4e, 0x2127,
  0x2127, 0x18c5, 0x0862, 0x5aec, 0x10a4, 0x10a4, 0x0862, 0x0862, 0x5aec, 0x10a4, 0x10a4, 0x10a4,
  0x18c5, 0x0000, 0x18c5, 0x0000, 0x31e9, 0x0000, 0x18c5, 0x31e9, 0x18c5, 0x0000, 0x18c5, 0x0000,
  0x18c5, 0x0000, 0x18c5, 0x0000, 0x18c5, 0x0000, 0x18c5, 0x0000, 0x18c5, 0x0000, 0x18c5, 0x0000,
  0x18c5, 0x0000, 0x18c5, 0x0000, 0x18c5, 0x0000, 0x18c5, 0x0000, 0x18c5, 0x0000, 0x18c5, 0x0000,
  0x18c5, 0x0000, 0x18c5, 0x0000, 0x18c5, 0x0000, 0x18c5, 0x0000, 0x18c5, 0x0000, 0x18c5, 0x0000,
  0x18c5, 0x0000, 0x18c5, 0x0000, 0x18c5, 0x0000, 0x18c5, 0x0000, 0x18c5, 0x0000, 0x18c5, 0x0000,
  0x18c5, 0x0000, 0x07a0, 0x07a0, 0x07a0, 0x0000, 0x18c5, 0x0000, 0x18c5, 0x0000, 0x18c5, 0x0000,
  0x18c5, 0x0000, 0x18c5, 0x0000, 0x18c5, 0x0000, 0x18c5, 0x0000, 0x18c5, 0x0000, 0x18c5, 0x0000,
  0x18c5, 0x0000, 0x18c5, 0x0000, 0x18c5, 0x0000, 0x18c5, 0x0000, 0x18c5, 0x6b70, 0x3189, 0x3189,
  0x3189, 0x3189, 0x2106, 0x0000, 0x0000, 0x0000, 0x0000, 0x0000, 0x0000, 0x0000, 0x0000, 0x0000,
  0x0000, 0x0000, 0x0000, 0x0000, 0x0000, 0x0000, 0x0000, 0x0000, 0x0000, 0x0000, 0x0000, 0x0000,
  0x0000, 0x0000, 0x0000, 0x0000, 0x0000, 0x0000, 0x0000, 0x0000, 0x0000, 0x0000, 0x0000, 0x0000,
  0x0000, 0x0000, 0x0000, 0x0000, 0x0000, 0x0000, 0x0000, 0x0000, 0x0000, 0x0000, 0x0000, 0x0000,
  0x0000, 0x0000, 0x0000, 0x0000, 0x0000, 0x0000, 0x0000, 0x0000, 0x0000, 0x0000, 0x0000, 0x0000,
  0x0000, 0x0000, 0x0000, 0x0000, 0x0000, 0x0000, 0x0000, 0x0000, 0x0000, 0x0000, 0x0000, 0x0000,
  0x0000, 0x0000, 0x0000, 0x0000, 0x0000, 0x0000, 0x0000, 0x0000, 0x0000, 0x0000, 0x0000, 0x0000,
  0x0000, 0x0000, 0x0000, 0x0000, 0x0000, 0x0000, 0x0000, 0x0000, 0x0000, 0x0000, 0x0000, 0x0000,
  0x0000, 0x0000, 0x0000, 0x0000, 0x0000, 0x0000, 0x0000, 0x0000, 0x0000, 0x0000, 0x0000, 0x0000,
  0x0000, 0x0000, 0x0000, 0x0000, 0x0000, 0x0000, 0x0000, 0x0000, 0x0000, 0x0000, 0x0000, 0x0000,
  0x0000, 0x0000, 0x0000, 0x0000, 0x0000, 0x0000, 0x0000, 0x0000, 0x0000, 0x0000, 0x0000, 0x0000,
  0x0000, 0x0000, 0x0000, 0x0000, 0x0000, 0x0000, 0x0000, 0x0000, 0x0000, 0x0000, 0x0000, 0x0000,
  0x0000, 0x0000, 0x0000, 0x0000, 0x0000, 0x0000, 0x0000, 0x0000, 0x0000, 0x0000, 0x0000, 0x0000,
  0x0000, 0x0000, 0x0000, 0x0000, 0x6b4f, 0x2127, 0x2127, 0x18c5, 0x18c5, 0x632e, 0x2127, 0x2127,
  0x18c5, 0x0862, 0x5aec, 0x10a4, 0x10a4, 0x0862, 0x0862, 0x5aec, 0x10a4, 0x10a4, 0x10a4, 0x18c5,
  0x0000, 0x0000, 0x0000, 0x31e9, 0x0000, 0x0000, 0x31e9, 0x0000, 0x0000, 0x0000, 0x0000, 0x0000,
  0x0000, 0x0000, 0x0000, 0x0000, 0x0000, 0x0000, 0x0000, 0x0000, 0x0000, 0x0000, 0x0000, 0x0000,
  0x0000, 0x0000, 0x0000, 0x0000, 0x0000, 0x0000, 0x0000, 0x0000, 0x0000, 0x0000, 0x0000, 0x0000,
  0x0000, 0x0000, 0x0000, 0x0000, 0x0000, 0x0000, 0x0000, 0x0000, 0x0000, 0x0000, 0x0000, 0x0000,
  0x0000, 0x0000, 0x0000, 0x0000, 0x0000, 0x0000, 0x0000, 0x0000, 0x0000, 0x0000, 0x0000, 0x0000,
  0x0000, 0x0000, 0x0000, 0x0000, 0x0000, 0x0000, 0x0000, 0x0000, 0x0000, 0x0000, 0x0000, 0x0000,
  0x0000, 0x0000, 0x0000, 0x0000, 0x0000, 0x0000, 0x0000, 0x0000, 0x0000, 0x0000, 0x0000, 0x0000,
  0x0000, 0x0000, 0x0000, 0x0000, 0x0000, 0x0000, 0x0000, 0x0000, 0x6b70, 0x3189, 0x3189, 0x3189,
  0x3189, 0x2106, 0x0000, 0x0000, 0x0000, 0x0000, 0x0000, 0x0000, 0x0000, 0x0000, 0x0000, 0x0000,
  0x0000, 0x0000, 0x0000, 0x0000, 0x0000, 0x0000, 0x0000, 0x0000, 0x0000, 0x0000, 0x0000, 0x0000,
  0x0000, 0x0000, 0x0000, 0x0000, 0x0000, 0x0000, 0x0000, 0x0000, 0x0000, 0x0000, 0x0000, 0x0000,
  0x0000, 0x0000, 0x0000, 0x0000, 0x0000, 0x0000, 0x0000, 0x0000, 0x0000, 0x0000, 0x0000, 0x0000,
  0x0000, 0x0000, 0x0000, 0x0000, 0x0000, 0x0000, 0x0000, 0x0000, 0x0000, 0x0000, 0x0000, 0x0000,
  0x0000, 0x0000, 0x0000, 0x0000, 0x0000, 0x0000, 0x0000, 0x0000, 0x0000, 0x0000, 0x0000, 0x0000,
  0x0000, 0x0000, 0x0000, 0x0000, 0x0000, 0x0000, 0x0000, 0x0000, 0x0000, 0x0000, 0x0000, 0x0000,
  0x0000, 0x0000, 0x0000, 0x0000, 0x0000, 0x0000, 0x0000, 0x0000, 0x0000, 0x0000, 0x0000, 0x0000,
  0x0000, 0x0000, 0x0000, 0x0000, 0x0000, 0x0000, 0x0000, 0x0000, 0x0000, 0x0000, 0x0000, 0x0000,
  0x0000, 0x0000, 0x0000, 0x0000, 0x0000, 0x0000, 0x0000, 0x0000, 0x0000, 0x0000, 0x0000, 0x0000,
  0x0000, 0x0000, 0x0000, 0x0000, 0x0000, 0x0000, 0x0000, 0x0000, 0x0000, 0x0000, 0x0000, 0x0000,
  0x0000, 0x0000, 0x0000, 0x0000, 0x0000, 0x0000, 0x0000, 0x0000, 0x0000, 0x0000, 0x0000, 0x0000,
  0x0000, 0x0000, 0x0000, 0x0000, 0x0000, 0x0000, 0x0000, 0x0000, 0x0000, 0x0000, 0x0000, 0x0000,
  0x0000, 0x0000, 0x0000, 0x6b4e, 0x2127, 0x2127, 0x18c5, 0x18c5, 0x632e, 0x2127, 0x2127, 0x18c5,
  0x0862, 0x5aec, 0x10a4, 0x10a4, 0x0862, 0x0862, 0x5aec, 0x10a4, 0x10a4, 0x10a4, 0x18c5, 0x0000,
  0x18c5, 0x0000, 0x31e9, 0x31e9, 0x31e9, 0x31e9, 0x18c5, 0x0000, 0x18c5, 0x0000, 0x18c5, 0x0000,
  0x18c5, 0x0000, 0x18c5, 0x0000, 0x18c5, 0x0000, 0x18c5, 0x0000, 0x18c5, 0x0000, 0x18c5, 0x0000,
  0x18c5, 0x0000, 0x18c5, 0x0000, 0x18c5, 0x0000, 0x18c5, 0x0000, 0x18c5, 0x0000, 0x18c5, 0x0000,
  0x18c5, 0x0000, 0x18c5, 0x0000, 0x18c5, 0x0000, 0x18c5, 0x0000, 0x18c5, 0x0000, 0x18c5, 0x0000,
  0x18c5, 0x0000, 0x18c5, 0x0000, 0x18c5, 0x0000, 0x18c5, 0x0000, 0x18c5, 0x0000, 0x18c5, 0x0000,
  0x18c5, 0x0000, 0x18c5, 0x0000, 0x18c5, 0x0000, 0x18c5, 0x0000, 0x18c5, 0x0000, 0x18c5, 0x0000,
  0x18c5, 0x0000, 0x18c5, 0x0000, 0x18c5, 0x0000, 0x18c5, 0x0000, 0x18c5, 0x0000, 0x18c5, 0x0000,
  0x18c5, 0x0000, 0x18c5, 0x0000, 0x18c5, 0x0000, 0x18c5, 0x6b70, 0x3189, 0x3189, 0x3189, 0x3189,
  0x2106, 0x6b70, 0x6b70, 0x6b70, 0x6b70, 0x6b70, 0x7390, 0x7390, 0x7390, 0x7390, 0x7390, 0x7390,
  0x7390, 0x7390, 0x7390, 0x7390, 0x7390, 0x7390, 0x7390, 0x7390, 0x7391, 0x7391, 0x7391, 0x7391,
  0x7391, 0x7391, 0x7391, 0x7391, 0x7391, 0x7391, 0x7391, 0x7391, 0x7391, 0x7391, 0x7391, 0x7391,
  0x7391, 0x7391, 0x7391, 0x7391, 0x7391, 0x7391, 0x7391, 0x73b1, 0x7391, 0x73b1, 0x73b1, 0x73b1,
  0x73b1, 0x73b1, 0x73b1, 0x73b1, 0x73b1, 0x73b1, 0x73b1, 0x73b1, 0x73b1, 0x73b1, 0x73b1, 0x73b1,
  0x73b1, 0x73b1, 0x73b1, 0x73b1, 0x73b1, 0x73b1, 0x73b1, 0x73b1, 0x73b1, 0x73b1, 0x73b1, 0x73b1,
  0x73b1, 0x73b1, 0x73b1, 0x73b1, 0x73b1, 0x73b1, 0x7391, 0x7391, 0x73b1, 0x7391, 0x7391, 0x73b1,
  0x7391, 0x7391, 0x7391, 0x7391, 0x7391, 0x7391, 0x7391, 0x7391, 0x7391, 0x7391, 0x7391, 0x7391,
  0x7391, 0x7391, 0x7391, 0x7391, 0x7391, 0x7391, 0x7390, 0x7391, 0x7390, 0x7390, 0x7390, 0x7390,
  0x7390, 0x7390, 0x7390, 0x7390, 0x7390, 0x7390, 0x6b70, 0x6b70, 0x7390, 0x6b70, 0x6b70, 0x6b70,
  0x6b70, 0x6b70, 0x6b70, 0x6b70, 0x6b70, 0x6b70, 0x6b70, 0x6b70, 0x6b70, 0x6b70, 0x6b6f, 0x6b6f,
  0x6b6f, 0x6b6f, 0x6b6f, 0x6b6f, 0x6b6f, 0x6b6f, 0x6b6f, 0x6b6f, 0x6b6f, 0x6b4f, 0x6b4f, 0x6b4f,
  0x6b4f, 0x6b4f, 0x6b4f, 0x6b4f, 0x6b4f, 0x6b4f, 0x6b4f, 0x6b4f, 0x6b4f, 0x6b4f, 0x6b4f, 0x6b4f,
  0x6b4f, 0x6b4f, 0x6b4e, 0x2927, 0x2127, 0x18c5, 0x18c5, 0x632e, 0x2127, 0x2127, 0x18c5, 0x0862,
  0x5aec, 0x10a4, 0x10a4, 0x0862, 0x0862, 0x5aec, 0x10a4, 0x10a4, 0x10a4, 0x18c5, 0x0000, 0x0000,
  0x0000, 0x31e9, 0x0000, 0x0000, 0x31e9, 0x0000, 0x0000, 0x0000, 0x0000, 0x0000, 0x0000, 0x0000,
  0x0000, 0x0000, 0x0000, 0x0000, 0x0000, 0x0000, 0x0000, 0x0000, 0x0000, 0x0000, 0x0000, 0x0000,
  0x0000, 0x0000, 0x0000, 0x0000, 0x0000, 0x0000, 0x0000, 0x0000, 0x0000, 0x0000, 0x0000, 0x0000,
  0x0000, 0x0000, 0x0000, 0x0000, 0x0000, 0x0000, 0x0000, 0x0000, 0x0000, 0x0000, 0x0000, 0x0000,
  0x0000, 0x0000, 0x0000, 0x0000, 0x0000, 0x0000, 0x0000, 0x0000, 0x0000, 0x0000, 0x0000, 0x0000,
  0x0000, 0x0000, 0x0000, 0x0000, 0x0000, 0x0000, 0x0000, 0x0000, 0x0000, 0x0000, 0x0000, 0x0000,
  0x0000, 0x0000, 0x0000, 0x0000, 0x0000, 0x0000, 0x0000, 0x0000, 0x0000, 0x0000, 0x0000, 0x0000,
  0x0000, 0x0000, 0x0000, 0x0000, 0x0000, 0x0000, 0x6b70, 0x3189, 0x3189, 0x3189, 0x3189, 0x3189,
  0x3189, 0x3189, 0x3189, 0x3189, 0x3189, 0x318a, 0x318a, 0x318a, 0x31aa, 0x31aa, 0x31aa, 0x318a,
  0x318a, 0x31aa, 0x31aa, 0x31aa, 0x31aa, 0x31aa, 0x31aa, 0x31aa, 0x31aa, 0x31aa, 0x31aa, 0x31aa,
  0x31aa, 0x31aa, 0x31aa, 0x31aa, 0x31aa, 0x31aa, 0x31aa, 0x31aa, 0x31aa, 0x39aa, 0x31cb, 0x31aa,
  0x39ab, 0x39ab, 0x39ab, 0x39ab, 0x39ab, 0x39cb, 0x39cb, 0x39cb, 0x39cb, 0x39cb, 0x39cb, 0x39cb,
  0x39cb, 0x39cb, 0x39cb, 0x39cb, 0x39cb, 0x39cb, 0x39cb, 0x39cb, 0x39cb, 0x39cb, 0x39cb, 0x39cb,
  0x39cb, 0x39cb, 0x39cb, 0x39cb, 0x39cb, 0x39cb, 0x39cb, 0x39cb, 0x39cb, 0x39cb, 0x39cb, 0x39cb,
  0x39cb, 0x39cb, 0x39cb, 0x39cb, 0x39cb, 0x39cb, 0x39cb, 0x39cb, 0x39ab, 0x39ab, 0x31cb, 0x31cb,
  0x39ab, 0x31ab, 0x31aa, 0x31aa, 0x31aa, 0x31aa, 0x31aa, 0x31aa, 0x31aa, 0x31aa, 0x31aa, 0x31aa,
  0x31aa, 0x31aa, 0x31aa, 0x31aa, 0x31aa, 0x31aa, 0x31aa, 0x31aa, 0x31aa, 0x31aa, 0x31aa, 0x31aa,
  0x31aa, 0x31aa, 0x318a, 0x318a, 0x318a, 0x318a, 0x3189, 0x3189, 0x3189, 0x3189, 0x3189, 0x3189,
  0x3189, 0x3189, 0x3189, 0x3189, 0x2989, 0x3169, 0x3169, 0x2969, 0x2969, 0x2969, 0x2969, 0x2969,
  0x2969, 0x2968, 0x2968, 0x2968, 0x2968, 0x2968, 0x2968, 0x2948, 0x2968, 0x2948, 0x2948, 0x2948,
  0x2948, 0x2948, 0x2948, 0x2948, 0x2948, 0x2948, 0x2948, 0x2947, 0x2927, 0x2127, 0x2147, 0x2927,
  0x2927, 0x2127, 0x2127, 0x2127, 0x18c5, 0x18c5, 0x632e, 0x2127, 0x2127, 0x18c4, 0x0862, 0x5aec,
  0x10a4, 0x10a4, 0x1083, 0x0862, 0x5aec, 0x10a4, 0x10a4, 0x10a4, 0x18c5, 0x0000, 0x18c5, 0x0000,
  0x31e9, 0x0000, 0x18c5, 0x31e9, 0x18c5, 0x0000, 0x18c5, 0x0000, 0x18c5, 0x0000, 0x18c5, 0x0000,
  0x18c5, 0x0000, 0x18c5, 0x0000, 0x18c5, 0x0000, 0x18c5, 0x0000, 0x18c5, 0x0000, 0x18c5, 0x0000,
  0x18c5, 0x0000, 0x18c5, 0x0000, 0x18c5, 0x0000, 0x18c5, 0x0000, 0x18c5, 0x0000, 0x18c5, 0x0000,
  0x18c5, 0x0000, 0x18c5, 0x0000, 0x18c5, 0x0000, 0x18c5, 0x0000, 0x18c5, 0x0000, 0x18c5, 0x0000,
  0x18c5, 0x0000, 0x18c5, 0x0000, 0x18c5, 0x0000, 0x18c5, 0x0000, 0x18c5, 0x0000, 0x18c5, 0x0000,
  0x18c5, 0x0000, 0x18c5, 0x0000, 0x18c5, 0x0000, 0x18c5, 0x0000, 0x18c5, 0x0000, 0x18c5, 0x0000,
  0x18c5, 0x0000, 0x18c5, 0x0000, 0x18c5, 0x0000, 0x18c5, 0x0000, 0x18c5, 0x0000, 0x18c5, 0x0000,
  0x18c5, 0x0000, 0x18c5, 0x0000, 0x18c5, 0x6b70, 0x3189, 0x3189, 0x3189, 0x3189, 0x3189, 0x3189,
  0x3189, 0x3189, 0x3189, 0x3189, 0x318a, 0x3189, 0x318a, 0x31aa, 0x318a, 0x318a, 0x31aa, 0x31aa,
  0x31aa, 0x31aa, 0x31aa, 0x31aa, 0x31aa, 0x31aa, 0x31aa, 0x31aa, 0x31aa, 0x31aa, 0x31aa, 0x31aa,
  0x31aa, 0x31aa, 0x31aa, 0x31aa, 0x31aa, 0x31aa, 0x31aa, 0x39ca, 0x31aa, 0x31aa, 0x39aa, 0x39ab,
  0x39ab, 0x39ab, 0x39ab, 0x39cb, 0x39cb, 0x39cb, 0x39cb, 0x39cb, 0x39cb, 0x39cb, 0x39cb, 0x39cb,
  0x39cb, 0x39cb, 0x39cb, 0x39cb, 0x39cb, 0x39cb, 0x39cb, 0x39cb, 0x39cb, 0x39cb, 0x39cb, 0x39cb,
  0x39cb, 0x39cb, 0x39cb, 0x39cb, 0x39cb, 0x39cb, 0x39cb, 0x39cb, 0x39cb, 0x39cb, 0x39cb, 0x39cb,
  0x39cb, 0x39cb, 0x39cb, 0x39cb, 0x39cb, 0x39cb, 0x39cb, 0x39ab, 0x39ab, 0x31cb, 0x39ab, 0x39ca,
  0x31aa, 0x31aa, 0x31aa, 0x31aa, 0x31aa, 0x31aa, 0x31aa, 0x31aa, 0x31aa, 0x31aa, 0x31aa, 0x31aa,
  0x31aa, 0x31aa, 0x31aa, 0x31aa, 0x31aa, 0x31aa, 0x31aa, 0x31aa, 0x31aa, 0x31aa, 0x318a, 0x318a,
  0x31aa, 0x318a, 0x318a, 0x318a, 0x318a, 0x3189, 0x3189, 0x3189, 0x3189, 0x3189, 0x3189, 0x3189,
  0x3189, 0x3189, 0x3189, 0x3189, 0x2989, 0x2969, 0x2969, 0x2969, 0x2969, 0x2969, 0x2969, 0x2969,
  0x2968, 0x2968, 0x2968, 0x2968, 0x2968, 0x2968, 0x2968, 0x2948, 0x2968, 0x2948, 0x2948, 0x2948,
  0x2948, 0x2948, 0x2948, 0x2948, 0x2948, 0x2948, 0x2947, 0x2927, 0x2127, 0x2147, 0x2927, 0x2127,
  0x2127, 0x2127, 0x2127, 0x18c5, 0x18c5, 0x632e, 0x2127, 0x2127, 0x18c4, 0x0862, 0x5aec, 0x10a4,
  0x10a4, 0x0862, 0x1083, 0x5aec, 0x10a4, 0x18a4, 0x10c4, 0x18c5, 0x0000, 0x0000, 0x0000, 0x0000,
  0x0000, 0x0000, 0x0000, 0x0000, 0x0000, 0x0000, 0x0000, 0x0000, 0x0000, 0x0000, 0x0000, 0x0000,
  0x0000, 0x0000, 0x0000, 0x0000, 0x0000, 0x0000, 0x0000, 0x0000, 0x0000, 0x0000, 0x0000, 0x0000,
  0x0000, 0x0000, 0x0000, 0x0000, 0x0000, 0x0000, 0x0000, 0x0000, 0x0000, 0x0000, 0x0000, 0x0000,
  0x0000, 0x0000, 0x0000, 0x0000, 0x0000, 0x0000, 0x0000, 0x0000, 0x0000, 0x0000, 0x0000, 0x0000,
  0x0000, 0x0000, 0x0000, 0x0000, 0x0000, 0x0000, 0x0000, 0x0000, 0x0000, 0x0000, 0x0000, 0x0000,
  0x0000, 0x0000, 0x0000, 0x0000, 0x0000, 0x0000, 0x0000, 0x0000, 0x0000, 0x0000, 0x0000, 0x0000,
  0x0000, 0x0000, 0x0000, 0x0000, 0x0000, 0x0000, 0x0000, 0x0000, 0x0000, 0x0000, 0x0000, 0x0000,
  0x0000, 0x0000, 0x0000, 0x0000, 0x6b70, 0x3189, 0x3189, 0x3189, 0x3189, 0x3189, 0x3189, 0x3189,
  0x3189, 0x3189, 0x318a, 0x3189, 0x318a, 0x318a, 0x318a, 0x318a, 0x318a, 0x31aa, 0x31aa, 0x31aa,
  0x31aa, 0x31aa, 0x31aa, 0x31aa, 0x31aa, 0x31aa, 0x31aa, 0x31aa, 0x31aa, 0x31aa, 0x31aa, 0x31aa,
  0x31aa, 0x31aa, 0x31aa, 0x31aa, 0x31aa, 0x39aa, 0x31aa, 0x39ab, 0x39aa, 0x39ca, 0x39ab, 0x39ab,
  0x39ab, 0x39cb, 0x39cb, 0x39ab, 0x39ab, 0x39cb, 0x39cb, 0x39cb, 0x39cb, 0x39cb, 0x39cb, 0x39cb,
  0x39cb, 0x39cb, 0x39cb, 0x39cb, 0x39cb, 0x39cb, 0x39cb, 0x39cb, 0x39cb, 0x39cb, 0x39cb, 0x39cb,
  0x39cb, 0x39cb, 0x39cb, 0x39cb, 0x39cb, 0x39cb, 0x39cb, 0x39cb, 0x39cb, 0x39cb, 0x39cb, 0x39cb,
  0x39cb, 0x39cb, 0x39cb, 0x39cb, 0x39cb, 0x39ab, 0x39ab, 0x39ab, 0x39ab, 0x31ab, 0x39ab, 0x39ab,
  0x31ab, 0x39aa, 0x31aa, 0x31aa, 0x31aa, 0x31aa, 0x31aa, 0x31aa, 0x31aa, 0x31aa, 0x31aa, 0x31aa,
  0x31aa, 0x31aa, 0x31aa, 0x31aa, 0x31aa, 0x31aa, 0x31aa, 0x31aa, 0x31aa, 0x31aa, 0x318a, 0x318a,
  0x318a, 0x318a, 0x3189, 0x3189, 0x3189, 0x3189, 0x3189, 0x3189, 0x3189, 0x3189, 0x3189, 0x3189,
  0x3189, 0x3189, 0x3189, 0x3189, 0x2969, 0x2969, 0x2969, 0x2969, 0x2969, 0x2969, 0x2969, 0x2968,
  0x2968, 0x2968, 0x2968, 0x2968, 0x2968, 0x2948, 0x2948, 0x2948, 0x2948, 0x2948, 0x2948, 0x2948,
  0x2948, 0x2948, 0x2948, 0x2948, 0x2947, 0x2927, 0x2927, 0x2127, 0x2927, 0x2927, 0x2127, 0x2127,
  0x2127, 0x2127, 0x18c5, 0x18c5, 0x632e, 0x2127, 0x2127, 0x18c4, 0x0862, 0x5aec, 0x10a4, 0x10a4,
  0x1083, 0x1083, 0x5aec, 0x10a4, 0x18a4, 0x18a4, 0x18c5, 0x0000, 0x18c5, 0x0000, 0x18c5, 0x0000,
  0x18c5, 0x0000, 0x18c5, 0x0000, 0x18c5, 0x0000, 0x18c5, 0x0000, 0x18c5, 0x0000, 0x18c5, 0x0000,
  0x18c5, 0x0000, 0x18c5, 0x0000, 0x18c5, 0x0000, 0x18c5, 0x0000, 0x18c5, 0x0000, 0x18c5, 0x0000,
  0x18c5, 0x0000, 0x18c5, 0x0000, 0x18c5, 0x0000, 0x18c5, 0x0000, 0x18c5, 0x0000, 0x18c5, 0x0000,
  0x18c5, 0x0000, 0x18c5, 0x0000, 0x18c5, 0x0000, 0x18c5, 0x0000, 0x18c5, 0x0000, 0x18c5, 0x0000,
  0x18c5, 0x0000, 0x18c5, 0x0000, 0x18c5, 0x0000, 0x18c5, 0x0000, 0x18c5, 0x0000, 0x18c5, 0x0000,
  0x18c5, 0x0000, 0x18c5, 0x0000, 0x18c5, 0x0000, 0x18c5, 0x0000, 0x18c5, 0x0000, 0x18c5, 0x0000,
  0x18c5, 0x0000, 0x18c5, 0x0000, 0x18c5, 0x0000, 0x18c5, 0x0000, 0x18c5, 0x0000, 0x18c5, 0x0000,
  0x18c5, 0x0000, 0x18c5, 0x6b70, 0x3189, 0x3189, 0x3189, 0x3189, 0x2106, 0x2106, 0x2106, 0x2106,
  0x2126, 0x2107, 0x2107, 0x2107, 0x2127, 0x2127, 0x2127, 0x2127, 0x2127, 0x2127, 0x2127, 0x2127,
  0x2127, 0x2127, 0x2127, 0x2127, 0x31aa, 0x31aa, 0x31aa, 0x31aa, 0x31aa, 0x31aa, 0x31aa, 0x31aa,
  0x31aa, 0x31aa, 0x31aa, 0x31aa, 0x31aa, 0x31ab, 0x31ab, 0x31ab, 0x39ab, 0x39ab, 0x39ab, 0x39ab,
  0x39ab, 0x39cb, 0x39ab, 0x39cb, 0x39cb, 0x2127, 0x2927, 0x2947, 0x2947, 0x2927, 0x2927, 0x2947,
  0x2927, 0x2947, 0x2927, 0x2947, 0x2947, 0x2947, 0x2947, 0x2947, 0x39cb, 0x39cb, 0x39cb, 0x39cb,
  0x39cb, 0x39cb, 0x39cb, 0x39cb, 0x39cb, 0x39cb, 0x39cb, 0x39cb, 0x39cb, 0x39cb, 0x39cb, 0x39cb,
  0x39ab, 0x39cb, 0x39ab, 0x39ab, 0x39ab, 0x31cb, 0x39ab, 0x31aa, 0x39aa, 0x31cb, 0x31aa, 0x31aa,
  0x31aa, 0x31aa, 0x31aa, 0x31aa, 0x31aa, 0x31aa, 0x31aa, 0x31aa, 0x31aa, 0x31aa, 0x31aa, 0x31aa,
  0x31aa, 0x31aa, 0x31aa, 0x31aa, 0x31aa, 0x31aa, 0x31aa, 0x31aa, 0x318a, 0x318a, 0x318a, 0x318a,
  0x3189, 0x318a, 0x3189, 0x3189, 0x3189, 0x3189, 0x3189, 0x3189, 0x3189, 0x3189, 0x3189, 0x3189,
  0x3189, 0x3169, 0x2969, 0x2969, 0x2969, 0x2969, 0x2969, 0x2969, 0x2969, 0x2968, 0x2968, 0x2968,
  0x2968, 0x2968, 0x2968, 0x2968, 0x2968, 0x2948, 0x2948, 0x2948, 0x2948, 0x2948, 0x2948, 0x2948,
  0x2948, 0x2948, 0x2948, 0x2947, 0x2927, 0x2927, 0x2127, 0x2927, 0x2127, 0x2927, 0x2127, 0x2127,
  0x2127, 0x18c5, 0x18c5, 0x632e, 0x2127, 0x2107, 0x18c4, 0x0862, 0x5aec, 0x10a4, 0x10a4, 0x1083,
  0x1083, 0x5aec, 0x10a4, 0x10a4, 0x18a4, 0x18c5, 0x0000, 0x0000, 0x0000, 0x31e9, 0x31e9, 0x31e9,
  0x0000, 0x0000, 0x0000, 0x0000, 0x0000, 0x0000, 0x0000, 0x0000, 0x0000, 0x0000, 0x0000, 0x0000,
  0x0000, 0x0000, 0x0000, 0x0000, 0x0000, 0x0000, 0x0000, 0x0000, 0x0000, 0x0000, 0x0000, 0x0000,
  0x0000, 0x0000, 0x0000, 0x0000, 0x0000, 0x0000, 0x0000, 0x0000, 0x0000, 0x0000, 0x0000, 0x0000,
  0x0000, 0x0000, 0x0000, 0x0000, 0x0000, 0x0000, 0x0000, 0x0000, 0x0000, 0x0000, 0x0000, 0x0000,
  0x0000, 0x0000, 0x0000, 0x0000, 0x0000, 0x0000, 0x0000, 0x0000, 0x0000, 0x0000, 0x0000, 0x0000,
  0x0000, 0x0000, 0x0000, 0x0000, 0x0000, 0x0000, 0x0000, 0x0000, 0x0000, 0x0000, 0x0000, 0x0000,
  0x0000, 0x0000, 0x0000, 0x0000, 0x0000, 0x0000, 0x0000, 0x0000, 0x0000, 0x0000, 0x0000, 0x0000,
  0x0000, 0x0000, 0x6b70, 0x3189, 0x3189, 0x3189, 0x3189, 0x2106, 0x0000, 0x0000, 0x0000, 0x0000,
  0x0000, 0x0000, 0x0000, 0x0000, 0x0000, 0x0000, 0x0000, 0x0000, 0x0000, 0x0000, 0x0000, 0x0000,
  0x0000, 0x0000, 0x7391, 0x31aa, 0x31aa, 0x31aa, 0x31aa, 0x31aa, 0x31aa, 0x31aa, 0x31aa, 0x31aa,
  0x31aa, 0x31aa, 0x31aa, 0x31aa, 0x31aa, 0x39ca, 0x39aa, 0x31ab, 0x31cb, 0x39cb, 0x39ab, 0x39ab,
  0x39ab, 0x39cb, 0x39cb, 0x39cb, 0x2927, 0x0000, 0x0000, 0x0000, 0x0000, 0x0000, 0x0000, 0x0000,
  0x0000, 0x0000, 0x0000, 0x0000, 0x0000, 0x0000, 0x73b1, 0x39cb, 0x39cb, 0x39cb, 0x39cb, 0x39cb,
  0x39cb, 0x39cb, 0x39cb, 0x39cb, 0x39cb, 0x39cb, 0x39cb, 0x39cb, 0x39cb, 0x39cb, 0x39cb, 0x39cb,
  0x39cb, 0x39cb, 0x39cb, 0x39cb, 0x39ab, 0x39ab, 0x39ab, 0x39ab, 0x39aa, 0x31ab, 0x31aa, 0x31aa,
  0x31aa, 0x31aa, 0x31aa, 0x31aa, 0x31aa, 0x31aa, 0x31aa, 0x31aa, 0x31aa, 0x31aa, 0x31aa, 0x31aa,
  0x31aa, 0x31aa, 0x31aa, 0x31aa, 0x31aa, 0x31aa, 0x31aa, 0x31aa, 0x318a, 0x31aa, 0x318a, 0x318a,
  0x318a, 0x318a, 0x3189, 0x3189, 0x3189, 0x3189, 0x3189, 0x3189, 0x3189, 0x3189, 0x3189, 0x3189,
  0x3189, 0x3189, 0x3189, 0x3169, 0x2969, 0x2969, 0x2969, 0x2969, 0x2969, 0x2968, 0x2968, 0x2988,
  0x2988, 0x2988, 0x2988, 0x29a8, 0x29a8, 0x29a8, 0x29a8, 0x2988, 0x2988, 0x2968, 0x2988, 0x2968,
  0x2968, 0x2968, 0x2967, 0x2967, 0x2967, 0x2947, 0x2947, 0x2947, 0x2147, 0x2147, 0x2127, 0x2127,
  0x2127, 0x18c5, 0x632e, 0x2127, 0x2107, 0x18c4, 0x0862, 0x5aec, 0x10a4, 0x10a4, 0x1083, 0x1083,
  0x5aec, 0x10a4, 0x10c4, 0x18a4, 0x18c5, 0x0000, 0x18c5, 0x0000, 0x18c5, 0x31e9, 0x18c5, 0x0000,
  0x18c5, 0x0000, 0x18c5, 0x0000, 0x0290, 0x0000, 0x18c5, 0x0000, 0x18c5, 0x0000, 0x18c5, 0x0000,
  0x18c5, 0x0000, 0x18c5, 0x0000, 0x18c5, 0x0000, 0x18c5, 0x0000, 0x18c5, 0x0000, 0x18c5, 0x0000,
  0x18c5, 0x0000, 0x18c5, 0x0000, 0x18c5, 0x0000, 0x18c5, 0x0000, 0x18c5, 0x0000, 0x18c5, 0x0000,
  0x18c5, 0x0000, 0x18c5, 0x0000, 0x18c5, 0x0000, 0x18c5, 0x0000, 0x18c5, 0x0000, 0x18c5, 0x0000,
  0x18c5, 0x0000, 0x18c5, 0x0000, 0x18c5, 0x0000, 0x18c5, 0x0000, 0x18c5, 0x0000, 0x18c5, 0x0000,
  0x18c5, 0x0000, 0x18c5, 0x0000, 0x18c5, 0x0000, 0x18c5, 0x0000, 0x18c5, 0x0000, 0x18c5, 0x0000,
  0x18c5, 0x0000, 0x18c5, 0x0000, 0x18c5, 0x0000, 0x18c5, 0x0000, 0x18c5, 0x0000, 0x18c5, 0x0000,
  0x18c5, 0x6b70, 0x3189, 0x3189, 0x3189, 0x3189, 0x2106, 0x0000, 0x0000, 0x0000, 0x0000, 0x0000,
  0x0000, 0x0000, 0x0000, 0x0000, 0x0000, 0x0000, 0x0000, 0x0000, 0x0000, 0x0000, 0x0000, 0x0000,
  0x0000, 0x7391, 0x31aa, 0x31aa, 0x31aa, 0x31aa, 0x31aa, 0x31aa, 0x31aa, 0x31aa, 0x31aa, 0x31aa,
  0x31aa, 0x31aa, 0x31aa, 0x31aa, 0x31aa, 0x31cb, 0x39ab, 0x39ab, 0x39cb, 0x39cb, 0x39ab, 0x39cb,
  0x39cb, 0x39cb, 0x39cb, 0x2127, 0x0000, 0x0000, 0x0000, 0x0000, 0x0000, 0x0000, 0x0000, 0x0000,
  0x0000, 0x0000, 0x0000, 0x0000, 0x0000, 0x73b1, 0x39cb, 0x39cb, 0x39cb, 0x39cb, 0x39cb, 0x39cb,
  0x39cb, 0x39cb, 0x39cb, 0x39cb, 0x39cb, 0x39cb, 0x39cb, 0x39cb, 0x39cb, 0x39cb, 0x39cb, 0x39cb,
  0x39ab, 0x39ab, 0x39ab, 0x39ab, 0x31cb, 0x39ab, 0x31aa, 0x39aa, 0x31aa, 0x31aa, 0x31aa, 0x31aa,
  0x31aa, 0x31aa, 0x31aa, 0x31aa, 0x31aa, 0x31aa, 0x31aa, 0x31aa, 0x31aa, 0x31aa, 0x31aa, 0x31aa,
  0x31aa, 0x31aa, 0x31aa, 0x31aa, 0x31aa, 0x31aa, 0x318a, 0x31aa, 0x318a, 0x318a, 0x318a, 0x318a,
  0x3189, 0x3189, 0x3189, 0x3189, 0x3189, 0x3189, 0x3189, 0x3189, 0x3189, 0x3189, 0x3189, 0x2989,
  0x3169, 0x2969, 0x2969, 0x2969, 0x2969, 0x2969, 0x2969, 0x2969, 0x2988, 0x2988, 0x29a8, 0x29c8,
  0x29e8, 0x29e8, 0x2a08, 0x2a08, 0x2a08, 0x2a08, 0x2a08, 0x29e8, 0x29e8, 0x29e8, 0x29e8, 0x29c8,
  0x29c8, 0x29c7, 0x29c7, 0x29c7, 0x29a7, 0x21a7, 0x2187, 0x2167, 0x2147, 0x2147, 0x2127, 0x2127,
  0x18c5, 0x632e, 0x2127, 0x2107, 0x18c4, 0x0862, 0x5aec, 0x10a4, 0x10a4, 0x0862, 0x1083, 0x5aec,
  0x10a4, 0x18a4, 0x18a4, 0x18c5, 0x0000, 0x0000, 0x0000, 0x0000, 0x31e9, 0x0000, 0x0000, 0x0000,
  0x0000, 0x0000, 0x0000, 0x0000, 0x0000, 0x0000, 0x0000, 0x0000, 0x0000, 0x0000, 0x0000, 0x0000,
  0x0000, 0x0000, 0x0000, 0x0000, 0x0000, 0x0000, 0x0000, 0x0000, 0x0000, 0x0000, 0x0000, 0x0000,
  0x0000, 0x0000, 0x0000, 0x0000, 0x0000, 0x0000, 0x0000, 0x0000, 0x0000, 0x0000, 0x0000, 0x0000,
  0x0000, 0x0000, 0x0000, 0x0000, 0x0000, 0x0000, 0x0000, 0x0000, 0x0000, 0x0000, 0x0000, 0x0000,
  0x0000, 0x0000, 0x0000, 0x0000, 0x0000, 0x0000, 0x0000, 0x0000, 0x0000, 0x0000, 0x0000, 0x0000,
  0x0000, 0x0000, 0x0000, 0x0000, 0x0000, 0x0000, 0x0000, 0x0000, 0x0000, 0x0000, 0x0000, 0x0000,
  0x0000, 0x0000, 0x0000, 0x0000, 0x0000, 0x0000, 0x0000, 0x0000, 0x0000, 0x0000, 0x0000, 0x0000,
  0x6b70, 0x3189, 0x3189, 0x3189, 0x3189, 0x2106, 0x0000, 0x0000, 0x0000, 0x0700, 0x0000, 0x0000,
  0x0000, 0x0000, 0x0700, 0x0700, 0x0000, 0x0000, 0x0000, 0x0700, 0x0700, 0x0700, 0x0000, 0x0000,
  0x7391, 0x31aa, 0x31aa, 0x31aa, 0xffff, 0x31aa, 0x31aa, 0x31aa, 0xffff, 0x31aa, 0x31aa, 0x31aa,
  0x31aa, 0x31aa, 0x31cb, 0x39aa, 0x31cb, 0x31ab, 0x39ab, 0x39ab, 0x39cb, 0x39ab, 0x39cb, 0x39cb,
  0x39cb, 0x39cb, 0x2947, 0x0000, 0x0000, 0x0000, 0x0000, 0x0700, 0x0000, 0x0000, 0x0000, 0x0000,
  0x0000, 0x0700, 0x0000, 0x0000, 0x73b1, 0x39cb, 0x39cb, 0x39cb, 0xffff, 0x39cb, 0x39cb, 0x39cb,
  0x39cb, 0x39cb, 0x39cb, 0x39cb, 0x39cb, 0x39cb, 0x39cb, 0x39cb, 0x39cb, 0x39cb, 0x39cb, 0x39cb,
  0x39ab, 0x39ab, 0x39ab, 0x31ab, 0x31ab, 0x39ca, 0x39aa, 0x31aa, 0x31aa, 0x31aa, 0x31aa, 0x31aa,
  0x31aa, 0x31aa, 0x31aa, 0x31aa, 0x31aa, 0x31aa, 0x31aa, 0x31aa, 0x31aa, 0x31aa, 0x31aa, 0x31aa,
  0x31aa, 0x31aa, 0x31aa, 0x31aa, 0x31aa, 0x318a, 0x318a, 0x318a, 0x318a, 0x3189, 0x3189, 0x3189,
  0x3189, 0x3189, 0x3189, 0x3189, 0x3189, 0x3189, 0x3189, 0x3189, 0x3189, 0x3189, 0x3189, 0x3189,
  0x3169, 0x2969, 0x2969, 0x2969, 0x2969, 0x2969, 0x2988, 0x29a9, 0x29c8, 0x29e8, 0x2a28, 0x2a48,
  0x2a68, 0x2aa8, 0x2ac8, 0x2aa8, 0x2a88, 0x2a88, 0x2a68, 0x2a68, 0x2a68, 0x2a68, 0x2a68, 0x2a68,
  0x2a68, 0x2a47, 0x2a47, 0x2a27, 0x2207, 0x21c7, 0x21c7, 0x2187, 0x2147, 0x2147, 0x2127, 0x18c5,
  0x632e, 0x2107, 0x2127, 0x18c4, 0x0862, 0x5aec, 0x10a4, 0x10a4, 0x1083, 0x1083, 0x5aec, 0x10a4,
  0x10c4, 0x10c4, 0x18c5, 0x0000, 0x18c5, 0x0000, 0x18c5, 0x31e9, 0x18c5, 0x0000, 0x18c5, 0x0000,
  0x18c5, 0x0000, 0x5cbd, 0x0000, 0x18c5, 0x0000, 0x18c5, 0x0000, 0x18c5, 0x0000, 0x18c5, 0x0000,
  0x18c5, 0x0000, 0x18c5, 0x0000, 0x18c5, 0x0000, 0x18c5, 0x0000, 0x18c5, 0x0000, 0x18c5, 0x0000,
  0x18c5, 0x0000, 0x18c5, 0x0000, 0x18c5, 0x0000, 0x18c5, 0x0000, 0x18c5, 0x0000, 0x18c5, 0x0000,
  0x18c5, 0x0000, 0x18c5, 0x0000, 0x18c5, 0x0000, 0x18c5, 0x0000, 0x18c5, 0x0000, 0x18c5, 0x0000,
  0x18c5, 0x0000, 0x18c5, 0x0000, 0x18c5, 0x0000, 0x18c5, 0x0000, 0x18c5, 0x0000, 0x18c5, 0x0000,
  0x18c5, 0x0000, 0x18c5, 0x0000, 0x18c5, 0x0000, 0x18c5, 0x0000, 0x18c5, 0x0000, 0x18c5, 0x0000,
  0x18c5, 0x0000, 0x18c5, 0x0000, 0x18c5, 0x0000, 0x18c5, 0x0000, 0x18c5, 0x0000, 0x18c5, 0x6b70,
  0x3189, 0x3189, 0x3189, 0x3189, 0x2106, 0x0000, 0x0000, 0x0700, 0x0700, 0x0000, 0x0000, 0x0000,
  0x0700, 0x0000, 0x0000, 0x0700, 0x0000, 0x0000, 0x0000, 0x0000, 0x0000, 0x0700, 0x0000, 0x7391,
  0x31aa, 0x31aa, 0x31aa, 0xffff, 0x31aa, 0x31aa, 0x31aa, 0xffff, 0x31aa, 0x31aa, 0x31aa, 0x31aa,
  0x31aa, 0x31ab, 0x39ab, 0x39aa, 0x31cb, 0x39ab, 0x39ab, 0x39cb, 0x39cb, 0x39cb, 0x39cb, 0x39cb,
  0x39cb, 0x2147, 0x0000, 0x0000, 0x0000, 0x0700, 0x0700, 0x0000, 0x0000, 0x0000, 0x0000, 0x0700,
  0x0700, 0x0000, 0x0000, 0x73b1, 0x39cb, 0x39cb, 0x39cb, 0xffff, 0x39cb, 0x39cb, 0x39cb, 0xffff,
  0x39cb, 0x39cb, 0xffff, 0x39cb, 0x39cb, 0x39cb, 0x39cb, 0x39cb, 0x39ab, 0x39cb, 0x39ab, 0x39ab,
  0x31cb, 0x39ab, 0x31ab, 0x31aa, 0x31ab, 0x31ab, 0x39aa, 0x31aa, 0x31aa, 0x31aa, 0x31aa, 0x31aa,
  0x31aa, 0x31aa, 0x31aa, 0x31aa, 0x31aa, 0x31aa, 0x31aa, 0x31aa, 0x31aa, 0x31aa, 0x31aa, 0x31aa,
  0x31aa, 0x31aa, 0x31aa, 0x31aa, 0x31aa, 0x31aa, 0x318a, 0x318a, 0x318a, 0x3189, 0x3189, 0x3189,
  0x3189, 0x3189, 0x3189, 0x3189, 0x3189, 0x3189, 0x3189, 0x3189, 0x3189, 0x3169, 0x3169, 0x2969,
  0x2969, 0x2969, 0x2969, 0x2969, 0x2969, 0x2989, 0x29c8, 0x2a08, 0x2a48, 0x2ac8, 0x2b08, 0x2b28,
  0x2486, 0x07e0, 0x2b48, 0x2b48, 0x2b48, 0x2b28, 0x2b28, 0x2b28, 0x2b28, 0x2b28, 0x2b28, 0x2b27,
  0x2b27, 0x2307, 0x22c7, 0x22c7, 0x2267, 0x2207, 0x21c7, 0x2187, 0x2147, 0x2127, 0x18c5, 0x632e,
  0x2107, 0x2106, 0x18c4, 0x0862, 0x5aec, 0x10a4, 0x10a4, 0x1083, 0x1083, 0x5aec, 0x18a4, 0x18a4,
  0x10c4, 0x18c5, 0x0000, 0x0000, 0x0000, 0x0000, 0x31e9, 0x0000, 0x0000, 0x0000, 0x0000, 0x0000,
  0x0000, 0x0000, 0x0000, 0x0000, 0x0000, 0x0000, 0x0000, 0x0000, 0x0000, 0x0000, 0x0000, 0x0000,
  0x0000, 0x0000, 0x0000, 0x0000, 0x0000, 0x0000, 0x0000, 0x0000, 0x0000, 0x0000, 0x0000, 0x0000,
  0x0000, 0x0000, 0x0000, 0x0000, 0x0000, 0x0000, 0x0000, 0x0000, 0x0000, 0x0000, 0x0000, 0x0000,
  0x0000, 0x0000, 0x0000, 0x0000, 0x0000, 0x0000, 0x0000, 0x0000, 0x0000, 0x0000, 0x0000, 0x0000,
  0x0000, 0x0000, 0x0000, 0x0000, 0x0000, 0x0000, 0x0000, 0x0000, 0x0000, 0x0000, 0x0000, 0x0000,
  0x0000, 0x0000, 0x0000, 0x0000, 0x0000, 0x0000, 0x0000, 0x0000, 0x0000, 0x0000, 0x0000, 0x0000,
  0x0000, 0x0000, 0x0000, 0x0000, 0x0000, 0x0000, 0x0000, 0x0000, 0x0000, 0x0000, 0x6b70, 0x3189,
  0x3189, 0x3189, 0x3189, 0x2106, 0x0000, 0x0000, 0x0000, 0x0700, 0x0000, 0x0000, 0x0000, 0x0700,
  0x0000, 0x0000, 0x0700, 0x0000, 0x0000, 0x0000, 0x0000, 0x0000, 0x0700, 0x0000, 0x7391, 0x31aa,
  0x31aa, 0x31aa, 0xffff, 0x31aa, 0xffff, 0x31aa, 0xffff, 0xffff, 0xffff, 0x31aa, 0x39aa, 0xffff,
  0xffff, 0x31ab, 0x39ab, 0xffff, 0xffff, 0x39cb, 0x39cb, 0x39cb, 0x39cb, 0x39cb, 0x39cb, 0x39cb,
  0x2927, 0x0000, 0x0000, 0x0700, 0x0000, 0x0700, 0x0000, 0x0000, 0x0000, 0x0700, 0x0000, 0x0700,
  0x0000, 0x0000, 0x73b1, 0x39cb, 0x39cb, 0x39cb, 0xffff, 0x39cb, 0xffff, 0x39cb, 0xffff, 0x39cb,
  0x39cb, 0xffff, 0x39cb, 0xffff, 0xffff, 0xffff, 0xffff, 0x39cb, 0x39cb, 0x39cb, 0x39ab, 0x39ab,
  0x39ab, 0x39ab, 0x31ab, 0x31ab, 0x31aa, 0x31aa, 0x31aa, 0x31aa, 0x31aa, 0x31aa, 0x31aa, 0x31aa,
  0x31aa, 0x31aa, 0x31aa, 0x31aa, 0x31aa, 0x31aa, 0x31aa, 0x31aa, 0x31aa, 0x31aa, 0x31aa, 0x31aa,
  0x31aa, 0x31aa, 0x31aa, 0x31aa, 0x528d, 0xad77, 0x8432, 0xa536, 0x7bf2, 0xad77, 0x5acd, 0x4a4c,
  0x94b4, 0x94b4, 0x73b1, 0x6b70, 0x9cf5, 0x94b4, 0x94b4, 0x4a4c, 0x94b4, 0x94b4, 0x73b1, 0x2969,
  0x2969, 0x2969, 0x2969, 0x2969, 0x29a8, 0x29e8, 0x2a48, 0x23a7, 0x0ec2, 0x0ea2, 0x2487, 0x1683,
  0x07e0, 0x1623, 0x24e6, 0x0ec2, 0x0ec2, 0x2486, 0x1623, 0x1623, 0x0ea2, 0x1d25, 0x0ee2, 0x1683,
  0x2447, 0x1ce5, 0x0ec1, 0x0e22, 0x22c7, 0x2207, 0x21a7, 0x2167, 0x2127, 0x18c5, 0x632e, 0x2107,
  0x2126, 0x18c4, 0x0862, 0x5aec, 0x10a4, 0x10a4, 0x1083, 0x1083, 0x5aec, 0x10c4, 0x18c4, 0x18a4,
  0x18c5, 0x0000, 0x18c5, 0x0000, 0x31e9, 0x31e9, 0x31e9, 0x0000, 0x18c5, 0x0000, 0x18c5, 0x0000,
  0x0290, 0x0000, 0x18c5, 0x0000, 0x18c5, 0x0000, 0x18c5, 0x0000, 0x18c5, 0x0000, 0x18c5, 0x0000,
  0x18c5, 0x0000, 0x18c5, 0x0000, 0x18c5, 0x0000, 0x18c5, 0x0000, 0x18c5, 0x0000, 0x18c5, 0x0000,
  0x18c5, 0x0000, 0x18c5, 0x0000, 0x18c5, 0x0000, 0x18c5, 0x0000, 0x18c5, 0x0000, 0x18c5, 0x0000,
  0x18c5, 0x0000, 0x18c5, 0x0000, 0x18c5, 0x0000, 0x18c5, 0x0000, 0x18c5, 0x0000, 0x18c5, 0x0000,
  0x18c5, 0x0000, 0x18c5, 0x0000, 0x18c5, 0x0000, 0x18c5, 0x0000, 0x18c5, 0x0000, 0x18c5, 0x0000,
  0x18c5, 0x0000, 0x18c5, 0x0000, 0x18c5, 0x0000, 0x18c5, 0x0000, 0x18c5, 0x0000, 0x18c5, 0x0000,
  0x18c5, 0x0000, 0x18c5, 0x0000, 0x18c5, 0x0000, 0x18c5, 0x0000, 0x18c5, 0x6b70, 0x3189, 0x3189,
  0x3189, 0x3189, 0x2106, 0x0000, 0x0000, 0x0000, 0x0700, 0x0000, 0x0000, 0x0000, 0x0000, 0x0700,
  0x0700, 0x0700, 0x0000, 0x0000, 0x0000, 0x0700, 0x0700, 0x0000, 0x0000, 0x7391, 0x31aa, 0x31aa,
  0x31aa, 0xffff, 0xffff, 0x31aa, 0x31aa, 0xffff, 0x31aa, 0x31aa, 0xffff, 0x31aa, 0xffff, 0x31ab,
  0xffff, 0x31cb, 0xffff, 0x39ab, 0x39ab, 0x39cb, 0x39cb, 0x39cb, 0x39cb, 0x39cb, 0x39cb, 0x2947,
  0x0000, 0x0000, 0x0700, 0x0700, 0x0700, 0x0700, 0x0000, 0x0000, 0x0700, 0x0700, 0x0700, 0x0700,
  0x0000, 0x73b1, 0x39cb, 0x39cb, 0x39cb, 0xffff, 0xffff, 0x39cb, 0x39cb, 0xffff, 0xffff, 0xffff,
  0xffff, 0x39cb, 0x39cb, 0x39cb, 0xffff, 0x39cb, 0x39cb, 0x39cb, 0x39ab, 0x39cb, 0x39ab, 0x39ab,
  0x39aa, 0x39aa, 0x39ab, 0x31aa, 0x31aa, 0x31aa, 0x31aa, 0x31aa, 0x31aa, 0x31aa, 0x31aa, 0x31aa,
  0x31aa, 0x31aa, 0x31aa, 0x31aa, 0x31aa, 0x31aa, 0x31aa, 0x31aa, 0x31aa, 0x31aa, 0x31aa, 0x31aa,
  0x31aa, 0x318a, 0x31aa, 0x528d, 0xad77, 0x318a, 0xad77, 0x528d, 0x8c73, 0x6b70, 0x8432, 0x6b70,
  0x3189, 0xad77, 0x8432, 0x8c73, 0x528c, 0xad76, 0x8432, 0x6b70, 0x2969, 0xad76, 0x4a4c, 0x2969,
  0x2969, 0x2969, 0x2969, 0x29a8, 0x2a08, 0x2a68, 0x0ec2, 0x0ec2, 0x1d65, 0x2487, 0x2526, 0x07e0,
  0x2c48, 0x0781, 0x0ee2, 0x1683, 0x0f41, 0x0f02, 0x0f02, 0x1663, 0x07e0, 0x1624, 0x0f41, 0x0ec2,
  0x07e0, 0x23a7, 0x15c3, 0x0e22, 0x2227, 0x21c7, 0x2167, 0x2147, 0x18c4, 0x632e, 0x2107, 0x2107,
  0x18c4, 0x0862, 0x5aec, 0x10a4, 0x10a4, 0x1083, 0x1083, 0x5aed, 0x10c4, 0x18c4, 0x18c4, 0x18c5,
  0x0000, 0x0000, 0x0000, 0x0000, 0x0000, 0x0000, 0x0000, 0x0000, 0x0000, 0x0000, 0x0000, 0x0000,
  0x0000, 0x0000, 0x0000, 0x0000, 0x0000, 0x0000, 0x0000, 0x0000, 0x0000, 0x0000, 0x0000, 0x0000,
  0x0000, 0x0000, 0x0000, 0x0000, 0x0000, 0x0000, 0x0000, 0x0000, 0x0000, 0x0000, 0x0000, 0x0000,
  0x0000, 0x0000, 0x0000, 0x0000, 0x0000, 0x0000, 0x0000, 0x0000, 0x0000, 0x0000, 0x0000, 0x0000,
  0x0000, 0x0000, 0x0000, 0x0000, 0x0000, 0x0000, 0x0000, 0x0000, 0x0000, 0x0000, 0x0000, 0x0000,
  0x0000, 0x0000, 0x0000, 0x0000, 0x0000, 0x0000, 0x0000, 0x0000, 0x0000, 0x0000, 0x0000, 0x0000,
  0x0000, 0x0000, 0x0000, 0x0000, 0x0000, 0x0000, 0x0000, 0x0000, 0x0000, 0x0000, 0x0000, 0x0000,
  0x0000, 0x0000, 0x0000, 0x0000, 0x0000, 0x0000, 0x0000, 0x0000, 0x6b70, 0x3189, 0x3189, 0x3189,
  0x3189, 0x2106, 0x0000, 0x0000, 0x0000, 0x0700, 0x0000, 0x0000, 0x0000, 0x0000, 0x0000, 0x0000,
  0x0700, 0x0000, 0x0000, 0x0700, 0x0000, 0x0000, 0x0000, 0x0000, 0x7391, 0x31aa, 0x31aa, 0x31aa,
  0xffff, 0xffff, 0x31aa, 0x31aa, 0xffff, 0x31aa, 0x31aa, 0xffff, 0x31aa, 0xffff, 0x39ab, 0xffff,
  0x39ab, 0x39ab, 0xffff, 0x39cb, 0x39ab, 0x39cb, 0x39cb, 0x39cb, 0x39cb, 0x39cb, 0x2147, 0x0000,
  0x0000, 0x0000, 0x0000, 0x0700, 0x0000, 0x0000, 0x0000, 0x0000, 0x0000, 0x0700, 0x0000, 0x0000,
  0x73b1, 0x39cb, 0x39cb, 0x39cb, 0xffff, 0xffff, 0x39cb, 0x39cb, 0xffff, 0x39cb, 0x39cb, 0xffff,
  0x39cb, 0x39cb, 0xffff, 0x39cb, 0x39ab, 0x39cb, 0x39cb, 0x39ab, 0x31cb, 0x39ab, 0x39ab, 0x39aa,
  0x39ab, 0x39aa, 0x31aa, 0x31aa, 0x31aa, 0x31aa, 0x31aa, 0x31aa, 0x31aa, 0x31aa, 0x31aa, 0x31aa,
  0x31aa, 0x31aa, 0x31aa, 0x31aa, 0x31aa, 0x31aa, 0x31aa, 0x31aa, 0x31aa, 0x31aa, 0x31aa, 0x31aa,
  0x318a, 0x318a, 0x528d, 0xad77, 0x318a, 0xad77, 0x528d, 0x8c73, 0x6b70, 0x7bf2, 0x73b1, 0x39ea,
  0xad77, 0x7bf2, 0x8c73, 0x528c, 0xad76, 0x7bd1, 0x73b1, 0x31aa, 0xad76, 0x39ea, 0x2969, 0x2969,
  0x2969, 0x2969, 0x29a8, 0x2a08, 0x2a68, 0x23a7, 0x15e4, 0x0761, 0x0ec2, 0x2526, 0x07e0, 0x2c48,
  0x07c0, 0x1683, 0x1624, 0x1683, 0x0f02, 0x1624, 0x24e6, 0x07e0, 0x1624, 0x1663, 0x1683, 0x07e0,
  0x23a7, 0x15c3, 0x0e22, 0x2227, 0x21a7, 0x2167, 0x2147, 0x18c4, 0x632e, 0x2126, 0x2106, 0x18c4,
  0x1083, 0x5aec, 0x10a4, 0x10a4, 0x1083, 0x1083, 0x5aec, 0x10c4, 0x10c4, 0x18c4, 0x18c5, 0x0000,
  0x18c5, 0x0000, 0x18c5, 0x0000, 0x18c5, 0x0000, 0x18c5, 0x0000, 0x18c5, 0x0000, 0x5cbd, 0x0000,
  0x18c5, 0x0000, 0x18c5, 0x0000, 0x18c5, 0x0000, 0x18c5, 0x0000, 0x18c5, 0x0000, 0x18c5, 0x0000,
  0x18c5, 0x0000, 0x18c5, 0x0000, 0x18c5, 0x0000, 0x18c5, 0x0000, 0x18c5, 0x0000, 0x18c5, 0x0000,
  0x18c5, 0x0000, 0x18c5, 0x0000, 0x18c5, 0x0000, 0x18c5, 0x0000, 0x18c5, 0x0000, 0x18c5, 0x0000,
  0x18c5, 0x0000, 0x18c5, 0x0000, 0x18c5, 0x0000, 0x18c5, 0x0000, 0x18c5, 0x0000, 0x18c5, 0x0000,
  0x18c5, 0x0000, 0x18c5, 0x0000, 0x18c5, 0x0000, 0x18c5, 0x0000, 0x18c5, 0x0000, 0x18c5, 0x0000,
  0x18c5, 0x0000, 0x18c5, 0x0000, 0x18c5, 0x0000, 0x18c5, 0x0000, 0x18c5, 0x0000, 0x18c5, 0x0000,
  0x18c5, 0x0000, 0x18c5, 0x0000, 0x18c5, 0x0000, 0x18c5, 0x6b70, 0x3189, 0x3189, 0x3189, 0x3189,
  0x2106, 0x0000, 0x0000, 0x0000, 0x0700, 0x0000, 0x0000, 0x0000, 0x0000, 0x0700, 0x0700, 0x0000,
  0x0000, 0x0000, 0x0700, 0x0700, 0x0700, 0x0700, 0x0000, 0x7391, 0x31aa, 0x31aa, 0x31aa, 0xffff,
  0x31aa, 0xffff, 0x31aa, 0xffff, 0xffff, 0xffff, 0x31aa, 0x31aa, 0xffff, 0xffff, 0x39ab, 0x39ab,
  0xffff, 0xffff, 0x39cb, 0x39cb, 0x39ab, 0x39cb, 0x39cb, 0x39cb, 0x39cb, 0x2947, 0x0000, 0x0000,
  0x0000, 0x0000, 0x0700, 0x0000, 0x0000, 0x0000, 0x0000, 0x0000, 0x0700, 0x0000, 0x0000, 0x73b1,
  0x39cb, 0x39cb, 0x39cb, 0xffff, 0x39cb, 0xffff, 0x39cb, 0xffff, 0x39cb, 0x39cb, 0xffff, 0x39cb,
  0x39cb, 0xffff, 0xffff, 0xffff, 0x39cb, 0x39cb, 0x39ab, 0x39ab, 0x39ab, 0x39aa, 0x39aa, 0x31aa,
  0x31aa, 0x31aa, 0x31aa, 0x31aa, 0x31aa, 0x31aa, 0x31aa, 0x31aa, 0x31aa, 0x31aa, 0x31aa, 0x31aa,
  0x31aa, 0x31aa, 0x31aa, 0x31aa, 0x31aa, 0x31aa, 0x31aa, 0x31aa, 0x31aa, 0x31aa, 0x318a, 0x31aa,
  0x31aa, 0x4a4c, 0x8c73, 0x318a, 0x8c73, 0x4a4c, 0x73b1, 0x630e, 0x39ea, 0x7bf2, 0x8c73, 0x5acd,
  0x630e, 0x73b1, 0x4a4c, 0x8c73, 0x31aa, 0x7bd1, 0x8c73, 0x528d, 0x2969, 0x2969, 0x2969, 0x2969,
  0x2969, 0x29a8, 0x29e8, 0x2a48, 0x1d25, 0x0701, 0x0761, 0x15e4, 0x2447, 0x07c0, 0x1623, 0x1d65,
  0x0f41, 0x0f41, 0x15e4, 0x0ee2, 0x15e4, 0x2be8, 0x1623, 0x0f41, 0x0f41, 0x1d25, 0x1623, 0x0701,
  0x0701, 0x1b86, 0x2227, 0x21a7, 0x2167, 0x2127, 0x18c5, 0x632e, 0x2106, 0x2106, 0x18c4, 0x0862,
  0x5aec, 0x10a4, 0x10a4, 0x1083, 0x1083, 0x5aec, 0x18a4, 0x18c4, 0x18c4, 0x18c5, 0x0000, 0x0000,
  0x0000, 0x31e9, 0x31e9, 0x31e9, 0x0000, 0x0000, 0x0000, 0x0000, 0x0000, 0x0000, 0x0000, 0x0000,
  0x0000, 0x0000, 0x0000, 0x0000, 0x0000, 0x0000, 0x0000, 0x0000, 0x0000, 0x0000, 0x0000, 0x0000,
  0x0000, 0x0000, 0x0000, 0x0000, 0x0000, 0x0000, 0x0000, 0x0000, 0x0000, 0x0000, 0x0000, 0x0000,
  0x0000, 0x0000, 0x0000, 0x0000, 0x0000, 0x0000, 0x0000, 0x0000, 0x0000, 0x0000, 0x0000, 0x0000,
  0x0000, 0x0000, 0x0000, 0x0000, 0x0000, 0x0000, 0x0000, 0x0000, 0x0000, 0x0000, 0x0000, 0x0000,
  0x0000, 0x0000, 0x0000, 0x0000, 0x0000, 0x0000, 0x0000, 0x0000, 0x0000, 0x0000, 0x0000, 0x0000,
  0x0000, 0x0000, 0x0000, 0x0000, 0x0000, 0x0000, 0x0000, 0x0000, 0x0000, 0x0000, 0x0000, 0x0000,
  0x0000, 0x0000, 0x0000, 0x0000, 0x0000, 0x0000, 0x6b70, 0x3189, 0x3189, 0x3189, 0x3189, 0x2106,
  0x0000, 0x0000, 0x0000, 0x0000, 0x0000, 0x0000, 0x0000, 0x0000, 0x0000, 0x0000, 0x0000, 0x0000,
  0x0000, 0x0000, 0x0000, 0x0000, 0x0000, 0x0000, 0x7391, 0x31aa, 0x31aa, 0x31aa, 0x31aa, 0x31aa,
  0x31aa, 0x31aa, 0x31aa, 0x31aa, 0x31aa, 0x31cb, 0x39aa, 0xffff, 0x31cb, 0x39ab, 0x39ab, 0x39cb,
  0x39cb, 0x39ab, 0x39cb, 0x39cb, 0x39cb, 0x39cb, 0x39cb, 0x39cb, 0x2147, 0x0000, 0x0000, 0x0000,
  0x0000, 0x0000, 0x0000, 0x0000, 0x0000, 0x0000, 0x0000, 0x0000, 0x0000, 0x0000, 0x73b1, 0x39cb,
  0x39cb, 0x39cb, 0x39cb, 0x39cb, 0x39cb, 0x39cb, 0x39cb, 0x39cb, 0x39cb, 0x39cb, 0x39cb, 0x39cb,
  0x39cb, 0x39cb, 0x39ab, 0x39cb, 0x39cb, 0x39cb, 0x39ab, 0x39ab, 0x39ab, 0x31aa, 0x31aa, 0x31aa,
  0x31aa, 0x31aa, 0x31aa, 0x31aa, 0x31aa, 0x31aa, 0x31aa, 0x31aa, 0x31aa, 0x31aa, 0x31aa, 0x31aa,
  0x31aa, 0x31aa, 0x31aa, 0x31aa, 0x31aa, 0x31aa, 0x31aa, 0x31aa, 0x31aa, 0x31aa, 0x31aa, 0x31aa,
  0x318a, 0x318a, 0x318a, 0x3189, 0x3189, 0x3189, 0x3189, 0x3189, 0x3189, 0x3189, 0x3189, 0x3189,
  0x3189, 0x3189, 0x2989, 0x2989, 0x2969, 0x2969, 0x2969, 0x2969, 0x2969, 0x2969, 0x2969, 0x2968,
  0x2988, 0x29c8, 0x2a08, 0x2a68, 0x2ac8, 0x2b08, 0x2b08, 0x2b08, 0x2b28, 0x2b28, 0x2b28, 0x2b48,
  0x2b28, 0x2b28, 0x2b28, 0x2b28, 0x2b27, 0x2b27, 0x2b27, 0x2b27, 0x2307, 0x2307, 0x22c7, 0x2267,
  0x2227, 0x21c7, 0x2187, 0x2147, 0x2127, 0x18c4, 0x632e, 0x2126, 0x2106, 0x18c4, 0x0862, 0x5aec,
  0x10a4, 0x10a4, 0x1083, 0x1083, 0x5aed, 0x18a4, 0x18c4, 0x18c4, 0x18c5, 0x0000, 0x18c5, 0x0000,
  0x31e9, 0x0000, 0x18c5, 0x31e9, 0x18c5, 0x0000, 0x18c5, 0x0000, 0x0290, 0x0000, 0x18c5, 0x0000,
  0x18c5, 0x0000, 0x18c5, 0x0000, 0x18c5, 0x0000, 0x18c5, 0x0000, 0x18c5, 0x0000, 0x18c5, 0x0000,
  0x18c5, 0x0000, 0x18c5, 0x0000, 0x18c5, 0x0000, 0x18c5, 0x0000, 0x18c5, 0x0000, 0x18c5, 0x0000,
  0x18c5, 0x0000, 0x18c5, 0x0000, 0x18c5, 0x0000, 0x18c5, 0x0000, 0x18c5, 0x0000, 0x18c5, 0x0000,
  0x18c5, 0x0000, 0x18c5, 0x0000, 0x18c5, 0x0000, 0x18c5, 0x0000, 0x18c5, 0x0000, 0x18c5, 0x0000,
  0x18c5, 0x0000, 0x18c5, 0x0000, 0x18c5, 0x0000, 0x18c5, 0x0000, 0x18c5, 0x0000, 0x18c5, 0x0000,
  0x18c5, 0x0000, 0x18c5, 0x0000, 0x18c5, 0x0000, 0x18c5, 0x0000, 0x18c5, 0x0000, 0x18c5, 0x0000,
  0x18c5, 0x0000, 0x18c5, 0x0000, 0x18c5, 0x6b70, 0x3189, 0x3189, 0x3189, 0x3189, 0x2106, 0x0000,
  0x0000, 0x0000, 0x0000, 0x0000, 0x0000, 0x0000, 0x0000, 0x0000, 0x0000, 0x0000, 0x0000, 0x0000,
  0x0000, 0x0000, 0x0000, 0x0000, 0x0000, 0x7391, 0x31aa, 0x31aa, 0x31aa, 0x31aa, 0x31aa, 0x31aa,
  0x31aa, 0x31aa, 0x31aa, 0x39aa, 0x39aa, 0x31ab, 0x39ab, 0x39aa, 0x39ab, 0x39ab, 0x39cb, 0x39ab,
  0x39cb, 0x39cb, 0x39cb, 0x39cb, 0x39cb, 0x39cb, 0x39cb, 0x2927, 0x0000, 0x0000, 0x0000, 0x0000,
  0x0000, 0x0000, 0x0000, 0x0000, 0x0000, 0x0000, 0x0000, 0x0000, 0x0000, 0x73b1, 0x39cb, 0x39cb,
  0x39cb, 0x39cb, 0x39cb, 0x39cb, 0x39cb, 0x39cb, 0x39cb, 0x39cb, 0x39cb, 0x39cb, 0x39cb, 0x39cb,
  0x39cb, 0x39cb, 0x39ab, 0x39cb, 0x39ab, 0x39ab, 0x39ab, 0x39ca, 0x31ab, 0x31aa, 0x31aa, 0x31aa,
  0x31aa, 0x31aa, 0x31aa, 0x31aa, 0x31aa, 0x31aa, 0x31aa, 0x31aa, 0x31aa, 0x31aa, 0x31aa, 0x31aa,
  0x31aa, 0x31aa, 0x31aa, 0x31aa, 0x31aa, 0x31aa, 0x31aa, 0x31aa, 0x318a, 0x31aa, 0x318a, 0x318a,
  0x318a, 0x3189, 0x3189, 0x3189, 0x3189, 0x3189, 0x3189, 0x3189, 0x3189, 0x3189, 0x3189, 0x3189,
  0x3189, 0x3169, 0x2989, 0x2969, 0x2969, 0x2969, 0x2969, 0x2969, 0x2969, 0x2969, 0x2968, 0x2988,
  0x29a8, 0x29c8, 0x29e8, 0x2a28, 0x2a48, 0x2a48, 0x2a68, 0x2a68, 0x2a68, 0x2a68, 0x2a88, 0x2a88,
  0x2a68, 0x2a68, 0x2a68, 0x2a47, 0x2a47, 0x2a47, 0x2a47, 0x2a47, 0x2a47, 0x2227, 0x2207, 0x21c7,
  0x2187, 0x2167, 0x2147, 0x2127, 0x18c4, 0x632e, 0x2126, 0x2106, 0x18c4, 0x0862, 0x5aec, 0x10a4,
  0x10a4, 0x1083, 0x1083, 0x5aed, 0x18c4, 0x18c4, 0x18c4, 0x18c5, 0x0000, 0x0000, 0x0000, 0x31e9,
  0x0000, 0x0000, 0x31e9, 0x0000, 0x0000, 0x0000, 0x0000, 0x0000, 0x0000, 0x0000, 0x0000, 0x0000,
  0x0000, 0x0000, 0x0000, 0x0000, 0x0000, 0x0000, 0x0000, 0x0000, 0x0000, 0x0000, 0x0000, 0x0000,
  0x0000, 0x0000, 0x0000, 0x0000, 0x0000, 0x0000, 0x0000, 0x0000, 0x0000, 0x0000, 0x0000, 0x0000,
  0x0000, 0x0000, 0x0000, 0x0000, 0x0000, 0x0000, 0x0000, 0x0000, 0x0000, 0x0000, 0x0000, 0x0000,
  0x0000, 0x0000, 0x0000, 0x0000, 0x0000, 0x0000, 0x0000, 0x0000, 0x0000, 0x0000, 0x0000, 0x0000,
  0x0000, 0x0000, 0x0000, 0x0000, 0x0000, 0x0000, 0x0000, 0x0000, 0x0000, 0x0000, 0x0000, 0x0000,
  0x0000, 0x0000, 0x0000, 0x0000, 0x0000, 0x0000, 0x0000, 0x0000, 0x0000, 0x0000, 0x0000, 0x0000,
  0x0000, 0x0000, 0x0000, 0x0000, 0x6b70, 0x3189, 0x3189, 0x3189, 0x3189, 0x2106, 0x7390, 0x7390,
  0x7390, 0x7390, 0x7390, 0x7390, 0x7390, 0x7390, 0x7390, 0x7390, 0x7390, 0x7390, 0x7390, 0x7391,
  0x7391, 0x7391, 0x7391, 0x7391, 0x7391, 0x31aa, 0x31aa, 0x31aa, 0x31aa, 0x31aa, 0x31aa, 0x31aa,
  0x31aa, 0x31aa, 0x31aa, 0x39ca, 0x39ab, 0x31cb, 0x39ab, 0x39ab, 0x39ab, 0x39ab, 0x39cb, 0x39cb,
  0x39cb, 0x39cb, 0x39cb, 0x39cb, 0x39cb, 0x39cb, 0x2947, 0x73b1, 0x73b1, 0x73b1, 0x73b1, 0x73b1,
  0x73b1, 0x73b1, 0x73b1, 0x73b1, 0x73b1, 0x73b1, 0x73b1, 0x73b1, 0x73b1, 0x39cb, 0x39cb, 0x39cb,
  0x39cb, 0x39cb, 0x39cb, 0x39cb, 0x39cb, 0x39cb, 0x39cb, 0x39cb, 0x39cb, 0x39cb, 0x39ab, 0x39ab,
  0x39cb, 0x39ab, 0x39cb, 0x39ab, 0x31cb, 0x31ab, 0x39ab, 0x31aa, 0x31aa, 0x31aa, 0x31aa, 0x31aa,
  0x31aa, 0x31aa, 0x31aa, 0x31aa, 0x31aa, 0x31aa, 0x31aa, 0x31aa, 0x31aa, 0x31aa, 0x31aa, 0x31aa,
  0x31aa, 0x31aa, 0x31aa, 0x31aa, 0x31aa, 0x31aa, 0x31aa, 0x318a, 0x318a, 0x318a, 0x318a, 0x318a,
  0x318a, 0x3189, 0x3189, 0x3189, 0x3189, 0x3189, 0x3189, 0x3189, 0x3189, 0x3189, 0x3189, 0x3189,
  0x2969, 0x2969, 0x2969, 0x2969, 0x2969, 0x2969, 0x2969, 0x2969, 0x2968, 0x2968, 0x2988, 0x2988,
  0x2988, 0x29a8, 0x29c8, 0x29e8, 0x29e8, 0x29e8, 0x29e8, 0x29e8, 0x29e8, 0x29e8, 0x29c8, 0x29c8,
  0x29c8, 0x29c7, 0x29c7, 0x29c7, 0x29c7, 0x21c7, 0x21c7, 0x21c7, 0x21a7, 0x21a7, 0x2167, 0x2147,
  0x2147, 0x2127, 0x2127, 0x18c4, 0x632e, 0x2106, 0x2106, 0x18c4, 0x1083, 0x5aec, 0x10a4, 0x10a4,
  0x1083, 0x1083, 0x5aec, 0x18c4, 0x18c4, 0x18c4, 0x18c5, 0x0000, 0x18c5, 0x0000, 0x31e9, 0x0000,
  0x18c5, 0x31e9, 0x18c5, 0x0000, 0x18c5, 0x0000, 0x5cbd, 0x0000, 0x18c5, 0x0000, 0x18c5, 0x0000,
  0x18c5, 0x0000, 0x18c5, 0x0000, 0x18c5, 0x0000, 0x18c5, 0x0000, 0x18c5, 0x0000, 0x18c5, 0x0000,
  0x18c5, 0x0000, 0x18c5, 0x0000, 0x18c5, 0x0000, 0x18c5, 0x0000, 0x18c5, 0x0000, 0x18c5, 0x0000,
  0x18c5, 0x0000, 0x18c5, 0x0000, 0x18c5, 0x0000, 0x18c5, 0x0000, 0x18c5, 0x0000, 0x18c5, 0x0000,
  0x18c5, 0x0000, 0x18c5, 0x0000, 0x18c5, 0x0000, 0x18c5, 0x0000, 0x18c5, 0x0000, 0x18c5, 0x0000,
  0x18c5, 0x0000, 0x18c5, 0x0000, 0x18c5, 0x0000, 0x18c5, 0x0000, 0x18c5, 0x0000, 0x18c5, 0x0000,
  0x18c5, 0x0000, 0x18c5, 0x0000, 0x18c5, 0x0000, 0x18c5, 0x0000, 0x18c5, 0x0000, 0x18c5, 0x0000,
  0x18c5, 0x0000, 0x18c5, 0x6b70, 0x3189, 0x3189, 0x3189, 0x3189, 0x3189, 0x318a, 0x318a, 0x318a,
  0x318a, 0x31aa, 0x31aa, 0x31aa, 0x31aa, 0x31aa, 0x31aa, 0x31aa, 0x31aa, 0x31aa, 0x31aa, 0x31aa,
  0x31aa, 0x31aa, 0x31aa, 0x31aa, 0x31aa, 0x31aa, 0x31aa, 0x31aa, 0x31aa, 0x31aa, 0x31aa, 0x31aa,
  0x31aa, 0x31ab, 0x31cb, 0x31ab, 0x39ca, 0x39ab, 0x31cb, 0x39ab, 0x39ab, 0x39ab, 0x39cb, 0x39cb,
  0x39cb, 0x39cb, 0x39cb, 0x39cb, 0x39cb, 0x39cb, 0x39cb, 0x39cb, 0x39cb, 0x39cb, 0x39cb, 0x39cb,
  0x39cb, 0x39cb, 0x39cb, 0x39cb, 0x39cb, 0x39cb, 0x39cb, 0x39cb, 0x39cb, 0x39cb, 0x39cb, 0x39cb,
  0x39cb, 0x39cb, 0x39cb, 0x39cb, 0x39cb, 0x39cb, 0x39cb, 0x39cb, 0x39cb, 0x39cb, 0x39ab, 0x39ab,
  0x39ab, 0x39ab, 0x39ab, 0x39ab, 0x39ab, 0x31ab, 0x39aa, 0x31aa, 0x31aa, 0x31aa, 0x31aa, 0x31aa,
  0x31aa, 0x31aa, 0x31aa, 0x31aa, 0x31aa, 0x31aa, 0x31aa, 0x31aa, 0x31aa, 0x31aa, 0x31aa, 0x31aa,
  0x31aa, 0x31aa, 0x31aa, 0x31aa, 0x31aa, 0x31aa, 0x318a, 0x318a, 0x318a, 0x318a, 0x318a, 0x3189,
  0x3189, 0x3189, 0x3189, 0x3189, 0x3189, 0x3189, 0x3189, 0x3189, 0x3189, 0x3189, 0x3189, 0x2969,
  0x2969, 0x2969, 0x2969, 0x2969, 0x2969, 0x2969, 0x2968, 0x2968, 0x2968, 0x2968, 0x2988, 0x2968,
  0x2968, 0x2968, 0x2988, 0x2988, 0x2988, 0x2988, 0x2988, 0x2988, 0x2988, 0x2968, 0x2968, 0x2967,
  0x2967, 0x2967, 0x2967, 0x2967, 0x2167, 0x2167, 0x2167, 0x2147, 0x2147, 0x2147, 0x2127, 0x2127,
  0x2127, 0x2127, 0x18c4, 0x632e, 0x2106, 0x2106, 0x18c4, 0x1083, 0x5aec, 0x10a4, 0x10a4, 0x1083,
  0x1083, 0x5aed, 0x18c4, 0x18c4, 0x18c4, 0x1084, 0x0000, 0x0000, 0x0000, 0x31e9, 0x0000, 0x0000,
  0x31e9, 0x0000, 0x0000, 0x0000, 0x0000, 0x0000, 0x0000, 0x0000, 0x0000, 0x0000, 0x0000, 0x0000,
  0x0000, 0x0000, 0x0000, 0x0000, 0x0000, 0x0000, 0x0000, 0x0000, 0x0000, 0x0000, 0x0000, 0x0000,
  0x0000, 0x0000, 0x0000, 0x0000, 0x0000, 0x0000, 0x0000, 0x0000, 0x0000, 0x0000, 0x0000, 0x0000,
  0x0000, 0x0000, 0x0000, 0x0000, 0x0000, 0x0000, 0x0000, 0x0000, 0x0000, 0x0000, 0x0000, 0x0000,
  0x0000, 0x0000, 0x0000, 0x0000, 0x0000, 0x0000, 0x0000, 0x0000, 0x0000, 0x0000, 0x0000, 0x0000,
  0x0000, 0x0000, 0x0000, 0x0000, 0x0000, 0x0000, 0x0000, 0x0000, 0x0000, 0x0000, 0x0000, 0x0000,
  0x0000, 0x0000, 0x0000, 0x0000, 0x0000, 0x0000, 0x0000, 0x0000, 0x0000, 0x0000, 0x0000, 0x0000,
  0x0000, 0x0000, 0x6b70, 0x3189, 0x3189, 0x3189, 0x3189, 0x3189, 0x318a, 0x318a, 0x318a, 0x31aa,
  0x318a, 0x31aa, 0x31aa, 0x31aa, 0x31aa, 0x31aa, 0x31aa, 0x31aa, 0x31aa, 0x31aa, 0x31aa, 0x31aa,
  0x31aa, 0x31aa, 0x31aa, 0x31aa, 0x31aa, 0x31aa, 0x31aa, 0x31aa, 0x31aa, 0x31aa, 0x31aa, 0x39aa,
  0x31cb, 0x31ab, 0x31aa, 0x39aa, 0x39ab, 0x39ab, 0x39cb, 0x39cb, 0x39cb, 0x39cb, 0x39cb, 0x39cb,
  0x39cb, 0x39cb, 0x39cb, 0x39cb, 0x39cb, 0x39cb, 0x39cb, 0x39cb, 0x39cb, 0x39cb, 0x39cb, 0x39cb,
  0x39cb, 0x39cb, 0x39cb, 0x39cb, 0x39cb, 0x39cb, 0x39cb, 0x39cb, 0x39cb, 0x39cb, 0x39cb, 0x39cb,
  0x39cb, 0x39cb, 0x39cb, 0x39cb, 0x39cb, 0x39cb, 0x39cb, 0x39ab, 0x39cb, 0x39cb, 0x39ab, 0x39ab,
  0x39ab, 0x39ab, 0x39ca, 0x39ca, 0x31ab, 0x31aa, 0x31aa, 0x31aa, 0x31aa, 0x31aa, 0x31aa, 0x31aa,
  0x31aa, 0x31aa, 0x31aa, 0x31aa, 0x31aa, 0x31aa, 0x31aa, 0x31aa, 0x31aa, 0x31aa, 0x31aa, 0x31aa,
  0x318a, 0x318a, 0x31aa, 0x318a, 0x318a, 0x318a, 0x318a, 0x318a, 0x3189, 0x3189, 0x3189, 0x3189,
  0x3189, 0x3189, 0x3189, 0x3189, 0x3189, 0x3189, 0x3189, 0x3189, 0x3189, 0x2969, 0x2969, 0x2969,
  0x2969, 0x2969, 0x2969, 0x2969, 0x2968, 0x2968, 0x2968, 0x2968, 0x2968, 0x2968, 0x2948, 0x2948,
  0x2948, 0x2948, 0x2948, 0x2948, 0x2948, 0x2948, 0x2948, 0x2948, 0x2948, 0x2947, 0x2947, 0x2927,
  0x2927, 0x2127, 0x2927, 0x2927, 0x2127, 0x2127, 0x2127, 0x2127, 0x2127, 0x2127, 0x2127, 0x2107,
  0x18c4, 0x18c4, 0x632e, 0x2106, 0x2106, 0x18c4, 0x1083, 0x5aec, 0x10a4, 0x10c4, 0x1083, 0x1083,
  0x5aed, 0x18c4, 0x18c4, 0x18c4, 0x18c5, 0x0000, 0x18c5, 0x0000, 0x31e9, 0x31e9, 0x31e9, 0x0000,
  0x18c5, 0x0000, 0x18c5, 0x0000, 0x0290, 0x0000, 0x18c5, 0x0000, 0x18c5, 0x0000, 0x18c5, 0x0000,
  0x18c5, 0x0000, 0x18c5, 0x0000, 0x18c5, 0x0000, 0x18c5, 0x0000, 0x18c5, 0x0000, 0x18c5, 0x0000,
  0x18c5, 0x0000, 0x18c5, 0x0000, 0x18c5, 0x0000, 0x18c5, 0x0000, 0x18c5, 0x0000, 0x18c5, 0x0000,
  0x18c5, 0x0000, 0x18c5, 0x0000, 0x18c5, 0x0000, 0x18c5, 0x0000, 0x18c5, 0x0000, 0x18c5, 0x0000,
  0x18c5, 0x0000, 0x18c5, 0x0000, 0x18c5, 0x0000, 0x18c5, 0x0000, 0x18c5, 0x0000, 0x18c5, 0x0000,
  0x18c5, 0x0000, 0x18c5, 0x0000, 0x18c5, 0x0000, 0x18c5, 0x0000, 0x18c5, 0x0000, 0x18c5, 0x0000,
  0x18c5, 0x0000, 0x18c5, 0x0000, 0x18c5, 0x0000, 0x18c5, 0x0000, 0x18c5, 0x0000, 0x18c5, 0x0000,
  0x18c5, 0x6b70, 0x3189, 0x3189, 0x3189, 0x318a, 0x318a, 0x318a, 0x318a, 0x318a, 0x318a, 0x31aa,
  0x31aa, 0x31aa, 0x31aa, 0x31aa, 0x31aa, 0x31aa, 0x31aa, 0x31aa, 0x31aa, 0x31aa, 0x31aa, 0x31aa,
  0x31aa, 0x31aa, 0x31aa, 0x31aa, 0x31aa, 0x31aa, 0x31aa, 0x31aa, 0x31aa, 0x31aa, 0x31aa, 0x31ab,
  0x39ab, 0x31aa, 0x31cb, 0x31cb, 0x39ab, 0x39ab, 0x39cb, 0x39cb, 0x39cb, 0x39cb, 0x39cb, 0x39cb,
  0x39cb, 0x39cb, 0x39cb, 0x39cb, 0x39cb, 0x39cb, 0x39cb, 0x39cb, 0x39cb, 0x39cb, 0x39cb, 0x39cb,
  0x39cb, 0x39cb, 0x39cb, 0x39cb, 0x39cb, 0x39cb, 0x39cb, 0x39cb, 0x39cb, 0x39cb, 0x39cb, 0x39cb,
  0x39cb, 0x39cb, 0x39cb, 0x39cb, 0x39cb, 0x39cb, 0x39cb, 0x39cb, 0x39ab, 0x39cb, 0x39ab, 0x39ab,
  0x39ab, 0x39ca, 0x31aa, 0x39aa, 0x39aa, 0x31aa, 0x31aa, 0x31aa, 0x31aa, 0x31aa, 0x31aa, 0x31aa,
  0x31aa, 0x31aa, 0x31aa, 0x31aa, 0x31aa, 0x31aa, 0x31aa, 0x31aa, 0x31aa, 0x31aa, 0x31aa, 0x318a,
  0x318a, 0x31aa, 0x318a, 0x318a, 0x318a, 0x3189, 0x3189, 0x3189, 0x3189, 0x3189, 0x3189, 0x3189,
  0x3189, 0x3189, 0x3189, 0x3189, 0x3189, 0x3189, 0x3169, 0x2969, 0x2969, 0x2969, 0x2969, 0x2969,
  0x2969, 0x2969, 0x2968, 0x2968, 0x2968, 0x2968, 0x2968, 0x2968, 0x2968, 0x2968, 0x2948, 0x2948,
  0x2948, 0x2948, 0x2948, 0x2948, 0x2948, 0x2948, 0x2947, 0x2948, 0x2947, 0x2947, 0x2127, 0x2127,
  0x2927, 0x2127, 0x2127, 0x2127, 0x2127, 0x2127, 0x2127, 0x2127, 0x2127, 0x2107, 0x2107, 0x18c4,
  0x18c4, 0x632e, 0x2106, 0x2106, 0x18c4, 0x0862, 0x5aec, 0x10a4, 0x10a4, 0x1083, 0x1083, 0x5aed,
  0x18c4, 0x18c4, 0x18c4, 0x1084, 0x0000, 0x0000, 0x0000, 0x0000, 0x0000, 0x0000, 0x0000, 0x0000,
  0x0000, 0x0000, 0x0000, 0x0000, 0x0000, 0x0000, 0x0000, 0x0000, 0x0000, 0x0000, 0x0000, 0x0000,
  0x0000, 0x0000, 0x0000, 0x0000, 0x0000, 0x0000, 0x0000, 0x0000, 0x0000, 0x0000, 0x0000, 0x0000,
  0x0000, 0x0000, 0x0000, 0x0000, 0x0000, 0x0000, 0x0000, 0x0000, 0x0000, 0x0000, 0x0000, 0x0000,
  0x0000, 0x0000, 0x0000, 0x0000, 0x0000, 0x0000, 0x0000, 0x0000, 0x0000, 0x0000, 0x0000, 0x0000,
  0x0000, 0x0000, 0x0000, 0x0000, 0x0000, 0x0000, 0x0000, 0x0000, 0x0000, 0x0000, 0x0000, 0x0000,
  0x0000, 0x0000, 0x0000, 0x0000, 0x0000, 0x0000, 0x0000, 0x0000, 0x0000, 0x0000, 0x0000, 0x0000,
  0x0000, 0x0000, 0x0000, 0x0000, 0x0000, 0x0000, 0x0000, 0x0000, 0x0000, 0x0000, 0x0000, 0x0000,
  0x6b70, 0x3189, 0x3189, 0x3189, 0x318a, 0x318a, 0x318a, 0x318a, 0x31aa, 0x318a, 0x318a, 0x318a,
  0x31aa, 0x31aa, 0x31aa, 0x31aa, 0x31aa, 0x31aa, 0x31aa, 0x31aa, 0x31aa, 0x31aa, 0x31aa, 0x31aa,
  0x31aa, 0x31aa, 0x31aa, 0x31aa, 0x31aa, 0x31aa, 0x31aa, 0x31aa, 0x31aa, 0x31ab, 0x39ab, 0x31aa,
  0x39ca, 0x31cb, 0x39ab, 0x39ab, 0x39cb, 0x39cb, 0x39cb, 0x39ab, 0x39cb, 0x39cb, 0x39cb, 0x39cb,
  0x39cb, 0x39cb, 0x39cb, 0x39cb, 0x39cb, 0x39cb, 0x39cb, 0x39cb, 0x39cb, 0x39cb, 0x39cb, 0x39cb,
  0x39cb, 0x39cb, 0x39cb, 0x39cb, 0x39cb, 0x39cb, 0x39cb, 0x39cb, 0x39cb, 0x39cb, 0x39cb, 0x39cb,
  0x39cb, 0x39cb, 0x39cb, 0x39cb, 0x39cb, 0x39ab, 0x39ab, 0x39cb, 0x39cb, 0x39ab, 0x31ab, 0x39ab,
  0x31aa, 0x31ab, 0x31aa, 0x31aa, 0x31aa, 0x31aa, 0x31aa, 0x31aa, 0x31aa, 0x31aa, 0x31aa, 0x31aa,
  0x31aa, 0x31aa, 0x31aa, 0x31aa, 0x31aa, 0x31aa, 0x31aa, 0x31aa, 0x31aa, 0x31aa, 0x31aa, 0x31aa,
  0x31aa, 0x318a, 0x318a, 0x318a, 0x318a, 0x318a, 0x3189, 0x3189, 0x3189, 0x3189, 0x3189, 0x3189,
  0x3189, 0x3189, 0x3189, 0x3189, 0x2989, 0x2969, 0x2969, 0x2969, 0x2969, 0x2969, 0x2969, 0x2969,
  0x2969, 0x2968, 0x2968, 0x2968, 0x2968, 0x2968, 0x2948, 0x2948, 0x2948, 0x2948, 0x2948, 0x2948,
  0x2948, 0x2948, 0x2948, 0x2948, 0x2948, 0x2948, 0x2947, 0x2927, 0x2927, 0x2127, 0x2927, 0x2927,
  0x2127, 0x2127, 0x2127, 0x2127, 0x2127, 0x2127, 0x2127, 0x2127, 0x2107, 0x2107, 0x18c4, 0x18c4,
  0x632e, 0x2106, 0x2106, 0x18c4, 0x1083, 0x5aec, 0x10a4, 0x10c4, 0x1083, 0x1083, 0x5aed, 0x18c4,
  0x18c4, 0x18c4, 0x1084, 0x0000, 0x18c5, 0x0000, 0x31e9, 0x0000, 0x18c5, 0x31e9, 0x18c5, 0x0000,
  0x18c5, 0x0000, 0x5cbd, 0x0000, 0x18c5, 0x0000, 0x18c5, 0x0000, 0x18c5, 0x0000, 0x18c5, 0x0000,
  0x18c5, 0x0000, 0x18c5, 0x0000, 0x18c5, 0x0000, 0x18c5, 0x0000, 0x18c5, 0x0000, 0x18c5, 0x0000,
  0x18c5, 0x0000, 0x18c5, 0x0000, 0x18c5, 0x0000, 0x18c5, 0x0000, 0x18c5, 0x0000, 0x18c5, 0x0000,
  0x18c5, 0x0000, 0x18c5, 0x0000, 0x18c5, 0x0000, 0x18c5, 0x0000, 0x18c5, 0x0000, 0x18c5, 0x0000,
  0x18c5, 0x0000, 0x18c5, 0x0000, 0x18c5, 0x0000, 0x18c5, 0x0000, 0x18c5, 0x0000, 0x18c5, 0x0000,
  0x18c5, 0x0000, 0x18c5, 0x0000, 0x18c5, 0x0000, 0x18c5, 0x0000, 0x18c5, 0x0000, 0x18c5, 0x0000,
  0x18c5, 0x0000, 0x18c5, 0x0000, 0x18c5, 0x0000, 0x18c5, 0x0000, 0x18c5, 0x0000, 0x18c5, 0x6b70,
  0x3189, 0x3189, 0x3189, 0x3189, 0x3189, 0x318a, 0x318a, 0x31aa, 0x318a, 0x318a, 0x31aa, 0x31aa,
  0x31aa, 0x31aa, 0x31aa, 0x31aa, 0x31aa, 0x31aa, 0x31aa, 0x31aa, 0x31aa, 0x31aa, 0x31aa, 0x31aa,
  0x31aa, 0x31aa, 0x31aa, 0x31aa, 0x31aa, 0x31aa, 0x31aa, 0x39aa, 0x31ab, 0x31aa, 0x39ab, 0x39ab,
  0x39ab, 0x39cb, 0x39ab, 0x39cb, 0x39ab, 0x39cb, 0x39cb, 0x39cb, 0x39cb, 0x39cb, 0x39cb, 0x39cb,
  0x39cb, 0x39cb, 0x39cb, 0x39cb, 0x39cb, 0x39cb, 0x39cb, 0x39cb, 0x39cb, 0x39cb, 0x39cb, 0x39cb,
  0x39cb, 0x39cb, 0x39cb, 0x39cb, 0x39cb, 0x39cb, 0x39cb, 0x39cb, 0x39cb, 0x39cb, 0x39cb, 0x39cb,
  0x39cb, 0x39cb, 0x39cb, 0x39ab, 0x39cb, 0x39cb, 0x39ab, 0x39cb, 0x39ab, 0x39ab, 0x39ab, 0x31aa,
  0x31aa, 0x31aa, 0x31aa, 0x31aa, 0x31aa, 0x31aa, 0x31aa, 0x31aa, 0x31aa, 0x31aa, 0x31aa, 0x31aa,
  0x31aa, 0x31aa, 0x31aa, 0x31aa, 0x31aa, 0x31aa, 0x31aa, 0x31aa, 0x31aa, 0x31aa, 0x31aa, 0x318a,
  0x318a, 0x318a, 0x3189, 0x3189, 0x3189, 0x3189, 0x3189, 0x3189, 0x3189, 0x3189, 0x3189, 0x3189,
  0x3189, 0x3189, 0x3189, 0x3189, 0x3169, 0x2969, 0x2969, 0x2969, 0x2969, 0x2969, 0x2969, 0x2969,
  0x2968, 0x2968, 0x2968, 0x2968, 0x2968, 0x2968, 0x2948, 0x2948, 0x2948, 0x2948, 0x2948, 0x2948,
  0x2948, 0x2948, 0x2948, 0x2948, 0x2948, 0x2948, 0x2947, 0x2927, 0x2147, 0x2927, 0x2927, 0x2927,
  0x2127, 0x2127, 0x2127, 0x2127, 0x2127, 0x2127, 0x2127, 0x2107, 0x2107, 0x18c4, 0x18c4, 0x632e,
  0x2106, 0x2106, 0x18c4, 0x1083, 0x5aec, 0x10a4, 0x18a4, 0x1083, 0x1083, 0x5aed, 0x18c4, 0x18c4,
  0x18c4, 0x1084, 0x0000, 0x0000, 0x0000, 0x31e9, 0x0000, 0x0000, 0x31e9, 0x0000, 0x0000, 0x0000,
  0x0000, 0x0000, 0x0000, 0x0000, 0x0000, 0x0000, 0x0000, 0x0000, 0x0000, 0x0000, 0x0000, 0x0000,
  0x0000, 0x0000, 0x0000, 0x0000, 0x0000, 0x0000, 0x0000, 0x0000, 0x0000, 0x0000, 0x0000, 0x0000,
  0x0000, 0x0000, 0x0000, 0x0000, 0x0000, 0x0000, 0x0000, 0x0000, 0x0000, 0x0000, 0x0000, 0x0000,
  0x0000, 0x0000, 0x0000, 0x0000, 0x0000, 0x0000, 0x0000, 0x0000, 0x0000, 0x0000, 0x0000, 0x0000,
  0x0000, 0x0000, 0x0000, 0x0000, 0x0000, 0x0000, 0x0000, 0x0000, 0x0000, 0x0000, 0x0000, 0x0000,
  0x0000, 0x0000, 0x0000, 0x0000, 0x0000, 0x0000, 0x0000, 0x0000, 0x0000, 0x0000, 0x0000, 0x0000,
  0x0000, 0x0000, 0x0000, 0x0000, 0x0000, 0x0000, 0x0000, 0x0000, 0x0000, 0x0000, 0x6b70, 0x3189,
  0x3189, 0x318a, 0x3189, 0x318a, 0x318a, 0x318a, 0x31aa, 0x318a, 0x31aa, 0x31aa, 0x31aa, 0x31aa,
  0x31aa, 0x31aa, 0x31aa, 0x31aa, 0x31aa, 0x31aa, 0x31aa, 0x31aa, 0x31aa, 0x31aa, 0x31aa, 0x31aa,
  0x31aa, 0x31aa, 0x31aa, 0x31aa, 0x31aa, 0x31aa, 0x31ab, 0x39aa, 0x39ab, 0x39ab, 0x31cb, 0x39ab,
  0x39cb, 0x39ab, 0x39ab, 0x39cb, 0x39ab, 0x39cb, 0x39cb, 0x39cb, 0x39cb, 0x39cb, 0x39cb, 0x39cb,
  0x39cb, 0x39cb, 0x39cb, 0x39cb, 0x39cb, 0x39cb, 0x39cb, 0x39cb, 0x39cb, 0x39cb, 0x39cb, 0x39cb,
  0x39cb, 0x39cb, 0x39cb, 0x39cb, 0x39cb, 0x39cb, 0x39cb, 0x39cb, 0x39cb, 0x39cb, 0x39cb, 0x39cb,
  0x39cb, 0x39cb, 0x39cb, 0x39cb, 0x39ab, 0x39ab, 0x39ab, 0x31cb, 0x39ca, 0x31cb, 0x39ca, 0x31aa,
  0x31ca, 0x31aa, 0x31aa, 0x31aa, 0x31aa, 0x31aa, 0x31aa, 0x31aa, 0x31aa, 0x31aa, 0x31aa, 0x31aa,
  0x31aa, 0x31aa, 0x31aa, 0x31aa, 0x31aa, 0x318a, 0x318a, 0x318a, 0x31aa, 0x31aa, 0x318a, 0x318a,
  0x318a, 0x318a, 0x3189, 0x3189, 0x3189, 0x3189, 0x3189, 0x3189, 0x3189, 0x3189, 0x3189, 0x3189,
  0x3189, 0x3189, 0x2989, 0x3169, 0x2969, 0x2969, 0x2969, 0x2969, 0x2969, 0x2969, 0x2968, 0x2968,
  0x2968, 0x2968, 0x2968, 0x2968, 0x2948, 0x2968, 0x2948, 0x2948, 0x2948, 0x2948, 0x2948, 0x2948,
  0x2948, 0x2948, 0x2948, 0x2947, 0x2947, 0x2147, 0x2927, 0x2927, 0x2927, 0x2927, 0x2927, 0x2127,
  0x2127, 0x2127, 0x2127, 0x2127, 0x2127, 0x2127, 0x2127, 0x2126, 0x18c4, 0x18c4, 0x632e, 0x2106,
  0x2106, 0x18c4, 0x1083, 0x5aec, 0x10a4, 0x10c4, 0x1083, 0x1083, 0x5aed, 0x18c4, 0x18c4, 0x18c4,
  0x1084, 0x0000, 0x18c5, 0x0000, 0x31e9, 0x0000, 0x18c5, 0x31e9, 0x18c5, 0x0000, 0x18c5, 0x0000,
  0x0290, 0x0000, 0x18c5, 0x0000, 0x18c5, 0x0000, 0x18c5, 0x0000, 0x18c5, 0x0000, 0x18c5, 0x0000,
  0x18c5, 0x0000, 0x18c5, 0x0000, 0x18c5, 0x0000, 0x18c5, 0x0000, 0x18c5, 0x0000, 0x18c5, 0x0000,
  0x18c5, 0x0000, 0x18c5, 0x0000, 0x18c5, 0x0000, 0x18c5, 0x0000, 0x18c5, 0x0000, 0x18c5, 0x0000,
  0x18c5, 0x0000, 0x18c5, 0x0000, 0x18c5, 0x0000, 0x18c5, 0x0000, 0x18c5, 0x0000, 0x18c5, 0x0000,
  0x18c5, 0x0000, 0x18c5, 0x0000, 0x18c5, 0x0000, 0x18c5, 0x0000, 0x18c5, 0x0000, 0x18c5, 0x0000,
  0x18c5, 0x0000, 0x18c5, 0x0000, 0x18c5, 0x0000, 0x18c5, 0x0000, 0x18c5, 0x0000, 0x18c5, 0x0000,
  0x18c5, 0x0000, 0x18c5, 0x0000, 0x18c5, 0x0000, 0x18c5, 0x0000, 0x18c5, 0x6b70, 0x3189, 0x318a,
  0x318a, 0x318a, 0x318a, 0x31aa, 0x318a, 0x318a, 0x31aa, 0x31aa, 0x31aa, 0x31aa, 0x31aa, 0x31aa,
  0x31aa, 0x31aa, 0x31aa, 0x31aa, 0x31aa, 0x31aa, 0x31aa, 0x31aa, 0x31aa, 0x31aa, 0x31aa, 0x31aa,
  0x31aa, 0x31aa, 0x31aa, 0x31aa, 0x31aa, 0x39aa, 0x31aa, 0x39ab, 0x31cb, 0x39ab, 0x39ab, 0x39ab,
  0x39ab, 0x39cb, 0x39cb, 0x39cb, 0x39cb, 0x39cb, 0x39cb, 0x39cb, 0x39cb, 0x39cb, 0x39cb, 0x39cb,
  0x39cb, 0x39cb, 0x39cb, 0x39cb, 0x39cb, 0x39cb, 0x39cb, 0x39cb, 0x39cb, 0x39cb, 0x39cb, 0x39cb,
  0x39cb, 0x39cb, 0x39cb, 0x39cb, 0x39cb, 0x39cb, 0x39cb, 0x39cb, 0x39cb, 0x39cb, 0x39cb, 0x39cb,
  0x39cb, 0x39ab, 0x39ab, 0x39ab, 0x39ab, 0x39ab, 0x39ab, 0x39ca, 0x31cb, 0x31aa, 0x31aa, 0x2968,
  0x0862, 0x0862, 0x0862, 0x0862, 0x0862, 0x0862, 0x0862, 0x0862, 0x0862, 0x0862, 0x0862, 0x0862,
  0x2968, 0x31aa, 0x31aa, 0x31aa, 0x31aa, 0x318a, 0x318a, 0x31aa, 0x318a, 0x318a, 0x318a, 0x3189,
  0x318a, 0x3189, 0x3189, 0x3189, 0xadb8, 0xadb8, 0xadb8, 0xadb8, 0xadb8, 0xadb8, 0xadb8, 0xadb8,
  0xadb8, 0xadb8, 0xadb8, 0xadb8, 0xadb8, 0xadb8, 0xadb8, 0xadb8, 0xadb8, 0xadb8, 0xadb8, 0xadb8,
  0xadb8, 0x84b4, 0x2948, 0x2948, 0xadb8, 0xadb8, 0xadb8, 0xadb8, 0xadb8, 0xadb8, 0xadb8, 0xadb8,
  0xadb8, 0xadb8, 0xadb8, 0xadb8, 0xadb8, 0xadb8, 0xadb8, 0xadb8, 0xadb8, 0xadb8, 0xadb8, 0xadb8,
  0xadb8, 0x84b4, 0x2948, 0x2127, 0x2127, 0x2107, 0x2106, 0x18c4, 0x18c4, 0x632e, 0x2106, 0x2106,
  0x18a4, 0x1083, 0x5aec, 0x10c4, 0x18a4, 0x1083, 0x1083, 0x5aed, 0x18c4, 0x18c4, 0x18c4, 0x1084,
  0x0000, 0x0000, 0x0000, 0x31e9, 0x0000, 0x0000, 0x31e9, 0x0000, 0x0000, 0x0000, 0x0000, 0x0000,
  0x0000, 0x0000, 0x0000, 0x0000, 0x0000, 0x0000, 0x0000, 0x0000, 0x0000, 0x0000, 0x0000, 0x0000,
  0x0000, 0x0000, 0x0000, 0x0000, 0x0000, 0x0000, 0x0000, 0x0000, 0x0000, 0x0000, 0x0000, 0x0000,
  0x0000, 0x0000, 0x0000, 0x0000, 0x0000, 0x0000, 0x0000, 0x0000, 0x0000, 0x0000, 0x0000, 0x0000,
  0x0000, 0x0000, 0x0000, 0x0000, 0x0000, 0x0000, 0x0000, 0x0000, 0x0000, 0x0000, 0x0000, 0x0000,
  0x0000, 0x0000, 0x0000, 0x0000, 0x0000, 0x0000, 0x0000, 0x0000, 0x0000, 0x0000, 0x0000, 0x0000,
  0x0000, 0x0000, 0x0000, 0x0000, 0x0000, 0x0000, 0x0000, 0x0000, 0x0000, 0x0000, 0x0000, 0x0000,
  0x0000, 0x0000, 0x0000, 0x0000, 0x0000, 0x0000, 0x0000, 0x0000, 0x6b70, 0x3189, 0x318a, 0x318a,
  0x318a, 0x318a, 0x318a, 0x318a, 0x318a, 0x31aa, 0x31aa, 0x31aa, 0x31aa, 0x31aa, 0x31aa, 0x31aa,
  0x31aa, 0x31aa, 0x31aa, 0x31aa, 0x31aa, 0x31aa, 0x31aa, 0x31aa, 0x31aa, 0x31aa, 0x31aa, 0x31aa,
  0x31aa, 0x31aa, 0x31aa, 0x31aa, 0x39ca, 0x39ca, 0x39ab, 0x31ab, 0x39ab, 0x39ab, 0x39ab, 0x39ab,
  0x39cb, 0x39cb, 0x39cb, 0x39cb, 0x39cb, 0x39cb, 0x39cb, 0x39cb, 0x39cb, 0x39cb, 0x39cb, 0x39cb,
  0x39cb, 0x39cb, 0x39cb, 0x39cb, 0x39cb, 0x39cb, 0x39cb, 0x39cb, 0x39cb, 0x39cb, 0x39cb, 0x39cb,
  0x39cb, 0x39cb, 0x39cb, 0x39cb, 0x39cb, 0x39cb, 0x39cb, 0x39cb, 0x39cb, 0x39cb, 0x3189, 0x18e6,
  0x18c4, 0x18a4, 0x18a4, 0x18a4, 0x18a4, 0x10c4, 0x18a4, 0x18a4, 0x18a4, 0x18a4, 0x0862, 0xdf3d,
  0xdf3d, 0xdf3d, 0xdf3d, 0xdf3d, 0xdf3d, 0xdf3d, 0xdf3d, 0xdf3d, 0xdf3d, 0xdf3d, 0xdf3d, 0x0862,
  0x10a4, 0x10a4, 0x10a4, 0x10a4, 0x10a4, 0x10a4, 0x10a4, 0x18c5, 0x2107, 0x2969, 0x31aa, 0x3189,
  0x3189, 0x3189, 0x3189, 0xadb8, 0xefff, 0xefff, 0xefff, 0xefff, 0xefff, 0xefff, 0xefff, 0xefff,
  0xefff, 0xefff, 0xefff, 0xefff, 0xefff, 0xefff, 0xefff, 0xefff, 0xefff, 0xefff, 0xefff, 0xadb8,
  0x530e, 0x2948, 0x2948, 0xadb8, 0xefff, 0xefff, 0xefff, 0xefff, 0xefff, 0xefff, 0xefff, 0xefff,
  0xefff, 0xefff, 0xefff, 0xefff, 0xefff, 0xefff, 0xefff, 0xefff, 0xefff, 0xefff, 0xefff, 0xadb8,
  0x530e, 0x2948, 0x2127, 0x2107, 0x2127, 0x2126, 0x18c4, 0x18c4, 0x632e, 0x2106, 0x2106, 0x18a4,
  0x1083, 0x5aed, 0x10c4, 0x18a4, 0x1083, 0x1083, 0x5aed, 0x18c4, 0x18c4, 0x18c4, 0x1084, 0x0000,
  0x18c5, 0x0000, 0x31e9, 0x31e9, 0x31e9, 0x31e9, 0x18c5, 0x0000, 0x18c5, 0x0000, 0x5cbd, 0x0000,
  0x0290, 0x0000, 0x5cbd, 0x0000, 0x0356, 0x0000, 0x5cbd, 0x0000, 0x0356, 0x0000, 0x5cbd, 0x0000,
  0x0356, 0x0000, 0x5cbd, 0x0000, 0x0356, 0x0000, 0x5cbd, 0x0000, 0x0356, 0x0000, 0x5cbd, 0x0000,
  0x0356, 0x0000, 0x5cbd, 0x0000, 0x0356, 0x0000, 0x5cbd, 0x0000, 0x0356, 0x0000, 0x5cbd, 0x0000,
  0x0356, 0x0000, 0x5cbd, 0x0000, 0x0356, 0x0000, 0x5cbd, 0x0000, 0x0356, 0x0000, 0x5cbd, 0x0000,
  0x0356, 0x0000, 0x5cbd, 0x0000, 0x0356, 0x0000, 0x5cbd, 0x0000, 0x0356, 0x0000, 0x5cbd, 0x0000,
  0x0356, 0x0000, 0x5cbd, 0x0000, 0x0356, 0x0000, 0x5cbd, 0x0000, 0x0356, 0x0000, 0x5cbd, 0x0000,
  0x0356, 0x0000, 0x5cbd, 0x0000, 0x0356, 0x0000, 0x18c5, 0x6b70, 0x3189, 0x318a, 0x318a, 0x318a,
  0x318a, 0x318a, 0x318a, 0x31aa, 0x31aa, 0x31aa, 0x31aa, 0x31aa, 0x31aa, 0x31aa, 0x31aa, 0x31aa,
  0x31aa, 0x31aa, 0x31aa, 0x31aa, 0x31aa, 0x31aa, 0x31aa, 0x31aa, 0x31aa, 0x31aa, 0x31aa, 0x31aa,
  0x31aa, 0x31aa, 0x31aa, 0x39aa, 0x39ab, 0x39ab, 0x31cb, 0x31cb, 0x39ab, 0x39ab, 0x39ab, 0x39cb,
  0x39cb, 0x39cb, 0x39cb, 0x39cb, 0x39cb, 0x39cb, 0x39cb, 0x39cb, 0x39cb, 0x39cb, 0x39cb, 0x39cb,
  0x39cb, 0x39cb, 0x39cb, 0x39cb, 0x39cb, 0x39cb, 0x39cb, 0x39cb, 0x39cb, 0x39cb, 0x39cb, 0x39cb,
  0x39cb, 0x39cb, 0x39cb, 0x39cb, 0x39cb, 0x39cb, 0x39cb, 0x39cb, 0x39cb, 0x18e6, 0x1963, 0x1b42,
  0x1b42, 0x1b42, 0x1b42, 0x1b42, 0x1b42, 0x1b42, 0x1b42, 0x1b42, 0x1b42, 0x0000, 0xdf3d, 0xadf8,
  0xadf8, 0xadf8, 0xadf8, 0xadf8, 0xadf8, 0xadf8, 0xadf8, 0xadf8, 0x7c32, 0x4acd, 0x0000, 0x1b42,
  0x1b42, 0x1b42, 0x1b42, 0x1b42, 0x1b42, 0x1b42, 0x1b42, 0x1b42, 0x2968, 0x4a4c, 0x318a, 0x3189,
  0x3189, 0x3189, 0xadb8, 0xefff, 0xbe7a, 0xbe7a, 0xbe7a, 0xbe7a, 0xbe7a, 0xbe7a, 0xbe7a, 0xbe7a,
  0xbe7a, 0xbe7a, 0xbe7a, 0xbe7a, 0xbe7a, 0xbe7a, 0xbe7a, 0xbe7a, 0xbe7a, 0xadb8, 0x7c32, 0x4acd,
  0x2948, 0x2948, 0xadb8, 0xefff, 0xbe7a, 0xbe7a, 0xbe7a, 0xbe7a, 0xbe7a, 0xbe7a, 0xbe7a, 0xbe7a,
  0xbe7a, 0xbe7a, 0xbe7a, 0xbe7a, 0xbe7a, 0xbe7a, 0xbe7a, 0xbe7a, 0xbe7a, 0xadb8, 0x7c32, 0x4acd,
  0x2948, 0x2107, 0x2107, 0x2126, 0x2106, 0x18c4, 0x18c4, 0x632e, 0x2106, 0x2106, 0x10a4, 0x1083,
  0x5aed, 0x10c4, 0x18c4, 0x1083, 0x1083, 0x5aed, 0x18c4, 0x18c4, 0x18c4, 0x1084, 0x0000, 0x0000,
  0x0000, 0x0000, 0x31e9, 0x31e9, 0x0000, 0x0000, 0x0000, 0x0000, 0x0000, 0x0000, 0x0000, 0x0000,
  0x0000, 0x0000, 0x0000, 0x0000, 0x0000, 0x0000, 0x0000, 0x0000, 0x0000, 0x0000, 0x0000, 0x0000,
  0x0000, 0x0000, 0x0000, 0x0000, 0x0000, 0x0000, 0x0000, 0x0000, 0x0000, 0x0000, 0x0000, 0x0000,
  0x0000, 0x0000, 0x0000, 0x0000, 0x0000, 0x0000, 0x0000, 0x0000, 0x0000, 0x0000, 0x0000, 0x0000,
  0x0000, 0x0000, 0x0000, 0x0000, 0x0000, 0x0000, 0x0000, 0x0000, 0x0000, 0x0000, 0x0000, 0x0000,
  0x0000, 0x0000, 0x0000, 0x0000, 0x0000, 0x0000, 0x0000, 0x0000, 0x0000, 0x0000, 0x0000, 0x0000,
  0x0000, 0x0000, 0x0000, 0x0000, 0x0000, 0x0000, 0x0000, 0x0000, 0x0000, 0x0000, 0x0000, 0x0000,
  0x0000, 0x0000, 0x0000, 0x0000, 0x0000, 0x0000, 0x6b70, 0x318a, 0x318a, 0x318a, 0x318a, 0x318a,
  0x318a, 0x318a, 0x31aa, 0x31aa, 0x31aa, 0x31aa, 0x31aa, 0x31aa, 0x31aa, 0x31aa, 0x31aa, 0x31aa,
  0x31aa, 0x31aa, 0x31aa, 0x31aa, 0x31aa, 0x31aa, 0x31aa, 0x31aa, 0x31aa, 0x31aa, 0x31aa, 0x31aa,
  0x39aa, 0x31ab, 0x39ca, 0x39ab, 0x39aa, 0x31cb, 0x39ab, 0x39cb, 0x39cb, 0x39cb, 0x39ab, 0x39ab,
  0x39cb, 0x39cb, 0x39cb, 0x39cb, 0x39cb, 0x39cb, 0x39cb, 0x39cb, 0x39cb, 0x39cb, 0x39cb, 0x39cb,
  0x39cb, 0x39cb, 0x39cb, 0x39cb, 0x39cb, 0x39cb, 0x39cb, 0x39cb, 0x39cb, 0x39cb, 0x39cb, 0x39cb,
  0x39cb, 0x39cb, 0x39cb, 0x39cb, 0x39cb, 0x39cb, 0x39cb, 0x39cb, 0x18c5, 0x1b42, 0x13e1, 0x13e1,
  0x13e1, 0x13e1, 0x13e1, 0x13e1, 0x13e1, 0x13e1, 0x13e1, 0x13e1, 0x0000, 0xdf3d, 0xadf8, 0xadf8,
  0x0862, 0xadf8, 0x0862, 0xadf8, 0x0862, 0xadf8, 0xadf8, 0x7c32, 0x4acd, 0x0000, 0x13e1, 0x13e1,
  0x13e1, 0x13e1, 0x13e1, 0x13e1, 0x13e1, 0x13e1, 0x13e1, 0x4b85, 0x6b70, 0x3189, 0x3189, 0x3189,
  0x3189, 0xadb8, 0xefff, 0xbe7a, 0xbe7a, 0x4acd, 0x4acd, 0x4acd, 0x4acd, 0xbe7a, 0xbe7a, 0xbe7a,
  0x29a9, 0x29a9, 0xbe7a, 0xbe7a, 0x29a9, 0x29a9, 0xbe7a, 0xbe7a, 0xadb8, 0x7c32, 0x4acd, 0x2968,
  0x2968, 0xadb8, 0xefff, 0xbe7a, 0xbe7a, 0x4acd, 0x4acd, 0x4acd, 0x4acd, 0xbe7a, 0xbe7a, 0x29a9,
  0x29a9, 0x29a9, 0xbe7a, 0x29a9, 0xbe7a, 0xbe7a, 0xbe7a, 0xbe7a, 0xadb8, 0x7c32, 0x4acd, 0x2948,
  0x2107, 0x2107, 0x2106, 0x2126, 0x18c4, 0x18c4, 0x632e, 0x2106, 0x2106, 0x10a4, 0x1083, 0x5aec,
  0x18a4, 0x18c4, 0x1083, 0x1083, 0x5aed, 0x18c4, 0x18c4, 0x18c4, 0x1084, 0x0000, 0x18c5, 0x0000,
  0x18c5, 0x0000, 0x18c5, 0x0000, 0x18c5, 0x0000, 0x18c5, 0x0000, 0x18c5, 0x0000, 0x18c5, 0x0000,
  0x18c5, 0x0000, 0x18c5, 0x0000, 0x18c5, 0x0000, 0x18c5, 0x0000, 0x18c5, 0x0000, 0x18c5, 0x0000,
  0x18c5, 0x0000, 0x18c5, 0x0000, 0x18c5, 0x0000, 0x18c5, 0x0000, 0x18c5, 0x0000, 0x18c5, 0x0000,
  0x18c5, 0x0000, 0x18c5, 0x0000, 0x18c5, 0x0000, 0x18c5, 0x0000, 0x18c5, 0x0000, 0x18c5, 0x0000,
  0x18c5, 0x0000, 0x18c5, 0x0000, 0x18c5, 0x0000, 0x18c5, 0x0000, 0x18c5, 0x0000, 0x18c5, 0x0000,
  0x18c5, 0x0000, 0x18c5, 0x0000, 0x18c5, 0x0000, 0x18c5, 0x0000, 0x18c5, 0x0000, 0x18c5, 0x0000,
  0x18c5, 0x0000, 0x18c5, 0x0000, 0x18c5, 0x0000, 0x18c5, 0x0000, 0x18c5, 0x0000, 0x18c5, 0x0000,
  0x18c5, 0x0000, 0x18c5, 0x0000, 0x18c5, 0x6b70, 0x3189, 0x3189, 0x318a, 0x318a, 0x318a, 0x31aa,
  0x318a, 0x31aa, 0x31aa, 0x31aa, 0x31aa, 0x31aa, 0x31aa, 0x31aa, 0x31aa, 0x31aa, 0x31aa, 0x31aa,
  0x31aa, 0x31aa, 0x31aa, 0x31aa, 0x31aa, 0x31aa, 0x31aa, 0x31aa, 0x31aa, 0x31aa, 0x39aa, 0x31aa,
  0x31aa, 0x39ca, 0x39ab, 0x39ab, 0x39ab, 0x39ab, 0x39cb, 0x39cb, 0x39ab, 0x39cb, 0x39cb, 0x39cb,
  0x39cb, 0x39cb, 0x39cb, 0x39cb, 0x39cb, 0x39cb, 0x39cb, 0x39cb, 0x39cb, 0x39cb, 0x39cb, 0x39cb,
  0x39cb, 0x39cb, 0x39cb, 0x39cb, 0x39cb, 0x39cb, 0x39cb, 0x39cb, 0x39cb, 0x39cb, 0x39cb, 0x39cb,
  0x39cb, 0x39cb, 0x39cb, 0x39cb, 0x39cb, 0x39cb, 0x39cb, 0x2107, 0x1b42, 0x1c22, 0x1c81, 0x1c81,
  0x1c81, 0x1c81, 0x1c81, 0x1c81, 0x1c81, 0x1c81, 0x1c81, 0x0000, 0xdf3d, 0xadf8, 0xadf8, 0x0862,
  0xadf8, 0x0862, 0xadf8, 0x0862, 0xadf8, 0xadf8, 0x7c32, 0x4acd, 0x0000, 0x1c81, 0x1c81, 0x1c81,
  0x1c81, 0x1c81, 0x1c81, 0x1c81, 0x1c81, 0x1c22, 0x4c48, 0x8c73, 0x3189, 0x3189, 0x3189, 0x3189,
  0xadb8, 0xefff, 0xbe7a, 0xbe7a, 0x4acd, 0x12c0, 0x12c0, 0xd6fe, 0xbe7a, 0xbe7a, 0x29a9, 0xbe7a,
  0xbe7a, 0xbe7a, 0x29a9, 0xbe7a, 0xbe7a, 0x29a9, 0xbe7a, 0xadb8, 0x7c32, 0x4acd, 0x2948, 0x2948,
  0xadb8, 0xefff, 0xbe7a, 0xbe7a, 0x4acd, 0x06a0, 0x06a0, 0xd6fe, 0xbe7a, 0xbe7a, 0x29a9, 0xbe7a,
  0x29a9, 0xbe7a, 0x29a9, 0xbe7a, 0xbe7a, 0xbe7a, 0xbe7a, 0xadb8, 0x7c32, 0x4acd, 0x2948, 0x2127,
  0x2107, 0x2106, 0x2106, 0x18c4, 0x18c4, 0x632e, 0x2106, 0x2106, 0x10a4, 0x1083, 0x5aed, 0x18a4,
  0x18c4, 0x1083, 0x1083, 0x5aed, 0x18c4, 0x18c4, 0x18c4, 0x18c5, 0x0000, 0x0000, 0x0000, 0x0000,
  0x0000, 0x0000, 0x0000, 0x0000, 0x0000, 0x0000, 0x0000, 0x0000, 0x0000, 0x0000, 0x0000, 0x0000,
  0x0000, 0x0000, 0x0000, 0x0000, 0x0000, 0x0000, 0x0000, 0x0000, 0x0000, 0x0000, 0x0000, 0x0000,
  0x0000, 0x0000, 0x0000, 0x0000, 0x0000, 0x0000, 0x0000, 0x0000, 0x0000, 0x0000, 0x0000, 0x0000,
  0x0000, 0x0000, 0x0000, 0x0000, 0x0000, 0x0000, 0x0000, 0x0000, 0x0000, 0x0000, 0x0000, 0x0000,
  0x0000, 0x0000, 0x0000, 0x0000, 0x0000, 0x0000, 0x0000, 0x0000, 0x0000, 0x0000, 0x0000, 0x0000,
  0x0000, 0x0000, 0x0000, 0x0000, 0x0000, 0x0000, 0x0000, 0x0000, 0x0000, 0x0000, 0x0000, 0x0000,
  0x0000, 0x0000, 0x0000, 0x0000, 0x0000, 0x0000, 0x0000, 0x0000, 0x0000, 0x0000, 0x0000, 0x0000,
  0x0000, 0x0000, 0x0000, 0x0000, 0x6b70, 0x3189, 0x3189, 0x318a, 0x318a, 0x318a, 0x318a, 0x318a,
  0x31aa, 0x31aa, 0x31aa, 0x31aa, 0x31aa, 0x31aa, 0x31aa, 0x31aa, 0x31aa, 0x31aa, 0x31aa, 0x31aa,
  0x31aa, 0x31aa, 0x31aa, 0x31aa, 0x31aa, 0x31aa, 0x31aa, 0x31aa, 0x31aa, 0x31aa, 0x39ab, 0x31aa,
  0x31aa, 0x31cb, 0x39ab, 0x39ab, 0x39ab, 0x39cb, 0x39ab, 0x39ab, 0x39cb, 0x39cb, 0x39cb, 0x39cb,
  0x39cb, 0x39cb, 0x39cb, 0x39cb, 0x39cb, 0x39cb, 0x39cb, 0x39cb, 0x39cb, 0x39cb, 0x39cb, 0x39cb,
  0x39cb, 0x39cb, 0x39cb, 0x39cb, 0x39cb, 0x39cb, 0x39cb, 0x39cb, 0x39cb, 0x39cb, 0x39cb, 0x39cb,
  0x39cb, 0x39cb, 0x39cb, 0x39cb, 0x39cb, 0x39ab, 0x2969, 0x3a68, 0x2c03, 0x2cc3, 0x2cc3, 0x2cc3,
  0x2cc3, 0x2cc3, 0x2cc3, 0x2cc3, 0x2cc3, 0x2cc3, 0x0000, 0xdf3d, 0xadf8, 0xadf8, 0x0862, 0xadf8,
  0x0862, 0xadf8, 0x0862, 0xadf8, 0xadf8, 0x7c32, 0x4acd, 0x0000, 0x2cc3, 0x2cc3, 0x2cc3, 0x2cc3,
  0x2cc3, 0x2cc3, 0x2cc3, 0x2cc3, 0x4c48, 0x8511, 0x8c73, 0x3189, 0x3189, 0x3189, 0x3189, 0xadb8,
  0xefff, 0xbe7a, 0xbe7a, 0x4acd, 0x12c0, 0x12c0, 0xd6fe, 0xbe7a, 0xbe7a, 0x29a9, 0x29a9, 0x29a9,
  0xbe7a, 0x29a9, 0xbe7a, 0xbe7a, 0x29a9, 0xbe7a, 0xadb8, 0x7c32, 0x4acd, 0x2948, 0x2948, 0xadb8,
  0xefff, 0xbe7a, 0xbe7a, 0x4acd, 0x06a0, 0x06a0, 0xd6fe, 0xbe7a, 0xbe7a, 0x29a9, 0x29a9, 0x29a9,
  0xbe7a, 0x29a9, 0xbe7a, 0xbe7a, 0xbe7a, 0xbe7a, 0xadb8, 0x7c32, 0x4acd, 0x2948, 0x2107, 0x2127,
  0x2106, 0x2106, 0x18c4, 0x18c4, 0x632e, 0x2106, 0x2106, 0x10a4, 0x1083, 0x5aed, 0x18a4, 0x18c4,
  0x1083, 0x1083, 0x5aed, 0x18c4, 0x18c4, 0x18c5, 0x1084, 0x0000, 0x18c5, 0x630d, 0x630d, 0x630d,
  0x630d, 0x630d, 0x630d, 0x630d, 0x630d, 0x630d, 0x630d, 0x630d, 0x630d, 0x630d, 0x630d, 0x630d,
  0x630d, 0x630d, 0x630d, 0x630d, 0x630d, 0x630d, 0x632e, 0x630d, 0x632e, 0x632e, 0x632e, 0x632e,
  0x632e, 0x632e, 0x632e, 0x632e, 0x632e, 0x632e, 0x632e, 0x632e, 0x632e, 0x632e, 0x632e, 0x632e,
  0x632e, 0x632e, 0x6b4e, 0x6b4e, 0x6b4e, 0x6b4e, 0x6b4f, 0x6b4f, 0x6b4f, 0x6b4f, 0x6b4f, 0x6b4f,
  0x6b4f, 0x6b4f, 0x6b4f, 0x6b4f, 0x6b4f, 0x6b4f, 0x6b4f, 0x6b4f, 0x6b4f, 0x6b4f, 0x6b4f, 0x6b4f,
  0x6b4f, 0x6b6f, 0x6b6f, 0x6b6f, 0x6b6f, 0x6b6f, 0x6b6f, 0x6b6f, 0x6b6f, 0x6b6f, 0x6b6f, 0x6b6f,
  0x6b6f, 0x6b70, 0x6b70, 0x6b70, 0x6b70, 0x6b70, 0x6b70, 0x6b70, 0x6b70, 0x6b70, 0x6b70, 0x6b70,
  0x6b70, 0x6b70, 0x6b70, 0x7390, 0x318a, 0x318a, 0x318a, 0x318a, 0x318a, 0x31aa, 0x31aa, 0x318a,
  0x31aa, 0x31aa, 0x31aa, 0x31aa, 0x31aa, 0x31aa, 0x31aa, 0x31aa, 0x31aa, 0x31aa, 0x31aa, 0x31aa,
  0x31aa, 0x31aa, 0x31aa, 0x31aa, 0x31aa, 0x31aa, 0x31aa, 0x31aa, 0x31aa, 0x39aa, 0x39aa, 0x39aa,
  0x39ab, 0x39ab, 0x39cb, 0x39ab, 0x39ab, 0x39cb, 0x39cb, 0x39cb, 0x39cb, 0x39cb, 0x39cb, 0x39cb,
  0x39cb, 0x39cb, 0x39cb, 0x39cb, 0x39cb, 0x39cb, 0x39cb, 0x39cb, 0x39cb, 0x39cb, 0x39cb, 0x39cb,
  0x39cb, 0x39cb, 0x39cb, 0x39cb, 0x39cb, 0x39cb, 0x39cb, 0x39cb, 0x39cb, 0x39cb, 0x39cb, 0x39cb,
  0x39cb, 0x39cb, 0x39cb, 0x39cb, 0x39cb, 0x31aa, 0x39cb, 0x528d, 0x6b70, 0x7bd2, 0x7bf2, 0x7bf2,
  0x7bf2, 0x7bf2, 0x7bf2, 0x7bf2, 0x7bf2, 0x0000, 0xdf3d, 0xadf8, 0xadf8, 0x0862, 0xadf8, 0x0862,
  0xadf8, 0x0862, 0xadf8, 0xadf8, 0x7c32, 0x4acd, 0x0000, 0x7bf2, 0x7bf2, 0x7bd1, 0x7bd1, 0x7bd1,
  0x7bd1, 0x7bf2, 0x8433, 0x9494, 0x8c73, 0x4a4c, 0x3189, 0x3189, 0x3189, 0x3189, 0xadb8, 0xefff,
  0xbe7a, 0xbe7a, 0x4acd, 0xd6fe, 0xd6fe, 0xd6fe, 0xbe7a, 0xbe7a, 0x29a9, 0xbe7a, 0xbe7a, 0xbe7a,
  0x29a9, 0xbe7a, 0x29a9, 0xbe7a, 0xbe7a, 0xadb8, 0x7c32, 0x4acd, 0x2948, 0x2948, 0xadb8, 0xefff,
  0xbe7a, 0xbe7a, 0x4acd, 0xd6fe, 0xd6fe, 0xd6fe, 0xbe7a, 0xbe7a, 0x29a9, 0xbe7a, 0xbe7a, 0xbe7a,
  0x29a9, 0xbe7a, 0xbe7a, 0xbe7a, 0xbe7a, 0xadb8, 0x7c32, 0x4acd, 0x2948, 0x2107, 0x2126, 0x2106,
  0x2106, 0x18c4, 0x18c4, 0x632e, 0x2106, 0x2106, 0x10a4, 0x1083, 0x5aed, 0x18c4, 0x18c4, 0x1083,
  0x1083, 0x5aed, 0x18c4, 0x18c5, 0x18c5, 0x18c5, 0x18c5, 0x18c5, 0x18c5, 0x18c5, 0x18c5, 0x18e5,
  0x18e5, 0x18e5, 0x18e5, 0x18e5, 0x18e5, 0x18e5, 0x18e5, 0x18e5, 0x18e5, 0x18e5, 0x18e6, 0x18e6,
  0x18e6, 0x20e6, 0x20e6, 0x1906, 0x2106, 0x2106, 0x2106, 0x2106, 0x2106, 0x2106, 0x2106, 0x2106,
  0x2106, 0x2106, 0x2106, 0x2106, 0x2106, 0x2127, 0x2107, 0x2107, 0x2127, 0x2127, 0x2127, 0x2127,
  0x2127, 0x2127, 0x2127, 0x2127, 0x2127, 0x2927, 0x2927, 0x2927, 0x2927, 0x2947, 0x2948, 0x2948,
  0x2948, 0x2948, 0x2948, 0x2948, 0x2948, 0x2948, 0x2948, 0x2948, 0x2948, 0x2948, 0x2968, 0x2968,
  0x2968, 0x2968, 0x2968, 0x2968, 0x2968, 0x2968, 0x2968, 0x2969, 0x2969, 0x2969, 0x2969, 0x2969,
  0x2969, 0x3169, 0x3169, 0x3189, 0x3189, 0x3189, 0x3189, 0x3189, 0x3189, 0x3189, 0x3189, 0x3189,
  0x3189, 0x3189, 0x318a, 0x3189, 0x318a, 0x318a, 0x318a, 0x318a, 0x318a, 0x31aa, 0x31aa, 0x31aa,
  0x31aa, 0x31aa, 0x31aa, 0x31aa, 0x31aa, 0x31aa, 0x31aa, 0x31aa, 0x31aa, 0x31aa, 0x31aa, 0x31aa,
  0x31aa, 0x31aa, 0x31aa, 0x31aa, 0x31aa, 0x31aa, 0x39aa, 0x31aa, 0x31aa, 0x39ca, 0x31cb, 0x39ab,
  0x39ab, 0x39ab, 0x39cb, 0x39cb, 0x39cb, 0x39cb, 0x39cb, 0x39cb, 0x39cb, 0x39cb, 0x39cb, 0x39cb,
  0x39cb, 0x39cb, 0x39cb, 0x39cb, 0x39cb, 0x39cb, 0x39cb, 0x39cb, 0x39cb, 0x39cb, 0x39cb, 0x39cb,
  0x39cb, 0x39cb, 0x39cb, 0x39cb, 0x39cb, 0x39cb, 0x39cb, 0x39cb, 0x39cb, 0x39cb, 0x39cb, 0x39cb,
  0x39cb, 0x39cb, 0x39cb, 0x39cb, 0x39ab, 0x39ab, 0x39cb, 0x39ab, 0x39ab, 0x31cb, 0x39ca, 0x39ab,
  0x31ca, 0x31aa, 0x31aa, 0x31aa, 0x0000, 0xdf3d, 0xadf8, 0xadf8, 0xadf8, 0xadf8, 0xadf8, 0xadf8,
  0xadf8, 0xadf8, 0xadf8, 0x7c32, 0x4acd, 0x0862, 0x31aa, 0x318a, 0x318a, 0x31aa, 0x31aa, 0x318a,
  0x318a, 0x318a, 0x3189, 0x3189, 0x3189, 0x3189, 0x3189, 0x3189, 0x3189, 0xadb8, 0xefff, 0xbe7a,
  0xbe7a, 0xbe7a, 0xbe7a, 0xbe7a, 0xbe7a, 0xbe7a, 0xbe7a, 0xbe7a, 0x29a9, 0x29a9, 0xbe7a, 0xbe7a,
  0x29a9, 0xbe7a, 0x29a9, 0xbe7a, 0xadb8, 0x7c32, 0x4acd, 0x2948, 0x2948, 0xadb8, 0xefff, 0xbe7a,
  0xbe7a, 0xbe7a, 0xbe7a, 0xbe7a, 0xbe7a, 0xbe7a, 0xbe7a, 0x29a9, 0xbe7a, 0xbe7a, 0xbe7a, 0x29a9,
  0x29a9, 0x29a9, 0xbe7a, 0xbe7a, 0xadb8, 0x7c32, 0x4acd, 0x2948, 0x2127, 0x2106, 0x2106, 0x2106,
  0x18c4, 0x18c4, 0x632e, 0x2106, 0x2106, 0x10a4, 0x1083, 0x5aed, 0x18c4, 0x18c4, 0x1083, 0x1083,
  0x5aed, 0x18c4, 0x18c4, 0x18c4, 0x18c5, 0x18c5, 0x18c5, 0x18c5, 0x18c5, 0x18c5, 0x18c5, 0x18e5,
  0x18e5, 0x18e5, 0x18e5, 0x18e5, 0x18e5, 0x18e5, 0x18e5, 0x18e5, 0x18e5, 0x18e5, 0x18e6, 0x18e6,
  0x20e6, 0x1906, 0x1906, 0x2106, 0x2106, 0x2106, 0x2106, 0x2106, 0x2106, 0x2106, 0x2106, 0x2106,
  0x2106, 0x2106, 0x2106, 0x2126, 0x2107, 0x2107, 0x2127, 0x2127, 0x2127, 0x2127, 0x2127, 0x2127,
  0x2127, 0x2927, 0x2127, 0x2927, 0x2927, 0x2127, 0x2147, 0x2927, 0x2947, 0x2947, 0x2947, 0x2948,
  0x2948, 0x2948, 0x2948, 0x2948, 0x2948, 0x2948, 0x2948, 0x2948, 0x2968, 0x2968, 0x2968, 0x2968,
  0x2968, 0x2968, 0x2968, 0x2968, 0x2968, 0x2969, 0x2969, 0x2969, 0x2969, 0x2969, 0x2969, 0x3169,
  0x3169, 0x2989, 0x3189, 0x3189, 0x3189, 0x3189, 0x3189, 0x3189, 0x3189, 0x3189, 0x3189, 0x3189,
  0x3189, 0x318a, 0x318a, 0x318a, 0x318a, 0x318a, 0x31aa, 0x31aa, 0x31aa, 0x31aa, 0x31aa, 0x31aa,
  0x31aa, 0x31aa, 0x31aa, 0x31aa, 0x31aa, 0x31aa, 0x31aa, 0x31aa, 0x31aa, 0x31aa, 0x31aa, 0x31aa,
  0x31aa, 0x31aa, 0x31aa, 0x31aa, 0x31aa, 0x31aa, 0x31aa, 0x31aa, 0x39aa, 0x31aa, 0x39ab, 0x39ab,
  0x39ab, 0x39ab, 0x39cb, 0x39ab, 0x39cb, 0x39cb, 0x39cb, 0x39cb, 0x39cb, 0x39cb, 0x39cb, 0x39cb,
  0x39cb, 0x39cb, 0x39cb, 0x39cb, 0x39cb, 0x39cb, 0x39cb, 0x39cb, 0x39cb, 0x39cb, 0x39cb, 0x39cb,
  0x39cb, 0x39cb, 0x39cb, 0x39cb, 0x39cb, 0x39cb, 0x39cb, 0x39cb, 0x39cb, 0x39cb, 0x39cb, 0x39cb,
  0x39cb, 0x39cb, 0x39cb, 0x39ab, 0x39ab, 0x39ab, 0x31cb, 0x31cb, 0x39ca, 0x39ca, 0x31aa, 0x31aa,
  0x39aa, 0x31aa, 0x31aa, 0x0000, 0xdf3d, 0x7c32, 0x7c32, 0x7c32, 0x7c32, 0x7c32, 0x7c32, 0x7c32,
  0x7c32, 0x7c32, 0x7c32, 0x4acd, 0x0862, 0x31aa, 0x318a, 0x31aa, 0x318a, 0x31aa, 0x318a, 0x318a,
  0x318a, 0x318a, 0x3189, 0x3189, 0x3189, 0x3189, 0x3189, 0x3189, 0xadb8, 0xefff, 0xadb8, 0xadb8,
  0xadb8, 0xadb8, 0xadb8, 0xadb8, 0xadb8, 0xadb8, 0xadb8, 0xadb8, 0xadb8, 0xadb8, 0xadb8, 0xadb8,
  0xadb8, 0xadb8, 0xadb8, 0xadb8, 0x7c32, 0x4acd, 0x2948, 0x2948, 0xadb8, 0xefff, 0xadb8, 0xadb8,
  0xadb8, 0xadb8, 0xadb8, 0xadb8, 0xadb8, 0xadb8, 0xadb8, 0xadb8, 0xadb8, 0xadb8, 0xadb8, 0xadb8,
  0xadb8, 0xadb8, 0xadb8, 0xadb8, 0x7c32, 0x4acd, 0x2948, 0x2106, 0x2126, 0x2106, 0x2106, 0x18c4,
  0x18c4, 0x632e, 0x2106, 0x2106, 0x10a4, 0x1083, 0x5aed, 0x18c4, 0x18c4, 0x1083, 0x1083, 0x5aed,
  0x18c4, 0x18c4, 0x18c4, 0x18c5, 0x18c5, 0x18c5, 0x18c5, 0x18c5, 0x18c5, 0x18c5, 0x18e5, 0x18e5,
  0x18e5, 0x18e5, 0x18e5, 0x18e5, 0x18e5, 0x18e5, 0x18e5, 0x18e5, 0x18e5, 0x18e6, 0x1906, 0x1906,
  0x1906, 0x2106, 0x2106, 0x2106, 0x2106, 0x2106, 0x2106, 0x2106, 0x2106, 0x2106, 0x2106, 0x2107,
  0x2106, 0x2126, 0x2126, 0x2107, 0x2127, 0x2127, 0x2127, 0x2127, 0x2127, 0x2127, 0x2127, 0x2127,
  0x2127, 0x2927, 0x2927, 0x2927, 0x2147, 0x2927, 0x2947, 0x2947, 0x2948, 0x2948, 0x2948, 0x2948,
  0x2948, 0x2948, 0x2948, 0x2948, 0x2948, 0x2948, 0x2948, 0x2968, 0x2968, 0x2968, 0x2968, 0x2968,
  0x2968, 0x2968, 0x2968, 0x2969, 0x2969, 0x2969, 0x2969, 0x2969, 0x2969, 0x3169, 0x2969, 0x2989,
  0x3189, 0x3189, 0x3189, 0x3189, 0x3189, 0x3189, 0x3189, 0x3189, 0x3189, 0x3189, 0x3189, 0x3189,
  0x318a, 0x318a, 0x318a, 0x318a, 0x318a, 0x318a, 0x318a, 0x31aa, 0x31aa, 0x31aa, 0x31aa, 0x31aa,
  0x31aa, 0x31aa, 0x31aa, 0x31aa, 0x31aa, 0x31aa, 0x31aa, 0x31aa, 0x31aa, 0x31aa, 0x31aa, 0x31aa,
  0x31aa, 0x31aa, 0x31aa, 0x31aa, 0x31ab, 0x31aa, 0x31aa, 0x39ab, 0x31cb, 0x31cb, 0x39ab, 0x39ab,
  0x39ab, 0x39ab, 0x39cb, 0x39ab, 0x39cb, 0x39cb, 0x39cb, 0x39cb, 0x39cb, 0x39cb, 0x39cb, 0x39cb,
  0x39cb, 0x39cb, 0x39cb, 0x39cb, 0x39cb, 0x39cb, 0x39cb, 0x39cb, 0x39cb, 0x39cb, 0x39cb, 0x39cb,
  0x39cb, 0x39cb, 0x39cb, 0x39cb, 0x39cb, 0x39cb, 0x39cb, 0x39cb, 0x39cb, 0x39cb, 0x39cb, 0x39cb,
  0x39cb, 0x39cb, 0x39ab, 0x39cb, 0x39ab, 0x39ab, 0x39ab, 0x31cb, 0x31aa, 0x39aa, 0x31aa, 0x31aa,
  0x31aa, 0x31aa, 0x0862, 0x4acd, 0x4acd, 0x4acd, 0x4acd, 0x4acd, 0x4acd, 0x4acd, 0x4acd, 0x4acd,
  0x4acd, 0x4acd, 0x4acd, 0x0862, 0x318a, 0x318a, 0x318a, 0x31aa, 0x318a, 0x318a, 0x318a, 0x318a,
  0x3189, 0x3189, 0x3189, 0x3189, 0x3189, 0x3189, 0x3189, 0xadb8, 0xadb8, 0x84b4, 0x7c32, 0x7c32,
  0x7c32, 0x7c32, 0x7c32, 0x7c32, 0x7c32, 0x7c32, 0x7c32, 0x7c32, 0x7c32, 0x7c32, 0x7c32, 0x7c32,
  0x7c32, 0x7c32, 0x7c32, 0x7c32, 0x4acd, 0x2948, 0x2948, 0xadb8, 0xadb8, 0x84b4, 0x7c32, 0x7c32,
  0x7c32, 0x7c32, 0x7c32, 0x7c32, 0x7c32, 0x7c32, 0x7c32, 0x7c32, 0x7c32, 0x7c32, 0x7c32, 0x7c32,
  0x7c32, 0x7c32, 0x7c32, 0x7c32, 0x4acd, 0x2948, 0x2107, 0x2106, 0x2106, 0x2106, 0x18c4, 0x18c4,
  0x632e, 0x2106, 0x2106, 0x10a4, 0x1083, 0x5aed, 0x18c4, 0x18c4, 0x1083, 0x1083, 0x5aed, 0x18c4,
  0x18c5, 0x18c5, 0x18c5, 0x18c5, 0x18c5, 0x18c5, 0x18e5, 0x18c5, 0x18e5, 0x18e5, 0x18e5, 0x18e5,
  0x18e5, 0x18e5, 0x18e5, 0x18e5, 0x18e5, 0x18e5, 0x18e6, 0x18e6, 0x18e6, 0x20e6, 0x20e6, 0x18e6,
  0x2106, 0x2106, 0x2106, 0x2106, 0x2106, 0x2106, 0x2106, 0x2106, 0x2106, 0x2106, 0x2106, 0x2106,
  0x2107, 0x2107, 0x2107, 0x2107, 0x2127, 0x2127, 0x2127, 0x2127, 0x2127, 0x2127, 0x2127, 0x2927,
  0x2127, 0x2927, 0x2927, 0x2927, 0x2947, 0x2947, 0x2947, 0x2947, 0x2948, 0x2948, 0x2948, 0x2948,
  0x2948, 0x2948, 0x2948, 0x2948, 0x2948, 0x2948, 0x2948, 0x2968, 0x2968, 0x2968, 0x2968, 0x2968,
  0x2968, 0x2968, 0x2969, 0x2969, 0x2969, 0x2969, 0x2969, 0x2969, 0x3189, 0x3169, 0x3169, 0x3189,
  0x3189, 0x3189, 0x3189, 0x3189, 0x3189, 0x3189, 0x3189, 0x3189, 0x3189, 0x3189, 0x3189, 0x318a,
  0x318a, 0x318a, 0x318a, 0x31aa, 0x31aa, 0x31aa, 0x31aa, 0x31aa, 0x31aa, 0x31aa, 0x31aa, 0x31aa,
  0x31aa, 0x31aa, 0x31aa, 0x31aa, 0x31aa, 0x31aa, 0x31aa, 0x31aa, 0x31aa, 0x31aa, 0x31aa, 0x31aa,
  0x31aa, 0x31aa, 0x31aa, 0x31aa, 0x31aa, 0x39aa, 0x31cb, 0x39ab, 0x39ab, 0x39ab, 0x39cb, 0x39cb,
  0x39ab, 0x39ab, 0x39cb, 0x39cb, 0x39cb, 0x39cb, 0x39cb, 0x39cb, 0x39cb, 0x39cb, 0x39cb, 0x39cb,
  0x39cb, 0x39cb, 0x39cb, 0x39cb, 0x39cb, 0x39cb, 0x39cb, 0x39cb, 0x39cb, 0x39cb, 0x39cb, 0x39cb,
  0x39cb, 0x39cb, 0x39cb, 0x39cb, 0x39cb, 0x39cb, 0x39cb, 0x39cb, 0x39cb, 0x39cb, 0x39cb, 0x39cb,
  0x39ab, 0x39ab, 0x39ab, 0x39cb, 0x39ab, 0x39ab, 0x39ab, 0x31aa, 0x31aa, 0x39ca, 0x31aa, 0x31aa,
  0x31aa, 0x2968, 0x0862, 0x0862, 0x0862, 0x0862, 0x0862, 0x0862, 0x0862, 0x0862, 0x0862, 0x0862,
  0x0862, 0x0862, 0x2968, 0x318a, 0x31aa, 0x31aa, 0x31aa, 0x318a, 0x318a, 0x318a, 0x318a, 0x3189,
  0x3189, 0x3189, 0x3189, 0x3189, 0x3189, 0x3189, 0x84b4, 0x530e, 0x4acd, 0x4acd, 0x4acd, 0x4acd,
  0x4acd, 0x4acd, 0x4acd, 0x4acd, 0x4acd, 0x4acd, 0x4acd, 0x4acd, 0x4acd, 0x4acd, 0x4acd, 0x4acd,
  0x4acd, 0x4acd, 0x4acd, 0x4acd, 0x2948, 0x2948, 0x84b4, 0x530e, 0x4acd, 0x4acd, 0x4acd, 0x4acd,
  0x4acd, 0x4acd, 0x4acd, 0x4acd, 0x4acd, 0x4acd, 0x4acd, 0x4acd, 0x4acd, 0x4acd, 0x4acd, 0x4acd,
  0x4acd, 0x4acd, 0x4acd, 0x4acd, 0x2948, 0x2126, 0x2106, 0x2106, 0x2106, 0x18c4, 0x18a4, 0x632e,
  0x2106, 0x2106, 0x10a4, 0x1083, 0x5aed, 0x18c4, 0x18c4, 0x1083, 0x1083, 0x5aed, 0x18c4, 0x18c5,
  0x18c5, 0x18c5, 0x18c5, 0x18c5, 0x18c5, 0x18c5, 0x18c5, 0x18e5, 0x18e5, 0x18e5, 0x18e5, 0x18e5,
  0x18e5, 0x18e5, 0x18e5, 0x18e5, 0x18e5, 0x18e6, 0x18e6, 0x18e6, 0x20e6, 0x20e6, 0x2106, 0x2106,
  0x2106, 0x2106, 0x2106, 0x2106, 0x2106, 0x2106, 0x2106, 0x2106, 0x2106, 0x2106, 0x2106, 0x2126,
  0x2107, 0x2107, 0x2127, 0x2127, 0x2127, 0x2127, 0x2127, 0x2127, 0x2127, 0x2127, 0x2127, 0x2927,
  0x2927, 0x2927, 0x2927, 0x2927, 0x2947, 0x2948, 0x2948, 0x2948, 0x2948, 0x2948, 0x2948, 0x2948,
  0x2948, 0x2948, 0x2948, 0x2948, 0x2968, 0x2968, 0x2968, 0x2968, 0x2968, 0x2968, 0x2968, 0x2968,
  0x2968, 0x2969, 0x2969, 0x2969, 0x2969, 0x2969, 0x2969, 0x3169, 0x2969, 0x2989, 0x3189, 0x3189,
  0x3189, 0x3189, 0x3189, 0x3189, 0x3189, 0x3189, 0x3189, 0x3189, 0x3189, 0x318a, 0x318a, 0x318a,
  0x318a, 0x318a, 0x31aa, 0x318a, 0x318a, 0x31aa, 0x31aa, 0x31aa, 0x31aa, 0x31aa, 0x31aa, 0x31aa,
  0x31aa, 0x31aa, 0x31aa, 0x31aa, 0x31aa, 0x31aa, 0x31aa, 0x31aa, 0x31aa, 0x31aa, 0x31aa, 0x31aa,
  0x31aa, 0x31aa, 0x31cb, 0x39ab, 0x31ab, 0x31cb, 0x39ab, 0x39ab, 0x39ab, 0x39cb, 0x39ab, 0x39cb,
  0x39cb, 0x39cb, 0x39cb, 0x39cb, 0x39cb, 0x39cb, 0x39cb, 0x39cb, 0x39cb, 0x39cb, 0x39cb, 0x39cb,
  0x39cb, 0x39cb, 0x39cb, 0x39cb, 0x39cb, 0x39cb, 0x39cb, 0x39cb, 0x39cb, 0x39cb, 0x39cb, 0x39cb,
  0x39cb, 0x39cb, 0x39cb, 0x39cb, 0x39cb, 0x39cb, 0x39cb, 0x39cb, 0x39cb, 0x39cb, 0x39ab, 0x39cb,
  0x39cb, 0x39cb, 0x39ab, 0x39ab, 0x39ca, 0x39ab, 0x31aa, 0x39aa, 0x31aa, 0x31aa, 0x31aa, 0x31aa,
  0x31aa, 0x31aa, 0x31aa, 0x31aa, 0x31aa, 0x31aa, 0x31aa, 0x31aa, 0x31aa, 0x31aa, 0x31aa, 0x31aa,
  0x31aa, 0x318a, 0x318a, 0x318a, 0x31aa, 0x318a, 0x318a, 0x318a, 0x318a, 0x318a, 0x3189, 0x3189,
  0x3189, 0x3189, 0x3189, 0x3189, 0x3189, 0x3189, 0x3169, 0x3189, 0x3189, 0x2969, 0x2969, 0x2969,
  0x2969, 0x2969, 0x2969, 0x2969, 0x2969, 0x2968, 0x2968, 0x2968, 0x2968, 0x2968, 0x2968, 0x2948,
  0x2948, 0x2948, 0x2948, 0x2948, 0x2948, 0x2948, 0x2948, 0x2948, 0x2948, 0x2948, 0x2948, 0x2948,
  0x2948, 0x2948, 0x2948, 0x2948, 0x2948, 0x2948, 0x2948, 0x2948, 0x2948, 0x2948, 0x2948, 0x2948,
  0x2948, 0x2948, 0x2948, 0x2948, 0x2126, 0x2106, 0x2106, 0x2106, 0x18c4, 0x18a4, 0x632e, 0x2106,
  0x2106, 0x10a4, 0x1083, 0x5aed, 0x18c4, 0x18c4, 0x1083, 0x1083, 0x5aed, 0x18c4, 0x18c5, 0x18c5,
  0x18c5, 0x18c5, 0x18c5, 0x18c5, 0x18e5, 0x18e5, 0x18e5, 0x18e5, 0x18e5, 0x18e5, 0x18e5, 0x18e5,
  0x18e5, 0x18e5, 0x18e5, 0x18e5, 0x18e5, 0x18e6, 0x20e6, 0x1906, 0x1906, 0x2106, 0x2106, 0x2106,
  0x2106, 0x2106, 0x2106, 0x2106, 0x2106, 0x2106, 0x2106, 0x2107, 0x2106, 0x2106, 0x2126, 0x2107,
  0x2127, 0x2127, 0x2127, 0x2127, 0x2127, 0x2127, 0x2127, 0x2127, 0x2927, 0x2127, 0x2927, 0x2127,
  0x2927, 0x2927, 0x2947, 0x2947, 0x2948, 0x2948, 0x2948, 0x2948, 0x2948, 0x2948, 0x2948, 0x2948,
  0x2948, 0x2948, 0x2948, 0x2968, 0x2968, 0x2968, 0x2968, 0x2968, 0x2968, 0x2968, 0x2968, 0x2968,
  0x2969, 0x2969, 0x2969, 0x2969, 0x2969, 0x2969, 0x3189, 0x2989, 0x3189, 0x3189, 0x3189, 0x3189,
  0x3189, 0x3189, 0x3189, 0x3189, 0x3189, 0x3189, 0x3189, 0x3189, 0x318a, 0x318a, 0x318a, 0x318a,
  0x318a, 0x31aa, 0x318a, 0x318a, 0x31aa, 0x31aa, 0x31aa, 0x31aa, 0x31aa, 0x31aa, 0x31aa, 0x31aa,
  0x31aa, 0x31aa, 0x31aa, 0x31aa, 0x31aa, 0x31aa, 0x31aa, 0x31aa, 0x31aa, 0x31aa, 0x31aa, 0x31aa,
  0x39aa, 0x31ab, 0x39ab, 0x31cb, 0x39ab, 0x31ab, 0x39ab, 0x39ab, 0x39ab, 0x39cb, 0x39cb, 0x39cb,
  0x39cb, 0x39cb, 0x39cb, 0x39cb, 0x39cb, 0x39cb, 0x39cb, 0x39cb, 0x39cb, 0x39cb, 0x39cb, 0x39cb,
  0x39cb, 0x39cb, 0x39cb, 0x39cb, 0x39cb, 0x39cb, 0x39cb, 0x39cb, 0x39cb, 0x39cb, 0x39cb, 0x39cb,
  0x39cb, 0x39cb, 0x39cb, 0x39cb, 0x39cb, 0x39cb, 0x39cb, 0x39cb, 0x39cb, 0x39cb, 0x39ab, 0x39ab,
  0x39ab, 0x39ab, 0x39ab, 0x39ca, 0x31aa, 0x31aa, 0x31aa, 0x31aa, 0x31aa, 0x31aa, 0x31aa, 0x31aa,
  0x31aa, 0x31aa, 0x31aa, 0x31aa, 0x31aa, 0x31aa, 0x31aa, 0x31aa, 0x31aa, 0x31aa, 0x31aa, 0x31aa,
  0x31aa, 0x31aa, 0x31aa, 0x31aa, 0x318a, 0x318a, 0x318a, 0x3189, 0x3189, 0x3189, 0x3189, 0x3189,
  0x3189, 0x3189, 0x3189, 0x3189, 0x3189, 0x3189, 0x3189, 0x3189, 0x3169, 0x2969, 0x2969, 0x2969,
  0x2969, 0x2969, 0x2969, 0x2969, 0x2969, 0x2968, 0x2968, 0x2968, 0x2968, 0x2968, 0x2968, 0x2968,
  0x2948, 0x2948, 0x2948, 0x2948, 0x2948, 0x2948, 0x2948, 0x2948, 0x2948, 0x2947, 0x2947, 0x2947,
  0x2927, 0x2927, 0x2927, 0x2127, 0x2127, 0x2127, 0x2127, 0x2127, 0x2127, 0x2127, 0x2127, 0x2127,
  0x2107, 0x2106, 0x2126, 0x2106, 0x2106, 0x2106, 0x2106, 0x18c4, 0x18a4, 0x632e, 0x2106, 0x2106,
  0x10a4, 0x1083, 0x5aed, 0x18c4, 0x18c4, 0x1083, 0x1083, 0x5aed, 0x18c5, 0x18c5, 0x18c5, 0x18c5,
  0x18c5, 0x18c5, 0x18c5, 0x18e5, 0x18e5, 0x18e5, 0x18e5, 0x18e5, 0x18e5, 0x18e5, 0x18e5, 0x18e5,
  0x18e5, 0x18e5, 0x18e6, 0x18e6, 0x18e6, 0x20e6, 0x20e6, 0x2106, 0x2106, 0x2106, 0x2106, 0x2106,
  0x2106, 0x2106, 0x2106, 0x2106, 0x2106, 0x2106, 0x2106, 0x2106, 0x2106, 0x2106, 0x2107, 0x2127,
  0x2127, 0x2127, 0x2127, 0x2127, 0x2127, 0x2127, 0x2127, 0x2127, 0x2127, 0x2927, 0x2147, 0x2927,
  0x2927, 0x2947, 0x2947, 0x2948, 0x2948, 0x2948, 0x2948, 0x2948, 0x2948, 0x2948, 0x2948, 0x2948,
  0x2948, 0x2968, 0x2948, 0x2968, 0x2968, 0x2968, 0x2969, 0x2968, 0x2968, 0x2968, 0x2969, 0x2969,
  0x2969, 0x2969, 0x2969, 0x2969, 0x2969, 0x3169, 0x2989, 0x3189, 0x3189, 0x3189, 0x3189, 0x3189,
  0x3189, 0x3189, 0x3189, 0x3189, 0x3189, 0x3189, 0x3189, 0x3189, 0x318a, 0x318a, 0x31aa, 0x31aa,
  0x318a, 0x31aa, 0x31aa, 0x31aa, 0x31aa, 0x31aa, 0x31aa, 0x31aa, 0x31aa, 0x31aa, 0x31aa, 0x31aa,
  0x31aa, 0x31aa, 0x31aa, 0x31aa, 0x31aa, 0x31aa, 0x31aa, 0x31aa, 0x31aa, 0x39aa, 0x31aa, 0x31ab,
  0x39aa, 0x39ab, 0x39ca, 0x39ab, 0x39ab, 0x39ab, 0x39ab, 0x39cb, 0x39cb, 0x39cb, 0x39cb, 0x39cb,
  0x39cb, 0x39cb, 0x39cb, 0x39cb, 0x39cb, 0x39cb, 0x39cb, 0x39cb, 0x39cb, 0x39cb, 0x39cb, 0x39cb,
  0x39cb, 0x39cb, 0x39cb, 0x39cb, 0x39cb, 0x39cb, 0x39cb, 0x39cb, 0x39cb, 0x39cb, 0x39cb, 0x39cb,
  0x39cb, 0x39cb, 0x39cb, 0x39cb, 0x39cb, 0x39cb, 0x39cb, 0x39cb, 0x39cb, 0x39ab, 0x39cb, 0x39ab,
  0x39ab, 0x39ab, 0x31cb, 0x31aa, 0x31aa, 0x31aa, 0x31aa, 0x31aa, 0x31aa, 0x31aa, 0x31aa, 0x31aa,
  0x31aa, 0x31aa, 0x31aa, 0x31aa, 0x31aa, 0x31aa, 0x31aa, 0x31aa, 0x31aa, 0x31aa, 0x31aa, 0x31aa,
  0x31aa, 0x318a, 0x318a, 0x31aa, 0x318a, 0x318a, 0x318a, 0x318a, 0x3189, 0x3189, 0x3189, 0x3189,
  0x3189, 0x3189, 0x3189, 0x3189, 0x3189, 0x3189, 0x3189, 0x2989, 0x2969, 0x2969, 0x2969, 0x2969,
  0x2969, 0x2969, 0x2968, 0x2968, 0x2968, 0x2968, 0x2968, 0x2968, 0x2968, 0x2948, 0x2948, 0x2948,
  0x2948, 0x2948, 0x2948, 0x2948, 0x2948, 0x2948, 0x2948, 0x2948, 0x2947, 0x2947, 0x2927, 0x2927,
  0x2927, 0x2127, 0x2927, 0x2127, 0x2127, 0x2127, 0x2127, 0x2127, 0x2127, 0x2127, 0x2107, 0x2127,
  0x2126, 0x2106, 0x2106, 0x2106, 0x2106, 0x2106, 0x10a4, 0x10a4, 0x632e, 0x2106, 0x2106, 0x10a4,
  0x1083, 0x5aed, 0x18c4, 0x18c4, 0x1083, 0x1083, 0x5aed, 0x18c4, 0x18c5, 0x18c5, 0x18c5, 0x18c5,
  0x18c5, 0x18c5, 0x18c5, 0x18e5, 0x1083, 0x0862, 0x1083, 0x1083, 0x1083, 0x1083, 0x1083, 0x1083,
  0x1083, 0x1083, 0x1083, 0x1083, 0x1083, 0x1083, 0x1083, 0x1083, 0x1083, 0x1083, 0x1083, 0x1083,
  0x1083, 0x1083, 0x1083, 0x1083, 0x1083, 0x1083, 0x1083, 0x1083, 0x1083, 0x10a3, 0x10a3, 0x10a3,
  0x10a3, 0x10a3, 0x10a4, 0x10a4, 0x10a4, 0x10a4, 0x10a4, 0x10a4, 0x10a4, 0x10a4, 0x10a4, 0x10a4,
  0x10a4, 0x10a4, 0x10a4, 0x10a4, 0x10a4, 0x10a4, 0x10a4, 0x10a4, 0x10a4, 0x18c4, 0x18c4, 0x18c4,
  0x18c4, 0x18c4, 0x18c4, 0x18c4, 0x18c4, 0x18c4, 0x18c4, 0x18c5, 0x18c5, 0x18c5, 0x18c5, 0x18c5,
  0x18c5, 0x18c5, 0x18c5, 0x18c5, 0x18c5, 0x18c5, 0x18c5, 0x18c5, 0x18c5, 0x18c5, 0x18c5, 0x18c5,
  0x18c5, 0x18c5, 0x18c5, 0x18c5, 0x18c5, 0x18e5, 0x18e5, 0x18e5, 0x18e5, 0x18e5, 0x18e5, 0x18e5,
  0x18e5, 0x18e5, 0x18e5, 0x18e5, 0x18e5, 0x18e5, 0x18e5, 0x18e5, 0x18e5, 0x18e5, 0x18e5, 0x18e5,
  0x18e5, 0x18e5, 0x18e5, 0x18e5, 0x18e5, 0x18e5, 0x18e5, 0x18e5, 0x18e5, 0x18e5, 0x18e5, 0x18e6,
  0x18e5, 0x18e6, 0x18e6, 0x18e6, 0x20e6, 0x20e6, 0x18e6, 0x20e6, 0x20e6, 0x20e6, 0x20e6, 0x20e6,
  0x20e6, 0x20e6, 0x20e6, 0x20e6, 0x20e6, 0x20e6, 0x20e6, 0x20e6, 0x20e6, 0x20e6, 0x20e6, 0x20e6,
  0x20e6, 0x20e6, 0x20e6, 0x20e6, 0x20e6, 0x20e6, 0x20e6, 0x20e6, 0x20e6, 0x20e6, 0x20e6, 0x20e6,
  0x20e6, 0x20e6, 0x20e6, 0x20e6, 0x20e6, 0x20e6, 0x20e6, 0x20e6, 0x20e6, 0x18e6, 0x18e6, 0x18e6,
  0x18e6, 0x18e6, 0x18e6, 0x18e6, 0x18e5, 0x18e5, 0x18e5, 0x18e5, 0x18e5, 0x18e5, 0x18e5, 0x18e5,
  0x18e5, 0x18e5, 0x18e5, 0x18e5, 0x18e5, 0x18e5, 0x18e5, 0x18e5, 0x18e5, 0x18e5, 0x18e5, 0x18e5,
  0x18e5, 0x18e5, 0x18e5, 0x18e5, 0x18c5, 0x18e5, 0x18c5, 0x18c5, 0x18c5, 0x18c5, 0x18c5, 0x18c5,
  0x18c5, 0x18c5, 0x18c5, 0x18c5, 0x18c5, 0x18c5, 0x18c5, 0x18c5, 0x18c5, 0x18c5, 0x18c5, 0x18c5,
  0x18c5, 0x18c5, 0x18c4, 0x18c4, 0x18c4, 0x18c4, 0x18c4, 0x18c4, 0x18c4, 0x18c4, 0x18c4, 0x18c4,
  0x10a4, 0x18a4, 0x10a4, 0x10a4, 0x10a4, 0x10a4, 0x10a4, 0x10a4, 0x10a4, 0x10a4, 0x10a4, 0x10a4,
  0x10a4, 0x10a4, 0x10a4, 0x10a4, 0x10a4, 0x10a4, 0x10a3, 0x10a3, 0x10a3, 0x10a3, 0x1083, 0x10a3,
  0x632e, 0x2106, 0x2106, 0x2106, 0x2106, 0x10a4, 0x10a4, 0x632e, 0x2106, 0x2106, 0x10a4, 0x1083,
  0x5aed, 0x18c4, 0x18c4, 0x1083, 0x1083, 0x5aed, 0x18c5, 0x18c5, 0x18c5, 0x18c5, 0x18c5, 0x18c5,
  0x18c5, 0x18e5, 0x18e5, 0x0862, 0x1083, 0x1083, 0x1083, 0x1083, 0x1083, 0x1083, 0x1083, 0x1083,
  0x1083, 0x1083, 0x1083, 0x1083, 0x1083, 0x1083, 0x1083, 0x1083, 0x1083, 0x1083, 0x1083, 0x1083,
  0x1083, 0x1083, 0x1083, 0x1083, 0x10a3, 0x1083, 0x1083, 0x10a3, 0x10a3, 0x10a3, 0x10a3, 0x10a3,
  0x10a3, 0x10a4, 0x10a4, 0x10a4, 0x10a4, 0x10a4, 0x10a4, 0x10a4, 0x10a4, 0x10a4, 0x10a4, 0x10a4,
  0x10a4, 0x10a4, 0x10a4, 0x10a4, 0x10a4, 0x10a4, 0x10a4, 0x18a4, 0x18a4, 0x18c4, 0x18c4, 0x18c4,
  0x18c4, 0x18c4, 0x18c4, 0x18c4, 0x18c4, 0x18c4, 0x18c5, 0x18c5, 0x18c5, 0x18c5, 0x18c5, 0x18c5,
  0x18c5, 0x18c5, 0x18c5, 0x18c5, 0x18c5, 0x18c5, 0x18c5, 0x18c5, 0x18c5, 0x18c5, 0x18c5, 0x18c5,
  0x18c5, 0x18c5, 0x18c5, 0x18e5, 0x18c5, 0x18e5, 0x18e5, 0x18e5, 0x18e5, 0x18e5, 0x18e5, 0x18e5,
  0x18e5, 0x18e5, 0x18e5, 0x18e5, 0x18e5, 0x18e5, 0x18e5, 0x18e5, 0x18e5, 0x18e5, 0x18e5, 0x18e5,
  0x18e5, 0x18e5, 0x18e5, 0x18e5, 0x18e5, 0x18e5, 0x18e5, 0x18e5, 0x18e5, 0x18e6, 0x18e5, 0x18e6,
  0x18e6, 0x18e6, 0x20e6, 0x20e6, 0x18e6, 0x18e6, 0x20e6, 0x20e6, 0x20e6, 0x20e6, 0x20e6, 0x20e6,
  0x20e6, 0x20e6, 0x20e6, 0x20e6, 0x20e6, 0x20e6, 0x20e6, 0x20e6, 0x20e6, 0x20e6, 0x20e6, 0x20e6,
  0x20e6, 0x20e6, 0x20e6, 0x20e6, 0x20e6, 0x20e6, 0x20e6, 0x20e6, 0x20e6, 0x20e6, 0x20e6, 0x20e6,
  0x20e6, 0x20e6, 0x20e6, 0x20e6, 0x20e6, 0x20e6, 0x18e6, 0x18e6, 0x18e6, 0x18e6, 0x18e6, 0x18e6,
  0x18e5, 0x18e6, 0x18e5, 0x18e5, 0x18e5, 0x18e5, 0x18e5, 0x18e5, 0x18e5, 0x18e5, 0x18e5, 0x18e5,
  0x18e5, 0x18e5, 0x18e5, 0x18e5, 0x18e5, 0x18e5, 0x18e5, 0x18e5, 0x18e5, 0x18e5, 0x18e5, 0x18e5,
  0x18e5, 0x18e5, 0x18e5, 0x18e5, 0x18c5, 0x18c5, 0x18c5, 0x18c5, 0x18c5, 0x18c5, 0x18c5, 0x18c5,
  0x18c5, 0x18c5, 0x18c5, 0x18c5, 0x18c5, 0x18c5, 0x18c5, 0x18c5, 0x18c5, 0x18c5, 0x18c5, 0x18c4,
  0x18c4, 0x18c4, 0x18c4, 0x18c4, 0x18c4, 0x18c4, 0x18c4, 0x18c4, 0x18c4, 0x18c4, 0x18a4, 0x10a4,
  0x10a4, 0x10a4, 0x10a4, 0x10a4, 0x10a4, 0x10a4, 0x10a4, 0x10a4, 0x10a4, 0x10a4, 0x10a4, 0x10a4,
  0x10a4, 0x10a4, 0x10a4, 0x10a3, 0x10a3, 0x10a3, 0x10a3, 0x10a3, 0x10a3, 0x10a3, 0x1083, 0x632e,
  0x2106, 0x2106, 0x2106, 0x2106, 0x10c4, 0x10a4, 0x632e, 0x2106, 0x2106, 0x10a4, 0x1083, 0x5aed,
  0x18c4, 0x18c4, 0x1083, 0x1083, 0x5aed, 0x18c5, 0x18c5, 0x18c5, 0x18c5, 0x18c5, 0x18c5, 0x18c5,
  0x18c5, 0x18e5, 0x0862, 0x0862, 0x18c4, 0x18c4, 0x18c4, 0x18c4, 0x18c4, 0x18c5, 0x18c5, 0x18c5,
  0x18c5, 0x18c5, 0x18c5, 0x18c5, 0x18c5, 0x18e5, 0x18e5, 0x18e5, 0x18e5, 0x18e5, 0x18e5, 0x18e5,
  0x18e5, 0x18e5, 0x18e5, 0x18e5, 0x18e5, 0x18e6, 0x18e6, 0x20e6, 0x20e6, 0x20e6, 0x20e6, 0x1906,
  0x2106, 0x2106, 0x2106, 0x2106, 0x2106, 0x2106, 0x2106, 0x2106, 0x2106, 0x2106, 0x2106, 0x2106,
  0x2106, 0x2106, 0x2106, 0x2107, 0x2107, 0x2127, 0x2127, 0x2127, 0x2127, 0x2127, 0x2127, 0x2127,
  0x2127, 0x2127, 0x2127, 0x2127, 0x2127, 0x2927, 0x2927, 0x2927, 0x2927, 0x2127, 0x2947, 0x2947,
  0x2947, 0x2948, 0x2948, 0x2948, 0x2948, 0x2948, 0x2948, 0x2948, 0x2948, 0x2948, 0x2948, 0x2948,
  0x2948, 0x2948, 0x2948, 0x2948, 0x2948, 0x2948, 0x2968, 0x2968, 0x2968, 0x2968, 0x2968, 0x2969,
  0x2968, 0x2969, 0x2969, 0x2968, 0x2968, 0x2968, 0x2968, 0x2969, 0x2969, 0x2969, 0x2969, 0x2969,
  0x2969, 0x2969, 0x2969, 0x2969, 0x2969, 0x2969, 0x2969, 0x3169, 0x3169, 0x2989, 0x2989, 0x3189,
  0x3189, 0x3169, 0x3189, 0x3189, 0x3189, 0x3189, 0x3189, 0x3189, 0x3189, 0x3189, 0x3189, 0x3189,
  0x3189, 0x3189, 0x3189, 0x3189, 0x3189, 0x3189, 0x3189, 0x3189, 0x3189, 0x3189, 0x3189, 0x3189,
  0x3189, 0x3189, 0x3189, 0x3189, 0x3189, 0x3189, 0x3189, 0x3189, 0x3189, 0x3189, 0x3189, 0x3189,
  0x3189, 0x3189, 0x3189, 0x3189, 0x3189, 0x3189, 0x3189, 0x3189, 0x2989, 0x3189, 0x2969, 0x3169,
  0x2969, 0x2969, 0x2969, 0x2969, 0x2969, 0x2969, 0x2969, 0x2969, 0x2969, 0x2969, 0x2968, 0x2968,
  0x2968, 0x2968, 0x2968, 0x2968, 0x2969, 0x2968, 0x2968, 0x2968, 0x2968, 0x2968, 0x2948, 0x2948,
  0x2948, 0x2948, 0x2948, 0x2948, 0x2948, 0x2948, 0x2948, 0x2948, 0x2948, 0x2948, 0x2948, 0x2948,
  0x2948, 0x2948, 0x2948, 0x2948, 0x2947, 0x2947, 0x2927, 0x2927, 0x2127, 0x2927, 0x2127, 0x2127,
  0x2127, 0x2127, 0x2127, 0x2127, 0x2127, 0x2127, 0x2127, 0x2127, 0x2127, 0x2127, 0x2107, 0x2107,
  0x2126, 0x2106, 0x2106, 0x2106, 0x2106, 0x2106, 0x2106, 0x2106, 0x2106, 0x2106, 0x2106, 0x2106,
  0x2106, 0x18e6, 0x18e6, 0x20e6, 0x20e6, 0x20e6, 0x18e6, 0x18e6, 0x18e5, 0x18e5, 0x632e, 0x2106,
  0x2106, 0x2106, 0x2106, 0x18a4, 0x10a4, 0x632e, 0x2106, 0x2106, 0x10a4, 0x1083, 0x5aed, 0x18c4,
  0x18c4, 0x1083, 0x1083, 0x5aed, 0x18c5, 0x18c5, 0x18c5, 0x18c5, 0x18c5, 0x18c5, 0x18c5, 0x18e5,
  0x18e5, 0x0862, 0x1083, 0x18c4, 0x18c4, 0x18c4, 0x18c4, 0x18c5, 0x18c5, 0x18c5, 0x18c5, 0x18c5,
  0x18c5, 0x18c5, 0x18c5, 0x18c5, 0x18c5, 0x18e5, 0x18e5, 0x18e5, 0x18e5, 0x18e5, 0x18e5, 0x18e5,
  0x18e5, 0x18e5, 0x18e5, 0x18e6, 0x18e5, 0x20e6, 0x20e6, 0x20e6, 0x20e6, 0x2106, 0x20e6, 0x2106,
  0x2106, 0x2106, 0x2106, 0x2106, 0x2106, 0x2106, 0x2106, 0x2106, 0x2106, 0x2106, 0x2106, 0x2106,
  0x2126, 0x2107, 0x2107, 0x2127, 0x2127, 0x2127, 0x2127, 0x2127, 0x2127, 0x2127, 0x2127, 0x2127,
  0x2127, 0x2127, 0x2127, 0x2127, 0x2927, 0x2927, 0x2927, 0x2127, 0x2947, 0x2927, 0x2947, 0x2947,
  0x2947, 0x2948, 0x2948, 0x2948, 0x2948, 0x2948, 0x2948, 0x2948, 0x2948, 0x2948, 0x2948, 0x2948,
  0x2948, 0x2948, 0x2948, 0x2948, 0x2948, 0x2948, 0x2948, 0x2968, 0x2968, 0x2968, 0x2968, 0x2968,
  0x2968, 0x2968, 0x2968, 0x2968, 0x2968, 0x2969, 0x2968, 0x2968, 0x2969, 0x2969, 0x2969, 0x2969,
  0x2969, 0x2969, 0x2969, 0x2969, 0x2969, 0x2969, 0x2969, 0x3189, 0x3189, 0x3169, 0x2989, 0x3189,
  0x3189, 0x3189, 0x3189, 0x3189, 0x3189, 0x3189, 0x3189, 0x3189, 0x3189, 0x3189, 0x3189, 0x3189,
  0x3189, 0x3189, 0x3189, 0x3189, 0x3189, 0x3189, 0x3189, 0x3189, 0x3189, 0x3189, 0x3189, 0x3189,
  0x3189, 0x3189, 0x3189, 0x3189, 0x3189, 0x3189, 0x3189, 0x3189, 0x3189, 0x3189, 0x3189, 0x3189,
  0x3189, 0x3189, 0x3189, 0x3189, 0x3189, 0x3189, 0x3169, 0x2989, 0x3169, 0x2989, 0x2969, 0x3169,
  0x2969, 0x2969, 0x2969, 0x2969, 0x2969, 0x2969, 0x2969, 0x2969, 0x2969, 0x2968, 0x2968, 0x2968,
  0x2968, 0x2968, 0x2968, 0x2968, 0x2968, 0x2968, 0x2968, 0x2968, 0x2968, 0x2948, 0x2948, 0x2948,
  0x2948, 0x2948, 0x2948, 0x2948, 0x2948, 0x2948, 0x2948, 0x2948, 0x2948, 0x2948, 0x2948, 0x2948,
  0x2948, 0x2947, 0x2947, 0x2947, 0x2147, 0x2927, 0x2147, 0x2927, 0x2927, 0x2127, 0x2127, 0x2127,
  0x2127, 0x2127, 0x2127, 0x2127, 0x2127, 0x2127, 0x2127, 0x2127, 0x2127, 0x2107, 0x2106, 0x2126,
  0x2106, 0x2106, 0x2106, 0x2106, 0x2106, 0x2106, 0x2106, 0x2106, 0x2106, 0x2106, 0x2106, 0x20e6,
  0x20e6, 0x20e6, 0x20e6, 0x20e6, 0x20e6, 0x18e6, 0x18e5, 0x18e6, 0x18e5, 0x632e, 0x2106, 0x2106,
  0x2106, 0x2106, 0x18a4, 0x10a4, 0x632e, 0x2106, 0x2106, 0x10a4, 0x1083, 0x5aed, 0x18c4, 0x18c4,
  0x1083, 0x1083, 0x5aed, 0x18c5, 0x18c5, 0x18c5, 0x18c5, 0x18c5, 0x18c5, 0x18e5, 0x18e5, 0x18e5,
  0x1083, 0x1083, 0x18c4, 0x18c4, 0x18c4, 0x18c4, 0x18c5, 0x18c5, 0x18c5, 0x18c5, 0x18c5, 0x18c5,
  0x18c5, 0x18c5, 0x18e5, 0x18c5, 0x18e5, 0x18e5, 0x18e5, 0x18e5, 0x18e5, 0x18e5, 0x18e5, 0x18e5,
  0x18e5, 0x18e5, 0x18e5, 0x18e6, 0x20e6, 0x20e6, 0x20e6, 0x20e6, 0x18e6, 0x18e6, 0x2106, 0x2106,
  0x2106, 0x2106, 0x2106, 0x2106, 0x2106, 0x2106, 0x2106, 0x2106, 0x2106, 0x2106, 0x2106, 0x2106,
  0x2106, 0x2107, 0x2127, 0x2127, 0x2127, 0x2127, 0x2127, 0x2127, 0x2127, 0x2127, 0x2127, 0x2127,
  0x2127, 0x2127, 0x2127, 0x2927, 0x2927, 0x2127, 0x2927, 0x2947, 0x2947, 0x2947, 0x2947, 0x2948,
  0x2948, 0x2948, 0x2948, 0x2948, 0x2948, 0x2948, 0x2948, 0x2948, 0x2948, 0x2948, 0x2948, 0x2948,
  0x2948, 0x2948, 0x2948, 0x2948, 0x2948, 0x2968, 0x2968, 0x2968, 0x2968, 0x2968, 0x2968, 0x2968,
  0x2968, 0x2968, 0x2968, 0x2969, 0x2968, 0x2969, 0x2969, 0x2969, 0x2969, 0x2969, 0x2969, 0x2969,
  0x2969, 0x2969, 0x2969, 0x3169, 0x2969, 0x3169, 0x3189, 0x3169, 0x2989, 0x2989, 0x3189, 0x3189,
  0x3189, 0x3189, 0x3189, 0x3189, 0x3189, 0x3189, 0x3189, 0x3189, 0x3189, 0x3189, 0x3189, 0x3189,
  0x3189, 0x3189, 0x3189, 0x3189, 0x3189, 0x3189, 0x3189, 0x3189, 0x3189, 0x3189, 0x3189, 0x3189,
  0x3189, 0x3189, 0x3189, 0x3189, 0x3189, 0x3189, 0x3189, 0x3189, 0x3189, 0x3189, 0x3189, 0x3189,
  0x3189, 0x3189, 0x3189, 0x3189, 0x3189, 0x3189, 0x3189, 0x3169, 0x2969, 0x2969, 0x2969, 0x2969,
  0x2969, 0x2969, 0x2969, 0x2969, 0x2969, 0x2969, 0x2969, 0x2969, 0x2969, 0x2968, 0x2968, 0x2968,
  0x2968, 0x2968, 0x2968, 0x2969, 0x2968, 0x2968, 0x2968, 0x2948, 0x2948, 0x2948, 0x2948, 0x2948,
  0x2948, 0x2948, 0x2948, 0x2948, 0x2948, 0x2948, 0x2948, 0x2948, 0x2948, 0x2948, 0x2948, 0x2948,
  0x2947, 0x2947, 0x2947, 0x2947, 0x2927, 0x2127, 0x2927, 0x2127, 0x2127, 0x2127, 0x2127, 0x2127,
  0x2127, 0x2127, 0x2127, 0x2127, 0x2127, 0x2127, 0x2127, 0x2107, 0x2107, 0x2107, 0x2106, 0x2106,
  0x2106, 0x2106, 0x2106, 0x2106, 0x2106, 0x2106, 0x2106, 0x2106, 0x2106, 0x2106, 0x2106, 0x20e6,
  0x20e6, 0x20e6, 0x20e6, 0x18e6, 0x18e6, 0x18e6, 0x18e5, 0x18e5, 0x632e, 0x2106, 0x2106, 0x2106,
  0x2106, 0x10a4, 0x10a4, 0x632e, 0x2106, 0x2106, 0x10a4, 0x1083, 0x5aed, 0x18c4, 0x18c4, 0x1083,
  0x1083, 0x5aed, 0x18c5, 0x18c5, 0x18c5, 0x18c5, 0x18c5, 0x18e5, 0x18e5, 0x18e5, 0x18e5, 0x1083,
  0x1083, 0x18c4, 0x18c4, 0x18c4, 0x18c4, 0x18c5, 0x18c5, 0x18c5, 0x18c5, 0x18c5, 0x18c5, 0x18c5,
  0x18c5, 0x18e5, 0x18e5, 0x18e5, 0x18e5, 0x18e5, 0x18e5, 0x18e5, 0x18e5, 0x18e5, 0x18e5, 0x18e5,
  0x18e5, 0x18e6, 0x20e6, 0x20e6, 0x20e6, 0x20e6, 0x1906, 0x1906, 0x18e6, 0x2106, 0x2106, 0x2106,
  0x2106, 0x2106, 0x2106, 0x2106, 0x2106, 0x2106, 0x2106, 0x2106, 0x2106, 0x2106, 0x2126, 0x2106,
  0x2107, 0x2127, 0x2127, 0x2127, 0x2127, 0x2127, 0x2127, 0x2127, 0x2127, 0x2127, 0x2127, 0x2127,
  0x2127, 0x2127, 0x2127, 0x2127, 0x2147, 0x2927, 0x2947, 0x2947, 0x2947, 0x2948, 0x2948, 0x2948,
  0x2948, 0x2948, 0x2948, 0x2948, 0x2948, 0x2948, 0x2948, 0x2948, 0x2948, 0x2948, 0x2948, 0x2948,
  0x2948, 0x2948, 0x2968, 0x2948, 0x2968, 0x2968, 0x2968, 0x2968, 0x2968, 0x2968, 0x2968, 0x2968,
  0x2968, 0x2969, 0x2968, 0x2968, 0x2969, 0x2969, 0x2969, 0x2969, 0x2969, 0x2969, 0x2969, 0x2969,
  0x2969, 0x2969, 0x2969, 0x2989, 0x3189, 0x2969, 0x3169, 0x3189, 0x3189, 0x3189, 0x3189, 0x3189,
  0x3189, 0x3189, 0x3189, 0x3189, 0x3189, 0x3189, 0x3189, 0x3189, 0x3189, 0x3189, 0x3189, 0x3189,
  0x3189, 0x3189, 0x3189, 0x3189, 0x3189, 0x3189, 0x3189, 0x3189, 0x3189, 0x3189, 0x3189, 0x3189,
  0x3189, 0x3189, 0x3189, 0x3189, 0x3189, 0x3189, 0x3189, 0x3189, 0x3189, 0x3189, 0x3189, 0x3189,
  0x3189, 0x3189, 0x3189, 0x3189, 0x3169, 0x2989, 0x3189, 0x3169, 0x2969, 0x2969, 0x2969, 0x2969,
  0x2969, 0x2969, 0x2969, 0x2969, 0x2969, 0x2969, 0x2969, 0x2968, 0x2968, 0x2968, 0x2968, 0x2968,
  0x2969, 0x2969, 0x2969, 0x2968, 0x2968, 0x2968, 0x2948, 0x2948, 0x2948, 0x2948, 0x2948, 0x2948,
  0x2948, 0x2948, 0x2948, 0x2948, 0x2948, 0x2948, 0x2948, 0x2948, 0x2948, 0x2948, 0x2948, 0x2947,
  0x2947, 0x2947, 0x2147, 0x2927, 0x2927, 0x2927, 0x2927, 0x2127, 0x2127, 0x2127, 0x2127, 0x2127,
  0x2127, 0x2127, 0x2127, 0x2127, 0x2127, 0x2127, 0x2107, 0x2126, 0x2106, 0x2106, 0x2106, 0x2106,
  0x2106, 0x2106, 0x2106, 0x2106, 0x2106, 0x2106, 0x2106, 0x2106, 0x20e6, 0x2106, 0x18e6, 0x20e6,
  0x20e6, 0x20e6, 0x18e6, 0x18e6, 0x18e6, 0x18e5, 0x18e5, 0x632e, 0x2106, 0x2106, 0x2106, 0x2106,
  0x10c4, 0x10a4, 0x632e, 0x2106, 0x2106, 0x10a4, 0x1083, 0x5aed, 0x18c4, 0x18c4, 0x1083, 0x1083,
  0x5aed, 0x18c5, 0x18c5, 0x18c5, 0x18c5, 0x18c5, 0x18e5, 0x18e5, 0x18e5, 0x18e5, 0x1083, 0x1083,
  0x18c4, 0x18c4, 0x18c4, 0x18c4, 0x18c5, 0x18c5, 0x18c5, 0x18c5, 0x18c5, 0x18c5, 0x18c5, 0x18c5,
  0x18e5, 0x18e5, 0x18e5, 0x18e5, 0x18e5, 0x18e5, 0x18e5, 0x18e5, 0x18e5, 0x18e5, 0x18e5, 0x18e6,
  0x18e6, 0x20e6, 0x20e6, 0x20e6, 0x20e6, 0x18e6, 0x2106, 0x2106, 0x2106, 0x2106, 0x2106, 0x2106,
  0x2106, 0x2106, 0x2106, 0x2106, 0x2106, 0x2106, 0x2106, 0x2106, 0x2126, 0x2126, 0x2107, 0x2107,
  0x2127, 0x2127, 0x2127, 0x2127, 0x2127, 0x2127, 0x2127, 0x2127, 0x2127, 0x2127, 0x2127, 0x2127,
  0x2127, 0x2927, 0x2927, 0x2127, 0x2947, 0x2927, 0x2947, 0x2947, 0x2948, 0x2948, 0x2948, 0x2948,
  0x2948, 0x2948, 0x2948, 0x2948, 0x2948, 0x2948, 0x2948, 0x2948, 0x2948, 0x2948, 0x2948, 0x2948,
  0x2948, 0x2948, 0x2968, 0x2968, 0x2968, 0x2968, 0x2969, 0x2968, 0x2969, 0x2968, 0x2968, 0x2968,
  0x2968, 0x2968, 0x2969, 0x2969, 0x2969, 0x2969, 0x2969, 0x2969, 0x2969, 0x2969, 0x2969, 0x2969,
  0x2969, 0x2969, 0x3189, 0x2969, 0x3189, 0x3169, 0x3169, 0x3189, 0x3189, 0x3189, 0x3189, 0x3189,
  0x3189, 0x3189, 0x3189, 0x3189, 0x3189, 0x3189, 0x3189, 0x3189, 0x3189, 0x3189, 0x3189, 0x3189,
  0x3189, 0x3189, 0x3189, 0x3189, 0x3189, 0x3189, 0x3189, 0x3189, 0x3189, 0x3189, 0x3189, 0x3189,
  0x3189, 0x3189, 0x3189, 0x3189, 0x3189, 0x3189, 0x3189, 0x3189, 0x3189, 0x3189, 0x3189, 0x3189,
  0x2989, 0x2989, 0x3189, 0x3189, 0x2969, 0x3169, 0x3169, 0x2969, 0x2969, 0x2969, 0x2969, 0x2969,
  0x2969, 0x2969, 0x2969, 0x2969, 0x2969, 0x2968, 0x2968, 0x2968, 0x2968, 0x2968, 0x2968, 0x2969,
  0x2969, 0x2968, 0x2968, 0x2948, 0x2968, 0x2948, 0x2948, 0x2948, 0x2948, 0x2948, 0x2948, 0x2948,
  0x2948, 0x2948, 0x2948, 0x2948, 0x2948, 0x2948, 0x2948, 0x2948, 0x2948, 0x2948, 0x2947, 0x2947,
  0x2127, 0x2927, 0x2147, 0x2127, 0x2127, 0x2927, 0x2127, 0x2127, 0x2127, 0x2127, 0x2127, 0x2127,
  0x2127, 0x2127, 0x2127, 0x2127, 0x2127, 0x2107, 0x2107, 0x2126, 0x2106, 0x2106, 0x2106, 0x2106,
  0x2106, 0x2106, 0x2106, 0x2106, 0x2106, 0x2106, 0x2106, 0x2106, 0x18e6, 0x20e6, 0x20e6, 0x20e6,
  0x20e6, 0x18e6, 0x18e6, 0x18e5, 0x18e5, 0x18e5, 0x632e, 0x2106, 0x2106, 0x2106, 0x2106, 0x10a4,
  0x10a4, 0x632e, 0x2106, 0x2106, 0x10a4, 0x1083, 0x5aed, 0x18c4, 0x18c5, 0x1083, 0x1083, 0x5aed,
  0x18c5, 0x18c5, 0x18c5, 0x18c5, 0x18c5, 0x18c5, 0x18e5, 0x18e5, 0x18e5, 0x1083, 0x1083, 0x18c4,
  0x18c4, 0x18c4, 0x18c5, 0x18c5, 0x18c5, 0x18c5, 0x18c5, 0x18c5, 0x18c5, 0x18c5, 0x18c5, 0x18c5,
  0x18e5, 0x18e5, 0x18e5, 0x18e5, 0x18e5, 0x18e5, 0x18e5, 0x18e5, 0x18e5, 0x18e5, 0x18e5, 0x20e6,
  0x20e6, 0x20e6, 0x20e6, 0x20e6, 0x20e6, 0x20e6, 0x2106, 0x2106, 0x2106, 0x2106, 0x2106, 0x2106,
  0x2106, 0x2106, 0x2106, 0x2106, 0x2106, 0x2106, 0x2106, 0x2106, 0x2126, 0x2127, 0x2127, 0x2127,
  0x2127, 0x2127, 0x2127, 0x2127, 0x2127, 0x2127, 0x2127, 0x2127, 0x2127, 0x2127, 0x2127, 0x2927,
  0x2927, 0x2927, 0x2927, 0x2947, 0x2947, 0x2947, 0x2948, 0x2948, 0x2948, 0x2948, 0x2948, 0x2948,
  0x2948, 0x2948, 0x2948, 0x2948, 0x2948, 0x2948, 0x2948, 0x2948, 0x2948, 0x2948, 0x2948, 0x2948,
  0x2948, 0x2968, 0x2968, 0x2968, 0x2968, 0x2968, 0x2969, 0x2968, 0x2968, 0x2968, 0x2968, 0x2968,
  0x2969, 0x2969, 0x2969, 0x2969, 0x2969, 0x2969, 0x2969, 0x2969, 0x2969, 0x2969, 0x2969, 0x2969,
  0x2969, 0x3189, 0x3189, 0x3189, 0x3169, 0x3189, 0x3189, 0x3189, 0x3189, 0x3189, 0x3189, 0x3189,
  0x3189, 0x3189, 0x3189, 0x3189, 0x3189, 0x3189, 0x3189, 0x3189, 0x3189, 0x3189, 0x3189, 0x3189,
  0x3189, 0x3189, 0x3189, 0x3189, 0x3189, 0x3189, 0x3189, 0x3189, 0x3189, 0x3189, 0x3189, 0x3189,
  0x3189, 0x3189, 0x3189, 0x3189, 0x3189, 0x3189, 0x3189, 0x3189, 0x3189, 0x3189, 0x3189, 0x3189,
  0x3189, 0x3169, 0x3189, 0x3169, 0x2989, 0x2969, 0x2969, 0x2969, 0x2969, 0x2969, 0x2969, 0x2969,
  0x2969, 0x2969, 0x2969, 0x2969, 0x2969, 0x2968, 0x2968, 0x2968, 0x2969, 0x2968, 0x2969, 0x2968,
  0x2968, 0x2968, 0x2968, 0x2968, 0x2948, 0x2948, 0x2948, 0x2948, 0x2948, 0x2948, 0x2948, 0x2948,
  0x2948, 0x2948, 0x2948, 0x2948, 0x2948, 0x2948, 0x2948, 0x2948, 0x2948, 0x2947, 0x2927, 0x2947,
  0x2147, 0x2127, 0x2927, 0x2927, 0x2127, 0x2127, 0x2127, 0x2127, 0x2127, 0x2127, 0x2127, 0x2127,
  0x2127, 0x2127, 0x2107, 0x2107, 0x2127, 0x2126, 0x2126, 0x2106, 0x2106, 0x2106, 0x2106, 0x2106,
  0x2106, 0x2106, 0x2106, 0x2106, 0x2106, 0x2106, 0x2106, 0x18e6, 0x20e6, 0x20e6, 0x20e6, 0x18e6,
  0x18e6, 0x18e6, 0x18e5, 0x18e5, 0x18e5, 0x632e, 0x2106, 0x2106, 0x2106, 0x2106, 0x10a4, 0x10a4,
  0x632e, 0x2106, 0x2106, 0x10a4, 0x1083, 0x5aed, 0x18c4, 0x18c5, 0x1083, 0x1083, 0x5aed, 0x18c5,
  0x18c5, 0x18c5, 0x18c5, 0x18c5, 0x18c5, 0x18e5, 0x18e5, 0x18e5, 0x1083, 0x1083, 0x18c4, 0x18c4,
  0x18c4, 0x18c5, 0x18c5, 0x18c5, 0x18c5, 0x18c5, 0x18c5, 0x18c5, 0x18c5, 0x18e5, 0x18c5, 0x18e5,
  0x18e5, 0x18e5, 0x18e5, 0x18e5, 0x18e5, 0x18e5, 0x18e5, 0x18e5, 0x18e6, 0x18e6, 0x18e6, 0x20e6,
  0x20e6, 0x20e6, 0x1906, 0x20e6, 0x2106, 0x2106, 0x2106, 0x2106, 0x2106, 0x2106, 0x2106, 0x2106,
  0x2106, 0x2106, 0x2106, 0x2106, 0x2106, 0x2106, 0x2126, 0x2107, 0x2107, 0x2127, 0x2127, 0x2127,
  0x2127, 0x2127, 0x2127, 0x2127, 0x2127, 0x2127, 0x2127, 0x2127, 0x2127, 0x2127, 0x2927, 0x2927,
  0x2127, 0x2127, 0x2947, 0x2947, 0x2947, 0x2947, 0x2948, 0x2948, 0x2948, 0x2948, 0x2948, 0x2948,
  0x2948, 0x2948, 0x2948, 0x2948, 0x2948, 0x2948, 0x2948, 0x2948, 0x2948, 0x2948, 0x2968, 0x2948,
  0x2968, 0x2968, 0x2968, 0x2969, 0x2969, 0x2968, 0x2968, 0x2968, 0x2968, 0x2968, 0x2969, 0x2968,
  0x2969, 0x2969, 0x2969, 0x2969, 0x2969, 0x2969, 0x2969, 0x2969, 0x2969, 0x2969, 0x2969, 0x2969,
  0x2989, 0x2989, 0x3189, 0x3189, 0x2989, 0x3189, 0x3189, 0x3189, 0x3189, 0x3189, 0x3189, 0x3189,
  0x3189, 0x3189, 0x3189, 0x3189, 0x3189, 0x3189, 0x3189, 0x3189, 0x3189, 0x3189, 0x3189, 0x3189,
  0x3189, 0x3189, 0x3189, 0x3189, 0x3189, 0x3189, 0x3189, 0x3189, 0x3189, 0x3189, 0x3189, 0x3189,
  0x3189, 0x3189, 0x3189, 0x3189, 0x3189, 0x3189, 0x3189, 0x3189, 0x3189, 0x3189, 0x3189, 0x2989,
  0x3189, 0x3169, 0x3189, 0x3169, 0x3169, 0x2969, 0x2969, 0x2969, 0x2969, 0x2969, 0x2969, 0x2969,
  0x2969, 0x2969, 0x2968, 0x2969, 0x2968, 0x2968, 0x2968, 0x2968, 0x2968, 0x2969, 0x2968, 0x2968,
  0x2968, 0x2968, 0x2948, 0x2968, 0x2948, 0x2948, 0x2948, 0x2948, 0x2948, 0x2948, 0x2948, 0x2948,
  0x2948, 0x2948, 0x2948, 0x2948, 0x2948, 0x2948, 0x2948, 0x2948, 0x2947, 0x2947, 0x2927, 0x2147,
  0x2927, 0x2127, 0x2927, 0x2127, 0x2127, 0x2127, 0x2127, 0x2127, 0x2127, 0x2127, 0x2127, 0x2127,
  0x2127, 0x2127, 0x2107, 0x2126, 0x2126, 0x2106, 0x2106, 0x2106, 0x2106, 0x2106, 0x2106, 0x2106,
  0x2106, 0x2106, 0x2106, 0x2106, 0x20e6, 0x20e6, 0x1906, 0x20e6, 0x20e6, 0x20e6, 0x20e6, 0x18e6,
  0x18e6, 0x18e5, 0x18e5, 0x18e5, 0x632e, 0x2106, 0x2106, 0x2106, 0x2106, 0x10a4, 0x10a4, 0x632e,
  0x2106, 0x1906, 0x10a4, 0x1083, 0x5aed, 0x18c4, 0x18c5, 0x1083, 0x1083, 0x5aed, 0x18c5, 0x18c5,
  0x18c5, 0x18c5, 0x18c5, 0x18e5, 0x18e5, 0x18e5, 0x18e5, 0x1083, 0x1083, 0x630d, 0x630d, 0x630d,
  0x630d, 0x630d, 0x630d, 0x630d, 0x630d, 0x630d, 0x630d, 0x630d, 0x632e, 0x632e, 0x632e, 0x632e,
  0x632e, 0x632e, 0x632e, 0x632e, 0x632e, 0x632e, 0x632e, 0x632e, 0x632e, 0x632e, 0x632e, 0x632e,
  0x632e, 0x6b4e, 0x6b4e, 0x6b4e, 0x6b4e, 0x6b4f, 0x6b4e, 0x6b4f, 0x6b4f, 0x6b4f, 0x6b4f, 0x6b4f,
  0x6b4f, 0x6b4f, 0x6b4f, 0x6b4f, 0x6b4f, 0x6b4f, 0x6b4f, 0x6b4f, 0x6b4f, 0x6b4f, 0x6b4f, 0x6b4f,
  0x6b4f, 0x6b6f, 0x6b6f, 0x6b6f, 0x6b6f, 0x6b6f, 0x6b6f, 0x6b6f, 0x6b6f, 0x6b6f, 0x6b6f, 0x6b6f,
  0x6b70, 0x6b70, 0x6b70, 0x6b70, 0x6b70, 0x6b70, 0x6b70, 0x6b70, 0x6b70, 0x6b70, 0x6b70, 0x6b70,
  0x6b70, 0x6b70, 0x6b70, 0x6b70, 0x7390, 0x7390, 0x7390, 0x7390, 0x7390, 0x7390, 0x7390, 0x7390,
  0x7390, 0x7390, 0x7390, 0x7390, 0x7390, 0x7391, 0x7391, 0x7391, 0x7391, 0x7391, 0x7391, 0x7391,
  0x7391, 0x7391, 0x7391, 0x7391, 0x7391, 0x7391, 0x7391, 0x7391, 0x7391, 0x7391, 0x7391, 0x7391,
  0x7391, 0x7391, 0x7391, 0x7391, 0x73b1, 0x73b1, 0x7391, 0x73b1, 0x7391, 0x73b1, 0x73b1, 0x73b1,
  0x73b1, 0x73b1, 0x73b1, 0x73b1, 0x73b1, 0x73b1, 0x73b1, 0x73b1, 0x73b1, 0x73b1, 0x73b1, 0x73b1,
  0x73b1, 0x73b1, 0x73b1, 0x73b1, 0x73b1, 0x73b1, 0x73b1, 0x73b1, 0x73b1, 0x73b1, 0x73b1, 0x73b1,
  0x73b1, 0x73b1, 0x73b1, 0x73b1, 0x73b1, 0x73b1, 0x73b1, 0x73b1, 0x73b1, 0x7391, 0x7391, 0x7391,
  0x7391, 0x7391, 0x7391, 0x7391, 0x7391, 0x7391, 0x7391, 0x7391, 0x7391, 0x7391, 0x7391, 0x7391,
  0x7391, 0x7391, 0x7391, 0x7390, 0x7391, 0x7391, 0x7390, 0x7390, 0x7390, 0x7390, 0x7390, 0x7390,
  0x7390, 0x7390, 0x7390, 0x7390, 0x7390, 0x7390, 0x6b70, 0x6b70, 0x6b70, 0x6b70, 0x6b70, 0x6b70,
  0x6b70, 0x6b70, 0x6b70, 0x6b70, 0x6b70, 0x6b70, 0x6b70, 0x6b70, 0x6b6f, 0x6b6f, 0x6b6f, 0x6b6f,
  0x6b6f, 0x6b6f, 0x6b6f, 0x6b6f, 0x6b6f, 0x6b6f, 0x6b6f, 0x6b4f, 0x6b4f, 0x6b4f, 0x6b4f, 0x6b4f,
  0x6b4f, 0x6b4f, 0x6b4f, 0x6b4f, 0x6b4f, 0x6b4f, 0x6b4f, 0x6b4f, 0x6b4f, 0x6b4f, 0x6b4f, 0x6b4f,
  0x6b4e, 0x6b4e, 0x6b4e, 0x6b4e, 0x6b4e, 0x6b4e, 0x632e, 0x632e, 0x632e, 0x632e, 0x632e, 0x632e,
  0x632e, 0x632e, 0x632e, 0x632e, 0x2106, 0x2106, 0x2106, 0x2106, 0x10a4, 0x10a4, 0x630d, 0x20e6,
  0x20e6, 0x10a4, 0x1083, 0x5aed, 0x18c4, 0x18c5, 0x1083, 0x1083, 0x5aed, 0x18c5, 0x18c5, 0x18c5,
  0x18e5, 0x18e5, 0x18e5, 0x18e5, 0x18e5, 0x18e5, 0x18e5, 0x18e5, 0x18e5, 0x18e5, 0x18e5, 0x18e6,
  0x18e6, 0x18e6, 0x2106, 0x1906, 0x2106, 0x2106, 0x2106, 0x2106, 0x2106, 0x2106, 0x2106, 0x2106,
  0x2106, 0x2106, 0x2106, 0x2106, 0x2126, 0x2107, 0x2107, 0x2107, 0x2107, 0x2127, 0x2127, 0x2127,
  0x2127, 0x2127, 0x2127, 0x2127, 0x2127, 0x2927, 0x2927, 0x2927, 0x2927, 0x2927, 0x2947, 0x2948,
  0x2947, 0x2948, 0x2948, 0x2948, 0x2948, 0x2948, 0x2948, 0x2948, 0x2948, 0x2948, 0x2968, 0x2968,
  0x2968, 0x2968, 0x2968, 0x2968, 0x2968, 0x2968, 0x2968, 0x2969, 0x2969, 0x2969, 0x2969, 0x2969,
  0x2969, 0x3169, 0x3169, 0x3189, 0x3189, 0x3189, 0x3189, 0x3189, 0x3189, 0x3189, 0x3189, 0x3189,
  0x3189, 0x3189, 0x3189, 0x318a, 0x3189, 0x318a, 0x318a, 0x31aa, 0x318a, 0x31aa, 0x318a, 0x31aa,
  0x31aa, 0x31aa, 0x31aa, 0x31aa, 0x31aa, 0x31aa, 0x31aa, 0x31aa, 0x31aa, 0x31aa, 0x31aa, 0x31aa,
  0x31aa, 0x31aa, 0x31aa, 0x31aa, 0x31aa, 0x31aa, 0x31aa, 0x31aa, 0x31aa, 0x39ca, 0x39ca, 0x39ca,
  0x39ab, 0x39ab, 0x39ab, 0x39ab, 0x39cb, 0x39cb, 0x39cb, 0x39cb, 0x39cb, 0x39cb, 0x39cb, 0x39cb,
  0x39cb, 0x39cb, 0x39cb, 0x39cb, 0x39cb, 0x39cb, 0x39cb, 0x39cb, 0x39cb, 0x39cb, 0x39cb, 0x39cb,
  0x39cb, 0x39cb, 0x39cb, 0x39cb, 0x39cb, 0x39cb, 0x39cb, 0x39cb, 0x39cb, 0x39cb, 0x39cb, 0x39cb,
  0x39cb, 0x39cb, 0x39cb, 0x39cb, 0x39cb, 0x39cb, 0x39ab, 0x39ab, 0x39ab, 0x31ab, 0x31ab, 0x39ab,
  0x31cb, 0x39ca, 0x31aa, 0x31aa, 0x31aa, 0x31aa, 0x31aa, 0x31aa, 0x31aa, 0x31aa, 0x31aa, 0x31aa,
  0x31aa, 0x31aa, 0x31aa, 0x31aa, 0x31aa, 0x31aa, 0x31aa, 0x31aa, 0x31aa, 0x31aa, 0x31aa, 0x318a,
  0x31aa, 0x318a, 0x318a, 0x318a, 0x3189, 0x3189, 0x3189, 0x3189, 0x3189, 0x3189, 0x3189, 0x3189,
  0x3189, 0x3189, 0x3189, 0x3169, 0x2989, 0x2969, 0x2969, 0x2969, 0x2969, 0x2969, 0x2969, 0x2969,
  0x2968, 0x2968, 0x2968, 0x2968, 0x2968, 0x2968, 0x2948, 0x2948, 0x2948, 0x2948, 0x2948, 0x2948,
  0x2948, 0x2948, 0x2948, 0x2948, 0x2948, 0x2948, 0x2947, 0x2927, 0x2927, 0x2927, 0x2127, 0x2127,
  0x2127, 0x2127, 0x2127, 0x2127, 0x2127, 0x2127, 0x2127, 0x2127, 0x2107, 0x2107, 0x2106, 0x2106,
  0x2106, 0x2106, 0x2106, 0x2106, 0x2106, 0x2106, 0x2106, 0x10a4, 0x10a4, 0x630d, 0x20e6, 0x2106,
  0x10a4, 0x1083, 0x5aed, 0x18c4, 0x18c5, 0x1083, 0x1083, 0x5aed, 0x18c5, 0x18c5, 0x18c5, 0x18c5,
  0x18e5, 0x18e5, 0x18e5, 0x18e5, 0x18e5, 0x18e5, 0x18e5, 0x18e5, 0x18e5, 0x18e5, 0x18e5, 0x18e6,
  0x18e6, 0x20e6, 0x20e6, 0x1906, 0x2106, 0x2106, 0x2106, 0x2106, 0x2106, 0x2106, 0x2106, 0x2106,
  0x2106, 0x2107, 0x2106, 0x2106, 0x2107, 0x2107, 0x2107, 0x2127, 0x2127, 0x2127, 0x2127, 0x2127,
  0x2127, 0x2127, 0x2127, 0x2127, 0x2927, 0x2927, 0x2147, 0x2147, 0x2947, 0x2948, 0x2947, 0x2948,
  0x2948, 0x2948, 0x2948, 0x2948, 0x2948, 0x2948, 0x2948, 0x2948, 0x2948, 0x2968, 0x2948, 0x2968,
  0x2968, 0x2968, 0x2968, 0x2968, 0x2968, 0x2968, 0x2969, 0x2969, 0x2969, 0x2969, 0x2969, 0x2969,
  0x2969, 0x3189, 0x3189, 0x3189, 0x3189, 0x3189, 0x3189, 0x3189, 0x3189, 0x3189, 0x3189, 0x3189,
  0x3189, 0x318a, 0x3189, 0x318a, 0x318a, 0x318a, 0x318a, 0x31aa, 0x318a, 0x31aa, 0x31aa, 0x31aa,
  0x31aa, 0x31aa, 0x31aa, 0x31aa, 0x31aa, 0x31aa, 0x31aa, 0x31aa, 0x31aa, 0x31aa, 0x31aa, 0x31aa,
  0x31aa, 0x31aa, 0x31aa, 0x31aa, 0x31aa, 0x31aa, 0x31aa, 0x31aa, 0x31cb, 0x39ab, 0x39ab, 0x31cb,
  0x39ab, 0x39ab, 0x39cb, 0x39cb, 0x39cb, 0x39cb, 0x39cb, 0x39cb, 0x39cb, 0x39cb, 0x39cb, 0x39cb,
  0x39cb, 0x39cb, 0x39cb, 0x39cb, 0x39cb, 0x39cb, 0x39cb, 0x39cb, 0x39cb, 0x39cb, 0x39cb, 0x39cb,
  0x39cb, 0x39cb, 0x39cb, 0x39cb, 0x39cb, 0x39cb, 0x39cb, 0x39cb, 0x39cb, 0x39cb, 0x39cb, 0x39cb,
  0x39cb, 0x39cb, 0x39cb, 0x39ab, 0x39ab, 0x39ab, 0x39ab, 0x39ab, 0x31ab, 0x39ab, 0x31cb, 0x39ab,
  0x31aa, 0x31aa, 0x31aa, 0x31aa, 0x31aa, 0x31aa, 0x31aa, 0x31aa, 0x31aa, 0x31aa, 0x31aa, 0x31aa,
  0x31aa, 0x31aa, 0x31aa, 0x31aa, 0x31aa, 0x31aa, 0x31aa, 0x31aa, 0x31aa, 0x318a, 0x31aa, 0x318a,
  0x318a, 0x318a, 0x3189, 0x3189, 0x3189, 0x3189, 0x3189, 0x3189, 0x3189, 0x3189, 0x3189, 0x3189,
  0x3189, 0x3189, 0x3189, 0x2969, 0x2969, 0x2969, 0x2969, 0x2969, 0x2969, 0x2969, 0x2968, 0x2968,
  0x2968, 0x2968, 0x2968, 0x2968, 0x2948, 0x2968, 0x2968, 0x2948, 0x2948, 0x2948, 0x2948, 0x2948,
  0x2948, 0x2948, 0x2948, 0x2948, 0x2947, 0x2927, 0x2927, 0x2147, 0x2927, 0x2127, 0x2127, 0x2127,
  0x2127, 0x2127, 0x2127, 0x2127, 0x2127, 0x2127, 0x2107, 0x2107, 0x2126, 0x2106, 0x2106, 0x2106,
  0x2106, 0x2106, 0x2106, 0x2106, 0x2106, 0x2106, 0x10a4, 0x10a4, 0x630d, 0x1906, 0x1906, 0x10a4,
  0x1083, 0x5aed, 0x18c5, 0x18c5, 0x1083, 0x1083, 0x5aed, 0x18c5, 0x18c5, 0x18c5, 0x18c5, 0x18e5,
  0x18e5, 0x18e5, 0x18e5, 0x18e5, 0x18e5, 0x18e5, 0x18e5, 0x18e5, 0x18e5, 0x18e6, 0x18e6, 0x18e6,
  0x20e6, 0x20e6, 0x2106, 0x2106, 0x2106, 0x2106, 0x2106, 0x2106, 0x2106, 0x2106, 0x2106, 0x2106,
  0x2106, 0x2106, 0x2107, 0x2126, 0x2107, 0x2127, 0x2127, 0x2127, 0x2127, 0x2127, 0x2127, 0x2127,
  0x2127, 0x2127, 0x2927, 0x2927, 0x2927, 0x2927, 0x2947, 0x2947, 0x2947, 0x2947, 0x2948, 0x2948,
  0x2948, 0x2948, 0x2948, 0x2948, 0x2948, 0x2948, 0x2948, 0x2948, 0x2968, 0x2968, 0x2968, 0x2968,
  0x2968, 0x2968, 0x2968, 0x2968, 0x2969, 0x2969, 0x2969, 0x2969, 0x2969, 0x2969, 0x2969, 0x3189,
  0x3169, 0x3189, 0x3189, 0x3189, 0x3189, 0x3189, 0x3189, 0x3189, 0x3189, 0x3189, 0x3189, 0x3189,
  0x318a, 0x318a, 0x318a, 0x318a, 0x318a, 0x31aa, 0x318a, 0x31aa, 0x31aa, 0x31aa, 0x31aa, 0x31aa,
  0x31aa, 0x31aa, 0x31aa, 0x31aa, 0x31aa, 0x31aa, 0x31aa, 0x31aa, 0x31aa, 0x31aa, 0x31aa, 0x31aa,
  0x31aa, 0x31aa, 0x31aa, 0x31aa, 0x31aa, 0x39aa, 0x31aa, 0x31aa, 0x39ab, 0x39ab, 0x39ab, 0x39ab,
  0x39ab, 0x39cb, 0x39ab, 0x39cb, 0x39cb, 0x39cb, 0x39cb, 0x39cb, 0x39cb, 0x39cb, 0x39cb, 0x39cb,
  0x39cb, 0x39cb, 0x39cb, 0x39cb, 0x39cb, 0x39cb, 0x39cb, 0x39cb, 0x39cb, 0x39cb, 0x39cb, 0x39cb,
  0x39cb, 0x39cb, 0x39cb, 0x39cb, 0x39cb, 0x39cb, 0x39cb, 0x39cb, 0x39cb, 0x39cb, 0x39cb, 0x39cb,
  0x39cb, 0x39cb, 0x39ab, 0x39ab, 0x39ab, 0x39ab, 0x39ab, 0x39ab, 0x31cb, 0x31aa, 0x31aa, 0x31aa,
  0x31aa, 0x31aa, 0x31aa, 0x31aa, 0x31aa, 0x31aa, 0x31aa, 0x31aa, 0x31aa, 0x31aa, 0x31aa, 0x31aa,
  0x31aa, 0x31aa, 0x31aa, 0x31aa, 0x31aa, 0x31aa, 0x31aa, 0x318a, 0x318a, 0x31aa, 0x318a, 0x318a,
  0x318a, 0x318a, 0x3189, 0x3189, 0x3189, 0x3189, 0x3189, 0x3189, 0x3189, 0x3189, 0x3189, 0x3189,
  0x3189, 0x3189, 0x3169, 0x2969, 0x2969, 0x2969, 0x2969, 0x2969, 0x2969, 0x2968, 0x2968, 0x2968,
  0x2968, 0x2968, 0x2968, 0x2968, 0x2948, 0x2948, 0x2948, 0x2948, 0x2948, 0x2948, 0x2948, 0x2948,
  0x2948, 0x2948, 0x2947, 0x2947, 0x2927, 0x2927, 0x2147, 0x2927, 0x2927, 0x2127, 0x2127, 0x2127,
  0x2127, 0x2127, 0x2127, 0x2127, 0x2107, 0x2107, 0x2126, 0x2106, 0x2106, 0x2106, 0x2106, 0x2106,
  0x2106, 0x2106, 0x2106, 0x2106, 0x2106, 0x10a4, 0x10a4, 0x630d, 0x1906, 0x18e6, 0x10a4, 0x1083,
  0x5aed, 0x18c5, 0x18c5, 0x1083, 0x1083, 0x5aed, 0x18c5, 0x18c5, 0x18c5, 0x18e5, 0x18e5, 0x18e5,
  0x18e5, 0x18e5, 0x18e5, 0x18e5, 0x18e5, 0x18e5, 0x18e5, 0x18e5, 0x18e6, 0x20e6, 0x20e6, 0x20e6,
  0x2106, 0x2106, 0x2106, 0x2106, 0x2106, 0x2106, 0x2106, 0x2106, 0x2106, 0x2106, 0x2106, 0x2106,
  0x2106, 0x2107, 0x2106, 0x2107, 0x2127, 0x2127, 0x2127, 0x2127, 0x2127, 0x2127, 0x2127, 0x2127,
  0x2127, 0x2927, 0x2927, 0x2127, 0x2147, 0x2947, 0x2947, 0x2948, 0x2948, 0x2948, 0x2948, 0x2948,
  0x2948, 0x2948, 0x2948, 0x2948, 0x2948, 0x2948, 0x2948, 0x2948, 0x2968, 0x2968, 0x2968, 0x2968,
  0x2968, 0x2968, 0x2968, 0x2969, 0x2969, 0x2969, 0x2969, 0x2969, 0x2969, 0x3169, 0x3169, 0x3189,
  0x3189, 0x3189, 0x3189, 0x3189, 0x3189, 0x3189, 0x3189, 0x3189, 0x3189, 0x3189, 0x3189, 0x3189,
  0x3189, 0x318a, 0x318a, 0x318a, 0x31aa, 0x318a, 0x31aa, 0x31aa, 0x31aa, 0x31aa, 0x31aa, 0x31aa,
  0x31aa, 0x31aa, 0x31aa, 0x31aa, 0x31aa, 0x31aa, 0x31aa, 0x31aa, 0x31aa, 0x31aa, 0x31aa, 0x31aa,
  0x31aa, 0x31aa, 0x31aa, 0x31aa, 0x39ab, 0x31aa, 0x39ca, 0x39ab, 0x31ab, 0x31cb, 0x39ab, 0x39ab,
  0x39cb, 0x39cb, 0x39cb, 0x39cb, 0x39cb, 0x39cb, 0x39cb, 0x39cb, 0x39cb, 0x39cb, 0x39cb, 0x39cb,
  0x39cb, 0x39cb, 0x39cb, 0x39cb, 0x39cb, 0x39cb, 0x39cb, 0x39cb, 0x39cb, 0x39cb, 0x39cb, 0x39cb,
  0x39cb, 0x39cb, 0x39cb, 0x39cb, 0x39cb, 0x39cb, 0x39cb, 0x39cb, 0x39cb, 0x39cb, 0x39cb, 0x39cb,
  0x39cb, 0x39ab, 0x39ab, 0x39ab, 0x39ab, 0x39ab, 0x31ab, 0x39ab, 0x31aa, 0x31aa, 0x31aa, 0x31aa,
  0x31aa, 0x31aa, 0x31aa, 0x31aa, 0x31aa, 0x31aa, 0x31aa, 0x31aa, 0x31aa, 0x31aa, 0x31aa, 0x31aa,
  0x31aa, 0x31aa, 0x31aa, 0x31aa, 0x31aa, 0x31aa, 0x31aa, 0x318a, 0x318a, 0x318a, 0x318a, 0x3189,
  0x3189, 0x3189, 0x3189, 0x3189, 0x3189, 0x3189, 0x3189, 0x3189, 0x3189, 0x3189, 0x3169, 0x3169,
  0x3169, 0x2969, 0x2969, 0x2969, 0x2969, 0x2969, 0x2969, 0x2968, 0x2968, 0x2968, 0x2968, 0x2968,
  0x2968, 0x2948, 0x2948, 0x2948, 0x2948, 0x2948, 0x2948, 0x2948, 0x2948, 0x2948, 0x2948, 0x2948,
  0x2948, 0x2947, 0x2947, 0x2927, 0x2927, 0x2127, 0x2127, 0x2927, 0x2127, 0x2127, 0x2127, 0x2127,
  0x2127, 0x2127, 0x2127, 0x2107, 0x2107, 0x2106, 0x2106, 0x2106, 0x2106, 0x2106, 0x2106, 0x2106,
  0x2106, 0x2106, 0x2106, 0x2106, 0x10a4, 0x10a4, 0x630d, 0x20e6, 0x18e6, 0x10a4, 0x1083, 0x5aed,
  0x18c5, 0x18c5, 0x1083, 0x1083, 0x5aed, 0x18c5, 0x18c5, 0x18e5, 0x18e5, 0x18e5, 0x18e5, 0x18e5,
  0x18e5, 0x18e5, 0x18e5, 0x18e5, 0x18e5, 0x18e5, 0x18e6, 0x18e6, 0x18e6, 0x20e6, 0x20e6, 0x2106,
  0x2106, 0x2106, 0x2106, 0x2106, 0x2106, 0x2106, 0x2106, 0x2106, 0x2106, 0x2106, 0x2106, 0x2106,
  0x2127, 0x2107, 0x2107, 0x2127, 0x2127, 0x2127, 0x2127, 0x2127, 0x2127, 0x2127, 0x2927, 0x2127,
  0x2927, 0x2147, 0x2147, 0x2147, 0x2927, 0x2947, 0x2947, 0x2948, 0x2948, 0x2948, 0x2948, 0x2948,
  0x2948, 0x2948, 0x2948, 0x2948, 0x2948, 0x2968, 0x2948, 0x2968, 0x2968, 0x2968, 0x2968, 0x2968,
  0x2968, 0x2969, 0x2969, 0x2969, 0x2969, 0x2969, 0x2969, 0x2969, 0x2969, 0x2989, 0x3189, 0x3189,
  0x3189, 0x3189, 0x3189, 0x3189, 0x3189, 0x3189, 0x3189, 0x3189, 0x3189, 0x3189, 0x318a, 0x318a,
  0x318a, 0x318a, 0x318a, 0x31aa, 0x31aa, 0x318a, 0x31aa, 0x31aa, 0x31aa, 0x31aa, 0x31aa, 0x31aa,
  0x31aa, 0x31aa, 0x31aa, 0x31aa, 0x31aa, 0x31aa, 0x31aa, 0x31aa, 0x31aa, 0x31aa, 0x31aa, 0x31aa,
  0x31aa, 0x31aa, 0x31ab, 0x39aa, 0x31cb, 0x39ab, 0x31cb, 0x39ab, 0x39ab, 0x39ab, 0x39cb, 0x39ab,
  0x39cb, 0x39cb, 0x39cb, 0x39cb, 0x39cb, 0x39cb, 0x39cb, 0x39cb, 0x39cb, 0x39cb, 0x39cb, 0x39cb,
  0x39cb, 0x39cb, 0x39cb, 0x39cb, 0x39cb, 0x39cb, 0x39cb, 0x39cb, 0x39cb, 0x39cb, 0x39cb, 0x39cb,
  0x39cb, 0x39cb, 0x39cb, 0x39cb, 0x39cb, 0x39cb, 0x39cb, 0x39cb, 0x39cb, 0x39cb, 0x39cb, 0x39cb,
  0x39ab, 0x39ab, 0x31cb, 0x31cb, 0x39ab, 0x39ab, 0x39aa, 0x39aa, 0x31aa, 0x31aa, 0x31aa, 0x31aa,
  0x31aa, 0x31aa, 0x31aa, 0x31aa, 0x31aa, 0x31aa, 0x31aa, 0x31aa, 0x31aa, 0x31aa, 0x31aa, 0x31aa,
  0x31aa, 0x31aa, 0x31aa, 0x318a, 0x318a, 0x31aa, 0x318a, 0x318a, 0x318a, 0x318a, 0x318a, 0x3189,
  0x3189, 0x3189, 0x3189, 0x3189, 0x3189, 0x3189, 0x3189, 0x3189, 0x3189, 0x3189, 0x2989, 0x3169,
  0x2969, 0x2969, 0x2969, 0x2969, 0x2969, 0x2968, 0x2969, 0x2968, 0x2969, 0x2968, 0x2968, 0x2968,
  0x2948, 0x2948, 0x2948, 0x2948, 0x2948, 0x2948, 0x2948, 0x2948, 0x2948, 0x2948, 0x2948, 0x2948,
  0x2947, 0x2947, 0x2927, 0x2127, 0x2927, 0x2927, 0x2127, 0x2127, 0x2127, 0x2127, 0x2127, 0x2127,
  0x2127, 0x2127, 0x2107, 0x2107, 0x2107, 0x2106, 0x2106, 0x2106, 0x2106, 0x2106, 0x2106, 0x2106,
  0x2106, 0x2106, 0x2106, 0x10a4, 0x10a4, 0x630d, 0x18e6, 0x18e6, 0x10a4, 0x1083, 0x5aed, 0x18c5,
  0x18c5, 0x1083, 0x1083, 0x5aed, 0x18c5, 0x18c5, 0x18c5, 0x18e5, 0x18e5, 0x18e5, 0x18e5, 0x18e5,
  0x18e5, 0x18e5, 0x18e5, 0x18e5, 0x18e5, 0x18e5, 0x18e6, 0x18e6, 0x18e6, 0x2106, 0x2106, 0x2106,
  0x2106, 0x2106, 0x2106, 0x2106, 0x2106, 0x2106, 0x2106, 0x2106, 0x2106, 0x2126, 0x2106, 0x2127,
  0x2107, 0x2127, 0x2127, 0x2127, 0x2127, 0x2127, 0x2127, 0x2127, 0x2127, 0x2127, 0x2127, 0x2927,
  0x2927, 0x2927, 0x2947, 0x2927, 0x2948, 0x2948, 0x2948, 0x2948, 0x2948, 0x2948, 0x2948, 0x2948,
  0x2948, 0x2948, 0x2968, 0x2948, 0x2968, 0x2968, 0x2968, 0x2968, 0x2968, 0x2968, 0x2968, 0x2968,
  0x2968, 0x2969, 0x2969, 0x2969, 0x2969, 0x2969, 0x2969, 0x3169, 0x3169, 0x3189, 0x3189, 0x3189,
  0x3189, 0x3189, 0x3189, 0x3189, 0x3189, 0x3189, 0x3189, 0x3189, 0x3189, 0x3189, 0x318a, 0x318a,
  0x318a, 0x31aa, 0x318a, 0x318a, 0x31aa, 0x31aa, 0x31aa, 0x31aa, 0x31aa, 0x31aa, 0x31aa, 0x31aa,
  0x31aa, 0x31aa, 0x31aa, 0x31aa, 0x31aa, 0x31aa, 0x31aa, 0x31aa, 0x31aa, 0x31aa, 0x31aa, 0x31aa,
  0x31aa, 0x31ab, 0x39ab, 0x31aa, 0x39ab, 0x39ab, 0x39ab, 0x39cb, 0x39ab, 0x39ab, 0x39cb, 0x39cb,
  0x39cb, 0x39cb, 0x39cb, 0x39cb, 0x39cb, 0x39cb, 0x39cb, 0x39cb, 0x39cb, 0x39cb, 0x39cb, 0x39cb,
  0x39cb, 0x39cb, 0x39cb, 0x39cb, 0x39cb, 0x39cb, 0x39cb, 0x39cb, 0x39cb, 0x39cb, 0x39cb, 0x39cb,
  0x39cb, 0x39cb, 0x39cb, 0x39cb, 0x39cb, 0x39cb, 0x39cb, 0x39cb, 0x39cb, 0x39cb, 0x39cb, 0x39ab,
  0x39ab, 0x39ab, 0x31cb, 0x39ab, 0x39ab, 0x31aa, 0x31aa, 0x31aa, 0x31aa, 0x31aa, 0x31aa, 0x31aa,
  0x31aa, 0x31aa, 0x31aa, 0x31aa, 0x31aa, 0x31aa, 0x31aa, 0x31aa, 0x31aa, 0x31aa, 0x31aa, 0x31aa,
  0x31aa, 0x31aa, 0x31aa, 0x31aa, 0x31aa, 0x318a, 0x318a, 0x318a, 0x318a, 0x3189, 0x3189, 0x3189,
  0x3189, 0x3189, 0x3189, 0x3189, 0x3189, 0x3189, 0x3189, 0x3189, 0x3189, 0x3169, 0x2969, 0x2969,
  0x2969, 0x2969, 0x2969, 0x2969, 0x2969, 0x2968, 0x2968, 0x2968, 0x2968, 0x2968, 0x2968, 0x2948,
  0x2948, 0x2948, 0x2948, 0x2948, 0x2948, 0x2948, 0x2948, 0x2948, 0x2948, 0x2948, 0x2947, 0x2947,
  0x2927, 0x2127, 0x2147, 0x2127, 0x2127, 0x2127, 0x2127, 0x2127, 0x2127, 0x2127, 0x2127, 0x2127,
  0x2107, 0x2127, 0x2126, 0x2106, 0x2106, 0x2106, 0x2106, 0x2106, 0x2106, 0x2106, 0x2106, 0x2106,
  0x2106, 0x2106, 0x10a4, 0x10a4, 0x630d, 0x20e6, 0x18e6, 0x10a4, 0x1083, 0x5aed, 0x18c5, 0x18c5,
  0x1083, 0x1083, 0x5aed, 0x18c5, 0x18e5, 0x18e5, 0x18e5, 0x18e5, 0x18e5, 0x18e5, 0x18e5, 0x18e5,
  0x18e5, 0x18e5, 0x18e5, 0x18e5, 0x18e6, 0x18e6, 0x20e6, 0x18e6, 0x2106, 0x2106, 0x2106, 0x2106,
  0x2106, 0x2106, 0x2106, 0x2106, 0x2106, 0x2106, 0x2106, 0x2106, 0x2126, 0x2107, 0x2106, 0x2127,
  0x2127, 0x2127, 0x2127, 0x2127, 0x2127, 0x2127, 0x2127, 0x2127, 0x2927, 0x2927, 0x2927, 0x2927,
  0x2127, 0x2947, 0x2947, 0x2947, 0x2948, 0x2948, 0x2948, 0x2948, 0x2948, 0x2948, 0x2948, 0x2948,
  0x2948, 0x2948, 0x2968, 0x2948, 0x2968, 0x2968, 0x2968, 0x2968, 0x2968, 0x2968, 0x2969, 0x2969,
  0x2969, 0x2969, 0x2969, 0x2969, 0x2969, 0x2989, 0x3189, 0x2989, 0x3189, 0x3189, 0x3189, 0x3189,
  0x3189, 0x3189, 0x3189, 0x3189, 0x3189, 0x3189, 0x3189, 0x3189, 0x318a, 0x318a, 0x318a, 0x31aa,
  0x318a, 0x31aa, 0x31aa, 0x31aa, 0x31aa, 0x31aa, 0x31aa, 0x31aa, 0x31aa, 0x31aa, 0x31aa, 0x31aa,
  0x31aa, 0x31aa, 0x31aa, 0x31aa, 0x31aa, 0x31aa, 0x31aa, 0x31aa, 0x31aa, 0x31aa, 0x31aa, 0x31aa,
  0x31aa, 0x31aa, 0x31ab, 0x39ab, 0x39ab, 0x39ab, 0x39cb, 0x39cb, 0x39cb, 0x39cb, 0x39cb, 0x39cb,
  0x39cb, 0x39cb, 0x39cb, 0x39cb, 0x39cb, 0x39cb, 0x39cb, 0x39cb, 0x39cb, 0x39cb, 0x39cb, 0x39cb,
  0x39cb, 0x39cb, 0x39cb, 0x39cb, 0x39cb, 0x39cb, 0x39cb, 0x39cb, 0x39cb, 0x39cb, 0x39cb, 0x39cb,
  0x39cb, 0x39cb, 0x39cb, 0x39cb, 0x39cb, 0x39cb, 0x39cb, 0x39ab, 0x39ab, 0x39cb, 0x39cb, 0x39ab,
  0x31ab, 0x31cb, 0x39ab, 0x39ab, 0x31ab, 0x39aa, 0x31aa, 0x31aa, 0x31aa, 0x31aa, 0x31aa, 0x31aa,
  0x31aa, 0x31aa, 0x31aa, 0x31aa, 0x31aa, 0x31aa, 0x31aa, 0x31aa, 0x31aa, 0x31aa, 0x31aa, 0x31aa,
  0x31aa, 0x31aa, 0x318a, 0x318a, 0x31aa, 0x318a, 0x318a, 0x3189, 0x3189, 0x3189, 0x3189, 0x3189,
  0x3189, 0x3189, 0x3189, 0x3189, 0x3189, 0x3189, 0x3169, 0x3189, 0x2969, 0x2969, 0x2969, 0x2969,
  0x2969, 0x2969, 0x2969, 0x2968, 0x2968, 0x2968, 0x2968, 0x2968, 0x2968, 0x2948, 0x2948, 0x2948,
  0x2948, 0x2948, 0x2948, 0x2948, 0x2948, 0x2948, 0x2948, 0x2948, 0x2947, 0x2947, 0x2927, 0x2947,
  0x2927, 0x2927, 0x2927, 0x2127, 0x2127, 0x2127, 0x2127, 0x2127, 0x2127, 0x2127, 0x2127, 0x2107,
  0x2127, 0x2107, 0x2106, 0x2106, 0x2106, 0x2106, 0x2106, 0x2106, 0x2106, 0x2106, 0x2106, 0x2106,
  0x2106, 0x10a4, 0x10a4, 0x630d, 0x18e6, 0x18e6, 0x10a4, 0x1083, 0x5aed, 0x18c5, 0x18c5, 0x1083,
  0x1083, 0x5aed, 0x18c5, 0x18c5, 0x18e5, 0x18e5, 0x18e5, 0x18e5, 0x18e5, 0x18e5, 0x18e5, 0x18e5,
  0x18e5, 0x18e5, 0x18e6, 0x18e6, 0x18e6, 0x2106, 0x1906, 0x2106, 0x2106, 0x2106, 0x2106, 0x2106,
  0x2106, 0x2106, 0x2106, 0x2106, 0x2106, 0x2106, 0x2106, 0x2106, 0x2126, 0x2127, 0x2107, 0x2127,
  0x2127, 0x2127, 0x2127, 0x2127, 0x2127, 0x2127, 0x2127, 0x2927, 0x2927, 0x2127, 0x2927, 0x2147,
  0x2947, 0x2947, 0x2947, 0x2948, 0x2948, 0x2948, 0x2948, 0x2948, 0x2948, 0x2948, 0x2948, 0x2948,
  0x2948, 0x2968, 0x2948, 0x2968, 0x2968, 0x2968, 0x2968, 0x2968, 0x2969, 0x2968, 0x2969, 0x2969,
  0x2969, 0x2969, 0x2969, 0x2969, 0x2969, 0x3169, 0x3189, 0x3189, 0x3189, 0x3189, 0x3189, 0x3189,
  0x3189, 0x3189, 0x3189, 0x3189, 0x3189, 0x3189, 0x3189, 0x3189, 0x318a, 0x318a, 0x318a, 0x318a,
  0x31aa, 0x31aa, 0x31aa, 0x31aa, 0x31aa, 0x31aa, 0x31aa, 0x31aa, 0x31aa, 0x31aa, 0x31aa, 0x31aa,
  0x31aa, 0x31aa, 0x31aa, 0x31aa, 0x31aa, 0x31aa, 0x31aa, 0x31aa, 0x31aa, 0x31aa, 0x31aa, 0x31aa,
  0x31aa, 0x39ab, 0x39ab, 0x31cb, 0x39cb, 0x39cb, 0x39ab, 0x39cb, 0x39cb, 0x39cb, 0x39cb, 0x39cb,
  0x39cb, 0x39cb, 0x39cb, 0x39cb, 0x39cb, 0x39cb, 0x39cb, 0x39cb, 0x39cb, 0x39cb, 0x39cb, 0x39cb,
  0x39cb, 0x39cb, 0x39cb, 0x39cb, 0x39cb, 0x39cb, 0x39cb, 0x39cb, 0x39cb, 0x39cb, 0x39cb, 0x39cb,
  0x39cb, 0x39cb, 0x39cb, 0x39cb, 0x39cb, 0x39cb, 0x39cb, 0x39cb, 0x39cb, 0x39ab, 0x39ab, 0x39ab,
  0x31cb, 0x31ab, 0x31aa, 0x31ab, 0x31aa, 0x31aa, 0x31aa, 0x31aa, 0x31aa, 0x31aa, 0x31aa, 0x31aa,
  0x31aa, 0x31aa, 0x31aa, 0x31aa, 0x31aa, 0x31aa, 0x31aa, 0x31aa, 0x31aa, 0x31aa, 0x31aa, 0x31aa,
  0x318a, 0x318a, 0x318a, 0x318a, 0x318a, 0x318a, 0x318a, 0x3189, 0x3189, 0x3189, 0x3189, 0x3189,
  0x3189, 0x3189, 0x3189, 0x3189, 0x3189, 0x3189, 0x3169, 0x3169, 0x2969, 0x2969, 0x2969, 0x2969,
  0x2969, 0x2969, 0x2968, 0x2968, 0x2968, 0x2968, 0x2968, 0x2968, 0x2948, 0x2948, 0x2948, 0x2948,
  0x2948, 0x2948, 0x2948, 0x2948, 0x2948, 0x2948, 0x2948, 0x2947, 0x2947, 0x2927, 0x2927, 0x2147,
  0x2927, 0x2127, 0x2127, 0x2127, 0x2127, 0x2127, 0x2127, 0x2127, 0x2127, 0x2127, 0x2107, 0x2107,
  0x10a3, 0x10a3, 0x2106, 0x2106, 0x2106, 0x2106, 0x2106, 0x2106, 0x2106, 0x2106, 0x2106, 0x2106,
  0x10a4, 0x10a4, 0x630d, 0x18e6, 0x18e6, 0x10a4, 0x1083, 0x5aed, 0x18c5, 0x18c5, 0x1083, 0x1083,
  0x5aed, 0x18c5, 0x18c5, 0x18e5, 0x18e5, 0x18e5, 0x18e5, 0x18e5, 0x18e5, 0x18e5, 0x18e5, 0x18e5,
  0x18e5, 0x18e6, 0x18e6, 0x20e6, 0x18e6, 0x18e6, 0x2106, 0x2106, 0x2106, 0x2106, 0x2106, 0x2106,
  0x2106, 0x2106, 0x2106, 0x2106, 0x2106, 0x2106, 0x2126, 0x2106, 0x2107, 0x2127, 0x2127, 0x2127,
  0x2127, 0x2127, 0x2127, 0x2127, 0x2127, 0x2127, 0x2127, 0x2927, 0x2127, 0x2927, 0x2947, 0x2948,
  0x2947, 0x2948, 0x2948, 0x2948, 0x2948, 0x2948, 0x2948, 0x2948, 0x2948, 0x2948, 0x2948, 0x2948,
  0x2948, 0x2968, 0x2968, 0x2968, 0x2968, 0x2968, 0x2968, 0x2969, 0x2969, 0x2969, 0x2969, 0x2969,
  0x2969, 0x2969, 0x2989, 0x2969, 0x3189, 0x3189, 0x3189, 0x3189, 0x3189, 0x3189, 0x3189, 0x3189,
  0x3189, 0x3189, 0x3189, 0x3189, 0x318a, 0x318a, 0x318a, 0x318a, 0x318a, 0x31aa, 0x31aa, 0x31aa,
  0x31aa, 0x31aa, 0x31aa, 0x31aa, 0x31aa, 0x31aa, 0x31aa, 0x31aa, 0x31aa, 0x31aa, 0x31aa, 0x31aa,
  0x31aa, 0x31aa, 0x31aa, 0x31aa, 0x31aa, 0x31aa, 0x31aa, 0x31aa, 0x31aa, 0x31aa, 0x39ab, 0x39aa,
  0x39ca, 0x39ab, 0x39ab, 0x39ab, 0x39ab, 0x39ab, 0x39cb, 0x39ab, 0x39cb, 0x39cb, 0x39cb, 0x39cb,
  0x39cb, 0x39cb, 0x39cb, 0x39cb, 0x39cb, 0x39cb, 0x39cb, 0x39cb, 0x39cb, 0x39cb, 0x39cb, 0x39cb,
  0x39cb, 0x39cb, 0x39cb, 0x39cb, 0x39cb, 0x39cb, 0x39cb, 0x39cb, 0x39cb, 0x39cb, 0x39cb, 0x39cb,
  0x39cb, 0x39cb, 0x39cb, 0x39cb, 0x39cb, 0x39ab, 0x39cb, 0x39cb, 0x39ab, 0x39ab, 0x39ab, 0x31cb,
  0x31cb, 0x39ab, 0x31ab, 0x31aa, 0x31aa, 0x31aa, 0x31aa, 0x31aa, 0x31aa, 0x31aa, 0x31aa, 0x31aa,
  0x31aa, 0x31aa, 0x31aa, 0x31aa, 0x31aa, 0x31aa, 0x31aa, 0x31aa, 0x31aa, 0x31aa, 0x318a, 0x31aa,
  0x318a, 0x31aa, 0x318a, 0x318a, 0x3189, 0x318a, 0x3189, 0x3189, 0x3189, 0x3189, 0x3189, 0x3189,
  0x3189, 0x3189, 0x3189, 0x3189, 0x3169, 0x3169, 0x3169, 0x2969, 0x2969, 0x2969, 0x2969, 0x2969,
  0x2969, 0x2968, 0x2968, 0x2969, 0x2968, 0x2968, 0x2948, 0x2948, 0x2948, 0x2948, 0x2948, 0x2948,
  0x2948, 0x2948, 0x2948, 0x2948, 0x2948, 0x2948, 0x2947, 0x2947, 0x2127, 0x2147, 0x2127, 0x2927,
  0x2927, 0x2127, 0x2127, 0x2127, 0x2127, 0x2127, 0x2127, 0x2127, 0x2127, 0x2107, 0x10a3, 0x4a49,
  0x4a49, 0x10a3, 0x2106, 0x2106, 0x2106, 0x10a4, 0x18c4, 0x2106, 0x2106, 0x2106, 0x2106, 0x10a4,
  0x10a4, 0x630d, 0x18e6, 0x18e5, 0x10a4, 0x1083, 0x5aed, 0x18c5, 0x18c5, 0x1083, 0x1083, 0x630d,
  0x18c5, 0x18e5, 0x18e5, 0x18e5, 0x18e5, 0x18e5, 0x18e5, 0x18e5, 0x18e5, 0x18e5, 0x18e5, 0x18e6,
  0x18e6, 0x18e6, 0x20e6, 0x20e6, 0x2106, 0x2106, 0x2106, 0x2106, 0x2106, 0x2106, 0x2106, 0x2106,
  0x2106, 0x2106, 0x2106, 0x2106, 0x2106, 0x2126, 0x2127, 0x2127, 0x2127, 0x2127, 0x2127, 0x2127,
  0x2127, 0x2127, 0x2127, 0x2127, 0x2127, 0x2127, 0x2127, 0x2927, 0x2927, 0x2927, 0x2947, 0x2948,
  0x2948, 0x2948, 0x2948, 0x2948, 0x2948, 0x2948, 0x2948, 0x2948, 0x2948, 0x2948, 0x2948, 0x2968,
  0x2968, 0x2968, 0x2968, 0x2968, 0x2968, 0x2968, 0x2969, 0x2969, 0x2969, 0x2969, 0x2969, 0x2969,
  0x2969, 0x2969, 0x3189, 0x3189, 0x3189, 0x3189, 0x3189, 0x3189, 0x3189, 0x3189, 0x3189, 0x3189,
  0x3189, 0x3189, 0x3189, 0x3189, 0x318a, 0x318a, 0x318a, 0x318a, 0x318a, 0x31aa, 0x31aa, 0x31aa,
  0x31aa, 0x31aa, 0x31aa, 0x31aa, 0x31aa, 0x31aa, 0x31aa, 0x31aa, 0x31aa, 0x31aa, 0x31aa, 0x31aa,
  0x31aa, 0x31aa, 0x31aa, 0x31aa, 0x31aa, 0x31aa, 0x31aa, 0x39aa, 0x31cb, 0x31aa, 0x39ab, 0x39ab,
  0x39ab, 0x39ab, 0x39ab, 0x39ab, 0x39cb, 0x39cb, 0x39cb, 0x39cb, 0x39cb, 0x39cb, 0x39cb, 0x39cb,
  0x39cb, 0x39cb, 0x39cb, 0x39cb, 0x39cb, 0x39cb, 0x39cb, 0x39cb, 0x39cb, 0x39cb, 0x39cb, 0x39cb,
  0x39cb, 0x39cb, 0x39cb, 0x39cb, 0x39cb, 0x39cb, 0x39cb, 0x39cb, 0x39cb, 0x39cb, 0x39cb, 0x39cb,
  0x39cb, 0x39cb, 0x39cb, 0x39cb, 0x39cb, 0x39cb, 0x39cb, 0x39ab, 0x39ab, 0x31cb, 0x39ab, 0x39aa,
  0x39ca, 0x31aa, 0x31aa, 0x31aa, 0x31aa, 0x31aa, 0x31aa, 0x31aa, 0x31aa, 0x31aa, 0x31aa, 0x31aa,
  0x31aa, 0x31aa, 0x31aa, 0x31aa, 0x31aa, 0x31aa, 0x31aa, 0x31aa, 0x31aa, 0x31aa, 0x31aa, 0x318a,
  0x318a, 0x318a, 0x318a, 0x3189, 0x3189, 0x3189, 0x3189, 0x3189, 0x3189, 0x3189, 0x3189, 0x3189,
  0x3189, 0x3189, 0x3189, 0x3189, 0x3189, 0x2969, 0x2969, 0x2969, 0x2969, 0x2969, 0x2969, 0x2968,
  0x2968, 0x2968, 0x2968, 0x2968, 0x2968, 0x2948, 0x2968, 0x2948, 0x2948, 0x2948, 0x2948, 0x2948,
  0x2948, 0x2948, 0x2948, 0x2948, 0x2948, 0x2948, 0x2927, 0x2147, 0x2927, 0x2927, 0x2927, 0x2127,
  0x2127, 0x2127, 0x2127, 0x2127, 0x2127, 0x2127, 0x2127, 0x2127, 0x10a3, 0x4a49, 0xad76, 0xad76,
  0x4a49, 0x10a3, 0x18c4, 0x3162, 0x83a9, 0x3162, 0x2106, 0x2106, 0x2106, 0x20e6, 0x10a4, 0x10a4,
  0x630d, 0x18e6, 0x18e5, 0x10a4, 0x1083, 0x5aed, 0x18c5, 0x18c5, 0x1083, 0x1083, 0x5aed, 0x18c5,
  0x18e5, 0x18e5, 0x18e5, 0x18e5, 0x18e5, 0x18e5, 0x18e5, 0x18e5, 0x18e5, 0x18e5, 0x18e6, 0x18e6,
  0x1906, 0x20e6, 0x20e6, 0x2106, 0x2106, 0x2106, 0x2106, 0x2106, 0x2106, 0x2106, 0x2106, 0x2106,
  0x2106, 0x2106, 0x2106, 0x2106, 0x2107, 0x2107, 0x2107, 0x2127, 0x2127, 0x2127, 0x2127, 0x2127,
  0x2127, 0x2127, 0x2127, 0x2927, 0x2927, 0x2127, 0x2927, 0x2947, 0x2947, 0x2947, 0x2948, 0x2948,
  0x2948, 0x2948, 0x2948, 0x2948, 0x2948, 0x2948, 0x2948, 0x2948, 0x2948, 0x2948, 0x2968, 0x2968,
  0x2968, 0x2968, 0x2968, 0x2968, 0x2968, 0x2968, 0x2969, 0x2969, 0x2969, 0x2969, 0x2969, 0x2969,
  0x2989, 0x3169, 0x3189, 0x3189, 0x3189, 0x3189, 0x3189, 0x3189, 0x3189, 0x3189, 0x3189, 0x3189,
  0x3189, 0x3189, 0x318a, 0x318a, 0x318a, 0x31aa, 0x318a, 0x318a, 0x318a, 0x31aa, 0x31aa, 0x31aa,
  0x31aa, 0x31aa, 0x31aa, 0x31aa, 0x31aa, 0x31aa, 0x31aa, 0x31aa, 0x31aa, 0x31aa, 0x31aa, 0x31aa,
  0x31aa, 0x31aa, 0x31aa, 0x31aa, 0x31aa, 0x31aa, 0x31aa, 0x31aa, 0x39ab, 0x31ab, 0x31cb, 0x39cb,
  0x31cb, 0x39ab, 0x39cb, 0x39cb, 0x39cb, 0x39cb, 0x39cb, 0x39cb, 0x39cb, 0x39cb, 0x39cb, 0x39cb,
  0x39cb, 0x39cb, 0x39cb, 0x39cb, 0x39cb, 0x39cb, 0x39cb, 0x39cb, 0x39cb, 0x39cb, 0x39cb, 0x39cb,
  0x39cb, 0x39cb, 0x39cb, 0x39cb, 0x39cb, 0x39cb, 0x39cb, 0x39cb, 0x39cb, 0x39cb, 0x39cb, 0x39cb,
  0x39cb, 0x39cb, 0x39cb, 0x39cb, 0x39ab, 0x39ab, 0x31cb, 0x39ab, 0x31cb, 0x31aa, 0x39ca, 0x31aa,
  0x31aa, 0x31aa, 0x31aa, 0x31aa, 0x31aa, 0x31aa, 0x31aa, 0x31aa, 0x31aa, 0x31aa, 0x31aa, 0x31aa,
  0x31aa, 0x31aa, 0x31aa, 0x31aa, 0x31aa, 0x31aa, 0x31aa, 0x31aa, 0x318a, 0x318a, 0x318a, 0x318a,
  0x318a, 0x318a, 0x3189, 0x3189, 0x3189, 0x3189, 0x3189, 0x3189, 0x3189, 0x3189, 0x3189, 0x3189,
  0x3189, 0x3169, 0x3169, 0x3169, 0x2969, 0x2969, 0x2969, 0x2969, 0x2969, 0x2969, 0x2968, 0x2968,
  0x2968, 0x2968, 0x2968, 0x2948, 0x2968, 0x2948, 0x2948, 0x2948, 0x2948, 0x2948, 0x2948, 0x2948,
  0x2948, 0x2948, 0x2948, 0x2948, 0x2947, 0x2927, 0x2147, 0x2927, 0x2927, 0x2127, 0x2127, 0x2127,
  0x2127, 0x2127, 0x2127, 0x2127, 0x2127, 0x2127, 0x10a3, 0x4a49, 0xad76, 0xad76, 0xad76, 0x7c31,
  0x3162, 0x5a03, 0xa46a, 0xa323, 0x3162, 0x2106, 0x2106, 0x2106, 0x20e6, 0x10a4, 0x10a4, 0x630d,
  0x18e6, 0x18e5, 0x10a4, 0x1083, 0x5aed, 0x18c5, 0x18c5, 0x1083, 0x1083, 0x5aed, 0x18c5, 0x18e5,
  0x18e5, 0x18e5, 0x18e5, 0x18e5, 0x18e5, 0x18e5, 0x18e5, 0x18e5, 0x18e6, 0x18e6, 0x18e6, 0x18e6,
  0x2106, 0x2106, 0x2106, 0x2106, 0x2106, 0x2106, 0x2106, 0x2106, 0x2106, 0x2106, 0x2106, 0x2106,
  0x2106, 0x2106, 0x2107, 0x2106, 0x2127, 0x2127, 0x2127, 0x2127, 0x2127, 0x2127, 0x2127, 0x2127,
  0x2127, 0x2127, 0x2127, 0x2927, 0x2147, 0x2927, 0x2927, 0x2947, 0x2947, 0x2947, 0x2948, 0x2948,
  0x2948, 0x2948, 0x2948, 0x2948, 0x2948, 0x2948, 0x2948, 0x2948, 0x2968, 0x2968, 0x2968, 0x2968,
  0x2968, 0x2968, 0x2968, 0x2969, 0x2969, 0x2969, 0x2969, 0x2969, 0x2969, 0x2969, 0x2969, 0x3169,
  0x3169, 0x3189, 0x3189, 0x3189, 0x3189, 0x3189, 0x3189, 0x3189, 0x3189, 0x3189, 0x3189, 0x3189,
  0x3189, 0x318a, 0x318a, 0x318a, 0x318a, 0x318a, 0x31aa, 0x31aa, 0x31aa, 0x31aa, 0x31aa, 0x31aa,
  0x31aa, 0x31aa, 0x31aa, 0x31aa, 0x31aa, 0x31aa, 0x31aa, 0x31aa, 0x31aa, 0x31aa, 0x31aa, 0x31aa,
  0x31aa, 0x31aa, 0x31aa, 0x31aa, 0x39aa, 0x31ab, 0x31cb, 0x31cb, 0x39ca, 0x39ab, 0x39ab, 0x39ab,
  0x39cb, 0x39cb, 0x39cb, 0x39cb, 0x39cb, 0x39cb, 0x39cb, 0x39cb, 0x39cb, 0x39cb, 0x39cb, 0x39cb,
  0x39cb, 0x39cb, 0x39cb, 0x39cb, 0x39cb, 0x39cb, 0x39cb, 0x39cb, 0x39cb, 0x39cb, 0x39cb, 0x39cb,
  0x39cb, 0x39cb, 0x39cb, 0x39cb, 0x39cb, 0x39cb, 0x39cb, 0x39cb, 0x39cb, 0x39cb, 0x39cb, 0x39cb,
  0x39cb, 0x39cb, 0x39ab, 0x39cb, 0x39ab, 0x39ab, 0x31ab, 0x31aa, 0x31ab, 0x39aa, 0x31aa, 0x31aa,
  0x31aa, 0x31aa, 0x31aa, 0x31aa, 0x31aa, 0x31aa, 0x31aa, 0x31aa, 0x31aa, 0x31aa, 0x31aa, 0x31aa,
  0x31aa, 0x31aa, 0x31aa, 0x31aa, 0x31aa, 0x31aa, 0x31aa, 0x318a, 0x318a, 0x318a, 0x318a, 0x318a,
  0x318a, 0x3189, 0x3189, 0x3189, 0x3189, 0x3189, 0x3189, 0x3189, 0x3189, 0x3189, 0x3189, 0x3189,
  0x3169, 0x3189, 0x2969, 0x2969, 0x2969, 0x2969, 0x2969, 0x2969, 0x2968, 0x2968, 0x2968, 0x2968,
  0x2968, 0x2968, 0x2968, 0x2948, 0x2948, 0x2948, 0x2948, 0x2948, 0x2948, 0x2948, 0x2948, 0x2948,
  0x2948, 0x2948, 0x2947, 0x2927, 0x2947, 0x2927, 0x2927, 0x2927, 0x2927, 0x2127, 0x2127, 0x2127,
  0x2127, 0x2127, 0x2127, 0x2127, 0x10a3, 0x4a49, 0xad76, 0xad76, 0x8c92, 0x4a49, 0x5a03, 0xa426,
  0xa46a, 0xa323, 0x3162, 0x18e5, 0x2106, 0x2106, 0x2106, 0x20e6, 0x10a4, 0x10a4, 0x630d, 0x18e6,
  0x18e5, 0x10a4, 0x1083, 0x5aed, 0x18c5, 0x18c5, 0x1083, 0x1083, 0x630d, 0x18e5, 0x18e5, 0x18e5,
  0x18e5, 0x18e5, 0x18e5, 0x18e5, 0x18e5, 0x18e5, 0x18e5, 0x18e6, 0x18e6, 0x20e6, 0x18e6, 0x1906,
  0x2106, 0x2106, 0x2106, 0x2106, 0x2106, 0x2106, 0x2106, 0x2106, 0x2106, 0x2106, 0x2106, 0x2106,
  0x2126, 0x2106, 0x2107, 0x2127, 0x2127, 0x2127, 0x2127, 0x2127, 0x2127, 0x2127, 0x2127, 0x2127,
  0x2127, 0x2927, 0x2127, 0x2927, 0x2947, 0x2947, 0x2947, 0x2948, 0x2948, 0x2948, 0x2948, 0x2948,
  0x2948, 0x2948, 0x2948, 0x2948, 0x2948, 0x2948, 0x2968, 0x2968, 0x2968, 0x2968, 0x2968, 0x2969,
  0x2968, 0x2968, 0x2969, 0x2969, 0x2969, 0x2969, 0x2969, 0x2969, 0x3169, 0x3169, 0x3169, 0x3189,
  0x3189, 0x3189, 0x3189, 0x3189, 0x3189, 0x3189, 0x3189, 0x3189, 0x3189, 0x3189, 0x318a, 0x3189,
  0x318a, 0x318a, 0x318a, 0x318a, 0x318a, 0x318a, 0x31aa, 0x31aa, 0x31aa, 0x31aa, 0x31aa, 0x31aa,
  0x31aa, 0x31aa, 0x31aa, 0x31aa, 0x31aa, 0x31aa, 0x31aa, 0x31aa, 0x31aa, 0x31aa, 0x31aa, 0x31aa,
  0x31aa, 0x31aa, 0x31aa, 0x31aa, 0x31aa, 0x39ab, 0x39aa, 0x31ab, 0x39ab, 0x39ab, 0x39ab, 0x39cb,
  0x39cb, 0x39cb, 0x39cb, 0x39cb, 0x39cb, 0x39cb, 0x39cb, 0x39cb, 0x39cb, 0x39cb, 0x39cb, 0x39cb,
  0x39cb, 0x39cb, 0x39cb, 0x39cb, 0x39cb, 0x39cb, 0x39cb, 0x39cb, 0x39cb, 0x39cb, 0x39cb, 0x39cb,
  0x39cb, 0x39cb, 0x39cb, 0x39cb, 0x39cb, 0x39cb, 0x39cb, 0x39cb, 0x39cb, 0x39cb, 0x39cb, 0x39ab,
  0x39cb, 0x39ab, 0x39ab, 0x39ab, 0x31cb, 0x31cb, 0x31aa, 0x31aa, 0x39aa, 0x31aa, 0x31aa, 0x31aa,
  0x31aa, 0x31aa, 0x31aa, 0x31aa, 0x31aa, 0x31aa, 0x31aa, 0x31aa, 0x31aa, 0x31aa, 0x31aa, 0x31aa,
  0x31aa, 0x31aa, 0x31aa, 0x31aa, 0x31aa, 0x31aa, 0x31aa, 0x318a, 0x31aa, 0x318a, 0x318a, 0x318a,
  0x3189, 0x3189, 0x3189, 0x3189, 0x3189, 0x3189, 0x3189, 0x3189, 0x3189, 0x3189, 0x3189, 0x3169,
  0x3169, 0x2969, 0x2969, 0x2969, 0x2969, 0x2969, 0x2969, 0x2968, 0x2968, 0x2968, 0x2968, 0x2968,
  0x2968, 0x2948, 0x2968, 0x2948, 0x2948, 0x2948, 0x2948, 0x2948, 0x2948, 0x2948, 0x2948, 0x2948,
  0x2947, 0x2947, 0x2947, 0x2127, 0x2127, 0x2927, 0x2927, 0x2127, 0x2127, 0x2127, 0x2127, 0x2127,
  0x2127, 0x2127, 0x10a3, 0x4a49, 0xad76, 0xa515, 0x5aec, 0x5a03, 0xa323, 0xa426, 0xa46a, 0xa323,
  0x3162, 0x10a3, 0x2106, 0x2106, 0x2106, 0x1906, 0x1906, 0x10a4, 0x10a4, 0x630d, 0x18e5, 0x18e5,
  0x10a4, 0x1083, 0x5aed, 0x18c5, 0x18c5, 0x1083, 0x10a3, 0x630d, 0x18e5, 0x18e5, 0x18e5, 0x18e5,
  0x18e5, 0x18e5, 0x18e5, 0x18e5, 0x18e5, 0x18e5, 0x18e5, 0x18e6, 0x1906, 0x2106, 0x20e6, 0x2106,
  0x2106, 0x2106, 0x2106, 0x2106, 0x2106, 0x2106, 0x2106, 0x2106, 0x2106, 0x2106, 0x2106, 0x2106,
  0x2126, 0x2107, 0x2127, 0x2127, 0x2127, 0x2127, 0x2127, 0x2127, 0x2127, 0x2127, 0x2127, 0x2927,
  0x2927, 0x2927, 0x2927, 0x2947, 0x2947, 0x2948, 0x2947, 0x2948, 0x2948, 0x2948, 0x2948, 0x2948,
  0x2948, 0x2948, 0x2948, 0x2948, 0x2968, 0x2968, 0x2948, 0x2968, 0x2968, 0x2968, 0x2968, 0x2968,
  0x2969, 0x2969, 0x2969, 0x2969, 0x2969, 0x2969, 0x2969, 0x2969, 0x3169, 0x3189, 0x3169, 0x3189,
  0x3189, 0x3189, 0x3189, 0x3189, 0x3189, 0x3189, 0x3189, 0x3189, 0x3189, 0x318a, 0x318a, 0x318a,
  0x318a, 0x318a, 0x31aa, 0x31aa, 0x31aa, 0x31aa, 0x31aa, 0x31aa, 0x31aa, 0x31aa, 0x31aa, 0x31aa,
  0x31aa, 0x31aa, 0x31aa, 0x31aa, 0x31aa, 0x31aa, 0x31aa, 0x31aa, 0x31aa, 0x31aa, 0x31aa, 0x31aa,
  0x31aa, 0x31aa, 0x31ab, 0x31cb, 0x31ab, 0x39ca, 0x39ab, 0x31cb, 0x39cb, 0x39cb, 0x39cb, 0x39cb,
  0x39cb, 0x39cb, 0x39cb, 0x39cb, 0x39cb, 0x39cb, 0x39cb, 0x39cb, 0x39cb, 0x39cb, 0x39cb, 0x39cb,
  0x39cb, 0x39cb, 0x39cb, 0x39cb, 0x39cb, 0x39cb, 0x39cb, 0x39cb, 0x39cb, 0x39cb, 0x39cb, 0x39cb,
  0x39cb, 0x39cb, 0x39cb, 0x39cb, 0x39cb, 0x39cb, 0x39cb, 0x39cb, 0x39cb, 0x39cb, 0x39cb, 0x39ab,
  0x39ab, 0x39ab, 0x39ab, 0x39ab, 0x39ab, 0x39ab, 0x31aa, 0x31ab, 0x31aa, 0x31aa, 0x31aa, 0x31aa,
  0x31aa, 0x31aa, 0x31aa, 0x31aa, 0x31aa, 0x31aa, 0x31aa, 0x31aa, 0x31aa, 0x31aa, 0x31aa, 0x31aa,
  0x31aa, 0x31aa, 0x31aa, 0x31aa, 0x31aa, 0x31aa, 0x318a, 0x318a, 0x318a, 0x318a, 0x3189, 0x3189,
  0x3189, 0x3189, 0x3189, 0x3189, 0x3189, 0x3189, 0x3189, 0x3189, 0x3189, 0x3189, 0x2969, 0x2969,
  0x2969, 0x2969, 0x2969, 0x2969, 0x2969, 0x2969, 0x2968, 0x2968, 0x2968, 0x2968, 0x2968, 0x2968,
  0x2948, 0x2948, 0x2948, 0x2948, 0x2948, 0x2948, 0x2948, 0x2948, 0x2948, 0x2948, 0x2948, 0x2947,
  0x2947, 0x2927, 0x2127, 0x2927, 0x2927, 0x2927, 0x2127, 0x2127, 0x2127, 0x2127, 0x2127, 0x2127,
  0x10a3, 0x4a49, 0xad76, 0x73ae, 0x5a03, 0xa323, 0xa426, 0xa426, 0xa426, 0xa323, 0x3162, 0x73ae,
  0x4a49, 0x10a3, 0x2106, 0x2106, 0x2106, 0x20e6, 0x10a4, 0x10a4, 0x630d, 0x18e5, 0x18e5, 0x10a4,
  0x1083, 0x5aed, 0x18c5, 0x18c5, 0x10a3, 0x1083, 0x630d, 0x18e5, 0x18e5, 0x18e5, 0x18e5, 0x18e5,
  0x18e5, 0x18e5, 0x18e5, 0x18e5, 0x18e6, 0x18e6, 0x20e6, 0x18e6, 0x2106, 0x18e6, 0x2106, 0x2106,
  0x2106, 0x2106, 0x2106, 0x2106, 0x2106, 0x2106, 0x2106, 0x2106, 0x2106, 0x2126, 0x2107, 0x2126,
  0x2107, 0x2107, 0x2127, 0x2127, 0x2127, 0x2127, 0x2127, 0x2127, 0x2927, 0x2927, 0x2927, 0x2927,
  0x2927, 0x2927, 0x2927, 0x2947, 0x2947, 0x2948, 0x2948, 0x2948, 0x2948, 0x2948, 0x2948, 0x2948,
  0x2948, 0x2948, 0x2948, 0x2968, 0x2948, 0x2968, 0x2968, 0x2968, 0x2968, 0x2968, 0x2968, 0x2968,
  0x2969, 0x2969, 0x2969, 0x2969, 0x2969, 0x2969, 0x3169, 0x2989, 0x3189, 0x3189, 0x3189, 0x3189,
  0x3189, 0x3189, 0x3189, 0x3189, 0x3189, 0x3189, 0x3189, 0x318a, 0x3189, 0x318a, 0x318a, 0x31aa,
  0x318a, 0x31aa, 0x318a, 0x31aa, 0x31aa, 0x31aa, 0x31aa, 0x31aa, 0x31aa, 0x31aa, 0x31aa, 0x31aa,
  0x31aa, 0x31aa, 0x31aa, 0x31aa, 0x31aa, 0x31aa, 0x31aa, 0x31aa, 0x31aa, 0x31aa, 0x31aa, 0x31aa,
  0x31aa, 0x31cb, 0x31ab, 0x39ab, 0x31ab, 0x31ab, 0x31cb, 0x39ab, 0x39ab, 0x39cb, 0x39cb, 0x39cb,
  0x39cb, 0x39cb, 0x39cb, 0x39cb, 0x39cb, 0x39cb, 0x39cb, 0x39cb, 0x39cb, 0x39cb, 0x39cb, 0x39cb,
  0x39cb, 0x39cb, 0x39cb, 0x39cb, 0x39cb, 0x39cb, 0x39cb, 0x39cb, 0x39cb, 0x39cb, 0x39cb, 0x39cb,
  0x39cb, 0x39cb, 0x39cb, 0x39cb, 0x39cb, 0x39cb, 0x39cb, 0x39cb, 0x39ab, 0x39cb, 0x39ab, 0x39cb,
  0x39ab, 0x39ab, 0x39ab, 0x31ab, 0x31aa, 0x39ca, 0x31cb, 0x31aa, 0x31aa, 0x31aa, 0x31aa, 0x31aa,
  0x31aa, 0x31aa, 0x31aa, 0x31aa, 0x31aa, 0x31aa, 0x31aa, 0x31aa, 0x31aa, 0x31aa, 0x31aa, 0x31aa,
  0x31aa, 0x31aa, 0x31aa, 0x318a, 0x31aa, 0x318a, 0x318a, 0x318a, 0x318a, 0x318a, 0x3189, 0x3189,
  0x3189, 0x3189, 0x3189, 0x3189, 0x3189, 0x3189, 0x3189, 0x3169, 0x3189, 0x2969, 0x2969, 0x2969,
  0x2969, 0x2969, 0x2969, 0x2969, 0x2969, 0x2968, 0x2968, 0x2968, 0x2968, 0x2968, 0x2948, 0x2948,
  0x2948, 0x2948, 0x2948, 0x2948, 0x2948, 0x2948, 0x2948, 0x2948, 0x2948, 0x2948, 0x2947, 0x2947,
  0x2927, 0x2127, 0x2127, 0x2927, 0x2927, 0x2127, 0x2127, 0x2127, 0x2127, 0x2127, 0x10a3, 0x4a49,
  0xad76, 0x4207, 0x62c8, 0xa426, 0xa426, 0xa426, 0xa46a, 0xa426, 0xa426, 0xa323, 0x4207, 0xad76,
  0x4a49, 0x10a3, 0x2106, 0x20e6, 0x18e6, 0x10a4, 0x10a4, 0x630d, 0x18e5, 0x18e5, 0x10a4, 0x1083,
  0x5aed, 0x18c5, 0x18c5, 0x1083, 0x1083, 0x630d, 0x18e5, 0x18e5, 0x18e5, 0x18e5, 0x18e5, 0x18e5,
  0x18e5, 0x18e5, 0x18e5, 0x18e6, 0x18e6, 0x18e6, 0x2106, 0x2106, 0x2106, 0x2106, 0x2106, 0x2106,
  0x2106, 0x2106, 0x2106, 0x2106, 0x2106, 0x2106, 0x2106, 0x2106, 0x2106, 0x2106, 0x2107, 0x2107,
  0x2127, 0x2127, 0x2127, 0x2127, 0x2127, 0x2127, 0x2127, 0x2127, 0x2127, 0x2927, 0x2927, 0x2147,
  0x2147, 0x2947, 0x2947, 0x2948, 0x2948, 0x2948, 0x2948, 0x2948, 0x2948, 0x2948, 0x2948, 0x2948,
  0x2948, 0x2948, 0x2948, 0x2968, 0x2968, 0x2968, 0x2968, 0x2968, 0x2968, 0x2968, 0x2968, 0x2969,
  0x2969, 0x2969, 0x2969, 0x2969, 0x2969, 0x2989, 0x3169, 0x3189, 0x3189, 0x3189, 0x3189, 0x3189,
  0x3189, 0x3189, 0x3189, 0x3189, 0x3189, 0x3189, 0x3189, 0x318a, 0x318a, 0x318a, 0x318a, 0x318a,
  0x318a, 0x31aa, 0x31aa, 0x31aa, 0x31aa, 0x31aa, 0x31aa, 0x31aa, 0x31aa, 0x31aa, 0x31aa, 0x31aa,
  0x31aa, 0x31aa, 0x31aa, 0x31aa, 0x31aa, 0x31aa, 0x31aa, 0x31aa, 0x31aa, 0x31aa, 0x31aa, 0x39aa,
  0x31cb, 0x31ab, 0x39ab, 0x39ca, 0x39ab, 0x39ab, 0x39ab, 0x39ab, 0x39cb, 0x39cb, 0x39cb, 0x39cb,
  0x39cb, 0x39cb, 0x39cb, 0x39cb, 0x39cb, 0x39cb, 0x39cb, 0x39cb, 0x39cb, 0x39cb, 0x39cb, 0x39cb,
  0x39cb, 0x39cb, 0x39cb, 0x39cb, 0x39cb, 0x39cb, 0x39cb, 0x39cb, 0x39cb, 0x39cb, 0x39cb, 0x39cb,
  0x39cb, 0x39cb, 0x39cb, 0x39cb, 0x39cb, 0x39cb, 0x39cb, 0x39ab, 0x39cb, 0x39cb, 0x39cb, 0x39ab,
  0x39ab, 0x39ab, 0x31cb, 0x31ab, 0x31aa, 0x31aa, 0x31aa, 0x31aa, 0x31aa, 0x31aa, 0x31aa, 0x31aa,
  0x31aa, 0x31aa, 0x31aa, 0x31aa, 0x31aa, 0x31aa, 0x31aa, 0x31aa, 0x31aa, 0x31aa, 0x31aa, 0x31aa,
  0x31aa, 0x318a, 0x31aa, 0x318a, 0x318a, 0x318a, 0x3189, 0x3189, 0x3189, 0x3189, 0x3189, 0x3189,
  0x3189, 0x3189, 0x3189, 0x3189, 0x3189, 0x3189, 0x3189, 0x3169, 0x2989, 0x2969, 0x2969, 0x2969,
  0x2969, 0x2969, 0x2969, 0x2969, 0x2968, 0x2968, 0x2968, 0x2968, 0x2968, 0x2968, 0x2968, 0x2948,
  0x2948, 0x2948, 0x2948, 0x2948, 0x2948, 0x2948, 0x2948, 0x2948, 0x2948, 0x2947, 0x2947, 0x2927,
  0x2147, 0x2927, 0x2927, 0x2127, 0x2127, 0x2127, 0x2127, 0x2127, 0x10a3, 0x4a49, 0xad76, 0xad76,
  0x5a03, 0xa426, 0xa426, 0xa426, 0xa4ad, 0xa46a, 0xa426, 0xa323, 0xa323, 0x62c8, 0xad76, 0xad76,
  0x4a49, 0x10a3, 0x2106, 0x20e6, 0x10a4, 0x10a4, 0x630d, 0x18e5, 0x18e5, 0x10a4, 0x1083, 0x5aed,
  0x18c5, 0x18c5, 0x1083, 0x10a3, 0x630d, 0x18e5, 0x18e5, 0x18e5, 0x18e5, 0x18e5, 0x18e5, 0x18e5,
  0x18e5, 0x18e5, 0x18e6, 0x20e6, 0x18e6, 0x20e6, 0x2106, 0x2106, 0x2106, 0x2106, 0x2106, 0x2106,
  0x2106, 0x2106, 0x2106, 0x2106, 0x2106, 0x2106, 0x2106, 0x2107, 0x2126, 0x2127, 0x2127, 0x2127,
  0x2127, 0x2127, 0x2127, 0x2127, 0x2127, 0x2127, 0x2127, 0x2127, 0x2927, 0x2927, 0x2927, 0x2947,
  0x2947, 0x2947, 0x2948, 0x2948, 0x2948, 0x2948, 0x2948, 0x2948, 0x2948, 0x2948, 0x2948, 0x2948,
  0x2948, 0x2948, 0x2968, 0x2968, 0x2968, 0x2968, 0x2968, 0x2968, 0x2968, 0x2969, 0x2969, 0x2969,
  0x2969, 0x2969, 0x2969, 0x2969, 0x3189, 0x2989, 0x3189, 0x3189, 0x3189, 0x3189, 0x3189, 0x3189,
  0x3189, 0x3189, 0x3189, 0x3189, 0x3189, 0x3189, 0x318a, 0x318a, 0x318a, 0x318a, 0x31aa, 0x318a,
  0x31aa, 0x31aa, 0x31aa, 0x31aa, 0x31aa, 0x31aa, 0x31aa, 0x31aa, 0x31aa, 0x31aa, 0x31aa, 0x31aa,
  0x31aa, 0x31aa, 0x31aa, 0x31aa, 0x31aa, 0x31aa, 0x31aa, 0x31aa, 0x31aa, 0x39aa, 0x31aa, 0x39ab,
  0x39ab, 0x39ab, 0x39ab, 0x39ab, 0x39ab, 0x39cb, 0x39cb, 0x39ab, 0x39cb, 0x39cb, 0x39cb, 0x39cb,
  0x39cb, 0x39cb, 0x39cb, 0x39cb, 0x39cb, 0x39cb, 0x39cb, 0x39cb, 0x39cb, 0x39cb, 0x39cb, 0x39cb,
  0x39cb, 0x39cb, 0x39cb, 0x39cb, 0x39cb, 0x39cb, 0x39cb, 0x39cb, 0x39cb, 0x39cb, 0x39cb, 0x39cb,
  0x39cb, 0x39cb, 0x39cb, 0x39cb, 0x39cb, 0x39ab, 0x39cb, 0x39cb, 0x39cb, 0x39ab, 0x31ab, 0x31cb,
  0x39aa, 0x39ab, 0x39ca, 0x39ca, 0x31aa, 0x31aa, 0x31aa, 0x31aa, 0x31aa, 0x31aa, 0x31aa, 0x31aa,
  0x31aa, 0x31aa, 0x31aa, 0x31aa, 0x31aa, 0x31aa, 0x31aa, 0x31aa, 0x31aa, 0x31aa, 0x31aa, 0x31aa,
  0x31aa, 0x318a, 0x318a, 0x318a, 0x318a, 0x318a, 0x3189, 0x3189, 0x3189, 0x3189, 0x3189, 0x3189,
  0x3189, 0x3189, 0x3189, 0x3189, 0x3189, 0x3189, 0x2969, 0x2969, 0x2969, 0x2969, 0x2969, 0x2969,
  0x2969, 0x2969, 0x2968, 0x2968, 0x2968, 0x2968, 0x2968, 0x2968, 0x2968, 0x2968, 0x2948, 0x2948,
  0x2948, 0x2948, 0x2948, 0x2948, 0x2948, 0x2948, 0x2948, 0x2947, 0x2947, 0x2927, 0x2147, 0x2927,
  0x2127, 0x2127, 0x2127, 0x2127, 0x2127, 0x2127, 0x2127, 0x10a3, 0x4a49, 0xad76, 0xad76, 0x5a03,
  0xa323, 0xa426, 0xa4ad, 0xa46a, 0xa323, 0xa323, 0xa323, 0xa323, 0x4a27, 0xad76, 0xad76, 0x4a49,
  0x10a3, 0x1906, 0x20e6, 0x10a4, 0x10a4, 0x630d, 0x18e5, 0x18e5, 0x10a4, 0x1083, 0x5aed, 0x18c5,
  0x18e5, 0x10a3, 0x1083, 0x630d, 0x18e5, 0x18e5, 0x18e5, 0x18e5, 0x18e5, 0x18e5, 0x18e5, 0x18e5,
  0x18e6, 0x18e6, 0x18e6, 0x20e6, 0x2106, 0x2106, 0x2106, 0x2106, 0x2106, 0x2106, 0x2106, 0x2106,
  0x2106, 0x2106, 0x2106, 0x2106, 0x2106, 0x2106, 0x2126, 0x2107, 0x2107, 0x2127, 0x2127, 0x2127,
  0x2127, 0x2127, 0x2127, 0x2127, 0x2127, 0x2927, 0x2927, 0x2147, 0x2127, 0x2927, 0x2927, 0x2948,
  0x2947, 0x2948, 0x2948, 0x2948, 0x2948, 0x2948, 0x2948, 0x2948, 0x2948, 0x2948, 0x2948, 0x2968,
  0x2968, 0x2968, 0x2968, 0x2968, 0x2968, 0x2968, 0x2968, 0x2968, 0x2969, 0x2969, 0x2969, 0x2969,
  0x2969, 0x2969, 0x3169, 0x3189, 0x3189, 0x3189, 0x3189, 0x3189, 0x3189, 0x3189, 0x3189, 0x3189,
  0x3189, 0x3189, 0x3189, 0x3189, 0x318a, 0x318a, 0x318a, 0x318a, 0x31aa, 0x318a, 0x31aa, 0x31aa,
  0x31aa, 0x31aa, 0x31aa, 0x31aa, 0x31aa, 0x31aa, 0x31aa, 0x31aa, 0x31aa, 0x31aa, 0x31aa, 0x31aa,
  0x31aa, 0x31aa, 0x31aa, 0x31aa, 0x31aa, 0x31aa, 0x31aa, 0x31aa, 0x31aa, 0x39ca, 0x31aa, 0x39ab,
  0x31cb, 0x39ab, 0x39ab, 0x39ab, 0x39ab, 0x39cb, 0x39cb, 0x39cb, 0x39cb, 0x39cb, 0x39cb, 0x39cb,
  0x39cb, 0x39cb, 0x39cb, 0x39cb, 0x39cb, 0x39cb, 0x39cb, 0x39cb, 0x39cb, 0x39cb, 0x39cb, 0x39cb,
  0x39cb, 0x39cb, 0x39cb, 0x39cb, 0x39cb, 0x39cb, 0x39cb, 0x39cb, 0x39cb, 0x39cb, 0x39cb, 0x39cb,
  0x39cb, 0x39cb, 0x39cb, 0x39cb, 0x39cb, 0x39ab, 0x39cb, 0x39cb, 0x39cb, 0x39ab, 0x39ab, 0x39ab,
  0x31cb, 0x39ab, 0x31aa, 0x31aa, 0x31aa, 0x31aa, 0x31aa, 0x31aa, 0x31aa, 0x31aa, 0x31aa, 0x31aa,
  0x31aa, 0x31aa, 0x31aa, 0x31aa, 0x31aa, 0x31aa, 0x31aa, 0x31aa, 0x31aa, 0x31aa, 0x31aa, 0x318a,
  0x318a, 0x318a, 0x318a, 0x318a, 0x3189, 0x3189, 0x3189, 0x3189, 0x3189, 0x3189, 0x3189, 0x3189,
  0x3189, 0x3189, 0x3189, 0x3189, 0x3189, 0x2969, 0x2969, 0x2969, 0x2969, 0x2969, 0x2969, 0x2969,
  0x2968, 0x2968, 0x2968, 0x2968, 0x2968, 0x2968, 0x2948, 0x2968, 0x2948, 0x2948, 0x2948, 0x2948,
  0x2948, 0x2948, 0x2948, 0x2948, 0x2948, 0x2948, 0x2947, 0x2947, 0x2927, 0x2147, 0x2127, 0x2927,
  0x2127, 0x2127, 0x2127, 0x2127, 0x2127, 0x2127, 0x2127, 0x10a3, 0x4a49, 0xad76, 0x4207, 0x5a03,
  0xa4ad, 0xa426, 0xa323, 0xa426, 0xa323, 0x5a03, 0x4207, 0x8c92, 0xad76, 0x4a49, 0x10a3, 0x1906,
  0x18e6, 0x18e6, 0x10a4, 0x10a4, 0x630d, 0x18e5, 0x18e5, 0x10a3, 0x1083, 0x5aed, 0x18c5, 0x18c5,
  0x1083, 0x1083, 0x630d, 0x18e5, 0x18e5, 0x18e5, 0x18e5, 0x18e5, 0x18e5, 0x18e5, 0x18e5, 0x18e6,
  0x18e6, 0x1906, 0x20e6, 0x20e6, 0x2106, 0x2106, 0x2106, 0x2106, 0x2106, 0x2106, 0x2106, 0x2106,
  0x2106, 0x2106, 0x2106, 0x2106, 0x2126, 0x2107, 0x2107, 0x2107, 0x2127, 0x2127, 0x2127, 0x2127,
  0x2127, 0x2127, 0x2127, 0x2127, 0x2127, 0x2927, 0x2927, 0x2927, 0x2147, 0x2947, 0x2947, 0x2948,
  0x2948, 0x2948, 0x2948, 0x2948, 0x2948, 0x2948, 0x2948, 0x2948, 0x2948, 0x2948, 0x2968, 0x2948,
  0x2968, 0x2968, 0x2968, 0x2968, 0x2968, 0x2969, 0x2969, 0x2969, 0x2969, 0x2969, 0x2969, 0x2969,
  0x2969, 0x2969, 0x3189, 0x3189, 0x3189, 0x3189, 0x3189, 0x3189, 0x3189, 0x3189, 0x3189, 0x3189,
  0x3189, 0x3189, 0x3189, 0x3189, 0x318a, 0x318a, 0x318a, 0x318a, 0x31aa, 0x318a, 0x31aa, 0x31aa,
  0x31aa, 0x31aa, 0x31aa, 0x31aa, 0x31aa, 0x31aa, 0x31aa, 0x31aa, 0x31aa, 0x31aa, 0x31aa, 0x31aa,
  0x31aa, 0x31aa, 0x31aa, 0x31aa, 0x31aa, 0x31aa, 0x31aa, 0x31aa, 0x39ab, 0x39ab, 0x31cb, 0x39ab,
  0x39cb, 0x39ab, 0x39ab, 0x39ab, 0x39ab, 0x39cb, 0x39cb, 0x39cb, 0x39cb, 0x39cb, 0x39cb, 0x39cb,
  0x39cb, 0x39cb, 0x39cb, 0x39cb, 0x39cb, 0x39cb, 0x39cb, 0x39cb, 0x39cb, 0x39cb, 0x39cb, 0x39cb,
  0x39cb, 0x39cb, 0x39cb, 0x39cb, 0x39cb, 0x39cb, 0x39cb, 0x39cb, 0x39cb, 0x39cb, 0x39cb, 0x39cb,
  0x39cb, 0x39cb, 0x39cb, 0x39ab, 0x39cb, 0x39cb, 0x39ab, 0x39ab, 0x31ab, 0x39aa, 0x31cb, 0x39ab,
  0x31cb, 0x39aa, 0x31aa, 0x31aa, 0x31aa, 0x31aa, 0x31aa, 0x31aa, 0x31aa, 0x31aa, 0x31aa, 0x31aa,
  0x31aa, 0x31aa, 0x31aa, 0x31aa, 0x31aa, 0x31aa, 0x31aa, 0x31aa, 0x31aa, 0x318a, 0x31aa, 0x318a,
  0x318a, 0x318a, 0x318a, 0x3189, 0x3189, 0x3189, 0x3189, 0x3189, 0x3189, 0x3189, 0x3189, 0x3189,
  0x3189, 0x3189, 0x3189, 0x3169, 0x2969, 0x2969, 0x2969, 0x2969, 0x2969, 0x2969, 0x2968, 0x2968,
  0x2968, 0x2968, 0x2968, 0x2968, 0x2968, 0x2948, 0x2948, 0x2948, 0x2948, 0x2948, 0x2948, 0x2948,
  0x2948, 0x2948, 0x2948, 0x2948, 0x2948, 0x2947, 0x2947, 0x2927, 0x2927, 0x2927, 0x2927, 0x2127,
  0x2127, 0x2127, 0x2127, 0x2127, 0x2127, 0x2127, 0x2107, 0x10a3, 0x4a49, 0x4a27, 0xa4ad, 0xa323,
  0xa323, 0xa323, 0xa323, 0x3162, 0x630d, 0xad76, 0xad76, 0x4a49, 0x10a3, 0x2106, 0x2106, 0x20e6,
  0x18e6, 0x10a4, 0x10a4, 0x630d, 0x18e5, 0x18e5, 0x10a3, 0x1083, 0x5aed, 0x18c5, 0x18e5, 0x1083,
  0x1083, 0x630d, 0x18e5, 0x18e5, 0x18e5, 0x18e5, 0x18e5, 0x18e5, 0x18e5, 0x18e5, 0x18e6, 0x20e6,
  0x2106, 0x20e6, 0x20e6, 0x2106, 0x2106, 0x2106, 0x2106, 0x2106, 0x2106, 0x2106, 0x2106, 0x2106,
  0x2106, 0x2106, 0x2126, 0x2106, 0x2107, 0x2107, 0x2107, 0x2127, 0x2127, 0x2127, 0x2127, 0x2127,
  0x2127, 0x2127, 0x2127, 0x2927, 0x2927, 0x2127, 0x2927, 0x2947, 0x2947, 0x2947, 0x2948, 0x2948,
  0x2948, 0x2948, 0x2948, 0x2948, 0x2948, 0x2948, 0x2948, 0x2948, 0x2948, 0x2948, 0x2968, 0x2968,
  0x2968, 0x2968, 0x2968, 0x2968, 0x2969, 0x2969, 0x2969, 0x2969, 0x2969, 0x2969, 0x2969, 0x2969,
  0x3189, 0x3189, 0x3189, 0x3189, 0x3189, 0x3189, 0x3189, 0x3189, 0x3189, 0x3189, 0x3189, 0x3189,
  0x3189, 0x3189, 0x318a, 0x318a, 0x318a, 0x318a, 0x318a, 0x318a, 0x318a, 0x31aa, 0x31aa, 0x31aa,
  0x31aa, 0x31aa, 0x31aa, 0x31aa, 0x31aa, 0x31aa, 0x31aa, 0x31aa, 0x31aa, 0x31aa, 0x31aa, 0x31aa,
  0x31aa, 0x31aa, 0x31aa, 0x31aa, 0x31aa, 0x31aa, 0x39aa, 0x31ab, 0x39ca, 0x39ab, 0x39ab, 0x39ab,
  0x39ab, 0x39ab, 0x39cb, 0x39ab, 0x39cb, 0x39cb, 0x39cb, 0x39cb, 0x39cb, 0x39cb, 0x39cb, 0x39cb,
  0x39cb, 0x39cb, 0x39cb, 0x39cb, 0x39cb, 0x39cb, 0x39cb, 0x39cb, 0x39cb, 0x39cb, 0x39cb, 0x39cb,
  0x39cb, 0x39cb, 0x39cb, 0x39cb, 0x39cb, 0x39cb, 0x39cb, 0x39cb, 0x39cb, 0x39cb, 0x39cb, 0x39cb,
  0x39cb, 0x39cb, 0x39ab, 0x39cb, 0x39cb, 0x39cb, 0x39cb, 0x31ab, 0x31cb, 0x39ab, 0x31aa, 0x39ca,
  0x31aa, 0x31aa, 0x31aa, 0x31aa, 0x31aa, 0x31aa, 0x31aa, 0x31aa, 0x31aa, 0x31aa, 0x31aa, 0x31aa,
  0x31aa, 0x31aa, 0x31aa, 0x31aa, 0x31aa, 0x31aa, 0x31aa, 0x31aa, 0x318a, 0x31aa, 0x318a, 0x318a,
  0x318a, 0x3189, 0x3189, 0x3189, 0x3189, 0x3189, 0x3189, 0x3189, 0x3189, 0x3189, 0x3189, 0x3189,
  0x3189, 0x3189, 0x2969, 0x2969, 0x2969, 0x2969, 0x2969, 0x2969, 0x2969, 0x2969, 0x2968, 0x2968,
  0x2968, 0x2968, 0x2968, 0x2948, 0x2948, 0x2948, 0x2948, 0x2948, 0x2948, 0x2948, 0x2948, 0x2948,
  0x2948, 0x2948, 0x2948, 0x2948, 0x2927, 0x2927, 0x2127, 0x2927, 0x2927, 0x2127, 0x2127, 0x2127,
  0x2127, 0x2127, 0x2127, 0x2127, 0x2127, 0x2127, 0x2106, 0x2984, 0xa46a, 0xa323, 0xa426, 0xa323,
  0x5a03, 0x4207, 0x8c92, 0xad76, 0xad76, 0x4a49, 0x10a3, 0x20e6, 0x20e6, 0x20e6, 0x20e6, 0x18e6,
  0x10a4, 0x10a4, 0x630d, 0x18e5, 0x18e5, 0x10a3, 0x1083, 0x5aed, 0x18c5, 0x18c5, 0x10a3, 0x1083,
  0x630d, 0x18e5, 0x18e5, 0x18e5, 0x18e5, 0x18e5, 0x18e5, 0x18e5, 0x18e6, 0x18e6, 0x20e6, 0x1906,
  0x1906, 0x2106, 0x2106, 0x2106, 0x2106, 0x2106, 0x2106, 0x2106, 0x2106, 0x2106, 0x2106, 0x2106,
  0x2106, 0x2106, 0x2126, 0x2107, 0x2127, 0x2127, 0x2127, 0x2127, 0x2127, 0x2127, 0x2127, 0x2127,
  0x2127, 0x2927, 0x2927, 0x2147, 0x2927, 0x2947, 0x2927, 0x2947, 0x2947, 0x2948, 0x2948, 0x2948,
  0x2948, 0x2948, 0x2948, 0x2948, 0x2948, 0x2948, 0x2948, 0x2948, 0x2968, 0x2968, 0x2968, 0x2968,
  0x2969, 0x2968, 0x2968, 0x2969, 0x2969, 0x2969, 0x2969, 0x2969, 0x2969, 0x2969, 0x2989, 0x2969,
  0x3189, 0x3189, 0x3189, 0x3189, 0x3189, 0x3189, 0x3189, 0x3189, 0x3189, 0x3189, 0x3189, 0x3189,
  0x318a, 0x318a, 0x318a, 0x318a, 0x318a, 0x31aa, 0x31aa, 0x31aa, 0x31aa, 0x31aa, 0x31aa, 0x31aa,
  0x31aa, 0x31aa, 0x31aa, 0x31aa, 0x31aa, 0x31aa, 0x31aa, 0x31aa, 0x31aa, 0x31aa, 0x31aa, 0x31aa,
  0x31aa, 0x31aa, 0x31aa, 0x31aa, 0x39ca, 0x39aa, 0x39ab, 0x39ab, 0x39ab, 0x39cb, 0x31cb, 0x39ab,
  0x39ab, 0x39ab, 0x39cb, 0x39cb, 0x39cb, 0x39cb, 0x39cb, 0x39cb, 0x39cb, 0x39cb, 0x39cb, 0x39cb,
  0x39cb, 0x39cb, 0x39cb, 0x39cb, 0x39cb, 0x39cb, 0x39cb, 0x39cb, 0x39cb, 0x39cb, 0x39cb, 0x39cb,
  0x39cb, 0x39cb, 0x39cb, 0x39cb, 0x39cb, 0x39cb, 0x39cb, 0x39cb, 0x39cb, 0x39cb, 0x39cb, 0x39cb,
  0x39ab, 0x39ab, 0x39cb, 0x39cb, 0x39ab, 0x31cb, 0x31cb, 0x39ab, 0x31aa, 0x31aa, 0x31ab, 0x31aa,
  0x31aa, 0x31aa, 0x31aa, 0x31aa, 0x31aa, 0x31aa, 0x31aa, 0x31aa, 0x31aa, 0x31aa, 0x31aa, 0x31aa,
  0x31aa, 0x31aa, 0x31aa, 0x31aa, 0x31aa, 0x31aa, 0x31aa, 0x31aa, 0x318a, 0x318a, 0x318a, 0x318a,
  0x318a, 0x3189, 0x3189, 0x3189, 0x3189, 0x3189, 0x3189, 0x3189, 0x3189, 0x3189, 0x3189, 0x3189,
  0x3189, 0x2969, 0x2969, 0x2969, 0x2969, 0x2969, 0x2969, 0x2969, 0x2968, 0x2968, 0x2968, 0x2968,
  0x2968, 0x2968, 0x2968, 0x2968, 0x2948, 0x2948, 0x2948, 0x2948, 0x2948, 0x2948, 0x2948, 0x2948,
  0x2948, 0x2948, 0x2947, 0x2927, 0x2927, 0x2927, 0x2927, 0x2127, 0x2127, 0x2127, 0x2127, 0x2127,
  0x2127, 0x2127, 0x2127, 0x2127, 0x2106, 0x2984, 0xa46a, 0xa323, 0xa323, 0xa323, 0x3162, 0x73ae,
  0xad76, 0xad76, 0xad76, 0x4a49, 0x10a3, 0x2106, 0x2106, 0x1906, 0x18e6, 0x18e6, 0x18e6, 0x10a4,
  0x10a4, 0x630d, 0x18e5, 0x18e5, 0x10a3, 0x1083, 0x5aed, 0x18e5, 0x18c5, 0x10a3, 0x10a3, 0x630d,
  0x18e5, 0x18e5, 0x18e5, 0x18e5, 0x18e5, 0x18e5, 0x18e5, 0x18e6, 0x18e6, 0x18e6, 0x20e6, 0x2106,
  0x2106, 0x2106, 0x2106, 0x2106, 0x2106, 0x2106, 0x2106, 0x2106, 0x2106, 0x2106, 0x2106, 0x2106,
  0x2106, 0x2106, 0x2107, 0x2107, 0x2127, 0x2127, 0x2127, 0x2127, 0x2127, 0x2127, 0x2127, 0x2127,
  0x2927, 0x2927, 0x2927, 0x2927, 0x2927, 0x2927, 0x2948, 0x2948, 0x2948, 0x2948, 0x2948, 0x2948,
  0x2948, 0x2948, 0x2948, 0x2948, 0x2948, 0x2948, 0x2948, 0x2968, 0x2968, 0x2968, 0x2968, 0x2968,
  0x2968, 0x2969, 0x2969, 0x2969, 0x2969, 0x2969, 0x2969, 0x2969, 0x3189, 0x2969, 0x3189, 0x3189,
  0x3189, 0x3189, 0x3189, 0x3189, 0x3189, 0x3189, 0x3189, 0x3189, 0x3189, 0x3189, 0x3189, 0x318a,
  0x318a, 0x318a, 0x318a, 0x318a, 0x31aa, 0x31aa, 0x31aa, 0x31aa, 0x31aa, 0x31aa, 0x31aa, 0x31aa,
  0x31aa, 0x31aa, 0x31aa, 0x31aa, 0x31aa, 0x31aa, 0x31aa, 0x31aa, 0x31aa, 0x31aa, 0x31aa, 0x31aa,
  0x31aa, 0x31aa, 0x31aa, 0x39ca, 0x31aa, 0x39ab, 0x39ab, 0x39ab, 0x39ab, 0x39ab, 0x39ab, 0x39cb,
  0x39ab, 0x39cb, 0x39cb, 0x39cb, 0x39cb, 0x39cb, 0x39cb, 0x39cb, 0x39cb, 0x39cb, 0x39cb, 0x39cb,
  0x39cb, 0x39cb, 0x39cb, 0x39cb, 0x39cb, 0x39cb, 0x39cb, 0x39cb, 0x39cb, 0x39cb, 0x39cb, 0x39cb,
  0x39cb, 0x39cb, 0x39cb, 0x39cb, 0x39cb, 0x39cb, 0x39cb, 0x39cb, 0x39cb, 0x39cb, 0x39cb, 0x39cb,
  0x39ab, 0x39cb, 0x39cb, 0x39ab, 0x39ab, 0x31aa, 0x31aa, 0x31ab, 0x31aa, 0x31aa, 0x31aa, 0x31aa,
  0x31aa, 0x31aa, 0x31aa, 0x31aa, 0x31aa, 0x31aa, 0x31aa, 0x31aa, 0x31aa, 0x31aa, 0x31aa, 0x31aa,
  0x31aa, 0x31aa, 0x31aa, 0x31aa, 0x318a, 0x318a, 0x318a, 0x318a, 0x318a, 0x318a, 0x3189, 0x3189,
  0x3189, 0x3189, 0x3189, 0x3189, 0x3189, 0x3189, 0x3189, 0x3189, 0x3189, 0x3189, 0x3189, 0x3169,
  0x2969, 0x2969, 0x2969, 0x2969, 0x2969, 0x2969, 0x2969, 0x2968, 0x2968, 0x2968, 0x2968, 0x2968,
  0x2968, 0x2948, 0x2948, 0x2948, 0x2948, 0x2948, 0x2948, 0x2948, 0x2948, 0x2948, 0x2948, 0x2948,
  0x2947, 0x2947, 0x2947, 0x2147, 0x2127, 0x2927, 0x2927, 0x2127, 0x2127, 0x2127, 0x2127, 0x2127,
  0x2127, 0x2127, 0x2107, 0x10a4, 0xa46a, 0xa426, 0xa323, 0x5a03, 0x10a2, 0xa515, 0xad76, 0xad76,
  0xad76, 0x4a49, 0x10a3, 0x2106, 0x2106, 0x18e6, 0x20e6, 0x20e6, 0x18e6, 0x18e6, 0x10a4, 0x10a4,
  0x630d, 0x18e5, 0x18e5, 0x10a3, 0x1083, 0x5aed, 0x18e5, 0x18e5, 0x1083, 0x1083, 0x630d, 0x18e5,
  0x18e5, 0x18e5, 0x18e5, 0x18e5, 0x18e5, 0x18e6, 0x18e6, 0x18e6, 0x20e6, 0x20e6, 0x2106, 0x2106,
  0x2106, 0x2106, 0x2106, 0x2106, 0x2106, 0x2106, 0x2106, 0x2106, 0x2106, 0x2106, 0x2106, 0x2107,
  0x2127, 0x2127, 0x2127, 0x2127, 0x2127, 0x2127, 0x2127, 0x2127, 0x2127, 0x2927, 0x2927, 0x2927,
  0x2127, 0x2127, 0x2927, 0x2947, 0x2947, 0x2948, 0x2948, 0x2948, 0x2948, 0x2948, 0x2948, 0x2948,
  0x2948, 0x2948, 0x2948, 0x2948, 0x2948, 0x2948, 0x2968, 0x2968, 0x2968, 0x2968, 0x2968, 0x2968,
  0x2968, 0x2969, 0x2969, 0x2969, 0x2969, 0x2969, 0x2969, 0x3169, 0x3169, 0x3189, 0x3189, 0x3189,
  0x3189, 0x3189, 0x3189, 0x3189, 0x3189, 0x3189, 0x3189, 0x3189, 0x3189, 0x318a, 0x3189, 0x318a,
  0x318a, 0x318a, 0x31aa, 0x31aa, 0x318a, 0x31aa, 0x31aa, 0x31aa, 0x31aa, 0x31aa, 0x31aa, 0x31aa,
  0x31aa, 0x31aa, 0x31aa, 0x31aa, 0x31aa, 0x31aa, 0x31aa, 0x31aa, 0x31aa, 0x31aa, 0x31aa, 0x31aa,
  0x31aa, 0x31aa, 0x31aa, 0x31ab, 0x39ca, 0x31ab, 0x39ab, 0x39ab, 0x39ab, 0x39cb, 0x39cb, 0x39ab,
  0x39cb, 0x39cb, 0x39cb, 0x39cb, 0x39cb, 0x39cb, 0x39cb, 0x39cb, 0x39cb, 0x39cb, 0x39cb, 0x39cb,
  0x39cb, 0x39cb, 0x39cb, 0x39cb, 0x39cb, 0x39cb, 0x39cb, 0x39cb, 0x39cb, 0x39cb, 0x39cb, 0x39cb,
  0x39cb, 0x39cb, 0x39cb, 0x39cb, 0x39cb, 0x39cb, 0x39cb, 0x39cb, 0x39cb, 0x39cb, 0x39cb, 0x39cb,
  0x39ab, 0x39ab, 0x31ab, 0x39ab, 0x39ab, 0x31aa, 0x31aa, 0x31ab, 0x31aa, 0x31aa, 0x31aa, 0x31aa,
  0x31aa, 0x31aa, 0x31aa, 0x31aa, 0x31aa, 0x31aa, 0x31aa, 0x31aa, 0x31aa, 0x31aa, 0x31aa, 0x31aa,
  0x31aa, 0x31aa, 0x31aa, 0x318a, 0x318a, 0x31aa, 0x318a, 0x318a, 0x318a, 0x318a, 0x3189, 0x3189,
  0x3189, 0x3189, 0x3189, 0x3189, 0x3189, 0x3189, 0x3189, 0x3189, 0x3189, 0x3169, 0x2969, 0x3169,
  0x2969, 0x2969, 0x2969, 0x2969, 0x2969, 0x2968, 0x2968, 0x2968, 0x2968, 0x2968, 0x2968, 0x2948,
  0x2968, 0x2948, 0x2948, 0x2948, 0x2948, 0x2948, 0x2948, 0x2948, 0x2948, 0x2948, 0x2948, 0x2947,
  0x2947, 0x2927, 0x2927, 0x2927, 0x2927, 0x2927, 0x2127, 0x2127, 0x2127, 0x2127, 0x2127, 0x2127,
  0x2127, 0x2127, 0x10a4, 0xa323, 0xa323, 0x20e1, 0x18e5, 0x10a3, 0x4a49, 0xad76, 0xad76, 0x4a49,
  0x10a3, 0x2106, 0x2106, 0x2106, 0x1906, 0x20e6, 0x18e6, 0x18e6, 0x18e5, 0x10a4, 0x10a4, 0x630d,
  0x18e5, 0x18e5, 0x10a3, 0x1083, 0x5aed, 0x18c5, 0x18e5, 0x1083, 0x10a3, 0x630d, 0x18e5, 0x18e5,
  0x18e5, 0x18e5, 0x18e5, 0x18e5, 0x18e5, 0x18e6, 0x20e6, 0x20e6, 0x2106, 0x2106, 0x2106, 0x2106,
  0x2106, 0x2106, 0x2106, 0x2106, 0x2106, 0x2106, 0x2106, 0x2106, 0x2106, 0x2106, 0x2107, 0x2107,
  0x2127, 0x2107, 0x2127, 0x2127, 0x2127, 0x2127, 0x2127, 0x2127, 0x2127, 0x2927, 0x2927, 0x2147,
  0x2147, 0x2927, 0x2927, 0x2947, 0x2948, 0x2948, 0x2948, 0x2948, 0x2948, 0x2948, 0x2948, 0x2948,
  0x2948, 0x2948, 0x2968, 0x2968, 0x2948, 0x2968, 0x2968, 0x2968, 0x2968, 0x2968, 0x2968, 0x2968,
  0x2969, 0x2969, 0x2969, 0x2969, 0x2969, 0x2969, 0x2969, 0x2969, 0x3189, 0x3189, 0x3189, 0x3189,
  0x3189, 0x3189, 0x3189, 0x3189, 0x3189, 0x3189, 0x3189, 0x3189, 0x3189, 0x318a, 0x318a, 0x318a,
  0x318a, 0x318a, 0x318a, 0x31aa, 0x31aa, 0x31aa, 0x31aa, 0x31aa, 0x31aa, 0x31aa, 0x31aa, 0x31aa,
  0x31aa, 0x31aa, 0x31aa, 0x31aa, 0x31aa, 0x31aa, 0x31aa, 0x31aa, 0x31aa, 0x31aa, 0x31aa, 0x31aa,
  0x31aa, 0x39ca, 0x31aa, 0x39ab, 0x39ab, 0x31cb, 0x39ab, 0x39cb, 0x39ab, 0x39cb, 0x39cb, 0x39cb,
  0x39cb, 0x39cb, 0x39cb, 0x39cb, 0x39cb, 0x39cb, 0x39cb, 0x39cb, 0x39cb, 0x39cb, 0x39cb, 0x39cb,
  0x39cb, 0x39cb, 0x39cb, 0x39cb, 0x39cb, 0x39cb, 0x39cb, 0x39cb, 0x39cb, 0x39cb, 0x39cb, 0x39cb,
  0x39cb, 0x39cb, 0x39cb, 0x39cb, 0x39cb, 0x39cb, 0x39cb, 0x39cb, 0x39cb, 0x39cb, 0x39cb, 0x39cb,
  0x39ab, 0x39ab, 0x39ab, 0x39ab, 0x31ab, 0x31ab, 0x31aa, 0x31aa, 0x31aa, 0x31aa, 0x31aa, 0x31aa,
  0x31aa, 0x31aa, 0x31aa, 0x31aa, 0x31aa, 0x31aa, 0x31aa, 0x31aa, 0x31aa, 0x31aa, 0x31aa, 0x31aa,
  0x31aa, 0x31aa, 0x31aa, 0x318a, 0x318a, 0x318a, 0x318a, 0x318a, 0x3189, 0x3189, 0x3189, 0x3189,
  0x3189, 0x3189, 0x3189, 0x3189, 0x3189, 0x3189, 0x3189, 0x3189, 0x2989, 0x2969, 0x2969, 0x2969,
  0x2969, 0x2969, 0x2969, 0x2969, 0x2969, 0x2968, 0x2968, 0x2968, 0x2968, 0x2968, 0x2968, 0x2948,
  0x2948, 0x2948, 0x2948, 0x2948, 0x2948, 0x2948, 0x2948, 0x2948, 0x2948, 0x2947, 0x2947, 0x2947,
  0x2127, 0x2927, 0x2927, 0x2927, 0x2127, 0x2127, 0x2127, 0x2127, 0x2127, 0x2127, 0x2127, 0x2127,
  0x2107, 0x10a4, 0x3162, 0x10a4, 0x2106, 0x2106, 0x2106, 0x10a3, 0x4a49, 0x4a49, 0x10a3, 0x2106,
  0x2106, 0x2106, 0x2106, 0x1906, 0x20e6, 0x18e6, 0x18e5, 0x18e5, 0x10a4, 0x10a4, 0x630d, 0x18e5,
  0x18e5, 0x10a3, 0x1083, 0x630d, 0x18c5, 0x18e5, 0x1083, 0x10a3, 0x630d, 0x18e5, 0x18e5, 0x18e5,
  0x18e5, 0x18e5, 0x18e5, 0x18e6, 0x18e6, 0x18e6, 0x20e6, 0x2106, 0x2106, 0x2106, 0x2106, 0x2106,
  0x2106, 0x2106, 0x2106, 0x2106, 0x2106, 0x2106, 0x2106, 0x2106, 0x2127, 0x2106, 0x2107, 0x2127,
  0x2127, 0x2127, 0x2127, 0x2127, 0x2127, 0x2127, 0x2127, 0x2927, 0x2927, 0x2927, 0x2147, 0x2927,
  0x2927, 0x2947, 0x2947, 0x2948, 0x2948, 0x2948, 0x2948, 0x2948, 0x2948, 0x2948, 0x2948, 0x2948,
  0x2948, 0x2968, 0x2968, 0x2948, 0x2968, 0x2968, 0x2968, 0x2968, 0x2968, 0x2969, 0x2969, 0x2969,
  0x2969, 0x2969, 0x2969, 0x2969, 0x3169, 0x3169, 0x3169, 0x2989, 0x3189, 0x3189, 0x3189, 0x3189,
  0x3189, 0x3189, 0x3189, 0x3189, 0x3189, 0x3189, 0x3189, 0x3189, 0x318a, 0x318a, 0x318a, 0x31aa,
  0x31aa, 0x31aa, 0x31aa, 0x31aa, 0x31aa, 0x31aa, 0x31aa, 0x31aa, 0x31aa, 0x31aa, 0x31aa, 0x31aa,
  0x31aa, 0x31aa, 0x31aa, 0x31aa, 0x31aa, 0x31aa, 0x31aa, 0x31aa, 0x31aa, 0x31aa, 0x31aa, 0x31aa,
  0x39ab, 0x39ab, 0x39ab, 0x39ab, 0x39ab, 0x39ab, 0x39cb, 0x39cb, 0x39cb, 0x39cb, 0x39cb, 0x39cb,
  0x39cb, 0x39cb, 0x39cb, 0x39cb, 0x39cb, 0x39cb, 0x39cb, 0x39cb, 0x39cb, 0x39cb, 0x39cb, 0x39cb,
  0x39cb, 0x39cb, 0x39cb, 0x39cb, 0x39cb, 0x39cb, 0x39cb, 0x39cb, 0x39cb, 0x39cb, 0x39cb, 0x39cb,
  0x39cb, 0x39cb, 0x39cb, 0x39cb, 0x39cb, 0x39cb, 0x39cb, 0x39cb, 0x39cb, 0x39ab, 0x39ab, 0x39ab,
  0x39ab, 0x39ab, 0x39ab, 0x31aa, 0x31aa, 0x31aa, 0x31aa, 0x31aa, 0x31aa, 0x31aa, 0x31aa, 0x31aa,
  0x31aa, 0x31aa, 0x31aa, 0x31aa, 0x31aa, 0x31aa, 0x31aa, 0x31aa, 0x31aa, 0x31aa, 0x31aa, 0x31aa,
  0x31aa, 0x31aa, 0x318a, 0x318a, 0x318a, 0x318a, 0x318a, 0x3189, 0x3189, 0x3189, 0x3189, 0x3189,
  0x3189, 0x3189, 0x3189, 0x3189, 0x3189, 0x3189, 0x2989, 0x2969, 0x2969, 0x2969, 0x2969, 0x2969,
  0x2969, 0x2969, 0x2969, 0x2968, 0x2968, 0x2968, 0x2968, 0x2968, 0x2968, 0x2948, 0x2968, 0x2948,
  0x2948, 0x2948, 0x2948, 0x2948, 0x2948, 0x2948, 0x2948, 0x2948, 0x2947, 0x2947, 0x2947, 0x2147,
  0x2927, 0x2927, 0x2127, 0x2127, 0x2127, 0x2127, 0x2127, 0x2127, 0x2127, 0x2127, 0x2127, 0x2107,
  0x2107, 0x2106, 0x2106, 0x2106, 0x2106, 0x2106, 0x2106, 0x10a3, 0x10a3, 0x2106, 0x2106, 0x2106,
  0x2106, 0x18e6, 0x20e6, 0x20e6, 0x18e6, 0x18e5, 0x18e5, 0x10a4, 0x10a4, 0x630d, 0x18e5, 0x18e5,
  0x10a3, 0x1083, 0x5aed, 0x18c5, 0x18e5, 0x10a3, 0x10a3, 0x630d, 0x18e5, 0x18e5, 0x18e5, 0x18e5,
  0x18e5, 0x18e5, 0x18e6, 0x20e6, 0x2106, 0x20e6, 0x2106, 0x2106, 0x2106, 0x2106, 0x2106, 0x2106,
  0x2106, 0x2106, 0x2106, 0x2106, 0x2106, 0x2106, 0x2106, 0x2126, 0x2107, 0x2107, 0x2127, 0x2127,
  0x2127, 0x2127, 0x2127, 0x2127, 0x2127, 0x2127, 0x2927, 0x2927, 0x2927, 0x2127, 0x2127, 0x2947,
  0x2947, 0x2947, 0x2948, 0x2948, 0x2948, 0x2948, 0x2948, 0x2948, 0x2948, 0x2948, 0x2948, 0x2948,
  0x2948, 0x2948, 0x2968, 0x2968, 0x2968, 0x2968, 0x2968, 0x2968, 0x2968, 0x2969, 0x2969, 0x2969,
  0x2969, 0x2969, 0x2969, 0x2969, 0x3189, 0x2989, 0x3189, 0x3189, 0x3189, 0x3189, 0x3189, 0x3189,
  0x3189, 0x3189, 0x3189, 0x3189, 0x3189, 0x318a, 0x3189, 0x318a, 0x318a, 0x318a, 0x31aa, 0x31aa,
  0x31aa, 0x31aa, 0x31aa, 0x31aa, 0x31aa, 0x31aa, 0x31aa, 0x31aa, 0x31aa, 0x31aa, 0x31aa, 0x31aa,
  0x31aa, 0x31aa, 0x31aa, 0x31aa, 0x31aa, 0x31aa, 0x31aa, 0x31aa, 0x31aa, 0x39aa, 0x31ab, 0x39ab,
  0x39ab, 0x39ab, 0x39ab, 0x39cb, 0x39ab, 0x39ab, 0x39cb, 0x39cb, 0x39cb, 0x39cb, 0x39cb, 0x39cb,
  0x39cb, 0x39cb, 0x39cb, 0x39cb, 0x39cb, 0x39cb, 0x39cb, 0x39cb, 0x39cb, 0x39cb, 0x39cb, 0x39cb,
  0x39cb, 0x39cb, 0x39cb, 0x39cb, 0x39cb, 0x39cb, 0x39cb, 0x39cb, 0x39cb, 0x39cb, 0x39cb, 0x39cb,
  0x39cb, 0x39cb, 0x39cb, 0x39cb, 0x39cb, 0x39cb, 0x39cb, 0x39cb, 0x39cb, 0x39ab, 0x31cb, 0x39ab,
  0x39aa, 0x39ab, 0x31aa, 0x31aa, 0x31aa, 0x31aa, 0x31aa, 0x31aa, 0x31aa, 0x31aa, 0x31aa, 0x31aa,
  0x31aa, 0x31aa, 0x31aa, 0x31aa, 0x31aa, 0x31aa, 0x31aa, 0x31aa, 0x31aa, 0x31aa, 0x31aa, 0x31aa,
  0x31aa, 0x318a, 0x318a, 0x318a, 0x318a, 0x3189, 0x3189, 0x3189, 0x3189, 0x3189, 0x3189, 0x3189,
  0x3189, 0x3189, 0x3189, 0x3189, 0x2989, 0x2989, 0x2969, 0x2969, 0x2969, 0x2969, 0x2969, 0x2969,
  0x2969, 0x2968, 0x2968, 0x2968, 0x2968, 0x2968, 0x2968, 0x2968, 0x2948, 0x2948, 0x2948, 0x2948,
  0x2948, 0x2948, 0x2948, 0x2948, 0x2948, 0x2948, 0x2948, 0x2947, 0x2947, 0x2947, 0x2927, 0x2147,
  0x2927, 0x2127, 0x2127, 0x2127, 0x2127, 0x2127, 0x2127, 0x2127, 0x2127, 0x2107, 0x2127, 0x2106,
  0x2106, 0x2107, 0x2106, 0x2106, 0x2106, 0x2106, 0x2106, 0x2106, 0x2106, 0x2106, 0x2106, 0x2106,
  0x18e6, 0x20e6, 0x18e6, 0x18e5, 0x18e6, 0x18e5, 0x10a4, 0x10a4, 0x630d, 0x18e5, 0x18e5, 0x10a3,
  0x1083, 0x5aed, 0x18e5, 0x18e5, 0x10a3, 0x10a3, 0x630d, 0x18e5, 0x18e5, 0x18e5, 0x18e5, 0x18e5,
  0x18e5, 0x18e6, 0x18e6, 0x20e6, 0x20e6, 0x2106, 0x2106, 0x2106, 0x2106, 0x2106, 0x2106, 0x2106,
  0x2106, 0x2106, 0x2106, 0x2106, 0x2106, 0x2107, 0x2126, 0x2107, 0x2107, 0x2127, 0x2127, 0x2127,
  0x2127, 0x2127, 0x2127, 0x2127, 0x2127, 0x2127, 0x2927, 0x2927, 0x2927, 0x2927, 0x2947, 0x2947,
  0x2947, 0x2948, 0x2948, 0x2948, 0x2948, 0x2948, 0x2948, 0x2948, 0x2948, 0x2948, 0x2948, 0x2968,
  0x2968, 0x2968, 0x2968, 0x2968, 0x2968, 0x2968, 0x2969, 0x2969, 0x2969, 0x2969, 0x2969, 0x2969,
  0x2969, 0x2969, 0x3169, 0x2989, 0x3189, 0x3189, 0x3189, 0x3189, 0x3189, 0x3189, 0x3189, 0x3189,
  0x3189, 0x3189, 0x3189, 0x318a, 0x318a, 0x318a, 0x318a, 0x318a, 0x318a, 0x31aa, 0x318a, 0x31aa,
  0x31aa, 0x31aa, 0x31aa, 0x31aa, 0x31aa, 0x31aa, 0x31aa, 0x31aa, 0x31aa, 0x31aa, 0x31aa, 0x31aa,
  0x31aa, 0x31aa, 0x31aa, 0x31aa, 0x31aa, 0x31aa, 0x31aa, 0x31aa, 0x31aa, 0x31aa, 0x31aa, 0x39ab,
  0x39ab, 0x39ab, 0x39ab, 0x39cb, 0x39cb, 0x39cb, 0x39cb, 0x39cb, 0x39cb, 0x39cb, 0x39cb, 0x39cb,
  0x39cb, 0x39cb, 0x39cb, 0x39cb, 0x39cb, 0x39cb, 0x39cb, 0x39cb, 0x39cb, 0x39cb, 0x39cb, 0x39cb,
  0x39cb, 0x39cb, 0x39cb, 0x39cb, 0x39cb, 0x39cb, 0x39cb, 0x39cb, 0x39cb, 0x39cb, 0x39cb, 0x39cb,
  0x39cb, 0x39cb, 0x39cb, 0x39cb, 0x39cb, 0x39cb, 0x39cb, 0x39ab, 0x39ab, 0x39ab, 0x39ab, 0x39ab,
  0x31aa, 0x31ab, 0x31aa, 0x31aa, 0x31aa, 0x31aa, 0x31aa, 0x31aa, 0x31aa, 0x31aa, 0x31aa, 0x31aa,
  0x31aa, 0x31aa, 0x31aa, 0x31aa, 0x31aa, 0x31aa, 0x31aa, 0x31aa, 0x31aa, 0x31aa, 0x31aa, 0x31aa,
  0x31aa, 0x318a, 0x3189, 0x318a, 0x318a, 0x3189, 0x3189, 0x3189, 0x3189, 0x3189, 0x3189, 0x3189,
  0x3189, 0x3189, 0x3189, 0x3169, 0x3189, 0x3189, 0x2969, 0x2969, 0x2969, 0x2969, 0x2969, 0x2969,
  0x2968, 0x2968, 0x2969, 0x2968, 0x2968, 0x2968, 0x2968, 0x2948, 0x2948, 0x2948, 0x2948, 0x2948,
  0x2948, 0x2948, 0x2948, 0x2948, 0x2948, 0x2948, 0x2947, 0x2927, 0x2127, 0x2927, 0x2927, 0x2127,
  0x2127, 0x2127, 0x2127, 0x2127, 0x2127, 0x2127, 0x2127, 0x2127, 0x2127, 0x2126, 0x2106, 0x2106,
  0x2106, 0x2106, 0x2106, 0x2106, 0x2106, 0x2106, 0x2106, 0x2106, 0x2106, 0x2106, 0x2106, 0x1906,
  0x20e6, 0x18e6, 0x18e5, 0x18e5, 0x18e5, 0x10a4, 0x10a3, 0x630d, 0x18e5, 0x18e5, 0x10a3, 0x1083,
  0x630d, 0x18e5, 0x18e5, 0x10a3, 0x10a3, 0x630d, 0x18e5, 0x18e5, 0x18e5, 0x18e5, 0x18e6, 0x18e6,
  0x18e6, 0x20e6, 0x1906, 0x2106, 0x2106, 0x2106, 0x2106, 0x2106, 0x2106, 0x2106, 0x2106, 0x2106,
  0x2106, 0x2106, 0x2106, 0x2106, 0x2107, 0x2107, 0x2107, 0x2127, 0x2127, 0x2127, 0x2127, 0x2127,
  0x2127, 0x2127, 0x2127, 0x2127, 0x2127, 0x2927, 0x2927, 0x2927, 0x2927, 0x2947, 0x2948, 0x2948,
  0x2948, 0x2948, 0x2948, 0x2948, 0x2948, 0x2948, 0x2948, 0x2948, 0x2948, 0x2968, 0x2968, 0x2968,
  0x2968, 0x2968, 0x2968, 0x2968, 0x2968, 0x2968, 0x2969, 0x2969, 0x2969, 0x2969, 0x2969, 0x2969,
  0x2969, 0x3189, 0x3189, 0x3189, 0x3189, 0x3189, 0x3189, 0x3189, 0x3189, 0x3189, 0x3189, 0x3189,
  0x3189, 0x3189, 0x3189, 0x3189, 0x318a, 0x318a, 0x31aa, 0x318a, 0x31aa, 0x31aa, 0x31aa, 0x31aa,
  0x31aa, 0x31aa, 0x31aa, 0x31aa, 0x31aa, 0x31aa, 0x31aa, 0x31aa, 0x31aa, 0x31aa, 0x31aa, 0x31aa,
  0x31aa, 0x31aa, 0x31aa, 0x31aa, 0x31aa, 0x31aa, 0x39aa, 0x31aa, 0x39aa, 0x39ab, 0x39ab, 0x39ab,
  0x31cb, 0x39ab, 0x39ab, 0x39cb, 0x39cb, 0x39cb, 0x39cb, 0x39cb, 0x39cb, 0x39cb, 0x39cb, 0x39cb,
  0x39cb, 0x39cb, 0x39cb, 0x39cb, 0x39cb, 0x39cb, 0x39cb, 0x39cb, 0x39cb, 0x39cb, 0x39cb, 0x39cb,
  0x39cb, 0x39cb, 0x39cb, 0x39cb, 0x39cb, 0x39cb, 0x39cb, 0x39cb, 0x39cb, 0x39cb, 0x39cb, 0x39cb,
  0x39cb, 0x39cb, 0x39cb, 0x39cb, 0x39cb, 0x39cb, 0x39ab, 0x39ab, 0x31ab, 0x31cb, 0x31aa, 0x31cb,
  0x39aa, 0x31aa, 0x31aa, 0x31aa, 0x31aa, 0x31aa, 0x31aa, 0x31aa, 0x31aa, 0x31aa, 0x31aa, 0x31aa,
  0x31aa, 0x31aa, 0x31aa, 0x31aa, 0x31aa, 0x31aa, 0x31aa, 0x31aa, 0x31aa, 0x31aa, 0x318a, 0x31aa,
  0x318a, 0x318a, 0x3189, 0x3189, 0x3189, 0x3189, 0x3189, 0x3189, 0x3189, 0x3189, 0x3189, 0x3189,
  0x3189, 0x3189, 0x2989, 0x2989, 0x3169, 0x2969, 0x2969, 0x2969, 0x2969, 0x2969, 0x2969, 0x2968,
  0x2968, 0x2968, 0x2968, 0x2968, 0x2948, 0x2948, 0x2948, 0x2948, 0x2948, 0x2948, 0x2948, 0x2948,
  0x2948, 0x2948, 0x2948, 0x2948, 0x2948, 0x2947, 0x2927, 0x2927, 0x2927, 0x2927, 0x2927, 0x2127,
  0x2127, 0x2127, 0x2127, 0x2127, 0x2127, 0x2127, 0x2127, 0x2107, 0x2107, 0x2106, 0x2106, 0x2106,
  0x2106, 0x2106, 0x2106, 0x2106, 0x2106, 0x2106, 0x2106, 0x2106, 0x1906, 0x20e6, 0x18e6, 0x18e6,
  0x18e6, 0x18e6, 0x18e5, 0x18e5, 0x10a4, 0x10a3, 0x630d, 0x18e5, 0x18e5, 0x1083, 0x1083, 0x630d,
  0x18e5, 0x18e5, 0x10a3, 0x10a3, 0x10a3, 0x10a4, 0x10a4, 0x10a4, 0x10a4, 0x10a4, 0x10a4, 0x10a4,
  0x10a4, 0x10a4, 0x10a4, 0x10a4, 0x10a4, 0x10a4, 0x10a4, 0x18a4, 0x10c4, 0x18a4, 0x18c4, 0x18c4,
  0x18c4, 0x18c4, 0x18c4, 0x18c4, 0x18c4, 0x18c4, 0x18c4, 0x18c5, 0x18c5, 0x18c5, 0x18c5, 0x18c5,
  0x18c5, 0x18c5, 0x18c5, 0x18c5, 0x18c5, 0x18e5, 0x18e5, 0x18e5, 0x18e5, 0x18e5, 0x18e5, 0x18e5,
  0x18e5, 0x18e5, 0x18e5, 0x18e5, 0x18e5, 0x18e5, 0x18e5, 0x18e6, 0x18e5, 0x18e5, 0x18e6, 0x20e6,
  0x20e6, 0x20e6, 0x20e6, 0x18e6, 0x20e6, 0x2106, 0x2106, 0x2106, 0x2106, 0x2106, 0x2106, 0x2106,
  0x2106, 0x2106, 0x2106, 0x2106, 0x2106, 0x2106, 0x2106, 0x2106, 0x2106, 0x2106, 0x2106, 0x2106,
  0x2106, 0x2107, 0x2127, 0x2107, 0x2127, 0x2127, 0x2127, 0x2127, 0x2127, 0x2127, 0x2127, 0x2127,
  0x2127, 0x2127, 0x2127, 0x2127, 0x2127, 0x2127, 0x2127, 0x2127, 0x2127, 0x2127, 0x2127, 0x2127,
  0x2127, 0x2127, 0x2127, 0x2127, 0x2127, 0x2127, 0x2927, 0x2127, 0x2127, 0x2927, 0x2927, 0x2927,
  0x2927, 0x2127, 0x2147, 0x2927, 0x2127, 0x2927, 0x2127, 0x2927, 0x2927, 0x2947, 0x2947, 0x2947,
  0x2947, 0x2947, 0x2947, 0x2947, 0x2947, 0x2947, 0x2947, 0x2947, 0x2947, 0x2947, 0x2947, 0x2947,
  0x2947, 0x2947, 0x2947, 0x2947, 0x2927, 0x2927, 0x2947, 0x2947, 0x2927, 0x2927, 0x2927, 0x2127,
  0x2127, 0x2927, 0x2127, 0x2927, 0x2927, 0x2127, 0x2127, 0x2927, 0x2127, 0x2927, 0x2127, 0x2127,
  0x2127, 0x2127, 0x2127, 0x2127, 0x2127, 0x2127, 0x2127, 0x2127, 0x2127, 0x2127, 0x2127, 0x2127,
  0x2127, 0x2127, 0x2127, 0x2127, 0x2127, 0x2127, 0x2127, 0x2127, 0x2127, 0x2127, 0x2107, 0x2107,
  0x2127, 0x2107, 0x2107, 0x2106, 0x2106, 0x2106, 0x2106, 0x2106, 0x2106, 0x2106, 0x2106, 0x2106,
  0x2106, 0x2106, 0x2106, 0x2106, 0x2106, 0x2106, 0x2106, 0x2106, 0x2106, 0x18e6, 0x20e6, 0x20e6,
  0x20e6, 0x20e6, 0x18e6, 0x18e6, 0x18e5, 0x18e5, 0x18e5, 0x18e5, 0x18e5, 0x18e5, 0x18e5, 0x18e5,
  0x18e5, 0x18e5, 0x18e5, 0x18e5, 0x18e5, 0x18c5, 0x18e5, 0x18c5, 0x18c5, 0x18c5, 0x18c5, 0x18c5,
  0x18c5, 0x18c5, 0x18c5, 0x18c5, 0x18c5, 0x18c4, 0x18c4, 0x18c4, 0x18c4, 0x18c4, 0x18c4, 0x18c4,
  0x18c4, 0x18c4, 0x10c4, 0x10a4, 0x10a4, 0x10a4, 0x10a4, 0x10a4, 0x10a4, 0x10a4, 0x10a4, 0x10a4,
  0x10a4, 0x10a4, 0x10a4, 0x10a4, 0x10a3, 0x630d, 0x18e5, 0x18e5, 0x1083, 0x1083, 0x630d, 0x18e5,
  0x18e5, 0x10a3, 0x10a3, 0x10a3, 0x10a3, 0x10a4, 0x10a4, 0x10a4, 0x10a4, 0x10a4, 0x10a4, 0x10a4,
  0x10a4, 0x10a4, 0x10a4, 0x10a4, 0x10a4, 0x10a4, 0x10a4, 0x10c4, 0x18c4, 0x18c4, 0x18c4, 0x18c4,
  0x18c4, 0x18c4, 0x18c4, 0x18c4, 0x18c5, 0x18c5, 0x18c5, 0x18c5, 0x18c5, 0x18c5, 0x18c5, 0x18c5,
  0x18c5, 0x18c5, 0x18c5, 0x18c5, 0x18e5, 0x18e5, 0x18e5, 0x18e5, 0x18e5, 0x18e5, 0x18e5, 0x18e5,
  0x18e5, 0x18e5, 0x18e5, 0x18e5, 0x18e5, 0x18e5, 0x18e5, 0x18e6, 0x18e6, 0x20e6, 0x18e6, 0x18e6,
  0x18e6, 0x20e6, 0x18e6, 0x18e6, 0x2106, 0x2106, 0x2106, 0x2106, 0x2106, 0x2106, 0x2106, 0x2106,
  0x2106, 0x2106, 0x2106, 0x2106, 0x2106, 0x2106, 0x2106, 0x2106, 0x2106, 0x2106, 0x2106, 0x2107,
  0x2107, 0x2107, 0x2107, 0x2127, 0x2127, 0x2127, 0x2127, 0x2127, 0x2127, 0x2127, 0x2127, 0x2127,
  0x2127, 0x2127, 0x2127, 0x2127, 0x2127, 0x2127, 0x2127, 0x2127, 0x2127, 0x2127, 0x2127, 0x2127,
  0x2127, 0x2127, 0x2127, 0x2127, 0x2127, 0x2127, 0x2927, 0x2127, 0x2927, 0x2927, 0x2127, 0x2127,
  0x2127, 0x2127, 0x2927, 0x2927, 0x2147, 0x2127, 0x2927, 0x2927, 0x2927, 0x2147, 0x2927, 0x2947,
  0x2947, 0x2927, 0x2927, 0x2947, 0x2947, 0x2947, 0x2947, 0x2947, 0x2947, 0x2947, 0x2947, 0x2947,
  0x2927, 0x2947, 0x2147, 0x2947, 0x2947, 0x2927, 0x2947, 0x2927, 0x2927, 0x2927, 0x2147, 0x2127,
  0x2927, 0x2147, 0x2927, 0x2927, 0x2927, 0x2127, 0x2127, 0x2927, 0x2127, 0x2127, 0x2127, 0x2127,
  0x2127, 0x2127, 0x2127, 0x2127, 0x2127, 0x2127, 0x2127, 0x2127, 0x2127, 0x2127, 0x2127, 0x2127,
  0x2127, 0x2127, 0x2127, 0x2127, 0x2127, 0x2127, 0x2127, 0x2127, 0x2127, 0x2107, 0x2107, 0x2107,
  0x2106, 0x2126, 0x2106, 0x2106, 0x2106, 0x2106, 0x2106, 0x2106, 0x2106, 0x2106, 0x2106, 0x2106,
  0x2106, 0x2106, 0x2106, 0x2106, 0x2106, 0x2106, 0x2106, 0x18e6, 0x18e6, 0x20e6, 0x20e6, 0x20e6,
  0x20e6, 0x18e6, 0x18e5, 0x18e5, 0x18e5, 0x18e5, 0x18e5, 0x18e5, 0x18e5, 0x18e5, 0x18e5, 0x18e5,
  0x18e5, 0x18e5, 0x18e5, 0x18e5, 0x18e5, 0x18e5, 0x18c5, 0x18c5, 0x18c5, 0x18c5, 0x18c5, 0x18c5,
  0x18c5, 0x18c5, 0x18c5, 0x18c4, 0x18c4, 0x18c4, 0x18c4, 0x18c4, 0x18c4, 0x18c4, 0x18c4, 0x18a4,
  0x18c4, 0x10a4, 0x10a4, 0x10a4, 0x10a4, 0x10a4, 0x10a4, 0x10a4, 0x10a4, 0x10a4, 0x10a4, 0x10a4,
  0x10a4, 0x10a4, 0x10a3, 0x10a3, 0x630d, 0x18e5, 0x18e5, 0x1083, 0x1083, 0x630d, 0x18e5, 0x18e5,
  0x18e5, 0x630d, 0x630d, 0x630d, 0x630d, 0x630d, 0x630d, 0x630d, 0x630d, 0x630d, 0x630d, 0x630d,
  0x632e, 0x632e, 0x632e, 0x632e, 0x632e, 0x632e, 0x632e, 0x632e, 0x632e, 0x632e, 0x632e, 0x632e,
  0x632e, 0x632e, 0x632e, 0x632e, 0x632e, 0x632e, 0x6b4e, 0x632e, 0x6b4e, 0x6b4e, 0x6b4e, 0x6b4e,
  0x6b4f, 0x6b4f, 0x6b4f, 0x6b4f, 0x6b4f, 0x6b4f, 0x6b4f, 0x6b4f, 0x6b4f, 0x6b4f, 0x6b4f, 0x6b4f,
  0x6b4f, 0x6b4f, 0x6b4f, 0x6b4f, 0x6b4f, 0x6b4f, 0x6b4f, 0x6b6f, 0x6b6f, 0x6b6f, 0x6b6f, 0x6b6f,
  0x6b6f, 0x6b6f, 0x6b6f, 0x6b6f, 0x6b6f, 0x6b6f, 0x6b6f, 0x6b70, 0x6b70, 0x6b70, 0x6b70, 0x6b70,
  0x6b70, 0x6b70, 0x6b70, 0x6b70, 0x6b70, 0x6b70, 0x6b70, 0x6b70, 0x6b70, 0x6b70, 0x6b70, 0x7390,
  0x7390, 0x7390, 0x7390, 0x7390, 0x7390, 0x7390, 0x7390, 0x7390, 0x7390, 0x7390, 0x7390, 0x7390,
  0x7391, 0x7391, 0x7391, 0x7391, 0x7391, 0x7391, 0x7391, 0x7391, 0x7391, 0x7391, 0x7391, 0x7391,
  0x7391, 0x7391, 0x7391, 0x7391, 0x7391, 0x7391, 0x7391, 0x7391, 0x7391, 0x7391, 0x7391, 0x73b1,
  0x7391, 0x73b1, 0x73b1, 0x73b1, 0x73b1, 0x73b1, 0x73b1, 0x73b1, 0x73b1, 0x73b1, 0x73b1, 0x73b1,
  0x73b1, 0x73b1, 0x73b1, 0x73b1, 0x73b1, 0x73b1, 0x73b1, 0x73b1, 0x73b1, 0x73b1, 0x73b1, 0x73b1,
  0x73b1, 0x73b1, 0x73b1, 0x73b1, 0x73b1, 0x73b1, 0x73b1, 0x73b1, 0x73b1, 0x73b1, 0x73b1, 0x73b1,
  0x73b1, 0x7391, 0x7391, 0x7391, 0x7391, 0x7391, 0x7391, 0x7391, 0x7391, 0x7391, 0x7391, 0x7391,
  0x7391, 0x7391, 0x7391, 0x7391, 0x7391, 0x7391, 0x7391, 0x7391, 0x7391, 0x7391, 0x7391, 0x7390,
  0x7390, 0x7390, 0x7390, 0x7390, 0x7390, 0x7390, 0x7390, 0x7390, 0x7390, 0x7390, 0x7390, 0x7390,
  0x6b70, 0x6b70, 0x6b70, 0x6b70, 0x6b70, 0x6b70, 0x6b70, 0x6b70, 0x6b70, 0x6b70, 0x6b70, 0x6b70,
  0x6b70, 0x6b6f, 0x6b6f, 0x6b6f, 0x6b6f, 0x6b6f, 0x6b6f, 0x6b6f, 0x6b6f, 0x6b6f, 0x6b6f, 0x6b6f,
  0x6b4f, 0x6b4f, 0x6b4f, 0x6b4f, 0x6b4f, 0x6b4f, 0x6b4f, 0x6b4f, 0x6b4f, 0x6b4f, 0x6b4f, 0x6b4f,
  0x6b4f, 0x6b4f, 0x6b4f, 0x6b4f, 0x6b4f, 0x6b4f, 0x6b4e, 0x6b4e, 0x6b4e, 0x6b4e, 0x632e, 0x632e,
  0x632e, 0x632e, 0x632e, 0x632e, 0x632e, 0x632e, 0x632e, 0x632e, 0x632e, 0x632e, 0x632e, 0x632e,
  0x632e, 0x632e, 0x632e, 0x630d, 0x630d, 0x630d, 0x630d, 0x630d, 0x630d, 0x630d, 0x630d, 0x630d,
  0x630d, 0x630d, 0x630d, 0x630d, 0x18e5, 0x18e5, 0x1083, 0x1083, 0x630d, 0x18e5, 0x18e5, 0x18e5,
  0x18e5, 0x18e5, 0x18e5, 0x18e5, 0x18e5, 0x18e5, 0x18e6, 0x20e6, 0x1906, 0x2106, 0x2106, 0x2106,
  0x2106, 0x2106, 0x2106, 0x2106, 0x2106, 0x2106, 0x2106, 0x2106, 0x2106, 0x2106, 0x2106, 0x2107,
  0x2107, 0x2127, 0x2127, 0x2127, 0x2127, 0x2127, 0x2127, 0x2127, 0x2127, 0x2127, 0x2927, 0x2927,
  0x2927, 0x2147, 0x2147, 0x2947, 0x2947, 0x2947, 0x2948, 0x2948, 0x2948, 0x2948, 0x2948, 0x2948,
  0x2948, 0x2948, 0x2968, 0x2948, 0x2948, 0x2968, 0x2968, 0x2968, 0x2968, 0x2968, 0x2968, 0x2968,
  0x2968, 0x2969, 0x2969, 0x2969, 0x2969, 0x2969, 0x2969, 0x3169, 0x3189, 0x2989, 0x3189, 0x3189,
  0x3189, 0x3189, 0x3189, 0x3189, 0x3189, 0x3189, 0x3189, 0x3189, 0x318a, 0x318a, 0x318a, 0x318a,
  0x318a, 0x318a, 0x31aa, 0x31aa, 0x31aa, 0x31aa, 0x31aa, 0x31aa, 0x31aa, 0x31aa, 0x31aa, 0x31aa,
  0x31aa, 0x31aa, 0x31aa, 0x31aa, 0x31aa, 0x31aa, 0x31aa, 0x31aa, 0x31aa, 0x31aa, 0x31aa, 0x31aa,
  0x31aa, 0x31aa, 0x39ab, 0x39aa, 0x31cb, 0x39ab, 0x39ab, 0x39ab, 0x39cb, 0x39cb, 0x39cb, 0x39cb,
  0x39cb, 0x39cb, 0x39cb, 0x39cb, 0x39cb, 0x39cb, 0x39cb, 0x39cb, 0x39cb, 0x39cb, 0x39cb, 0x39cb,
  0x39cb, 0x39cb, 0x39cb, 0x39cb, 0x39cb, 0x39cb, 0x39cb, 0x39cb, 0x39cb, 0x39cb, 0x39cb, 0x39cb,
  0x39cb, 0x39cb, 0x39cb, 0x39cb, 0x39cb, 0x39cb, 0x39cb, 0x39cb, 0x39cb, 0x39cb, 0x39cb, 0x39cb,
  0x39cb, 0x39ab, 0x39ab, 0x39ab, 0x39ab, 0x39ab, 0x31aa, 0x39aa, 0x31aa, 0x31aa, 0x31aa, 0x31aa,
  0x31aa, 0x31aa, 0x31aa, 0x31aa, 0x31aa, 0x31aa, 0x31aa, 0x31aa, 0x31aa, 0x31aa, 0x31aa, 0x31aa,
  0x31aa, 0x31aa, 0x31aa, 0x318a, 0x31aa, 0x318a, 0x318a, 0x318a, 0x3189, 0x3189, 0x3189, 0x3189,
  0x3189, 0x3189, 0x3189, 0x3189, 0x3189, 0x3189, 0x3189, 0x3189, 0x3189, 0x3189, 0x3169, 0x2969,
  0x2969, 0x2969, 0x2969, 0x2969, 0x2969, 0x2968, 0x2968, 0x2968, 0x2968, 0x2968, 0x2968, 0x2968,
  0x2948, 0x2948, 0x2948, 0x2948, 0x2948, 0x2948, 0x2948, 0x2948, 0x2948, 0x2948, 0x2948, 0x2947,
  0x2947, 0x2927, 0x2927, 0x2927, 0x2927, 0x2927, 0x2127, 0x2127, 0x2127, 0x2127, 0x2127, 0x2127,
  0x2127, 0x2127, 0x2107, 0x2106, 0x2106, 0x2106, 0x2106, 0x2106, 0x2106, 0x2106, 0x2106, 0x2106,
  0x2106, 0x2106, 0x2106, 0x2106, 0x2106, 0x18e6, 0x18e6, 0x18e6, 0x18e5, 0x18e5, 0x18e5, 0x18e5,
  0x18e5, 0x18e5, 0x18e5, 0x18e5, 0x18e5, 0x1083, 0x1083, 0x630d, 0x18e5, 0x18e5, 0x18e5, 0x18e5,
  0x18e5, 0x18e5, 0x18e5, 0x18e5, 0x18e6, 0x18e6, 0x20e6, 0x2106, 0x20e6, 0x2106, 0x2106, 0x2106,
  0x2106, 0x2106, 0x2106, 0x2106, 0x2106, 0x2106, 0x2106, 0x2106, 0x2106, 0x2126, 0x2107, 0x2107,
  0x2127, 0x2127, 0x2127, 0x2127, 0x2127, 0x2127, 0x2127, 0x2127, 0x2927, 0x2127, 0x2927, 0x2147,
  0x2927, 0x2927, 0x2947, 0x2947, 0x2948, 0x2948, 0x2948, 0x2948, 0x2948, 0x2948, 0x2948, 0x2948,
  0x2948, 0x2948, 0x2948, 0x2948, 0x2968, 0x2968, 0x2968, 0x2968, 0x2968, 0x2968, 0x2968, 0x2969,
  0x2969, 0x2969, 0x2969, 0x2969, 0x2969, 0x3189, 0x3169, 0x2989, 0x3189, 0x3189, 0x3189, 0x3189,
  0x3189, 0x3189, 0x3189, 0x3189, 0x3189, 0x3189, 0x3189, 0x3189, 0x318a, 0x318a, 0x318a, 0x318a,
  0x318a, 0x31aa, 0x31aa, 0x31aa, 0x31aa, 0x31aa, 0x31aa, 0x31aa, 0x31aa, 0x31aa, 0x31aa, 0x31aa,
  0x31aa, 0x31aa, 0x31aa, 0x31aa, 0x31aa, 0x31aa, 0x31aa, 0x31aa, 0x31aa, 0x31aa, 0x31aa, 0x39aa,
  0x31ab, 0x31aa, 0x39ab, 0x31aa, 0x31ab, 0x31ab, 0x39ab, 0x39ab, 0x39cb, 0x39cb, 0x39cb, 0x39cb,
  0x39cb, 0x39cb, 0x39cb, 0x39cb, 0x39cb, 0x39cb, 0x39cb, 0x39cb, 0x39cb, 0x39cb, 0x39cb, 0x39cb,
  0x39cb, 0x39cb, 0x39cb, 0x39cb, 0x39cb, 0x39cb, 0x39cb, 0x39cb, 0x39cb, 0x39cb, 0x39cb, 0x39cb,
  0x39cb, 0x39cb, 0x39cb, 0x39cb, 0x39cb, 0x39cb, 0x39cb, 0x39cb, 0x39cb, 0x39cb, 0x39ab, 0x31cb,
  0x39ab, 0x31cb, 0x31aa, 0x31ab, 0x39ab, 0x31ab, 0x31aa, 0x31aa, 0x31aa, 0x31aa, 0x31aa, 0x31aa,
  0x31aa, 0x31aa, 0x31aa, 0x31aa, 0x31aa, 0x31aa, 0x31aa, 0x31aa, 0x31aa, 0x31aa, 0x31aa, 0x31aa,
  0x31aa, 0x318a, 0x31aa, 0x31aa, 0x318a, 0x318a, 0x318a, 0x318a, 0x318a, 0x3189, 0x3189, 0x3189,
  0x3189, 0x3189, 0x3189, 0x3189, 0x3189, 0x3189, 0x3189, 0x3189, 0x3169, 0x2969, 0x2969, 0x2969,
  0x2969, 0x2969, 0x2969, 0x2969, 0x2968, 0x2968, 0x2968, 0x2968, 0x2968, 0x2968, 0x2968, 0x2948,
  0x2948, 0x2948, 0x2948, 0x2948, 0x2948, 0x2948, 0x2948, 0x2948, 0x2948, 0x2948, 0x2947, 0x2927,
  0x2127, 0x2927, 0x2927, 0x2927, 0x2127, 0x2127, 0x2127, 0x2127, 0x2127, 0x2127, 0x2127, 0x2107,
  0x2107, 0x2107, 0x2126, 0x2106, 0x2106, 0x2106, 0x2106, 0x2106, 0x2106, 0x2106, 0x2106, 0x2106,
  0x2106, 0x2106, 0x2106, 0x20e6, 0x18e6, 0x18e6, 0x18e5, 0x18e5, 0x18e5, 0x18e5, 0x18e5, 0x18e5,
  0x18e5, 0x18e5, 0x18e5, 0x18e5, 0x1083, 0x1083, 0x10a3, 0x10a3, 0x10a3, 0x10a3, 0x10a4, 0x10a4,
  0x10a4, 0x10a4, 0x10a4, 0x10a4, 0x10a4, 0x10a4, 0x10a4, 0x10a4, 0x10a4, 0x10a4, 0x10a4, 0x10a4,
  0x10a4, 0x18c4, 0x18c4, 0x18c4, 0x18c4, 0x18c4, 0x18c4, 0x18c4, 0x18c4, 0x18c4, 0x18c5, 0x18c5,
  0x18c5, 0x18c5, 0x18c5, 0x18c5, 0x18c5, 0x18c5, 0x18c5, 0x18c5, 0x18c5, 0x18c5, 0x18c5, 0x18c5,
  0x18e5, 0x18e5, 0x18e5, 0x18e5, 0x18e5, 0x18e5, 0x18e5, 0x18e5, 0x18e5, 0x18e5, 0x18e5, 0x18e5,
  0x18e5, 0x18e5, 0x18e6, 0x18e6, 0x18e6, 0x20e6, 0x18e6, 0x18e6, 0x18e6, 0x20e6, 0x20e6, 0x2106,
  0x2106, 0x2106, 0x2106, 0x2106, 0x2106, 0x2106, 0x2106, 0x2106, 0x2106, 0x2106, 0x2106, 0x2106,
  0x2106, 0x2106, 0x2106, 0x2106, 0x2106, 0x2106, 0x2106, 0x2107, 0x2107, 0x2107, 0x2127, 0x2127,
  0x2127, 0x2127, 0x2127, 0x2127, 0x2127, 0x2127, 0x2127, 0x2127, 0x2127, 0x2127, 0x2127, 0x2127,
  0x2127, 0x2127, 0x2127, 0x2127, 0x2127, 0x2127, 0x2127, 0x2127, 0x2127, 0x2127, 0x2927, 0x2127,
  0x2127, 0x2127, 0x2127, 0x2927, 0x2927, 0x2927, 0x2927, 0x2927, 0x2147, 0x2127, 0x2127, 0x2927,
  0x2147, 0x2927, 0x2127, 0x2927, 0x2927, 0x2947, 0x2927, 0x2127, 0x2947, 0x2927, 0x2927, 0x2947,
  0x2947, 0x2947, 0x2947, 0x2927, 0x2947, 0x2947, 0x2947, 0x2947, 0x2927, 0x2947, 0x2947, 0x2927,
  0x2947, 0x2127, 0x2147, 0x2127, 0x2127, 0x2927, 0x2127, 0x2927, 0x2927, 0x2927, 0x2127, 0x2927,
  0x2927, 0x2127, 0x2127, 0x2127, 0x2127, 0x2127, 0x2127, 0x2127, 0x2127, 0x2127, 0x2127, 0x2127,
  0x2127, 0x2127, 0x2127, 0x2127, 0x2127, 0x2127, 0x2127, 0x2127, 0x2127, 0x2127, 0x2127, 0x2127,
  0x2127, 0x2127, 0x2127, 0x2107, 0x2107, 0x2107, 0x2126, 0x2126, 0x2106, 0x2107, 0x2106, 0x2106,
  0x2106, 0x2106, 0x2106, 0x2106, 0x2106, 0x2106, 0x2106, 0x2106, 0x2106, 0x2106, 0x2106, 0x2106,
  0x2106, 0x2106, 0x2106, 0x18e6, 0x20e6, 0x20e6, 0x20e6, 0x18e6, 0x18e6, 0x18e6, 0x18e5, 0x18e5,
  0x18e5, 0x18e5, 0x18e5, 0x18e5, 0x18e5, 0x18e5, 0x18e5, 0x18e5, 0x18e5, 0x18e5, 0x18e5, 0x18c5,
  0x18e5, 0x18c5, 0x18c5, 0x18c5, 0x18c5, 0x18c5, 0x18c5, 0x18c5, 0x18c5, 0x18c5, 0x18c5, 0x18c4,
  0x18c4, 0x18c4, 0x18c4, 0x18c4, 0x18c4, 0x18c4, 0x10c4, 0x10a4, 0x10a4, 0x10a4, 0x10a4, 0x10a4,
  0x10a4, 0x10a4, 0x10a4, 0x10a4, 0x10a4, 0x10a4, 0x10a4, 0x10a4, 0x10a4, 0x10a3, 0x10a3, 0x10a3,
  0x10a3, 0x1083, 0x1083, 0x1083,
};

// SKIN_CBUTTONS: 136x36, 9792 bytes RGB565 LE
const uint16_t SKIN_CBUTTONS[4896] = {
  0xadb8, 0xadb8, 0xadb8, 0xadb8, 0xadb8, 0xadb8, 0xadb8, 0xadb8, 0xadb8, 0xadb8, 0xadb8, 0xadb8,
  0xadb8, 0xadb8, 0xadb8, 0xadb8, 0xadb8, 0xadb8, 0xadb8, 0xadb8, 0xadb8, 0x84b4, 0x2127, 0xadb8,
  0xadb8, 0xadb8, 0xadb8, 0xadb8, 0xadb8, 0xadb8, 0xadb8, 0xadb8, 0xadb8, 0xadb8, 0xadb8, 0xadb8,
  0xadb8, 0xadb8, 0xadb8, 0xadb8, 0xadb8, 0xadb8, 0xadb8, 0xadb8, 0x84b4, 0x2948, 0xadb8, 0xadb8,
  0xadb8, 0xadb8, 0xadb8, 0xadb8, 0xadb8, 0xadb8, 0xadb8, 0xadb8, 0xadb8, 0xadb8, 0xadb8, 0xadb8,
  0xadb8, 0xadb8, 0xadb8, 0xadb8, 0xadb8, 0xadb8, 0xadb8, 0x84b4, 0x3189, 0xadb8, 0xadb8, 0xadb8,
  0xadb8, 0xadb8, 0xadb8, 0xadb8, 0xadb8, 0xadb8, 0xadb8, 0xadb8, 0xadb8, 0xadb8, 0xadb8, 0xadb8,
  0xadb8, 0xadb8, 0xadb8, 0xadb8, 0xadb8, 0xadb8, 0x84b4, 0x31aa, 0xadb8, 0xadb8, 0xadb8, 0xadb8,
  0xadb8, 0xadb8, 0xadb8, 0xadb8, 0xadb8, 0xadb8, 0xadb8, 0xadb8, 0xadb8, 0xadb8, 0xadb8, 0xadb8,
  0xadb8, 0xadb8, 0xadb8, 0xadb8, 0xadb8, 0x84b4, 0xadb8, 0xadb8, 0xadb8, 0xadb8, 0xadb8, 0xadb8,
  0xadb8, 0xadb8, 0xadb8, 0xadb8, 0xadb8, 0xadb8, 0xadb8, 0xadb8, 0xadb8, 0xadb8, 0xadb8, 0xadb8,
  0xadb8, 0xadb8, 0xadb8, 0x84b4, 0xadb8, 0xefff, 0xefff, 0xefff, 0xefff, 0xefff, 0xefff, 0xefff,
  0xefff, 0xefff, 0xefff, 0xefff, 0xefff, 0xefff, 0xefff, 0xefff, 0xefff, 0xefff, 0xefff, 0xefff,
  0xadb8, 0x530e, 0x2107, 0xadb8, 0xefff, 0xefff, 0xefff, 0xefff, 0xefff, 0xefff, 0xefff, 0xefff,
  0xefff, 0xefff, 0xefff, 0xefff, 0xefff, 0xefff, 0xefff, 0xefff, 0xefff, 0xefff, 0xefff, 0xadb8,
  0x530e, 0x2948, 0xadb8, 0xefff, 0xefff, 0xefff, 0xefff, 0xefff, 0xefff, 0xefff, 0xefff, 0xefff,
  0xefff, 0xefff, 0xefff, 0xefff, 0xefff, 0xefff, 0xefff, 0xefff, 0xefff, 0xefff, 0xadb8, 0x530e,
  0x3169, 0xadb8, 0xefff, 0xefff, 0xefff, 0xefff, 0xefff, 0xefff, 0xefff, 0xefff, 0xefff, 0xefff,
  0xefff, 0xefff, 0xefff, 0xefff, 0xefff, 0xefff, 0xefff, 0xefff, 0xefff, 0xadb8, 0x530e, 0x31aa,
  0xadb8, 0xefff, 0xefff, 0xefff, 0xefff, 0xefff, 0xefff, 0xefff, 0xefff, 0xefff, 0xefff, 0xefff,
  0xefff, 0xefff, 0xefff, 0xefff, 0xefff, 0xefff, 0xefff, 0xefff, 0xadb8, 0x530e, 0xadb8, 0xefff,
  0xefff, 0xefff, 0xefff, 0xefff, 0xefff, 0xefff, 0xefff, 0xefff, 0xefff, 0xefff, 0xefff, 0xefff,
  0xefff, 0xefff, 0xefff, 0xefff, 0xefff, 0xefff, 0xadb8, 0x530e, 0xadb8, 0xefff, 0xbe7a, 0xbe7a,
  0xbe7a, 0xbe7a, 0xbe7a, 0xbe7a, 0xbe7a, 0xbe7a, 0xbe7a, 0xbe7a, 0xbe7a, 0xbe7a, 0xbe7a, 0xbe7a,
  0xbe7a, 0xbe7a, 0xbe7a, 0xadb8, 0x84b4, 0x4acd, 0x2127, 0xadb8, 0xefff, 0xbe7a, 0xbe7a, 0xbe7a,
  0xbe7a, 0xbe7a, 0xbe7a, 0xbe7a, 0xbe7a, 0xbe7a, 0xbe7a, 0xbe7a, 0xbe7a, 0xbe7a, 0xbe7a, 0xbe7a,
  0xbe7a, 0xbe7a, 0xadb8, 0x84b4, 0x4acd, 0x2948, 0xadb8, 0xefff, 0xbe7a, 0xbe7a, 0xbe7a, 0xbe7a,
  0xbe7a, 0xbe7a, 0xbe7a, 0xbe7a, 0xbe7a, 0xbe7a, 0xbe7a, 0xbe7a, 0xbe7a, 0xbe7a, 0xbe7a, 0xbe7a,
  0xbe7a, 0xadb8, 0x84b4, 0x4acd, 0x3189, 0xadb8, 0xefff, 0xbe7a, 0xbe7a, 0xbe7a, 0xbe7a, 0xbe7a,
  0xbe7a, 0xbe7a, 0xbe7a, 0xbe7a, 0xbe7a, 0xbe7a, 0xbe7a, 0xbe7a, 0xbe7a, 0xbe7a, 0xbe7a, 0xbe7a,
  0xadb8, 0x84b4, 0x4acd, 0x31aa, 0xadb8, 0xefff, 0xbe7a, 0xbe7a, 0xbe7a, 0xbe7a, 0xbe7a, 0xbe7a,
  0xbe7a, 0xbe7a, 0xbe7a, 0xbe7a, 0xbe7a, 0xbe7a, 0xbe7a, 0xbe7a, 0xbe7a, 0xbe7a, 0xbe7a, 0xadb8,
  0x84b4, 0x4acd, 0xadb8, 0xefff, 0xbe7a, 0xbe7a, 0xbe7a, 0xbe7a, 0xbe7a, 0xbe7a, 0xbe7a, 0xbe7a,
  0xbe7a, 0xbe7a, 0xbe7a, 0xbe7a, 0xbe7a, 0xbe7a, 0xbe7a, 0xbe7a, 0xbe7a, 0xadb8, 0x7c32, 0x4acd,
  0xadb8, 0xefff, 0xbe7a, 0xbe7a, 0xbe7a, 0xbe7a, 0xbe7a, 0xbe7a, 0xbe7a, 0xbe7a, 0xbe7a, 0xbe7a,
  0xbe7a, 0xbe7a, 0xbe7a, 0xbe7a, 0xbe7a, 0xbe7a, 0xbe7a, 0xadb8, 0x84b4, 0x4acd, 0x2127, 0xadb8,
  0xefff, 0xbe7a, 0xbe7a, 0xbe7a, 0xbe7a, 0xbe7a, 0xbe7a, 0xbe7a, 0xbe7a, 0xbe7a, 0xbe7a, 0xbe7a,
  0xbe7a, 0xbe7a, 0xbe7a, 0xbe7a, 0xbe7a, 0xbe7a, 0xadb8, 0x84b4, 0x4acd, 0x2948, 0xadb8, 0xefff,
  0xbe7a, 0xbe7a, 0xbe7a, 0xbe7a, 0xbe7a, 0xbe7a, 0xbe7a, 0xbe7a, 0xbe7a, 0xbe7a, 0xbe7a, 0xbe7a,
  0xbe7a, 0xbe7a, 0xbe7a, 0xbe7a, 0xbe7a, 0xadb8, 0x84b4, 0x4acd, 0x3189, 0xadb8, 0xefff, 0xbe7a,
  0xbe7a, 0xbe7a, 0xbe7a, 0xbe7a, 0xbe7a, 0xbe7a, 0xbe7a, 0xbe7a, 0xbe7a, 0xbe7a, 0xbe7a, 0xbe7a,
  0xbe7a, 0xbe7a, 0xbe7a, 0xbe7a, 0xadb8, 0x84b4, 0x4acd, 0x31aa, 0xadb8, 0xefff, 0xbe7a, 0xbe7a,
  0xbe7a, 0xbe7a, 0xbe7a, 0xbe7a, 0xbe7a, 0xbe7a, 0xbe7a, 0xbe7a, 0xbe7a, 0xbe7a, 0xbe7a, 0xbe7a,
  0xbe7a, 0xbe7a, 0xbe7a, 0xadb8, 0x84b4, 0x4acd, 0xadb8, 0xefff, 0xbe7a, 0xbe7a, 0xbe7a, 0xbe7a,
  0xbe7a, 0xbe7a, 0xbe7a, 0xbe7a, 0x4acd, 0xbe7a, 0xbe7a, 0xbe7a, 0xbe7a, 0xbe7a, 0xbe7a, 0xbe7a,
  0xbe7a, 0xadb8, 0x7c32, 0x4acd, 0xadb8, 0xefff, 0xbe7a, 0xbe7a, 0xbe7a, 0xbe7a, 0x4acd, 0x4acd,
  0x4acd, 0xbe7a, 0xbe7a, 0xbe7a, 0xbe7a, 0xbe7a, 0x4acd, 0x4acd, 0xbe7a, 0xbe7a, 0xbe7a, 0xadb8,
  0x7c32, 0x4acd, 0x2107, 0xadb8, 0xefff, 0xbe7a, 0xbe7a, 0xbe7a, 0xbe7a, 0x4acd, 0x4acd, 0xbe7a,
  0xbe7a, 0xbe7a, 0xbe7a, 0xbe7a, 0xbe7a, 0xbe7a, 0xbe7a, 0xbe7a, 0xbe7a, 0xbe7a, 0xadb8, 0x7c32,
  0x4acd, 0x2948, 0xadb8, 0xefff, 0xbe7a, 0xbe7a, 0xbe7a, 0x4acd, 0x4acd, 0x4acd, 0x4acd, 0xbe7a,
  0xbe7a, 0xbe7a, 0x4acd, 0x4acd, 0x4acd, 0x4acd, 0xbe7a, 0xbe7a, 0xbe7a, 0xadb8, 0x7c32, 0x4acd,
  0x3169, 0xadb8, 0xefff, 0xbe7a, 0xbe7a, 0xbe7a, 0xbe7a, 0x4acd, 0x4acd, 0x4acd, 0x4acd, 0x4acd,
  0x4acd, 0x4acd, 0x4acd, 0x4acd, 0x4acd, 0xbe7a, 0xbe7a, 0xbe7a, 0xadb8, 0x7c32, 0x4acd, 0x31aa,
  0xadb8, 0xefff, 0xbe7a, 0xbe7a, 0xbe7a, 0xbe7a, 0x4acd, 0x4acd, 0xbe7a, 0xbe7a, 0xbe7a, 0xbe7a,
  0xbe7a, 0x4acd, 0x4acd, 0x4acd, 0xbe7a, 0xbe7a, 0xbe7a, 0xadb8, 0x7c32, 0x4acd, 0xadb8, 0xefff,
  0xbe7a, 0xbe7a, 0xbe7a, 0xbe7a, 0xbe7a, 0xbe7a, 0xbe7a, 0x4acd, 0x9557, 0x4acd, 0xbe7a, 0xbe7a,
  0xbe7a, 0xbe7a, 0xbe7a, 0xbe7a, 0xbe7a, 0xadb8, 0x7c32, 0x4acd, 0xadb8, 0xefff, 0xbe7a, 0xbe7a,
  0xbe7a, 0xbe7a, 0x4acd, 0x9557, 0xefff, 0xbe7a, 0xbe7a, 0xbe7a, 0xbe7a, 0x4acd, 0x9557, 0xefff,
  0xbe7a, 0xbe7a, 0xbe7a, 0xadb8, 0x7c32, 0x4acd, 0x2127, 0xadb8, 0xefff, 0xbe7a, 0xbe7a, 0xbe7a,
  0xbe7a, 0x4acd, 0x9557, 0x4acd, 0x4acd, 0xbe7a, 0xbe7a, 0xbe7a, 0xbe7a, 0xbe7a, 0xbe7a, 0xbe7a,
  0xbe7a, 0xbe7a, 0xadb8, 0x7c32, 0x4acd, 0x2948, 0xadb8, 0xefff, 0xbe7a, 0xbe7a, 0xbe7a, 0x4acd,
  0x9557, 0x9557, 0xefff, 0xbe7a, 0xbe7a, 0xbe7a, 0x4acd, 0x9557, 0x9557, 0xefff, 0xbe7a, 0xbe7a,
  0xbe7a, 0xadb8, 0x7c32, 0x4acd, 0x3189, 0xadb8, 0xefff, 0xbe7a, 0xbe7a, 0xbe7a, 0xbe7a, 0x4acd,
  0x9557, 0x9557, 0x9557, 0x9557, 0x9557, 0x9557, 0x9557, 0x9557, 0xefff, 0xbe7a, 0xbe7a, 0xbe7a,
  0xadb8, 0x7c32, 0x4acd, 0x31aa, 0xadb8, 0xefff, 0xbe7a, 0xbe7a, 0xbe7a, 0xbe7a, 0x4acd, 0x9557,
  0x4acd, 0xbe7a, 0xbe7a, 0xbe7a, 0xbe7a, 0x4acd, 0x9557, 0xefff, 0xbe7a, 0xbe7a, 0xbe7a, 0xadb8,
  0x7c32, 0x4acd, 0xadb8, 0xefff, 0xbe7a, 0xbe7a, 0xbe7a, 0xbe7a, 0xbe7a, 0xbe7a, 0x4acd, 0x9557,
  0x9557, 0x9557, 0x4acd, 0xbe7a, 0xbe7a, 0xbe7a, 0xbe7a, 0xbe7a, 0xbe7a, 0xadb8, 0x7c32, 0x4acd,
  0xadb8, 0xefff, 0xbe7a, 0xbe7a, 0xbe7a, 0xbe7a, 0x4acd, 0x9557, 0xefff, 0xbe7a, 0xbe7a, 0xbe7a,
  0x4acd, 0x9557, 0x9557, 0xefff, 0xbe7a, 0xbe7a, 0xbe7a, 0xadb8, 0x7c32, 0x4acd, 0x2127, 0xadb8,
  0xefff, 0xbe7a, 0xbe7a, 0xbe7a, 0xbe7a, 0x4acd, 0x9557, 0x9557, 0x9557, 0x4acd, 0x4acd, 0xbe7a,
  0xbe7a, 0xbe7a, 0xbe7a, 0xbe7a, 0xbe7a, 0xbe7a, 0xadb8, 0x7c32, 0x4acd, 0x2948, 0xadb8, 0xefff,
  0xbe7a, 0xbe7a, 0xbe7a, 0x4acd, 0x9557, 0x9557, 0xefff, 0xbe7a, 0xbe7a, 0xbe7a, 0x4acd, 0x9557,
  0x9557, 0xefff, 0xbe7a, 0xbe7a, 0xbe7a, 0xadb8, 0x7c32, 0x4acd, 0x3189, 0xadb8, 0xefff, 0xbe7a,
  0xbe7a, 0xbe7a, 0xbe7a, 0x4acd, 0x9557, 0x9557, 0x9557, 0x9557, 0x9557, 0x9557, 0x9557, 0x9557,
  0xefff, 0xbe7a, 0xbe7a, 0xbe7a, 0xadb8, 0x7c32, 0x4acd, 0x31aa, 0xadb8, 0xefff, 0xbe7a, 0xbe7a,
  0xbe7a, 0xbe7a, 0x4acd, 0x9557, 0x9557, 0x4acd, 0xbe7a, 0xbe7a, 0xbe7a, 0x4acd, 0x9557, 0xefff,
  0xbe7a, 0xbe7a, 0xbe7a, 0xadb8, 0x7c32, 0x4acd, 0xadb8, 0xefff, 0xbe7a, 0xbe7a, 0xbe7a, 0xbe7a,
  0xbe7a, 0x4acd, 0x9557, 0x9557, 0x9557, 0x9557, 0x9557, 0x4acd, 0xbe7a, 0xbe7a, 0xbe7a, 0xbe7a,
  0xbe7a, 0xadb8, 0x7c32, 0x4acd, 0xadb8, 0xefff, 0xbe7a, 0xbe7a, 0xbe7a, 0xbe7a, 0x4acd, 0x9557,
  0xefff, 0xbe7a, 0xbe7a, 0x4acd, 0x9557, 0x9557, 0x9557, 0xefff, 0xbe7a, 0xbe7a, 0xbe7a, 0xadb8,
  0x7c32, 0x4acd, 0x2127, 0xadb8, 0xefff, 0xbe7a, 0xbe7a, 0xbe7a, 0xbe7a, 0x4acd, 0x9557, 0x9557,
  0x9557, 0x9557, 0x9557, 0x4acd, 0x4acd, 0xbe7a, 0xbe7a, 0xbe7a, 0xbe7a, 0xbe7a, 0xadb8, 0x7c32,
  0x4acd, 0x2948, 0xadb8, 0xefff, 0xbe7a, 0xbe7a, 0xbe7a, 0x4acd, 0x9557, 0x9557, 0xefff, 0xbe7a,
  0xbe7a, 0xbe7a, 0x4acd, 0x9557, 0x9557, 0xefff, 0xbe7a, 0xbe7a, 0xbe7a, 0xadb8, 0x7c32, 0x4acd,
  0x3189, 0xadb8, 0xefff, 0xbe7a, 0xbe7a, 0xbe7a, 0xbe7a, 0x4acd, 0x9557, 0x9557, 0x9557, 0x9557,
  0x9557, 0x9557, 0x9557, 0x9557, 0xefff, 0xbe7a, 0xbe7a, 0xbe7a, 0xadb8, 0x7c32, 0x4acd, 0x31aa,
  0xadb8, 0xefff, 0xbe7a, 0xbe7a, 0xbe7a, 0xbe7a, 0x4acd, 0x9557, 0x9557, 0x9557, 0x4acd, 0xbe7a,
  0xbe7a, 0x4acd, 0x9557, 0xefff, 0xbe7a, 0xbe7a, 0xbe7a, 0xadb8, 0x7c32, 0x4acd, 0xadb8, 0xefff,
  0xbe7a, 0xbe7a, 0xbe7a, 0xbe7a, 0x4acd, 0x9557, 0x9557, 0x9557, 0x9557, 0x9557, 0x9557, 0x9557,
  0x4acd, 0xbe7a, 0xbe7a, 0xbe7a, 0xbe7a, 0xadb8, 0x7c32, 0x4acd, 0xadb8, 0xefff, 0xbe7a, 0xbe7a,
  0xbe7a, 0xbe7a, 0x4acd, 0x9557, 0xefff, 0xbe7a, 0x4acd, 0x9557, 0x9557, 0x9557, 0x9557, 0xefff,
  0xbe7a, 0xbe7a, 0xbe7a, 0xadb8, 0x7c32, 0x4acd, 0x2127, 0xadb8, 0xefff, 0xbe7a, 0xbe7a, 0xbe7a,
  0xbe7a, 0x4acd, 0x9557, 0x9557, 0x9557, 0x9557, 0x9557, 0x9557, 0x9557, 0x4acd, 0x4acd, 0xbe7a,
  0xbe7a, 0xbe7a, 0xadb8, 0x7c32, 0x4acd, 0x2948, 0xadb8, 0xefff, 0xbe7a, 0xbe7a, 0xbe7a, 0x4acd,
  0x9557, 0x9557, 0xefff, 0xbe7a, 0xbe7a, 0xbe7a, 0x4acd, 0x9557, 0x9557, 0xefff, 0xbe7a, 0xbe7a,
  0xbe7a, 0xadb8, 0x7c32, 0x4acd, 0x3169, 0xadb8, 0xefff, 0xbe7a, 0xbe7a, 0xbe7a, 0xbe7a, 0x4acd,
  0x9557, 0x9557, 0x9557, 0x9557, 0x9557, 0x9557, 0x9557, 0x9557, 0xefff, 0xbe7a, 0xbe7a, 0xbe7a,
  0xadb8, 0x7c32, 0x4acd, 0x31aa, 0xadb8, 0xefff, 0xbe7a, 0xbe7a, 0xbe7a, 0xbe7a, 0x4acd, 0x9557,
  0x9557, 0x9557, 0x9557, 0x4acd, 0xbe7a, 0x4acd, 0x9557, 0xefff, 0xbe7a, 0xbe7a, 0xbe7a, 0xadb8,
  0x7c32, 0x4acd, 0xadb8, 0xefff, 0xbe7a, 0xbe7a, 0xbe7a, 0xefff, 0xefff, 0xefff, 0xefff, 0xefff,
  0xefff, 0xefff, 0xefff, 0xefff, 0xefff, 0xefff, 0xbe7a, 0xbe7a, 0xbe7a, 0xadb8, 0x7c32, 0x4acd,
  0xadb8, 0xefff, 0xbe7a, 0xbe7a, 0xbe7a, 0xbe7a, 0x4acd, 0x9557, 0xefff, 0xbe7a, 0xefff, 0x9557,
  0x9557, 0x9557, 0x9557, 0xefff, 0xbe7a, 0xbe7a, 0xbe7a, 0xadb8, 0x7c32, 0x4acd, 0x2127, 0xadb8,
  0xefff, 0xbe7a, 0xbe7a, 0xbe7a, 0xbe7a, 0x4acd, 0x9557, 0x9557, 0x9557, 0x9557, 0x9557, 0x9557,
  0x9557, 0xefff, 0xefff, 0xbe7a, 0xbe7a, 0xbe7a, 0xadb8, 0x7c32, 0x4acd, 0x2948, 0xadb8, 0xefff,
  0xbe7a, 0xbe7a, 0xbe7a, 0x4acd, 0x9557, 0x9557, 0xefff, 0xbe7a, 0xbe7a, 0xbe7a, 0x4acd, 0x9557,
  0x9557, 0xefff, 0xbe7a, 0xbe7a, 0xbe7a, 0xadb8, 0x7c32, 0x4acd, 0x3189, 0xadb8, 0xefff, 0xbe7a,
  0xbe7a, 0xbe7a, 0xbe7a, 0x4acd, 0x9557, 0x9557, 0x9557, 0x9557, 0x9557, 0x9557, 0x9557, 0x9557,
  0xefff, 0xbe7a, 0xbe7a, 0xbe7a, 0xadb8, 0x7c32, 0x4acd, 0x31aa, 0xadb8, 0xefff, 0xbe7a, 0xbe7a,
  0xbe7a, 0xbe7a, 0x4acd, 0x9557, 0x9557, 0x9557, 0x9557, 0xefff, 0xbe7a, 0x4acd, 0x9557, 0xefff,
  0xbe7a, 0xbe7a, 0xbe7a, 0xadb8, 0x7c32, 0x4acd, 0xadb8, 0xefff, 0xbe7a, 0xbe7a, 0xbe7a, 0xbe7a,
  0xbe7a, 0xbe7a, 0xbe7a, 0xbe7a, 0xbe7a, 0xbe7a, 0xbe7a, 0xbe7a, 0xbe7a, 0xbe7a, 0xbe7a, 0xbe7a,
  0xbe7a, 0xadb8, 0x7c32, 0x4acd, 0xadb8, 0xefff, 0xbe7a, 0xbe7a, 0xbe7a, 0xbe7a, 0x4acd, 0x9557,
  0xefff, 0xbe7a, 0xbe7a, 0xefff, 0x9557, 0x9557, 0x9557, 0xefff, 0xbe7a, 0xbe7a, 0xbe7a, 0xadb8,
  0x7c32, 0x4acd, 0x2127, 0xadb8, 0xefff, 0xbe7a, 0xbe7a, 0xbe7a, 0xbe7a, 0x4acd, 0x9557, 0x9557,
  0x9557, 0x9557, 0x9557, 0xefff, 0xefff, 0xbe7a, 0xbe7a, 0xbe7a, 0xbe7a, 0xbe7a, 0xadb8, 0x7c32,
  0x4acd, 0x2948, 0xadb8, 0xefff, 0xbe7a, 0xbe7a, 0xbe7a, 0x4acd, 0x9557, 0x9557, 0xefff, 0xbe7a,
  0xbe7a, 0xbe7a, 0x4acd, 0x9557, 0x9557, 0xefff, 0xbe7a, 0xbe7a, 0xbe7a, 0xadb8, 0x7c32, 0x4acd,
  0x3189, 0xadb8, 0xefff, 0xbe7a, 0xbe7a, 0xbe7a, 0xbe7a, 0x4acd, 0x9557, 0x9557, 0x9557, 0x9557,
  0x9557, 0x9557, 0x9557, 0x9557, 0xefff, 0xbe7a, 0xbe7a, 0xbe7a, 0xadb8, 0x7c32, 0x4acd, 0x31aa,
  0xadb8, 0xefff, 0xbe7a, 0xbe7a, 0xbe7a, 0xbe7a, 0x4acd, 0x9557, 0x9557, 0x9557, 0xefff, 0xbe7a,
  0xbe7a, 0x4acd, 0x9557, 0xefff, 0xbe7a, 0xbe7a, 0xbe7a, 0xadb8, 0x7c32, 0x4acd, 0xadb8, 0xefff,
  0xbe7a, 0xbe7a, 0xbe7a, 0x4acd, 0x4acd, 0x4acd, 0x4acd, 0x4acd, 0x4acd, 0x4acd, 0x4acd, 0x4acd,
  0x4acd, 0x4acd, 0xbe7a, 0xbe7a, 0xbe7a, 0xadb8, 0x7c32, 0x4acd, 0xadb8, 0xefff, 0xbe7a, 0xbe7a,
  0xbe7a, 0xbe7a, 0x4acd, 0x9557, 0xefff, 0xbe7a, 0xbe7a, 0xbe7a, 0xefff, 0x9557, 0x9557, 0xefff,
  0xbe7a, 0xbe7a, 0xbe7a, 0xadb8, 0x7c32, 0x4acd, 0x2127, 0xadb8, 0xefff, 0xbe7a, 0xbe7a, 0xbe7a,
  0xbe7a, 0x4acd, 0x9557, 0x9557, 0x9557, 0xefff, 0xefff, 0xbe7a, 0xbe7a, 0xbe7a, 0xbe7a, 0xbe7a,
  0xbe7a, 0xbe7a, 0xadb8, 0x7c32, 0x4acd, 0x2948, 0xadb8, 0xefff, 0xbe7a, 0xbe7a, 0xbe7a, 0x4acd,
  0x9557, 0x9557, 0xefff, 0xbe7a, 0xbe7a, 0xbe7a, 0x4acd, 0x9557, 0x9557, 0xefff, 0xbe7a, 0xbe7a,
  0xbe7a, 0xadb8, 0x7c32, 0x4acd, 0x3189, 0xadb8, 0xefff, 0xbe7a, 0xbe7a, 0xbe7a, 0xbe7a, 0x4acd,
  0x9557, 0x9557, 0x9557, 0x9557, 0x9557, 0x9557, 0x9557, 0x9557, 0xefff, 0xbe7a, 0xbe7a, 0xbe7a,
  0xadb8, 0x7c32, 0x4acd, 0x31aa, 0xadb8, 0xefff, 0xbe7a, 0xbe7a, 0xbe7a, 0xbe7a, 0x4acd, 0x9557,
  0x9557, 0xefff, 0xbe7a, 0xbe7a, 0xbe7a, 0x4acd, 0x9557, 0xefff, 0xbe7a, 0xbe7a, 0xbe7a, 0xadb8,
  0x7c32, 0x4acd, 0xadb8, 0xefff, 0xbe7a, 0xbe7a, 0xbe7a, 0x4acd, 0x9557, 0x9557, 0x9557, 0x9557,
  0x9557, 0x9557, 0x9557, 0x9557, 0x9557, 0xefff, 0xbe7a, 0xbe7a, 0xbe7a, 0xadb8, 0x7c32, 0x4acd,
  0xadb8, 0xefff, 0xbe7a, 0xbe7a, 0xbe7a, 0xbe7a, 0x4acd, 0x9557, 0xefff, 0xbe7a, 0xbe7a, 0xbe7a,
  0xbe7a, 0xefff, 0x9557, 0xefff, 0xbe7a, 0xbe7a, 0xbe7a, 0xadb8, 0x7c32, 0x4acd, 0x2127, 0xadb8,
  0xefff, 0xbe7a, 0xbe7a, 0xbe7a, 0xbe7a, 0x4acd, 0x9557, 0xefff, 0xefff, 0xbe7a, 0xbe7a, 0xbe7a,
  0xbe7a, 0xbe7a, 0xbe7a, 0xbe7a, 0xbe7a, 0xbe7a, 0xadb8, 0x7c32, 0x4acd, 0x2948, 0xadb8, 0xefff,
  0xbe7a, 0xbe7a, 0xbe7a, 0x4acd, 0x9557, 0x9557, 0xefff, 0xbe7a, 0xbe7a, 0xbe7a, 0x4acd, 0x9557,
  0x9557, 0xefff, 0xbe7a, 0xbe7a, 0xbe7a, 0xadb8, 0x7c32, 0x4acd, 0x3189, 0xadb8, 0xefff, 0xbe7a,
  0xbe7a, 0xbe7a, 0xbe7a, 0x4acd, 0x9557, 0x9557, 0x9557, 0x9557, 0x9557, 0x9557, 0x9557, 0x9557,
  0xefff, 0xbe7a, 0xbe7a, 0xbe7a, 0xadb8, 0x7c32, 0x4acd, 0x31aa, 0xadb8, 0xefff, 0xbe7a, 0xbe7a,
  0xbe7a, 0xbe7a, 0x4acd, 0x9557, 0xefff, 0xbe7a, 0xbe7a, 0xbe7a, 0xbe7a, 0x4acd, 0x9557, 0xefff,
  0xbe7a, 0xbe7a, 0xbe7a, 0xadb8, 0x7c32, 0x4acd, 0xadb8, 0xefff, 0xbe7a, 0xbe7a, 0xbe7a, 0xefff,
  0xefff, 0xefff, 0xefff, 0xefff, 0xefff, 0xefff, 0xefff, 0xefff, 0xefff, 0xefff, 0xbe7a, 0xbe7a,
  0xbe7a, 0xadb8, 0x7c32, 0x4acd, 0xadb8, 0xefff, 0xbe7a, 0xbe7a, 0xbe7a, 0xbe7a, 0xefff, 0xefff,
  0xefff, 0xbe7a, 0xbe7a, 0xbe7a, 0xbe7a, 0xbe7a, 0xefff, 0xefff, 0xbe7a, 0xbe7a, 0xbe7a, 0xadb8,
  0x7c32, 0x4acd, 0x2127, 0xadb8, 0xefff, 0xbe7a, 0xbe7a, 0xbe7a, 0xbe7a, 0xefff, 0xefff, 0xbe7a,
  0xbe7a, 0xbe7a, 0xbe7a, 0xbe7a, 0xbe7a, 0xbe7a, 0xbe7a, 0xbe7a, 0xbe7a, 0xbe7a, 0xadb8, 0x7c32,
  0x4acd, 0x2948, 0xadb8, 0xefff, 0xbe7a, 0xbe7a, 0xbe7a, 0xefff, 0xefff, 0xefff, 0xefff, 0xbe7a,
  0xbe7a, 0xbe7a, 0xefff, 0xefff, 0xefff, 0xefff, 0xbe7a, 0xbe7a, 0xbe7a, 0xadb8, 0x7c32, 0x4acd,
  0x3189, 0xadb8, 0xefff, 0xbe7a, 0xbe7a, 0xbe7a, 0xbe7a, 0xefff, 0xefff, 0xefff, 0xefff, 0xefff,
  0xefff, 0xefff, 0xefff, 0xefff, 0xefff, 0xbe7a, 0xbe7a, 0xbe7a, 0xadb8, 0x7c32, 0x4acd, 0x31aa,
  0xadb8, 0xefff, 0xbe7a, 0xbe7a, 0xbe7a, 0xbe7a, 0xefff, 0xefff, 0xbe7a, 0xbe7a, 0xbe7a, 0xbe7a,
  0xbe7a, 0xefff, 0xefff, 0xefff, 0xbe7a, 0xbe7a, 0xbe7a, 0xadb8, 0x7c32, 0x4acd, 0xadb8, 0xefff,
  0xadb8, 0xadb8, 0xadb8, 0xadb8, 0xadb8, 0xadb8, 0xadb8, 0xadb8, 0xadb8, 0xadb8, 0xadb8, 0xadb8,
  0xadb8, 0xadb8, 0xadb8, 0xadb8, 0xadb8, 0xadb8, 0x7c32, 0x4acd, 0xadb8, 0xefff, 0xadb8, 0xadb8,
  0xadb8, 0xadb8, 0xadb8, 0xadb8, 0xadb8, 0xadb8, 0xadb8, 0xadb8, 0xadb8, 0xadb8, 0xadb8, 0xadb8,
  0xadb8, 0xadb8, 0xadb8, 0xadb8, 0x7c32, 0x4acd, 0x2127, 0xadb8, 0xefff, 0xadb8, 0xadb8, 0xadb8,
  0xadb8, 0xadb8, 0xadb8, 0xadb8, 0xadb8, 0xadb8, 0xadb8, 0xadb8, 0xadb8, 0xadb8, 0xadb8, 0xadb8,
  0xadb8, 0xadb8, 0xadb8, 0x7c32, 0x4acd, 0x2948, 0xadb8, 0xefff, 0xadb8, 0xadb8, 0xadb8, 0xadb8,
  0xadb8, 0xadb8, 0xadb8, 0xadb8, 0xadb8, 0xadb8, 0xadb8, 0xadb8, 0xadb8, 0xadb8, 0xadb8, 0xadb8,
  0xadb8, 0xadb8, 0x7c32, 0x4acd, 0x3189, 0xadb8, 0xefff, 0xadb8, 0xadb8, 0xadb8, 0xadb8, 0xadb8,
  0xadb8, 0xadb8, 0xadb8, 0xadb8, 0xadb8, 0xadb8, 0xadb8, 0xadb8, 0xadb8, 0xadb8, 0xadb8, 0xadb8,
  0xadb8, 0x7c32, 0x4acd, 0x31aa, 0xadb8, 0xefff, 0xadb8, 0xadb8, 0xadb8, 0xadb8, 0xadb8, 0xadb8,
  0xadb8, 0xadb8, 0xadb8, 0xadb8, 0xadb8, 0xadb8, 0xadb8, 0xadb8, 0xadb8, 0xadb8, 0xadb8, 0xadb8,
  0x7c32, 0x4acd, 0xadb8, 0xadb8, 0x84b4, 0x7c32, 0x7c32, 0x7c32, 0x7c32, 0x7c32, 0x7c32, 0x7c32,
  0x7c32, 0x7c32, 0x7c32, 0x7c32, 0x7c32, 0x7c32, 0x7c32, 0x7c32, 0x7c32, 0x7c32, 0x7c32, 0x4acd,
  0xadb8, 0xadb8, 0x84b4, 0x7c32, 0x7c32, 0x7c32, 0x7c32, 0x7c32, 0x7c32, 0x7c32, 0x7c32, 0x7c32,
  0x7c32, 0x7c32, 0x7c32, 0x7c32, 0x7c32, 0x7c32, 0x7c32, 0x7c32, 0x7c32, 0x4acd, 0x2127, 0xadb8,
  0xadb8, 0x84b4, 0x7c32, 0x7c32, 0x7c32, 0x7c32, 0x7c32, 0x7c32, 0x7c32, 0x7c32, 0x7c32, 0x7c32,
  0x7c32, 0x7c32, 0x7c32, 0x7c32, 0x7c32, 0x7c32, 0x7c32, 0x7c32, 0x4acd, 0x2948, 0xadb8, 0xadb8,
  0x84b4, 0x7c32, 0x7c32, 0x7c32, 0x7c32, 0x7c32, 0x7c32, 0x7c32, 0x7c32, 0x7c32, 0x7c32, 0x7c32,
  0x7c32, 0x7c32, 0x7c32, 0x7c32, 0x7c32, 0x7c32, 0x7c32, 0x4acd, 0x3189, 0xadb8, 0xadb8, 0x84b4,
  0x7c32, 0x7c32, 0x7c32, 0x7c32, 0x7c32, 0x7c32, 0x7c32, 0x7c32, 0x7c32, 0x7c32, 0x7c32, 0x7c32,
  0x7c32, 0x7c32, 0x7c32, 0x7c32, 0x7c32, 0x7c32, 0x4acd, 0x31aa, 0xadb8, 0xadb8, 0x84b4, 0x7c32,
  0x7c32, 0x7c32, 0x7c32, 0x7c32, 0x7c32, 0x7c32, 0x7c32, 0x7c32, 0x7c32, 0x7c32, 0x7c32, 0x7c32,
  0x7c32, 0x7c32, 0x7c32, 0x7c32, 0x7c32, 0x4acd, 0x39cb, 0x39cb, 0x39cb, 0x39cb, 0x39cb, 0x39cb,
  0x39cb, 0x39cb, 0x39cb, 0x39cb, 0x39cb, 0x39cb, 0x39cb, 0x39cb, 0x39cb, 0x39cb, 0x39cb, 0x39cb,
  0x39cb, 0x39cb, 0x39cb, 0x39cb, 0x84b4, 0x530e, 0x4acd, 0x4acd, 0x4acd, 0x4acd, 0x4acd, 0x4acd,
  0x4acd, 0x4acd, 0x4acd, 0x4acd, 0x4acd, 0x4acd, 0x4acd, 0x4acd, 0x4acd, 0x4acd, 0x4acd, 0x4acd,
  0x4acd, 0x4acd, 0x2127, 0x84b4, 0x530e, 0x4acd, 0x4acd, 0x4acd, 0x4acd, 0x4acd, 0x4acd, 0x4acd,
  0x4acd, 0x4acd, 0x4acd, 0x4acd, 0x4acd, 0x4acd, 0x4acd, 0x4acd, 0x4acd, 0x4acd, 0x4acd, 0x4acd,
  0x4acd, 0x2948, 0x84b4, 0x530e, 0x4acd, 0x4acd, 0x4acd, 0x4acd, 0x4acd, 0x4acd, 0x4acd, 0x4acd,
  0x4acd, 0x4acd, 0x4acd, 0x4acd, 0x4acd, 0x4acd, 0x4acd, 0x4acd, 0x4acd, 0x4acd, 0x4acd, 0x4acd,
  0x3189, 0x84b4, 0x530e, 0x4acd, 0x4acd, 0x4acd, 0x4acd, 0x4acd, 0x4acd, 0x4acd, 0x4acd, 0x4acd,
  0x4acd, 0x4acd, 0x4acd, 0x4acd, 0x4acd, 0x4acd, 0x4acd, 0x4acd, 0x4acd, 0x4acd, 0x4acd, 0x31aa,
  0x84b4, 0x530e, 0x4acd, 0x4acd, 0x4acd, 0x4acd, 0x4acd, 0x4acd, 0x4acd, 0x4acd, 0x4acd, 0x4acd,
  0x4acd, 0x4acd, 0x4acd, 0x4acd, 0x4acd, 0x4acd, 0x4acd, 0x4acd, 0x4acd, 0x4acd, 0x0842, 0x0842,
  0x0842, 0x0842, 0x0842, 0x0842, 0x0842, 0x0842, 0x0842, 0x0842, 0x0842, 0x0842, 0x0842, 0x0842,
  0x0842, 0x0842, 0x0842, 0x0842, 0x0842, 0x0842, 0x0842, 0x0842, 0x18e6, 0x20e6, 0x20e6, 0x20e6,
  0x2106, 0x2106, 0x2106, 0x2106, 0x2106, 0x2106, 0x2106, 0x2106, 0x2106, 0x2106, 0x2127, 0x2106,
  0x2107, 0x2127, 0x2127, 0x2127, 0x2127, 0x2127, 0x2127, 0x2127, 0x2127, 0x2127, 0x2127, 0x2127,
  0x2147, 0x2927, 0x2927, 0x2947, 0x2947, 0x2948, 0x2948, 0x2948, 0x2948, 0x2948, 0x2948, 0x2948,
  0x2948, 0x2948, 0x2948, 0x2968, 0x2968, 0x2948, 0x2968, 0x2968, 0x2968, 0x2968, 0x2968, 0x2969,
  0x2969, 0x2969, 0x2969, 0x2969, 0x2969, 0x2969, 0x3169, 0x3169, 0x3169, 0x2989, 0x3169, 0x3169,
  0x3189, 0x3189, 0x3189, 0x3189, 0x3189, 0x3189, 0x3189, 0x3189, 0x3189, 0x3189, 0x318a, 0x318a,
  0x318a, 0x31aa, 0x31aa, 0x318a, 0x318a, 0x31aa, 0x318a, 0x31aa, 0x31aa, 0x31aa, 0x31aa, 0x31aa,
  0x31aa, 0x31aa, 0x31aa, 0x31aa, 0x31aa, 0x31aa, 0x31aa, 0x31aa, 0x31aa, 0x31aa, 0x31aa, 0x31aa,
  0x31aa, 0x31aa, 0x39ab, 0x39ab, 0x39ab, 0x39ab, 0x39ab, 0x39ab, 0x39cb, 0x39cb, 0x39cb, 0x39cb,
  0x39cb, 0x39cb, 0x0842, 0x0842, 0x0842, 0x0842, 0x0842, 0x0842, 0x0842, 0x0842, 0x0842, 0x0842,
  0x0842, 0x0842, 0x0842, 0x0842, 0x0842, 0x0842, 0x0842, 0x0842, 0x0842, 0x0842, 0x0842, 0x0842,
  0x0842, 0x0842, 0x0842, 0x0842, 0x0842, 0x0842, 0x0842, 0x0842, 0x0842, 0x0842, 0x0842, 0x0842,
  0x0842, 0x0842, 0x0842, 0x0842, 0x0842, 0x0842, 0x0842, 0x0842, 0x0842, 0x0842, 0x0842, 0x0842,
  0x0842, 0x0842, 0x0842, 0x0842, 0x0842, 0x0842, 0x0842, 0x0842, 0x0842, 0x0842, 0x0842, 0x0842,
  0x0842, 0x0842, 0x0842, 0x0842, 0x0842, 0x0842, 0x0842, 0x0842, 0x0842, 0x0842, 0x0842, 0x0842,
  0x0842, 0x0842, 0x0842, 0x0842, 0x0842, 0x0842, 0x0842, 0x0842, 0x0842, 0x0842, 0x0842, 0x0842,
  0x0842, 0x0842, 0x0842, 0x0842, 0x0842, 0x0842, 0x0842, 0x0842, 0x0842, 0x0842, 0x0842, 0x0842,
  0x0842, 0x0842, 0x0842, 0x0842, 0x0842, 0x0842, 0x0842, 0x0842, 0x0842, 0x0842, 0x0842, 0x0842,
  0x0842, 0x0842, 0x0842, 0x0842, 0x0842, 0x0842, 0x0842, 0x0842, 0x0842, 0x0842, 0x0842, 0x0842,
  0x0842, 0x0842, 0x0842, 0x0842, 0x0842, 0x0842, 0x0842, 0x0842, 0x0842, 0x0842, 0x0842, 0x0842,
  0x0842, 0x0842, 0x0842, 0x0842, 0x0842, 0x0842, 0x0842, 0x0842, 0x63d0, 0x7c73, 0x7c73, 0x7c73,
  0x7c73, 0x7c73, 0x7c73, 0x7c73, 0x7c73, 0x7c73, 0x7c73, 0x7c73, 0x7c73, 0x7c73, 0x7c73, 0x7c73,
  0x7c73, 0x63d0, 0x534e, 0x0842, 0x0842, 0x0842, 0x0842, 0x0842, 0x0842, 0x0842, 0x0842, 0x0842,
  0x0842, 0x0842, 0x0842, 0x0842, 0x0842, 0x0842, 0x0842, 0x0842, 0x0842, 0x0842, 0x0842, 0x0842,
  0x0842, 0x0842, 0x0842, 0x0842, 0x0842, 0x0842, 0x0842, 0x0842, 0x0842, 0x0842, 0x0842, 0x0842,
  0x0842, 0x0842, 0x0842, 0x0842, 0x0842, 0x0842, 0x0842, 0x0842, 0x0842, 0x0842, 0x0842, 0x0842,
  0x0842, 0x0842, 0x0842, 0x0842, 0x0842, 0x0842, 0x0842, 0x0842, 0x0842, 0x0842, 0x0842, 0x0842,
  0x0842, 0x0842, 0x0842, 0x0842, 0x0842, 0x0842, 0x0842, 0x0842, 0x0842, 0x0842, 0x0842, 0x0842,
  0x0842, 0x0842, 0x0842, 0x0842, 0x0842, 0x0842, 0x0842, 0x0842, 0x0842, 0x0842, 0x0842, 0x0842,
  0x0842, 0x0842, 0x0842, 0x0842, 0x0842, 0x0842, 0x0842, 0x0842, 0x0842, 0x0842, 0x0842, 0x0842,
  0x0842, 0x0842, 0x0842, 0x0842, 0x0842, 0x0842, 0x0842, 0x0842, 0x0842, 0x0842, 0x0842, 0x0842,
  0x0842, 0x0842, 0x0842, 0x0842, 0x0842, 0x0842, 0x0842, 0x0842, 0x0842, 0x0842, 0x0842, 0x0842,
  0x7c73, 0xadf8, 0xadf8, 0xadf8, 0xadf8, 0xadf8, 0xadf8, 0xadf8, 0xadf8, 0xadf8, 0xadf8, 0xadf8,
  0xadf8, 0xadf8, 0xadf8, 0xadf8, 0xadf8, 0xadf8, 0x7c73, 0x0842, 0x0842, 0x0842, 0x63d0, 0x7c73,
  0x7c73, 0x7c73, 0x7c73, 0x7c73, 0x7c73, 0x7c73, 0x7c73, 0x7c73, 0x7c73, 0x7c73, 0x7c73, 0x7c73,
  0x7c73, 0x7c73, 0x7c73, 0x7c73, 0x63d0, 0x534e, 0x0842, 0x0842, 0x0842, 0x63d0, 0x7c73, 0x7c73,
  0x7c73, 0x7c73, 0x7c73, 0x7c73, 0x7c73, 0x7c73, 0x7c73, 0x7c73, 0x7c73, 0x7c73, 0x7c73, 0x7c73,
  0x7c73, 0x7c73, 0x7c73, 0x63d0, 0x534e, 0x0842, 0x0842, 0x0842, 0x63d0, 0x7c73, 0x7c73, 0x7c73,
  0x7c73, 0x7c73, 0x7c73, 0x7c73, 0x7c73, 0x7c73, 0x7c73, 0x7c73, 0x7c73, 0x7c73, 0x7c73, 0x7c73,
  0x7c73, 0x7c73, 0x63d0, 0x534e, 0x0842, 0x0842, 0x0842, 0x63d0, 0x7c73, 0x7c73, 0x7c73, 0x7c73,
  0x7c73, 0x7c73, 0x7c73, 0x7c73, 0x7c73, 0x7c73, 0x7c73, 0x7c73, 0x7c73, 0x7c73, 0x7c73, 0x7c73,
  0x7c73, 0x63d0, 0x534e, 0x0842, 0x0842, 0x0842, 0x63d0, 0x7c73, 0x7c73, 0x7c73, 0x7c73, 0x7c73,
  0x7c73, 0x7c73, 0x7c73, 0x7c73, 0x7c73, 0x7c73, 0x7c73, 0x7c73, 0x7c73, 0x7c73, 0x7c73, 0x63d0,
  0x534e, 0x0842, 0x0842, 0x0842, 0x7c73, 0xadf8, 0x7c73, 0x7c73, 0x7c73, 0x7c73, 0x7c73, 0x7c73,
  0x7c73, 0x7c73, 0x0842, 0x7c73, 0x7c73, 0x7c73, 0x7c73, 0x7c73, 0x7c73, 0x7c73, 0x7c73, 0x0842,
  0x0842, 0x0842, 0x7c73, 0xadf8, 0xadf8, 0xadf8, 0xadf8, 0xadf8, 0xadf8, 0xadf8, 0xadf8, 0xadf8,
  0xadf8, 0xadf8, 0xadf8, 0xadf8, 0xadf8, 0xadf8, 0xadf8, 0xadf8, 0xadf8, 0x7c73, 0x0842, 0x0842,
  0x0842, 0x7c73, 0xadf8, 0xadf8, 0xadf8, 0xadf8, 0xadf8, 0xadf8, 0xadf8, 0xadf8, 0xadf8, 0xadf8,
  0xadf8, 0xadf8, 0xadf8, 0xadf8, 0xadf8, 0xadf8, 0xadf8, 0xadf8, 0x7c73, 0x0842, 0x0842, 0x0842,
  0x7c73, 0xadf8, 0xadf8, 0xadf8, 0xadf8, 0xadf8, 0xadf8, 0xadf8, 0xadf8, 0xadf8, 0xadf8, 0xadf8,
  0xadf8, 0xadf8, 0xadf8, 0xadf8, 0xadf8, 0xadf8, 0xadf8, 0x7c73, 0x0842, 0x0842, 0x0842, 0x7c73,
  0xadf8, 0xadf8, 0xadf8, 0xadf8, 0xadf8, 0xadf8, 0xadf8, 0xadf8, 0xadf8, 0xadf8, 0xadf8, 0xadf8,
  0xadf8, 0xadf8, 0xadf8, 0xadf8, 0xadf8, 0xadf8, 0x7c73, 0x0842, 0x0842, 0x0842, 0x7c73, 0xadf8,
  0xadf8, 0xadf8, 0xadf8, 0xadf8, 0xadf8, 0xadf8, 0xadf8, 0xadf8, 0xadf8, 0xadf8, 0xadf8, 0xadf8,
  0xadf8, 0xadf8, 0xadf8, 0xadf8, 0x7c73, 0x0842, 0x0842, 0x0842, 0x7c73, 0xadf8, 0x7c73, 0x7c73,
  0x7c73, 0x7c73, 0x7c73, 0x7c73, 0x7c73, 0x0842, 0x4acd, 0x0842, 0x7c73, 0x7c73, 0x7c73, 0x7c73,
  0x7c73, 0x7c73, 0x7c73, 0x0842, 0x0842, 0x0842, 0x7c73, 0xadf8, 0x7c73, 0x7c73, 0x7c73, 0x7c73,
  0x7c73, 0x7c73, 0x7c73, 0x7c73, 0x7c73, 0x7c73, 0x7c73, 0x7c73, 0x7c73, 0x7c73, 0x7c73, 0x7c73,
  0x7c73, 0x7c73, 0x0842, 0x0842, 0x0842, 0x7c73, 0xadf8, 0x7c73, 0x7c73, 0x7c73, 0x7c73, 0x7c73,
  0x7c73, 0x7c73, 0x7c73, 0x7c73, 0x7c73, 0x7c73, 0x7c73, 0x7c73, 0x7c73, 0x7c73, 0x7c73, 0x7c73,
  0x7c73, 0x0842, 0x0842, 0x0842, 0x7c73, 0xadf8, 0x7c73, 0x7c73, 0x7c73, 0x7c73, 0x7c73, 0x7c73,
  0x7c73, 0x7c73, 0x7c73, 0x7c73, 0x7c73, 0x7c73, 0x7c73, 0x7c73, 0x7c73, 0x7c73, 0x7c73, 0x7c73,
  0x0842, 0x0842, 0x0842, 0x7c73, 0xadf8, 0x7c73, 0x7c73, 0x7c73, 0x7c73, 0x7c73, 0x7c73, 0x7c73,
  0x7c73, 0x7c73, 0x7c73, 0x7c73, 0x7c73, 0x7c73, 0x7c73, 0x7c73, 0x7c73, 0x7c73, 0x7c73, 0x0842,
  0x0842, 0x0842, 0x7c73, 0xadf8, 0x7c73, 0x7c73, 0x7c73, 0x7c73, 0x7c73, 0x7c73, 0x7c73, 0x7c73,
  0x7c73, 0x7c73, 0x7c73, 0x7c73, 0x7c73, 0x7c73, 0x7c73, 0x7c73, 0x7c73, 0x0842, 0x0842, 0x0842,
  0x7c73, 0xadf8, 0x7c73, 0x7c73, 0x7c73, 0x7c73, 0x7c73, 0x7c73, 0x0842, 0x4acd, 0x4acd, 0x4acd,
  0x0842, 0x7c73, 0x7c73, 0x7c73, 0x7c73, 0x7c73, 0x7c73, 0x0842, 0x0842, 0x0842, 0x7c73, 0xadf8,
  0x7c73, 0x7c73, 0x7c73, 0x7c73, 0x7c73, 0x7c73, 0x7c73, 0x7c73, 0x7c73, 0x7c73, 0x7c73, 0x7c73,
  0x7c73, 0x7c73, 0x7c73, 0x7c73, 0x7c73, 0x7c73, 0x0842, 0x0842, 0x0842, 0x7c73, 0xadf8, 0x7c73,
  0x7c73, 0x7c73, 0x7c73, 0x7c73, 0x7c73, 0x7c73, 0x7c73, 0x7c73, 0x7c73, 0x7c73, 0x7c73, 0x7c73,
  0x7c73, 0x7c73, 0x7c73, 0x7c73, 0x7c73, 0x0842, 0x0842, 0x0842, 0x7c73, 0xadf8, 0x7c73, 0x7c73,
  0x7c73, 0x7c73, 0x7c73, 0x7c73, 0x7c73, 0x7c73, 0x7c73, 0x7c73, 0x7c73, 0x7c73, 0x7c73, 0x7c73,
  0x7c73, 0x7c73, 0x7c73, 0x7c73, 0x0842, 0x0842, 0x0842, 0x7c73, 0xadf8, 0x7c73, 0x7c73, 0x7c73,
  0x7c73, 0x7c73, 0x7c73, 0x7c73, 0x7c73, 0x7c73, 0x7c73, 0x7c73, 0x7c73, 0x7c73, 0x7c73, 0x7c73,
  0x7c73, 0x7c73, 0x7c73, 0x0842, 0x0842, 0x0842, 0x7c73, 0xadf8, 0x7c73, 0x7c73, 0x7c73, 0x7c73,
  0x7c73, 0x7c73, 0x7c73, 0x7c73, 0x7c73, 0x7c73, 0x7c73, 0x7c73, 0x7c73, 0x7c73, 0x7c73, 0x7c73,
  0x7c73, 0x0842, 0x0842, 0x0842, 0x7c73, 0xadf8, 0x7c73, 0x7c73, 0x7c73, 0x7c73, 0x7c73, 0x0842,
  0x4acd, 0x4acd, 0x4acd, 0x4acd, 0x4acd, 0x0842, 0x7c73, 0x7c73, 0x7c73, 0x7c73, 0x7c73, 0x0842,
  0x0842, 0x0842, 0x7c73, 0xadf8, 0x7c73, 0x7c73, 0x7c73, 0x7c73, 0x0842, 0x0842, 0x0842, 0x7c73,
  0x7c73, 0x7c73, 0x7c73, 0x7c73, 0x0842, 0x0842, 0x7c73, 0x7c73, 0x7c73, 0x7c73, 0x0842, 0x0842,
  0x0842, 0x7c73, 0xadf8, 0x7c73, 0x7c73, 0x7c73, 0x7c73, 0x0842, 0x0842, 0x7c73, 0x7c73, 0x7c73,
  0x7c73, 0x7c73, 0x7c73, 0x7c73, 0x7c73, 0x7c73, 0x7c73, 0x7c73, 0x7c73, 0x0842, 0x0842, 0x0842,
  0x7c73, 0xadf8, 0x7c73, 0x7c73, 0x7c73, 0x0842, 0x0842, 0x0842, 0x0842, 0x7c73, 0x7c73, 0x7c73,
  0x0842, 0x0842, 0x0842, 0x0842, 0x7c73, 0x7c73, 0x7c73, 0x7c73, 0x0842, 0x0842, 0x0842, 0x7c73,
  0xadf8, 0x7c73, 0x7c73, 0x7c73, 0x7c73, 0x0842, 0x0842, 0x0842, 0x0842, 0x0842, 0x0842, 0x0842,
  0x0842, 0x0842, 0x0842, 0x7c73, 0x7c73, 0x7c73, 0x7c73, 0x0842, 0x0842, 0x0842, 0x7c73, 0xadf8,
  0x7c73, 0x7c73, 0x7c73, 0x7c73, 0x0842, 0x0842, 0x7c73, 0x7c73, 0x7c73, 0x7c73, 0x7c73, 0x0842,
  0x0842, 0x0842, 0x7c73, 0x7c73, 0x7c73, 0x0842, 0x0842, 0x0842, 0x7c73, 0xadf8, 0x7c73, 0x7c73,
  0x7c73, 0x7c73, 0x0842, 0x4acd, 0x4acd, 0x4acd, 0x4acd, 0x4acd, 0x4acd, 0x4acd, 0x0842, 0x7c73,
  0x7c73, 0x7c73, 0x7c73, 0x0842, 0x0842, 0x0842, 0x7c73, 0xadf8, 0x7c73, 0x7c73, 0x7c73, 0x7c73,
  0x0842, 0x4acd, 0xadf8, 0x7c73, 0x7c73, 0x7c73, 0x7c73, 0x0842, 0x4acd, 0xadf8, 0x7c73, 0x7c73,
  0x7c73, 0x7c73, 0x0842, 0x0842, 0x0842, 0x7c73, 0xadf8, 0x7c73, 0x7c73, 0x7c73, 0x7c73, 0x0842,
  0x4acd, 0x0842, 0x0842, 0x7c73, 0x7c73, 0x7c73, 0x7c73, 0x7c73, 0x7c73, 0x7c73, 0x7c73, 0x7c73,
  0x7c73, 0x0842, 0x0842, 0x0842, 0x7c73, 0xadf8, 0x7c73, 0x7c73, 0x7c73, 0x0842, 0x4acd, 0x4acd,
  0xadf8, 0x7c73, 0x7c73, 0x7c73, 0x0842, 0x4acd, 0x4acd, 0xadf8, 0x7c73, 0x7c73, 0x7c73, 0x7c73,
  0x0842, 0x0842, 0x0842, 0x7c73, 0xadf8, 0x7c73, 0x7c73, 0x7c73, 0x7c73, 0x0842, 0x4acd, 0x4acd,
  0x4acd, 0x4acd, 0x4acd, 0x4acd, 0x4acd, 0x4acd, 0xadf8, 0x7c73, 0x7c73, 0x7c73, 0x7c73, 0x0842,
  0x0842, 0x0842, 0x7c73, 0xadf8, 0x7c73, 0x7c73, 0x7c73, 0x7c73, 0x0842, 0x4acd, 0x0842, 0x7c73,
  0x7c73, 0x7c73, 0x7c73, 0x0842, 0x4acd, 0xadf8, 0x7c73, 0x7c73, 0x7c73, 0x0842, 0x0842, 0x0842,
  0x7c73, 0xadf8, 0x7c73, 0x7c73, 0x7c73, 0xadf8, 0xadf8, 0xadf8, 0xadf8, 0xadf8, 0xadf8, 0xadf8,
  0xadf8, 0xadf8, 0xadf8, 0xadf8, 0x7c73, 0x7c73, 0x7c73, 0x0842, 0x0842, 0x0842, 0x7c73, 0xadf8,
  0x7c73, 0x7c73, 0x7c73, 0x7c73, 0x0842, 0x4acd, 0xadf8, 0x7c73, 0x7c73, 0x7c73, 0x0842, 0x4acd,
  0x4acd, 0xadf8, 0x7c73, 0x7c73, 0x7c73, 0x7c73, 0x0842, 0x0842, 0x0842, 0x7c73, 0xadf8, 0x7c73,
  0x7c73, 0x7c73, 0x7c73, 0x0842, 0x4acd, 0x4acd, 0x4acd, 0x0842, 0x0842, 0x7c73, 0x7c73, 0x7c73,
  0x7c73, 0x7c73, 0x7c73, 0x7c73, 0x7c73, 0x0842, 0x0842, 0x0842, 0x7c73, 0xadf8, 0x7c73, 0x7c73,
  0x7c73, 0x0842, 0x4acd, 0x4acd, 0xadf8, 0x7c73, 0x7c73, 0x7c73, 0x0842, 0x4acd, 0x4acd, 0xadf8,
  0x7c73, 0x7c73, 0x7c73, 0x7c73, 0x0842, 0x0842, 0x0842, 0x7c73, 0xadf8, 0x7c73, 0x7c73, 0x7c73,
  0x7c73, 0x0842, 0x4acd, 0x4acd, 0x4acd, 0x4acd, 0x4acd, 0x4acd, 0x4acd, 0x4acd, 0xadf8, 0x7c73,
  0x7c73, 0x7c73, 0x7c73, 0x0842, 0x0842, 0x0842, 0x7c73, 0xadf8, 0x7c73, 0x7c73, 0x7c73, 0x7c73,
  0x0842, 0x4acd, 0x4acd, 0x0842, 0x7c73, 0x7c73, 0x7c73, 0x0842, 0x4acd, 0xadf8, 0x7c73, 0x7c73,
  0x7c73, 0x0842, 0x0842, 0x0842, 0x7c73, 0xadf8, 0x7c73, 0x7c73, 0x7c73, 0x7c73, 0x7c73, 0x7c73,
  0x7c73, 0x7c73, 0x7c73, 0x7c73, 0x7c73, 0x7c73, 0x7c73, 0x7c73, 0x7c73, 0x7c73, 0x7c73, 0x0842,
  0x0842, 0x0842, 0x7c73, 0xadf8, 0x7c73, 0x7c73, 0x7c73, 0x7c73, 0x0842, 0x4acd, 0xadf8, 0x7c73,
  0x7c73, 0x0842, 0x4acd, 0x4acd, 0x4acd, 0xadf8, 0x7c73, 0x7c73, 0x7c73, 0x7c73, 0x0842, 0x0842,
  0x0842, 0x7c73, 0xadf8, 0x7c73, 0x7c73, 0x7c73, 0x7c73, 0x0842, 0x4acd, 0x4acd, 0x4acd, 0x4acd,
  0x4acd, 0x0842, 0x0842, 0x7c73, 0x7c73, 0x7c73, 0x7c73, 0x7c73, 0x7c73, 0x0842, 0x0842, 0x0842,
  0x7c73, 0xadf8, 0x7c73, 0x7c73, 0x7c73, 0x0842, 0x4acd, 0x4acd, 0xadf8, 0x7c73, 0x7c73, 0x7c73,
  0x0842, 0x4acd, 0x4acd, 0xadf8, 0x7c73, 0x7c73, 0x7c73, 0x7c73, 0x0842, 0x0842, 0x0842, 0x7c73,
  0xadf8, 0x7c73, 0x7c73, 0x7c73, 0x7c73, 0x0842, 0x4acd, 0x4acd, 0x4acd, 0x4acd, 0x4acd, 0x4acd,
  0x4acd, 0x4acd, 0xadf8, 0x7c73, 0x7c73, 0x7c73, 0x7c73, 0x0842, 0x0842, 0x0842, 0x7c73, 0xadf8,
  0x7c73, 0x7c73, 0x7c73, 0x7c73, 0x0842, 0x4acd, 0x4acd, 0x4acd, 0x0842, 0x7c73, 0x7c73, 0x0842,
  0x4acd, 0xadf8, 0x7c73, 0x7c73, 0x7c73, 0x0842, 0x0842, 0x0842, 0x7c73, 0xadf8, 0x7c73, 0x7c73,
  0x7c73, 0x0842, 0x0842, 0x0842, 0x0842, 0x0842, 0x0842, 0x0842, 0x0842, 0x0842, 0x0842, 0x0842,
  0x7c73, 0x7c73, 0x7c73, 0x0842, 0x0842, 0x0842, 0x7c73, 0xadf8, 0x7c73, 0x7c73, 0x7c73, 0x7c73,
  0x0842, 0x4acd, 0xadf8, 0x7c73, 0x0842, 0x4acd, 0x4acd, 0x4acd, 0x4acd, 0xadf8, 0x7c73, 0x7c73,
  0x7c73, 0x7c73, 0x0842, 0x0842, 0x0842, 0x7c73, 0xadf8, 0x7c73, 0x7c73, 0x7c73, 0x7c73, 0x0842,
  0x4acd, 0x4acd, 0x4acd, 0x4acd, 0x4acd, 0x4acd, 0x4acd, 0x0842, 0x0842, 0x7c73, 0x7c73, 0x7c73,
  0x7c73, 0x0842, 0x0842, 0x0842, 0x7c73, 0xadf8, 0x7c73, 0x7c73, 0x7c73, 0x0842, 0x4acd, 0x4acd,
  0xadf8, 0x7c73, 0x7c73, 0x7c73, 0x0842, 0x4acd, 0x4acd, 0xadf8, 0x7c73, 0x7c73, 0x7c73, 0x7c73,
  0x0842, 0x0842, 0x0842, 0x7c73, 0xadf8, 0x7c73, 0x7c73, 0x7c73, 0x7c73, 0x0842, 0x4acd, 0x4acd,
  0x4acd, 0x4acd, 0x4acd, 0x4acd, 0x4acd, 0x4acd, 0xadf8, 0x7c73, 0x7c73, 0x7c73, 0x7c73, 0x0842,
  0x0842, 0x0842, 0x7c73, 0xadf8, 0x7c73, 0x7c73, 0x7c73, 0x7c73, 0x0842, 0x4acd, 0x4acd, 0x4acd,
  0x4acd, 0x0842, 0x7c73, 0x0842, 0x4acd, 0xadf8, 0x7c73, 0x7c73, 0x7c73, 0x0842, 0x0842, 0x0842,
  0x7c73, 0xadf8, 0x7c73, 0x7c73, 0x7c73, 0x0842, 0x4acd, 0x4acd, 0x4acd, 0x4acd, 0x4acd, 0x4acd,
  0x4acd, 0x4acd, 0x4acd, 0xadf8, 0x7c73, 0x7c73, 0x7c73, 0x0842, 0x0842, 0x0842, 0x7c73, 0xadf8,
  0x7c73, 0x7c73, 0x7c73, 0x7c73, 0x0842, 0x4acd, 0xadf8, 0x7c73, 0xadf8, 0x4acd, 0x4acd, 0x4acd,
  0x4acd, 0xadf8, 0x7c73, 0x7c73, 0x7c73, 0x7c73, 0x0842, 0x0842, 0x0842, 0x7c73, 0xadf8, 0x7c73,
  0x7c73, 0x7c73, 0x7c73, 0x0842, 0x4acd, 0x4acd, 0x4acd, 0x4acd, 0x4acd, 0x4acd, 0x4acd, 0xadf8,
  0xadf8, 0x7c73, 0x7c73, 0x7c73, 0x7c73, 0x0842, 0x0842, 0x0842, 0x7c73, 0xadf8, 0x7c73, 0x7c73,
  0x7c73, 0x0842, 0x4acd, 0x4acd, 0xadf8, 0x7c73, 0x7c73, 0x7c73, 0x0842, 0x4acd, 0x4acd, 0xadf8,
  0x7c73, 0x7c73, 0x7c73, 0x7c73, 0x0842, 0x0842, 0x0842, 0x7c73, 0xadf8, 0x7c73, 0x7c73, 0x7c73,
  0x7c73, 0x0842, 0x4acd, 0x4acd, 0x4acd, 0x4acd, 0x4acd, 0x4acd, 0x4acd, 0x4acd, 0xadf8, 0x7c73,
  0x7c73, 0x7c73, 0x7c73, 0x0842, 0x0842, 0x0842, 0x7c73, 0xadf8, 0x7c73, 0x7c73, 0x7c73, 0x7c73,
  0x0842, 0x4acd, 0x4acd, 0x4acd, 0x4acd, 0xadf8, 0x7c73, 0x0842, 0x4acd, 0xadf8, 0x7c73, 0x7c73,
  0x7c73, 0x0842, 0x0842, 0x0842, 0x7c73, 0xadf8, 0x7c73, 0x7c73, 0x7c73, 0xadf8, 0xadf8, 0xadf8,
  0xadf8, 0xadf8, 0xadf8, 0xadf8, 0xadf8, 0xadf8, 0xadf8, 0xadf8, 0x7c73, 0x7c73, 0x7c73, 0x0842,
  0x0842, 0x0842, 0x7c73, 0xadf8, 0x7c73, 0x7c73, 0x7c73, 0x7c73, 0x0842, 0x4acd, 0xadf8, 0x7c73,
  0x7c73, 0xadf8, 0x4acd, 0x4acd, 0x4acd, 0xadf8, 0x7c73, 0x7c73, 0x7c73, 0x7c73, 0x0842, 0x0842,
  0x0842, 0x7c73, 0xadf8, 0x7c73, 0x7c73, 0x7c73, 0x7c73, 0x0842, 0x4acd, 0x4acd, 0x4acd, 0x4acd,
  0x4acd, 0xadf8, 0xadf8, 0x7c73, 0x7c73, 0x7c73, 0x7c73, 0x7c73, 0x7c73, 0x0842, 0x0842, 0x0842,
  0x7c73, 0xadf8, 0x7c73, 0x7c73, 0x7c73, 0x0842, 0x4acd, 0x4acd, 0xadf8, 0x7c73, 0x7c73, 0x7c73,
  0x0842, 0x4acd, 0x4acd, 0xadf8, 0x7c73, 0x7c73, 0x7c73, 0x7c73, 0x0842, 0x0842, 0x0842, 0x7c73,
  0xadf8, 0x7c73, 0x7c73, 0x7c73, 0x7c73, 0x0842, 0x4acd, 0x4acd, 0x4acd, 0x4acd, 0x4acd, 0x4acd,
  0x4acd, 0x4acd, 0xadf8, 0x7c73, 0x7c73, 0x7c73, 0x7c73, 0x0842, 0x0842, 0x0842, 0x7c73, 0xadf8,
  0x7c73, 0x7c73, 0x7c73, 0x7c73, 0x0842, 0x4acd, 0x4acd, 0x4acd, 0xadf8, 0x7c73, 0x7c73, 0x0842,
  0x4acd, 0xadf8, 0x7c73, 0x7c73, 0x7c73, 0x0842, 0x0842, 0x0842, 0x63d0, 0xadf8, 0x7c73, 0x7c73,
  0x7c73, 0x7c73, 0x7c73, 0x7c73, 0x7c73, 0x7c73, 0x7c73, 0x7c73, 0x7c73, 0x7c73, 0x7c73, 0x7c73,
  0x7c73, 0x7c73, 0x7c73, 0x0842, 0x0842, 0x0842, 0x7c73, 0xadf8, 0x7c73, 0x7c73, 0x7c73, 0x7c73,
  0x0842, 0x4acd, 0xadf8, 0x7c73, 0x7c73, 0x7c73, 0xadf8, 0x4acd, 0x4acd, 0xadf8, 0x7c73, 0x7c73,
  0x7c73, 0x7c73, 0x0842, 0x0842, 0x0842, 0x7c73, 0xadf8, 0x7c73, 0x7c73, 0x7c73, 0x7c73, 0x0842,
  0x4acd, 0x4acd, 0x4acd, 0xadf8, 0xadf8, 0x7c73, 0x7c73, 0x7c73, 0x7c73, 0x7c73, 0x7c73, 0x7c73,
  0x7c73, 0x0842, 0x0842, 0x0842, 0x7c73, 0xadf8, 0x7c73, 0x7c73, 0x7c73, 0x0842, 0x4acd, 0x4acd,
  0xadf8, 0x7c73, 0x7c73, 0x7c73, 0x0842, 0x4acd, 0x4acd, 0xadf8, 0x7c73, 0x7c73, 0x7c73, 0x7c73,
  0x0842, 0x0842, 0x0842, 0x7c73, 0xadf8, 0x7c73, 0x7c73, 0x7c73, 0x7c73, 0x0842, 0x4acd, 0x4acd,
  0x4acd, 0x4acd, 0x4acd, 0x4acd, 0x4acd, 0x4acd, 0xadf8, 0x7c73, 0x7c73, 0x7c73, 0x7c73, 0x0842,
  0x0842, 0x0842, 0x7c73, 0xadf8, 0x7c73, 0x7c73, 0x7c73, 0x7c73, 0x0842, 0x4acd, 0x4acd, 0xadf8,
  0x7c73, 0x7c73, 0x7c73, 0x0842, 0x4acd, 0xadf8, 0x7c73, 0x7c73, 0x7c73, 0x0842, 0x0842, 0x0842,
  0x534e, 0x0842, 0x0842, 0x0842, 0x0842, 0x0842, 0x0842, 0x0842, 0x0842, 0x0842, 0x0842, 0x0842,
  0x0842, 0x0842, 0x0842, 0x0842, 0x0842, 0x0842, 0x0842, 0x0842, 0x0842, 0x0842, 0x7c73, 0xadf8,
  0x7c73, 0x7c73, 0x7c73, 0x7c73, 0x0842, 0x4acd, 0xadf8, 0x7c73, 0x7c73, 0x7c73, 0x7c73, 0xadf8,
  0x4acd, 0xadf8, 0x7c73, 0x7c73, 0x7c73, 0x7c73, 0x0842, 0x0842, 0x0842, 0x7c73, 0xadf8, 0x7c73,
  0x7c73, 0x7c73, 0x7c73, 0x0842, 0x4acd, 0xadf8, 0xadf8, 0x7c73, 0x7c73, 0x7c73, 0x7c73, 0x7c73,
  0x7c73, 0x7c73, 0x7c73, 0x7c73, 0x7c73, 0x0842, 0x0842, 0x0842, 0x7c73, 0xadf8, 0x7c73, 0x7c73,
  0x7c73, 0x0842, 0x4acd, 0x4acd, 0xadf8, 0x7c73, 0x7c73, 0x7c73, 0x0842, 0x4acd, 0x4acd, 0xadf8,
  0x7c73, 0x7c73, 0x7c73, 0x7c73, 0x0842, 0x0842, 0x0842, 0x7c73, 0xadf8, 0x7c73, 0x7c73, 0x7c73,
  0x7c73, 0x0842, 0x4acd, 0x4acd, 0x4acd, 0x4acd, 0x4acd, 0x4acd, 0x4acd, 0x4acd, 0xadf8, 0x7c73,
  0x7c73, 0x7c73, 0x7c73, 0x0842, 0x0842, 0x0842, 0x7c73, 0xadf8, 0x7c73, 0x7c73, 0x7c73, 0x7c73,
  0x0842, 0x4acd, 0xadf8, 0x7c73, 0x7c73, 0x7c73, 0x7c73, 0x0842, 0x4acd, 0xadf8, 0x7c73, 0x7c73,
  0x7c73, 0x0842, 0x063f, 0x063f, 0x063f, 0x063f, 0x063f, 0x063f, 0x063f, 0x063f, 0x063f, 0x063f,
  0x063f, 0x063f, 0x063f, 0x063f, 0x063f, 0x063f, 0x063f, 0x063f, 0x063f, 0x063f, 0x063f, 0x063f,
  0x0842, 0x0842, 0x7c73, 0xadf8, 0x7c73, 0x7c73, 0x7c73, 0x7c73, 0xadf8, 0xadf8, 0xadf8, 0x7c73,
  0x7c73, 0x7c73, 0x7c73, 0x7c73, 0xadf8, 0xadf8, 0x7c73, 0x7c73, 0x7c73, 0x7c73, 0x0842, 0x0842,
  0x0842, 0x7c73, 0xadf8, 0x7c73, 0x7c73, 0x7c73, 0x7c73, 0xadf8, 0xadf8, 0x7c73, 0x7c73, 0x7c73,
  0x7c73, 0x7c73, 0x7c73, 0x7c73, 0x7c73, 0x7c73, 0x7c73, 0x7c73, 0x7c73, 0x0842, 0x0842, 0x0842,
  0x7c73, 0xadf8, 0x7c73, 0x7c73, 0x7c73, 0xadf8, 0xadf8, 0xadf8, 0xadf8, 0x7c73, 0x7c73, 0x7c73,
  0xadf8, 0xadf8, 0xadf8, 0xadf8, 0x7c73, 0x7c73, 0x7c73, 0x7c73, 0x0842, 0x0842, 0x0842, 0x7c73,
  0xadf8, 0x7c73, 0x7c73, 0x7c73, 0x7c73, 0xadf8, 0xadf8, 0xadf8, 0xadf8, 0xadf8, 0xadf8, 0xadf8,
  0xadf8, 0xadf8, 0xadf8, 0x7c73, 0x7c73, 0x7c73, 0x7c73, 0x0842, 0x0842, 0x0842, 0x7c73, 0xadf8,
  0x7c73, 0x7c73, 0x7c73, 0x7c73, 0xadf8, 0xadf8, 0x7c73, 0x7c73, 0x7c73, 0x7c73, 0x7c73, 0xadf8,
  0xadf8, 0xadf8, 0x7c73, 0x7c73, 0x7c73, 0x0842, 0x063f, 0x063f, 0x063f, 0x063f, 0x063f, 0x063f,
  0x063f, 0x063f, 0x063f, 0x063f, 0x063f, 0x063f, 0x063f, 0x063f, 0x063f, 0x063f, 0x063f, 0x063f,
  0x063f, 0x063f, 0x063f, 0x063f, 0x0842, 0x0842, 0x63d0, 0xadf8, 0x7c73, 0x7c73, 0x7c73, 0x7c73,
  0x7c73, 0x7c73, 0x7c73, 0x7c73, 0x7c73, 0x7c73, 0x7c73, 0x7c73, 0x7c73, 0x7c73, 0x7c73, 0x7c73,
  0x7c73, 0x7c73, 0x0842, 0x0842, 0x0842, 0x63d0, 0xadf8, 0x7c73, 0x7c73, 0x7c73, 0x7c73, 0x7c73,
  0x7c73, 0x7c73, 0x7c73, 0x7c73, 0x7c73, 0x7c73, 0x7c73, 0x7c73, 0x7c73, 0x7c73, 0x7c73, 0x7c73,
  0x7c73, 0x0842, 0x0842, 0x0842, 0x63d0, 0xadf8, 0x7c73, 0x7c73, 0x7c73, 0x7c73, 0x7c73, 0x7c73,
  0x7c73, 0x7c73, 0x7c73, 0x7c73, 0x7c73, 0x7c73, 0x7c73, 0x7c73, 0x7c73, 0x7c73, 0x7c73, 0x7c73,
  0x0842, 0x0842, 0x0842, 0x63d0, 0xadf8, 0x7c73, 0x7c73, 0x7c73, 0x7c73, 0x7c73, 0x7c73, 0x7c73,
  0x7c73, 0x7c73, 0x7c73, 0x7c73, 0x7c73, 0x7c73, 0x7c73, 0x7c73, 0x7c73, 0x7c73, 0x7c73, 0x0842,
  0x0842, 0x0842, 0x63d0, 0xadf8, 0x7c73, 0x7c73, 0x7c73, 0x7c73, 0x7c73, 0x7c73, 0x7c73, 0x7c73,
  0x7c73, 0x7c73, 0x7c73, 0x7c73, 0x7c73, 0x7c73, 0x7c73, 0x7c73, 0x7c73, 0x0842, 0x063f, 0x063f,
  0x063f, 0x063f, 0x063f, 0x063f, 0x063f, 0x063f, 0x063f, 0x063f, 0x063f, 0x063f, 0x063f, 0x063f,
  0x063f, 0x063f, 0x063f, 0x063f, 0x063f, 0x063f, 0x063f, 0x063f, 0x0842, 0x0842, 0x534e, 0x0842,
  0x0842, 0x0842, 0x0842, 0x0842, 0x0842, 0x0842, 0x0842, 0x0842, 0x0842, 0x0842, 0x0842, 0x0842,
  0x0842, 0x0842, 0x0842, 0x0842, 0x0842, 0x0842, 0x0842, 0x0842, 0x0842, 0x534e, 0x0842, 0x0842,
  0x0842, 0x0842, 0x0842, 0x0842, 0x0842, 0x0842, 0x0842, 0x0842, 0x0842, 0x0842, 0x0842, 0x0842,
  0x0842, 0x0842, 0x0842, 0x0842, 0x0842, 0x0842, 0x0842, 0x0842, 0x534e, 0x0842, 0x0842, 0x0842,
  0x0842, 0x0842, 0x0842, 0x0842, 0x0842, 0x0842, 0x0842, 0x0842, 0x0842, 0x0842, 0x0842, 0x0842,
  0x0842, 0x0842, 0x0842, 0x0842, 0x0842, 0x0842, 0x0842, 0x534e, 0x0842, 0x0842, 0x0842, 0x0842,
  0x0842, 0x0842, 0x0842, 0x0842, 0x0842, 0x0842, 0x0842, 0x0842, 0x0842, 0x0842, 0x0842, 0x0842,
  0x0842, 0x0842, 0x0842, 0x0842, 0x0842, 0x0842, 0x534e, 0x0842, 0x0842, 0x0842, 0x0842, 0x0842,
  0x0842, 0x0842, 0x0842, 0x0842, 0x0842, 0x0842, 0x0842, 0x0842, 0x0842, 0x0842, 0x0842, 0x0842,
  0x0842, 0x0842, 0x063f, 0x063f, 0x063f, 0x063f, 0x063f, 0x063f, 0x063f, 0x063f, 0x063f, 0x063f,
  0x063f, 0x063f, 0x063f, 0x063f, 0x063f, 0x063f, 0x063f, 0x063f, 0x063f, 0x063f, 0x063f, 0x063f,
};

// SKIN_FONT: 155x74, 22940 bytes RGB565 LE
const uint16_t SKIN_FONT[11470] = {
  0x0000, 0x0700, 0x0700, 0x0000, 0x0000, 0x0700, 0x0700, 0x0700, 0x0000, 0x0000, 0x0000, 0x0700,
  0x0700, 0x0000, 0x0000, 0x0700, 0x0700, 0x0700, 0x0000, 0x0000, 0x0700, 0x0700, 0x0700, 0x0700,
  0x0000, 0x0700, 0x0700, 0x0700, 0x0700, 0x0000, 0x0000, 0x0700, 0x0700, 0x0700, 0x0000, 0x0700,
  0x0000, 0x0000, 0x0700, 0x0000, 0x0000, 0x0700, 0x0700, 0x0700, 0x0000, 0x0000, 0x0000, 0x0000,
  0x0700, 0x0000, 0x0700, 0x0000, 0x0000, 0x0700, 0x0000, 0x0700, 0x0000, 0x0000, 0x0000, 0x0000,
  0x0700, 0x0000, 0x0000, 0x0700, 0x0000, 0x0700, 0x0000, 0x0000, 0x0700, 0x0000, 0x0000, 0x0700,
  0x0700, 0x0000, 0x0000, 0x0700, 0x0700, 0x0700, 0x0000, 0x0000, 0x0000, 0x0700, 0x0700, 0x0000,
  0x0000, 0x0700, 0x0700, 0x0700, 0x0000, 0x0000, 0x0000, 0x0700, 0x0700, 0x0700, 0x0000, 0x0000,
  0x0700, 0x0700, 0x0700, 0x0000, 0x0700, 0x0000, 0x0000, 0x0700, 0x0000, 0x0700, 0x0000, 0x0000,
  0x0700, 0x0000, 0x0700, 0x0000, 0x0000, 0x0700, 0x0000, 0x0700, 0x0000, 0x0000, 0x0700, 0x0000,
  0x0700, 0x0000, 0x0000, 0x0700, 0x0000, 0x0700, 0x0700, 0x0700, 0x0700, 0x0000, 0x0000, 0x0700,
  0x0000, 0x0700, 0x0000, 0x0000, 0x0000, 0x0000, 0x0700, 0x0700, 0x0000, 0x0000, 0x0000, 0x0000,
  0x0000, 0x0000, 0x0000, 0x0000, 0x0000, 0x0000, 0x0000, 0x0000, 0x0000, 0x0000, 0x0000, 0x0700,
  0x0000, 0x0000, 0x0700, 0x0000, 0x0700, 0x0000, 0x0000, 0x0700, 0x0000, 0x0700, 0x0000, 0x0000,
  0x0700, 0x0000, 0x0700, 0x0000, 0x0000, 0x0700, 0x0000, 0x0700, 0x0000, 0x0000, 0x0000, 0x0000,
  0x0700, 0x0000, 0x0000, 0x0000, 0x0000, 0x0700, 0x0000, 0x0000, 0x0000, 0x0000, 0x0700, 0x0000,
  0x0000, 0x0700, 0x0000, 0x0000, 0x0000, 0x0700, 0x0000, 0x0000, 0x0000, 0x0000, 0x0000, 0x0700,
  0x0000, 0x0700, 0x0000, 0x0700, 0x0000, 0x0000, 0x0700, 0x0000, 0x0000, 0x0000, 0x0000, 0x0700,
  0x0700, 0x0700, 0x0700, 0x0000, 0x0700, 0x0000, 0x0000, 0x0700, 0x0000, 0x0700, 0x0000, 0x0000,
  0x0700, 0x0000, 0x0700, 0x0000, 0x0000, 0x0700, 0x0000, 0x0700, 0x0000, 0x0000, 0x0700, 0x0000,
  0x0700, 0x0000, 0x0000, 0x0700, 0x0000, 0x0700, 0x0000, 0x0000, 0x0000, 0x0000, 0x0000, 0x0000,
  0x0700, 0x0000, 0x0000, 0x0700, 0x0000, 0x0000, 0x0700, 0x0000, 0x0700, 0x0000, 0x0000, 0x0700,
  0x0000, 0x0700, 0x0000, 0x0000, 0x0700, 0x0000, 0x0700, 0x0000, 0x0000, 0x0700, 0x0000, 0x0700,
  0x0000, 0x0000, 0x0700, 0x0000, 0x0000, 0x0000, 0x0000, 0x0700, 0x0000, 0x0000, 0x0700, 0x0000,
  0x0700, 0x0000, 0x0000, 0x0000, 0x0700, 0x0000, 0x0000, 0x0700, 0x0000, 0x0000, 0x0000, 0x0000,
  0x0000, 0x0000, 0x0000, 0x0000, 0x0000, 0x0000, 0x0000, 0x0000, 0x0000, 0x0000, 0x0700, 0x0700,
  0x0700, 0x0700, 0x0000, 0x0700, 0x0700, 0x0700, 0x0000, 0x0000, 0x0700, 0x0000, 0x0000, 0x0000,
  0x0000, 0x0700, 0x0000, 0x0000, 0x0700, 0x0000, 0x0700, 0x0700, 0x0700, 0x0000, 0x0000, 0x0700,
  0x0700, 0x0700, 0x0000, 0x0000, 0x0700, 0x0000, 0x0700, 0x0700, 0x0000, 0x0700, 0x0700, 0x0700,
  0x0700, 0x0000, 0x0000, 0x0000, 0x0700, 0x0000, 0x0000, 0x0000, 0x0000, 0x0000, 0x0700, 0x0000,
  0x0700, 0x0700, 0x0000, 0x0000, 0x0000, 0x0700, 0x0000, 0x0000, 0x0000, 0x0000, 0x0700, 0x0700,
  0x0700, 0x0700, 0x0000, 0x0700, 0x0700, 0x0000, 0x0700, 0x0000, 0x0700, 0x0000, 0x0000, 0x0700,
  0x0000, 0x0700, 0x0700, 0x0700, 0x0000, 0x0000, 0x0700, 0x0000, 0x0000, 0x0700, 0x0000, 0x0700,
  0x0700, 0x0700, 0x0000, 0x0000, 0x0000, 0x0700, 0x0700, 0x0000, 0x0000, 0x0000, 0x0000, 0x0700,
  0x0000, 0x0000, 0x0700, 0x0000, 0x0000, 0x0700, 0x0000, 0x0700, 0x0000, 0x0000, 0x0700, 0x0000,
  0x0700, 0x0000, 0x0000, 0x0700, 0x0000, 0x0000, 0x0700, 0x0700, 0x0000, 0x0000, 0x0000, 0x0700,
  0x0700, 0x0000, 0x0000, 0x0000, 0x0000, 0x0700, 0x0000, 0x0000, 0x0000, 0x0000, 0x0000, 0x0000,
  0x0000, 0x0000, 0x0700, 0x0000, 0x0700, 0x0700, 0x0000, 0x0700, 0x0000, 0x0000, 0x0000, 0x0000,
  0x0000, 0x0000, 0x0000, 0x0000, 0x0000, 0x0000, 0x0000, 0x0000, 0x0000, 0x0700, 0x0000, 0x0000,
  0x0700, 0x0000, 0x0700, 0x0000, 0x0000, 0x0700, 0x0000, 0x0700, 0x0000, 0x0000, 0x0000, 0x0000,
  0x0700, 0x0000, 0x0000, 0x0700, 0x0000, 0x0700, 0x0000, 0x0000, 0x0000, 0x0000, 0x0700, 0x0000,
  0x0000, 0x0000, 0x0000, 0x0700, 0x0000, 0x0000, 0x0700, 0x0000, 0x0700, 0x0000, 0x0000, 0x0700,
  0x0000, 0x0000, 0x0000, 0x0700, 0x0000, 0x0000, 0x0700, 0x0000, 0x0000, 0x0700, 0x0000, 0x0700,
  0x0700, 0x0000, 0x0000, 0x0000, 0x0700, 0x0000, 0x0000, 0x0000, 0x0000, 0x0700, 0x0000, 0x0000,
  0x0700, 0x0000, 0x0700, 0x0000, 0x0700, 0x0700, 0x0000, 0x0700, 0x0000, 0x0000, 0x0700, 0x0000,
  0x0700, 0x0000, 0x0000, 0x0000, 0x0000, 0x0700, 0x0700, 0x0000, 0x0700, 0x0000, 0x0700, 0x0700,
  0x0000, 0x0000, 0x0000, 0x0000, 0x0000, 0x0000, 0x0700, 0x0000, 0x0000, 0x0000, 0x0700, 0x0000,
  0x0000, 0x0700, 0x0000, 0x0000, 0x0700, 0x0000, 0x0700, 0x0000, 0x0000, 0x0700, 0x0000, 0x0700,
  0x0700, 0x0700, 0x0700, 0x0000, 0x0000, 0x0700, 0x0700, 0x0000, 0x0000, 0x0000, 0x0000, 0x0700,
  0x0000, 0x0000, 0x0000, 0x0700, 0x0000, 0x0000, 0x0000, 0x0000, 0x0000, 0x0000, 0x0000, 0x0000,
  0x0000, 0x0700, 0x0000, 0x0700, 0x0700, 0x0700, 0x0700, 0x0000, 0x0000, 0x0000, 0x0000, 0x0000,
  0x0000, 0x0000, 0x0000, 0x0000, 0x0000, 0x0000, 0x0000, 0x0000, 0x0700, 0x0000, 0x0000, 0x0700,
  0x0000, 0x0700, 0x0000, 0x0000, 0x0700, 0x0000, 0x0700, 0x0000, 0x0000, 0x0700, 0x0000, 0x0700,
  0x0000, 0x0000, 0x0700, 0x0000, 0x0700, 0x0000, 0x0000, 0x0000, 0x0000, 0x0700, 0x0000, 0x0000,
  0x0000, 0x0000, 0x0700, 0x0000, 0x0000, 0x0700, 0x0000, 0x0700, 0x0000, 0x0000, 0x0700, 0x0000,
  0x0000, 0x0000, 0x0700, 0x0000, 0x0000, 0x0700, 0x0000, 0x0000, 0x0700, 0x0000, 0x0700, 0x0000,
  0x0700, 0x0000, 0x0000, 0x0700, 0x0000, 0x0000, 0x0000, 0x0000, 0x0700, 0x0000, 0x0000, 0x0700,
  0x0000, 0x0700, 0x0000, 0x0000, 0x0700, 0x0000, 0x0700, 0x0000, 0x0000, 0x0700, 0x0000, 0x0700,
  0x0000, 0x0000, 0x0000, 0x0000, 0x0700, 0x0000, 0x0700, 0x0700, 0x0000, 0x0700, 0x0000, 0x0700,
  0x0000, 0x0000, 0x0000, 0x0000, 0x0000, 0x0700, 0x0000, 0x0000, 0x0000, 0x0700, 0x0000, 0x0000,
  0x0700, 0x0000, 0x0000, 0x0700, 0x0000, 0x0000, 0x0700, 0x0700, 0x0000, 0x0000, 0x0700, 0x0700,
  0x0700, 0x0700, 0x0000, 0x0700, 0x0000, 0x0000, 0x0700, 0x0000, 0x0000, 0x0000, 0x0700, 0x0000,
  0x0000, 0x0700, 0x0000, 0x0000, 0x0000, 0x0000, 0x0000, 0x0000, 0x0000, 0x0000, 0x0000, 0x0000,
  0x0000, 0x0700, 0x0000, 0x0000, 0x0000, 0x0000, 0x0000, 0x0000, 0x0000, 0x0000, 0x0000, 0x0000,
  0x0000, 0x0000, 0x0000, 0x0000, 0x0000, 0x0000, 0x0000, 0x0700, 0x0000, 0x0000, 0x0700, 0x0000,
  0x0700, 0x0700, 0x0700, 0x0000, 0x0000, 0x0000, 0x0700, 0x0700, 0x0000, 0x0000, 0x0700, 0x0700,
  0x0700, 0x0000, 0x0000, 0x0700, 0x0700, 0x0700, 0x0700, 0x0000, 0x0700, 0x0000, 0x0000, 0x0000,
  0x0000, 0x0000, 0x0700, 0x0700, 0x0000, 0x0000, 0x0700, 0x0000, 0x0000, 0x0700, 0x0000, 0x0000,
  0x0700, 0x0700, 0x0700, 0x0000, 0x0000, 0x0700, 0x0700, 0x0000, 0x0000, 0x0700, 0x0000, 0x0000,
  0x0700, 0x0000, 0x0700, 0x0700, 0x0700, 0x0700, 0x0000, 0x0700, 0x0000, 0x0000, 0x0700, 0x0000,
  0x0700, 0x0000, 0x0000, 0x0700, 0x0000, 0x0000, 0x0700, 0x0700, 0x0000, 0x0000, 0x0700, 0x0000,
  0x0000, 0x0000, 0x0000, 0x0000, 0x0700, 0x0700, 0x0700, 0x0000, 0x0700, 0x0000, 0x0000, 0x0700,
  0x0000, 0x0700, 0x0700, 0x0700, 0x0000, 0x0000, 0x0000, 0x0000, 0x0700, 0x0000, 0x0000, 0x0000,
  0x0700, 0x0700, 0x0000, 0x0000, 0x0000, 0x0700, 0x0700, 0x0000, 0x0000, 0x0700, 0x0000, 0x0000,
  0x0700, 0x0000, 0x0700, 0x0000, 0x0000, 0x0700, 0x0000, 0x0000, 0x0000, 0x0700, 0x0000, 0x0000,
  0x0700, 0x0700, 0x0700, 0x0700, 0x0000, 0x0000, 0x0000, 0x0000, 0x0000, 0x0000, 0x0000, 0x0000,
  0x0000, 0x0700, 0x0700, 0x0000, 0x0000, 0x0000, 0x0000, 0x0000, 0x0000, 0x0000, 0x0000, 0x0000,
  0x0000, 0x0000, 0x0000, 0x0000, 0x0000, 0x0000, 0x0000, 0x0700, 0x0700, 0x0000, 0x0000, 0x0000,
  0x0000, 0x0700, 0x0000, 0x0000, 0x0700, 0x0700, 0x0700, 0x0000, 0x0000, 0x0700, 0x0700, 0x0700,
  0x0700, 0x0000, 0x0000, 0x0000, 0x0700, 0x0000, 0x0000, 0x0700, 0x0700, 0x0700, 0x0700, 0x0000,
  0x0000, 0x0700, 0x0700, 0x0000, 0x0000, 0x0700, 0x0700, 0x0700, 0x0700, 0x0000, 0x0000, 0x0700,
  0x0700, 0x0000, 0x0000, 0x0000, 0x0700, 0x0700, 0x0000, 0x0000, 0x0000, 0x0000, 0x0000, 0x0000,
  0x0000, 0x0000, 0x0000, 0x0000, 0x0000, 0x0000, 0x0000, 0x0000, 0x0000, 0x0000, 0x0000, 0x0000,
  0x0000, 0x0000, 0x0000, 0x0000, 0x0000, 0x0000, 0x0000, 0x0000, 0x0000, 0x0000, 0x0000, 0x0000,
  0x0000, 0x0000, 0x0000, 0x0000, 0x0700, 0x0000, 0x0000, 0x0000, 0x0700, 0x0000, 0x0000, 0x0000,
  0x0000, 0x0000, 0x0000, 0x0000, 0x0000, 0x0000, 0x0000, 0x0700, 0x0000, 0x0000, 0x0000, 0x0000,
  0x0000, 0x0000, 0x0000, 0x0000, 0x0000, 0x0000, 0x0000, 0x0000, 0x0000, 0x0700, 0x0700, 0x0000,
  0x0000, 0x0000, 0x0000, 0x0700, 0x0700, 0x0000, 0x0000, 0x0000, 0x0700, 0x0000, 0x0000, 0x0000,
  0x0000, 0x0700, 0x0000, 0x0000, 0x0000, 0x0700, 0x0700, 0x0000, 0x0000, 0x0000, 0x0000, 0x0000,
  0x0000, 0x0000, 0x0000, 0x0000, 0x0000, 0x0000, 0x0000, 0x0000, 0x0000, 0x0700, 0x0000, 0x0000,
  0x0000, 0x0700, 0x0700, 0x0000, 0x0000, 0x0700, 0x0000, 0x0000, 0x0700, 0x0000, 0x0000, 0x0700,
  0x0700, 0x0000, 0x0000, 0x0000, 0x0000, 0x0000, 0x0700, 0x0000, 0x0000, 0x0000, 0x0700, 0x0000,
  0x0000, 0x0000, 0x0700, 0x0700, 0x0000, 0x0000, 0x0700, 0x0000, 0x0000, 0x0000, 0x0000, 0x0700,
  0x0000, 0x0000, 0x0000, 0x0000, 0x0000, 0x0000, 0x0000, 0x0700, 0x0000, 0x0700, 0x0000, 0x0000,
  0x0700, 0x0000, 0x0700, 0x0000, 0x0000, 0x0700, 0x0000, 0x0000, 0x0000, 0x0000, 0x0000, 0x0000,
  0x0000, 0x0000, 0x0000, 0x0000, 0x0000, 0x0000, 0x0000, 0x0000, 0x0000, 0x0000, 0x0000, 0x0000,
  0x0000, 0x0700, 0x0000, 0x0700, 0x0000, 0x0000, 0x0000, 0x0000, 0x0000, 0x0000, 0x0000, 0x0000,
  0x0000, 0x0000, 0x0000, 0x0700, 0x0000, 0x0000, 0x0000, 0x0700, 0x0000, 0x0000, 0x0000, 0x0000,
  0x0000, 0x0000, 0x0000, 0x0000, 0x0000, 0x0000, 0x0700, 0x0000, 0x0000, 0x0700, 0x0000, 0x0000,
  0x0000, 0x0000, 0x0000, 0x0000, 0x0000, 0x0000, 0x0700, 0x0000, 0x0700, 0x0000, 0x0000, 0x0000,
  0x0000, 0x0000, 0x0000, 0x0700, 0x0000, 0x0000, 0x0700, 0x0000, 0x0700, 0x0000, 0x0000, 0x0700,
  0x0000, 0x0700, 0x0000, 0x0000, 0x0700, 0x0700, 0x0000, 0x0700, 0x0000, 0x0000, 0x0000, 0x0000,
  0x0000, 0x0000, 0x0700, 0x0700, 0x0700, 0x0000, 0x0000, 0x0700, 0x0700, 0x0700, 0x0000, 0x0700,
  0x0700, 0x0700, 0x0700, 0x0000, 0x0700, 0x0000, 0x0700, 0x0700, 0x0000, 0x0000, 0x0000, 0x0700,
  0x0000, 0x0000, 0x0000, 0x0000, 0x0000, 0x0700, 0x0000, 0x0000, 0x0700, 0x0700, 0x0000, 0x0000,
  0x0700, 0x0000, 0x0700, 0x0000, 0x0000, 0x0700, 0x0700, 0x0700, 0x0000, 0x0000, 0x0700, 0x0700,
  0x0700, 0x0000, 0x0000, 0x0000, 0x0000, 0x0700, 0x0000, 0x0000, 0x0000, 0x0700, 0x0700, 0x0000,
  0x0000, 0x0700, 0x0000, 0x0000, 0x0700, 0x0000, 0x0000, 0x0000, 0x0000, 0x0000, 0x0000, 0x0000,
  0x0000, 0x0000, 0x0000, 0x0000, 0x0000, 0x0700, 0x0700, 0x0000, 0x0000, 0x0000, 0x0000, 0x0700,
  0x0000, 0x0000, 0x0000, 0x0700, 0x0000, 0x0000, 0x0000, 0x0000, 0x0000, 0x0000, 0x0000, 0x0000,
  0x0000, 0x0000, 0x0000, 0x0000, 0x0000, 0x0000, 0x0700, 0x0000, 0x0000, 0x0000, 0x0000, 0x0000,
  0x0000, 0x0000, 0x0000, 0x0700, 0x0700, 0x0700, 0x0700, 0x0700, 0x0000, 0x0700, 0x0000, 0x0000,
  0x0000, 0x0000, 0x0000, 0x0000, 0x0700, 0x0000, 0x0000, 0x0700, 0x0000, 0x0000, 0x0000, 0x0000,
  0x0000, 0x0000, 0x0700, 0x0000, 0x0700, 0x0000, 0x0000, 0x0000, 0x0700, 0x0000, 0x0000, 0x0700,
  0x0000, 0x0000, 0x0000, 0x0000, 0x0000, 0x0700, 0x0000, 0x0000, 0x0000, 0x0000, 0x0000, 0x0000,
  0x0000, 0x0000, 0x0000, 0x0000, 0x0000, 0x0000, 0x0700, 0x0700, 0x0000, 0x0000, 0x0000, 0x0700,
  0x0700, 0x0000, 0x0000, 0x0700, 0x0700, 0x0000, 0x0700, 0x0000, 0x0000, 0x0000, 0x0700, 0x0000,
  0x0000, 0x0000, 0x0700, 0x0700, 0x0000, 0x0000, 0x0000, 0x0000, 0x0000, 0x0700, 0x0000, 0x0700,
  0x0700, 0x0700, 0x0700, 0x0000, 0x0000, 0x0000, 0x0000, 0x0700, 0x0000, 0x0700, 0x0000, 0x0000,
  0x0700, 0x0000, 0x0000, 0x0700, 0x0000, 0x0000, 0x0000, 0x0700, 0x0000, 0x0000, 0x0700, 0x0000,
  0x0000, 0x0700, 0x0700, 0x0700, 0x0000, 0x0000, 0x0000, 0x0000, 0x0000, 0x0000, 0x0000, 0x0000,
  0x0000, 0x0000, 0x0000, 0x0000, 0x0000, 0x0000, 0x0000, 0x0000, 0x0000, 0x0000, 0x0700, 0x0000,
  0x0000, 0x0000, 0x0700, 0x0000, 0x0000, 0x0000, 0x0700, 0x0700, 0x0700, 0x0700, 0x0000, 0x0000,
  0x0000, 0x0000, 0x0000, 0x0000, 0x0000, 0x0700, 0x0000, 0x0000, 0x0000, 0x0000, 0x0000, 0x0000,
  0x0000, 0x0000, 0x0000, 0x0000, 0x0700, 0x0000, 0x0000, 0x0000, 0x0000, 0x0700, 0x0000, 0x0000,
  0x0000, 0x0000, 0x0700, 0x0000, 0x0000, 0x0000, 0x0700, 0x0000, 0x0000, 0x0000, 0x0000, 0x0000,
  0x0000, 0x0700, 0x0000, 0x0000, 0x0000, 0x0000, 0x0000, 0x0000, 0x0000, 0x0700, 0x0000, 0x0700,
  0x0700, 0x0000, 0x0000, 0x0700, 0x0000, 0x0000, 0x0000, 0x0000, 0x0000, 0x0000, 0x0000, 0x0000,
  0x0700, 0x0700, 0x0700, 0x0000, 0x0000, 0x0000, 0x0700, 0x0700, 0x0000, 0x0700, 0x0700, 0x0700,
  0x0700, 0x0000, 0x0700, 0x0000, 0x0000, 0x0700, 0x0000, 0x0000, 0x0000, 0x0700, 0x0000, 0x0000,
  0x0700, 0x0000, 0x0000, 0x0000, 0x0000, 0x0700, 0x0000, 0x0000, 0x0700, 0x0000, 0x0000, 0x0000,
  0x0700, 0x0000, 0x0000, 0x0000, 0x0000, 0x0000, 0x0700, 0x0000, 0x0700, 0x0000, 0x0000, 0x0700,
  0x0000, 0x0000, 0x0700, 0x0000, 0x0000, 0x0000, 0x0700, 0x0000, 0x0000, 0x0700, 0x0000, 0x0000,
  0x0000, 0x0000, 0x0700, 0x0000, 0x0000, 0x0000, 0x0000, 0x0000, 0x0000, 0x0000, 0x0000, 0x0000,
  0x0000, 0x0000, 0x0000, 0x0700, 0x0700, 0x0000, 0x0000, 0x0000, 0x0000, 0x0000, 0x0700, 0x0000,
  0x0700, 0x0000, 0x0000, 0x0000, 0x0000, 0x0000, 0x0000, 0x0000, 0x0000, 0x0000, 0x0000, 0x0000,
  0x0000, 0x0000, 0x0000, 0x0000, 0x0000, 0x0000, 0x0000, 0x0000, 0x0000, 0x0000, 0x0000, 0x0000,
  0x0000, 0x0000, 0x0000, 0x0700, 0x0000, 0x0000, 0x0000, 0x0000, 0x0000, 0x0700, 0x0000, 0x0000,
  0x0700, 0x0000, 0x0000, 0x0000, 0x0000, 0x0700, 0x0000, 0x0000, 0x0000, 0x0000, 0x0000, 0x0000,
  0x0700, 0x0000, 0x0000, 0x0000, 0x0000, 0x0000, 0x0000, 0x0000, 0x0700, 0x0000, 0x0700, 0x0000,
  0x0000, 0x0700, 0x0000, 0x0700, 0x0700, 0x0000, 0x0000, 0x0700, 0x0000, 0x0000, 0x0000, 0x0000,
  0x0000, 0x0000, 0x0000, 0x0000, 0x0700, 0x0700, 0x0700, 0x0000, 0x0000, 0x0700, 0x0700, 0x0000,
  0x0000, 0x0000, 0x0700, 0x0700, 0x0000, 0x0000, 0x0000, 0x0000, 0x0700, 0x0000, 0x0000, 0x0700,
  0x0700, 0x0700, 0x0700, 0x0000, 0x0000, 0x0700, 0x0700, 0x0000, 0x0000, 0x0000, 0x0000, 0x0700,
  0x0000, 0x0000, 0x0700, 0x0700, 0x0700, 0x0000, 0x0000, 0x0000, 0x0700, 0x0700, 0x0000, 0x0000,
  0x0000, 0x0700, 0x0000, 0x0000, 0x0000, 0x0000, 0x0700, 0x0700, 0x0000, 0x0000, 0x0000, 0x0700,
  0x0700, 0x0000, 0x0000, 0x0700, 0x0000, 0x0700, 0x0000, 0x0700, 0x0700, 0x0700, 0x0000, 0x0000,
  0x0000, 0x0000, 0x0000, 0x0000, 0x0000, 0x0000, 0x0000, 0x0000, 0x0000, 0x0000, 0x0000, 0x0000,
  0x0000, 0x0000, 0x0000, 0x0000, 0x0000, 0x0000, 0x0000, 0x0000, 0x0000, 0x0000, 0x0000, 0x0000,
  0x0000, 0x0000, 0x0000, 0x0700, 0x0000, 0x0000, 0x0000, 0x0700, 0x0700, 0x0700, 0x0700, 0x0700,
  0x0000, 0x0000, 0x0000, 0x0000, 0x0000, 0x0000, 0x0000, 0x0000, 0x0000, 0x0700, 0x0700, 0x0000,
  0x0000, 0x0000, 0x0000, 0x0000, 0x0700, 0x0700, 0x0000, 0x0000, 0x0000, 0x0000, 0x0700, 0x0700,
  0x0000, 0x0000, 0x0000, 0x0000, 0x0000, 0x0000, 0x0000, 0x0000, 0x0700, 0x0000, 0x0700, 0x0000,
  0x0000, 0x0000, 0x0700, 0x0700, 0x0000, 0x0000, 0x0700, 0x0000, 0x0000, 0x0000, 0x0000, 0x0000,
  0x0000, 0x0000, 0x0000, 0x0000, 0x0700, 0x0000, 0x0000, 0x0000, 0x0000, 0x0000, 0x0000, 0x0000,
  0x0000, 0x0700, 0x0700, 0x0000, 0x0000, 0x0700, 0x0000, 0x0000, 0x0700, 0x0000, 0x0700, 0x0000,
  0x0000, 0x0700, 0x0000, 0x0000, 0x0700, 0x0700, 0x0000, 0x0000, 0x0000, 0x0000, 0x0000, 0x0000,
  0x0000, 0x0000, 0x0000, 0x0000, 0x0000, 0x0000, 0x0000, 0x0000, 0x0000, 0x0000, 0x0000, 0x0000,
  0x0000, 0x0000, 0x0000, 0x0000, 0x0000, 0x0000, 0x0000, 0x0000, 0x0000, 0x0000, 0x0000, 0x0000,
  0x0000, 0x0000, 0x0000, 0x0000, 0x0000, 0x0000, 0x0000, 0x0000, 0x0000, 0x0000, 0x0000, 0x0000,
  0x0000, 0x0000, 0x0000, 0x0000, 0x0000, 0x0000, 0x0000, 0x0000, 0x0000, 0x0000, 0x0000, 0x0000,
  0x0000, 0x0000, 0x0000, 0x0000, 0x0000, 0x0000, 0x0000, 0x0000, 0x0000, 0x0000, 0x0000, 0x0000,
  0x0000, 0x0000, 0x0000, 0x0000, 0x0000, 0x0000, 0x0000, 0x0000, 0x0000, 0x0000, 0x0000, 0x0000,
  0x0000, 0x0000, 0x0000, 0x0000, 0x0000, 0x0000, 0x0000, 0x0000, 0x0000, 0x0000, 0x0000, 0x0000,
  0x0000, 0x0000, 0x0000, 0x0000, 0x0000, 0x0000, 0x0000, 0x0000, 0x0000, 0x0000, 0x0000, 0x0000,
  0x0000, 0x0000, 0x0000, 0x0000, 0x0000, 0x0000, 0x0000, 0x0000, 0x0000, 0x0000, 0x0000, 0x0000,
  0x0000, 0x0000, 0x0000, 0x0000, 0x0000, 0x0000, 0x0000, 0x0000, 0x0000, 0x0000, 0x0000, 0x0000,
  0x0000, 0x0000, 0x0000, 0x0000, 0x0000, 0x0000, 0x0000, 0x0000, 0x0000, 0x0000, 0x0000, 0x0700,
  0x0000, 0x0000, 0x0700, 0x0000, 0x0000, 0x0700, 0x0700, 0x0000, 0x0000, 0x0000, 0x0000, 0x0000,
  0x0000, 0x0000, 0x0700, 0x0000, 0x0000, 0x0700, 0x0000, 0x0000, 0x0000, 0x0700, 0x0000, 0x0000,
  0x0000, 0x0000, 0x0000, 0x0000, 0x0000, 0x0000, 0x0000, 0x0000, 0x0000, 0x0000, 0x0000, 0x0000,
  0x0000, 0x0000, 0x0000, 0x0000, 0x0000, 0x0000, 0x0000, 0x0000, 0x0000, 0x0000, 0x0000, 0x0000,
  0x0000, 0x0000, 0x0000, 0x0000, 0x0000, 0x0000, 0x0000, 0x0000, 0x0000, 0x0000, 0x0000, 0x0000,
  0x0000, 0x0000, 0x0000, 0x0000, 0x0000, 0x0000, 0x0000, 0x0000, 0x0000, 0x0000, 0x0000, 0x0000,
  0x0000, 0x0000, 0x0000, 0x0000, 0x0000, 0x0000, 0x0000, 0x0000, 0x0000, 0x0000, 0x0000, 0x0000,
  0x0000, 0x0000, 0x0000, 0x0000, 0x0000, 0x0000, 0x0000, 0x0000, 0x0000, 0x0000, 0x0000, 0x0000,
  0x0000, 0x0000, 0x0000, 0x0000, 0x0000, 0x0000, 0x0000, 0x0000, 0x0000, 0x0000, 0x0000, 0x0000,
  0x0000, 0x0000, 0x0000, 0x0000, 0x0000, 0x0000, 0x0000, 0x0000, 0x0000, 0x0000, 0x0000, 0x0000,
  0x0000, 0x0000, 0x0000, 0x0000, 0x0000, 0x0000, 0x0000, 0x0000, 0x0000, 0x0000, 0x0000, 0x0000,
  0x0000, 0x0000, 0x0000, 0x0000, 0x0000, 0x0000, 0x0000, 0x0000, 0x0000, 0x0000, 0x0000, 0x0000,
  0x0000, 0x0000, 0x0000, 0x0000, 0x0000, 0x0000, 0x0000, 0x0000, 0x0000, 0x0000, 0x0000, 0x0700,
  0x0700, 0x0000, 0x0000, 0x0700, 0x0000, 0x0000, 0x0700, 0x0000, 0x0000, 0x0700, 0x0700, 0x0000,
  0x0000, 0x0000, 0x0000, 0x0000, 0x0700, 0x0000, 0x0700, 0x0700, 0x0700, 0x0000, 0x0000, 0x0000,
  0x0000, 0x0000, 0x0000, 0x0000, 0x0000, 0x0000, 0x0000, 0x0000, 0x0000, 0x0000, 0x0000, 0x0000,
  0x0000, 0x0000, 0x0000, 0x0000, 0x0000, 0x0000, 0x0000, 0x0000, 0x0000, 0x0000, 0x0000, 0x0000,
  0x0000, 0x0000, 0x0000, 0x0000, 0x0000, 0x0000, 0x0000, 0x0000, 0x0000, 0x0000, 0x0000, 0x0000,
  0x0000, 0x0000, 0x0000, 0x0000, 0x0000, 0x0000, 0x0000, 0x0000, 0x0000, 0x0000, 0x0000, 0x0000,
  0x0000, 0x0000, 0x0000, 0x0000, 0x0000, 0x0000, 0x0000, 0x0000, 0x0000, 0x0000, 0x0000, 0x0000,
  0x0000, 0x0000, 0x0000, 0x0000, 0x0000, 0x0000, 0x0000, 0x0000, 0x0000, 0x0000, 0x0000, 0x0000,
  0x0000, 0x0000, 0x0000, 0x0000, 0x0000, 0x0000, 0x0000, 0x0000, 0x0000, 0x0000, 0x0000, 0x0000,
  0x0000, 0x0000, 0x0000, 0x0000, 0x0000, 0x0000, 0x0000, 0x0000, 0x0000, 0x0000, 0x0000, 0x0000,
  0x0000, 0x0000, 0x0000, 0x0000, 0x0000, 0x0000, 0x0000, 0x0000, 0x0000, 0x0000, 0x0000, 0x0000,
  0x0000, 0x0000, 0x0000, 0x0000, 0x0000, 0x0000, 0x0000, 0x0000, 0x0000, 0x0000, 0x0000, 0x0000,
  0x0000, 0x0000, 0x0000, 0x0000, 0x0000, 0x0000, 0x0000, 0x0000, 0x0000, 0x0700, 0x0000, 0x0000,
  0x0700, 0x0000, 0x0700, 0x0000, 0x0000, 0x0700, 0x0000, 0x0700, 0x0000, 0x0000, 0x0700, 0x0000,
  0x0000, 0x0700, 0x0700, 0x0000, 0x0000, 0x0000, 0x0700, 0x0700, 0x0700, 0x0000, 0x0000, 0x0000,
  0x0000, 0x0000, 0x0000, 0x0000, 0x0000, 0x0000, 0x0000, 0x0000, 0x0000, 0x0000, 0x0000, 0x0000,
  0x0000, 0x0000, 0x0000, 0x0000, 0x0000, 0x0000, 0x0000, 0x0000, 0x0000, 0x0000, 0x0000, 0x0000,
  0x0000, 0x0000, 0x0000, 0x0000, 0x0000, 0x0000, 0x0000, 0x0000, 0x0000, 0x0000, 0x0000, 0x0000,
  0x0000, 0x0000, 0x0000, 0x0000, 0x0000, 0x0000, 0x0000, 0x0000, 0x0000, 0x0000, 0x0000, 0x0000,
  0x0000, 0x0000, 0x0000, 0x0000, 0x0000, 0x0000, 0x0000, 0x0000, 0x0000, 0x0000, 0x0000, 0x0000,
  0x0000, 0x0000, 0x0000, 0x0000, 0x0000, 0x0000, 0x0000, 0x0000, 0x0000, 0x0000, 0x0000, 0x0000,
  0x0000, 0x0000, 0x0000, 0x0000, 0x0000, 0x0000, 0x0000, 0x0000, 0x0000, 0x0000, 0x0000, 0x0000,
  0x0000, 0x0000, 0x0000, 0x0000, 0x0000, 0x0000, 0x0000, 0x0000, 0x0000, 0x0000, 0x0000, 0x0000,
  0x0000, 0x0000, 0x0000, 0x0000, 0x0000, 0x0000, 0x0000, 0x0000, 0x0000, 0x0000, 0x0000, 0x0000,
  0x0000, 0x0000, 0x0000, 0x0000, 0x0000, 0x0000, 0x0000, 0x0000, 0x0000, 0x0000, 0x0000, 0x0000,
  0x0000, 0x0000, 0x0000, 0x0000, 0x0000, 0x0000, 0x0000, 0x0000, 0x0700, 0x0700, 0x0700, 0x0700,
  0x0000, 0x0700, 0x0000, 0x0000, 0x0700, 0x0000, 0x0700, 0x0700, 0x0700, 0x0700, 0x0000, 0x0000,
  0x0000, 0x0000, 0x0000, 0x0000, 0x0000, 0x0700, 0x0000, 0x0000, 0x0000, 0x0000, 0x0000, 0x0000,
  0x0000, 0x0000, 0x0000, 0x0000, 0x0000, 0x0000, 0x0000, 0x0000, 0x0000, 0x0000, 0x0000, 0x0000,
  0x0000, 0x0000, 0x0000, 0x0000, 0x0000, 0x0000, 0x0000, 0x0000, 0x0000, 0x0000, 0x0000, 0x0000,
  0x0000, 0x0000, 0x0000, 0x0000, 0x0000, 0x0000, 0x0000, 0x0000, 0x0000, 0x0000, 0x0000, 0x0000,
  0x0000, 0x0000, 0x0000, 0x0000, 0x0000, 0x0000, 0x0000, 0x0000, 0x0000, 0x0000, 0x0000, 0x0000,
  0x0000, 0x0000, 0x0000, 0x0000, 0x0000, 0x0000, 0x0000, 0x0000, 0x0000, 0x0000, 0x0000, 0x0000,
  0x0000, 0x0000, 0x0000, 0x0000, 0x0000, 0x0000, 0x0000, 0x0000, 0x0000, 0x0000, 0x0000, 0x0000,
  0x0000, 0x0000, 0x0000, 0x0000, 0x0000, 0x0000, 0x0000, 0x0000, 0x0000, 0x0000, 0x0000, 0x0000,
  0x0000, 0x0000, 0x0000, 0x0000, 0x0000, 0x0000, 0x0000, 0x0000, 0x0000, 0x0000, 0x0000, 0x0000,
  0x0000, 0x0000, 0x0000, 0x0000, 0x0000, 0x0000, 0x0000, 0x0000, 0x0000, 0x0000, 0x0000, 0x0000,
  0x0000, 0x0000, 0x0000, 0x0000, 0x0000, 0x0000, 0x0000, 0x0000, 0x0000, 0x0000, 0x0000, 0x0000,
  0x0000, 0x0000, 0x0000, 0x0000, 0x0000, 0x0000, 0x0000, 0x0700, 0x0000, 0x0000, 0x0700, 0x0000,
  0x0000, 0x0700, 0x0700, 0x0000, 0x0000, 0x0700, 0x0000, 0x0000, 0x0700, 0x0000, 0x0000, 0x0700,
  0x0700, 0x0000, 0x0000, 0x0000, 0x0000, 0x0000, 0x0000, 0x0000, 0x0000, 0x0000, 0x0000, 0x0000,
  0x0000, 0x0000, 0x0000, 0x0000, 0x0000, 0x0000, 0x0000, 0x0000, 0x0000, 0x0000, 0x0000, 0x0000,
  0x0000, 0x0000, 0x0000, 0x0000, 0x0000, 0x0000, 0x0000, 0x0000, 0x0000, 0x0000, 0x0000, 0x0000,
  0x0000, 0x0000, 0x0000, 0x0000, 0x0000, 0x0000, 0x0000, 0x0000, 0x0000, 0x0000, 0x0000, 0x0000,
  0x0000, 0x0000, 0x0000, 0x0000, 0x0000, 0x0000, 0x0000, 0x0000, 0x0000, 0x0000, 0x0000, 0x0000,
  0x0000, 0x0000, 0x0000, 0x0000, 0x0000, 0x0000, 0x0000, 0x0000, 0x0000, 0x0000, 0x0000, 0x0000,
  0x0000, 0x0000, 0x0000, 0x0000, 0x0000, 0x0000, 0x0000, 0x0000, 0x0000, 0x0000, 0x0000, 0x0000,
  0x0000, 0x0000, 0x0000, 0x0000, 0x0000, 0x0000, 0x0000, 0x0000, 0x0000, 0x0000, 0x0000, 0x0000,
  0x0000, 0x0000, 0x0000, 0x0000, 0x0000, 0x0000, 0x0000, 0x0000, 0x0000, 0x0000, 0x0000, 0x0000,
  0x0000, 0x0000, 0x0000, 0x0000, 0x0000, 0x0000, 0x0000, 0x0000, 0x0000, 0x0000, 0x0000, 0x0000,
  0x0000, 0x0000, 0x0000, 0x0000, 0x0000, 0x0000, 0x0000, 0x0000, 0x0000, 0x0000, 0x0000, 0x0000,
  0x0000, 0x0000, 0x0000, 0x0000, 0x0000, 0x0000, 0x0014, 0x0700, 0x0700, 0x0014, 0x0014, 0x0700,
  0x0700, 0x0700, 0x0014, 0x0014, 0x0014, 0x0700, 0x0700, 0x0014, 0x0014, 0x0700, 0x0700, 0x0700,
  0x0014, 0x0014, 0x0700, 0x0700, 0x0700, 0x0700, 0x0014, 0x0700, 0x0700, 0x0700, 0x0700, 0x0014,
  0x0014, 0x0700, 0x0700, 0x0700, 0x0014, 0x0700, 0x0014, 0x0014, 0x0700, 0x0014, 0x0014, 0x0700,
  0x0700, 0x0700, 0x0014, 0x0014, 0x0014, 0x0014, 0x0700, 0x0014, 0x0700, 0x0014, 0x0014, 0x0700,
  0x0014, 0x0700, 0x0014, 0x0014, 0x0014, 0x0014, 0x0700, 0x0014, 0x0014, 0x0700, 0x0014, 0x0700,
  0x0014, 0x0014, 0x0700, 0x0014, 0x0014, 0x0700, 0x0700, 0x0014, 0x0014, 0x0700, 0x0700, 0x0700,
  0x0014, 0x0014, 0x0014, 0x0700, 0x0700, 0x0014, 0x0014, 0x0700, 0x0700, 0x0700, 0x0014, 0x0014,
  0x0014, 0x0700, 0x0700, 0x0700, 0x0014, 0x0014, 0x0700, 0x0700, 0x0700, 0x0014, 0x0700, 0x0014,
  0x0014, 0x0700, 0x0014, 0x0700, 0x0014, 0x0014, 0x0700, 0x0014, 0x0700, 0x0014, 0x0014, 0x0700,
  0x0014, 0x0700, 0x0014, 0x0014, 0x0700, 0x0014, 0x0700, 0x0014, 0x0014, 0x0700, 0x0014, 0x0700,
  0x0700, 0x0700, 0x0700, 0x0014, 0x0014, 0x0700, 0x0014, 0x0700, 0x0014, 0x0014, 0x0014, 0x0014,
  0x0700, 0x0700, 0x0014, 0x0014, 0x0014, 0x0014, 0x0014, 0x0014, 0x0014, 0x0014, 0x0014, 0x0014,
  0x0014, 0x0014, 0x0014, 0x0014, 0x0014, 0x0700, 0x0014, 0x0014, 0x0700, 0x0014, 0x0700, 0x0014,
  0x0014, 0x0700, 0x0014, 0x0700, 0x0014, 0x0014, 0x0700, 0x0014, 0x0700, 0x0014, 0x0014, 0x0700,
  0x0014, 0x0700, 0x0014, 0x0014, 0x0014, 0x0014, 0x0700, 0x0014, 0x0014, 0x0014, 0x0014, 0x0700,
  0x0014, 0x0014, 0x0014, 0x0014, 0x0700, 0x0014, 0x0014, 0x0700, 0x0014, 0x0014, 0x0014, 0x0700,
  0x0014, 0x0014, 0x0014, 0x0014, 0x0014, 0x0700, 0x0014, 0x0700, 0x0014, 0x0700, 0x0014, 0x0014,
  0x0700, 0x0014, 0x0014, 0x0014, 0x0014, 0x0700, 0x0700, 0x0700, 0x0700, 0x0014, 0x0700, 0x0014,
  0x0014, 0x0700, 0x0014, 0x0700, 0x0014, 0x0014, 0x0700, 0x0014, 0x0700, 0x0014, 0x0014, 0x0700,
  0x0014, 0x0700, 0x0014, 0x0014, 0x0700, 0x0014, 0x0700, 0x0014, 0x0014, 0x0700, 0x0014, 0x0700,
  0x0014, 0x0014, 0x0014, 0x0014, 0x0014, 0x0014, 0x0700, 0x0014, 0x0014, 0x0700, 0x0014, 0x0014,
  0x0700, 0x0014, 0x0700, 0x0014, 0x0014, 0x0700, 0x0014, 0x0700, 0x0014, 0x0014, 0x0700, 0x0014,
  0x0700, 0x0014, 0x0014, 0x0700, 0x0014, 0x0700, 0x0014, 0x0014, 0x0700, 0x0014, 0x0014, 0x0014,
  0x0014, 0x0700, 0x0014, 0x0014, 0x0700, 0x0014, 0x0700, 0x0014, 0x0014, 0x0014, 0x0700, 0x0014,
  0x0014, 0x0700, 0x0014, 0x0014, 0x0014, 0x0014, 0x0014, 0x0014, 0x0014, 0x0014, 0x0014, 0x0014,
  0x0014, 0x0014, 0x0014, 0x0014, 0x0700, 0x0700, 0x0700, 0x0700, 0x0014, 0x0700, 0x0700, 0x0700,
  0x0014, 0x0014, 0x0700, 0x0014, 0x0014, 0x0014, 0x0014, 0x0700, 0x0014, 0x0014, 0x0700, 0x0014,
  0x0700, 0x0700, 0x0700, 0x0014, 0x0014, 0x0700, 0x0700, 0x0700, 0x0014, 0x0014, 0x0700, 0x0014,
  0x0700, 0x0700, 0x0014, 0x0700, 0x0700, 0x0700, 0x0700, 0x0014, 0x0014, 0x0014, 0x0700, 0x0014,
  0x0014, 0x0014, 0x0014, 0x0014, 0x0700, 0x0014, 0x0700, 0x0700, 0x0014, 0x0014, 0x0014, 0x0700,
  0x0014, 0x0014, 0x0014, 0x0014, 0x0700, 0x0700, 0x0700, 0x0700, 0x0014, 0x0700, 0x0700, 0x0014,
  0x0700, 0x0014, 0x0700, 0x0014, 0x0014, 0x0700, 0x0014, 0x0700, 0x0700, 0x0700, 0x0014, 0x0014,
  0x0700, 0x0014, 0x0014, 0x0700, 0x0014, 0x0700, 0x0700, 0x0700, 0x0014, 0x0014, 0x0014, 0x0700,
  0x0700, 0x0014, 0x0014, 0x0014, 0x0014, 0x0700, 0x0014, 0x0014, 0x0700, 0x0014, 0x0014, 0x0700,
  0x0014, 0x0700, 0x0014, 0x0014, 0x0700, 0x0014, 0x0700, 0x0014, 0x0014, 0x0700, 0x0014, 0x0014,
  0x0700, 0x0700, 0x0014, 0x0014, 0x0014, 0x0700, 0x0700, 0x0014, 0x0014, 0x0014, 0x0014, 0x0700,
  0x0014, 0x0014, 0x0014, 0x0014, 0x0014, 0x0014, 0x0014, 0x0014, 0x0700, 0x0014, 0x0700, 0x0700,
  0x0014, 0x0700, 0x0014, 0x0014, 0x0014, 0x0014, 0x0014, 0x0014, 0x0014, 0x0014, 0x0014, 0x0014,
  0x0014, 0x0014, 0x0014, 0x0700, 0x0014, 0x0014, 0x0700, 0x0014, 0x0700, 0x0014, 0x0014, 0x0700,
  0x0014, 0x0700, 0x0014, 0x0014, 0x0014, 0x0014, 0x0700, 0x0014, 0x0014, 0x0700, 0x0014, 0x0700,
  0x0014, 0x0014, 0x0014, 0x0014, 0x0700, 0x0014, 0x0014, 0x0014, 0x0014, 0x0700, 0x0014, 0x0014,
  0x0700, 0x0014, 0x0700, 0x0014, 0x0014, 0x0700, 0x0014, 0x0014, 0x0014, 0x0700, 0x0014, 0x0014,
  0x0700, 0x0014, 0x0014, 0x0700, 0x0014, 0x0700, 0x0700, 0x0014, 0x0014, 0x0014, 0x0700, 0x0014,
  0x0014, 0x0014, 0x0014, 0x0700, 0x0014, 0x0014, 0x0700, 0x0014, 0x0700, 0x0014, 0x0700, 0x0700,
  0x0014, 0x0700, 0x0014, 0x0014, 0x0700, 0x0014, 0x0700, 0x0014, 0x0014, 0x0014, 0x0014, 0x0700,
  0x0700, 0x0014, 0x0700, 0x0014, 0x0700, 0x0700, 0x0014, 0x0014, 0x0014, 0x0014, 0x0014, 0x0014,
  0x0700, 0x0014, 0x0014, 0x0014, 0x0700, 0x0014, 0x0014, 0x0700, 0x0014, 0x0014, 0x0700, 0x0014,
  0x0700, 0x0014, 0x0014, 0x0700, 0x0014, 0x0700, 0x0700, 0x0700, 0x0700, 0x0014, 0x0014, 0x0700,
  0x0700, 0x0014, 0x0014, 0x0014, 0x0014, 0x0700, 0x0014, 0x0014, 0x0014, 0x0700, 0x0014, 0x0014,
  0x0014, 0x0014, 0x0014, 0x0014, 0x0014, 0x0014, 0x0014, 0x0700, 0x0014, 0x0700, 0x0700, 0x0700,
  0x0700, 0x0014, 0x0014, 0x0014, 0x0014, 0x0014, 0x0014, 0x0014, 0x0014, 0x0014, 0x0014, 0x0014,
  0x0014, 0x0014, 0x0700, 0x0014, 0x0014, 0x0700, 0x0014, 0x0700, 0x0014, 0x0014, 0x0700, 0x0014,
  0x0700, 0x0014, 0x0014, 0x0700, 0x0014, 0x0700, 0x0014, 0x0014, 0x0700, 0x0014, 0x0700, 0x0014,
  0x0014, 0x0014, 0x0014, 0x0700, 0x0014, 0x0014, 0x0014, 0x0014, 0x0700, 0x0014, 0x0014, 0x0700,
  0x0014, 0x0700, 0x0014, 0x0014, 0x0700, 0x0014, 0x0014, 0x0014, 0x0700, 0x0014, 0x0014, 0x0700,
  0x0014, 0x0014, 0x0700, 0x0014, 0x0700, 0x0014, 0x0700, 0x0014, 0x0014, 0x0700, 0x0014, 0x0014,
  0x0014, 0x0014, 0x0700, 0x0014, 0x0014, 0x0700, 0x0014, 0x0700, 0x0014, 0x0014, 0x0700, 0x0014,
  0x0700, 0x0014, 0x0014, 0x0700, 0x0014, 0x0700, 0x0014, 0x0014, 0x0014, 0x0014, 0x0700, 0x0014,
  0x0700, 0x0700, 0x0014, 0x0700, 0x0014, 0x0700, 0x0014, 0x0014, 0x0014, 0x0014, 0x0014, 0x0700,
  0x0014, 0x0014, 0x0014, 0x0700, 0x0014, 0x0014, 0x0700, 0x0014, 0x0014, 0x0700, 0x0014, 0x0014,
  0x0700, 0x0700, 0x0014, 0x0014, 0x0700, 0x0700, 0x0700, 0x0700, 0x0014, 0x0700, 0x0014, 0x0014,
  0x0700, 0x0014, 0x0014, 0x0014, 0x0700, 0x0014, 0x0014, 0x0700, 0x0014, 0x0014, 0x0014, 0x0014,
  0x0014, 0x0014, 0x0014, 0x0014, 0x0014, 0x0014, 0x0014, 0x0700, 0x0014, 0x0014, 0x0014, 0x0014,
  0x0014, 0x0014, 0x0014, 0x0014, 0x0014, 0x0014, 0x0014, 0x0014, 0x0014, 0x0014, 0x0014, 0x0014,
  0x0014, 0x0700, 0x0014, 0x0014, 0x0700, 0x0014, 0x0700, 0x0700, 0x0700, 0x0014, 0x0014, 0x0014,
  0x0700, 0x0700, 0x0014, 0x0014, 0x0700, 0x0700, 0x0700, 0x0014, 0x0014, 0x0700, 0x0700, 0x0700,
  0x0700, 0x0014, 0x0700, 0x0014, 0x0014, 0x0014, 0x0014, 0x0014, 0x0700, 0x0700, 0x0014, 0x0014,
  0x0700, 0x0014, 0x0014, 0x0700, 0x0014, 0x0014, 0x0700, 0x0700, 0x0700, 0x0014, 0x0014, 0x0700,
  0x0700, 0x0014, 0x0014, 0x0700, 0x0014, 0x0014, 0x0700, 0x0014, 0x0700, 0x0700, 0x0700, 0x0700,
  0x0014, 0x0700, 0x0014, 0x0014, 0x0700, 0x0014, 0x0700, 0x0014, 0x0014, 0x0700, 0x0014, 0x0014,
  0x0700, 0x0700, 0x0014, 0x0014, 0x0700, 0x0014, 0x0014, 0x0014, 0x0014, 0x0014, 0x0700, 0x0700,
  0x0700, 0x0014, 0x0700, 0x0014, 0x0014, 0x0700, 0x0014, 0x0700, 0x0700, 0x0700, 0x0014, 0x0014,
  0x0014, 0x0014, 0x0700, 0x0014, 0x0014, 0x0014, 0x0700, 0x0700, 0x0014, 0x0014, 0x0014, 0x0700,
  0x0700, 0x0014, 0x0014, 0x0700, 0x0014, 0x0014, 0x0700, 0x0014, 0x0700, 0x0014, 0x0014, 0x0700,
  0x0014, 0x0014, 0x0014, 0x0700, 0x0014, 0x0014, 0x0700, 0x0700, 0x0700, 0x0700, 0x0014, 0x0014,
  0x0014, 0x0014, 0x0014, 0x0014, 0x0014, 0x0014, 0x0014, 0x0700, 0x0700, 0x0014, 0x0014, 0x0014,
  0x0014, 0x0014, 0x0014, 0x0014, 0x0014, 0x0014, 0x0014, 0x0014, 0x0014, 0x0014, 0x0014, 0x0014,
  0x0014, 0x0700, 0x0700, 0x0014, 0x0014, 0x0014, 0x0014, 0x0700, 0x0014, 0x0014, 0x0700, 0x0700,
  0x0700, 0x0014, 0x0014, 0x0700, 0x0700, 0x0700, 0x0700, 0x0014, 0x0014, 0x0014, 0x0700, 0x0014,
  0x0014, 0x0700, 0x0700, 0x0700, 0x0700, 0x0014, 0x0014, 0x0700, 0x0700, 0x0014, 0x0014, 0x0700,
  0x0700, 0x0700, 0x0700, 0x0014, 0x0014, 0x0700, 0x0700, 0x0014, 0x0014, 0x0014, 0x0700, 0x0700,
  0x0014, 0x0014, 0x0014, 0x0014, 0x0014, 0x0014, 0x0014, 0x0014, 0x0014, 0x0014, 0x0014, 0x0014,
  0x0014, 0x0014, 0x0014, 0x0014, 0x0014, 0x0014, 0x0014, 0x0014, 0x0014, 0x0014, 0x0014, 0x0014,
  0x0014, 0x0014, 0x0014, 0x0014, 0x0014, 0x0014, 0x0014, 0x0014, 0x0014, 0x0014, 0x0700, 0x0014,
  0x0014, 0x0014, 0x0700, 0x0014, 0x0014, 0x0014, 0x0014, 0x0014, 0x0014, 0x0014, 0x0014, 0x0014,
  0x0014, 0x0700, 0x0014, 0x0014, 0x0014, 0x0014, 0x0014, 0x0014, 0x0014, 0x0014, 0x0014, 0x0014,
  0x0014, 0x0014, 0x0014, 0x0700, 0x0700, 0x0014, 0x0014, 0x0014, 0x0014, 0x0700, 0x0700, 0x0014,
  0x0014, 0x0014, 0x0700, 0x0014, 0x0014, 0x0014, 0x0014, 0x0700, 0x0014, 0x0014, 0x0014, 0x0700,
  0x0700, 0x0014, 0x0014, 0x0014, 0x0014, 0x0014, 0x0014, 0x0014, 0x0014, 0x0014, 0x0014, 0x0014,
  0x0014, 0x0014, 0x0014, 0x0700, 0x0014, 0x0014, 0x0014, 0x0700, 0x0700, 0x0014, 0x0014, 0x0700,
  0x0014, 0x0014, 0x0700, 0x0014, 0x0014, 0x0700, 0x0700, 0x0014, 0x0014, 0x0014, 0x0014, 0x0014,
  0x0700, 0x0014, 0x0014, 0x0014, 0x0700, 0x0014, 0x0014, 0x0014, 0x0700, 0x0700, 0x0014, 0x0014,
  0x0700, 0x0014, 0x0014, 0x0014, 0x0014, 0x0700, 0x0014, 0x0014, 0x0014, 0x0014, 0x0014, 0x0014,
  0x0014, 0x0700, 0x0014, 0x0700, 0x0014, 0x0014, 0x0700, 0x0014, 0x0700, 0x0014, 0x0014, 0x0700,
  0x0014, 0x0014, 0x0014, 0x0014, 0x0014, 0x0014, 0x0014, 0x0014, 0x0014, 0x0014, 0x0014, 0x0014,
  0x0014, 0x0014, 0x0014, 0x0014, 0x0014, 0x0014, 0x0014, 0x0700, 0x0014, 0x0700, 0x0014, 0x0014,
  0x0014, 0x0014, 0x0014, 0x0014, 0x0014, 0x0014, 0x0014, 0x0014, 0x0014, 0x0700, 0x0014, 0x0014,
  0x0014, 0x0700, 0x0014, 0x0014, 0x0014, 0x0014, 0x0014, 0x0014, 0x0014, 0x0014, 0x0014, 0x0014,
  0x0700, 0x0014, 0x0014, 0x0700, 0x0014, 0x0014, 0x0014, 0x0014, 0x0014, 0x0014, 0x0014, 0x0014,
  0x0700, 0x0014, 0x0700, 0x0014, 0x0014, 0x0014, 0x0014, 0x0014, 0x0014, 0x0700, 0x0014, 0x0014,
  0x0700, 0x0014, 0x0700, 0x0014, 0x0014, 0x0700, 0x0014, 0x0700, 0x0014, 0x0014, 0x0700, 0x0700,
  0x0014, 0x0700, 0x0014, 0x0014, 0x0014, 0x0014, 0x0014, 0x0014, 0x0700, 0x0700, 0x0700, 0x0014,
  0x0014, 0x0700, 0x0700, 0x0700, 0x0014, 0x0700, 0x0700, 0x0700, 0x0700, 0x0014, 0x0700, 0x0014,
  0x0700, 0x0700, 0x0014, 0x0014, 0x0014, 0x0700, 0x0014, 0x0014, 0x0014, 0x0014, 0x0014, 0x0700,
  0x0014, 0x0014, 0x0700, 0x0700, 0x0014, 0x0014, 0x0700, 0x0014, 0x0700, 0x0014, 0x0014, 0x0700,
  0x0700, 0x0700, 0x0014, 0x0014, 0x0700, 0x0700, 0x0700, 0x0014, 0x0014, 0x0014, 0x0014, 0x0700,
  0x0014, 0x0014, 0x0014, 0x0700, 0x0700, 0x0014, 0x0014, 0x0700, 0x0014, 0x0014, 0x0700, 0x0014,
  0x0014, 0x0014, 0x0014, 0x0014, 0x0014, 0x0014, 0x0014, 0x0014, 0x0014, 0x0014, 0x0014, 0x0700,
  0x0700, 0x0014, 0x0014, 0x0014, 0x0014, 0x0700, 0x0014, 0x0014, 0x0014, 0x0700, 0x0014, 0x0014,
  0x0014, 0x0014, 0x0014, 0x0014, 0x0014, 0x0014, 0x0014, 0x0014, 0x0014, 0x0014, 0x0014, 0x0014,
  0x0700, 0x0014, 0x0014, 0x0014, 0x0014, 0x0014, 0x0014, 0x0014, 0x0014, 0x0700, 0x0700, 0x0700,
  0x0700, 0x0700, 0x0014, 0x0700, 0x0014, 0x0014, 0x0014, 0x0014, 0x0014, 0x0014, 0x0700, 0x0014,
  0x0014, 0x0700, 0x0014, 0x0014, 0x0014, 0x0014, 0x0014, 0x0014, 0x0700, 0x0014, 0x0700, 0x0014,
  0x0014, 0x0014, 0x0700, 0x0014, 0x0014, 0x0700, 0x0014, 0x0014, 0x0014, 0x0014, 0x0014, 0x0700,
  0x0014, 0x0014, 0x0014, 0x0014, 0x0014, 0x0014, 0x0014, 0x0014, 0x0014, 0x0014, 0x0014, 0x0014,
  0x0700, 0x0700, 0x0014, 0x0014, 0x0014, 0x0700, 0x0700, 0x0014, 0x0014, 0x0700, 0x0700, 0x0014,
  0x0700, 0x0014, 0x0014, 0x0014, 0x0700, 0x0014, 0x0014, 0x0014, 0x0700, 0x0700, 0x0014, 0x0014,
  0x0014, 0x0014, 0x0014, 0x0700, 0x0014, 0x0700, 0x0700, 0x0700, 0x0700, 0x0014, 0x0014, 0x0014,
  0x0014, 0x0700, 0x0014, 0x0700, 0x0014, 0x0014, 0x0700, 0x0014, 0x0014, 0x0700, 0x0014, 0x0014,
  0x0014, 0x0700, 0x0014, 0x0014, 0x0700, 0x0014, 0x0014, 0x0700, 0x0700, 0x0700, 0x0014, 0x0014,
  0x0014, 0x0014, 0x0014, 0x0014, 0x0014, 0x0014, 0x0014, 0x0014, 0x0014, 0x0014, 0x0014, 0x0014,
  0x0014, 0x0014, 0x0014, 0x0014, 0x0700, 0x0014, 0x0014, 0x0014, 0x0700, 0x0014, 0x0014, 0x0014,
  0x0700, 0x0700, 0x0700, 0x0700, 0x0014, 0x0014, 0x0014, 0x0014, 0x0014, 0x0014, 0x0014, 0x0700,
  0x0014, 0x0014, 0x0014, 0x0014, 0x0014, 0x0014, 0x0014, 0x0014, 0x0014, 0x0014, 0x0700, 0x0014,
  0x0014, 0x0014, 0x0014, 0x0700, 0x0014, 0x0014, 0x0014, 0x0014, 0x0700, 0x0014, 0x0014, 0x0014,
  0x0700, 0x0014, 0x0014, 0x0014, 0x0014, 0x0014, 0x0014, 0x0700, 0x0014, 0x0014, 0x0014, 0x0014,
  0x0014, 0x0014, 0x0014, 0x0700, 0x0014, 0x0700, 0x0700, 0x0014, 0x0014, 0x0700, 0x0014, 0x0014,
  0x0014, 0x0014, 0x0014, 0x0014, 0x0014, 0x0014, 0x0700, 0x0700, 0x0700, 0x0014, 0x0014, 0x0014,
  0x0700, 0x0700, 0x0014, 0x0700, 0x0700, 0x0700, 0x0700, 0x0014, 0x0700, 0x0014, 0x0014, 0x0700,
  0x0014, 0x0014, 0x0014, 0x0700, 0x0014, 0x0014, 0x0700, 0x0014, 0x0014, 0x0014, 0x0014, 0x0700,
  0x0014, 0x0014, 0x0700, 0x0014, 0x0014, 0x0014, 0x0700, 0x0014, 0x0014, 0x0014, 0x0014, 0x0014,
  0x0700, 0x0014, 0x0700, 0x0014, 0x0014, 0x0700, 0x0014, 0x0014, 0x0700, 0x0014, 0x0014, 0x0014,
  0x0700, 0x0014, 0x0014, 0x0700, 0x0014, 0x0014, 0x0014, 0x0014, 0x0700, 0x0014, 0x0014, 0x0014,
  0x0014, 0x0014, 0x0014, 0x0014, 0x0014, 0x0014, 0x0014, 0x0014, 0x0014, 0x0700, 0x0700, 0x0014,
  0x0014, 0x0014, 0x0014, 0x0014, 0x0700, 0x0014, 0x0700, 0x0014, 0x0014, 0x0014, 0x0014, 0x0014,
  0x0014, 0x0014, 0x0014, 0x0014, 0x0014, 0x0014, 0x0014, 0x0014, 0x0014, 0x0014, 0x0014, 0x0014,
  0x0014, 0x0014, 0x0014, 0x0014, 0x0014, 0x0014, 0x0014, 0x0014, 0x0014, 0x0700, 0x0014, 0x0014,
  0x0014, 0x0014, 0x0014, 0x0700, 0x0014, 0x0014, 0x0700, 0x0014, 0x0014, 0x0014, 0x0014, 0x0700,
  0x0014, 0x0014, 0x0014, 0x0014, 0x0014, 0x0014, 0x0700, 0x0014, 0x0014, 0x0014, 0x0014, 0x0014,
  0x0014, 0x0014, 0x0700, 0x0014, 0x0700, 0x0014, 0x0014, 0x0700, 0x0014, 0x0700, 0x0700, 0x0014,
  0x0014, 0x0700, 0x0014, 0x0014, 0x0014, 0x0014, 0x0014, 0x0014, 0x0014, 0x0014, 0x0700, 0x0700,
  0x0700, 0x0014, 0x0014, 0x0700, 0x0700, 0x0014, 0x0014, 0x0014, 0x0700, 0x0700, 0x0014, 0x0014,
  0x0014, 0x0014, 0x0700, 0x0014, 0x0014, 0x0700, 0x0700, 0x0700, 0x0700, 0x0014, 0x0014, 0x0700,
  0x0700, 0x0014, 0x0014, 0x0014, 0x0014, 0x0700, 0x0014, 0x0014, 0x0700, 0x0700, 0x0700, 0x0014,
  0x0014, 0x0014, 0x0700, 0x0700, 0x0014, 0x0014, 0x0014, 0x0700, 0x0014, 0x0014, 0x0014, 0x0014,
  0x0700, 0x0700, 0x0014, 0x0014, 0x0014, 0x0700, 0x0700, 0x0014, 0x0014, 0x0700, 0x0014, 0x0700,
  0x0014, 0x0700, 0x0700, 0x0700, 0x0014, 0x0014, 0x0014, 0x0014, 0x0014, 0x0014, 0x0014, 0x0014,
  0x0014, 0x0014, 0x0014, 0x0014, 0x0014, 0x0014, 0x0014, 0x0014, 0x0014, 0x0014, 0x0014, 0x0014,
  0x0014, 0x0014, 0x0014, 0x0014, 0x0014, 0x0014, 0x0014, 0x0014, 0x0014, 0x0700, 0x0014, 0x0014,
  0x0014, 0x0700, 0x0700, 0x0700, 0x0700, 0x0700, 0x0014, 0x0014, 0x0014, 0x0014, 0x0014, 0x0014,
  0x0014, 0x0014, 0x0014, 0x0700, 0x0700, 0x0014, 0x0014, 0x0014, 0x0014, 0x0014, 0x0700, 0x0700,
  0x0014, 0x0014, 0x0014, 0x0014, 0x0700, 0x0700, 0x0014, 0x0014, 0x0014, 0x0014, 0x0014, 0x0014,
  0x0014, 0x0014, 0x0700, 0x0014, 0x0700, 0x0014, 0x0014, 0x0014, 0x0700, 0x0700, 0x0014, 0x0014,
  0x0700, 0x0014, 0x0014, 0x0014, 0x0014, 0x0014, 0x0014, 0x0014, 0x0014, 0x0014, 0x0700, 0x0014,
  0x0014, 0x0014, 0x0014, 0x0014, 0x0014, 0x0014, 0x0014, 0x0700, 0x0700, 0x0014, 0x0014, 0x0700,
  0x0014, 0x0014, 0x0700, 0x0014, 0x0700, 0x0014, 0x0014, 0x0700, 0x0014, 0x0014, 0x0700, 0x0700,
  0x0014, 0x0014, 0x0014, 0x0014, 0x0014, 0x0014, 0x0014, 0x0014, 0x0014, 0x0014, 0x0014, 0x0014,
  0x0014, 0x0014, 0x0014, 0x0014, 0x0014, 0x0014, 0x0014, 0x0014, 0x0014, 0x0014, 0x0014, 0x0014,
  0x0014, 0x0014, 0x0014, 0x0014, 0x0014, 0x0014, 0x0014, 0x0014, 0x0014, 0x0014, 0x0014, 0x0014,
  0x0014, 0x0014, 0x0014, 0x0014, 0x0014, 0x0014, 0x0014, 0x0014, 0x0014, 0x0014, 0x0014, 0x0014,
  0x0014, 0x0014, 0x0014, 0x0014, 0x0014, 0x0014, 0x0014, 0x0014, 0x0014, 0x0014, 0x0014, 0x0014,
  0x0014, 0x0014, 0x0014, 0x0014, 0x0014, 0x0014, 0x0014, 0x0014, 0x0014, 0x0014, 0x0014, 0x0014,
  0x0014, 0x0014, 0x0014, 0x0014, 0x0014, 0x0014, 0x0014, 0x0014, 0x0014, 0x0014, 0x0014, 0x0014,
  0x0014, 0x0014, 0x0014, 0x0014, 0x0014, 0x0014, 0x0014, 0x0014, 0x0014, 0x0014, 0x0014, 0x0014,
  0x0014, 0x0014, 0x0014, 0x0014, 0x0014, 0x0014, 0x0014, 0x0014, 0x0014, 0x0014, 0x0014, 0x0014,
  0x0014, 0x0014, 0x0014, 0x0014, 0x0014, 0x0014, 0x0014, 0x0014, 0x0014, 0x0014, 0x0014, 0x0014,
  0x0014, 0x0014, 0x0014, 0x0014, 0x0014, 0x0014, 0x0014, 0x0014, 0x0014, 0x0014, 0x0014, 0x0014,
  0x0014, 0x0014, 0x0014, 0x0014, 0x0014, 0x0700, 0x0014, 0x0014, 0x0700, 0x0014, 0x0014, 0x0700,
  0x0700, 0x0014, 0x0014, 0x0014, 0x0014, 0x0014, 0x0014, 0x0014, 0x0700, 0x0014, 0x0014, 0x0700,
  0x0014, 0x0014, 0x0014, 0x0700, 0x0014, 0x0014, 0x0014, 0x0014, 0x0014, 0x0014, 0x0014, 0x0014,
  0x0014, 0x0014, 0x0014, 0x0014, 0x0014, 0x0014, 0x0014, 0x0014, 0x0014, 0x0014, 0x0014, 0x0014,
  0x0014, 0x0014, 0x0014, 0x0014, 0x0014, 0x0014, 0x0014, 0x0014, 0x0014, 0x0014, 0x0014, 0x0014,
  0x0014, 0x0014, 0x0014, 0x0014, 0x0014, 0x0014, 0x0014, 0x0014, 0x0014, 0x0014, 0x0014, 0x0014,
  0x0014, 0x0014, 0x0014, 0x0014, 0x0014, 0x0014, 0x0014, 0x0014, 0x0014, 0x0014, 0x0014, 0x0014,
  0x0014, 0x0014, 0x0014, 0x0014, 0x0014, 0x0014, 0x0014, 0x0014, 0x0014, 0x0014, 0x0014, 0x0014,
  0x0014, 0x0014, 0x0014, 0x0014, 0x0014, 0x0014, 0x0014, 0x0014, 0x0014, 0x0014, 0x0014, 0x0014,
  0x0014, 0x0014, 0x0014, 0x0014, 0x0014, 0x0014, 0x0014, 0x0014, 0x0014, 0x0014, 0x0014, 0x0014,
  0x0014, 0x0014, 0x0014, 0x0014, 0x0014, 0x0014, 0x0014, 0x0014, 0x0014, 0x0014, 0x0014, 0x0014,
  0x0014, 0x0014, 0x0014, 0x0014, 0x0014, 0x0014, 0x0014, 0x0014, 0x0014, 0x0014, 0x0014, 0x0014,
  0x0014, 0x0014, 0x0014, 0x0014, 0x0014, 0x0014, 0x0014, 0x0014, 0x0014, 0x0014, 0x0014, 0x0014,
  0x0014, 0x0014, 0x0014, 0x0014, 0x0014, 0x0700, 0x0700, 0x0014, 0x0014, 0x0700, 0x0014, 0x0014,
  0x0700, 0x0014, 0x0014, 0x0700, 0x0700, 0x0014, 0x0014, 0x0014, 0x0014, 0x0014, 0x0700, 0x0014,
  0x0700, 0x0700, 0x0700, 0x0014, 0x0014, 0x0014, 0x0014, 0x0014, 0x0014, 0x0014, 0x0014, 0x0014,
  0x0014, 0x0014, 0x0014, 0x0014, 0x0014, 0x0014, 0x0014, 0x0014, 0x0014, 0x0014, 0x0014, 0x0014,
  0x0014, 0x0014, 0x0014, 0x0014, 0x0014, 0x0014, 0x0014, 0x0014, 0x0014, 0x0014, 0x0014, 0x0014,
  0x0014, 0x0014, 0x0014, 0x0014, 0x0014, 0x0014, 0x0014, 0x0014, 0x0014, 0x0014, 0x0014, 0x0014,
  0x0014, 0x0014, 0x0014, 0x0014, 0x0014, 0x0014, 0x0014, 0x0014, 0x0014, 0x0014, 0x0014, 0x0014,
  0x0014, 0x0014, 0x0014, 0x0014, 0x0014, 0x0014, 0x0014, 0x0014, 0x0014, 0x0014, 0x0014, 0x0014,
  0x0014, 0x0014, 0x0014, 0x0014, 0x0014, 0x0014, 0x0014, 0x0014, 0x0014, 0x0014, 0x0014, 0x0014,
  0x0014, 0x0014, 0x0014, 0x0014, 0x0014, 0x0014, 0x0014, 0x0014, 0x0014, 0x0014, 0x0014, 0x0014,
  0x0014, 0x0014, 0x0014, 0x0014, 0x0014, 0x0014, 0x0014, 0x0014, 0x0014, 0x0014, 0x0014, 0x0014,
  0x0014, 0x0014, 0x0014, 0x0014, 0x0014, 0x0014, 0x0014, 0x0014, 0x0014, 0x0014, 0x0014, 0x0014,
  0x0014, 0x0014, 0x0014, 0x0014, 0x0014, 0x0014, 0x0014, 0x0014, 0x0014, 0x0014, 0x0014, 0x0014,
  0x0014, 0x0014, 0x0014, 0x0700, 0x0014, 0x0014, 0x0700, 0x0014, 0x0700, 0x0014, 0x0014, 0x0700,
  0x0014, 0x0700, 0x0014, 0x0014, 0x0700, 0x0014, 0x0014, 0x0700, 0x0700, 0x0014, 0x0014, 0x0014,
  0x0700, 0x0700, 0x0700, 0x0014, 0x0014, 0x0014, 0x0014, 0x0014, 0x0014, 0x0014, 0x0014, 0x0014,
  0x0014, 0x0014, 0x0014, 0x0014, 0x0014, 0x0014, 0x0014, 0x0014, 0x0014, 0x0014, 0x0014, 0x0014,
  0x0014, 0x0014, 0x0014, 0x0014, 0x0014, 0x0014, 0x0014, 0x0014, 0x0014, 0x0014, 0x0014, 0x0014,
  0x0014, 0x0014, 0x0014, 0x0014, 0x0014, 0x0014, 0x0014, 0x0014, 0x0014, 0x0014, 0x0014, 0x0014,
  0x0014, 0x0014, 0x0014, 0x0014, 0x0014, 0x0014, 0x0014, 0x0014, 0x0014, 0x0014, 0x0014, 0x0014,
  0x0014, 0x0014, 0x0014, 0x0014, 0x0014, 0x0014, 0x0014, 0x0014, 0x0014, 0x0014, 0x0014, 0x0014,
  0x0014, 0x0014, 0x0014, 0x0014, 0x0014, 0x0014, 0x0014, 0x0014, 0x0014, 0x0014, 0x0014, 0x0014,
  0x0014, 0x0014, 0x0014, 0x0014, 0x0014, 0x0014, 0x0014, 0x0014, 0x0014, 0x0014, 0x0014, 0x0014,
  0x0014, 0x0014, 0x0014, 0x0014, 0x0014, 0x0014, 0x0014, 0x0014, 0x0014, 0x0014, 0x0014, 0x0014,
  0x0014, 0x0014, 0x0014, 0x0014, 0x0014, 0x0014, 0x0014, 0x0014, 0x0014, 0x0014, 0x0014, 0x0014,
  0x0014, 0x0014, 0x0014, 0x0014, 0x0014, 0x0014, 0x0014, 0x0014, 0x0014, 0x0014, 0x0014, 0x0014,
  0x0014, 0x0014, 0x0700, 0x0700, 0x0700, 0x0700, 0x0014, 0x0700, 0x0014, 0x0014, 0x0700, 0x0014,
  0x0700, 0x0700, 0x0700, 0x0700, 0x0014, 0x0014, 0x0014, 0x0014, 0x0014, 0x0014, 0x0014, 0x0700,
  0x0014, 0x0014, 0x0014, 0x0014, 0x0014, 0x0014, 0x0014, 0x0014, 0x0014, 0x0014, 0x0014, 0x0014,
  0x0014, 0x0014, 0x0014, 0x0014, 0x0014, 0x0014, 0x0014, 0x0014, 0x0014, 0x0014, 0x0014, 0x0014,
  0x0014, 0x0014, 0x0014, 0x0014, 0x0014, 0x0014, 0x0014, 0x0014, 0x0014, 0x0014, 0x0014, 0x0014,
  0x0014, 0x0014, 0x0014, 0x0014, 0x0014, 0x0014, 0x0014, 0x0014, 0x0014, 0x0014, 0x0014, 0x0014,
  0x0014, 0x0014, 0x0014, 0x0014, 0x0014, 0x0014, 0x0014, 0x0014, 0x0014, 0x0014, 0x0014, 0x0014,
  0x0014, 0x0014, 0x0014, 0x0014, 0x0014, 0x0014, 0x0014, 0x0014, 0x0014, 0x0014, 0x0014, 0x0014,
  0x0014, 0x0014, 0x0014, 0x0014, 0x0014, 0x0014, 0x0014, 0x0014, 0x0014, 0x0014, 0x0014, 0x0014,
  0x0014, 0x0014, 0x0014, 0x0014, 0x0014, 0x0014, 0x0014, 0x0014, 0x0014, 0x0014, 0x0014, 0x0014,
  0x0014, 0x0014, 0x0014, 0x0014, 0x0014, 0x0014, 0x0014, 0x0014, 0x0014, 0x0014, 0x0014, 0x0014,
  0x0014, 0x0014, 0x0014, 0x0014, 0x0014, 0x0014, 0x0014, 0x0014, 0x0014, 0x0014, 0x0014, 0x0014,
  0x0014, 0x0014, 0x0014, 0x0014, 0x0014, 0x0014, 0x0014, 0x0014, 0x0014, 0x0014, 0x0014, 0x0014,
  0x0014, 0x0700, 0x0014, 0x0014, 0x0700, 0x0014, 0x0014, 0x0700, 0x0700, 0x0014, 0x0014, 0x0700,
  0x0014, 0x0014, 0x0700, 0x0014, 0x0014, 0x0700, 0x0700, 0x0014, 0x0014, 0x0014, 0x0014, 0x0014,
  0x0014, 0x0014, 0x0014, 0x0014, 0x0014, 0x0014, 0x0014, 0x0014, 0x0014, 0x0014, 0x0014, 0x0014,
  0x0014, 0x0014, 0x0014, 0x0014, 0x0014, 0x0014, 0x0014, 0x0014, 0x0014, 0x0014, 0x0014, 0x0014,
  0x0014, 0x0014, 0x0014, 0x0014, 0x0014, 0x0014, 0x0014, 0x0014, 0x0014, 0x0014, 0x0014, 0x0014,
  0x0014, 0x0014, 0x0014, 0x0014, 0x0014, 0x0014, 0x0014, 0x0014, 0x0014, 0x0014, 0x0014, 0x0014,
  0x0014, 0x0014, 0x0014, 0x0014, 0x0014, 0x0014, 0x0014, 0x0014, 0x0014, 0x0014, 0x0014, 0x0014,
  0x0014, 0x0014, 0x0014, 0x0014, 0x0014, 0x0014, 0x0014, 0x0014, 0x0014, 0x0014, 0x0014, 0x0014,
  0x0014, 0x0014, 0x0014, 0x0014, 0x0014, 0x0014, 0x0014, 0x0014, 0x0014, 0x0014, 0x0014, 0x0014,
  0x0014, 0x0014, 0x0014, 0x0014, 0x0014, 0x0014, 0x0014, 0x0014, 0x0014, 0x0014, 0x0014, 0x0014,
  0x0014, 0x0014, 0x0014, 0x0014, 0x0014, 0x0014, 0x0014, 0x0014, 0x0014, 0x0014, 0x0014, 0x0014,
  0x0014, 0x0014, 0x0014, 0x0014, 0x0014, 0x0014, 0x0014, 0x0014, 0x0014, 0x0014, 0x0014, 0x0014,
  0x0014, 0x0014, 0x0014, 0x0014, 0x0014, 0x0014, 0x0014, 0x0014, 0x0014, 0x0014, 0x0014, 0x0014,
  0x0000, 0x0000, 0x0000, 0x0000, 0x0000, 0x0000, 0x0000, 0x0000, 0x0000, 0x0000, 0x0000, 0x0000,
  0x0000, 0x0000, 0x0000, 0x0000, 0x0000, 0x0000, 0x0000, 0x0000, 0x0000, 0x0000, 0x0000, 0x0000,
  0x0000, 0x0000, 0x0000, 0x0000, 0x0000, 0x0000, 0x0000, 0x0000, 0x0000, 0x0000, 0x0000, 0x0000,
  0x0000, 0x0000, 0x0000, 0x0000, 0x0000, 0x0000, 0x0000, 0x0000, 0x0000, 0x0000, 0x0000, 0x0000,
  0x0000, 0x0000, 0x0000, 0x0000, 0x0000, 0x0000, 0x0000, 0x0000, 0x0000, 0x0000, 0x0000, 0x0000,
  0x0000, 0x0000, 0x0000, 0x0000, 0x0000, 0x0000, 0x0000, 0x0000, 0x0000, 0x0000, 0x0000, 0x0000,
  0x0000, 0x0000, 0x0000, 0x0000, 0x0000, 0x0000, 0x0000, 0x0000, 0x0000, 0x0000, 0x0000, 0x0000,
  0x0000, 0x0000, 0x0000, 0x0000, 0x0000, 0x0000, 0x0000, 0x0000, 0x0000, 0x0000, 0x0000, 0x0000,
  0x0000, 0x0000, 0x0000, 0x0000, 0x0000, 0x0000, 0x0000, 0x0000, 0x0000, 0x0000, 0x0000, 0x0000,
  0x0000, 0x0000, 0x0000, 0x0000, 0x0000, 0x0000, 0x0000, 0x0000, 0x0000, 0x0000, 0x0000, 0x0000,
  0x0000, 0x0000, 0x0000, 0x0000, 0x0000, 0x0000, 0x0000, 0x0000, 0x0000, 0x0000, 0x0000, 0x0000,
  0x0000, 0x0000, 0x0000, 0x0000, 0x0000, 0x0000, 0x0000, 0x0000, 0x0000, 0x0000, 0x0000, 0x0000,
  0x0000, 0x0000, 0x0000, 0x0000, 0x0000, 0x0000, 0x0000, 0x0000, 0x0000, 0x0000, 0x0000, 0x0014,
  0x0014, 0x0014, 0x0014, 0x0014, 0x0014, 0x0014, 0x0014, 0x0014, 0x0014, 0x0014, 0x0014, 0x0014,
  0x0014, 0x0014, 0x0014, 0x0014, 0x0014, 0x0014, 0x0014, 0x0014, 0x0014, 0x0014, 0x0014, 0x0014,
  0x0014, 0x0014, 0x0014, 0x0014, 0x0014, 0x0014, 0x0014, 0x0014, 0x0014, 0x0014, 0x0014, 0x0014,
  0x0014, 0x0014, 0x0014, 0x0014, 0x0014, 0x0014, 0x0014, 0x0014, 0x0014, 0x0014, 0x0014, 0x0014,
  0x0014, 0x0014, 0x0014, 0x0014, 0x0014, 0x0014, 0x0014, 0x0014, 0x0014, 0x0014, 0x0014, 0x0014,
  0x0014, 0x0014, 0x0014, 0x0014, 0x0014, 0x0014, 0x0014, 0x0014, 0x0014, 0x0014, 0x0014, 0x0014,
  0x0014, 0x0014, 0x0014, 0x0014, 0x0014, 0x0014, 0x0014, 0x0014, 0x0014, 0x0014, 0x0014, 0x0014,
  0x0014, 0x0014, 0x0014, 0x0014, 0x0014, 0x0014, 0x0014, 0x0014, 0x0014, 0x0014, 0x0014, 0x0014,
  0x0014, 0x0014, 0x0014, 0x0014, 0x0014, 0x0014, 0x0014, 0x0014, 0x0014, 0x0014, 0x0014, 0x0014,
  0x0014, 0x0014, 0x0014, 0x0014, 0x0014, 0x0014, 0x0014, 0x0014, 0x0014, 0x0014, 0x0014, 0x0014,
  0x0014, 0x0014, 0x0014, 0x0014, 0x0014, 0x0014, 0x0014, 0x0014, 0x0014, 0x0014, 0x0014, 0x0014,
  0x0014, 0x0014, 0x0014, 0x0014, 0x0014, 0x0014, 0x0014, 0x0014, 0x0014, 0x0014, 0x0014, 0x0014,
  0x0014, 0x0014, 0x0014, 0x0014, 0x0014, 0x0014, 0x0014, 0x0014, 0x0014, 0x0014, 0x0000, 0x0700,
  0x0700, 0x0000, 0x0000, 0x0700, 0x0700, 0x0700, 0x0000, 0x0000, 0x0000, 0x0700, 0x0700, 0x0000,
  0x0000, 0x0700, 0x0700, 0x0700, 0x0000, 0x0000, 0x0700, 0x0700, 0x0700, 0x0700, 0x0000, 0x0700,
  0x0700, 0x0700, 0x0700, 0x0000, 0x0000, 0x0700, 0x0700, 0x0700, 0x0000, 0x0700, 0x0000, 0x0000,
  0x0700, 0x0000, 0x0000, 0x0700, 0x0700, 0x0700, 0x0000, 0x0000, 0x0000, 0x0000, 0x0700, 0x0000,
  0x0700, 0x0000, 0x0000, 0x0700, 0x0000, 0x0700, 0x0000, 0x0000, 0x0000, 0x0000, 0x0700, 0x0000,
  0x0000, 0x0700, 0x0000, 0x0700, 0x0000, 0x0000, 0x0700, 0x0000, 0x0000, 0x0700, 0x0700, 0x0000,
  0x0000, 0x0700, 0x0700, 0x0700, 0x0000, 0x0000, 0x0000, 0x0700, 0x0700, 0x0000, 0x0000, 0x0700,
  0x0700, 0x0700, 0x0000, 0x0000, 0x0000, 0x0700, 0x0700, 0x0700, 0x0000, 0x0000, 0x0700, 0x0700,
  0x0700, 0x0000, 0x0700, 0x0000, 0x0000, 0x0700, 0x0000, 0x0700, 0x0000, 0x0000, 0x0700, 0x0000,
  0x0700, 0x0000, 0x0000, 0x0700, 0x0000, 0x0700, 0x0000, 0x0000, 0x0700, 0x0000, 0x0700, 0x0000,
  0x0000, 0x0700, 0x0000, 0x0700, 0x0700, 0x0700, 0x0700, 0x0000, 0x0000, 0x0700, 0x0000, 0x0700,
  0x0000, 0x0000, 0x0000, 0x0000, 0x0700, 0x0700, 0x0000, 0x0000, 0x0000, 0x0000, 0x0000, 0x0000,
  0x0000, 0x0000, 0x0000, 0x0000, 0x0000, 0x0000, 0x0000, 0x0000, 0x0000, 0x0700, 0x0000, 0x0000,
  0x0700, 0x0000, 0x0700, 0x0000, 0x0000, 0x0700, 0x0000, 0x0700, 0x0000, 0x0000, 0x0700, 0x0000,
  0x0700, 0x0000, 0x0000, 0x0700, 0x0000, 0x0700, 0x0000, 0x0000, 0x0000, 0x0000, 0x0700, 0x0000,
  0x0000, 0x0000, 0x0000, 0x0700, 0x0000, 0x0000, 0x0000, 0x0000, 0x0700, 0x0000, 0x0000, 0x0700,
  0x0000, 0x0000, 0x0000, 0x0700, 0x0000, 0x0000, 0x0000, 0x0000, 0x0000, 0x0700, 0x0000, 0x0700,
  0x0000, 0x0700, 0x0000, 0x0000, 0x0700, 0x0000, 0x0000, 0x0000, 0x0000, 0x0700, 0x0700, 0x0700,
  0x0700, 0x0000, 0x0700, 0x0000, 0x0000, 0x0700, 0x0000, 0x0700, 0x0000, 0x0000, 0x0700, 0x0000,
  0x0700, 0x0000, 0x0000, 0x0700, 0x0000, 0x0700, 0x0000, 0x0000, 0x0700, 0x0000, 0x0700, 0x0000,
  0x0000, 0x0700, 0x0000, 0x0700, 0x0000, 0x0000, 0x0000, 0x0000, 0x0000, 0x0000, 0x0700, 0x0000,
  0x0000, 0x0700, 0x0000, 0x0000, 0x0700, 0x0000, 0x0700, 0x0000, 0x0000, 0x0700, 0x0000, 0x0700,
  0x0000, 0x0000, 0x0700, 0x0000, 0x0700, 0x0000, 0x0000, 0x0700, 0x0000, 0x0700, 0x0000, 0x0000,
  0x0700, 0x0000, 0x0000, 0x0000, 0x0000, 0x0700, 0x0000, 0x0000, 0x0700, 0x0000, 0x0700, 0x0000,
  0x0000, 0x0000, 0x0700, 0x0000, 0x0000, 0x0700, 0x0000, 0x0000, 0x0000, 0x0000, 0x0000, 0x0000,
  0x0000, 0x0000, 0x0000, 0x0000, 0x0000, 0x0000, 0x0000, 0x0000, 0x0700, 0x0700, 0x0700, 0x0700,
  0x0000, 0x0700, 0x0700, 0x0700, 0x0000, 0x0000, 0x0700, 0x0000, 0x0000, 0x0000, 0x0000, 0x0700,
  0x0000, 0x0000, 0x0700, 0x0000, 0x0700, 0x0700, 0x0700, 0x0000, 0x0000, 0x0700, 0x0700, 0x0700,
  0x0000, 0x0000, 0x0700, 0x0000, 0x0700, 0x0700, 0x0000, 0x0700, 0x0700, 0x0700, 0x0700, 0x0000,
  0x0000, 0x0000, 0x0700, 0x0000, 0x0000, 0x0000, 0x0000, 0x0000, 0x0700, 0x0000, 0x0700, 0x0700,
  0x0000, 0x0000, 0x0000, 0x0700, 0x0000, 0x0000, 0x0000, 0x0000, 0x0700, 0x0700, 0x0700, 0x0700,
  0x0000, 0x0700, 0x0700, 0x0000, 0x0700, 0x0000, 0x0700, 0x0000, 0x0000, 0x0700, 0x0000, 0x0700,
  0x0700, 0x0700, 0x0000, 0x0000, 0x0700, 0x0000, 0x0000, 0x0700, 0x0000, 0x0700, 0x0700, 0x0700,
  0x0000, 0x0000, 0x0000, 0x0700, 0x0700, 0x0000, 0x0000, 0x0000, 0x0000, 0x0700, 0x0000, 0x0000,
  0x0700, 0x0000, 0x0000, 0x0700, 0x0000, 0x0700, 0x0000, 0x0000, 0x0700, 0x0000, 0x0700, 0x0000,
  0x0000, 0x0700, 0x0000, 0x0000, 0x0700, 0x0700, 0x0000, 0x0000, 0x0000, 0x0700, 0x0700, 0x0000,
  0x0000, 0x0000, 0x0000, 0x0700, 0x0000, 0x0000, 0x0000, 0x0000, 0x0000, 0x0000, 0x0000, 0x0000,
  0x0700, 0x0000, 0x0700, 0x0700, 0x0000, 0x0700, 0x0000, 0x0000, 0x0000, 0x0000, 0x0000, 0x0000,
  0x0000, 0x0000, 0x0000, 0x0000, 0x0000, 0x0000, 0x0000, 0x0700, 0x0000, 0x0000, 0x0700, 0x0000,
  0x0700, 0x0000, 0x0000, 0x0700, 0x0000, 0x0700, 0x0000, 0x0000, 0x0000, 0x0000, 0x0700, 0x0000,
  0x0000, 0x0700, 0x0000, 0x0700, 0x0000, 0x0000, 0x0000, 0x0000, 0x0700, 0x0000, 0x0000, 0x0000,
  0x0000, 0x0700, 0x0000, 0x0000, 0x0700, 0x0000, 0x0700, 0x0000, 0x0000, 0x0700, 0x0000, 0x0000,
  0x0000, 0x0700, 0x0000, 0x0000, 0x0700, 0x0000, 0x0000, 0x0700, 0x0000, 0x0700, 0x0700, 0x0000,
  0x0000, 0x0000, 0x0700, 0x0000, 0x0000, 0x0000, 0x0000, 0x0700, 0x0000, 0x0000, 0x0700, 0x0000,
  0x0700, 0x0000, 0x0700, 0x0700, 0x0000, 0x0700, 0x0000, 0x0000, 0x0700, 0x0000, 0x0700, 0x0000,
  0x0000, 0x0000, 0x0000, 0x0700, 0x0700, 0x0000, 0x0700, 0x0000, 0x0700, 0x0700, 0x0000, 0x0000,
  0x0000, 0x0000, 0x0000, 0x0000, 0x0700, 0x0000, 0x0000, 0x0000, 0x0700, 0x0000, 0x0000, 0x0700,
  0x0000, 0x0000, 0x0700, 0x0000, 0x0700, 0x0000, 0x0000, 0x0700, 0x0000, 0x0700, 0x0700, 0x0700,
  0x0700, 0x0000, 0x0000, 0x0700, 0x0700, 0x0000, 0x0000, 0x0000, 0x0000, 0x0700, 0x0000, 0x0000,
  0x0000, 0x0700, 0x0000, 0x0000, 0x0000, 0x0000, 0x0000, 0x0000, 0x0000, 0x0000, 0x0000, 0x0700,
  0x0000, 0x0700, 0x0700, 0x0700, 0x0700, 0x0000, 0x0000, 0x0000, 0x0000, 0x0000, 0x0000, 0x0000,
  0x0000, 0x0000, 0x0000, 0x0000, 0x0000, 0x0000, 0x0700, 0x0000, 0x0000, 0x0700, 0x0000, 0x0700,
  0x0000, 0x0000, 0x0700, 0x0000, 0x0700, 0x0000, 0x0000, 0x0700, 0x0000, 0x0700, 0x0000, 0x0000,
  0x0700, 0x0000, 0x0700, 0x0000, 0x0000, 0x0000, 0x0000, 0x0700, 0x0000, 0x0000, 0x0000, 0x0000,
  0x0700, 0x0000, 0x0000, 0x0700, 0x0000, 0x0700, 0x0000, 0x0000, 0x0700, 0x0000, 0x0000, 0x0000,
  0x0700, 0x0000, 0x0000, 0x0700, 0x0000, 0x0000, 0x0700, 0x0000, 0x0700, 0x0000, 0x0700, 0x0000,
  0x0000, 0x0700, 0x0000, 0x0000, 0x0000, 0x0000, 0x0700, 0x0000, 0x0000, 0x0700, 0x0000, 0x0700,
  0x0000, 0x0000, 0x0700, 0x0000, 0x0700, 0x0000, 0x0000, 0x0700, 0x0000, 0x0700, 0x0000, 0x0000,
  0x0000, 0x0000, 0x0700, 0x0000, 0x0700, 0x0700, 0x0000, 0x0700, 0x0000, 0x0700, 0x0000, 0x0000,
  0x0000, 0x0000, 0x0000, 0x0700, 0x0000, 0x0000, 0x0000, 0x0700, 0x0000, 0x0000, 0x0700, 0x0000,
  0x0000, 0x0700, 0x0000, 0x0000, 0x0700, 0x0700, 0x0000, 0x0000, 0x0700, 0x0700, 0x0700, 0x0700,
  0x0000, 0x0700, 0x0000, 0x0000, 0x0700, 0x0000, 0x0000, 0x0000, 0x0700, 0x0000, 0x0000, 0x0700,
  0x0000, 0x0000, 0x0000, 0x0000, 0x0000, 0x0000, 0x0000, 0x0000, 0x0000, 0x0000, 0x0000, 0x0700,
  0x0000, 0x0000, 0x0000, 0x0000, 0x0000, 0x0000, 0x0000, 0x0000, 0x0000, 0x0000, 0x0000, 0x0000,
  0x0000, 0x0000, 0x0000, 0x0000, 0x0000, 0x0700, 0x0000, 0x0000, 0x0700, 0x0000, 0x0700, 0x0700,
  0x0700, 0x0000, 0x0000, 0x0000, 0x0700, 0x0700, 0x0000, 0x0000, 0x0700, 0x0700, 0x0700, 0x0000,
  0x0000, 0x0700, 0x0700, 0x0700, 0x0700, 0x0000, 0x0700, 0x0000, 0x0000, 0x0000, 0x0000, 0x0000,
  0x0700, 0x0700, 0x0000, 0x0000, 0x0700, 0x0000, 0x0000, 0x0700, 0x0000, 0x0000, 0x0700, 0x0700,
  0x0700, 0x0000, 0x0000, 0x0700, 0x0700, 0x0000, 0x0000, 0x0700, 0x0000, 0x0000, 0x0700, 0x0000,
  0x0700, 0x0700, 0x0700, 0x0700, 0x0000, 0x0700, 0x0000, 0x0000, 0x0700, 0x0000, 0x0700, 0x0000,
  0x0000, 0x0700, 0x0000, 0x0000, 0x0700, 0x0700, 0x0000, 0x0000, 0x0700, 0x0000, 0x0000, 0x0000,
  0x0000, 0x0000, 0x0700, 0x0700, 0x0700, 0x0000, 0x0700, 0x0000, 0x0000, 0x0700, 0x0000, 0x0700,
  0x0700, 0x0700, 0x0000, 0x0000, 0x0000, 0x0000, 0x0700, 0x0000, 0x0000, 0x0000, 0x0700, 0x0700,
  0x0000, 0x0000, 0x0000, 0x0700, 0x0700, 0x0000, 0x0000, 0x0700, 0x0000, 0x0000, 0x0700, 0x0000,
  0x0700, 0x0000, 0x0000, 0x0700, 0x0000, 0x0000, 0x0000, 0x0700, 0x0000, 0x0000, 0x0700, 0x0700,
  0x0700, 0x0700, 0x0000, 0x0000, 0x0000, 0x0000, 0x0000, 0x0000, 0x0000, 0x0000, 0x0000, 0x0700,
  0x0700, 0x0000, 0x0000, 0x0000, 0x0000, 0x0000, 0x0000, 0x0000, 0x0000, 0x0000, 0x0000, 0x0000,
  0x0000, 0x0000, 0x0000, 0x0000, 0x0000, 0x0700, 0x0700, 0x0000, 0x0000, 0x0000, 0x0000, 0x0700,
  0x0000, 0x0000, 0x0700, 0x0700, 0x0700, 0x0000, 0x0000, 0x0700, 0x0700, 0x0700, 0x0700, 0x0000,
  0x0000, 0x0000, 0x0700, 0x0000, 0x0000, 0x0700, 0x0700, 0x0700, 0x0700, 0x0000, 0x0000, 0x0700,
  0x0700, 0x0000, 0x0000, 0x0700, 0x0700, 0x0700, 0x0700, 0x0000, 0x0000, 0x0700, 0x0700, 0x0000,
  0x0000, 0x0000, 0x0700, 0x0700, 0x0000, 0x0000, 0x0000, 0x0000, 0x0000, 0x0000, 0x0000, 0x0000,
  0x0000, 0x0000, 0x0000, 0x0000, 0x0000, 0x0000, 0x0000, 0x0000, 0x0000, 0x0000, 0x0000, 0x0000,
  0x0000, 0x0000, 0x0000, 0x0000, 0x0000, 0x0000, 0x0000, 0x0000, 0x0000, 0x0000, 0x0000, 0x0000,
  0x0000, 0x0000, 0x0700, 0x0000, 0x0000, 0x0000, 0x0700, 0x0000, 0x0000, 0x0000, 0x0000, 0x0000,
  0x0000, 0x0000, 0x0000, 0x0000, 0x0000, 0x0700, 0x0000, 0x0000, 0x0000, 0x0000, 0x0000, 0x0000,
  0x0000, 0x0000, 0x0000, 0x0000, 0x0000, 0x0000, 0x0000, 0x0700, 0x0700, 0x0000, 0x0000, 0x0000,
  0x0000, 0x0700, 0x0700, 0x0000, 0x0000, 0x0000, 0x0700, 0x0000, 0x0000, 0x0000, 0x0000, 0x0700,
  0x0000, 0x0000, 0x0000, 0x0700, 0x0700, 0x0000, 0x0000, 0x0000, 0x0000, 0x0000, 0x0000, 0x0000,
  0x0000, 0x0000, 0x0000, 0x0000, 0x0000, 0x0000, 0x0000, 0x0700, 0x0000, 0x0000, 0x0000, 0x0700,
  0x0700, 0x0000, 0x0000, 0x0700, 0x0000, 0x0000, 0x0700, 0x0000, 0x0000, 0x0700, 0x0700, 0x0000,
  0x0000, 0x0000, 0x0000, 0x0000, 0x0700, 0x0000, 0x0000, 0x0000, 0x0700, 0x0000, 0x0000, 0x0000,
  0x0700, 0x0700, 0x0000, 0x0000, 0x0700, 0x0000, 0x0000, 0x0000, 0x0000, 0x0700, 0x0000, 0x0000,
  0x0000, 0x0000, 0x0000, 0x0000, 0x0000, 0x0700, 0x0000, 0x0700, 0x0000, 0x0000, 0x0700, 0x0000,
  0x0700, 0x0000, 0x0000, 0x0700, 0x0000, 0x0000, 0x0000, 0x0000, 0x0000, 0x0000, 0x0000, 0x0000,
  0x0000, 0x0000, 0x0000, 0x0000, 0x0000, 0x0000, 0x0000, 0x0000, 0x0000, 0x0000, 0x0000, 0x0700,
  0x0000, 0x0700, 0x0000, 0x0000, 0x0000, 0x0000, 0x0000, 0x0000, 0x0000, 0x0000, 0x0000, 0x0000,
  0x0000, 0x0700, 0x0000, 0x0000, 0x0000, 0x0700, 0x0000, 0x0000, 0x0000, 0x0000, 0x0000, 0x0000,
  0x0000, 0x0000, 0x0000, 0x0000, 0x0700, 0x0000, 0x0000, 0x0700, 0x0000, 0x0000, 0x0000, 0x0000,
  0x0000, 0x0000, 0x0000, 0x0000, 0x0700, 0x0000, 0x0700, 0x0000, 0x0000, 0x0000, 0x0000, 0x0000,
  0x0000, 0x0700, 0x0000, 0x0000, 0x0700, 0x0000, 0x0700, 0x0000, 0x0000, 0x0700, 0x0000, 0x0700,
  0x0000, 0x0000, 0x0700, 0x0700, 0x0000, 0x0700, 0x0000, 0x0000, 0x0000, 0x0000, 0x0000, 0x0000,
  0x0700, 0x0700, 0x0700, 0x0000, 0x0000, 0x0700, 0x0700, 0x0700, 0x0000, 0x0700, 0x0700, 0x0700,
  0x0700, 0x0000, 0x0700, 0x0000, 0x0700, 0x0700, 0x0000, 0x0000, 0x0000, 0x0700, 0x0000, 0x0000,
  0x0000, 0x0000, 0x0000, 0x0700, 0x0000, 0x0000, 0x0700, 0x0700, 0x0000, 0x0000, 0x0700, 0x0000,
  0x0700, 0x0000, 0x0000, 0x0700, 0x0700, 0x0700, 0x0000, 0x0000, 0x0700, 0x0700, 0x0700, 0x0000,
  0x0000, 0x0000, 0x0000, 0x0700, 0x0000, 0x0000, 0x0000, 0x0700, 0x0700, 0x0000, 0x0000, 0x0700,
  0x0000, 0x0000, 0x0700, 0x0000, 0x0000, 0x0000, 0x0000, 0x0000, 0x0000, 0x0000, 0x0000, 0x0000,
  0x0000, 0x0000, 0x0000, 0x0700, 0x0700, 0x0000, 0x0000, 0x0000, 0x0000, 0x0700, 0x0000, 0x0000,
  0x0000, 0x0700, 0x0000, 0x0000, 0x0000, 0x0000, 0x0000, 0x0000, 0x0000, 0x0000, 0x0000, 0x0000,
  0x0000, 0x0000, 0x0000, 0x0000, 0x0700, 0x0000, 0x0000, 0x0000, 0x0000, 0x0000, 0x0000, 0x0000,
  0x0000, 0x0700, 0x0700, 0x0700, 0x0700, 0x0700, 0x0000, 0x0700, 0x0000, 0x0000, 0x0000, 0x0000,
  0x0000, 0x0000, 0x0700, 0x0000, 0x0000, 0x0700, 0x0000, 0x0000, 0x0000, 0x0000, 0x0000, 0x0000,
  0x0700, 0x0000, 0x0700, 0x0000, 0x0000, 0x0000, 0x0700, 0x0000, 0x0000, 0x0700, 0x0000, 0x0000,
  0x0000, 0x0000, 0x0000, 0x0700, 0x0000, 0x0000, 0x0000, 0x0000, 0x0000, 0x0000, 0x0000, 0x0000,
  0x0000, 0x0000, 0x0000, 0x0000, 0x0700, 0x0700, 0x0000, 0x0000, 0x0000, 0x0700, 0x0700, 0x0000,
  0x0000, 0x0700, 0x0700, 0x0000, 0x0700, 0x0000, 0x0000, 0x0000, 0x0700, 0x0000, 0x0000, 0x0000,
  0x0700, 0x0700, 0x0000, 0x0000, 0x0000, 0x0000, 0x0000, 0x0700, 0x0000, 0x0700, 0x0700, 0x0700,
  0x0700, 0x0000, 0x0000, 0x0000, 0x0000, 0x0700, 0x0000, 0x0700, 0x0000, 0x0000, 0x0700, 0x0000,
  0x0000, 0x0700, 0x0000, 0x0000, 0x0000, 0x0700, 0x0000, 0x0000, 0x0700, 0x0000, 0x0000, 0x0700,
  0x0700, 0x0700, 0x0000, 0x0000, 0x0000, 0x0000, 0x0000, 0x0000, 0x0000, 0x0000, 0x0000, 0x0000,
  0x0000, 0x0000, 0x0000, 0x0000, 0x0000, 0x0000, 0x0000, 0x0000, 0x0700, 0x0000, 0x0000, 0x0000,
  0x0700, 0x0000, 0x0000, 0x0000, 0x0700, 0x0700, 0x0700, 0x0700, 0x0000, 0x0000, 0x0000, 0x0000,
  0x0000, 0x0000, 0x0000, 0x0700, 0x0000, 0x0000, 0x0000, 0x0000, 0x0000, 0x0000, 0x0000, 0x0000,
  0x0000, 0x0000, 0x0700, 0x0000, 0x0000, 0x0000, 0x0000, 0x0700, 0x0000, 0x0000, 0x0000, 0x0000,
  0x0700, 0x0000, 0x0000, 0x0000, 0x0700, 0x0000, 0x0000, 0x0000, 0x0000, 0x0000, 0x0000, 0x0700,
  0x0000, 0x0000, 0x0000, 0x0000, 0x0000, 0x0000, 0x0000, 0x0700, 0x0000, 0x0700, 0x0700, 0x0000,
  0x0000, 0x0700, 0x0000, 0x0000, 0x0000, 0x0000, 0x0000, 0x0000, 0x0000, 0x0000, 0x0700, 0x0700,
  0x0700, 0x0000, 0x0000, 0x0000, 0x0700, 0x0700, 0x0000, 0x0700, 0x0700, 0x0700, 0x0700, 0x0000,
  0x0700, 0x0000, 0x0000, 0x0700, 0x0000, 0x0000, 0x0000, 0x0700, 0x0000, 0x0000, 0x0700, 0x0000,
  0x0000, 0x0000, 0x0000, 0x0700, 0x0000, 0x0000, 0x0700, 0x0000, 0x0000, 0x0000, 0x0700, 0x0000,
  0x0000, 0x0000, 0x0000, 0x0000, 0x0700, 0x0000, 0x0700, 0x0000, 0x0000, 0x0700, 0x0000, 0x0000,
  0x0700, 0x0000, 0x0000, 0x0000, 0x0700, 0x0000, 0x0000, 0x0700, 0x0000, 0x0000, 0x0000, 0x0000,
  0x0700, 0x0000, 0x0000, 0x0000, 0x0000, 0x0000, 0x0000, 0x0000, 0x0000, 0x0000, 0x0000, 0x0000,
  0x0000, 0x0700, 0x0700, 0x0000, 0x0000, 0x0000, 0x0000, 0x0000, 0x0700, 0x0000, 0x0700, 0x0000,
  0x0000, 0x0000, 0x0000, 0x0000, 0x0000, 0x0000, 0x0000, 0x0000, 0x0000, 0x0000, 0x0000, 0x0000,
  0x0000, 0x0000, 0x0000, 0x0000, 0x0000, 0x0000, 0x0000, 0x0000, 0x0000, 0x0000, 0x0000, 0x0000,
  0x0000, 0x0700, 0x0000, 0x0000, 0x0000, 0x0000, 0x0000, 0x0700, 0x0000, 0x0000, 0x0700, 0x0000,
  0x0000, 0x0000, 0x0000, 0x0700, 0x0000, 0x0000, 0x0000, 0x0000, 0x0000, 0x0000, 0x0700, 0x0000,
  0x0000, 0x0000, 0x0000, 0x0000, 0x0000, 0x0000, 0x0700, 0x0000, 0x0700, 0x0000, 0x0000, 0x0700,
  0x0000, 0x0700, 0x0700, 0x0000, 0x0000, 0x0700, 0x0000, 0x0000, 0x0000, 0x0000, 0x0000, 0x0000,
  0x0000, 0x0000, 0x0700, 0x0700, 0x0700, 0x0000, 0x0000, 0x0700, 0x0700, 0x0000, 0x0000, 0x0000,
  0x0700, 0x0700, 0x0000, 0x0000, 0x0000, 0x0000, 0x0700, 0x0000, 0x0000, 0x0700, 0x0700, 0x0700,
  0x0700, 0x0000, 0x0000, 0x0700, 0x0700, 0x0000, 0x0000, 0x0000, 0x0000, 0x0700, 0x0000, 0x0000,
  0x0700, 0x0700, 0x0700, 0x0000, 0x0000, 0x0000, 0x0700, 0x0700, 0x0000, 0x0000, 0x0000, 0x0700,
  0x0000, 0x0000, 0x0000, 0x0000, 0x0700, 0x0700, 0x0000, 0x0000, 0x0000, 0x0700, 0x0700, 0x0000,
  0x0000, 0x0700, 0x0000, 0x0700, 0x0000, 0x0700, 0x0700, 0x0700, 0x0000, 0x0000, 0x0000, 0x0000,
  0x0000, 0x0000, 0x0000, 0x0000, 0x0000, 0x0000, 0x0000, 0x0000, 0x0000, 0x0000, 0x0000, 0x0000,
  0x0000, 0x0000, 0x0000, 0x0000, 0x0000, 0x0000, 0x0000, 0x0000, 0x0000, 0x0000, 0x0000, 0x0000,
  0x0000, 0x0700, 0x0000, 0x0000, 0x0000, 0x0700, 0x0700, 0x0700, 0x0700, 0x0700, 0x0000, 0x0000,
  0x0000, 0x0000, 0x0000, 0x0000, 0x0000, 0x0000, 0x0000, 0x0700, 0x0700, 0x0000, 0x0000, 0x0000,
  0x0000, 0x0000, 0x0700, 0x0700, 0x0000, 0x0000, 0x0000, 0x0000, 0x0700, 0x0700, 0x0000, 0x0000,
  0x0000, 0x0000, 0x0000, 0x0000, 0x0000, 0x0000, 0x0700, 0x0000, 0x0700, 0x0000, 0x0000, 0x0000,
  0x0700, 0x0700, 0x0000, 0x0000, 0x0700, 0x0000, 0x0000, 0x0000, 0x0000, 0x0000, 0x0000, 0x0000,
  0x0000, 0x0000, 0x0700, 0x0000, 0x0000, 0x0000, 0x0000, 0x0000, 0x0000, 0x0000, 0x0000, 0x0700,
  0x0700, 0x0000, 0x0000, 0x0700, 0x0000, 0x0000, 0x0700, 0x0000, 0x0700, 0x0000, 0x0000, 0x0700,
  0x0000, 0x0000, 0x0700, 0x0700, 0x0000, 0x0000, 0x0000, 0x0000, 0x0000, 0x0000, 0x0000, 0x0000,
  0x0000, 0x0000, 0x0000, 0x0000, 0x0000, 0x0000, 0x0000, 0x0000, 0x0000, 0x0000, 0x0000, 0x0000,
  0x0000, 0x0000, 0x0000, 0x0000, 0x0000, 0x0000, 0x0000, 0x0000, 0x0000, 0x0000, 0x0000, 0x0000,
  0x0000, 0x0000, 0x0000, 0x0000, 0x0000, 0x0000, 0x0000, 0x0000, 0x0000, 0x0000, 0x0000, 0x0000,
  0x0000, 0x0000, 0x0000, 0x0000, 0x0000, 0x0000, 0x0000, 0x0000, 0x0000, 0x0000, 0x0000, 0x0000,
  0x0000, 0x0000, 0x0000, 0x0000, 0x0000, 0x0000, 0x0000, 0x0000, 0x0000, 0x0000, 0x0000, 0x0000,
  0x0000, 0x0000, 0x0000, 0x0000, 0x0000, 0x0000, 0x0000, 0x0000, 0x0000, 0x0000, 0x0000, 0x0000,
  0x0000, 0x0000, 0x0000, 0x0000, 0x0000, 0x0000, 0x0000, 0x0000, 0x0000, 0x0000, 0x0000, 0x0000,
  0x0000, 0x0000, 0x0000, 0x0000, 0x0000, 0x0000, 0x0000, 0x0000, 0x0000, 0x0000, 0x0000, 0x0000,
  0x0000, 0x0000, 0x0000, 0x0000, 0x0000, 0x0000, 0x0000, 0x0000, 0x0000, 0x0000, 0x0000, 0x0000,
  0x0000, 0x0000, 0x0000, 0x0000, 0x0000, 0x0000, 0x0000, 0x0000, 0x0000, 0x0000, 0x0000, 0x0000,
  0x0000, 0x0000, 0x0000, 0x0000, 0x0000, 0x0000, 0x0000, 0x0000, 0x0000, 0x0700, 0x0000, 0x0000,
  0x0700, 0x0000, 0x0000, 0x0700, 0x0700, 0x0000, 0x0000, 0x0000, 0x0000, 0x0000, 0x0000, 0x0000,
  0x0700, 0x0000, 0x0000, 0x0700, 0x0000, 0x0000, 0x0000, 0x0700, 0x0000, 0x0000, 0x0000, 0x0000,
  0x0000, 0x0000, 0x0000, 0x0000, 0x0000, 0x0000, 0x0000, 0x0000, 0x0000, 0x0000, 0x0000, 0x0000,
  0x0000, 0x0000, 0x0000, 0x0000, 0x0000, 0x0000, 0x0000, 0x0000, 0x0000, 0x0000, 0x0000, 0x0000,
  0x0000, 0x0000, 0x0000, 0x0000, 0x0000, 0x0000, 0x0000, 0x0000, 0x0000, 0x0000, 0x0000, 0x0000,
  0x0000, 0x0000, 0x0000, 0x0000, 0x0000, 0x0000, 0x0000, 0x0000, 0x0000, 0x0000, 0x0000, 0x0000,
  0x0000, 0x0000, 0x0000, 0x0000, 0x0000, 0x0000, 0x0000, 0x0000, 0x0000, 0x0000, 0x0000, 0x0000,
  0x0000, 0x0000, 0x0000, 0x0000, 0x0000, 0x0000, 0x0000, 0x0000, 0x0000, 0x0000, 0x0000, 0x0000,
  0x0000, 0x0000, 0x0000, 0x0000, 0x0000, 0x0000, 0x0000, 0x0000, 0x0000, 0x0000, 0x0000, 0x0000,
  0x0000, 0x0000, 0x0000, 0x0000, 0x0000, 0x0000, 0x0000, 0x0000, 0x0000, 0x0000, 0x0000, 0x0000,
  0x0000, 0x0000, 0x0000, 0x0000, 0x0000, 0x0000, 0x0000, 0x0000, 0x0000, 0x0000, 0x0000, 0x0000,
  0x0000, 0x0000, 0x0000, 0x0000, 0x0000, 0x0000, 0x0000, 0x0000, 0x0000, 0x0000, 0x0000, 0x0000,
  0x0000, 0x0000, 0x0000, 0x0000, 0x0000, 0x0000, 0x0000, 0x0000, 0x0000, 0x0700, 0x0700, 0x0000,
  0x0000, 0x0700, 0x0000, 0x0000, 0x0700, 0x0000, 0x0000, 0x0700, 0x0700, 0x0000, 0x0000, 0x0000,
  0x0000, 0x0000, 0x0700, 0x0000, 0x0700, 0x0700, 0x0700, 0x0000, 0x0000, 0x0000, 0x0000, 0x0000,
  0x0000, 0x0000, 0x0000, 0x0000, 0x0000, 0x0000, 0x0000, 0x0000, 0x0000, 0x0000, 0x0000, 0x0000,
  0x0000, 0x0000, 0x0000, 0x0000, 0x0000, 0x0000, 0x0000, 0x0000, 0x0000, 0x0000, 0x0000, 0x0000,
  0x0000, 0x0000, 0x0000, 0x0000, 0x0000, 0x0000, 0x0000, 0x0000, 0x0000, 0x0000, 0x0000, 0x0000,
  0x0000, 0x0000, 0x0000, 0x0000, 0x0000, 0x0000, 0x0000, 0x0000, 0x0000, 0x0000, 0x0000, 0x0000,
  0x0000, 0x0000, 0x0000, 0x0000, 0x0000, 0x0000, 0x0000, 0x0000, 0x0000, 0x0000, 0x0000, 0x0000,
  0x0000, 0x0000, 0x0000, 0x0000, 0x0000, 0x0000, 0x0000, 0x0000, 0x0000, 0x0000, 0x0000, 0x0000,
  0x0000, 0x0000, 0x0000, 0x0000, 0x0000, 0x0000, 0x0000, 0x0000, 0x0000, 0x0000, 0x0000, 0x0000,
  0x0000, 0x0000, 0x0000, 0x0000, 0x0000, 0x0000, 0x0000, 0x0000, 0x0000, 0x0000, 0x0000, 0x0000,
  0x0000, 0x0000, 0x0000, 0x0000, 0x0000, 0x0000, 0x0000, 0x0000, 0x0000, 0x0000, 0x0000, 0x0000,
  0x0000, 0x0000, 0x0000, 0x0000, 0x0000, 0x0000, 0x0000, 0x0000, 0x0000, 0x0000, 0x0000, 0x0000,
  0x0000, 0x0000, 0x0000, 0x0000, 0x0000, 0x0000, 0x0000, 0x0700, 0x0000, 0x0000, 0x0700, 0x0000,
  0x0700, 0x0000, 0x0000, 0x0700, 0x0000, 0x0700, 0x0000, 0x0000, 0x0700, 0x0000, 0x0000, 0x0700,
  0x0700, 0x0000, 0x0000, 0x0000, 0x0700, 0x0700, 0x0700, 0x0000, 0x0000, 0x0000, 0x0000, 0x0000,
  0x0000, 0x0000, 0x0000, 0x0000, 0x0000, 0x0000, 0x0000, 0x0000, 0x0000, 0x0000, 0x0000, 0x0000,
  0x0000, 0x0000, 0x0000, 0x0000, 0x0000, 0x0000, 0x0000, 0x0000, 0x0000, 0x0000, 0x0000, 0x0000,
  0x0000, 0x0000, 0x0000, 0x0000, 0x0000, 0x0000, 0x0000, 0x0000, 0x0000, 0x0000, 0x0000, 0x0000,
  0x0000, 0x0000, 0x0000, 0x0000, 0x0000, 0x0000, 0x0000, 0x0000, 0x0000, 0x0000, 0x0000, 0x0000,
  0x0000, 0x0000, 0x0000, 0x0000, 0x0000, 0x0000, 0x0000, 0x0000, 0x0000, 0x0000, 0x0000, 0x0000,
  0x0000, 0x0000, 0x0000, 0x0000, 0x0000, 0x0000, 0x0000, 0x0000, 0x0000, 0x0000, 0x0000, 0x0000,
  0x0000, 0x0000, 0x0000, 0x0000, 0x0000, 0x0000, 0x0000, 0x0000, 0x0000, 0x0000, 0x0000, 0x0000,
  0x0000, 0x0000, 0x0000, 0x0000, 0x0000, 0x0000, 0x0000, 0x0000, 0x0000, 0x0000, 0x0000, 0x0000,
  0x0000, 0x0000, 0x0000, 0x0000, 0x0000, 0x0000, 0x0000, 0x0000, 0x0000, 0x0000, 0x0000, 0x0000,
  0x0000, 0x0000, 0x0000, 0x0000, 0x0000, 0x0000, 0x0000, 0x0000, 0x0000, 0x0000, 0x0000, 0x0000,
  0x0000, 0x0000, 0x0000, 0x0000, 0x0000, 0x0000, 0x0700, 0x0700, 0x0700, 0x0700, 0x0000, 0x0700,
  0x0000, 0x0000, 0x0700, 0x0000, 0x0700, 0x0700, 0x0700, 0x0700, 0x0000, 0x0000, 0x0000, 0x0000,
  0x0000, 0x0000, 0x0000, 0x0700, 0x0000, 0x0000, 0x0000, 0x0000, 0x0000, 0x0000, 0x0000, 0x0000,
  0x0000, 0x0000, 0x0000, 0x0000, 0x0000, 0x0000, 0x0000, 0x0000, 0x0000, 0x0000, 0x0000, 0x0000,
  0x0000, 0x0000, 0x0000, 0x0000, 0x0000, 0x0000, 0x0000, 0x0000, 0x0000, 0x0000, 0x0000, 0x0000,
  0x0000, 0x0000, 0x0000, 0x0000, 0x0000, 0x0000, 0x0000, 0x0000, 0x0000, 0x0000, 0x0000, 0x0000,
  0x0000, 0x0000, 0x0000, 0x0000, 0x0000, 0x0000, 0x0000, 0x0000, 0x0000, 0x0000, 0x0000, 0x0000,
  0x0000, 0x0000, 0x0000, 0x0000, 0x0000, 0x0000, 0x0000, 0x0000, 0x0000, 0x0000, 0x0000, 0x0000,
  0x0000, 0x0000, 0x0000, 0x0000, 0x0000, 0x0000, 0x0000, 0x0000, 0x0000, 0x0000, 0x0000, 0x0000,
  0x0000, 0x0000, 0x0000, 0x0000, 0x0000, 0x0000, 0x0000, 0x0000, 0x0000, 0x0000, 0x0000, 0x0000,
  0x0000, 0x0000, 0x0000, 0x0000, 0x0000, 0x0000, 0x0000, 0x0000, 0x0000, 0x0000, 0x0000, 0x0000,
  0x0000, 0x0000, 0x0000, 0x0000, 0x0000, 0x0000, 0x0000, 0x0000, 0x0000, 0x0000, 0x0000, 0x0000,
  0x0000, 0x0000, 0x0000, 0x0000, 0x0000, 0x0000, 0x0000, 0x0000, 0x0000, 0x0000, 0x0000, 0x0000,
  0x0000, 0x0000, 0x0000, 0x0000, 0x0000, 0x0700, 0x0000, 0x0000, 0x0700, 0x0000, 0x0000, 0x0700,
  0x0700, 0x0000, 0x0000, 0x0700, 0x0000, 0x0000, 0x0700, 0x0000, 0x0000, 0x0700, 0x0700, 0x0000,
  0x0000, 0x0000, 0x0000, 0x0000, 0x0000, 0x0000, 0x0000, 0x0000, 0x0000, 0x0000, 0x0000, 0x0000,
  0x0000, 0x0000, 0x0000, 0x0000, 0x0000, 0x0000, 0x0000, 0x0000, 0x0000, 0x0000, 0x0000, 0x0000,
  0x0000, 0x0000, 0x0000, 0x0000, 0x0000, 0x0000, 0x0000, 0x0000, 0x0000, 0x0000, 0x0000, 0x0000,
  0x0000, 0x0000, 0x0000, 0x0000, 0x0000, 0x0000, 0x0000, 0x0000, 0x0000, 0x0000, 0x0000, 0x0000,
  0x0000, 0x0000, 0x0000, 0x0000, 0x0000, 0x0000, 0x0000, 0x0000, 0x0000, 0x0000, 0x0000, 0x0000,
  0x0000, 0x0000, 0x0000, 0x0000, 0x0000, 0x0000, 0x0000, 0x0000, 0x0000, 0x0000, 0x0000, 0x0000,
  0x0000, 0x0000, 0x0000, 0x0000, 0x0000, 0x0000, 0x0000, 0x0000, 0x0000, 0x0000, 0x0000, 0x0000,
  0x0000, 0x0000, 0x0000, 0x0000, 0x0000, 0x0000, 0x0000, 0x0000, 0x0000, 0x0000, 0x0000, 0x0000,
  0x0000, 0x0000, 0x0000, 0x0000, 0x0000, 0x0000, 0x0000, 0x0000, 0x0000, 0x0000, 0x0000, 0x0000,
  0x0000, 0x0000, 0x0000, 0x0000, 0x0000, 0x0000, 0x0000, 0x0000, 0x0000, 0x0000, 0x0000, 0x0000,
  0x0000, 0x0000, 0x0000, 0x0000, 0x0000, 0x0000, 0x0000, 0x0000, 0x0000, 0x0000, 0x0000, 0x0000,
  0x0000, 0x0000, 0x0000, 0x0000, 0x0014, 0x0700, 0x0700, 0x0014, 0x0014, 0x0700, 0x0700, 0x0700,
  0x0014, 0x0014, 0x0014, 0x0700, 0x0700, 0x0014, 0x0014, 0x0700, 0x0700, 0x0700, 0x0014, 0x0014,
  0x0700, 0x0700, 0x0700, 0x0700, 0x0014, 0x0700, 0x0700, 0x0700, 0x0700, 0x0014, 0x0014, 0x0700,
  0x0700, 0x0700, 0x0014, 0x0700, 0x0014, 0x0014, 0x0700, 0x0014, 0x0014, 0x0700, 0x0700, 0x0700,
  0x0014, 0x0014, 0x0014, 0x0014, 0x0700, 0x0014, 0x0700, 0x0014, 0x0014, 0x0700, 0x0014, 0x0700,
  0x0014, 0x0014, 0x0014, 0x0014, 0x0700, 0x0014, 0x0014, 0x0700, 0x0014, 0x0700, 0x0014, 0x0014,
  0x0700, 0x0014, 0x0014, 0x0700, 0x0700, 0x0014, 0x0014, 0x0700, 0x0700, 0x0700, 0x0014, 0x0014,
  0x0014, 0x0700, 0x0700, 0x0014, 0x0014, 0x0700, 0x0700, 0x0700, 0x0014, 0x0014, 0x0014, 0x0700,
  0x0700, 0x0700, 0x0014, 0x0014, 0x0700, 0x0700, 0x0700, 0x0014, 0x0700, 0x0014, 0x0014, 0x0700,
  0x0014, 0x0700, 0x0014, 0x0014, 0x0700, 0x0014, 0x0700, 0x0014, 0x0014, 0x0700, 0x0014, 0x0700,
  0x0014, 0x0014, 0x0700, 0x0014, 0x0700, 0x0014, 0x0014, 0x0700, 0x0014, 0x0700, 0x0700, 0x0700,
  0x0700, 0x0014, 0x0014, 0x0700, 0x0014, 0x0700, 0x0014, 0x0014, 0x0014, 0x0014, 0x0700, 0x0700,
  0x0014, 0x0014, 0x0014, 0x0014, 0x0014, 0x0014, 0x0014, 0x0014, 0x0014, 0x0014, 0x0014, 0x0014,
  0x0014, 0x0014, 0x0014, 0x0700, 0x0014, 0x0014, 0x0700, 0x0014, 0x0700, 0x0014, 0x0014, 0x0700,
  0x0014, 0x0700, 0x0014, 0x0014, 0x0700, 0x0014, 0x0700, 0x0014, 0x0014, 0x0700, 0x0014, 0x0700,
  0x0014, 0x0014, 0x0014, 0x0014, 0x0700, 0x0014, 0x0014, 0x0014, 0x0014, 0x0700, 0x0014, 0x0014,
  0x0014, 0x0014, 0x0700, 0x0014, 0x0014, 0x0700, 0x0014, 0x0014, 0x0014, 0x0700, 0x0014, 0x0014,
  0x0014, 0x0014, 0x0014, 0x0700, 0x0014, 0x0700, 0x0014, 0x0700, 0x0014, 0x0014, 0x0700, 0x0014,
  0x0014, 0x0014, 0x0014, 0x0700, 0x0700, 0x0700, 0x0700, 0x0014, 0x0700, 0x0014, 0x0014, 0x0700,
  0x0014, 0x0700, 0x0014, 0x0014, 0x0700, 0x0014, 0x0700, 0x0014, 0x0014, 0x0700, 0x0014, 0x0700,
  0x0014, 0x0014, 0x0700, 0x0014, 0x0700, 0x0014, 0x0014, 0x0700, 0x0014, 0x0700, 0x0014, 0x0014,
  0x0014, 0x0014, 0x0014, 0x0014, 0x0700, 0x0014, 0x0014, 0x0700, 0x0014, 0x0014, 0x0700, 0x0014,
  0x0700, 0x0014, 0x0014, 0x0700, 0x0014, 0x0700, 0x0014, 0x0014, 0x0700, 0x0014, 0x0700, 0x0014,
  0x0014, 0x0700, 0x0014, 0x0700, 0x0014, 0x0014, 0x0700, 0x0014, 0x0014, 0x0014, 0x0014, 0x0700,
  0x0014, 0x0014, 0x0700, 0x0014, 0x0700, 0x0014, 0x0014, 0x0014, 0x0700, 0x0014, 0x0014, 0x0700,
  0x0014, 0x0014, 0x0014, 0x0014, 0x0014, 0x0014, 0x0014, 0x0014, 0x0014, 0x0014, 0x0014, 0x0014,
  0x0014, 0x0014, 0x0700, 0x0700, 0x0700, 0x0700, 0x0014, 0x0700, 0x0700, 0x0700, 0x0014, 0x0014,
  0x0700, 0x0014, 0x0014, 0x0014, 0x0014, 0x0700, 0x0014, 0x0014, 0x0700, 0x0014, 0x0700, 0x0700,
  0x0700, 0x0014, 0x0014, 0x0700, 0x0700, 0x0700, 0x0014, 0x0014, 0x0700, 0x0014, 0x0700, 0x0700,
  0x0014, 0x0700, 0x0700, 0x0700, 0x0700, 0x0014, 0x0014, 0x0014, 0x0700, 0x0014, 0x0014, 0x0014,
  0x0014, 0x0014, 0x0700, 0x0014, 0x0700, 0x0700, 0x0014, 0x0014, 0x0014, 0x0700, 0x0014, 0x0014,
  0x0014, 0x0014, 0x0700, 0x0700, 0x0700, 0x0700, 0x0014, 0x0700, 0x0700, 0x0014, 0x0700, 0x0014,
  0x0700, 0x0014, 0x0014, 0x0700, 0x0014, 0x0700, 0x0700, 0x0700, 0x0014, 0x0014, 0x0700, 0x0014,
  0x0014, 0x0700, 0x0014, 0x0700, 0x0700, 0x0700, 0x0014, 0x0014, 0x0014, 0x0700, 0x0700, 0x0014,
  0x0014, 0x0014, 0x0014, 0x0700, 0x0014, 0x0014, 0x0700, 0x0014, 0x0014, 0x0700, 0x0014, 0x0700,
  0x0014, 0x0014, 0x0700, 0x0014, 0x0700, 0x0014, 0x0014, 0x0700, 0x0014, 0x0014, 0x0700, 0x0700,
  0x0014, 0x0014, 0x0014, 0x0700, 0x0700, 0x0014, 0x0014, 0x0014, 0x0014, 0x0700, 0x0014, 0x0014,
  0x0014, 0x0014, 0x0014, 0x0014, 0x0014, 0x0014, 0x0700, 0x0014, 0x0700, 0x0700, 0x0014, 0x0700,
  0x0014, 0x0014, 0x0014, 0x0014, 0x0014, 0x0014, 0x0014, 0x0014, 0x0014, 0x0014, 0x0014, 0x0014,
  0x0014, 0x0700, 0x0014, 0x0014, 0x0700, 0x0014, 0x0700, 0x0014, 0x0014, 0x0700, 0x0014, 0x0700,
  0x0014, 0x0014, 0x0014, 0x0014, 0x0700, 0x0014, 0x0014, 0x0700, 0x0014, 0x0700, 0x0014, 0x0014,
  0x0014, 0x0014, 0x0700, 0x0014, 0x0014, 0x0014, 0x0014, 0x0700, 0x0014, 0x0014, 0x0700, 0x0014,
  0x0700, 0x0014, 0x0014, 0x0700, 0x0014, 0x0014, 0x0014, 0x0700, 0x0014, 0x0014, 0x0700, 0x0014,
  0x0014, 0x0700, 0x0014, 0x0700, 0x0700, 0x0014, 0x0014, 0x0014, 0x0700, 0x0014, 0x0014, 0x0014,
  0x0014, 0x0700, 0x0014, 0x0014, 0x0700, 0x0014, 0x0700, 0x0014, 0x0700, 0x0700, 0x0014, 0x0700,
  0x0014, 0x0014, 0x0700, 0x0014, 0x0700, 0x0014, 0x0014, 0x0014, 0x0014, 0x0700, 0x0700, 0x0014,
  0x0700, 0x0014, 0x0700, 0x0700, 0x0014, 0x0014, 0x0014, 0x0014, 0x0014, 0x0014, 0x0700, 0x0014,
  0x0014, 0x0014, 0x0700, 0x0014, 0x0014, 0x0700, 0x0014, 0x0014, 0x0700, 0x0014, 0x0700, 0x0014,
  0x0014, 0x0700, 0x0014, 0x0700, 0x0700, 0x0700, 0x0700, 0x0014, 0x0014, 0x0700, 0x0700, 0x0014,
  0x0014, 0x0014, 0x0014, 0x0700, 0x0014, 0x0014, 0x0014, 0x0700, 0x0014, 0x0014, 0x0014, 0x0014,
  0x0014, 0x0014, 0x0014, 0x0014, 0x0014, 0x0700, 0x0014, 0x0700, 0x0700, 0x0700, 0x0700, 0x0014,
  0x0014, 0x0014, 0x0014, 0x0014, 0x0014, 0x0014, 0x0014, 0x0014, 0x0014, 0x0014, 0x0014, 0x0014,
  0x0700, 0x0014, 0x0014, 0x0700, 0x0014, 0x0700, 0x0014, 0x0014, 0x0700, 0x0014, 0x0700, 0x0014,
  0x0014, 0x0700, 0x0014, 0x0700, 0x0014, 0x0014, 0x0700, 0x0014, 0x0700, 0x0014, 0x0014, 0x0014,
  0x0014, 0x0700, 0x0014, 0x0014, 0x0014, 0x0014, 0x0700, 0x0014, 0x0014, 0x0700, 0x0014, 0x0700,
  0x0014, 0x0014, 0x0700, 0x0014, 0x0014, 0x0014, 0x0700, 0x0014, 0x0014, 0x0700, 0x0014, 0x0014,
  0x0700, 0x0014, 0x0700, 0x0014, 0x0700, 0x0014, 0x0014, 0x0700, 0x0014, 0x0014, 0x0014, 0x0014,
  0x0700, 0x0014, 0x0014, 0x0700, 0x0014, 0x0700, 0x0014, 0x0014, 0x0700, 0x0014, 0x0700, 0x0014,
  0x0014, 0x0700, 0x0014, 0x0700, 0x0014, 0x0014, 0x0014, 0x0014, 0x0700, 0x0014, 0x0700, 0x0700,
  0x0014, 0x0700, 0x0014, 0x0700, 0x0014, 0x0014, 0x0014, 0x0014, 0x0014, 0x0700, 0x0014, 0x0014,
  0x0014, 0x0700, 0x0014, 0x0014, 0x0700, 0x0014, 0x0014, 0x0700, 0x0014, 0x0014, 0x0700, 0x0700,
  0x0014, 0x0014, 0x0700, 0x0700, 0x0700, 0x0700, 0x0014, 0x0700, 0x0014, 0x0014, 0x0700, 0x0014,
  0x0014, 0x0014, 0x0700, 0x0014, 0x0014, 0x0700, 0x0014, 0x0014, 0x0014, 0x0014, 0x0014, 0x0014,
  0x0014, 0x0014, 0x0014, 0x0014, 0x0014, 0x0700, 0x0014, 0x0014, 0x0014, 0x0014, 0x0014, 0x0014,
  0x0014, 0x0014, 0x0014, 0x0014, 0x0014, 0x0014, 0x0014, 0x0014, 0x0014, 0x0014, 0x0014, 0x0700,
  0x0014, 0x0014, 0x0700, 0x0014, 0x0700, 0x0700, 0x0700, 0x0014, 0x0014, 0x0014, 0x0700, 0x0700,
  0x0014, 0x0014, 0x0700, 0x0700, 0x0700, 0x0014, 0x0014, 0x0700, 0x0700, 0x0700, 0x0700, 0x0014,
  0x0700, 0x0014, 0x0014, 0x0014, 0x0014, 0x0014, 0x0700, 0x0700, 0x0014, 0x0014, 0x0700, 0x0014,
  0x0014, 0x0700, 0x0014, 0x0014, 0x0700, 0x0700, 0x0700, 0x0014, 0x0014, 0x0700, 0x0700, 0x0014,
  0x0014, 0x0700, 0x0014, 0x0014, 0x0700, 0x0014, 0x0700, 0x0700, 0x0700, 0x0700, 0x0014, 0x0700,
  0x0014, 0x0014, 0x0700, 0x0014, 0x0700, 0x0014, 0x0014, 0x0700, 0x0014, 0x0014, 0x0700, 0x0700,
  0x0014, 0x0014, 0x0700, 0x0014, 0x0014, 0x0014, 0x0014, 0x0014, 0x0700, 0x0700, 0x0700, 0x0014,
  0x0700, 0x0014, 0x0014, 0x0700, 0x0014, 0x0700, 0x0700, 0x0700, 0x0014, 0x0014, 0x0014, 0x0014,
  0x0700, 0x0014, 0x0014, 0x0014, 0x0700, 0x0700, 0x0014, 0x0014, 0x0014, 0x0700, 0x0700, 0x0014,
  0x0014, 0x0700, 0x0014, 0x0014, 0x0700, 0x0014, 0x0700, 0x0014, 0x0014, 0x0700, 0x0014, 0x0014,
  0x0014, 0x0700, 0x0014, 0x0014, 0x0700, 0x0700, 0x0700, 0x0700, 0x0014, 0x0014, 0x0014, 0x0014,
  0x0014, 0x0014, 0x0014, 0x0014, 0x0014, 0x0700, 0x0700, 0x0014, 0x0014, 0x0014, 0x0014, 0x0014,
  0x0014, 0x0014, 0x0014, 0x0014, 0x0014, 0x0014, 0x0014, 0x0014, 0x0014, 0x0014, 0x0014, 0x0700,
  0x0700, 0x0014, 0x0014, 0x0014, 0x0014, 0x0700, 0x0014, 0x0014, 0x0700, 0x0700, 0x0700, 0x0014,
  0x0014, 0x0700, 0x0700, 0x0700, 0x0700, 0x0014, 0x0014, 0x0014, 0x0700, 0x0014, 0x0014, 0x0700,
  0x0700, 0x0700, 0x0700, 0x0014, 0x0014, 0x0700, 0x0700, 0x0014, 0x0014, 0x0700, 0x0700, 0x0700,
  0x0700, 0x0014, 0x0014, 0x0700, 0x0700, 0x0014, 0x0014, 0x0014, 0x0700, 0x0700, 0x0014, 0x0014,
  0x0014, 0x0014, 0x0014, 0x0014, 0x0014, 0x0014, 0x0014, 0x0014, 0x0014, 0x0014, 0x0014, 0x0014,
  0x0014, 0x0014, 0x0014, 0x0014, 0x0014, 0x0014, 0x0014, 0x0014, 0x0014, 0x0014, 0x0014, 0x0014,
  0x0014, 0x0014, 0x0014, 0x0014, 0x0014, 0x0014, 0x0014, 0x0014, 0x0700, 0x0014, 0x0014, 0x0014,
  0x0700, 0x0014, 0x0014, 0x0014, 0x0014, 0x0014, 0x0014, 0x0014, 0x0014, 0x0014, 0x0014, 0x0700,
  0x0014, 0x0014, 0x0014, 0x0014, 0x0014, 0x0014, 0x0014, 0x0014, 0x0014, 0x0014, 0x0014, 0x0014,
  0x0014, 0x0700, 0x0700, 0x0014, 0x0014, 0x0014, 0x0014, 0x0700, 0x0700, 0x0014, 0x0014, 0x0014,
  0x0700, 0x0014, 0x0014, 0x0014, 0x0014, 0x0700, 0x0014, 0x0014, 0x0014, 0x0700, 0x0700, 0x0014,
  0x0014, 0x0014, 0x0014, 0x0014, 0x0014, 0x0014, 0x0014, 0x0014, 0x0014, 0x0014, 0x0014, 0x0014,
  0x0014, 0x0700, 0x0014, 0x0014, 0x0014, 0x0700, 0x0700, 0x0014, 0x0014, 0x0700, 0x0014, 0x0014,
  0x0700, 0x0014, 0x0014, 0x0700, 0x0700, 0x0014, 0x0014, 0x0014, 0x0014, 0x0014, 0x0700, 0x0014,
  0x0014, 0x0014, 0x0700, 0x0014, 0x0014, 0x0014, 0x0700, 0x0700, 0x0014, 0x0014, 0x0700, 0x0014,
  0x0014, 0x0014, 0x0014, 0x0700, 0x0014, 0x0014, 0x0014, 0x0014, 0x0014, 0x0014, 0x0014, 0x0700,
  0x0014, 0x0700, 0x0014, 0x0014, 0x0700, 0x0014, 0x0700, 0x0014, 0x0014, 0x0700, 0x0014, 0x0014,
  0x0014, 0x0014, 0x0014, 0x0014, 0x0014, 0x0014, 0x0014, 0x0014, 0x0014, 0x0014, 0x0014, 0x0014,
  0x0014, 0x0014, 0x0014, 0x0014, 0x0014, 0x0700, 0x0014, 0x0700, 0x0014, 0x0014, 0x0014, 0x0014,
  0x0014, 0x0014, 0x0014, 0x0014, 0x0014, 0x0014, 0x0014, 0x0700, 0x0014, 0x0014, 0x0014, 0x0700,
  0x0014, 0x0014, 0x0014, 0x0014, 0x0014, 0x0014, 0x0014, 0x0014, 0x0014, 0x0014, 0x0700, 0x0014,
  0x0014, 0x0700, 0x0014, 0x0014, 0x0014, 0x0014, 0x0014, 0x0014, 0x0014, 0x0014, 0x0700, 0x0014,
  0x0700, 0x0014, 0x0014, 0x0014, 0x0014, 0x0014, 0x0014, 0x0700, 0x0014, 0x0014, 0x0700, 0x0014,
  0x0700, 0x0014, 0x0014, 0x0700, 0x0014, 0x0700, 0x0014, 0x0014, 0x0700, 0x0700, 0x0014, 0x0700,
  0x0014, 0x0014, 0x0014, 0x0014, 0x0014, 0x0014, 0x0700, 0x0700, 0x0700, 0x0014, 0x0014, 0x0700,
  0x0700, 0x0700, 0x0014, 0x0700, 0x0700, 0x0700, 0x0700, 0x0014, 0x0700, 0x0014, 0x0700, 0x0700,
  0x0014, 0x0014, 0x0014, 0x0700, 0x0014, 0x0014, 0x0014, 0x0014, 0x0014, 0x0700, 0x0014, 0x0014,
  0x0700, 0x0700, 0x0014, 0x0014, 0x0700, 0x0014, 0x0700, 0x0014, 0x0014, 0x0700, 0x0700, 0x0700,
  0x0014, 0x0014, 0x0700, 0x0700, 0x0700, 0x0014, 0x0014, 0x0014, 0x0014, 0x0700, 0x0014, 0x0014,
  0x0014, 0x0700, 0x0700, 0x0014, 0x0014, 0x0700, 0x0014, 0x0014, 0x0700, 0x0014, 0x0014, 0x0014,
  0x0014, 0x0014, 0x0014, 0x0014, 0x0014, 0x0014, 0x0014, 0x0014, 0x0014, 0x0700, 0x0700, 0x0014,
  0x0014, 0x0014, 0x0014, 0x0700, 0x0014, 0x0014, 0x0014, 0x0700, 0x0014, 0x0014, 0x0014, 0x0014,
  0x0014, 0x0014, 0x0014, 0x0014, 0x0014, 0x0014, 0x0014, 0x0014, 0x0014, 0x0014, 0x0700, 0x0014,
  0x0014, 0x0014, 0x0014, 0x0014, 0x0014, 0x0014, 0x0014, 0x0700, 0x0700, 0x0700, 0x0700, 0x0700,
  0x0014, 0x0700, 0x0014, 0x0014, 0x0014, 0x0014, 0x0014, 0x0014, 0x0700, 0x0014, 0x0014, 0x0700,
  0x0014, 0x0014, 0x0014, 0x0014, 0x0014, 0x0014, 0x0700, 0x0014, 0x0700, 0x0014, 0x0014, 0x0014,
  0x0700, 0x0014, 0x0014, 0x0700, 0x0014, 0x0014, 0x0014, 0x0014, 0x0014, 0x0700, 0x0014, 0x0014,
  0x0014, 0x0014, 0x0014, 0x0014, 0x0014, 0x0014, 0x0014, 0x0014, 0x0014, 0x0014, 0x0700, 0x0700,
  0x0014, 0x0014, 0x0014, 0x0700, 0x0700, 0x0014, 0x0014, 0x0700, 0x0700, 0x0014, 0x0700, 0x0014,
  0x0014, 0x0014, 0x0700, 0x0014, 0x0014, 0x0014, 0x0700, 0x0700, 0x0014, 0x0014, 0x0014, 0x0014,
  0x0014, 0x0700, 0x0014, 0x0700, 0x0700, 0x0700, 0x0700, 0x0014, 0x0014, 0x0014, 0x0014, 0x0700,
  0x0014, 0x0700, 0x0014, 0x0014, 0x0700, 0x0014, 0x0014, 0x0700, 0x0014, 0x0014, 0x0014, 0x0700,
  0x0014, 0x0014, 0x0700, 0x0014, 0x0014, 0x0700, 0x0700, 0x0700, 0x0014, 0x0014, 0x0014, 0x0014,
  0x0014, 0x0014, 0x0014, 0x0014, 0x0014, 0x0014, 0x0014, 0x0014, 0x0014, 0x0014, 0x0014, 0x0014,
  0x0014, 0x0014, 0x0700, 0x0014, 0x0014, 0x0014, 0x0700, 0x0014, 0x0014, 0x0014, 0x0700, 0x0700,
  0x0700, 0x0700, 0x0014, 0x0014, 0x0014, 0x0014, 0x0014, 0x0014, 0x0014, 0x0700, 0x0014, 0x0014,
  0x0014, 0x0014, 0x0014, 0x0014, 0x0014, 0x0014, 0x0014, 0x0014, 0x0700, 0x0014, 0x0014, 0x0014,
  0x0014, 0x0700, 0x0014, 0x0014, 0x0014, 0x0014, 0x0700, 0x0014, 0x0014, 0x0014, 0x0700, 0x0014,
  0x0014, 0x0014, 0x0014, 0x0014, 0x0014, 0x0700, 0x0014, 0x0014, 0x0014, 0x0014, 0x0014, 0x0014,
  0x0014, 0x0700, 0x0014, 0x0700, 0x0700, 0x0014, 0x0014, 0x0700, 0x0014, 0x0014, 0x0014, 0x0014,
  0x0014, 0x0014, 0x0014, 0x0014, 0x0700, 0x0700, 0x0700, 0x0014, 0x0014, 0x0014, 0x0700, 0x0700,
  0x0014, 0x0700, 0x0700, 0x0700, 0x0700, 0x0014, 0x0700, 0x0014, 0x0014, 0x0700, 0x0014, 0x0014,
  0x0014, 0x0700, 0x0014, 0x0014, 0x0700, 0x0014, 0x0014, 0x0014, 0x0014, 0x0700, 0x0014, 0x0014,
  0x0700, 0x0014, 0x0014, 0x0014, 0x0700, 0x0014, 0x0014, 0x0014, 0x0014, 0x0014, 0x0700, 0x0014,
  0x0700, 0x0014, 0x0014, 0x0700, 0x0014, 0x0014, 0x0700, 0x0014, 0x0014, 0x0014, 0x0700, 0x0014,
  0x0014, 0x0700, 0x0014, 0x0014, 0x0014, 0x0014, 0x0700, 0x0014, 0x0014, 0x0014, 0x0014, 0x0014,
  0x0014, 0x0014, 0x0014, 0x0014, 0x0014, 0x0014, 0x0014, 0x0700, 0x0700, 0x0014, 0x0014, 0x0014,
  0x0014, 0x0014, 0x0700, 0x0014, 0x0700, 0x0014, 0x0014, 0x0014, 0x0014, 0x0014, 0x0014, 0x0014,
  0x0014, 0x0014, 0x0014, 0x0014, 0x0014, 0x0014, 0x0014, 0x0014, 0x0014, 0x0014, 0x0014, 0x0014,
  0x0014, 0x0014, 0x0014, 0x0014, 0x0014, 0x0014, 0x0014, 0x0700, 0x0014, 0x0014, 0x0014, 0x0014,
  0x0014, 0x0700, 0x0014, 0x0014, 0x0700, 0x0014, 0x0014, 0x0014, 0x0014, 0x0700, 0x0014, 0x0014,
  0x0014, 0x0014, 0x0014, 0x0014, 0x0700, 0x0014, 0x0014, 0x0014, 0x0014, 0x0014, 0x0014, 0x0014,
  0x0700, 0x0014, 0x0700, 0x0014, 0x0014, 0x0700, 0x0014, 0x0700, 0x0700, 0x0014, 0x0014, 0x0700,
  0x0014, 0x0014, 0x0014, 0x0014, 0x0014, 0x0014, 0x0014, 0x0014, 0x0700, 0x0700, 0x0700, 0x0014,
  0x0014, 0x0700, 0x0700, 0x0014, 0x0014, 0x0014, 0x0700, 0x0700, 0x0014, 0x0014, 0x0014, 0x0014,
  0x0700, 0x0014, 0x0014, 0x0700, 0x0700, 0x0700, 0x0700, 0x0014, 0x0014, 0x0700, 0x0700, 0x0014,
  0x0014, 0x0014, 0x0014, 0x0700, 0x0014, 0x0014, 0x0700, 0x0700, 0x0700, 0x0014, 0x0014, 0x0014,
  0x0700, 0x0700, 0x0014, 0x0014, 0x0014, 0x0700, 0x0014, 0x0014, 0x0014, 0x0014, 0x0700, 0x0700,
  0x0014, 0x0014, 0x0014, 0x0700, 0x0700, 0x0014, 0x0014, 0x0700, 0x0014, 0x0700, 0x0014, 0x0700,
  0x0700, 0x0700, 0x0014, 0x0014, 0x0014, 0x0014, 0x0014, 0x0014, 0x0014, 0x0014, 0x0014, 0x0014,
  0x0014, 0x0014, 0x0014, 0x0014, 0x0014, 0x0014, 0x0014, 0x0014, 0x0014, 0x0014, 0x0014, 0x0014,
  0x0014, 0x0014, 0x0014, 0x0014, 0x0014, 0x0014, 0x0014, 0x0700, 0x0014, 0x0014, 0x0014, 0x0700,
  0x0700, 0x0700, 0x0700, 0x0700, 0x0014, 0x0014, 0x0014, 0x0014, 0x0014, 0x0014, 0x0014, 0x0014,
  0x0014, 0x0700, 0x0700, 0x0014, 0x0014, 0x0014, 0x0014, 0x0014, 0x0700, 0x0700, 0x0014, 0x0014,
  0x0014, 0x0014, 0x0700, 0x0700, 0x0014, 0x0014, 0x0014, 0x0014, 0x0014, 0x0014, 0x0014, 0x0014,
  0x0700, 0x0014, 0x0700, 0x0014, 0x0014, 0x0014, 0x0700, 0x0700, 0x0014, 0x0014, 0x0700, 0x0014,
  0x0014, 0x0014, 0x0014, 0x0014, 0x0014, 0x0014, 0x0014, 0x0014, 0x0700, 0x0014, 0x0014, 0x0014,
  0x0014, 0x0014, 0x0014, 0x0014, 0x0014, 0x0700, 0x0700, 0x0014, 0x0014, 0x0700, 0x0014, 0x0014,
  0x0700, 0x0014, 0x0700, 0x0014, 0x0014, 0x0700, 0x0014, 0x0014, 0x0700, 0x0700, 0x0014, 0x0014,
  0x0014, 0x0014, 0x0014, 0x0014, 0x0014, 0x0014, 0x0014, 0x0014, 0x0014, 0x0014, 0x0014, 0x0014,
  0x0014, 0x0014, 0x0014, 0x0014, 0x0014, 0x0014, 0x0014, 0x0014, 0x0014, 0x0014, 0x0014, 0x0014,
  0x0014, 0x0014, 0x0014, 0x0014, 0x0014, 0x0014, 0x0014, 0x0014, 0x0014, 0x0014, 0x0014, 0x0014,
  0x0014, 0x0014, 0x0014, 0x0014, 0x0014, 0x0014, 0x0014, 0x0014, 0x0014, 0x0014, 0x0014, 0x0014,
  0x0014, 0x0014, 0x0014, 0x0014, 0x0014, 0x0014, 0x0014, 0x0014, 0x0014, 0x0014, 0x0014, 0x0014,
  0x0014, 0x0014, 0x0014, 0x0014, 0x0014, 0x0014, 0x0014, 0x0014, 0x0014, 0x0014, 0x0014, 0x0014,
  0x0014, 0x0014, 0x0014, 0x0014, 0x0014, 0x0014, 0x0014, 0x0014, 0x0014, 0x0014, 0x0014, 0x0014,
  0x0014, 0x0014, 0x0014, 0x0014, 0x0014, 0x0014, 0x0014, 0x0014, 0x0014, 0x0014, 0x0014, 0x0014,
  0x0014, 0x0014, 0x0014, 0x0014, 0x0014, 0x0014, 0x0014, 0x0014, 0x0014, 0x0014, 0x0014, 0x0014,
  0x0014, 0x0014, 0x0014, 0x0014, 0x0014, 0x0014, 0x0014, 0x0014, 0x0014, 0x0014, 0x0014, 0x0014,
  0x0014, 0x0014, 0x0014, 0x0014, 0x0014, 0x0014, 0x0014, 0x0014, 0x0014, 0x0014, 0x0014, 0x0014,
  0x0014, 0x0014, 0x0014, 0x0700, 0x0014, 0x0014, 0x0700, 0x0014, 0x0014, 0x0700, 0x0700, 0x0014,
  0x0014, 0x0014, 0x0014, 0x0014, 0x0014, 0x0014, 0x0700, 0x0014, 0x0014, 0x0700, 0x0014, 0x0014,
  0x0014, 0x0700, 0x0014, 0x0014, 0x0014, 0x0014, 0x0014, 0x0014, 0x0014, 0x0014, 0x0014, 0x0014,
  0x0014, 0x0014, 0x0014, 0x0014, 0x0014, 0x0014, 0x0014, 0x0014, 0x0014, 0x0014, 0x0014, 0x0014,
  0x0014, 0x0014, 0x0014, 0x0014, 0x0014, 0x0014, 0x0014, 0x0014, 0x0014, 0x0014, 0x0014, 0x0014,
  0x0014, 0x0014, 0x0014, 0x0014, 0x0014, 0x0014, 0x0014, 0x0014, 0x0014, 0x0014, 0x0014, 0x0014,
  0x0014, 0x0014, 0x0014, 0x0014, 0x0014, 0x0014, 0x0014, 0x0014, 0x0014, 0x0014, 0x0014, 0x0014,
  0x0014, 0x0014, 0x0014, 0x0014, 0x0014, 0x0014, 0x0014, 0x0014, 0x0014, 0x0014, 0x0014, 0x0014,
  0x0014, 0x0014, 0x0014, 0x0014, 0x0014, 0x0014, 0x0014, 0x0014, 0x0014, 0x0014, 0x0014, 0x0014,
  0x0014, 0x0014, 0x0014, 0x0014, 0x0014, 0x0014, 0x0014, 0x0014, 0x0014, 0x0014, 0x0014, 0x0014,
  0x0014, 0x0014, 0x0014, 0x0014, 0x0014, 0x0014, 0x0014, 0x0014, 0x0014, 0x0014, 0x0014, 0x0014,
  0x0014, 0x0014, 0x0014, 0x0014, 0x0014, 0x0014, 0x0014, 0x0014, 0x0014, 0x0014, 0x0014, 0x0014,
  0x0014, 0x0014, 0x0014, 0x0014, 0x0014, 0x0014, 0x0014, 0x0014, 0x0014, 0x0014, 0x0014, 0x0014,
  0x0014, 0x0014, 0x0014, 0x0700, 0x0700, 0x0014, 0x0014, 0x0700, 0x0014, 0x0014, 0x0700, 0x0014,
  0x0014, 0x0700, 0x0700, 0x0014, 0x0014, 0x0014, 0x0014, 0x0014, 0x0700, 0x0014, 0x0700, 0x0700,
  0x0700, 0x0014, 0x0014, 0x0014, 0x0014, 0x0014, 0x0014, 0x0014, 0x0014, 0x0014, 0x0014, 0x0014,
  0x0014, 0x0014, 0x0014, 0x0014, 0x0014, 0x0014, 0x0014, 0x0014, 0x0014, 0x0014, 0x0014, 0x0014,
  0x0014, 0x0014, 0x0014, 0x0014, 0x0014, 0x0014, 0x0014, 0x0014, 0x0014, 0x0014, 0x0014, 0x0014,
  0x0014, 0x0014, 0x0014, 0x0014, 0x0014, 0x0014, 0x0014, 0x0014, 0x0014, 0x0014, 0x0014, 0x0014,
  0x0014, 0x0014, 0x0014, 0x0014, 0x0014, 0x0014, 0x0014, 0x0014, 0x0014, 0x0014, 0x0014, 0x0014,
  0x0014, 0x0014, 0x0014, 0x0014, 0x0014, 0x0014, 0x0014, 0x0014, 0x0014, 0x0014, 0x0014, 0x0014,
  0x0014, 0x0014, 0x0014, 0x0014, 0x0014, 0x0014, 0x0014, 0x0014, 0x0014, 0x0014, 0x0014, 0x0014,
  0x0014, 0x0014, 0x0014, 0x0014, 0x0014, 0x0014, 0x0014, 0x0014, 0x0014, 0x0014, 0x0014, 0x0014,
  0x0014, 0x0014, 0x0014, 0x0014, 0x0014, 0x0014, 0x0014, 0x0014, 0x0014, 0x0014, 0x0014, 0x0014,
  0x0014, 0x0014, 0x0014, 0x0014, 0x0014, 0x0014, 0x0014, 0x0014, 0x0014, 0x0014, 0x0014, 0x0014,
  0x0014, 0x0014, 0x0014, 0x0014, 0x0014, 0x0014, 0x0014, 0x0014, 0x0014, 0x0014, 0x0014, 0x0014,
  0x0014, 0x0700, 0x0014, 0x0014, 0x0700, 0x0014, 0x0700, 0x0014, 0x0014, 0x0700, 0x0014, 0x0700,
  0x0014, 0x0014, 0x0700, 0x0014, 0x0014, 0x0700, 0x0700, 0x0014, 0x0014, 0x0014, 0x0700, 0x0700,
  0x0700, 0x0014, 0x0014, 0x0014, 0x0014, 0x0014, 0x0014, 0x0014, 0x0014, 0x0014, 0x0014, 0x0014,
  0x0014, 0x0014, 0x0014, 0x0014, 0x0014, 0x0014, 0x0014, 0x0014, 0x0014, 0x0014, 0x0014, 0x0014,
  0x0014, 0x0014, 0x0014, 0x0014, 0x0014, 0x0014, 0x0014, 0x0014, 0x0014, 0x0014, 0x0014, 0x0014,
  0x0014, 0x0014, 0x0014, 0x0014, 0x0014, 0x0014, 0x0014, 0x0014, 0x0014, 0x0014, 0x0014, 0x0014,
  0x0014, 0x0014, 0x0014, 0x0014, 0x0014, 0x0014, 0x0014, 0x0014, 0x0014, 0x0014, 0x0014, 0x0014,
  0x0014, 0x0014, 0x0014, 0x0014, 0x0014, 0x0014, 0x0014, 0x0014, 0x0014, 0x0014, 0x0014, 0x0014,
  0x0014, 0x0014, 0x0014, 0x0014, 0x0014, 0x0014, 0x0014, 0x0014, 0x0014, 0x0014, 0x0014, 0x0014,
  0x0014, 0x0014, 0x0014, 0x0014, 0x0014, 0x0014, 0x0014, 0x0014, 0x0014, 0x0014, 0x0014, 0x0014,
  0x0014, 0x0014, 0x0014, 0x0014, 0x0014, 0x0014, 0x0014, 0x0014, 0x0014, 0x0014, 0x0014, 0x0014,
  0x0014, 0x0014, 0x0014, 0x0014, 0x0014, 0x0014, 0x0014, 0x0014, 0x0014, 0x0014, 0x0014, 0x0014,
  0x0014, 0x0014, 0x0014, 0x0014, 0x0014, 0x0014, 0x0014, 0x0014, 0x0014, 0x0014, 0x0014, 0x0014,
  0x0700, 0x0700, 0x0700, 0x0700, 0x0014, 0x0700, 0x0014, 0x0014, 0x0700, 0x0014, 0x0700, 0x0700,
  0x0700, 0x0700, 0x0014, 0x0014, 0x0014, 0x0014, 0x0014, 0x0014, 0x0014, 0x0700, 0x0014, 0x0014,
  0x0014, 0x0014, 0x0014, 0x0014, 0x0014, 0x0014, 0x0014, 0x0014, 0x0014, 0x0014, 0x0014, 0x0014,
  0x0014, 0x0014, 0x0014, 0x0014, 0x0014, 0x0014, 0x0014, 0x0014, 0x0014, 0x0014, 0x0014, 0x0014,
  0x0014, 0x0014, 0x0014, 0x0014, 0x0014, 0x0014, 0x0014, 0x0014, 0x0014, 0x0014, 0x0014, 0x0014,
  0x0014, 0x0014, 0x0014, 0x0014, 0x0014, 0x0014, 0x0014, 0x0014, 0x0014, 0x0014, 0x0014, 0x0014,
  0x0014, 0x0014, 0x0014, 0x0014, 0x0014, 0x0014, 0x0014, 0x0014, 0x0014, 0x0014, 0x0014, 0x0014,
  0x0014, 0x0014, 0x0014, 0x0014, 0x0014, 0x0014, 0x0014, 0x0014, 0x0014, 0x0014, 0x0014, 0x0014,
  0x0014, 0x0014, 0x0014, 0x0014, 0x0014, 0x0014, 0x0014, 0x0014, 0x0014, 0x0014, 0x0014, 0x0014,
  0x0014, 0x0014, 0x0014, 0x0014, 0x0014, 0x0014, 0x0014, 0x0014, 0x0014, 0x0014, 0x0014, 0x0014,
  0x0014, 0x0014, 0x0014, 0x0014, 0x0014, 0x0014, 0x0014, 0x0014, 0x0014, 0x0014, 0x0014, 0x0014,
  0x0014, 0x0014, 0x0014, 0x0014, 0x0014, 0x0014, 0x0014, 0x0014, 0x0014, 0x0014, 0x0014, 0x0014,
  0x0014, 0x0014, 0x0014, 0x0014, 0x0014, 0x0014, 0x0014, 0x0014, 0x0014, 0x0014, 0x0014, 0x0700,
  0x0014, 0x0014, 0x0700, 0x0014, 0x0014, 0x0700, 0x0700, 0x0014, 0x0014, 0x0700, 0x0014, 0x0014,
  0x0700, 0x0014, 0x0014, 0x0700, 0x0700, 0x0014, 0x0014, 0x0014, 0x0014, 0x0014, 0x0014, 0x0014,
  0x0014, 0x0014, 0x0014, 0x0014, 0x0014, 0x0014, 0x0014, 0x0014, 0x0014, 0x0014, 0x0014, 0x0014,
  0x0014, 0x0014, 0x0014, 0x0014, 0x0014, 0x0014, 0x0014, 0x0014, 0x0014, 0x0014, 0x0014, 0x0014,
  0x0014, 0x0014, 0x0014, 0x0014, 0x0014, 0x0014, 0x0014, 0x0014, 0x0014, 0x0014, 0x0014, 0x0014,
  0x0014, 0x0014, 0x0014, 0x0014, 0x0014, 0x0014, 0x0014, 0x0014, 0x0014, 0x0014, 0x0014, 0x0014,
  0x0014, 0x0014, 0x0014, 0x0014, 0x0014, 0x0014, 0x0014, 0x0014, 0x0014, 0x0014, 0x0014, 0x0014,
  0x0014, 0x0014, 0x0014, 0x0014, 0x0014, 0x0014, 0x0014, 0x0014, 0x0014, 0x0014, 0x0014, 0x0014,
  0x0014, 0x0014, 0x0014, 0x0014, 0x0014, 0x0014, 0x0014, 0x0014, 0x0014, 0x0014, 0x0014, 0x0014,
  0x0014, 0x0014, 0x0014, 0x0014, 0x0014, 0x0014, 0x0014, 0x0014, 0x0014, 0x0014, 0x0014, 0x0014,
  0x0014, 0x0014, 0x0014, 0x0014, 0x0014, 0x0014, 0x0014, 0x0014, 0x0014, 0x0014, 0x0014, 0x0014,
  0x0014, 0x0014, 0x0014, 0x0014, 0x0014, 0x0014, 0x0014, 0x0014, 0x0014, 0x0014, 0x0014, 0x0014,
  0x0014, 0x0014, 0x0014, 0x0014, 0x0014, 0x0014, 0x0014, 0x0014, 0x0014, 0x0014,
};

// SKIN_GLYPH[ascii] -> UV in SKIN_FONT atlas.
const SkinUV SKIN_GLYPH[128] = {
  [  0] = { 145,  0, 5, 6 }, // '?'
  [  1] = { 145,  0, 5, 6 }, // '?'
  [  2] = { 145,  0, 5, 6 }, // '?'
  [  3] = { 145,  0, 5, 6 }, // '?'
  [  4] = { 145,  0, 5, 6 }, // '?'
  [  5] = { 145,  0, 5, 6 }, // '?'
  [  6] = { 145,  0, 5, 6 }, // '?'
  [  7] = { 145,  0, 5, 6 }, // '?'
  [  8] = { 145,  0, 5, 6 }, // '?'
  [  9] = { 145,  0, 5, 6 }, // '?'
  [ 10] = { 145,  0, 5, 6 }, // '?'
  [ 11] = { 145,  0, 5, 6 }, // '?'
  [ 12] = { 145,  0, 5, 6 }, // '?'
  [ 13] = { 145,  0, 5, 6 }, // '?'
  [ 14] = { 145,  0, 5, 6 }, // '?'
  [ 15] = { 145,  0, 5, 6 }, // '?'
  [ 16] = { 145,  0, 5, 6 }, // '?'
  [ 17] = { 145,  0, 5, 6 }, // '?'
  [ 18] = { 145,  0, 5, 6 }, // '?'
  [ 19] = { 145,  0, 5, 6 }, // '?'
  [ 20] = { 145,  0, 5, 6 }, // '?'
  [ 21] = { 145,  0, 5, 6 }, // '?'
  [ 22] = { 145,  0, 5, 6 }, // '?'
  [ 23] = { 145,  0, 5, 6 }, // '?'
  [ 24] = { 145,  0, 5, 6 }, // '?'
  [ 25] = { 145,  0, 5, 6 }, // '?'
  [ 26] = { 145,  0, 5, 6 }, // '?'
  [ 27] = { 145,  0, 5, 6 }, // '?'
  [ 28] = { 145,  0, 5, 6 }, // '?'
  [ 29] = { 145,  0, 5, 6 }, // '?'
  [ 30] = { 145,  0, 5, 6 }, // '?'
  [ 31] = { 145,  0, 5, 6 }, // '?'
  [ 32] = { 145,  0, 5, 6 }, // ' '
  [ 33] = {  85,  6, 5, 6 }, // '!'
  [ 34] = { 130,  0, 5, 6 }, // '"'
  [ 35] = { 150,  6, 5, 6 }, // '#'
  [ 36] = { 145,  6, 5, 6 }, // '$'
  [ 37] = { 130,  6, 5, 6 }, // '%'
  [ 38] = { 125,  6, 5, 6 }, // '&'
  [ 39] = {  80,  6, 5, 6 }, // '''
  [ 40] = {  65,  6, 5, 6 }, // '('
  [ 41] = {  70,  6, 5, 6 }, // ')'
  [ 42] = {   5, 12, 5, 6 }, // '*'
  [ 43] = {  95,  6, 5, 6 }, // '+'
  [ 44] = { 135,  6, 5, 6 }, // ','
  [ 45] = {  75,  6, 5, 6 }, // '-'
  [ 46] = {  60,  6, 5, 6 }, // '.'
  [ 47] = { 105,  6, 5, 6 }, // '/'
  [ 48] = {   0,  6, 5, 6 }, // '0'
  [ 49] = {   5,  6, 5, 6 }, // '1'
  [ 50] = {  10,  6, 5, 6 }, // '2'
  [ 51] = {  15,  6, 5, 6 }, // '3'
  [ 52] = {  20,  6, 5, 6 }, // '4'
  [ 53] = {  25,  6, 5, 6 }, // '5'
  [ 54] = {  30,  6, 5, 6 }, // '6'
  [ 55] = {  35,  6, 5, 6 }, // '7'
  [ 56] = {  40,  6, 5, 6 }, // '8'
  [ 57] = {  45,  6, 5, 6 }, // '9'
  [ 58] = {  55,  6, 5, 6 }, // ':'
  [ 59] = { 145,  0, 5, 6 }, // ';'
  [ 60] = { 145,  0, 5, 6 }, // '<'
  [ 61] = { 140,  6, 5, 6 }, // '='
  [ 62] = { 145,  0, 5, 6 }, // '>'
  [ 63] = {   0, 12, 5, 6 }, // '?'
  [ 64] = { 135,  0, 5, 6 }, // '@'
  [ 65] = {   0,  0, 5, 6 }, // 'A'
  [ 66] = {   5,  0, 5, 6 }, // 'B'
  [ 67] = {  10,  0, 5, 6 }, // 'C'
  [ 68] = {  15,  0, 5, 6 }, // 'D'
  [ 69] = {  20,  0, 5, 6 }, // 'E'
  [ 70] = {  25,  0, 5, 6 }, // 'F'
  [ 71] = {  30,  0, 5, 6 }, // 'G'
  [ 72] = {  35,  0, 5, 6 }, // 'H'
  [ 73] = {  40,  0, 5, 6 }, // 'I'
  [ 74] = {  45,  0, 5, 6 }, // 'J'
  [ 75] = {  50,  0, 5, 6 }, // 'K'
  [ 76] = {  55,  0, 5, 6 }, // 'L'
  [ 77] = {  60,  0, 5, 6 }, // 'M'
  [ 78] = {  65,  0, 5, 6 }, // 'N'
  [ 79] = {  70,  0, 5, 6 }, // 'O'
  [ 80] = {  75,  0, 5, 6 }, // 'P'
  [ 81] = {  80,  0, 5, 6 }, // 'Q'
  [ 82] = {  85,  0, 5, 6 }, // 'R'
  [ 83] = {  90,  0, 5, 6 }, // 'S'
  [ 84] = {  95,  0, 5, 6 }, // 'T'
  [ 85] = { 100,  0, 5, 6 }, // 'U'
  [ 86] = { 105,  0, 5, 6 }, // 'V'
  [ 87] = { 110,  0, 5, 6 }, // 'W'
  [ 88] = { 115,  0, 5, 6 }, // 'X'
  [ 89] = { 120,  0, 5, 6 }, // 'Y'
  [ 90] = { 125,  0, 5, 6 }, // 'Z'
  [ 91] = { 110,  6, 5, 6 }, // '['
  [ 92] = { 100,  6, 5, 6 }, // '\'
  [ 93] = { 115,  6, 5, 6 }, // ']'
  [ 94] = { 120,  6, 5, 6 }, // '^'
  [ 95] = {  90,  6, 5, 6 }, // '_'
  [ 96] = { 145,  0, 5, 6 }, // '`'
  [ 97] = {   0,  0, 5, 6 }, // 'a'
  [ 98] = {   5,  0, 5, 6 }, // 'b'
  [ 99] = {  10,  0, 5, 6 }, // 'c'
  [100] = {  15,  0, 5, 6 }, // 'd'
  [101] = {  20,  0, 5, 6 }, // 'e'
  [102] = {  25,  0, 5, 6 }, // 'f'
  [103] = {  30,  0, 5, 6 }, // 'g'
  [104] = {  35,  0, 5, 6 }, // 'h'
  [105] = {  40,  0, 5, 6 }, // 'i'
  [106] = {  45,  0, 5, 6 }, // 'j'
  [107] = {  50,  0, 5, 6 }, // 'k'
  [108] = {  55,  0, 5, 6 }, // 'l'
  [109] = {  60,  0, 5, 6 }, // 'm'
  [110] = {  65,  0, 5, 6 }, // 'n'
  [111] = {  70,  0, 5, 6 }, // 'o'
  [112] = {  75,  0, 5, 6 }, // 'p'
  [113] = {  80,  0, 5, 6 }, // 'q'
  [114] = {  85,  0, 5, 6 }, // 'r'
  [115] = {  90,  0, 5, 6 }, // 's'
  [116] = {  95,  0, 5, 6 }, // 't'
  [117] = { 100,  0, 5, 6 }, // 'u'
  [118] = { 105,  0, 5, 6 }, // 'v'
  [119] = { 110,  0, 5, 6 }, // 'w'
  [120] = { 115,  0, 5, 6 }, // 'x'
  [121] = { 120,  0, 5, 6 }, // 'y'
  [122] = { 125,  0, 5, 6 }, // 'z'
  [123] = { 145,  0, 5, 6 }, // '{'
  [124] = { 145,  0, 5, 6 }, // '|'
  [125] = { 145,  0, 5, 6 }, // '}'
  [126] = { 145,  0, 5, 6 }, // '~'
  [127] = { 145,  0, 5, 6 }, // '?'
};

// SKIN_NUMBERS: 99x13, 2574 bytes RGB565 LE
const uint16_t SKIN_NUMBERS[1287] = {
  0x1905, 0x07c0, 0x07c0, 0x07c0, 0x07c0, 0x07c0, 0x07c0, 0x07c0, 0x1905, 0x1905, 0x0000, 0x1905,
  0x0000, 0x1905, 0x0000, 0x1905, 0x0000, 0x07c0, 0x1905, 0x07c0, 0x07c0, 0x07c0, 0x07c0, 0x07c0,
  0x07c0, 0x07c0, 0x1905, 0x1905, 0x07c0, 0x07c0, 0x07c0, 0x07c0, 0x07c0, 0x07c0, 0x07c0, 0x1905,
  0x07c0, 0x0000, 0x1905, 0x0000, 0x1905, 0x0000, 0x1905, 0x0000, 0x07c0, 0x1905, 0x07c0, 0x07c0,
  0x07c0, 0x07c0, 0x07c0, 0x07c0, 0x07c0, 0x1905, 0x1905, 0x07c0, 0x07c0, 0x07c0, 0x07c0, 0x07c0,
  0x07c0, 0x07c0, 0x1905, 0x07c0, 0x07c0, 0x07c0, 0x07c0, 0x07c0, 0x07c0, 0x07c0, 0x07c0, 0x1905,
  0x1905, 0x07c0, 0x07c0, 0x07c0, 0x07c0, 0x07c0, 0x07c0, 0x07c0, 0x1905, 0x1905, 0x07c0, 0x07c0,
  0x07c0, 0x07c0, 0x07c0, 0x07c0, 0x07c0, 0x1905, 0x1905, 0x0000, 0x1905, 0x0000, 0x1905, 0x0000,
  0x1905, 0x0000, 0x1905, 0x07c0, 0x0000, 0x0000, 0x0000, 0x0000, 0x0000, 0x0000, 0x0000, 0x07c0,
  0x0000, 0x0000, 0x0000, 0x0000, 0x0000, 0x0000, 0x0000, 0x0000, 0x07c0, 0x0000, 0x0000, 0x0000,
  0x0000, 0x0000, 0x0000, 0x0000, 0x0000, 0x07c0, 0x0000, 0x0000, 0x0000, 0x0000, 0x0000, 0x0000,
  0x0000, 0x0000, 0x07c0, 0x07c0, 0x0000, 0x0000, 0x0000, 0x0000, 0x0000, 0x0000, 0x0000, 0x07c0,
  0x07c0, 0x0000, 0x0000, 0x0000, 0x0000, 0x0000, 0x0000, 0x0000, 0x0000, 0x07c0, 0x0000, 0x0000,
  0x0000, 0x0000, 0x0000, 0x0000, 0x0000, 0x0000, 0x0000, 0x0000, 0x0000, 0x0000, 0x0000, 0x0000,
  0x0000, 0x0000, 0x07c0, 0x07c0, 0x0000, 0x0000, 0x0000, 0x0000, 0x0000, 0x0000, 0x0000, 0x07c0,
  0x07c0, 0x0000, 0x0000, 0x0000, 0x0000, 0x0000, 0x0000, 0x0000, 0x07c0, 0x0000, 0x0000, 0x0000,
  0x0000, 0x0000, 0x0000, 0x0000, 0x0000, 0x0000, 0x07c0, 0x0000, 0x1905, 0x0000, 0x1905, 0x0000,
  0x1905, 0x0000, 0x07c0, 0x1905, 0x0000, 0x1905, 0x0000, 0x1905, 0x0000, 0x1905, 0x0000, 0x07c0,
  0x1905, 0x0000, 0x1905, 0x0000, 0x1905, 0x0000, 0x1905, 0x0000, 0x07c0, 0x1905, 0x0000, 0x1905,
  0x0000, 0x1905, 0x0000, 0x1905, 0x0000, 0x07c0, 0x07c0, 0x0000, 0x1905, 0x0000, 0x1905, 0x0000,
  0x1905, 0x0000, 0x07c0, 0x07c0, 0x0000, 0x1905, 0x0000, 0x1905, 0x0000, 0x1905, 0x0000, 0x1905,
  0x07c0, 0x0000, 0x1905, 0x0000, 0x1905, 0x0000, 0x1905, 0x0000, 0x1905, 0x1905, 0x0000, 0x1905,
  0x0000, 0x1905, 0x0000, 0x1905, 0x0000, 0x07c0, 0x07c0, 0x0000, 0x1905, 0x0000, 0x1905, 0x0000,
  0x1905, 0x0000, 0x07c0, 0x07c0, 0x0000, 0x1905, 0x0000, 0x1905, 0x0000, 0x1905, 0x0000, 0x07c0,
  0x1905, 0x0000, 0x1905, 0x0000, 0x1905, 0x0000, 0x1905, 0x0000, 0x1905, 0x07c0, 0x0000, 0x0000,
  0x0000, 0x0000, 0x0000, 0x0000, 0x0000, 0x07c0, 0x0000, 0x0000, 0x0000, 0x0000, 0x0000, 0x0000,
  0x0000, 0x0000, 0x07c0, 0x0000, 0x0000, 0x0000, 0x0000, 0x0000, 0x0000, 0x0000, 0x0000, 0x07c0,
  0x0000, 0x0000, 0x0000, 0x0000, 0x0000, 0x0000, 0x0000, 0x0000, 0x07c0, 0x07c0, 0x0000, 0x0000,
  0x0000, 0x0000, 0x0000, 0x0000, 0x0000, 0x07c0, 0x07c0, 0x0000, 0x0000, 0x0000, 0x0000, 0x0000,
  0x0000, 0x0000, 0x0000, 0x07c0, 0x0000, 0x0000, 0x0000, 0x0000, 0x0000, 0x0000, 0x0000, 0x0000,
  0x0000, 0x0000, 0x0000, 0x0000, 0x0000, 0x0000, 0x0000, 0x0000, 0x07c0, 0x07c0, 0x0000, 0x0000,
  0x0000, 0x0000, 0x0000, 0x0000, 0x0000, 0x07c0, 0x07c0, 0x0000, 0x0000, 0x0000, 0x0000, 0x0000,
  0x0000, 0x0000, 0x07c0, 0x0000, 0x0000, 0x0000, 0x0000, 0x0000, 0x0000, 0x0000, 0x0000, 0x0000,
  0x07c0, 0x0000, 0x1905, 0x0000, 0x1905, 0x0000, 0x1905, 0x0000, 0x07c0, 0x1905, 0x0000, 0x1905,
  0x0000, 0x1905, 0x0000, 0x1905, 0x0000, 0x07c0, 0x1905, 0x0000, 0x1905, 0x0000, 0x1905, 0x0000,
  0x1905, 0x0000, 0x07c0, 0x1905, 0x0000, 0x1905, 0x0000, 0x1905, 0x0000, 0x1905, 0x0000, 0x07c0,
  0x07c0, 0x0000, 0x1905, 0x0000, 0x1905, 0x0000, 0x1905, 0x0000, 0x07c0, 0x07c0, 0x0000, 0x1905,
  0x0000, 0x1905, 0x0000, 0x1905, 0x0000, 0x1905, 0x07c0, 0x0000, 0x1905, 0x0000, 0x1905, 0x0000,
  0x1905, 0x0000, 0x1905, 0x1905, 0x0000, 0x1905, 0x0000, 0x1905, 0x0000, 0x1905, 0x0000, 0x07c0,
  0x07c0, 0x0000, 0x1905, 0x0000, 0x1905, 0x0000, 0x1905, 0x0000, 0x07c0, 0x07c0, 0x0000, 0x1905,
  0x0000, 0x1905, 0x0000, 0x1905, 0x0000, 0x07c0, 0x1905, 0x0000, 0x1905, 0x0000, 0x1905, 0x0000,
  0x1905, 0x0000, 0x1905, 0x07c0, 0x0000, 0x0000, 0x0000, 0x0000, 0x0000, 0x0000, 0x0000, 0x07c0,
  0x0000, 0x0000, 0x0000, 0x0000, 0x0000, 0x0000, 0x0000, 0x0000, 0x07c0, 0x0000, 0x0000, 0x0000,
  0x0000, 0x0000, 0x0000, 0x0000, 0x0000, 0x07c0, 0x0000, 0x0000, 0x0000, 0x0000, 0x0000, 0x0000,
  0x0000, 0x0000, 0x07c0, 0x07c0, 0x0000, 0x0000, 0x0000, 0x0000, 0x0000, 0x0000, 0x0000, 0x07c0,
  0x07c0, 0x0000, 0x0000, 0x0000, 0x0000, 0x0000, 0x0000, 0x0000, 0x0000, 0x07c0, 0x0000, 0x0000,
  0x0000, 0x0000, 0x0000, 0x0000, 0x0000, 0x0000, 0x0000, 0x0000, 0x0000, 0x0000, 0x0000, 0x0000,
  0x0000, 0x0000, 0x07c0, 0x07c0, 0x0000, 0x0000, 0x0000, 0x0000, 0x0000, 0x0000, 0x0000, 0x07c0,
  0x07c0, 0x0000, 0x0000, 0x0000, 0x0000, 0x0000, 0x0000, 0x0000, 0x07c0, 0x0000, 0x0000, 0x0000,
  0x0000, 0x0000, 0x0000, 0x0000, 0x0000, 0x0000, 0x07c0, 0x0000, 0x1905, 0x0000, 0x1905, 0x0000,
  0x1905, 0x0000, 0x07c0, 0x1905, 0x0000, 0x1905, 0x0000, 0x1905, 0x0000, 0x1905, 0x0000, 0x07c0,
  0x1905, 0x07c0, 0x07c0, 0x07c0, 0x07c0, 0x07c0, 0x07c0, 0x07c0, 0x1905, 0x1905, 0x07c0, 0x07c0,
  0x07c0, 0x07c0, 0x07c0, 0x07c0, 0x07c0, 0x1905, 0x1905, 0x07c0, 0x07c0, 0x07c0, 0x07c0, 0x07c0,
  0x07c0, 0x07c0, 0x07c0, 0x1905, 0x07c0, 0x07c0, 0x07c0, 0x07c0, 0x07c0, 0x07c0, 0x07c0, 0x1905,
  0x07c0, 0x07c0, 0x07c0, 0x07c0, 0x07c0, 0x07c0, 0x07c0, 0x07c0, 0x1905, 0x1905, 0x0000, 0x1905,
  0x0000, 0x1905, 0x0000, 0x1905, 0x0000, 0x07c0, 0x1905, 0x07c0, 0x07c0, 0x07c0, 0x07c0, 0x07c0,
  0x07c0, 0x07c0, 0x1905, 0x1905, 0x07c0, 0x07c0, 0x07c0, 0x07c0, 0x07c0, 0x07c0, 0x07c0, 0x07c0,
  0x1905, 0x0000, 0x1905, 0x0000, 0x1905, 0x0000, 0x1905, 0x0000, 0x1905, 0x07c0, 0x0000, 0x0000,
  0x0000, 0x0000, 0x0000, 0x0000, 0x0000, 0x07c0, 0x0000, 0x0000, 0x0000, 0x0000, 0x0000, 0x0000,
  0x0000, 0x0000, 0x07c0, 0x07c0, 0x0000, 0x0000, 0x0000, 0x0000, 0x0000, 0x0000, 0x0000, 0x0000,
  0x0000, 0x0000, 0x0000, 0x0000, 0x0000, 0x0000, 0x0000, 0x0000, 0x07c0, 0x0000, 0x0000, 0x0000,
  0x0000, 0x0000, 0x0000, 0x0000, 0x0000, 0x07c0, 0x0000, 0x0000, 0x0000, 0x0000, 0x0000, 0x0000,
  0x0000, 0x0000, 0x07c0, 0x07c0, 0x0000, 0x0000, 0x0000, 0x0000, 0x0000, 0x0000, 0x0000, 0x07c0,
  0x0000, 0x0000, 0x0000, 0x0000, 0x0000, 0x0000, 0x0000, 0x0000, 0x07c0, 0x07c0, 0x0000, 0x0000,
  0x0000, 0x0000, 0x0000, 0x0000, 0x0000, 0x07c0, 0x0000, 0x0000, 0x0000, 0x0000, 0x0000, 0x0000,
  0x0000, 0x0000, 0x07c0, 0x0000, 0x0000, 0x0000, 0x0000, 0x0000, 0x0000, 0x0000, 0x0000, 0x0000,
  0x07c0, 0x0000, 0x1905, 0x0000, 0x1905, 0x0000, 0x1905, 0x0000, 0x07c0, 0x1905, 0x0000, 0x1905,
  0x0000, 0x1905, 0x0000, 0x1905, 0x0000, 0x07c0, 0x07c0, 0x0000, 0x1905, 0x0000, 0x1905, 0x0000,
  0x1905, 0x0000, 0x1905, 0x1905, 0x0000, 0x1905, 0x0000, 0x1905, 0x0000, 0x1905, 0x0000, 0x07c0,
  0x1905, 0x0000, 0x1905, 0x0000, 0x1905, 0x0000, 0x1905, 0x0000, 0x07c0, 0x1905, 0x0000, 0x1905,
  0x0000, 0x1905, 0x0000, 0x1905, 0x0000, 0x07c0, 0x07c0, 0x0000, 0x1905, 0x0000, 0x1905, 0x0000,
  0x1905, 0x0000, 0x07c0, 0x1905, 0x0000, 0x1905, 0x0000, 0x1905, 0x0000, 0x1905, 0x0000, 0x07c0,
  0x07c0, 0x0000, 0x1905, 0x0000, 0x1905, 0x0000, 0x1905, 0x0000, 0x07c0, 0x1905, 0x0000, 0x1905,
  0x0000, 0x1905, 0x0000, 0x1905, 0x0000, 0x07c0, 0x1905, 0x0000, 0x1905, 0x0000, 0x1905, 0x0000,
  0x1905, 0x0000, 0x1905, 0x07c0, 0x0000, 0x0000, 0x0000, 0x0000, 0x0000, 0x0000, 0x0000, 0x07c0,
  0x0000, 0x0000, 0x0000, 0x0000, 0x0000, 0x0000, 0x0000, 0x0000, 0x07c0, 0x07c0, 0x0000, 0x0000,
  0x0000, 0x0000, 0x0000, 0x0000, 0x0000, 0x0000, 0x0000, 0x0000, 0x0000, 0x0000, 0x0000, 0x0000,
  0x0000, 0x0000, 0x07c0, 0x0000, 0x0000, 0x0000, 0x0000, 0x0000, 0x0000, 0x0000, 0x0000, 0x07c0,
  0x0000, 0x0000, 0x0000, 0x0000, 0x0000, 0x0000, 0x0000, 0x0000, 0x07c0, 0x07c0, 0x0000, 0x0000,
  0x0000, 0x0000, 0x0000, 0x0000, 0x0000, 0x07c0, 0x0000, 0x0000, 0x0000, 0x0000, 0x0000, 0x0000,
  0x0000, 0x0000, 0x07c0, 0x07c0, 0x0000, 0x0000, 0x0000, 0x0000, 0x0000, 0x0000, 0x0000, 0x07c0,
  0x0000, 0x0000, 0x0000, 0x0000, 0x0000, 0x0000, 0x0000, 0x0000, 0x07c0, 0x0000, 0x0000, 0x0000,
  0x0000, 0x0000, 0x0000, 0x0000, 0x0000, 0x0000, 0x07c0, 0x0000, 0x1905, 0x0000, 0x1905, 0x0000,
  0x1905, 0x0000, 0x07c0, 0x1905, 0x0000, 0x1905, 0x0000, 0x1905, 0x0000, 0x1905, 0x0000, 0x07c0,
  0x07c0, 0x0000, 0x1905, 0x0000, 0x1905, 0x0000, 0x1905, 0x0000, 0x1905, 0x1905, 0x0000, 0x1905,
  0x0000, 0x1905, 0x0000, 0x1905, 0x0000, 0x07c0, 0x1905, 0x0000, 0x1905, 0x0000, 0x1905, 0x0000,
  0x1905, 0x0000, 0x07c0, 0x1905, 0x0000, 0x1905, 0x0000, 0x1905, 0x0000, 0x1905, 0x0000, 0x07c0,
  0x07c0, 0x0000, 0x1905, 0x0000, 0x1905, 0x0000, 0x1905, 0x0000, 0x07c0, 0x1905, 0x0000, 0x1905,
  0x0000, 0x1905, 0x0000, 0x1905, 0x0000, 0x07c0, 0x07c0, 0x0000, 0x1905, 0x0000, 0x1905, 0x0000,
  0x1905, 0x0000, 0x07c0, 0x1905, 0x0000, 0x1905, 0x0000, 0x1905, 0x0000, 0x1905, 0x0000, 0x07c0,
  0x1905, 0x0000, 0x1905, 0x0000, 0x1905, 0x0000, 0x1905, 0x0000, 0x1905, 0x07c0, 0x0000, 0x0000,
  0x0000, 0x0000, 0x0000, 0x0000, 0x0000, 0x07c0, 0x0000, 0x0000, 0x0000, 0x0000, 0x0000, 0x0000,
  0x0000, 0x0000, 0x07c0, 0x07c0, 0x0000, 0x0000, 0x0000, 0x0000, 0x0000, 0x0000, 0x0000, 0x0000,
  0x0000, 0x0000, 0x0000, 0x0000, 0x0000, 0x0000, 0x0000, 0x0000, 0x07c0, 0x0000, 0x0000, 0x0000,
  0x0000, 0x0000, 0x0000, 0x0000, 0x0000, 0x07c0, 0x0000, 0x0000, 0x0000, 0x0000, 0x0000, 0x0000,
  0x0000, 0x0000, 0x07c0, 0x07c0, 0x0000, 0x0000, 0x0000, 0x0000, 0x0000, 0x0000, 0x0000, 0x07c0,
  0x0000, 0x0000, 0x0000, 0x0000, 0x0000, 0x0000, 0x0000, 0x0000, 0x07c0, 0x07c0, 0x0000, 0x0000,
  0x0000, 0x0000, 0x0000, 0x0000, 0x0000, 0x07c0, 0x0000, 0x0000, 0x0000, 0x0000, 0x0000, 0x0000,
  0x0000, 0x0000, 0x07c0, 0x0000, 0x0000, 0x0000, 0x0000, 0x0000, 0x0000, 0x0000, 0x0000, 0x0000,
  0x1905, 0x07c0, 0x07c0, 0x07c0, 0x07c0, 0x07c0, 0x07c0, 0x07c0, 0x1905, 0x1905, 0x0000, 0x1905,
  0x0000, 0x1905, 0x0000, 0x1905, 0x0000, 0x07c0, 0x1905, 0x07c0, 0x07c0, 0x07c0, 0x07c0, 0x07c0,
  0x07c0, 0x07c0, 0x1905, 0x1905, 0x07c0, 0x07c0, 0x07c0, 0x07c0, 0x07c0, 0x07c0, 0x07c0, 0x1905,
  0x1905, 0x0000, 0x1905, 0x0000, 0x1905, 0x0000, 0x1905, 0x0000, 0x07c0, 0x1905, 0x07c0, 0x07c0,
  0x07c0, 0x07c0, 0x07c0, 0x07c0, 0x07c0, 0x1905, 0x1905, 0x07c0, 0x07c0, 0x07c0, 0x07c0, 0x07c0,
  0x07c0, 0x07c0, 0x1905, 0x1905, 0x0000, 0x1905, 0x0000, 0x1905, 0x0000, 0x1905, 0x0000, 0x07c0,
  0x1905, 0x07c0, 0x07c0, 0x07c0, 0x07c0, 0x07c0, 0x07c0, 0x07c0, 0x1905, 0x1905, 0x07c0, 0x07c0,
  0x07c0, 0x07c0, 0x07c0, 0x07c0, 0x07c0, 0x1905, 0x1905, 0x0000, 0x1905, 0x0000, 0x1905, 0x0000,
  0x1905, 0x0000, 0x1905,
};

// SKIN_POSBAR: 307x10, 6140 bytes RGB565 LE
const uint16_t SKIN_POSBAR[3070] = {
  0x0863, 0x0863, 0x1063, 0x1063, 0x1083, 0x1083, 0x1083, 0x1083, 0x1083, 0x1083, 0x1083, 0x1083,
  0x1083, 0x1083, 0x1083, 0x1083, 0x1083, 0x1083, 0x1083, 0x1083, 0x1083, 0x1083, 0x1083, 0x1083,
  0x1083, 0x1083, 0x1083, 0x1083, 0x1083, 0x10a3, 0x10a3, 0x10a3, 0x10a3, 0x10a3, 0x10a4, 0x10a4,
  0x10a4, 0x10a4, 0x10a4, 0x10a4, 0x10a4, 0x10a4, 0x10a4, 0x10a4, 0x10a4, 0x10a4, 0x10a4, 0x10a4,
  0x10a4, 0x10a4, 0x10a4, 0x18a4, 0x18a4, 0x10c4, 0x18c4, 0x18c4, 0x18c4, 0x18c4, 0x18c4, 0x18c4,
  0x18c4, 0x18c4, 0x18c4, 0x18c5, 0x18c5, 0x18c5, 0x18c5, 0x18c5, 0x18c5, 0x18c5, 0x18c5, 0x18c5,
  0x18c5, 0x18c5, 0x18c5, 0x18c5, 0x18c5, 0x18c5, 0x18c5, 0x18c5, 0x18c5, 0x18c5, 0x18c5, 0x18c5,
  0x18c5, 0x18e5, 0x18c5, 0x18e5, 0x18c5, 0x18e5, 0x18e5, 0x18e5, 0x18e5, 0x18e5, 0x18e5, 0x18e5,
  0x18e5, 0x18e5, 0x18e5, 0x18e5, 0x18e5, 0x18e5, 0x18e5, 0x18e5, 0x18e5, 0x18e5, 0x18e5, 0x18e5,
  0x18e5, 0x18e5, 0x18e5, 0x18e5, 0x18e5, 0x18e5, 0x18e5, 0x18e6, 0x18e5, 0x18e6, 0x18e6, 0x18e6,
  0x18e6, 0x18e6, 0x18e6, 0x18e6, 0x18e6, 0x18e6, 0x18e6, 0x18e6, 0x18e6, 0x18e6, 0x18e6, 0x18e6,
  0x18e6, 0x18e6, 0x18e6, 0x18e6, 0x18e6, 0x18e6, 0x18e6, 0x18e6, 0x18e6, 0x18e6, 0x18e6, 0x18e6,
  0x18e6, 0x18e6, 0x18e6, 0x18e6, 0x18e6, 0x18e6, 0x18e6, 0x18e6, 0x18e6, 0x18e6, 0x18e6, 0x18e6,
  0x18e6, 0x18e6, 0x18e6, 0x18e6, 0x18e6, 0x18e6, 0x18e6, 0x18e6, 0x18e6, 0x18e6, 0x18e6, 0x18e6,
  0x18e5, 0x18e5, 0x18e5, 0x18e5, 0x18e5, 0x18e5, 0x18e5, 0x18e5, 0x18e5, 0x18e5, 0x18e5, 0x18e5,
  0x18e5, 0x18e5, 0x18e5, 0x18e5, 0x18e5, 0x18e5, 0x18e5, 0x18c5, 0x18e5, 0x18c5, 0x18e5, 0x18c5,
  0x18c5, 0x18e5, 0x18c5, 0x18c5, 0x18c5, 0x18c5, 0x18c5, 0x18c5, 0x18c5, 0x18c5, 0x18c5, 0x18c5,
  0x18c5, 0x18c5, 0x18c5, 0x18c5, 0x18c5, 0x18c5, 0x18c5, 0x18c5, 0x18c5, 0x18c5, 0x18c5, 0x18c4,
  0x18c4, 0x18c4, 0x18c4, 0x18c4, 0x18c4, 0x18c4, 0x18c4, 0x18c4, 0x10a4, 0x18a4, 0x10a4, 0x10a4,
  0x10a4, 0x10a4, 0x10a4, 0x10a4, 0x10a4, 0x10a4, 0x10a4, 0x10a4, 0x10a4, 0x10a4, 0x10a4, 0x10a4,
  0x10a4, 0x10a4, 0x10a3, 0x10a3, 0x10a3, 0x10a3, 0x10a3, 0x10a3, 0x632e, 0xde53, 0xde53, 0xde53,
  0xde53, 0xde53, 0xde53, 0xde53, 0xde53, 0xde53, 0xde53, 0xde53, 0xde53, 0xde53, 0xde53, 0xde53,
  0xde53, 0xde53, 0xde53, 0xde53, 0xde53, 0xde53, 0xde53, 0xde53, 0xde53, 0xde53, 0xde53, 0xde53,
  0x8ba7, 0x424b, 0x72a3, 0xb4cb, 0xb4cb, 0xb4cb, 0xb4cb, 0xb4cb, 0xb4cb, 0xb4cb, 0xb4cb, 0xb4cb,
  0xb4cb, 0xb4cb, 0xb4cb, 0xb4cb, 0xb4cb, 0xb4cb, 0xb4cb, 0xb4cb, 0xb4cb, 0xb4cb, 0xb4cb, 0xb4cb,
  0xb4cb, 0xb4cb, 0xb4cb, 0xb4cb, 0xb4cb, 0xb4cb, 0x7ae4, 0x0863, 0x1063, 0x1063, 0x1083, 0x1083,
  0x1083, 0x1083, 0x1083, 0x1083, 0x1083, 0x1083, 0x1083, 0x1083, 0x1083, 0x1083, 0x1083, 0x1083,
  0x1083, 0x1083, 0x1083, 0x1083, 0x1083, 0x1083, 0x1083, 0x1083, 0x10a3, 0x1083, 0x1083, 0x10a3,
  0x10a3, 0x10a3, 0x10a3, 0x10a3, 0x10a3, 0x10a4, 0x10a4, 0x10a4, 0x10a4, 0x10a4, 0x10a4, 0x10a4,
  0x10a4, 0x10a4, 0x10a4, 0x10a4, 0x10a4, 0x10a4, 0x10a4, 0x10a4, 0x10a4, 0x10a4, 0x10a4, 0x18c4,
  0x18a4, 0x18c4, 0x18c4, 0x18c4, 0x18c4, 0x18c4, 0x18c4, 0x18c4, 0x18c5, 0x18c5, 0x18c5, 0x18c5,
  0x18c5, 0x18c5, 0x18c5, 0x18c5, 0x18c5, 0x18c5, 0x18c5, 0x18c5, 0x18c5, 0x18c5, 0x18c5, 0x18c5,
  0x18c5, 0x18c5, 0x18c5, 0x18c5, 0x18c5, 0x18c5, 0x18c5, 0x18e5, 0x18c5, 0x18c5, 0x18c5, 0x18c5,
  0x18e5, 0x18e5, 0x18e5, 0x18e5, 0x18e5, 0x18e5, 0x18e5, 0x18e5, 0x18e5, 0x18e5, 0x18e5, 0x18e5,
  0x18e5, 0x18e5, 0x18e5, 0x18e5, 0x18e5, 0x18e5, 0x18e5, 0x18e5, 0x18e5, 0x18e5, 0x18e5, 0x18e5,
  0x18e5, 0x18e6, 0x18e5, 0x18e6, 0x18e6, 0x18e6, 0x18e6, 0x18e6, 0x18e6, 0x18e6, 0x18e6, 0x18e6,
  0x18e6, 0x18e6, 0x18e6, 0x18e6, 0x18e6, 0x18e6, 0x18e6, 0x18e6, 0x18e6, 0x18e6, 0x18e6, 0x18e6,
  0x18e6, 0x18e6, 0x18e6, 0x18e6, 0x18e6, 0x18e6, 0x18e6, 0x18e6, 0x18e6, 0x18e6, 0x18e6, 0x18e6,
  0x18e6, 0x18e6, 0x18e6, 0x18e6, 0x18e6, 0x18e6, 0x18e6, 0x18e6, 0x18e6, 0x18e6, 0x18e6, 0x18e6,
  0x18e6, 0x18e6, 0x18e6, 0x18e6, 0x18e5, 0x18e6, 0x18e5, 0x18e5, 0x18e5, 0x18e5, 0x18e5, 0x18e5,
  0x18e5, 0x18e5, 0x18e5, 0x18e5, 0x18e5, 0x18e5, 0x18e5, 0x18e5, 0x18e5, 0x18e5, 0x18e5, 0x18e5,
  0x18e5, 0x18e5, 0x18e5, 0x18e5, 0x18c5, 0x18c5, 0x18c5, 0x18c5, 0x18c5, 0x18c5, 0x18c5, 0x18c5,
  0x18c5, 0x18c5, 0x18c5, 0x18c5, 0x18c5, 0x18c5, 0x18c5, 0x18c5, 0x18c5, 0x18c5, 0x18c5, 0x18c5,
  0x18c5, 0x18c5, 0x18c5, 0x18c5, 0x18c5, 0x18c5, 0x18c4, 0x18c4, 0x18c4, 0x18c4, 0x18c4, 0x18c4,
  0x18c4, 0x18c4, 0x18a4, 0x10a4, 0x10a4, 0x10a4, 0x10a4, 0x10a4, 0x10a4, 0x10a4, 0x10a4, 0x10a4,
  0x10a4, 0x10a4, 0x10a4, 0x10a4, 0x10a4, 0x10a4, 0x10a4, 0x10a3, 0x10a3, 0x10a3, 0x10a3, 0x10a3,
  0x10a3, 0x10a3, 0x1083, 0x632e, 0xde53, 0x8346, 0x8346, 0x8346, 0x8346, 0x8346, 0x8346, 0x8346,
  0x8346, 0x8346, 0x8346, 0x8346, 0x8346, 0x8346, 0x8346, 0x8346, 0x8346, 0x8346, 0x8346, 0x8346,
  0x8346, 0x8346, 0x8346, 0x8346, 0x8346, 0xf7be, 0x8ba7, 0x0800, 0x424b, 0x72a3, 0xb4cb, 0x72a3,
  0x72a3, 0x72a3, 0x72a3, 0x72a3, 0x72a3, 0x72a3, 0x72a3, 0x72a3, 0x72a3, 0x72a3, 0x72a3, 0x72a3,
  0x72a3, 0x72a3, 0x72a3, 0x72a3, 0x72a3, 0x72a3, 0x72a3, 0x72a3, 0x72a3, 0x72a3, 0x72a3, 0xde32,
  0x7ae4, 0x2060, 0x0863, 0x0863, 0x18c4, 0x18c4, 0x18c4, 0x18c4, 0x18c4, 0x18c5, 0x18c5, 0x18c5,
  0x18c5, 0x18c5, 0x18c5, 0x18c5, 0x18c5, 0x18e5, 0x18e5, 0x18c5, 0x18e5, 0x18e5, 0x18e5, 0x18e5,
  0x18e5, 0x18e5, 0x18e5, 0x18e5, 0x18e5, 0x18e6, 0x18e6, 0x18e6, 0x18e6, 0x18e6, 0x18e6, 0x1906,
  0x20e6, 0x2106, 0x2106, 0x2106, 0x2106, 0x2106, 0x2106, 0x2106, 0x2106, 0x2106, 0x2106, 0x2106,
  0x2106, 0x2106, 0x2106, 0x2107, 0x2107, 0x2127, 0x2127, 0x2127, 0x2127, 0x2127, 0x2127, 0x2127,
  0x2127, 0x2127, 0x2127, 0x2127, 0x2127, 0x2127, 0x2127, 0x2127, 0x2927, 0x2127, 0x2947, 0x2947,
  0x2947, 0x2948, 0x2948, 0x2948, 0x2948, 0x2948, 0x2948, 0x2948, 0x2948, 0x2948, 0x2948, 0x2948,
  0x2948, 0x2948, 0x2948, 0x2948, 0x2948, 0x2948, 0x2968, 0x2968, 0x2968, 0x2968, 0x2948, 0x2948,
  0x2968, 0x2948, 0x2968, 0x2968, 0x2968, 0x2968, 0x2968, 0x2969, 0x2969, 0x2969, 0x2969, 0x2969,
  0x2969, 0x2969, 0x2969, 0x2969, 0x2969, 0x2969, 0x2969, 0x3169, 0x3169, 0x2989, 0x2989, 0x3189,
  0x3189, 0x3169, 0x3189, 0x3189, 0x3189, 0x3189, 0x3189, 0x3189, 0x3189, 0x3189, 0x3189, 0x3189,
  0x3189, 0x3189, 0x3189, 0x3189, 0x3189, 0x3189, 0x3189, 0x3189, 0x3189, 0x3189, 0x3189, 0x3189,
  0x3189, 0x3189, 0x3189, 0x3189, 0x3189, 0x3189, 0x3189, 0x3189, 0x3189, 0x3189, 0x3189, 0x3189,
  0x3189, 0x3189, 0x3189, 0x3189, 0x3189, 0x3189, 0x3189, 0x3189, 0x2989, 0x3189, 0x2969, 0x3169,
  0x2969, 0x2969, 0x2969, 0x2969, 0x2969, 0x2969, 0x2969, 0x2969, 0x2969, 0x2969, 0x2968, 0x2968,
  0x2968, 0x2968, 0x2968, 0x2968, 0x2968, 0x2968, 0x2968, 0x2948, 0x2948, 0x2948, 0x2948, 0x2948,
  0x2948, 0x2948, 0x2948, 0x2948, 0x2948, 0x2948, 0x2948, 0x2948, 0x2948, 0x2948, 0x2948, 0x2948,
  0x2948, 0x2948, 0x2948, 0x2948, 0x2947, 0x2947, 0x2927, 0x2127, 0x2127, 0x2127, 0x2127, 0x2127,
  0x2127, 0x2127, 0x2127, 0x2127, 0x2127, 0x2127, 0x2127, 0x2127, 0x2127, 0x2127, 0x2107, 0x2107,
  0x2126, 0x2106, 0x2106, 0x2106, 0x2106, 0x2106, 0x2106, 0x2106, 0x2106, 0x2106, 0x2106, 0x2106,
  0x20e6, 0x18e6, 0x18e6, 0x18e6, 0x18e6, 0x18e6, 0x18e6, 0x18e6, 0x18e5, 0x18e5, 0x632e, 0xde53,
  0x8346, 0xc58f, 0xf758, 0xf758, 0xf758, 0xf758, 0xf758, 0xf758, 0xf758, 0xf758, 0xf758, 0xf758,
  0xf758, 0xf758, 0xf758, 0xf758, 0xf758, 0xf758, 0xf758, 0xf758, 0xf758, 0xf758, 0xf758, 0xf7be,
  0xaccc, 0x8ba7, 0x0800, 0x424b, 0x72a3, 0xb4cb, 0x72a3, 0xa429, 0xc56e, 0xc56e, 0xc56e, 0xc56e,
  0xc56e, 0xc56e, 0xc56e, 0xc56e, 0xc56e, 0xc56e, 0xc56e, 0xc56e, 0xc56e, 0xc56e, 0xc56e, 0xc56e,
  0xc56e, 0xc56e, 0xc56e, 0xc56e, 0xc56e, 0xde32, 0x8ba7, 0x7ae4, 0x2060, 0x0863, 0x1063, 0x18c4,
  0x18c5, 0x18c4, 0x18c4, 0x18c5, 0x18c5, 0x18c5, 0x18c5, 0x18c5, 0x18c5, 0x18c5, 0x18c5, 0x18c5,
  0x18c5, 0x18e5, 0x18e5, 0x18e5, 0x18c5, 0x18e5, 0x18e5, 0x18e5, 0x18e5, 0x18e5, 0x18e5, 0x18e6,
  0x18e5, 0x18e6, 0x18e6, 0x18e6, 0x18e6, 0x2106, 0x20e6, 0x2106, 0x20e6, 0x2106, 0x2106, 0x2106,
  0x2106, 0x2106, 0x2106, 0x2106, 0x2106, 0x2106, 0x2106, 0x2106, 0x2126, 0x2107, 0x2107, 0x2127,
  0x2127, 0x2127, 0x2127, 0x2127, 0x2127, 0x2127, 0x2127, 0x2127, 0x2127, 0x2127, 0x2127, 0x2127,
  0x2127, 0x2127, 0x2127, 0x2127, 0x2947, 0x2927, 0x2947, 0x2947, 0x2947, 0x2948, 0x2948, 0x2948,
  0x2948, 0x2948, 0x2948, 0x2948, 0x2948, 0x2948, 0x2948, 0x2948, 0x2948, 0x2948, 0x2948, 0x2948,
  0x2948, 0x2948, 0x2948, 0x2948, 0x2948, 0x2948, 0x2948, 0x2968, 0x2968, 0x2968, 0x2968, 0x2968,
  0x2968, 0x2969, 0x2968, 0x2968, 0x2969, 0x2969, 0x2969, 0x2969, 0x2969, 0x2969, 0x2969, 0x2969,
  0x2969, 0x2969, 0x2969, 0x3189, 0x3189, 0x3169, 0x2989, 0x3189, 0x3189, 0x3189, 0x3189, 0x3189,
  0x3189, 0x3189, 0x3189, 0x3189, 0x3189, 0x3189, 0x3189, 0x3189, 0x3189, 0x3189, 0x3189, 0x3189,
  0x3189, 0x3189, 0x3189, 0x3189, 0x3189, 0x3189, 0x3189, 0x3189, 0x3189, 0x3189, 0x3189, 0x3189,
  0x3189, 0x3189, 0x3189, 0x3189, 0x3189, 0x3189, 0x3189, 0x3189, 0x3189, 0x3189, 0x3189, 0x3189,
  0x3189, 0x3189, 0x3169, 0x2989, 0x3169, 0x2989, 0x2969, 0x3169, 0x2969, 0x2969, 0x2969, 0x2969,
  0x2969, 0x2969, 0x2969, 0x2969, 0x2969, 0x2968, 0x2968, 0x2968, 0x2968, 0x2968, 0x2968, 0x2968,
  0x2948, 0x2948, 0x2948, 0x2948, 0x2968, 0x2948, 0x2948, 0x2948, 0x2948, 0x2948, 0x2948, 0x2948,
  0x2948, 0x2948, 0x2948, 0x2948, 0x2948, 0x2948, 0x2948, 0x2948, 0x2948, 0x2947, 0x2947, 0x2947,
  0x2147, 0x2927, 0x2127, 0x2127, 0x2127, 0x2127, 0x2127, 0x2127, 0x2127, 0x2127, 0x2127, 0x2127,
  0x2127, 0x2127, 0x2127, 0x2127, 0x2127, 0x2107, 0x2106, 0x2126, 0x2106, 0x2106, 0x2106, 0x2106,
  0x2106, 0x2106, 0x2106, 0x2106, 0x2106, 0x2106, 0x2106, 0x20e6, 0x20e6, 0x20e6, 0x18e6, 0x18e6,
  0x18e6, 0x18e6, 0x18e5, 0x18e6, 0x18e5, 0x632e, 0xde53, 0x8346, 0xf758, 0xf7be, 0xf7be, 0xf7be,
  0xf7be, 0xf7be, 0xf7be, 0xf7be, 0xf7be, 0xf7be, 0xf7be, 0xf7be, 0xf7be, 0xf7be, 0xf7be, 0xf7be,
  0xf7be, 0xf7be, 0xf7be, 0xf7be, 0xf7be, 0xf7be, 0xf758, 0xaccc, 0x8ba7, 0x0800, 0x424a, 0x6a82,
  0xb4cb, 0x72a3, 0xc56e, 0xde32, 0xde32, 0xde32, 0xde32, 0xde32, 0xde32, 0xde32, 0xde32, 0xde32,
  0xde32, 0xde32, 0xde32, 0xde32, 0xde32, 0xde32, 0xde32, 0xde32, 0xde32, 0xde32, 0xde32, 0xde32,
  0xc56e, 0x8ba7, 0x7ae4, 0x2060, 0x0883, 0x0883, 0x18c4, 0x18c4, 0x18c4, 0x18c4, 0x18c5, 0x18c5,
  0x18c5, 0x18c5, 0x18c5, 0x18c5, 0x18c5, 0x18c5, 0x18e5, 0x18c5, 0x18e5, 0x18c5, 0x18e5, 0x18e5,
  0x18e5, 0x18e5, 0x18e5, 0x18e5, 0x18e5, 0x18e5, 0x18e5, 0x18e6, 0x18e6, 0x18e6, 0x18e6, 0x18e6,
  0x18e6, 0x1906, 0x2106, 0x20e6, 0x2106, 0x2106, 0x2106, 0x2106, 0x2106, 0x2106, 0x2106, 0x2106,
  0x2106, 0x2106, 0x2106, 0x2106, 0x2106, 0x2107, 0x2127, 0x2127, 0x2127, 0x2127, 0x2127, 0x2127,
  0x2127, 0x2127, 0x2127, 0x2127, 0x2127, 0x2127, 0x2127, 0x2127, 0x2127, 0x2127, 0x2927, 0x2947,
  0x2947, 0x2947, 0x2947, 0x2948, 0x2948, 0x2948, 0x2948, 0x2948, 0x2948, 0x2948, 0x2948, 0x2948,
  0x2948, 0x2948, 0x2948, 0x2948, 0x2948, 0x2948, 0x2948, 0x2948, 0x2948, 0x2968, 0x2968, 0x2948,
  0x2948, 0x2948, 0x2968, 0x2968, 0x2968, 0x2968, 0x2968, 0x2969, 0x2968, 0x2969, 0x2969, 0x2969,
  0x2969, 0x2969, 0x2969, 0x2969, 0x2969, 0x2969, 0x2969, 0x3169, 0x2969, 0x3169, 0x3189, 0x3169,
  0x2989, 0x2989, 0x3189, 0x3189, 0x3189, 0x3189, 0x3189, 0x3189, 0x3189, 0x3189, 0x3189, 0x3189,
  0x3189, 0x3189, 0x3189, 0x3189, 0x3189, 0x3189, 0x3189, 0x3189, 0x3189, 0x3189, 0x3189, 0x3189,
  0x3189, 0x3189, 0x3189, 0x3189, 0x3189, 0x3189, 0x3189, 0x3189, 0x3189, 0x3189, 0x3189, 0x3189,
  0x3189, 0x3189, 0x3189, 0x3189, 0x3189, 0x3189, 0x3189, 0x3189, 0x3189, 0x3189, 0x3189, 0x3169,
  0x2969, 0x2969, 0x2969, 0x2969, 0x2969, 0x2969, 0x2969, 0x2969, 0x2969, 0x2969, 0x2969, 0x2969,
  0x2969, 0x2968, 0x2968, 0x2968, 0x2968, 0x2968, 0x2968, 0x2948, 0x2968, 0x2948, 0x2968, 0x2948,
  0x2948, 0x2948, 0x2948, 0x2948, 0x2948, 0x2948, 0x2948, 0x2948, 0x2948, 0x2948, 0x2948, 0x2948,
  0x2948, 0x2948, 0x2948, 0x2948, 0x2947, 0x2947, 0x2947, 0x2947, 0x2927, 0x2127, 0x2127, 0x2127,
  0x2127, 0x2127, 0x2127, 0x2127, 0x2127, 0x2127, 0x2127, 0x2127, 0x2127, 0x2127, 0x2127, 0x2107,
  0x2107, 0x2107, 0x2106, 0x2106, 0x2106, 0x2106, 0x2106, 0x2106, 0x2106, 0x2106, 0x2106, 0x2106,
  0x2106, 0x20e6, 0x20e6, 0x20e6, 0x18e6, 0x18e6, 0x18e6, 0x18e6, 0x18e6, 0x18e6, 0x18e5, 0x18e5,
  0x632e, 0xde53, 0x8346, 0xf758, 0x72c4, 0x72c4, 0x72c4, 0x72c4, 0x72c4, 0x72c4, 0x72c4, 0x72c4,
  0x72c4, 0x72c4, 0x72c4, 0x72c4, 0x72c4, 0x72c4, 0x72c4, 0x72c4, 0x72c4, 0x72c4, 0x72c4, 0x72c4,
  0x72c4, 0xf758, 0xaccc, 0x8ba7, 0x0800, 0x420a, 0x6a82, 0xb4cb, 0x72a3, 0xc56e, 0x6242, 0x6242,
  0x6242, 0x6242, 0x6242, 0x6242, 0x6242, 0x6242, 0x6242, 0x6242, 0x6242, 0x6242, 0x6242, 0x6242,
  0x6242, 0x6242, 0x6242, 0x6242, 0x6242, 0x6242, 0x6242, 0xc56e, 0x8ba7, 0x7ae4, 0x2060, 0x1063,
  0x1063, 0x18c4, 0x18c4, 0x18c4, 0x18c4, 0x18c5, 0x18c5, 0x18c5, 0x18c5, 0x18c5, 0x18c5, 0x18c5,
  0x18c5, 0x18e5, 0x18e5, 0x18e5, 0x18c5, 0x18c5, 0x18c5, 0x18e5, 0x18e5, 0x18e5, 0x18e5, 0x18e5,
  0x18e5, 0x18e6, 0x18e6, 0x18e6, 0x18e6, 0x18e6, 0x1906, 0x1906, 0x1906, 0x2106, 0x2106, 0x2106,
  0x2106, 0x2106, 0x2106, 0x2106, 0x2106, 0x2106, 0x2106, 0x2106, 0x2106, 0x2106, 0x2106, 0x2106,
  0x2107, 0x2127, 0x2127, 0x2127, 0x2127, 0x2127, 0x2127, 0x2127, 0x2127, 0x2127, 0x2127, 0x2127,
  0x2127, 0x2127, 0x2127, 0x2127, 0x2147, 0x2927, 0x2947, 0x2947, 0x2947, 0x2948, 0x2948, 0x2948,
  0x2948, 0x2948, 0x2948, 0x2948, 0x2948, 0x2948, 0x2948, 0x2948, 0x2948, 0x2948, 0x2948, 0x2948,
  0x2948, 0x2948, 0x2968, 0x2948, 0x2948, 0x2948, 0x2948, 0x2948, 0x2948, 0x2968, 0x2968, 0x2968,
  0x2968, 0x2969, 0x2968, 0x2968, 0x2969, 0x2969, 0x2969, 0x2969, 0x2969, 0x2969, 0x2969, 0x2969,
  0x2969, 0x2969, 0x2969, 0x2989, 0x3189, 0x2969, 0x3169, 0x3189, 0x3189, 0x3189, 0x3189, 0x3189,
  0x3189, 0x3189, 0x3189, 0x3189, 0x3189, 0x3189, 0x3189, 0x3189, 0x3189, 0x3189, 0x3189, 0x3189,
  0x3189, 0x3189, 0x3189, 0x3189, 0x3189, 0x3189, 0x3189, 0x3189, 0x3189, 0x3189, 0x3189, 0x3189,
  0x3189, 0x3189, 0x3189, 0x3189, 0x3189, 0x3189, 0x3189, 0x3189, 0x3189, 0x3189, 0x3189, 0x3189,
  0x3189, 0x3189, 0x3189, 0x3189, 0x3169, 0x2989, 0x3189, 0x3169, 0x2969, 0x2969, 0x2969, 0x2969,
  0x2969, 0x2969, 0x2969, 0x2969, 0x2969, 0x2969, 0x2969, 0x2968, 0x2968, 0x2968, 0x2968, 0x2968,
  0x2968, 0x2968, 0x2948, 0x2948, 0x2948, 0x2968, 0x2948, 0x2948, 0x2948, 0x2948, 0x2948, 0x2948,
  0x2948, 0x2948, 0x2948, 0x2948, 0x2948, 0x2948, 0x2948, 0x2948, 0x2948, 0x2948, 0x2948, 0x2947,
  0x2947, 0x2947, 0x2147, 0x2927, 0x2127, 0x2127, 0x2127, 0x2127, 0x2127, 0x2127, 0x2127, 0x2127,
  0x2127, 0x2127, 0x2127, 0x2127, 0x2127, 0x2127, 0x2107, 0x2126, 0x2106, 0x2106, 0x2106, 0x2106,
  0x2106, 0x2106, 0x2106, 0x2106, 0x2106, 0x2106, 0x2106, 0x20e6, 0x20e6, 0x20e6, 0x1906, 0x18e6,
  0x18e6, 0x18e6, 0x18e6, 0x18e6, 0x18e6, 0x18e5, 0x18e5, 0x632e, 0xde53, 0x8346, 0xf758, 0xaccc,
  0xaccc, 0xaccc, 0xaccc, 0xaccc, 0xaccc, 0xaccc, 0xaccc, 0xaccc, 0xaccc, 0xaccc, 0xaccc, 0xaccc,
  0xaccc, 0xaccc, 0xaccc, 0xaccc, 0xaccc, 0xaccc, 0xaccc, 0xaccc, 0xf758, 0xaccc, 0x8ba7, 0x0800,
  0x420a, 0x6a82, 0xb4cb, 0x72a3, 0xc56e, 0x8ba7, 0x8ba7, 0x8ba7, 0x8ba7, 0x8ba7, 0x8ba7, 0x8ba7,
  0x8ba7, 0x8ba7, 0x8ba7, 0x8ba7, 0x8ba7, 0x8ba7, 0x8ba7, 0x8ba7, 0x8ba7, 0x8ba7, 0x8ba7, 0x8ba7,
  0x8ba7, 0x8ba7, 0xc56e, 0x8ba7, 0x7ae4, 0x2060, 0x1083, 0x1083, 0x18c4, 0x18c5, 0x18c5, 0x18c4,
  0x18c5, 0x18c5, 0x18c5, 0x18c5, 0x18c5, 0x18c5, 0x18c5, 0x18c5, 0x18e5, 0x18e5, 0x18e5, 0x18e5,
  0x18e5, 0x18e5, 0x18e5, 0x18e5, 0x18e5, 0x18e5, 0x18e5, 0x18e6, 0x18e6, 0x18e6, 0x18e6, 0x18e6,
  0x18e6, 0x18e6, 0x20e6, 0x20e6, 0x20e6, 0x2106, 0x2106, 0x2106, 0x2106, 0x2106, 0x2106, 0x2106,
  0x2106, 0x2106, 0x2106, 0x2106, 0x2106, 0x2126, 0x2107, 0x2107, 0x2127, 0x2127, 0x2127, 0x2127,
  0x2127, 0x2127, 0x2127, 0x2127, 0x2127, 0x2127, 0x2127, 0x2127, 0x2127, 0x2127, 0x2927, 0x2127,
  0x2947, 0x2927, 0x2947, 0x2947, 0x2948, 0x2948, 0x2948, 0x2948, 0x2948, 0x2948, 0x2948, 0x2948,
  0x2948, 0x2948, 0x2948, 0x2948, 0x2948, 0x2948, 0x2948, 0x2948, 0x2968, 0x2948, 0x2968, 0x2968,
  0x2948, 0x2948, 0x2968, 0x2948, 0x2968, 0x2968, 0x2968, 0x2968, 0x2968, 0x2968, 0x2969, 0x2969,
  0x2969, 0x2969, 0x2969, 0x2969, 0x2969, 0x2969, 0x2969, 0x2969, 0x2969, 0x2969, 0x3189, 0x2969,
  0x3189, 0x3169, 0x3169, 0x3189, 0x3189, 0x3189, 0x3189, 0x3189, 0x3189, 0x3189, 0x3189, 0x3189,
  0x3189, 0x3189, 0x3189, 0x3189, 0x3189, 0x3189, 0x3189, 0x3189, 0x3189, 0x3189, 0x3189, 0x3189,
  0x3189, 0x3189, 0x3189, 0x3189, 0x3189, 0x3189, 0x3189, 0x3189, 0x3189, 0x3189, 0x3189, 0x3189,
  0x3189, 0x3189, 0x3189, 0x3189, 0x3189, 0x3189, 0x3189, 0x3189, 0x2989, 0x2989, 0x3189, 0x3189,
  0x2969, 0x3169, 0x3169, 0x2969, 0x2969, 0x2969, 0x2969, 0x2969, 0x2969, 0x2969, 0x2969, 0x2969,
  0x2969, 0x2968, 0x2968, 0x2968, 0x2968, 0x2968, 0x2968, 0x2948, 0x2948, 0x2948, 0x2948, 0x2948,
  0x2968, 0x2948, 0x2948, 0x2948, 0x2948, 0x2948, 0x2948, 0x2948, 0x2948, 0x2948, 0x2948, 0x2948,
  0x2948, 0x2948, 0x2948, 0x2948, 0x2948, 0x2948, 0x2947, 0x2947, 0x2127, 0x2927, 0x2147, 0x2127,
  0x2127, 0x2127, 0x2127, 0x2127, 0x2127, 0x2127, 0x2127, 0x2127, 0x2127, 0x2127, 0x2127, 0x2127,
  0x2127, 0x2107, 0x2107, 0x2126, 0x2106, 0x2106, 0x2106, 0x2106, 0x2106, 0x2106, 0x2106, 0x2106,
  0x2106, 0x2106, 0x20e6, 0x20e6, 0x18e6, 0x20e6, 0x18e6, 0x18e6, 0x18e6, 0x18e6, 0x18e6, 0x18e5,
  0x18e5, 0x18e5, 0x632e, 0xde53, 0x8346, 0xf7be, 0xf758, 0xf758, 0xf758, 0xf758, 0xf758, 0xf758,
  0xf758, 0xf758, 0xf758, 0xf758, 0xf758, 0xf758, 0xf758, 0xf758, 0xf758, 0xf758, 0xf758, 0xf758,
  0xf758, 0xf758, 0xf758, 0x9c09, 0xaccc, 0x8ba7, 0x0800, 0x3a0a, 0x6242, 0xb4cb, 0x72a3, 0xde32,
  0xc56e, 0xc56e, 0xc56e, 0xc56e, 0xc56e, 0xc56e, 0xc56e, 0xc56e, 0xc56e, 0xc56e, 0xc56e, 0xc56e,
  0xc56e, 0xc56e, 0xc56e, 0xc56e, 0xc56e, 0xc56e, 0xc56e, 0xc56e, 0xc56e, 0x8325, 0x8ba7, 0x7ae4,
  0x2060, 0x1083, 0x1083, 0x18c4, 0x18c4, 0x18c4, 0x18c5, 0x18c5, 0x18c5, 0x18c5, 0x18c5, 0x18c5,
  0x18c5, 0x18c5, 0x18c5, 0x18c5, 0x18e5, 0x18c5, 0x18e5, 0x18e5, 0x18e5, 0x18e5, 0x18e5, 0x18e5,
  0x18e5, 0x18e5, 0x18e5, 0x18e6, 0x18e6, 0x18e6, 0x18e6, 0x18e6, 0x20e6, 0x20e6, 0x20e6, 0x2106,
  0x2106, 0x2106, 0x2106, 0x2106, 0x2106, 0x2106, 0x2106, 0x2106, 0x2106, 0x2106, 0x2106, 0x2106,
  0x2126, 0x2127, 0x2127, 0x2127, 0x2127, 0x2127, 0x2127, 0x2127, 0x2127, 0x2127, 0x2127, 0x2127,
  0x2127, 0x2127, 0x2127, 0x2127, 0x2127, 0x2127, 0x2927, 0x2947, 0x2947, 0x2947, 0x2948, 0x2948,
  0x2948, 0x2948, 0x2948, 0x2948, 0x2948, 0x2948, 0x2948, 0x2948, 0x2948, 0x2948, 0x2948, 0x2948,
  0x2948, 0x2948, 0x2948, 0x2948, 0x2948, 0x2948, 0x2968, 0x2948, 0x2948, 0x2968, 0x2948, 0x2968,
  0x2968, 0x2968, 0x2968, 0x2968, 0x2969, 0x2969, 0x2969, 0x2969, 0x2969, 0x2969, 0x2969, 0x2969,
  0x2969, 0x2969, 0x2969, 0x2969, 0x2969, 0x3189, 0x3189, 0x3189, 0x3169, 0x3189, 0x3189, 0x3189,
  0x3189, 0x3189, 0x3189, 0x3189, 0x3189, 0x3189, 0x3189, 0x3189, 0x3189, 0x3189, 0x3189, 0x3189,
  0x3189, 0x3189, 0x3189, 0x3189, 0x3189, 0x3189, 0x3189, 0x3189, 0x3189, 0x3189, 0x3189, 0x3189,
  0x3189, 0x3189, 0x3189, 0x3189, 0x3189, 0x3189, 0x3189, 0x3189, 0x3189, 0x3189, 0x3189, 0x3189,
  0x3189, 0x3189, 0x3189, 0x3189, 0x3189, 0x3169, 0x3189, 0x3169, 0x2989, 0x2969, 0x2969, 0x2969,
  0x2969, 0x2969, 0x2969, 0x2969, 0x2969, 0x2969, 0x2969, 0x2969, 0x2969, 0x2968, 0x2968, 0x2968,
  0x2948, 0x2968, 0x2968, 0x2948, 0x2948, 0x2948, 0x2948, 0x2968, 0x2948, 0x2948, 0x2948, 0x2948,
  0x2948, 0x2948, 0x2948, 0x2948, 0x2948, 0x2948, 0x2948, 0x2948, 0x2948, 0x2948, 0x2948, 0x2948,
  0x2948, 0x2947, 0x2927, 0x2947, 0x2147, 0x2127, 0x2127, 0x2127, 0x2127, 0x2127, 0x2127, 0x2127,
  0x2127, 0x2127, 0x2127, 0x2127, 0x2127, 0x2127, 0x2107, 0x2107, 0x2127, 0x2126, 0x2126, 0x2106,
  0x2106, 0x2106, 0x2106, 0x2106, 0x2106, 0x2106, 0x2106, 0x2106, 0x2106, 0x20e6, 0x20e6, 0x18e6,
  0x18e6, 0x18e6, 0x18e6, 0x18e6, 0x18e6, 0x18e6, 0x18e5, 0x18e5, 0x18e5, 0x632e, 0xde53, 0xf7be,
  0xef17, 0xaccc, 0xaccc, 0xaccc, 0xaccc, 0xaccc, 0xaccc, 0xaccc, 0xaccc, 0xaccc, 0xaccc, 0xaccc,
  0xaccc, 0xaccc, 0xaccc, 0xaccc, 0xaccc, 0xaccc, 0xaccc, 0xaccc, 0xaccc, 0xaccc, 0xaccc, 0x72c4,
  0x8ba7, 0x0800, 0x3a0a, 0x6242, 0xb4cb, 0xde32, 0xbd4d, 0x8ba7, 0x8ba7, 0x8ba7, 0x8ba7, 0x8ba7,
  0x8ba7, 0x8ba7, 0x8ba7, 0x8ba7, 0x8ba7, 0x8ba7, 0x8ba7, 0x8ba7, 0x8ba7, 0x8ba7, 0x8ba7, 0x8ba7,
  0x8ba7, 0x8ba7, 0x8ba7, 0x8ba7, 0x8ba7, 0x6242, 0x7ae4, 0x2060, 0x0883, 0x1083, 0x18c4, 0x18c4,
  0x18c4, 0x18c5, 0x18c5, 0x18c5, 0x18c5, 0x18c5, 0x18c5, 0x18c5, 0x18c5, 0x18e5, 0x18c5, 0x18c5,
  0x18c5, 0x18e5, 0x18e5, 0x18e5, 0x18e5, 0x18e5, 0x18e5, 0x18e5, 0x18e6, 0x18e6, 0x18e6, 0x18e6,
  0x18e6, 0x18e6, 0x1906, 0x18e6, 0x20e6, 0x2106, 0x2106, 0x2106, 0x2106, 0x2106, 0x2106, 0x2106,
  0x2106, 0x2106, 0x2106, 0x2106, 0x2106, 0x2106, 0x2126, 0x2107, 0x2107, 0x2127, 0x2127, 0x2127,
  0x2127, 0x2127, 0x2127, 0x2127, 0x2127, 0x2127, 0x2127, 0x2127, 0x2127, 0x2127, 0x2127, 0x2127,
  0x2127, 0x2127, 0x2947, 0x2947, 0x2947, 0x2947, 0x2948, 0x2948, 0x2948, 0x2948, 0x2948, 0x2948,
  0x2948, 0x2948, 0x2948, 0x2948, 0x2948, 0x2948, 0x2948, 0x2948, 0x2948, 0x2948, 0x2968, 0x2948,
  0x2948, 0x2948, 0x2948, 0x2948, 0x2968, 0x2968, 0x2968, 0x2968, 0x2968, 0x2968, 0x2969, 0x2968,
  0x2969, 0x2969, 0x2969, 0x2969, 0x2969, 0x2969, 0x2969, 0x2969, 0x2969, 0x2969, 0x2969, 0x2969,
  0x2989, 0x2989, 0x3189, 0x3189, 0x2989, 0x3189, 0x3189, 0x3189, 0x3189, 0x3189, 0x3189, 0x3189,
  0x3189, 0x3189, 0x3189, 0x3189, 0x3189, 0x3189, 0x3189, 0x3189, 0x3189, 0x3189, 0x3189, 0x3189,
  0x3189, 0x3189, 0x3189, 0x3189, 0x3189, 0x3189, 0x3189, 0x3189, 0x3189, 0x3189, 0x3189, 0x3189,
  0x3189, 0x3189, 0x3189, 0x3189, 0x3189, 0x3189, 0x3189, 0x3189, 0x3189, 0x3189, 0x3189, 0x2989,
  0x3189, 0x3169, 0x3189, 0x3169, 0x3169, 0x2969, 0x2969, 0x2969, 0x2969, 0x2969, 0x2969, 0x2969,
  0x2969, 0x2969, 0x2968, 0x2969, 0x2968, 0x2968, 0x2968, 0x2968, 0x2968, 0x2948, 0x2948, 0x2948,
  0x2948, 0x2948, 0x2948, 0x2968, 0x2948, 0x2948, 0x2948, 0x2948, 0x2948, 0x2948, 0x2948, 0x2948,
  0x2948, 0x2948, 0x2948, 0x2948, 0x2948, 0x2948, 0x2948, 0x2948, 0x2947, 0x2947, 0x2927, 0x2147,
  0x2127, 0x2127, 0x2127, 0x2127, 0x2127, 0x2127, 0x2127, 0x2127, 0x2127, 0x2127, 0x2127, 0x2127,
  0x2127, 0x2127, 0x2107, 0x2126, 0x2126, 0x2106, 0x2106, 0x2106, 0x2106, 0x2106, 0x2106, 0x2106,
  0x2106, 0x2106, 0x2106, 0x2106, 0x20e6, 0x18e6, 0x1906, 0x18e6, 0x18e6, 0x18e6, 0x18e6, 0x18e6,
  0x18e6, 0x18e5, 0x18e5, 0x18e5, 0x632e, 0xde53, 0x8ba7, 0x8ba7, 0x8ba7, 0x8ba7, 0x8ba7, 0x8ba7,
  0x8ba7, 0x8ba7, 0x8ba7, 0x8ba7, 0x8ba7, 0x8ba7, 0x8ba7, 0x8ba7, 0x8ba7, 0x8ba7, 0x8ba7, 0x8ba7,
  0x8ba7, 0x8ba7, 0x8ba7, 0x8ba7, 0x8ba7, 0x8ba7, 0x8ba7, 0x8ba7, 0x0800, 0x3a09, 0x6222, 0xb4cb,
  0x7ae4, 0x7ae4, 0x7ae4, 0x7ae4, 0x7ae4, 0x7ae4, 0x7ae4, 0x7ae4, 0x7ae4, 0x7ae4, 0x7ae4, 0x7ae4,
  0x7ae4, 0x7ae4, 0x7ae4, 0x7ae4, 0x7ae4, 0x7ae4, 0x7ae4, 0x7ae4, 0x7ae4, 0x7ae4, 0x7ae4, 0x7ae4,
  0x7ae4, 0x7ae4, 0x2060, 0x1083, 0x1083, 0x630d, 0x630d, 0x630d, 0x630d, 0x630d, 0x630d, 0x630d,
  0x630d, 0x630d, 0x630e, 0x630e, 0x630e, 0x632e, 0x632e, 0x632e, 0x632e, 0x632e, 0x632e, 0x632e,
  0x632e, 0x632e, 0x632e, 0x632e, 0x632e, 0x632e, 0x632e, 0x632e, 0x632e, 0x6b2e, 0x632e, 0x6b4e,
  0x6b4e, 0x6b4e, 0x6b4e, 0x6b4e, 0x6b4f, 0x6b4e, 0x6b4f, 0x6b4f, 0x6b4f, 0x6b4f, 0x6b4f, 0x6b4f,
  0x6b4f, 0x6b4f, 0x6b4f, 0x6b4f, 0x6b4f, 0x6b4f, 0x6b4f, 0x6b6f, 0x6b6f, 0x6b6f, 0x6b6f, 0x6b6f,
  0x6b6f, 0x6b6f, 0x6b6f, 0x6b6f, 0x6b6f, 0x6b70, 0x6b70, 0x6b70, 0x6b70, 0x6b70, 0x6b70, 0x6b70,
  0x6b70, 0x6b70, 0x6b70, 0x6b70, 0x6b70, 0x6b70, 0x6b70, 0x6b70, 0x6b70, 0x7390, 0x7390, 0x7390,
  0x7390, 0x7390, 0x7390, 0x7390, 0x7390, 0x7390, 0x7390, 0x7390, 0x7390, 0x7390, 0x7390, 0x7390,
  0x7390, 0x7390, 0x7390, 0x7390, 0x7391, 0x7391, 0x7391, 0x7391, 0x7391, 0x7391, 0x7391, 0x7391,
  0x7391, 0x7391, 0x7391, 0x7391, 0x7391, 0x7391, 0x7391, 0x7391, 0x7391, 0x7391, 0x7391, 0x7391,
  0x73b1, 0x73b1, 0x7391, 0x73b1, 0x7391, 0x73b1, 0x73b1, 0x73b1, 0x73b1, 0x73b1, 0x73b1, 0x73b1,
  0x73b1, 0x73b1, 0x73b1, 0x73b1, 0x73b1, 0x73b1, 0x73b1, 0x73b1, 0x73b1, 0x73b1, 0x73b1, 0x73b1,
  0x73b1, 0x73b1, 0x73b1, 0x73b1, 0x73b1, 0x73b1, 0x73b1, 0x73b1, 0x73b1, 0x73b1, 0x73b1, 0x73b1,
  0x73b1, 0x73b1, 0x73b1, 0x73b1, 0x73b1, 0x7391, 0x73b1, 0x73b1, 0x7391, 0x7391, 0x73b1, 0x7391,
  0x7391, 0x7391, 0x7391, 0x7391, 0x7391, 0x7391, 0x7391, 0x7391, 0x7391, 0x7390, 0x7390, 0x7390,
  0x7390, 0x7390, 0x7390, 0x7390, 0x7390, 0x7390, 0x7390, 0x7390, 0x7390, 0x7390, 0x7390, 0x7390,
  0x7390, 0x7390, 0x7390, 0x7390, 0x7390, 0x6b70, 0x6b90, 0x6b70, 0x6b70, 0x6b70, 0x6b70, 0x6b70,
  0x6b70, 0x6b70, 0x6b70, 0x6b70, 0x6b70, 0x6b70, 0x6b70, 0x6b70, 0x6b70, 0x6b6f, 0x6b6f, 0x6b6f,
  0x6b6f, 0x6b6f, 0x6b6f, 0x6b4f, 0x6b6f, 0x6b4f, 0x6b4f, 0x6b4f, 0x6b4f, 0x6b4f, 0x6b4f, 0x6b4f,
  0x6b4f, 0x6b4f, 0x6b4f, 0x6b4f, 0x6b4f, 0x6b4f, 0x6b4f, 0x6b4e, 0x6b4e, 0x6b4e, 0x6b4e, 0x6b4e,
  0x6b4e, 0x6b2e, 0x632e, 0x632e, 0x632e, 0x632e, 0x632e, 0x632e, 0x632e, 0x632e, 0x632e, 0x632e,
  0x0800, 0x0800, 0x0800, 0x0800, 0x0800, 0x0800, 0x0800, 0x0800, 0x0800, 0x0800, 0x0800, 0x0800,
  0x0800, 0x0800, 0x0800, 0x0800, 0x0800, 0x0800, 0x0800, 0x0800, 0x0800, 0x0800, 0x0800, 0x0800,
  0x0800, 0x0800, 0x0800, 0x0800, 0x3a09, 0x6222, 0x2060, 0x2060, 0x2060, 0x2060, 0x2060, 0x2060,
  0x2060, 0x2060, 0x2060, 0x2060, 0x2060, 0x2060, 0x2060, 0x2060, 0x2060, 0x2060, 0x2060, 0x2060,
  0x2060, 0x2060, 0x2060, 0x2060, 0x2060, 0x2060, 0x2060, 0x2060, 0x2060, 0x2060,
};

// SKIN_PLAYPAUS: 42x9, 756 bytes RGB565 LE
const uint16_t SKIN_PLAYPAUS[378] = {
  0x1905, 0x0000, 0x1905, 0x0000, 0x0740, 0x0000, 0x1905, 0x0000, 0x1905, 0x1905, 0x0000, 0x1905,
  0x0000, 0x1905, 0x0000, 0x1905, 0x0000, 0x1905, 0x1905, 0x0000, 0x1905, 0x0000, 0x1905, 0x0000,
  0x1905, 0x0000, 0x1905, 0x1905, 0x0000, 0x1905, 0x0000, 0x1905, 0x0000, 0x1905, 0x0000, 0x1905,
  0x0740, 0x0740, 0x0740, 0x1206, 0x1206, 0x1206, 0x0000, 0x0000, 0x0000, 0x0000, 0x0740, 0x0740,
  0x0000, 0x0000, 0x0000, 0x0000, 0x0000, 0x0000, 0x0000, 0x0000, 0x0000, 0x0000, 0x0000, 0x0000,
  0x0000, 0x0000, 0x0000, 0x0000, 0x0000, 0x0000, 0x0000, 0x0000, 0x0000, 0x0000, 0x0000, 0x0000,
  0x0000, 0x0000, 0x0000, 0x0000, 0x0000, 0x0000, 0x0740, 0x0740, 0x0740, 0x1206, 0x1206, 0x1206,
  0x1905, 0x0000, 0x1905, 0x0000, 0x0740, 0x0740, 0x0740, 0x0000, 0x1905, 0x0740, 0x0740, 0x0740,
  0x0000, 0x1905, 0x0000, 0x0740, 0x0740, 0x0740, 0x1905, 0x0000, 0x0740, 0x0740, 0x0740, 0x0740,
  0x0740, 0x0000, 0x1905, 0x1905, 0x0000, 0x1905, 0x0000, 0x1905, 0x0000, 0x1905, 0x0000, 0x1905,
  0x0740, 0x0740, 0x0740, 0x1206, 0x1206, 0x1206, 0x0000, 0x0000, 0x0000, 0x0000, 0x0740, 0x0740,
  0x0740, 0x0740, 0x0000, 0x0740, 0x0740, 0x0740, 0x0000, 0x0000, 0x0000, 0x0740, 0x0740, 0x0740,
  0x0000, 0x0000, 0x0740, 0x0740, 0x0740, 0x0740, 0x0740, 0x0000, 0x0000, 0x0000, 0x0000, 0x0000,
  0x0000, 0x0000, 0x0000, 0x0000, 0x0000, 0x0000, 0x0000, 0x0000, 0x0000, 0x0000, 0x0000, 0x0000,
  0x1905, 0x0000, 0x1905, 0x0000, 0x0740, 0x0740, 0x0740, 0x0740, 0x0740, 0x0740, 0x0740, 0x0740,
  0x0000, 0x1905, 0x0000, 0x0740, 0x0740, 0x0740, 0x1905, 0x0000, 0x0740, 0x0740, 0x0740, 0x0740,
  0x0740, 0x0000, 0x1905, 0x1905, 0x0000, 0x1905, 0x0000, 0x1905, 0x0000, 0x1905, 0x0000, 0x1905,
  0x1905, 0x0000, 0x1905, 0x1905, 0x0000, 0x1905, 0x0000, 0x0000, 0x0000, 0x0000, 0x0740, 0x0740,
  0x0740, 0x0740, 0x0000, 0x0740, 0x0740, 0x0740, 0x0000, 0x0000, 0x0000, 0x0740, 0x0740, 0x0740,
  0x0000, 0x0000, 0x0740, 0x0740, 0x0740, 0x0740, 0x0740, 0x0000, 0x0000, 0x0000, 0x0000, 0x0000,
  0x0000, 0x0000, 0x0000, 0x0000, 0x0000, 0x0000, 0x0000, 0x0000, 0x0000, 0x0000, 0x0000, 0x0000,
  0x1905, 0x0000, 0x1905, 0x0000, 0x0740, 0x0740, 0x0740, 0x0000, 0x1905, 0x0740, 0x0740, 0x0740,
  0x0000, 0x1905, 0x0000, 0x0740, 0x0740, 0x0740, 0x1905, 0x0000, 0x0740, 0x0740, 0x0740, 0x0740,
  0x0740, 0x0000, 0x1905, 0x1905, 0x0000, 0x1905, 0x0000, 0x1905, 0x0000, 0x1905, 0x0000, 0x1905,
  0x4860, 0x4860, 0x4860, 0xf946, 0xf946, 0xf946, 0x0000, 0x0000, 0x0000, 0x0000, 0x0740, 0x0740,
  0x0000, 0x0000, 0x0000, 0x0000, 0x0000, 0x0000, 0x0000, 0x0000, 0x0000, 0x0000, 0x0000, 0x0000,
  0x0000, 0x0000, 0x0000, 0x0000, 0x0000, 0x0000, 0x0000, 0x0000, 0x0000, 0x0000, 0x0000, 0x0000,
  0x0000, 0x0000, 0x0000, 0x0000, 0x0000, 0x0000, 0x4860, 0x4860, 0x4860, 0xf946, 0xf946, 0xf946,
  0x1905, 0x0000, 0x1905, 0x0000, 0x0740, 0x0000, 0x1905, 0x0000, 0x1905, 0x1905, 0x0000, 0x1905,
  0x0000, 0x1905, 0x0000, 0x1905, 0x0000, 0x1905, 0x1905, 0x0000, 0x1905, 0x0000, 0x1905, 0x0000,
  0x1905, 0x0000, 0x1905, 0x1905, 0x0000, 0x1905, 0x0000, 0x1905, 0x0000, 0x1905, 0x0000, 0x1905,
  0x4860, 0x4860, 0x4860, 0xf946, 0xf946, 0xf946,
};

// SKIN_VOLUME: 68x78, 10608 bytes RGB565 LE
const uint16_t SKIN_VOLUME[5304] = {
  0x3189, 0x3189, 0x3189, 0x3189, 0x318a, 0x318a, 0x31aa, 0x318a, 0x318a, 0x318a, 0x318a, 0x31aa,
  0x31aa, 0x31aa, 0x31aa, 0x31aa, 0x31aa, 0x31aa, 0x31aa, 0x31aa, 0x31aa, 0x31aa, 0x31aa, 0x31aa,
  0x31aa, 0x31aa, 0x31aa, 0x31aa, 0x31aa, 0x31ca, 0x39aa, 0x31ab, 0x31ca, 0x39ab, 0x39ab, 0x39ab,
  0x39cb, 0x39ab, 0x39cb, 0x39ab, 0x39cb, 0x39cb, 0x39cb, 0x39cb, 0x39cb, 0x39cb, 0x39cb, 0x39cb,
  0x39cb, 0x39cb, 0x39cb, 0x39cb, 0x39cb, 0x39cb, 0x39cb, 0x39cb, 0x39cb, 0x39cb, 0x39cb, 0x39cb,
  0x39cb, 0x39cb, 0x39cb, 0x39cb, 0x39cb, 0x39cb, 0x39cb, 0x39cb, 0x3189, 0x318a, 0x3189, 0x318a,
  0x318a, 0x318a, 0x31aa, 0x318a, 0x318a, 0x318a, 0x318a, 0x31aa, 0x31aa, 0x31aa, 0x31aa, 0x31aa,
  0x31aa, 0x31aa, 0x31aa, 0x31aa, 0x31aa, 0x31aa, 0x31aa, 0x31aa, 0x31aa, 0x31aa, 0x31aa, 0x31aa,
  0x31aa, 0x31aa, 0x31ab, 0x39aa, 0x39ab, 0x39ab, 0x31cb, 0x39ab, 0x39cb, 0x39ab, 0x39ab, 0x39cb,
  0x39ab, 0x39cb, 0x39cb, 0x39cb, 0x39cb, 0x39cb, 0x39cb, 0x39cb, 0x39cb, 0x39cb, 0x39cb, 0x39cb,
  0x39cb, 0x39cb, 0x39cb, 0x39cb, 0x39cb, 0x39cb, 0x39cb, 0x39cb, 0x39cb, 0x39cb, 0x39cb, 0x39cb,
  0x39cb, 0x39cb, 0x39cb, 0x39cb, 0x318a, 0x318a, 0x318a, 0x318a, 0x31aa, 0x318a, 0x318a, 0x318a,
  0x318a, 0x318a, 0x31aa, 0x31aa, 0x31aa, 0x31aa, 0x31aa, 0x31aa, 0x31aa, 0x31aa, 0x31aa, 0x31aa,
  0x31aa, 0x31aa, 0x31aa, 0x31aa, 0x31aa, 0x31aa, 0x31aa, 0x31aa, 0x31aa, 0x31aa, 0x39aa, 0x31aa,
  0x39ab, 0x31cb, 0x39ab, 0x39ab, 0x39ab, 0x39ab, 0x39cb, 0x39cb, 0x39cb, 0x39cb, 0x39cb, 0x39cb,
  0x39cb, 0x39cb, 0x39cb, 0x39cb, 0x39cb, 0x39cb, 0x39cb, 0x39cb, 0x39cb, 0x39cb, 0x39cb, 0x39cb,
  0x39cb, 0x39cb, 0x39cb, 0x39cb, 0x39cb, 0x39cb, 0x39cb, 0x39cb, 0x39cb, 0x39cb, 0x39cb, 0x39cb,
  0x2968, 0x18e5, 0x10a4, 0x10a4, 0x10a4, 0x10a4, 0x10a4, 0x10a4, 0x10a4, 0x10a4, 0x10a4, 0x10a4,
  0x10a4, 0x10a4, 0x10a4, 0x10a4, 0x10a4, 0x10a4, 0x10a4, 0x10a4, 0x10a4, 0x10a4, 0x10a4, 0x18a4,
  0x10a4, 0x18a4, 0x18a4, 0x18a4, 0x18a4, 0x18a4, 0x18c4, 0x18c4, 0x18a4, 0x18a4, 0x18a4, 0x18a4,
  0x18a4, 0x18a4, 0x18c4, 0x18c4, 0x18c4, 0x18c4, 0x18c4, 0x18c4, 0x18c4, 0x18c4, 0x18c4, 0x18c4,
  0x18c4, 0x18c4, 0x18c4, 0x18c4, 0x18c4, 0x18c4, 0x18c4, 0x18c4, 0x18c4, 0x18c4, 0x18c4, 0x18c4,
  0x18c5, 0x18e5, 0x2948, 0x318a, 0x39cb, 0x39cb, 0x39cb, 0x39cb, 0x18e5, 0x1983, 0x3247, 0x3247,
  0x3247, 0x3247, 0x3247, 0x3247, 0x3247, 0x3247, 0x3247, 0x3247, 0x3247, 0x3247, 0x3247, 0x3247,
  0x3247, 0x3247, 0x3247, 0x3247, 0x3247, 0x3247, 0x3247, 0x3247, 0x3247, 0x3247, 0x3247, 0x3247,
  0x3247, 0x3247, 0x3247, 0x3247, 0x3247, 0x3247, 0x3247, 0x3247, 0x3247, 0x3247, 0x3247, 0x3247,
  0x3247, 0x3247, 0x3247, 0x3247, 0x3247, 0x3247, 0x3247, 0x3247, 0x3247, 0x3247, 0x3247, 0x3247,
  0x3247, 0x3247, 0x3247, 0x3247, 0x3247, 0x3247, 0x3247, 0x3247, 0x3247, 0x3247, 0x3247, 0x3247,
  0x4a4d, 0x39cb, 0x39cb, 0x39cb, 0x18c5, 0x3b65, 0x3b65, 0x3b65, 0x3b65, 0x3b65, 0x3b65, 0x3b65,
  0x3b65, 0x3b65, 0x3b65, 0x3b65, 0x3b65, 0x3b65, 0x3b65, 0x3b65, 0x3b65, 0x3b65, 0x3b65, 0x3b65,
  0x3b65, 0x3b65, 0x3b65, 0x3b65, 0x3b65, 0x3b65, 0x3b65, 0x3b65, 0x3b65, 0x3b65, 0x3b65, 0x3b65,
  0x3b65, 0x3b65, 0x3b65, 0x3b65, 0x3b65, 0x3b65, 0x3b65, 0x3b65, 0x3b65, 0x3b65, 0x3b65, 0x3b65,
  0x3b65, 0x3b65, 0x3b65, 0x3b65, 0x3b65, 0x3b65, 0x3b65, 0x3b65, 0x3b65, 0x3b65, 0x3b65, 0x3b65,
  0x3b65, 0x3b65, 0x3b65, 0x3b65, 0x3b65, 0x3b65, 0x3b65, 0x3b65, 0x7391, 0x39cb, 0x39cb, 0x39cb,
  0x18e6, 0x5468, 0x5468, 0x5468, 0x5468, 0x5468, 0x5468, 0x5468, 0x5468, 0x5468, 0x5468, 0x5468,
  0x5468, 0x5468, 0x5468, 0x5468, 0x5468, 0x5468, 0x5468, 0x5468, 0x5468, 0x5468, 0x5468, 0x5468,
  0x5468, 0x5468, 0x5468, 0x5468, 0x5468, 0x5468, 0x5468, 0x5468, 0x5468, 0x5468, 0x5468, 0x5468,
  0x5468, 0x5468, 0x5468, 0x5468, 0x5468, 0x5468, 0x5468, 0x5468, 0x5468, 0x5468, 0x5468, 0x5468,
  0x5468, 0x5468, 0x5468, 0x5468, 0x5468, 0x5468, 0x5468, 0x5468, 0x5468, 0x5468, 0x5468, 0x5468,
  0x5468, 0x5468, 0x5468, 0x5468, 0x9494, 0x39cb, 0x39cb, 0x39cb, 0x2948, 0x3247, 0x8d31, 0x8d31,
  0x8d31, 0x8d31, 0x8d31, 0x8d31, 0x8d31, 0x8d31, 0x8d31, 0x8d31, 0x8d31, 0x8d31, 0x8d31, 0x8d31,
  0x8d31, 0x8d31, 0x8d31, 0x8d31, 0x8d31, 0x8d31, 0x8d31, 0x8d31, 0x8d31, 0x8d31, 0x8d31, 0x8d31,
  0x8d31, 0x8d31, 0x8d31, 0x8d31, 0x8d31, 0x8d31, 0x8d31, 0x8d31, 0x8d31, 0x8d31, 0x8d31, 0x8d31,
  0x8d31, 0x8d31, 0x8d31, 0x8d31, 0x8d31, 0x8d31, 0x8d31, 0x8d31, 0x8d31, 0x8d31, 0x8d31, 0x8d31,
  0x8d31, 0x8d31, 0x8d31, 0x8d31, 0x8d31, 0x8d31, 0x8d31, 0x8d31, 0x8d31, 0x8d31, 0x8d31, 0x8d31,
  0x8c74, 0x39cb, 0x39cb, 0x39cb, 0x3189, 0x318a, 0x526d, 0x6b50, 0x7bd1, 0x7bf1, 0x7bf1, 0x7bd1,
  0x7bf2, 0x7bd1, 0x7bf2, 0x7bf2, 0x7bf2, 0x7bf2, 0x7bf2, 0x7bf2, 0x7bf2, 0x7bf2, 0x7bf2, 0x7bf2,
  0x7bf2, 0x7bf2, 0x7bf2, 0x7bf2, 0x7bf2, 0x7bf2, 0x7bf2, 0x7bf2, 0x7bf2, 0x7bf2, 0x7bf2, 0x7bf2,
  0x7bf2, 0x7bf2, 0x7bf2, 0x7bf2, 0x7bf2, 0x7bf2, 0x7bf2, 0x7bf2, 0x7bf2, 0x7bf2, 0x7bf2, 0x7bf2,
  0x7bf2, 0x7bf2, 0x7bf2, 0x7bf2, 0x7bf2, 0x7bf2, 0x7bf2, 0x7bf2, 0x7bf2, 0x7bf2, 0x7bf2, 0x7bf2,
  0x7bf2, 0x7bf2, 0x7bf2, 0x7bf2, 0x7bf2, 0x8c74, 0x94b5, 0x8c74, 0x528d, 0x39cb, 0x39cb, 0x39cb,
  0x318a, 0x318a, 0x318a, 0x318a, 0x318a, 0x31aa, 0x318a, 0x318a, 0x31aa, 0x31aa, 0x31aa, 0x31aa,
  0x31aa, 0x31aa, 0x31aa, 0x31aa, 0x31aa, 0x31aa, 0x31aa, 0x31aa, 0x31aa, 0x31aa, 0x31aa, 0x31aa,
  0x31aa, 0x31aa, 0x39aa, 0x31aa, 0x31aa, 0x39ca, 0x31cb, 0x39ab, 0x39ab, 0x39ab, 0x39cb, 0x39cb,
  0x39cb, 0x39cb, 0x39cb, 0x39cb, 0x39cb, 0x39cb, 0x39cb, 0x39cb, 0x39cb, 0x39cb, 0x39cb, 0x39cb,
  0x39cb, 0x39cb, 0x39cb, 0x39cb, 0x39cb, 0x39cb, 0x39cb, 0x39cb, 0x39cb, 0x39cb, 0x39cb, 0x39cb,
  0x39cb, 0x39cb, 0x39cb, 0x39cb, 0x39cb, 0x39cb, 0x39cb, 0x39cb, 0x318a, 0x318a, 0x318a, 0x31aa,
  0x318a, 0x31aa, 0x318a, 0x31aa, 0x31aa, 0x31aa, 0x31aa, 0x31aa, 0x31aa, 0x31aa, 0x31aa, 0x31aa,
  0x31aa, 0x31aa, 0x31aa, 0x31aa, 0x31aa, 0x31aa, 0x31aa, 0x31aa, 0x31aa, 0x31aa, 0x31aa, 0x31aa,
  0x31aa, 0x39aa, 0x31aa, 0x39ab, 0x39ab, 0x39ab, 0x39ab, 0x39cb, 0x39ab, 0x39cb, 0x39cb, 0x39cb,
  0x39cb, 0x39cb, 0x39cb, 0x39cb, 0x39cb, 0x39cb, 0x39cb, 0x39cb, 0x39cb, 0x39cb, 0x39cb, 0x39cb,
  0x39cb, 0x39cb, 0x39cb, 0x39cb, 0x39cb, 0x39cb, 0x39cb, 0x39cb, 0x39cb, 0x39cb, 0x39cb, 0x39cb,
  0x39cb, 0x39cb, 0x39cb, 0x39cb, 0x318a, 0x318a, 0x318a, 0x318a, 0x318a, 0x318a, 0x31aa, 0x318a,
  0x31aa, 0x31aa, 0x31aa, 0x31aa, 0x31aa, 0x31aa, 0x31aa, 0x31aa, 0x31aa, 0x31aa, 0x31aa, 0x31aa,
  0x31aa, 0x31aa, 0x31aa, 0x31aa, 0x31aa, 0x31aa, 0x31ab, 0x31ca, 0x31aa, 0x39ab, 0x31cb, 0x31cb,
  0x39ab, 0x39ab, 0x39ab, 0x39ab, 0x39cb, 0x39ab, 0x39cb, 0x39cb, 0x39cb, 0x39cb, 0x39cb, 0x39cb,
  0x39cb, 0x39cb, 0x39cb, 0x39cb, 0x39cb, 0x39cb, 0x39cb, 0x39cb, 0x39cb, 0x39cb, 0x39cb, 0x39cb,
  0x39cb, 0x39cb, 0x39cb, 0x39cb, 0x39cb, 0x39cb, 0x39cb, 0x39cb, 0x39cb, 0x39cb, 0x39cb, 0x39cb,
  0x318a, 0x318a, 0x31aa, 0x31aa, 0x318a, 0x318a, 0x318a, 0x31aa, 0x31aa, 0x31aa, 0x31aa, 0x31aa,
  0x31aa, 0x31aa, 0x31aa, 0x31aa, 0x31aa, 0x31aa, 0x31aa, 0x31aa, 0x31aa, 0x31aa, 0x31aa, 0x31aa,
  0x31aa, 0x31aa, 0x31ca, 0x31aa, 0x39aa, 0x31cb, 0x39ab, 0x39ab, 0x39ab, 0x39cb, 0x39cb, 0x39ab,
  0x39ab, 0x39cb, 0x39cb, 0x39cb, 0x39cb, 0x39cb, 0x39cb, 0x39cb, 0x39cb, 0x39cb, 0x39cb, 0x39cb,
  0x39cb, 0x39cb, 0x39cb, 0x39cb, 0x39cb, 0x39cb, 0x39cb, 0x39cb, 0x39cb, 0x39cb, 0x39cb, 0x39cb,
  0x39cb, 0x39cb, 0x39cb, 0x39cb, 0x39cb, 0x39cb, 0x39cb, 0x39cb, 0x3189, 0x3189, 0x3189, 0x3189,
  0x318a, 0x318a, 0x31aa, 0x318a, 0x318a, 0x318a, 0x318a, 0x31aa, 0x31aa, 0x31aa, 0x31aa, 0x31aa,
  0x31aa, 0x31aa, 0x31aa, 0x31aa, 0x31aa, 0x31aa, 0x31aa, 0x31aa, 0x31aa, 0x31aa, 0x31aa, 0x31aa,
  0x31aa, 0x31ca, 0x39aa, 0x31ab, 0x31ca, 0x39ab, 0x39ab, 0x39ab, 0x39cb, 0x39ab, 0x39cb, 0x39ab,
  0x39cb, 0x39cb, 0x39cb, 0x39cb, 0x39cb, 0x39cb, 0x39cb, 0x39cb, 0x39cb, 0x39cb, 0x39cb, 0x39cb,
  0x39cb, 0x39cb, 0x39cb, 0x39cb, 0x39cb, 0x39cb, 0x39cb, 0x39cb, 0x39cb, 0x39cb, 0x39cb, 0x39cb,
  0x39cb, 0x39cb, 0x39cb, 0x39cb, 0x3189, 0x318a, 0x3189, 0x318a, 0x318a, 0x318a, 0x31aa, 0x318a,
  0x318a, 0x318a, 0x318a, 0x31aa, 0x31aa, 0x31aa, 0x31aa, 0x31aa, 0x31aa, 0x31aa, 0x31aa, 0x31aa,
  0x31aa, 0x31aa, 0x31aa, 0x31aa, 0x31aa, 0x31aa, 0x31aa, 0x31aa, 0x31aa, 0x31aa, 0x31ab, 0x39aa,
  0x39ab, 0x39ab, 0x31cb, 0x39ab, 0x39cb, 0x39ab, 0x39ab, 0x39cb, 0x39ab, 0x39cb, 0x39cb, 0x39cb,
  0x39cb, 0x39cb, 0x39cb, 0x39cb, 0x39cb, 0x39cb, 0x39cb, 0x39cb, 0x39cb, 0x39cb, 0x39cb, 0x39cb,
  0x39cb, 0x39cb, 0x39cb, 0x39cb, 0x39cb, 0x39cb, 0x39cb, 0x39cb, 0x39cb, 0x39cb, 0x39cb, 0x39cb,
  0x318a, 0x318a, 0x318a, 0x318a, 0x31aa, 0x318a, 0x318a, 0x318a, 0x318a, 0x318a, 0x31aa, 0x31aa,
  0x31aa, 0x31aa, 0x31aa, 0x31aa, 0x31aa, 0x31aa, 0x31aa, 0x31aa, 0x31aa, 0x31aa, 0x31aa, 0x31aa,
  0x31aa, 0x31aa, 0x31aa, 0x31aa, 0x31aa, 0x31aa, 0x39aa, 0x31aa, 0x39ab, 0x31cb, 0x39ab, 0x39ab,
  0x39ab, 0x39ab, 0x39cb, 0x39cb, 0x39cb, 0x39cb, 0x39cb, 0x39cb, 0x39cb, 0x39cb, 0x39cb, 0x39cb,
  0x39cb, 0x39cb, 0x39cb, 0x39cb, 0x39cb, 0x39cb, 0x39cb, 0x39cb, 0x39cb, 0x39cb, 0x39cb, 0x39cb,
  0x39cb, 0x39cb, 0x39cb, 0x39cb, 0x39cb, 0x39cb, 0x39cb, 0x39cb, 0x2968, 0x18e5, 0x10a4, 0x10a4,
  0x10a4, 0x10a4, 0x10a4, 0x10a4, 0x10a4, 0x10a4, 0x10a4, 0x10a4, 0x10a4, 0x10a4, 0x10a4, 0x10a4,
  0x10a4, 0x10a4, 0x10a4, 0x10a4, 0x10a4, 0x10a4, 0x10a4, 0x18a4, 0x10a4, 0x18a4, 0x18a4, 0x18a4,
  0x18a4, 0x18a4, 0x18c4, 0x18c4, 0x18a4, 0x18a4, 0x18a4, 0x18a4, 0x18a4, 0x18a4, 0x18c4, 0x18c4,
  0x18c4, 0x18c4, 0x18c4, 0x18c4, 0x18c4, 0x18c4, 0x18c4, 0x18c4, 0x18c4, 0x18c4, 0x18c4, 0x18c4,
  0x18c4, 0x18c4, 0x18c4, 0x18c4, 0x18c4, 0x18c4, 0x18c4, 0x18c4, 0x18c5, 0x18e5, 0x2948, 0x318a,
  0x39cb, 0x39cb, 0x39cb, 0x39cb, 0x18e5, 0x1983, 0x1aa3, 0x1b62, 0x1b62, 0x1b62, 0x1b62, 0x1b62,
  0x1b62, 0x1b62, 0x1b62, 0x1b62, 0x1b62, 0x1b62, 0x1b62, 0x1b62, 0x1b62, 0x1b62, 0x1b62, 0x1b62,
  0x1b62, 0x1b62, 0x1b62, 0x1b62, 0x1b62, 0x1b62, 0x1b62, 0x1b62, 0x1b62, 0x1b62, 0x1b62, 0x1b62,
  0x1b62, 0x1b62, 0x1b62, 0x1b62, 0x1b62, 0x1b62, 0x1b62, 0x1b62, 0x1b62, 0x1b62, 0x1b62, 0x1b62,
  0x1b62, 0x1b62, 0x1b62, 0x1b62, 0x1b62, 0x1b62, 0x1b62, 0x1b62, 0x1b62, 0x1b62, 0x1b62, 0x1b62,
  0x1b62, 0x1b62, 0x1b62, 0x1b62, 0x1b62, 0x1b62, 0x1aa3, 0x3247, 0x4a4d, 0x39cb, 0x39cb, 0x39cb,
  0x18c5, 0x1aa3, 0x1ba2, 0x1401, 0x1401, 0x1401, 0x1401, 0x1401, 0x1401, 0x1401, 0x1401, 0x1401,
  0x1401, 0x1401, 0x1401, 0x1401, 0x1401, 0x1401, 0x1401, 0x1401, 0x1401, 0x1401, 0x1401, 0x1401,
  0x1401, 0x1401, 0x1401, 0x1401, 0x1401, 0x1401, 0x1401, 0x1401, 0x1401, 0x1401, 0x1401, 0x1401,
  0x1401, 0x1401, 0x1401, 0x1401, 0x1401, 0x1401, 0x1401, 0x1401, 0x1401, 0x1401, 0x1401, 0x1401,
  0x1401, 0x1401, 0x1401, 0x1401, 0x1401, 0x1401, 0x1401, 0x1401, 0x1401, 0x1401, 0x1401, 0x1401,
  0x1401, 0x1401, 0x1ba2, 0x3b65, 0x7391, 0x39cb, 0x39cb, 0x39cb, 0x18e6, 0x2b04, 0x1c22, 0x1c81,
  0x1c81, 0x1c81, 0x1c81, 0x1c81, 0x1c81, 0x1c81, 0x1c81, 0x1c81, 0x1c81, 0x1c81, 0x1c81, 0x1c81,
  0x1c81, 0x1c81, 0x1c81, 0x1c81, 0x1c81, 0x1c81, 0x1c81, 0x1c81, 0x1c81, 0x1c81, 0x1c81, 0x1c81,
  0x1c81, 0x1c81, 0x1c81, 0x1c81, 0x1c81, 0x1c81, 0x1c81, 0x1c81, 0x1c81, 0x1c81, 0x1c81, 0x1c81,
  0x1c81, 0x1c81, 0x1c81, 0x1c81, 0x1c81, 0x1c81, 0x1c81, 0x1c81, 0x1c81, 0x1c81, 0x1c81, 0x1c81,
  0x1c81, 0x1c81, 0x1c81, 0x1c81, 0x1c81, 0x1c81, 0x1c81, 0x1c81, 0x1c81, 0x1c81, 0x1c22, 0x5468,
  0x9494, 0x39cb, 0x39cb, 0x39cb, 0x2948, 0x3247, 0x3b65, 0x2cc3, 0x2cc3, 0x2cc3, 0x2cc3, 0x2cc3,
  0x2cc3, 0x2cc3, 0x2cc3, 0x2cc3, 0x2cc3, 0x2cc3, 0x2cc3, 0x2cc3, 0x2cc3, 0x2cc3, 0x2cc3, 0x2cc3,
  0x2cc3, 0x2cc3, 0x2cc3, 0x2cc3, 0x2cc3, 0x2cc3, 0x2cc3, 0x2cc3, 0x2cc3, 0x2cc3, 0x2cc3, 0x2cc3,
  0x2cc3, 0x2cc3, 0x2cc3, 0x2cc3, 0x2cc3, 0x2cc3, 0x2cc3, 0x2cc3, 0x2cc3, 0x2cc3, 0x2cc3, 0x2cc3,
  0x2cc3, 0x2cc3, 0x2cc3, 0x2cc3, 0x2cc3, 0x2cc3, 0x2cc3, 0x2cc3, 0x2cc3, 0x2cc3, 0x2cc3, 0x2cc3,
  0x2cc3, 0x2cc3, 0x2cc3, 0x2cc3, 0x2cc3, 0x2cc3, 0x5468, 0x8d31, 0x8c74, 0x39cb, 0x39cb, 0x39cb,
  0x3189, 0x318a, 0x526d, 0x6b50, 0x7bd1, 0x7bf1, 0x7bf1, 0x7bd1, 0x7bf2, 0x7bd1, 0x7bf2, 0x7bf2,
  0x7bf2, 0x7bf2, 0x7bf2, 0x7bf2, 0x7bf2, 0x7bf2, 0x7bf2, 0x7bf2, 0x7bf2, 0x7bf2, 0x7bf2, 0x7bf2,
  0x7bf2, 0x7bf2, 0x7bf2, 0x7bf2, 0x7bf2, 0x7bf2, 0x7bf2, 0x7bf2, 0x7bf2, 0x7bf2, 0x7bf2, 0x7bf2,
  0x7bf2, 0x7bf2, 0x7bf2, 0x7bf2, 0x7bf2, 0x7bf2, 0x7bf2, 0x7bf2, 0x7bf2, 0x7bf2, 0x7bf2, 0x7bf2,
  0x7bf2, 0x7bf2, 0x7bf2, 0x7bf2, 0x7bf2, 0x7bf2, 0x7bf2, 0x7bf2, 0x7bf2, 0x7bf2, 0x7bf2, 0x7bf2,
  0x7bf2, 0x8c74, 0x94b5, 0x8c74, 0x528d, 0x39cb, 0x39cb, 0x39cb, 0x318a, 0x318a, 0x318a, 0x318a,
  0x318a, 0x31aa, 0x318a, 0x318a, 0x31aa, 0x31aa, 0x31aa, 0x31aa, 0x31aa, 0x31aa, 0x31aa, 0x31aa,
  0x31aa, 0x31aa, 0x31aa, 0x31aa, 0x31aa, 0x31aa, 0x31aa, 0x31aa, 0x31aa, 0x31aa, 0x39aa, 0x31aa,
  0x31aa, 0x39ca, 0x31cb, 0x39ab, 0x39ab, 0x39ab, 0x39cb, 0x39cb, 0x39cb, 0x39cb, 0x39cb, 0x39cb,
  0x39cb, 0x39cb, 0x39cb, 0x39cb, 0x39cb, 0x39cb, 0x39cb, 0x39cb, 0x39cb, 0x39cb, 0x39cb, 0x39cb,
  0x39cb, 0x39cb, 0x39cb, 0x39cb, 0x39cb, 0x39cb, 0x39cb, 0x39cb, 0x39cb, 0x39cb, 0x39cb, 0x39cb,
  0x39cb, 0x39cb, 0x39cb, 0x39cb, 0x318a, 0x318a, 0x318a, 0x31aa, 0x318a, 0x31aa, 0x318a, 0x31aa,
  0x31aa, 0x31aa, 0x31aa, 0x31aa, 0x31aa, 0x31aa, 0x31aa, 0x31aa, 0x31aa, 0x31aa, 0x31aa, 0x31aa,
  0x31aa, 0x31aa, 0x31aa, 0x31aa, 0x31aa, 0x31aa, 0x31aa, 0x31aa, 0x31aa, 0x39aa, 0x31aa, 0x39ab,
  0x39ab, 0x39ab, 0x39ab, 0x39cb, 0x39ab, 0x39cb, 0x39cb, 0x39cb, 0x39cb, 0x39cb, 0x39cb, 0x39cb,
  0x39cb, 0x39cb, 0x39cb, 0x39cb, 0x39cb, 0x39cb, 0x39cb, 0x39cb, 0x39cb, 0x39cb, 0x39cb, 0x39cb,
  0x39cb, 0x39cb, 0x39cb, 0x39cb, 0x39cb, 0x39cb, 0x39cb, 0x39cb, 0x39cb, 0x39cb, 0x39cb, 0x39cb,
  0x318a, 0x318a, 0x318a, 0x318a, 0x318a, 0x318a, 0x31aa, 0x318a, 0x31aa, 0x31aa, 0x31aa, 0x31aa,
  0x31aa, 0x31aa, 0x31aa, 0x31aa, 0x31aa, 0x31aa, 0x31aa, 0x31aa, 0x31aa, 0x31aa, 0x31aa, 0x31aa,
  0x31aa, 0x31aa, 0x31ab, 0x31ca, 0x31aa, 0x39ab, 0x31cb, 0x31cb, 0x39ab, 0x39ab, 0x39ab, 0x39ab,
  0x39cb, 0x39ab, 0x39cb, 0x39cb, 0x39cb, 0x39cb, 0x39cb, 0x39cb, 0x39cb, 0x39cb, 0x39cb, 0x39cb,
  0x39cb, 0x39cb, 0x39cb, 0x39cb, 0x39cb, 0x39cb, 0x39cb, 0x39cb, 0x39cb, 0x39cb, 0x39cb, 0x39cb,
  0x39cb, 0x39cb, 0x39cb, 0x39cb, 0x39cb, 0x39cb, 0x39cb, 0x39cb, 0x318a, 0x318a, 0x31aa, 0x31aa,
  0x318a, 0x318a, 0x318a, 0x31aa, 0x31aa, 0x31aa, 0x31aa, 0x31aa, 0x31aa, 0x31aa, 0x31aa, 0x31aa,
  0x31aa, 0x31aa, 0x31aa, 0x31aa, 0x31aa, 0x31aa, 0x31aa, 0x31aa, 0x31aa, 0x31aa, 0x31ca, 0x31aa,
  0x39aa, 0x31cb, 0x39ab, 0x39ab, 0x39ab, 0x39cb, 0x39cb, 0x39ab, 0x39ab, 0x39cb, 0x39cb, 0x39cb,
  0x39cb, 0x39cb, 0x39cb, 0x39cb, 0x39cb, 0x39cb, 0x39cb, 0x39cb, 0x39cb, 0x39cb, 0x39cb, 0x39cb,
  0x39cb, 0x39cb, 0x39cb, 0x39cb, 0x39cb, 0x39cb, 0x39cb, 0x39cb, 0x39cb, 0x39cb, 0x39cb, 0x39cb,
  0x39cb, 0x39cb, 0x39cb, 0x39cb, 0x3189, 0x3189, 0x3189, 0x3189, 0x318a, 0x318a, 0x31aa, 0x318a,
  0x318a, 0x318a, 0x318a, 0x31aa, 0x31aa, 0x31aa, 0x31aa, 0x31aa, 0x31aa, 0x31aa, 0x31aa, 0x31aa,
  0x31aa, 0x31aa, 0x31aa, 0x31aa, 0x31aa, 0x31aa, 0x31aa, 0x31aa, 0x31aa, 0x31ca, 0x39aa, 0x31ab,
  0x31ca, 0x39ab, 0x39ab, 0x39ab, 0x39cb, 0x39ab, 0x39cb, 0x39ab, 0x39cb, 0x39cb, 0x39cb, 0x39cb,
  0x39cb, 0x39cb, 0x39cb, 0x39cb, 0x39cb, 0x39cb, 0x39cb, 0x39cb, 0x39cb, 0x39cb, 0x39cb, 0x39cb,
  0x39cb, 0x39cb, 0x39cb, 0x39cb, 0x39cb, 0x39cb, 0x39cb, 0x39cb, 0x39cb, 0x39cb, 0x39cb, 0x39cb,
  0x3189, 0x318a, 0x3189, 0x318a, 0x318a, 0x318a, 0x31aa, 0x318a, 0x318a, 0x318a, 0x318a, 0x31aa,
  0x31aa, 0x31aa, 0x31aa, 0x31aa, 0x31aa, 0x31aa, 0x31aa, 0x31aa, 0x31aa, 0x31aa, 0x31aa, 0x31aa,
  0x31aa, 0x31aa, 0x31aa, 0x31aa, 0x31aa, 0x31aa, 0x31ab, 0x39aa, 0x39ab, 0x39ab, 0x31cb, 0x39ab,
  0x39cb, 0x39ab, 0x39ab, 0x39cb, 0x39ab, 0x39cb, 0x39cb, 0x39cb, 0x39cb, 0x39cb, 0x39cb, 0x39cb,
  0x39cb, 0x39cb, 0x39cb, 0x39cb, 0x39cb, 0x39cb, 0x39cb, 0x39cb, 0x39cb, 0x39cb, 0x39cb, 0x39cb,
  0x39cb, 0x39cb, 0x39cb, 0x39cb, 0x39cb, 0x39cb, 0x39cb, 0x39cb, 0x318a, 0x318a, 0x318a, 0x318a,
  0x31aa, 0x318a, 0x318a, 0x318a, 0x318a, 0x318a, 0x31aa, 0x31aa, 0x31aa, 0x31aa, 0x31aa, 0x31aa,
  0x31aa, 0x31aa, 0x31aa, 0x31aa, 0x31aa, 0x31aa, 0x31aa, 0x31aa, 0x31aa, 0x31aa, 0x31aa, 0x31aa,
  0x31aa, 0x31aa, 0x39aa, 0x31aa, 0x39ab, 0x31cb, 0x39ab, 0x39ab, 0x39ab, 0x39ab, 0x39cb, 0x39cb,
  0x39cb, 0x39cb, 0x39cb, 0x39cb, 0x39cb, 0x39cb, 0x39cb, 0x39cb, 0x39cb, 0x39cb, 0x39cb, 0x39cb,
  0x39cb, 0x39cb, 0x39cb, 0x39cb, 0x39cb, 0x39cb, 0x39cb, 0x39cb, 0x39cb, 0x39cb, 0x39cb, 0x39cb,
  0x39cb, 0x39cb, 0x39cb, 0x39cb, 0x2968, 0x18e5, 0x10a4, 0x10a4, 0x10a4, 0x10a4, 0x10a4, 0x10a4,
  0x10a4, 0x10a4, 0x10a4, 0x10a4, 0x10a4, 0x10a4, 0x10a4, 0x10a4, 0x10a4, 0x10a4, 0x10a4, 0x10a4,
  0x10a4, 0x10a4, 0x10a4, 0x18a4, 0x10a4, 0x18a4, 0x18a4, 0x18a4, 0x18a4, 0x18a4, 0x18c4, 0x18c4,
  0x18a4, 0x18a4, 0x18a4, 0x18a4, 0x18a4, 0x18a4, 0x18c4, 0x18c4, 0x18c4, 0x18c4, 0x18c4, 0x18c4,
  0x18c4, 0x18c4, 0x18c4, 0x18c4, 0x18c4, 0x18c4, 0x18c4, 0x18c4, 0x18c4, 0x18c4, 0x18c4, 0x18c4,
  0x18c4, 0x18c4, 0x18c4, 0x18c4, 0x18c5, 0x18e5, 0x2948, 0x318a, 0x39cb, 0x39cb, 0x39cb, 0x39cb,
  0x18e5, 0x31a3, 0x4bc5, 0x7506, 0x7506, 0x7506, 0x7506, 0x7506, 0x7506, 0x7506, 0x7506, 0x7506,
  0x7506, 0x7506, 0x7506, 0x7506, 0x7506, 0x7506, 0x7506, 0x7506, 0x7506, 0x7506, 0x7506, 0x7506,
  0x7506, 0x7506, 0x7506, 0x7506, 0x7506, 0x7506, 0x7506, 0x7506, 0x7506, 0x7506, 0x7506, 0x7506,
  0x7506, 0x7506, 0x7506, 0x7506, 0x7506, 0x7506, 0x7506, 0x7506, 0x7506, 0x7506, 0x7506, 0x7506,
  0x7506, 0x7506, 0x7506, 0x7506, 0x7506, 0x7506, 0x7506, 0x7506, 0x7506, 0x7506, 0x7506, 0x7506,
  0x7506, 0x7506, 0x6ba5, 0x4288, 0x4a4d, 0x39cb, 0x39cb, 0x39cb, 0x18c5, 0x6ba5, 0x85a6, 0x8e26,
  0x9626, 0x9626, 0x9626, 0x9626, 0x9626, 0x9626, 0x9626, 0x9626, 0x9626, 0x9626, 0x9626, 0x9626,
  0x9626, 0x9626, 0x9626, 0x9626, 0x9626, 0x9626, 0x9626, 0x9626, 0x9626, 0x9626, 0x9626, 0x9626,
  0x9626, 0x9626, 0x9626, 0x9626, 0x9626, 0x9626, 0x9626, 0x9626, 0x9626, 0x9626, 0x9626, 0x9626,
  0x9626, 0x9626, 0x9626, 0x9626, 0x9626, 0x9626, 0x9626, 0x9626, 0x9626, 0x9626, 0x9626, 0x9626,
  0x9626, 0x9626, 0x9626, 0x9626, 0x9626, 0x9626, 0x9626, 0x9626, 0x9626, 0x8e26, 0x85a6, 0x7509,
  0x7391, 0x39cb, 0x39cb, 0x39cb, 0x18e6, 0x7446, 0x9647, 0x9ec7, 0xa707, 0xa707, 0xa707, 0xa707,
  0xa707, 0xa707, 0xa707, 0xa707, 0xa707, 0xa707, 0xa707, 0xa707, 0xa707, 0xa707, 0xa707, 0xa707,
  0xa707, 0xa707, 0xa707, 0xa707, 0xa707, 0xa707, 0xa707, 0xa707, 0xa707, 0xa707, 0xa707, 0xa707,
  0xa707, 0xa707, 0xa707, 0xa707, 0xa707, 0xa707, 0xa707, 0xa707, 0xa707, 0xa707, 0xa707, 0xa707,
  0xa707, 0xa707, 0xa707, 0xa707, 0xa707, 0xa707, 0xa707, 0xa707, 0xa707, 0xa707, 0xa707, 0xa707,
  0xa707, 0xa707, 0xa707, 0xa707, 0xa707, 0x9ec7, 0x9647, 0x8d6b, 0x9494, 0x39cb, 0x39cb, 0x39cb,
  0x2948, 0x5288, 0x7509, 0xa6c8, 0xaf08, 0xaf08, 0xaf08, 0xaf08, 0xaf08, 0xaf08, 0xaf08, 0xaf08,
  0xaf08, 0xaf08, 0xaf08, 0xaf08, 0xaf08, 0xaf08, 0xaf08, 0xaf08, 0xaf08, 0xaf08, 0xaf08, 0xaf08,
  0xaf08, 0xaf08, 0xaf08, 0xaf08, 0xaf08, 0xaf08, 0xaf08, 0xaf08, 0xaf08, 0xaf08, 0xaf08, 0xaf08,
  0xaf08, 0xaf08, 0xaf08, 0xaf08, 0xaf08, 0xaf08, 0xaf08, 0xaf08, 0xaf08, 0xaf08, 0xaf08, 0xaf08,
  0xaf08, 0xaf08, 0xaf08, 0xaf08, 0xaf08, 0xaf08, 0xaf08, 0xaf08, 0xaf08, 0xaf08, 0xaf08, 0xaf08,
  0xaf08, 0xa6c8, 0x9e0c, 0x9d92, 0x8c74, 0x39cb, 0x39cb, 0x39cb, 0x3189, 0x318a, 0x526d, 0x6b50,
  0x7bd1, 0x7bf1, 0x7bf1, 0x7bd1, 0x7bf2, 0x7bd1, 0x7bf2, 0x7bf2, 0x7bf2, 0x7bf2, 0x7bf2, 0x7bf2,
  0x7bf2, 0x7bf2, 0x7bf2, 0x7bf2, 0x7bf2, 0x7bf2, 0x7bf2, 0x7bf2, 0x7bf2, 0x7bf2, 0x7bf2, 0x7bf2,
  0x7bf2, 0x7bf2, 0x7bf2, 0x7bf2, 0x7bf2, 0x7bf2, 0x7bf2, 0x7bf2, 0x7bf2, 0x7bf2, 0x7bf2, 0x7bf2,
  0x7bf2, 0x7bf2, 0x7bf2, 0x7bf2, 0x7bf2, 0x7bf2, 0x7bf2, 0x7bf2, 0x7bf2, 0x7bf2, 0x7bf2, 0x7bf2,
  0x7bf2, 0x7bf2, 0x7bf2, 0x7bf2, 0x7bf2, 0x7bf2, 0x7bf2, 0x7bf2, 0x7bf2, 0x8c74, 0x94b5, 0x8c74,
  0x528d, 0x39cb, 0x39cb, 0x39cb, 0x318a, 0x318a, 0x318a, 0x318a, 0x318a, 0x31aa, 0x318a, 0x318a,
  0x31aa, 0x31aa, 0x31aa, 0x31aa, 0x31aa, 0x31aa, 0x31aa, 0x31aa, 0x31aa, 0x31aa, 0x31aa, 0x31aa,
  0x31aa, 0x31aa, 0x31aa, 0x31aa, 0x31aa, 0x31aa, 0x39aa, 0x31aa, 0x31aa, 0x39ca, 0x31cb, 0x39ab,
  0x39ab, 0x39ab, 0x39cb, 0x39cb, 0x39cb, 0x39cb, 0x39cb, 0x39cb, 0x39cb, 0x39cb, 0x39cb, 0x39cb,
  0x39cb, 0x39cb, 0x39cb, 0x39cb, 0x39cb, 0x39cb, 0x39cb, 0x39cb, 0x39cb, 0x39cb, 0x39cb, 0x39cb,
  0x39cb, 0x39cb, 0x39cb, 0x39cb, 0x39cb, 0x39cb, 0x39cb, 0x39cb, 0x39cb, 0x39cb, 0x39cb, 0x39cb,
  0x318a, 0x318a, 0x318a, 0x31aa, 0x318a, 0x31aa, 0x318a, 0x31aa, 0x31aa, 0x31aa, 0x31aa, 0x31aa,
  0x31aa, 0x31aa, 0x31aa, 0x31aa, 0x31aa, 0x31aa, 0x31aa, 0x31aa, 0x31aa, 0x31aa, 0x31aa, 0x31aa,
  0x31aa, 0x31aa, 0x31aa, 0x31aa, 0x31aa, 0x39aa, 0x31aa, 0x39ab, 0x39ab, 0x39ab, 0x39ab, 0x39cb,
  0x39ab, 0x39cb, 0x39cb, 0x39cb, 0x39cb, 0x39cb, 0x39cb, 0x39cb, 0x39cb, 0x39cb, 0x39cb, 0x39cb,
  0x39cb, 0x39cb, 0x39cb, 0x39cb, 0x39cb, 0x39cb, 0x39cb, 0x39cb, 0x39cb, 0x39cb, 0x39cb, 0x39cb,
  0x39cb, 0x39cb, 0x39cb, 0x39cb, 0x39cb, 0x39cb, 0x39cb, 0x39cb, 0x318a, 0x318a, 0x318a, 0x318a,
  0x318a, 0x318a, 0x31aa, 0x318a, 0x31aa, 0x31aa, 0x31aa, 0x31aa, 0x31aa, 0x31aa, 0x31aa, 0x31aa,
  0x31aa, 0x31aa, 0x31aa, 0x31aa, 0x31aa, 0x31aa, 0x31aa, 0x31aa, 0x31aa, 0x31aa, 0x31ab, 0x31ca,
  0x31aa, 0x39ab, 0x31cb, 0x31cb, 0x39ab, 0x39ab, 0x39ab, 0x39ab, 0x39cb, 0x39ab, 0x39cb, 0x39cb,
  0x39cb, 0x39cb, 0x39cb, 0x39cb, 0x39cb, 0x39cb, 0x39cb, 0x39cb, 0x39cb, 0x39cb, 0x39cb, 0x39cb,
  0x39cb, 0x39cb, 0x39cb, 0x39cb, 0x39cb, 0x39cb, 0x39cb, 0x39cb, 0x39cb, 0x39cb, 0x39cb, 0x39cb,
  0x39cb, 0x39cb, 0x39cb, 0x39cb, 0x318a, 0x318a, 0x31aa, 0x31aa, 0x318a, 0x318a, 0x318a, 0x31aa,
  0x31aa, 0x31aa, 0x31aa, 0x31aa, 0x31aa, 0x31aa, 0x31aa, 0x31aa, 0x31aa, 0x31aa, 0x31aa, 0x31aa,
  0x31aa, 0x31aa, 0x31aa, 0x31aa, 0x31aa, 0x31aa, 0x31ca, 0x31aa, 0x39aa, 0x31cb, 0x39ab, 0x39ab,
  0x39ab, 0x39cb, 0x39cb, 0x39ab, 0x39ab, 0x39cb, 0x39cb, 0x39cb, 0x39cb, 0x39cb, 0x39cb, 0x39cb,
  0x39cb, 0x39cb, 0x39cb, 0x39cb, 0x39cb, 0x39cb, 0x39cb, 0x39cb, 0x39cb, 0x39cb, 0x39cb, 0x39cb,
  0x39cb, 0x39cb, 0x39cb, 0x39cb, 0x39cb, 0x39cb, 0x39cb, 0x39cb, 0x39cb, 0x39cb, 0x39cb, 0x39cb,
  0x3189, 0x3189, 0x3189, 0x3189, 0x318a, 0x318a, 0x31aa, 0x318a, 0x318a, 0x318a, 0x318a, 0x31aa,
  0x31aa, 0x31aa, 0x31aa, 0x31aa, 0x31aa, 0x31aa, 0x31aa, 0x31aa, 0x31aa, 0x31aa, 0x31aa, 0x31aa,
  0x31aa, 0x31aa, 0x31aa, 0x31aa, 0x31aa, 0x31ca, 0x39aa, 0x31ab, 0x31ca, 0x39ab, 0x39ab, 0x39ab,
  0x39cb, 0x39ab, 0x39cb, 0x39ab, 0x39cb, 0x39cb, 0x39cb, 0x39cb, 0x39cb, 0x39cb, 0x39cb, 0x39cb,
  0x39cb, 0x39cb, 0x39cb, 0x39cb, 0x39cb, 0x39cb, 0x39cb, 0x39cb, 0x39cb, 0x39cb, 0x39cb, 0x39cb,
  0x39cb, 0x39cb, 0x39cb, 0x39cb, 0x39cb, 0x39cb, 0x39cb, 0x39cb, 0x3189, 0x318a, 0x3189, 0x318a,
  0x318a, 0x318a, 0x31aa, 0x318a, 0x318a, 0x318a, 0x318a, 0x31aa, 0x31aa, 0x31aa, 0x31aa, 0x31aa,
  0x31aa, 0x31aa, 0x31aa, 0x31aa, 0x31aa, 0x31aa, 0x31aa, 0x31aa, 0x31aa, 0x31aa, 0x31aa, 0x31aa,
  0x31aa, 0x31aa, 0x31ab, 0x39aa, 0x39ab, 0x39ab, 0x31cb, 0x39ab, 0x39cb, 0x39ab, 0x39ab, 0x39cb,
  0x39ab, 0x39cb, 0x39cb, 0x39cb, 0x39cb, 0x39cb, 0x39cb, 0x39cb, 0x39cb, 0x39cb, 0x39cb, 0x39cb,
  0x39cb, 0x39cb, 0x39cb, 0x39cb, 0x39cb, 0x39cb, 0x39cb, 0x39cb, 0x39cb, 0x39cb, 0x39cb, 0x39cb,
  0x39cb, 0x39cb, 0x39cb, 0x39cb, 0x318a, 0x318a, 0x318a, 0x318a, 0x31aa, 0x318a, 0x318a, 0x318a,
  0x318a, 0x318a, 0x31aa, 0x31aa, 0x31aa, 0x31aa, 0x31aa, 0x31aa, 0x31aa, 0x31aa, 0x31aa, 0x31aa,
  0x31aa, 0x31aa, 0x31aa, 0x31aa, 0x31aa, 0x31aa, 0x31aa, 0x31aa, 0x31aa, 0x31aa, 0x39aa, 0x31aa,
  0x39ab, 0x31cb, 0x39ab, 0x39ab, 0x39ab, 0x39ab, 0x39cb, 0x39cb, 0x39cb, 0x39cb, 0x39cb, 0x39cb,
  0x39cb, 0x39cb, 0x39cb, 0x39cb, 0x39cb, 0x39cb, 0x39cb, 0x39cb, 0x39cb, 0x39cb, 0x39cb, 0x39cb,
  0x39cb, 0x39cb, 0x39cb, 0x39cb, 0x39cb, 0x39cb, 0x39cb, 0x39cb, 0x39cb, 0x39cb, 0x39cb, 0x39cb,
  0x2968, 0x18e5, 0x10a4, 0x10a4, 0x10a4, 0x10a4, 0x10a4, 0x10a4, 0x10a4, 0x10a4, 0x10a4, 0x10a4,
  0x10a4, 0x10a4, 0x10a4, 0x10a4, 0x10a4, 0x10a4, 0x10a4, 0x10a4, 0x10a4, 0x10a4, 0x10a4, 0x18a4,
  0x10a4, 0x18a4, 0x18a4, 0x18a4, 0x18a4, 0x18a4, 0x18c4, 0x18c4, 0x18a4, 0x18a4, 0x18a4, 0x18a4,
  0x18a4, 0x18a4, 0x18c4, 0x18c4, 0x18c4, 0x18c4, 0x18c4, 0x18c4, 0x18c4, 0x18c4, 0x18c4, 0x18c4,
  0x18c4, 0x18c4, 0x18c4, 0x18c4, 0x18c4, 0x18c4, 0x18c4, 0x18c4, 0x18c4, 0x18c4, 0x18c4, 0x18c4,
  0x18c5, 0x18e5, 0x2948, 0x318a, 0x39cb, 0x39cb, 0x39cb, 0x39cb, 0x18e5, 0x31a3, 0x7b65, 0x9cc5,
  0x9cc5, 0x9cc5, 0x9cc5, 0x9cc5, 0x9cc5, 0x9cc5, 0x9cc5, 0x9cc5, 0x9cc5, 0x9cc5, 0x9cc5, 0x9cc5,
  0x9cc5, 0x9cc5, 0x9cc5, 0x9cc5, 0x9cc5, 0x9cc5, 0x9cc5, 0x9cc5, 0x9cc5, 0x9cc5, 0x9cc5, 0x9cc5,
  0x9cc5, 0x9cc5, 0x9cc5, 0x9cc5, 0x9cc5, 0x9cc5, 0x9cc5, 0x9cc5, 0x9cc5, 0x9cc5, 0x9cc5, 0x9cc5,
  0x9cc5, 0x9cc5, 0x9cc5, 0x9cc5, 0x9cc5, 0x9cc5, 0x9cc5, 0x9cc5, 0x9cc5, 0x9cc5, 0x9cc5, 0x9cc5,
  0x9cc5, 0x9cc5, 0x9cc5, 0x9cc5, 0x9cc5, 0x9cc5, 0x9cc5, 0x9cc5, 0x9cc5, 0x9cc5, 0x7b65, 0x5288,
  0x4a4d, 0x39cb, 0x39cb, 0x39cb, 0x18c5, 0x7b65, 0xb565, 0xbdc5, 0xc605, 0xc605, 0xc605, 0xc605,
  0xc605, 0xc605, 0xc605, 0xc605, 0xc605, 0xc605, 0xc605, 0xc605, 0xc605, 0xc605, 0xc605, 0xc605,
  0xc605, 0xc605, 0xc605, 0xc605, 0xc605, 0xc605, 0xc605, 0xc605, 0xc605, 0xc605, 0xc605, 0xc605,
  0xc605, 0xc605, 0xc605, 0xc605, 0xc605, 0xc605, 0xc605, 0xc605, 0xc605, 0xc605, 0xc605, 0xc605,
  0xc605, 0xc605, 0xc605, 0xc605, 0xc605, 0xc605, 0xc605, 0xc605, 0xc605, 0xc605, 0xc605, 0xc605,
  0xc605, 0xc605, 0xc605, 0xc605, 0xc605, 0xbdc5, 0xb565, 0x8c69, 0x7391, 0x39cb, 0x39cb, 0x39cb,
  0x18e6, 0x8be7, 0xce26, 0xdea6, 0xe6c6, 0xe6c6, 0xe6c6, 0xe6c6, 0xe6c6, 0xe6c6, 0xe6c6, 0xe6c6,
  0xe6c6, 0xe6c6, 0xe6c6, 0xe6c6, 0xe6c6, 0xe6c6, 0xe6c6, 0xe6c6, 0xe6c6, 0xe6c6, 0xe6c6, 0xe6c6,
  0xe6c6, 0xe6c6, 0xe6c6, 0xe6c6, 0xe6c6, 0xe6c6, 0xe6c6, 0xe6c6, 0xe6c6, 0xe6c6, 0xe6c6, 0xe6c6,
  0xe6c6, 0xe6c6, 0xe6c6, 0xe6c6, 0xe6c6, 0xe6c6, 0xe6c6, 0xe6c6, 0xe6c6, 0xe6c6, 0xe6c6, 0xe6c6,
  0xe6c6, 0xe6c6, 0xe6c6, 0xe6c6, 0xe6c6, 0xe6c6, 0xe6c6, 0xe6c6, 0xe6c6, 0xe6c6, 0xe6c6, 0xe6c6,
  0xe6c6, 0xdea6, 0xce26, 0xa509, 0x9494, 0x39cb, 0x39cb, 0x39cb, 0x2948, 0x5288, 0xa509, 0xdea6,
  0xe6e7, 0xe6e7, 0xe6e7, 0xe6e7, 0xe6e7, 0xe6e7, 0xe6e7, 0xe6e7, 0xe6e7, 0xe6e7, 0xe6e7, 0xe6e7,
  0xe6e7, 0xe6e7, 0xe6e7, 0xe6e7, 0xe6e7, 0xe6e7, 0xe6e7, 0xe6e7, 0xe6e7, 0xe6e7, 0xe6e7, 0xe6e7,
  0xe6e7, 0xe6e7, 0xe6e7, 0xe6e7, 0xe6e7, 0xe6e7, 0xe6e7, 0xe6e7, 0xe6e7, 0xe6e7, 0xe6e7, 0xe6e7,
  0xe6e7, 0xe6e7, 0xe6e7, 0xe6e7, 0xe6e7, 0xe6e7, 0xe6e7, 0xe6e7, 0xe6e7, 0xe6e7, 0xe6e7, 0xe6e7,
  0xe6e7, 0xe6e7, 0xe6e7, 0xe6e7, 0xe6e7, 0xe6e7, 0xe6e7, 0xe6e7, 0xe6e7, 0xdea6, 0xc5eb, 0xad72,
  0x8c74, 0x39cb, 0x39cb, 0x39cb, 0x3189, 0x318a, 0x526d, 0x6b50, 0x7bd1, 0x7bf1, 0x7bf1, 0x7bd1,
  0x7bf2, 0x7bd1, 0x7bf2, 0x7bf2, 0x7bf2, 0x7bf2, 0x7bf2, 0x7bf2, 0x7bf2, 0x7bf2, 0x7bf2, 0x7bf2,
  0x7bf2, 0x7bf2, 0x7bf2, 0x7bf2, 0x7bf2, 0x7bf2, 0x7bf2, 0x7bf2, 0x7bf2, 0x7bf2, 0x7bf2, 0x7bf2,
  0x7bf2, 0x7bf2, 0x7bf2, 0x7bf2, 0x7bf2, 0x7bf2, 0x7bf2, 0x7bf2, 0x7bf2, 0x7bf2, 0x7bf2, 0x7bf2,
  0x7bf2, 0x7bf2, 0x7bf2, 0x7bf2, 0x7bf2, 0x7bf2, 0x7bf2, 0x7bf2, 0x7bf2, 0x7bf2, 0x7bf2, 0x7bf2,
  0x7bf2, 0x7bf2, 0x7bf2, 0x7bf2, 0x7bf2, 0x8c74, 0x94b5, 0x8c74, 0x528d, 0x39cb, 0x39cb, 0x39cb,
  0x318a, 0x318a, 0x318a, 0x318a, 0x318a, 0x31aa, 0x318a, 0x318a, 0x31aa, 0x31aa, 0x31aa, 0x31aa,
  0x31aa, 0x31aa, 0x31aa, 0x31aa, 0x31aa, 0x31aa, 0x31aa, 0x31aa, 0x31aa, 0x31aa, 0x31aa, 0x31aa,
  0x31aa, 0x31aa, 0x39aa, 0x31aa, 0x31aa, 0x39ca, 0x31cb, 0x39ab, 0x39ab, 0x39ab, 0x39cb, 0x39cb,
  0x39cb, 0x39cb, 0x39cb, 0x39cb, 0x39cb, 0x39cb, 0x39cb, 0x39cb, 0x39cb, 0x39cb, 0x39cb, 0x39cb,
  0x39cb, 0x39cb, 0x39cb, 0x39cb, 0x39cb, 0x39cb, 0x39cb, 0x39cb, 0x39cb, 0x39cb, 0x39cb, 0x39cb,
  0x39cb, 0x39cb, 0x39cb, 0x39cb, 0x39cb, 0x39cb, 0x39cb, 0x39cb, 0x318a, 0x318a, 0x318a, 0x31aa,
  0x318a, 0x31aa, 0x318a, 0x31aa, 0x31aa, 0x31aa, 0x31aa, 0x31aa, 0x31aa, 0x31aa, 0x31aa, 0x31aa,
  0x31aa, 0x31aa, 0x31aa, 0x31aa, 0x31aa, 0x31aa, 0x31aa, 0x31aa, 0x31aa, 0x31aa, 0x31aa, 0x31aa,
  0x31aa, 0x39aa, 0x31aa, 0x39ab, 0x39ab, 0x39ab, 0x39ab, 0x39cb, 0x39ab, 0x39cb, 0x39cb, 0x39cb,
  0x39cb, 0x39cb, 0x39cb, 0x39cb, 0x39cb, 0x39cb, 0x39cb, 0x39cb, 0x39cb, 0x39cb, 0x39cb, 0x39cb,
  0x39cb, 0x39cb, 0x39cb, 0x39cb, 0x39cb, 0x39cb, 0x39cb, 0x39cb, 0x39cb, 0x39cb, 0x39cb, 0x39cb,
  0x39cb, 0x39cb, 0x39cb, 0x39cb, 0x318a, 0x318a, 0x318a, 0x318a, 0x318a, 0x318a, 0x31aa, 0x318a,
  0x31aa, 0x31aa, 0x31aa, 0x31aa, 0x31aa, 0x31aa, 0x31aa, 0x31aa, 0x31aa, 0x31aa, 0x31aa, 0x31aa,
  0x31aa, 0x31aa, 0x31aa, 0x31aa, 0x31aa, 0x31aa, 0x31ab, 0x31ca, 0x31aa, 0x39ab, 0x31cb, 0x31cb,
  0x39ab, 0x39ab, 0x39ab, 0x39ab, 0x39cb, 0x39ab, 0x39cb, 0x39cb, 0x39cb, 0x39cb, 0x39cb, 0x39cb,
  0x39cb, 0x39cb, 0x39cb, 0x39cb, 0x39cb, 0x39cb, 0x39cb, 0x39cb, 0x39cb, 0x39cb, 0x39cb, 0x39cb,
  0x39cb, 0x39cb, 0x39cb, 0x39cb, 0x39cb, 0x39cb, 0x39cb, 0x39cb, 0x39cb, 0x39cb, 0x39cb, 0x39cb,
  0x318a, 0x318a, 0x31aa, 0x31aa, 0x318a, 0x318a, 0x318a, 0x31aa, 0x31aa, 0x31aa, 0x31aa, 0x31aa,
  0x31aa, 0x31aa, 0x31aa, 0x31aa, 0x31aa, 0x31aa, 0x31aa, 0x31aa, 0x31aa, 0x31aa, 0x31aa, 0x31aa,
  0x31aa, 0x31aa, 0x31ca, 0x31aa, 0x39aa, 0x31cb, 0x39ab, 0x39ab, 0x39ab, 0x39cb, 0x39cb, 0x39ab,
  0x39ab, 0x39cb, 0x39cb, 0x39cb, 0x39cb, 0x39cb, 0x39cb, 0x39cb, 0x39cb, 0x39cb, 0x39cb, 0x39cb,
  0x39cb, 0x39cb, 0x39cb, 0x39cb, 0x39cb, 0x39cb, 0x39cb, 0x39cb, 0x39cb, 0x39cb, 0x39cb, 0x39cb,
  0x39cb, 0x39cb, 0x39cb, 0x39cb, 0x39cb, 0x39cb, 0x39cb, 0x39cb, 0x3189, 0x3189, 0x3189, 0x3189,
  0x318a, 0x318a, 0x31aa, 0x318a, 0x318a, 0x318a, 0x318a, 0x31aa, 0x31aa, 0x31aa, 0x31aa, 0x31aa,
  0x31aa, 0x31aa, 0x31aa, 0x31aa, 0x31aa, 0x31aa, 0x31aa, 0x31aa, 0x31aa, 0x31aa, 0x31aa, 0x31aa,
  0x31aa, 0x31ca, 0x39aa, 0x31ab, 0x31ca, 0x39ab, 0x39ab, 0x39ab, 0x39cb, 0x39ab, 0x39cb, 0x39ab,
  0x39cb, 0x39cb, 0x39cb, 0x39cb, 0x39cb, 0x39cb, 0x39cb, 0x39cb, 0x39cb, 0x39cb, 0x39cb, 0x39cb,
  0x39cb, 0x39cb, 0x39cb, 0x39cb, 0x39cb, 0x39cb, 0x39cb, 0x39cb, 0x39cb, 0x39cb, 0x39cb, 0x39cb,
  0x39cb, 0x39cb, 0x39cb, 0x39cb, 0x3189, 0x318a, 0x3189, 0x318a, 0x318a, 0x318a, 0x31aa, 0x318a,
  0x318a, 0x318a, 0x318a, 0x31aa, 0x31aa, 0x31aa, 0x31aa, 0x31aa, 0x31aa, 0x31aa, 0x31aa, 0x31aa,
  0x31aa, 0x31aa, 0x31aa, 0x31aa, 0x31aa, 0x31aa, 0x31aa, 0x31aa, 0x31aa, 0x31aa, 0x31ab, 0x39aa,
  0x39ab, 0x39ab, 0x31cb, 0x39ab, 0x39cb, 0x39ab, 0x39ab, 0x39cb, 0x39ab, 0x39cb, 0x39cb, 0x39cb,
  0x39cb, 0x39cb, 0x39cb, 0x39cb, 0x39cb, 0x39cb, 0x39cb, 0x39cb, 0x39cb, 0x39cb, 0x39cb, 0x39cb,
  0x39cb, 0x39cb, 0x39cb, 0x39cb, 0x39cb, 0x39cb, 0x39cb, 0x39cb, 0x39cb, 0x39cb, 0x39cb, 0x39cb,
  0x318a, 0x318a, 0x318a, 0x318a, 0x31aa, 0x318a, 0x318a, 0x318a, 0x318a, 0x318a, 0x31aa, 0x31aa,
  0x31aa, 0x31aa, 0x31aa, 0x31aa, 0x31aa, 0x31aa, 0x31aa, 0x31aa, 0x31aa, 0x31aa, 0x31aa, 0x31aa,
  0x31aa, 0x31aa, 0x31aa, 0x31aa, 0x31aa, 0x31aa, 0x39aa, 0x31aa, 0x39ab, 0x31cb, 0x39ab, 0x39ab,
  0x39ab, 0x39ab, 0x39cb, 0x39cb, 0x39cb, 0x39cb, 0x39cb, 0x39cb, 0x39cb, 0x39cb, 0x39cb, 0x39cb,
  0x39cb, 0x39cb, 0x39cb, 0x39cb, 0x39cb, 0x39cb, 0x39cb, 0x39cb, 0x39cb, 0x39cb, 0x39cb, 0x39cb,
  0x39cb, 0x39cb, 0x39cb, 0x39cb, 0x39cb, 0x39cb, 0x39cb, 0x39cb, 0x2968, 0x18e5, 0x10a4, 0x10a4,
  0x10a4, 0x10a4, 0x10a4, 0x10a4, 0x10a4, 0x10a4, 0x10a4, 0x10a4, 0x10a4, 0x10a4, 0x10a4, 0x10a4,
  0x10a4, 0x10a4, 0x10a4, 0x10a4, 0x10a4, 0x10a4, 0x10a4, 0x18a4, 0x10a4, 0x18a4, 0x18a4, 0x18a4,
  0x18a4, 0x18a4, 0x18c4, 0x18c4, 0x18a4, 0x18a4, 0x18a4, 0x18a4, 0x18a4, 0x18a4, 0x18c4, 0x18c4,
  0x18c4, 0x18c4, 0x18c4, 0x18c4, 0x18c4, 0x18c4, 0x18c4, 0x18c4, 0x18c4, 0x18c4, 0x18c4, 0x18c4,
  0x18c4, 0x18c4, 0x18c4, 0x18c4, 0x18c4, 0x18c4, 0x18c4, 0x18c4, 0x18c5, 0x18e5, 0x2948, 0x318a,
  0x39cb, 0x39cb, 0x39cb, 0x39cb, 0x18e5, 0x3103, 0x7264, 0x9b45, 0x9b44, 0x9b64, 0x9b64, 0x9b64,
  0x9b64, 0x9b64, 0x9b64, 0x9b64, 0x9b64, 0x9b64, 0x9b64, 0x9b64, 0x9b64, 0x9b64, 0x9b64, 0x9b64,
  0x9b64, 0x9b64, 0x9b64, 0x9b64, 0x9b64, 0x9b64, 0x9b64, 0x9b64, 0x9b64, 0x9b64, 0x9b64, 0x9b64,
  0x9b64, 0x9b64, 0x9b64, 0x9b64, 0x9b64, 0x9b64, 0x9b64, 0x9b64, 0x9b64, 0x9b64, 0x9b64, 0x9b64,
  0x9b64, 0x9b64, 0x9b64, 0x9b64, 0x9b64, 0x9b64, 0x9b64, 0x9b64, 0x9b64, 0x9b64, 0x9b64, 0x9b64,
  0x9b64, 0x9b64, 0x9b64, 0x9b64, 0x9b44, 0x9b45, 0x7aa5, 0x51c8, 0x4a4d, 0x39cb, 0x39cb, 0x39cb,
  0x18c5, 0x7aa5, 0xb3a4, 0xc404, 0xc404, 0xc404, 0xc404, 0xc404, 0xc404, 0xc404, 0xc404, 0xc404,
  0xc404, 0xc404, 0xc404, 0xc404, 0xc404, 0xc404, 0xc404, 0xc404, 0xc404, 0xc404, 0xc404, 0xc404,
  0xc404, 0xc404, 0xc404, 0xc404, 0xc404, 0xc404, 0xc404, 0xc404, 0xc404, 0xc404, 0xc404, 0xc404,
  0xc404, 0xc404, 0xc404, 0xc404, 0xc404, 0xc404, 0xc404, 0xc404, 0xc404, 0xc404, 0xc404, 0xc404,
  0xc404, 0xc404, 0xc404, 0xc404, 0xc404, 0xc404, 0xc404, 0xc404, 0xc404, 0xc404, 0xc404, 0xc404,
  0xc404, 0xc404, 0xb3a4, 0x9348, 0x7391, 0x39cb, 0x39cb, 0x39cb, 0x18e6, 0x8b06, 0xcc25, 0xdc64,
  0xe485, 0xe485, 0xe485, 0xe485, 0xe485, 0xe485, 0xe485, 0xe485, 0xe485, 0xe485, 0xe485, 0xe485,
  0xe485, 0xe485, 0xe485, 0xe485, 0xe485, 0xe485, 0xe485, 0xe485, 0xe485, 0xe485, 0xe485, 0xe485,
  0xe485, 0xe485, 0xe485, 0xe485, 0xe485, 0xe485, 0xe485, 0xe485, 0xe485, 0xe485, 0xe485, 0xe485,
  0xe485, 0xe485, 0xe485, 0xe485, 0xe485, 0xe485, 0xe485, 0xe485, 0xe485, 0xe485, 0xe485, 0xe485,
  0xe485, 0xe485, 0xe485, 0xe485, 0xe485, 0xe485, 0xe485, 0xe485, 0xe485, 0xdc64, 0xcc25, 0xb42a,
  0x9494, 0x39cb, 0x39cb, 0x39cb, 0x2948, 0x51c8, 0xa3a9, 0xdca6, 0xe4c6, 0xe4c6, 0xe4c6, 0xe4c6,
  0xe4c6, 0xe4c6, 0xe4c6, 0xe4c6, 0xe4c6, 0xe4c6, 0xe4c6, 0xe4c6, 0xe4c6, 0xe4c6, 0xe4c6, 0xe4c6,
  0xe4c6, 0xe4c6, 0xe4c6, 0xe4c6, 0xe4c6, 0xe4c6, 0xe4c6, 0xe4c6, 0xe4c6, 0xe4c6, 0xe4c6, 0xe4c6,
  0xe4c6, 0xe4c6, 0xe4c6, 0xe4c6, 0xe4c6, 0xe4c6, 0xe4c6, 0xe4c6, 0xe4c6, 0xe4c6, 0xe4c6, 0xe4c6,
  0xe4c6, 0xe4c6, 0xe4c6, 0xe4c6, 0xe4c6, 0xe4c6, 0xe4c6, 0xe4c6, 0xe4c6, 0xe4c6, 0xe4c6, 0xe4c6,
  0xe4c6, 0xe4c6, 0xe4c6, 0xe4c6, 0xe4c6, 0xdca6, 0xc4ab, 0xacb1, 0x8c74, 0x39cb, 0x39cb, 0x39cb,
  0x3189, 0x318a, 0x526d, 0x6b50, 0x7bd1, 0x7bf1, 0x7bf1, 0x7bd1, 0x7bf2, 0x7bd1, 0x7bf2, 0x7bf2,
  0x7bf2, 0x7bf2, 0x7bf2, 0x7bf2, 0x7bf2, 0x7bf2, 0x7bf2, 0x7bf2, 0x7bf2, 0x7bf2, 0x7bf2, 0x7bf2,
  0x7bf2, 0x7bf2, 0x7bf2, 0x7bf2, 0x7bf2, 0x7bf2, 0x7bf2, 0x7bf2, 0x7bf2, 0x7bf2, 0x7bf2, 0x7bf2,
  0x7bf2, 0x7bf2, 0x7bf2, 0x7bf2, 0x7bf2, 0x7bf2, 0x7bf2, 0x7bf2, 0x7bf2, 0x7bf2, 0x7bf2, 0x7bf2,
  0x7bf2, 0x7bf2, 0x7bf2, 0x7bf2, 0x7bf2, 0x7bf2, 0x7bf2, 0x7bf2, 0x7bf2, 0x7bf2, 0x7bf2, 0x7bf2,
  0x7bf2, 0x8c74, 0x94b5, 0x8c74, 0x528d, 0x39cb, 0x39cb, 0x39cb, 0x318a, 0x318a, 0x318a, 0x318a,
  0x318a, 0x31aa, 0x318a, 0x318a, 0x31aa, 0x31aa, 0x31aa, 0x31aa, 0x31aa, 0x31aa, 0x31aa, 0x31aa,
  0x31aa, 0x31aa, 0x31aa, 0x31aa, 0x31aa, 0x31aa, 0x31aa, 0x31aa, 0x31aa, 0x31aa, 0x39aa, 0x31aa,
  0x31aa, 0x39ca, 0x31cb, 0x39ab, 0x39ab, 0x39ab, 0x39cb, 0x39cb, 0x39cb, 0x39cb, 0x39cb, 0x39cb,
  0x39cb, 0x39cb, 0x39cb, 0x39cb, 0x39cb, 0x39cb, 0x39cb, 0x39cb, 0x39cb, 0x39cb, 0x39cb, 0x39cb,
  0x39cb, 0x39cb, 0x39cb, 0x39cb, 0x39cb, 0x39cb, 0x39cb, 0x39cb, 0x39cb, 0x39cb, 0x39cb, 0x39cb,
  0x39cb, 0x39cb, 0x39cb, 0x39cb, 0x318a, 0x318a, 0x318a, 0x31aa, 0x318a, 0x31aa, 0x318a, 0x31aa,
  0x31aa, 0x31aa, 0x31aa, 0x31aa, 0x31aa, 0x31aa, 0x31aa, 0x31aa, 0x31aa, 0x31aa, 0x31aa, 0x31aa,
  0x31aa, 0x31aa, 0x31aa, 0x31aa, 0x31aa, 0x31aa, 0x31aa, 0x31aa, 0x31aa, 0x39aa, 0x31aa, 0x39ab,
  0x39ab, 0x39ab, 0x39ab, 0x39cb, 0x39ab, 0x39cb, 0x39cb, 0x39cb, 0x39cb, 0x39cb, 0x39cb, 0x39cb,
  0x39cb, 0x39cb, 0x39cb, 0x39cb, 0x39cb, 0x39cb, 0x39cb, 0x39cb, 0x39cb, 0x39cb, 0x39cb, 0x39cb,
  0x39cb, 0x39cb, 0x39cb, 0x39cb, 0x39cb, 0x39cb, 0x39cb, 0x39cb, 0x39cb, 0x39cb, 0x39cb, 0x39cb,
  0x318a, 0x318a, 0x318a, 0x318a, 0x318a, 0x318a, 0x31aa, 0x318a, 0x31aa, 0x31aa, 0x31aa, 0x31aa,
  0x31aa, 0x31aa, 0x31aa, 0x31aa, 0x31aa, 0x31aa, 0x31aa, 0x31aa, 0x31aa, 0x31aa, 0x31aa, 0x31aa,
  0x31aa, 0x31aa, 0x31ab, 0x31ca, 0x31aa, 0x39ab, 0x31cb, 0x31cb, 0x39ab, 0x39ab, 0x39ab, 0x39ab,
  0x39cb, 0x39ab, 0x39cb, 0x39cb, 0x39cb, 0x39cb, 0x39cb, 0x39cb, 0x39cb, 0x39cb, 0x39cb, 0x39cb,
  0x39cb, 0x39cb, 0x39cb, 0x39cb, 0x39cb, 0x39cb, 0x39cb, 0x39cb, 0x39cb, 0x39cb, 0x39cb, 0x39cb,
  0x39cb, 0x39cb, 0x39cb, 0x39cb, 0x39cb, 0x39cb, 0x39cb, 0x39cb, 0x318a, 0x318a, 0x31aa, 0x31aa,
  0x318a, 0x318a, 0x318a, 0x31aa, 0x31aa, 0x31aa, 0x31aa, 0x31aa, 0x31aa, 0x31aa, 0x31aa, 0x31aa,
  0x31aa, 0x31aa, 0x31aa, 0x31aa, 0x31aa, 0x31aa, 0x31aa, 0x31aa, 0x31aa, 0x31aa, 0x31ca, 0x31aa,
  0x39aa, 0x31cb, 0x39ab, 0x39ab, 0x39ab, 0x39cb, 0x39cb, 0x39ab, 0x39ab, 0x39cb, 0x39cb, 0x39cb,
  0x39cb, 0x39cb, 0x39cb, 0x39cb, 0x39cb, 0x39cb, 0x39cb, 0x39cb, 0x39cb, 0x39cb, 0x39cb, 0x39cb,
  0x39cb, 0x39cb, 0x39cb, 0x39cb, 0x39cb, 0x39cb, 0x39cb, 0x39cb, 0x39cb, 0x39cb, 0x39cb, 0x39cb,
  0x39cb, 0x39cb, 0x39cb, 0x39cb, 0x3189, 0x3189, 0x3189, 0x3189, 0x318a, 0x318a, 0x31aa, 0x318a,
  0x318a, 0x318a, 0x318a, 0x31aa, 0x31aa, 0x31aa, 0x31aa, 0x31aa, 0x31aa, 0x31aa, 0x31aa, 0x31aa,
  0x31aa, 0x31aa, 0x31aa, 0x31aa, 0x31aa, 0x31aa, 0x31aa, 0x31aa, 0x31aa, 0x31ca, 0x39aa, 0x31ab,
  0x31ca, 0x39ab, 0x39ab, 0x39ab, 0x39cb, 0x39ab, 0x39cb, 0x39ab, 0x39cb, 0x39cb, 0x39cb, 0x39cb,
  0x39cb, 0x39cb, 0x39cb, 0x39cb, 0x39cb, 0x39cb, 0x39cb, 0x39cb, 0x39cb, 0x39cb, 0x39cb, 0x39cb,
  0x39cb, 0x39cb, 0x39cb, 0x39cb, 0x39cb, 0x39cb, 0x39cb, 0x39cb, 0x39cb, 0x39cb, 0x39cb, 0x39cb,
  0x3189, 0x318a, 0x3189, 0x318a, 0x318a, 0x318a, 0x31aa, 0x318a, 0x318a, 0x318a, 0x318a, 0x31aa,
  0x31aa, 0x31aa, 0x31aa, 0x31aa, 0x31aa, 0x31aa, 0x31aa, 0x31aa, 0x31aa, 0x31aa, 0x31aa, 0x31aa,
  0x31aa, 0x31aa, 0x31aa, 0x31aa, 0x31aa, 0x31aa, 0x31ab, 0x39aa, 0x39ab, 0x39ab, 0x31cb, 0x39ab,
  0x39cb, 0x39ab, 0x39ab, 0x39cb, 0x39ab, 0x39cb, 0x39cb, 0x39cb, 0x39cb, 0x39cb, 0x39cb, 0x39cb,
  0x39cb, 0x39cb, 0x39cb, 0x39cb, 0x39cb, 0x39cb, 0x39cb, 0x39cb, 0x39cb, 0x39cb, 0x39cb, 0x39cb,
  0x39cb, 0x39cb, 0x39cb, 0x39cb, 0x39cb, 0x39cb, 0x39cb, 0x39cb, 0x318a, 0x318a, 0x318a, 0x318a,
  0x31aa, 0x318a, 0x318a, 0x318a, 0x318a, 0x318a, 0x31aa, 0x31aa, 0x31aa, 0x31aa, 0x31aa, 0x31aa,
  0x31aa, 0x31aa, 0x31aa, 0x31aa, 0x31aa, 0x31aa, 0x31aa, 0x31aa, 0x31aa, 0x31aa, 0x31aa, 0x31aa,
  0x31aa, 0x31aa, 0x39aa, 0x31aa, 0x39ab, 0x31cb, 0x39ab, 0x39ab, 0x39ab, 0x39ab, 0x39cb, 0x39cb,
  0x39cb, 0x39cb, 0x39cb, 0x39cb, 0x39cb, 0x39cb, 0x39cb, 0x39cb, 0x39cb, 0x39cb, 0x39cb, 0x39cb,
  0x39cb, 0x39cb, 0x39cb, 0x39cb, 0x39cb, 0x39cb, 0x39cb, 0x39cb, 0x39cb, 0x39cb, 0x39cb, 0x39cb,
  0x39cb, 0x39cb, 0x39cb, 0x39cb, 0x2968, 0x18e5, 0x10a4, 0x10a4, 0x10a4, 0x10a4, 0x10a4, 0x10a4,
  0x10a4, 0x10a4, 0x10a4, 0x10a4, 0x10a4, 0x10a4, 0x10a4, 0x10a4, 0x10a4, 0x10a4, 0x10a4, 0x10a4,
  0x10a4, 0x10a4, 0x10a4, 0x18a4, 0x10a4, 0x18a4, 0x18a4, 0x18a4, 0x18a4, 0x18a4, 0x18c4, 0x18c4,
  0x18a4, 0x18a4, 0x18a4, 0x18a4, 0x18a4, 0x18a4, 0x18c4, 0x18c4, 0x18c4, 0x18c4, 0x18c4, 0x18c4,
  0x18c4, 0x18c4, 0x18c4, 0x18c4, 0x18c4, 0x18c4, 0x18c4, 0x18c4, 0x18c4, 0x18c4, 0x18c4, 0x18c4,
  0x18c4, 0x18c4, 0x18c4, 0x18c4, 0x18c5, 0x18e5, 0x2948, 0x318a, 0x39cb, 0x39cb, 0x39cb, 0x39cb,
  0x18e5, 0x3103, 0x7904, 0x98a3, 0x98a3, 0x98a3, 0x98a3, 0x98a3, 0x98a3, 0x98a3, 0x98a3, 0x98a3,
  0x98a3, 0x98a3, 0x98a3, 0x98a3, 0x98a3, 0x98a3, 0x98a3, 0x98a3, 0x98a3, 0x98a3, 0x98a3, 0x98a3,
  0x98a3, 0x98a3, 0x98a3, 0x98a3, 0x98a3, 0x98a3, 0x98a3, 0x98a3, 0x98a3, 0x98a3, 0x98a3, 0x98a3,
  0x98a3, 0x98a3, 0x98a3, 0x98a3, 0x98a3, 0x98a3, 0x98a3, 0x98a3, 0x98a3, 0x98a3, 0x98a3, 0x98a3,
  0x98a3, 0x98a3, 0x98a3, 0x98a3, 0x98a3, 0x98a3, 0x98a3, 0x98a3, 0x98a3, 0x98a3, 0x98a3, 0x98a3,
  0x98a3, 0x98a3, 0x7904, 0x51c8, 0x4a4d, 0x39cb, 0x39cb, 0x39cb, 0x18c5, 0x7904, 0xb082, 0xc062,
  0xc062, 0xc062, 0xc062, 0xc062, 0xc062, 0xc062, 0xc062, 0xc062, 0xc062, 0xc062, 0xc062, 0xc062,
  0xc062, 0xc062, 0xc062, 0xc062, 0xc062, 0xc062, 0xc062, 0xc062, 0xc062, 0xc062, 0xc062, 0xc062,
  0xc062, 0xc062, 0xc062, 0xc062, 0xc062, 0xc062, 0xc062, 0xc062, 0xc062, 0xc062, 0xc062, 0xc062,
  0xc062, 0xc062, 0xc062, 0xc062, 0xc062, 0xc062, 0xc062, 0xc062, 0xc062, 0xc062, 0xc062, 0xc062,
  0xc062, 0xc062, 0xc062, 0xc062, 0xc062, 0xc062, 0xc062, 0xc062, 0xc062, 0xc062, 0xb082, 0x9986,
  0x7391, 0x39cb, 0x39cb, 0x39cb, 0x18e6, 0x7904, 0xc062, 0xe062, 0xe062, 0xe062, 0xe062, 0xe062,
  0xe062, 0xe062, 0xe062, 0xe062, 0xe062, 0xe062, 0xe062, 0xe062, 0xe062, 0xe062, 0xe062, 0xe062,
  0xe062, 0xe062, 0xe062, 0xe062, 0xe062, 0xe062, 0xe062, 0xe062, 0xe062, 0xe062, 0xe062, 0xe062,
  0xe062, 0xe062, 0xe062, 0xe062, 0xe062, 0xe062, 0xe062, 0xe062, 0xe062, 0xe062, 0xe062, 0xe062,
  0xe062, 0xe062, 0xe062, 0xe062, 0xe062, 0xe062, 0xe062, 0xe062, 0xe062, 0xe062, 0xe062, 0xe062,
  0xe062, 0xe062, 0xe062, 0xe062, 0xe062, 0xe062, 0xc062, 0xb229, 0x9494, 0x39cb, 0x39cb, 0x39cb,
  0x2948, 0x51c8, 0x9986, 0xe0e4, 0xe0e4, 0xe0e4, 0xe0e4, 0xe0e4, 0xe0e4, 0xe0e4, 0xe0e4, 0xe0e4,
  0xe0e4, 0xe0e4, 0xe0e4, 0xe0e4, 0xe0e4, 0xe0e4, 0xe0e4, 0xe0e4, 0xe0e4, 0xe0e4, 0xe0e4, 0xe0e4,
  0xe0e4, 0xe0e4, 0xe0e4, 0xe0e4, 0xe0e4, 0xe0e4, 0xe0e4, 0xe0e4, 0xe0e4, 0xe0e4, 0xe0e4, 0xe0e4,
  0xe0e4, 0xe0e4, 0xe0e4, 0xe0e4, 0xe0e4, 0xe0e4, 0xe0e4, 0xe0e4, 0xe0e4, 0xe0e4, 0xe0e4, 0xe0e4,
  0xe0e4, 0xe0e4, 0xe0e4, 0xe0e4, 0xe0e4, 0xe0e4, 0xe0e4, 0xe0e4, 0xe0e4, 0xe0e4, 0xe0e4, 0xe0e4,
  0xe0e4, 0xe0e4, 0xb229, 0xacb1, 0x8c74, 0x39cb, 0x39cb, 0x39cb, 0x3189, 0x318a, 0x526d, 0x6b50,
  0x7bd1, 0x7bf1, 0x7bf1, 0x7bd1, 0x7bf2, 0x7bd1, 0x7bf2, 0x7bf2, 0x7bf2, 0x7bf2, 0x7bf2, 0x7bf2,
  0x7bf2, 0x7bf2, 0x7bf2, 0x7bf2, 0x7bf2, 0x7bf2, 0x7bf2, 0x7bf2, 0x7bf2, 0x7bf2, 0x7bf2, 0x7bf2,
  0x7bf2, 0x7bf2, 0x7bf2, 0x7bf2, 0x7bf2, 0x7bf2, 0x7bf2, 0x7bf2, 0x7bf2, 0x7bf2, 0x7bf2, 0x7bf2,
  0x7bf2, 0x7bf2, 0x7bf2, 0x7bf2, 0x7bf2, 0x7bf2, 0x7bf2, 0x7bf2, 0x7bf2, 0x7bf2, 0x7bf2, 0x7bf2,
  0x7bf2, 0x7bf2, 0x7bf2, 0x7bf2, 0x7bf2, 0x7bf2, 0x7bf2, 0x7bf2, 0x7bf2, 0x8c74, 0x94b5, 0x8c74,
  0x528d, 0x39cb, 0x39cb, 0x39cb, 0x318a, 0x318a, 0x318a, 0x318a, 0x318a, 0x31aa, 0x318a, 0x318a,
  0x31aa, 0x31aa, 0x31aa, 0x31aa, 0x31aa, 0x31aa, 0x31aa, 0x31aa, 0x31aa, 0x31aa, 0x31aa, 0x31aa,
  0x31aa, 0x31aa, 0x31aa, 0x31aa, 0x31aa, 0x31aa, 0x39aa, 0x31aa, 0x31aa, 0x39ca, 0x31cb, 0x39ab,
  0x39ab, 0x39ab, 0x39cb, 0x39cb, 0x39cb, 0x39cb, 0x39cb, 0x39cb, 0x39cb, 0x39cb, 0x39cb, 0x39cb,
  0x39cb, 0x39cb, 0x39cb, 0x39cb, 0x39cb, 0x39cb, 0x39cb, 0x39cb, 0x39cb, 0x39cb, 0x39cb, 0x39cb,
  0x39cb, 0x39cb, 0x39cb, 0x39cb, 0x39cb, 0x39cb, 0x39cb, 0x39cb, 0x39cb, 0x39cb, 0x39cb, 0x39cb,
  0x318a, 0x318a, 0x318a, 0x31aa, 0x318a, 0x31aa, 0x318a, 0x31aa, 0x31aa, 0x31aa, 0x31aa, 0x31aa,
  0x31aa, 0x31aa, 0x31aa, 0x31aa, 0x31aa, 0x31aa, 0x31aa, 0x31aa, 0x31aa, 0x31aa, 0x31aa, 0x31aa,
  0x31aa, 0x31aa, 0x31aa, 0x31aa, 0x31aa, 0x39aa, 0x31aa, 0x39ab, 0x39ab, 0x39ab, 0x39ab, 0x39cb,
  0x39ab, 0x39cb, 0x39cb, 0x39cb, 0x39cb, 0x39cb, 0x39cb, 0x39cb, 0x39cb, 0x39cb, 0x39cb, 0x39cb,
  0x39cb, 0x39cb, 0x39cb, 0x39cb, 0x39cb, 0x39cb, 0x39cb, 0x39cb, 0x39cb, 0x39cb, 0x39cb, 0x39cb,
  0x39cb, 0x39cb, 0x39cb, 0x39cb, 0x39cb, 0x39cb, 0x39cb, 0x39cb, 0x318a, 0x318a, 0x318a, 0x318a,
  0x318a, 0x318a, 0x31aa, 0x318a, 0x31aa, 0x31aa, 0x31aa, 0x31aa, 0x31aa, 0x31aa, 0x31aa, 0x31aa,
  0x31aa, 0x31aa, 0x31aa, 0x31aa, 0x31aa, 0x31aa, 0x31aa, 0x31aa, 0x31aa, 0x31aa, 0x31ab, 0x31ca,
  0x31aa, 0x39ab, 0x31cb, 0x31cb, 0x39ab, 0x39ab, 0x39ab, 0x39ab, 0x39cb, 0x39ab, 0x39cb, 0x39cb,
  0x39cb, 0x39cb, 0x39cb, 0x39cb, 0x39cb, 0x39cb, 0x39cb, 0x39cb, 0x39cb, 0x39cb, 0x39cb, 0x39cb,
  0x39cb, 0x39cb, 0x39cb, 0x39cb, 0x39cb, 0x39cb, 0x39cb, 0x39cb, 0x39cb, 0x39cb, 0x39cb, 0x39cb,
  0x39cb, 0x39cb, 0x39cb, 0x39cb, 0x318a, 0x318a, 0x31aa, 0x31aa, 0x318a, 0x318a, 0x318a, 0x31aa,
  0x31aa, 0x31aa, 0x31aa, 0x31aa, 0x31aa, 0x31aa, 0x31aa, 0x31aa, 0x31aa, 0x31aa, 0x31aa, 0x31aa,
  0x31aa, 0x31aa, 0x31aa, 0x31aa, 0x31aa, 0x31aa, 0x31ca, 0x31aa, 0x39aa, 0x31cb, 0x39ab, 0x39ab,
  0x39ab, 0x39cb, 0x39cb, 0x39ab, 0x39ab, 0x39cb, 0x39cb, 0x39cb, 0x39cb, 0x39cb, 0x39cb, 0x39cb,
  0x39cb, 0x39cb, 0x39cb, 0x39cb, 0x39cb, 0x39cb, 0x39cb, 0x39cb, 0x39cb, 0x39cb, 0x39cb, 0x39cb,
  0x39cb, 0x39cb, 0x39cb, 0x39cb, 0x39cb, 0x39cb, 0x39cb, 0x39cb, 0x39cb, 0x39cb, 0x39cb, 0x39cb,
};

// SKIN_SHUFREP: 75x30, 4500 bytes RGB565 LE
const uint16_t SKIN_SHUFREP[2250] = {
  0x39cb, 0x39cb, 0x39cb, 0x39cb, 0x39cb, 0x39cb, 0x39ab, 0x39ab, 0x39ab, 0x31cb, 0x31ab, 0x31aa,
  0x31ab, 0x31aa, 0x31aa, 0x31aa, 0x31aa, 0x31aa, 0x31aa, 0x31aa, 0x31aa, 0x31aa, 0x31aa, 0x31aa,
  0x31aa, 0x31aa, 0x31aa, 0x31aa, 0x31aa, 0x31aa, 0x318a, 0x318a, 0x31aa, 0x318a, 0x318a, 0x318a,
  0x318a, 0x318a, 0x318a, 0x318a, 0x3189, 0x3189, 0x3189, 0x3189, 0x3189, 0x3189, 0x3189, 0x3169,
  0x3169, 0x3189, 0x3189, 0x3169, 0x3169, 0x2969, 0x2969, 0x2969, 0x2969, 0x2969, 0x2969, 0x2968,
  0x2968, 0x2968, 0x2968, 0x2968, 0x2968, 0x2948, 0x2948, 0x2948, 0x2948, 0x2948, 0x2948, 0x2948,
  0x2948, 0x2948, 0x2948, 0x3189, 0xadb8, 0xadb8, 0xadb8, 0xadb8, 0xadb8, 0xadb8, 0xadb8, 0xadb8,
  0xadb8, 0xadb8, 0xadb8, 0xadb8, 0xadb8, 0xadb8, 0xadb8, 0xadb8, 0xadb8, 0xadb8, 0xadb8, 0xadb8,
  0xadb8, 0xadb8, 0xadb8, 0xadb8, 0xadb8, 0xadb8, 0x84b4, 0x39cb, 0xadb8, 0xadb8, 0xadb8, 0xadb8,
  0xadb8, 0xadb8, 0xadb8, 0xadb8, 0xadb8, 0xadb8, 0xadb8, 0xadb8, 0xadb8, 0xadb8, 0xadb8, 0xadb8,
  0xadb8, 0xadb8, 0xadb8, 0xadb8, 0xadb8, 0xadb8, 0xadb8, 0xadb8, 0xadb8, 0xadb8, 0xadb8, 0xadb8,
  0xadb8, 0xadb8, 0xadb8, 0xadb8, 0xadb8, 0xadb8, 0xadb8, 0xadb8, 0xadb8, 0xadb8, 0xadb8, 0xadb8,
  0xadb8, 0xadb8, 0xadb8, 0xadb8, 0x84b4, 0x2948, 0x3169, 0xadb8, 0xefff, 0xefff, 0xefff, 0xefff,
  0xefff, 0xefff, 0xefff, 0xefff, 0xefff, 0xefff, 0xefff, 0xefff, 0xefff, 0xefff, 0xefff, 0xefff,
  0xefff, 0xefff, 0xefff, 0xefff, 0xefff, 0xefff, 0xefff, 0xefff, 0xadb8, 0x530e, 0x39cb, 0xadb8,
  0xefff, 0xefff, 0xefff, 0xefff, 0xefff, 0xefff, 0xefff, 0xefff, 0xefff, 0xefff, 0xefff, 0xefff,
  0xefff, 0xefff, 0xefff, 0xefff, 0xefff, 0xefff, 0xefff, 0xefff, 0xefff, 0xefff, 0xefff, 0xefff,
  0xefff, 0xefff, 0xefff, 0xefff, 0xefff, 0xefff, 0xefff, 0xefff, 0xefff, 0xefff, 0xefff, 0xefff,
  0xefff, 0xefff, 0xefff, 0xefff, 0xefff, 0xefff, 0xadb8, 0x530e, 0x2948, 0x3169, 0xadb8, 0xefff,
  0xbe7a, 0xbe7a, 0xbe7a, 0xbe7a, 0xbe7a, 0xbe7a, 0xbe7a, 0xbe7a, 0xbe7a, 0xbe7a, 0xbe7a, 0xbe7a,
  0xbe7a, 0xbe7a, 0xbe7a, 0xbe7a, 0xbe7a, 0xbe7a, 0xbe7a, 0xbe7a, 0xbe7a, 0xbe7a, 0xadb8, 0x7c32,
  0x4acd, 0x39cb, 0xadb8, 0xefff, 0xbe7a, 0xbe7a, 0xbe7a, 0xbe7a, 0xbe7a, 0xbe7a, 0xbe7a, 0xbe7a,
  0xbe7a, 0xbe7a, 0xbe7a, 0xbe7a, 0xbe7a, 0xbe7a, 0xbe7a, 0xbe7a, 0xbe7a, 0xbe7a, 0xbe7a, 0xbe7a,
  0xbe7a, 0xbe7a, 0xbe7a, 0xbe7a, 0xbe7a, 0xbe7a, 0xbe7a, 0xbe7a, 0xbe7a, 0xbe7a, 0xbe7a, 0xbe7a,
  0xbe7a, 0xbe7a, 0xbe7a, 0xbe7a, 0xbe7a, 0xbe7a, 0xbe7a, 0xbe7a, 0xadb8, 0x7c32, 0x4acd, 0x2948,
  0x3169, 0xadb8, 0xefff, 0xbe7a, 0xbe7a, 0x4acd, 0x4acd, 0x4acd, 0x4acd, 0x4acd, 0xbe7a, 0xbe7a,
  0xbe7a, 0xbe7a, 0xbe7a, 0xbe7a, 0xbe7a, 0xbe7a, 0xbe7a, 0xbe7a, 0xbe7a, 0xbe7a, 0xbe7a, 0xbe7a,
  0xbe7a, 0xadb8, 0x7c32, 0x4acd, 0x39cb, 0xadb8, 0xefff, 0xbe7a, 0xbe7a, 0x4acd, 0x4acd, 0x4acd,
  0x4acd, 0x4acd, 0xbe7a, 0xbe7a, 0xbe7a, 0xbe7a, 0xbe7a, 0xbe7a, 0xbe7a, 0xbe7a, 0xbe7a, 0xbe7a,
  0xbe7a, 0xbe7a, 0xbe7a, 0xbe7a, 0xbe7a, 0xbe7a, 0xbe7a, 0xbe7a, 0xbe7a, 0xbe7a, 0xbe7a, 0xbe7a,
  0xbe7a, 0xbe7a, 0xbe7a, 0xbe7a, 0xbe7a, 0xbe7a, 0xbe7a, 0xbe7a, 0xbe7a, 0xbe7a, 0xbe7a, 0xadb8,
  0x7c32, 0x4acd, 0x2948, 0x3169, 0xadb8, 0xefff, 0xbe7a, 0xbe7a, 0x4acd, 0x12c0, 0x12c0, 0x12c0,
  0xd6fe, 0xbe7a, 0xbe7a, 0xadb8, 0x4acd, 0x29a9, 0x29a9, 0x29a9, 0x29a9, 0x29a9, 0x29a9, 0xbe7a,
  0xbe7a, 0xbe7a, 0xbe7a, 0xbe7a, 0xadb8, 0x7c32, 0x4acd, 0x39cb, 0xadb8, 0xefff, 0xbe7a, 0xbe7a,
  0x4acd, 0x12c0, 0x12c0, 0x12c0, 0xd6fe, 0xbe7a, 0xbe7a, 0x29a9, 0x29a9, 0x29a9, 0xbe7a, 0x29a9,
  0xbe7a, 0xbe7a, 0x29a9, 0xbe7a, 0x29a9, 0xbe7a, 0xbe7a, 0x29a9, 0xbe7a, 0x29a9, 0x29a9, 0x29a9,
  0xbe7a, 0x29a9, 0x29a9, 0x29a9, 0xbe7a, 0x29a9, 0xbe7a, 0xbe7a, 0xbe7a, 0x29a9, 0x29a9, 0x29a9,
  0xbe7a, 0xbe7a, 0xadb8, 0x7c32, 0x4acd, 0x2948, 0x3169, 0xadb8, 0xefff, 0xbe7a, 0xbe7a, 0x4acd,
  0x12c0, 0x12c0, 0x12c0, 0xd6fe, 0xbe7a, 0xbe7a, 0x84b4, 0xbe7a, 0xbe7a, 0xbe7a, 0xbe7a, 0xbe7a,
  0xbe7a, 0xbe7a, 0x29a9, 0xbe7a, 0xbe7a, 0xbe7a, 0xbe7a, 0xadb8, 0x7c32, 0x4acd, 0x39cb, 0xadb8,
  0xefff, 0xbe7a, 0xbe7a, 0x4acd, 0x12c0, 0x12c0, 0x12c0, 0xd6fe, 0xbe7a, 0xbe7a, 0x29a9, 0xbe7a,
  0xbe7a, 0xbe7a, 0x29a9, 0xbe7a, 0xbe7a, 0x29a9, 0xbe7a, 0x29a9, 0xbe7a, 0xbe7a, 0x29a9, 0xbe7a,
  0x29a9, 0xbe7a, 0xbe7a, 0xbe7a, 0x29a9, 0xbe7a, 0xbe7a, 0xbe7a, 0x29a9, 0xbe7a, 0xbe7a, 0xbe7a,
  0x29a9, 0xbe7a, 0xbe7a, 0xbe7a, 0xbe7a, 0xadb8, 0x7c32, 0x4acd, 0x2948, 0x3189, 0xadb8, 0xefff,
  0xbe7a, 0xbe7a, 0x4acd, 0xd6fe, 0xd6fe, 0xd6fe, 0xd6fe, 0xbe7a, 0xbe7a, 0x29a9, 0x29a9, 0x29a9,
  0xbe7a, 0xbe7a, 0xbe7a, 0xbe7a, 0xbe7a, 0x29a9, 0xbe7a, 0xbe7a, 0xbe7a, 0xbe7a, 0xadb8, 0x7c32,
  0x4acd, 0x39ab, 0xadb8, 0xefff, 0xbe7a, 0xbe7a, 0x4acd, 0xd6fe, 0xd6fe, 0xd6fe, 0xd6fe, 0xbe7a,
  0xbe7a, 0x29a9, 0x29a9, 0x29a9, 0xbe7a, 0x29a9, 0x29a9, 0x29a9, 0x29a9, 0xbe7a, 0x29a9, 0xbe7a,
  0xbe7a, 0x29a9, 0xbe7a, 0x29a9, 0x29a9, 0x29a9, 0xbe7a, 0x29a9, 0x29a9, 0x29a9, 0xbe7a, 0x29a9,
  0xbe7a, 0xbe7a, 0xbe7a, 0x29a9, 0x29a9, 0x29a9, 0xbe7a, 0xbe7a, 0xadb8, 0x7c32, 0x4acd, 0x2948,
  0x3169, 0xadb8, 0xefff, 0xbe7a, 0xbe7a, 0xbe7a, 0xbe7a, 0xbe7a, 0xbe7a, 0xbe7a, 0xbe7a, 0xbe7a,
  0x29a9, 0x29a9, 0xbe7a, 0xbe7a, 0xbe7a, 0xbe7a, 0xbe7a, 0xbe7a, 0x29a9, 0xbe7a, 0xbe7a, 0xbe7a,
  0xbe7a, 0xadb8, 0x7c32, 0x4acd, 0x39ab, 0xadb8, 0xefff, 0xbe7a, 0xbe7a, 0xbe7a, 0xbe7a, 0xbe7a,
  0xbe7a, 0xbe7a, 0xbe7a, 0xbe7a, 0xbe7a, 0xbe7a, 0x29a9, 0xbe7a, 0x29a9, 0xbe7a, 0xbe7a, 0x29a9,
  0xbe7a, 0x29a9, 0xbe7a, 0xbe7a, 0x29a9, 0xbe7a, 0x29a9, 0xbe7a, 0xbe7a, 0xbe7a, 0x29a9, 0xbe7a,
  0xbe7a, 0xbe7a, 0x29a9, 0xbe7a, 0xbe7a, 0xbe7a, 0x29a9, 0xbe7a, 0xbe7a, 0xbe7a, 0xbe7a, 0xadb8,
  0x7c32, 0x4acd, 0x2948, 0x3189, 0xadb8, 0xefff, 0xbe7a, 0xbe7a, 0xbe7a, 0xbe7a, 0xbe7a, 0xbe7a,
  0xbe7a, 0xbe7a, 0xbe7a, 0x29a9, 0xbe7a, 0x29a9, 0x29a9, 0x29a9, 0x29a9, 0x29a9, 0x29a9, 0xbe7a,
  0xbe7a, 0xbe7a, 0xbe7a, 0xbe7a, 0xadb8, 0x7c32, 0x4acd, 0x39cb, 0xadb8, 0xefff, 0xbe7a, 0xbe7a,
  0xbe7a, 0xbe7a, 0xbe7a, 0xbe7a, 0xbe7a, 0xbe7a, 0xbe7a, 0x29a9, 0x29a9, 0x29a9, 0xbe7a, 0x29a9,
  0xbe7a, 0xbe7a, 0x29a9, 0xbe7a, 0xbe7a, 0x29a9, 0x29a9, 0xbe7a, 0xbe7a, 0x29a9, 0xbe7a, 0xbe7a,
  0xbe7a, 0x29a9, 0xbe7a, 0xbe7a, 0xbe7a, 0x29a9, 0x29a9, 0x29a9, 0xbe7a, 0x29a9, 0x29a9, 0x29a9,
  0xbe7a, 0xbe7a, 0xadb8, 0x7c32, 0x4acd, 0x2948, 0x3169, 0xadb8, 0xefff, 0xbe7a, 0xbe7a, 0xbe7a,
  0xbe7a, 0xbe7a, 0xbe7a, 0xbe7a, 0xbe7a, 0xbe7a, 0xbe7a, 0xbe7a, 0xbe7a, 0xbe7a, 0xbe7a, 0xbe7a,
  0xbe7a, 0xbe7a, 0xbe7a, 0xbe7a, 0xbe7a, 0xbe7a, 0xbe7a, 0xadb8, 0x7c32, 0x4acd, 0x39ab, 0xadb8,
  0xefff, 0xbe7a, 0xbe7a, 0xbe7a, 0xbe7a, 0xbe7a, 0xbe7a, 0xbe7a, 0xbe7a, 0xbe7a, 0xbe7a, 0xbe7a,
  0xbe7a, 0xbe7a, 0xbe7a, 0xbe7a, 0xbe7a, 0xbe7a, 0xbe7a, 0xbe7a, 0xbe7a, 0xbe7a, 0xbe7a, 0xbe7a,
  0xbe7a, 0xbe7a, 0xbe7a, 0xbe7a, 0xbe7a, 0xbe7a, 0xbe7a, 0xbe7a, 0xbe7a, 0xbe7a, 0xbe7a, 0xbe7a,
  0xbe7a, 0xbe7a, 0xbe7a, 0xbe7a, 0xbe7a, 0xadb8, 0x7c32, 0x4acd, 0x2948, 0x3189, 0xadb8, 0xefff,
  0xadb8, 0xadb8, 0xadb8, 0xadb8, 0xadb8, 0xadb8, 0xadb8, 0xadb8, 0xadb8, 0xadb8, 0xadb8, 0xadb8,
  0xadb8, 0xadb8, 0xadb8, 0xadb8, 0xadb8, 0xadb8, 0xadb8, 0xadb8, 0xadb8, 0xadb8, 0xadb8, 0x7c32,
  0x4acd, 0x39cb, 0xadb8, 0xefff, 0xadb8, 0xadb8, 0xadb8, 0xadb8, 0xadb8, 0xadb8, 0xadb8, 0xadb8,
  0xadb8, 0xadb8, 0xadb8, 0xadb8, 0xadb8, 0xadb8, 0xadb8, 0xadb8, 0xadb8, 0xadb8, 0xadb8, 0xadb8,
  0xadb8, 0xadb8, 0xadb8, 0xadb8, 0xadb8, 0xadb8, 0xadb8, 0xadb8, 0xadb8, 0xadb8, 0xadb8, 0xadb8,
  0xadb8, 0xadb8, 0xadb8, 0xadb8, 0xadb8, 0xadb8, 0xadb8, 0xadb8, 0xadb8, 0x7c32, 0x4acd, 0x2948,
  0x3189, 0xadb8, 0xadb8, 0x84b4, 0x7c32, 0x7c32, 0x7c32, 0x7c32, 0x7c32, 0x7c32, 0x7c32, 0x7c32,
  0x7c32, 0x7c32, 0x7c32, 0x7c32, 0x7c32, 0x7c32, 0x7c32, 0x7c32, 0x7c32, 0x7c32, 0x7c32, 0x7c32,
  0x7c32, 0x7c32, 0x7c32, 0x4acd, 0x39cb, 0xadb8, 0xadb8, 0x84b4, 0x7c32, 0x7c32, 0x7c32, 0x7c32,
  0x7c32, 0x7c32, 0x7c32, 0x7c32, 0x7c32, 0x7c32, 0x7c32, 0x7c32, 0x7c32, 0x7c32, 0x7c32, 0x7c32,
  0x7c32, 0x7c32, 0x7c32, 0x7c32, 0x7c32, 0x7c32, 0x7c32, 0x7c32, 0x7c32, 0x7c32, 0x7c32, 0x7c32,
  0x7c32, 0x7c32, 0x7c32, 0x7c32, 0x7c32, 0x7c32, 0x7c32, 0x7c32, 0x7c32, 0x7c32, 0x7c32, 0x7c32,
  0x7c32, 0x4acd, 0x2948, 0x3189, 0x84b4, 0x530e, 0x4acd, 0x4acd, 0x4acd, 0x4acd, 0x4acd, 0x4acd,
  0x4acd, 0x4acd, 0x4acd, 0x4acd, 0x4acd, 0x4acd, 0x4acd, 0x4acd, 0x4acd, 0x4acd, 0x4acd, 0x4acd,
  0x4acd, 0x4acd, 0x4acd, 0x4acd, 0x4acd, 0x4acd, 0x4acd, 0x39cb, 0x84b4, 0x530e, 0x4acd, 0x4acd,
  0x4acd, 0x4acd, 0x4acd, 0x4acd, 0x4acd, 0x4acd, 0x4acd, 0x4acd, 0x4acd, 0x4acd, 0x4acd, 0x4acd,
  0x4acd, 0x4acd, 0x4acd, 0x4acd, 0x4acd, 0x4acd, 0x4acd, 0x4acd, 0x4acd, 0x4acd, 0x4acd, 0x4acd,
  0x4acd, 0x4acd, 0x4acd, 0x4acd, 0x4acd, 0x4acd, 0x4acd, 0x4acd, 0x4acd, 0x4acd, 0x4acd, 0x4acd,
  0x4acd, 0x4acd, 0x4acd, 0x4acd, 0x4acd, 0x2948, 0x3169, 0x2969, 0x2969, 0x2969, 0x2969, 0x2969,
  0x2969, 0x2969, 0x2968, 0x2968, 0x2968, 0x2968, 0x2968, 0x2968, 0x2948, 0x2948, 0x2948, 0x2948,
  0x2948, 0x2948, 0x2948, 0x2948, 0x2948, 0x2948, 0x2948, 0x2947, 0x2947, 0x2947, 0x39cb, 0x39cb,
  0x39ab, 0x39ab, 0x31aa, 0x31ca, 0x31ab, 0x31aa, 0x31aa, 0x31aa, 0x31aa, 0x31aa, 0x31aa, 0x31aa,
  0x31aa, 0x31aa, 0x31aa, 0x31aa, 0x31aa, 0x31aa, 0x31aa, 0x31aa, 0x31aa, 0x31aa, 0x31aa, 0x318a,
  0x318a, 0x318a, 0x318a, 0x318a, 0x318a, 0x318a, 0x318a, 0x3189, 0x3189, 0x3189, 0x3189, 0x3189,
  0x3189, 0x3189, 0x3189, 0x3169, 0x3169, 0x3169, 0x3189, 0x3189, 0x2948, 0x39cb, 0x39cb, 0x39cb,
  0x39cb, 0x39cb, 0x39cb, 0x39ab, 0x39ab, 0x39ab, 0x31cb, 0x31ab, 0x31aa, 0x31ab, 0x31aa, 0x31aa,
  0x31aa, 0x31aa, 0x31aa, 0x31aa, 0x31aa, 0x31aa, 0x31aa, 0x31aa, 0x31aa, 0x31aa, 0x31aa, 0x31aa,
  0x31aa, 0x31aa, 0x31aa, 0x318a, 0x318a, 0x31aa, 0x318a, 0x318a, 0x318a, 0x318a, 0x318a, 0x318a,
  0x318a, 0x3189, 0x3189, 0x3189, 0x3189, 0x3189, 0x3189, 0x3189, 0x3169, 0x3169, 0x3189, 0x3189,
  0x3169, 0x3169, 0x2969, 0x2969, 0x2969, 0x2969, 0x2969, 0x2969, 0x2968, 0x2968, 0x2968, 0x2968,
  0x2968, 0x2968, 0x2948, 0x2948, 0x2948, 0x2948, 0x2948, 0x2948, 0x2948, 0x2948, 0x2948, 0x2948,
  0x3189, 0xadb8, 0xadb8, 0xadb8, 0xadb8, 0xadb8, 0xadb8, 0xadb8, 0xadb8, 0xadb8, 0xadb8, 0xadb8,
  0xadb8, 0xadb8, 0xadb8, 0xadb8, 0xadb8, 0xadb8, 0xadb8, 0xadb8, 0xadb8, 0xadb8, 0xadb8, 0xadb8,
  0xadb8, 0xadb8, 0xadb8, 0x84b4, 0x39cb, 0xadb8, 0xadb8, 0xadb8, 0xadb8, 0xadb8, 0xadb8, 0xadb8,
  0xadb8, 0xadb8, 0xadb8, 0xadb8, 0xadb8, 0xadb8, 0xadb8, 0xadb8, 0xadb8, 0xadb8, 0xadb8, 0xadb8,
  0xadb8, 0xadb8, 0xadb8, 0xadb8, 0xadb8, 0xadb8, 0xadb8, 0xadb8, 0xadb8, 0xadb8, 0xadb8, 0xadb8,
  0xadb8, 0xadb8, 0xadb8, 0xadb8, 0xadb8, 0xadb8, 0xadb8, 0xadb8, 0xadb8, 0xadb8, 0xadb8, 0xadb8,
  0xadb8, 0x84b4, 0x2948, 0x3169, 0xadb8, 0xefff, 0xefff, 0xefff, 0xefff, 0xefff, 0xefff, 0xefff,
  0xefff, 0xefff, 0xefff, 0xefff, 0xefff, 0xefff, 0xefff, 0xefff, 0xefff, 0xefff, 0xefff, 0xefff,
  0xefff, 0xefff, 0xefff, 0xefff, 0xefff, 0xadb8, 0x530e, 0x39cb, 0xadb8, 0xefff, 0xefff, 0xefff,
  0xefff, 0xefff, 0xefff, 0xefff, 0xefff, 0xefff, 0xefff, 0xefff, 0xefff, 0xefff, 0xefff, 0xefff,
  0xefff, 0xefff, 0xefff, 0xefff, 0xefff, 0xefff, 0xefff, 0xefff, 0xefff, 0xefff, 0xefff, 0xefff,
  0xefff, 0xefff, 0xefff, 0xefff, 0xefff, 0xefff, 0xefff, 0xefff, 0xefff, 0xefff, 0xefff, 0xefff,
  0xefff, 0xefff, 0xefff, 0xadb8, 0x530e, 0x2948, 0x3169, 0xadb8, 0xefff, 0xbe7a, 0xbe7a, 0xbe7a,
  0xbe7a, 0xbe7a, 0xbe7a, 0xbe7a, 0xbe7a, 0xbe7a, 0xbe7a, 0xbe7a, 0xbe7a, 0xbe7a, 0xbe7a, 0xbe7a,
  0xbe7a, 0xbe7a, 0xbe7a, 0xbe7a, 0xbe7a, 0xbe7a, 0xbe7a, 0xadb8, 0x7c32, 0x4acd, 0x39cb, 0xadb8,
  0xefff, 0xbe7a, 0xbe7a, 0xbe7a, 0xbe7a, 0xbe7a, 0xbe7a, 0xbe7a, 0xbe7a, 0xbe7a, 0xbe7a, 0xbe7a,
  0xbe7a, 0xbe7a, 0xbe7a, 0xbe7a, 0xbe7a, 0xbe7a, 0xbe7a, 0xbe7a, 0xbe7a, 0xbe7a, 0xbe7a, 0xbe7a,
  0xbe7a, 0xbe7a, 0xbe7a, 0xbe7a, 0xbe7a, 0xbe7a, 0xbe7a, 0xbe7a, 0xbe7a, 0xbe7a, 0xbe7a, 0xbe7a,
  0xbe7a, 0xbe7a, 0xbe7a, 0xbe7a, 0xbe7a, 0xadb8, 0x7c32, 0x4acd, 0x2948, 0x3169, 0xadb8, 0xefff,
  0xbe7a, 0xbe7a, 0x4acd, 0x4acd, 0x4acd, 0x4acd, 0x4acd, 0xbe7a, 0xbe7a, 0xbe7a, 0xbe7a, 0xbe7a,
  0xbe7a, 0xbe7a, 0xbe7a, 0xbe7a, 0xbe7a, 0xbe7a, 0xbe7a, 0xbe7a, 0xbe7a, 0xbe7a, 0xadb8, 0x7c32,
  0x4acd, 0x39cb, 0xadb8, 0xefff, 0xbe7a, 0xbe7a, 0x4acd, 0x4acd, 0x4acd, 0x4acd, 0x4acd, 0xbe7a,
  0xbe7a, 0xbe7a, 0xbe7a, 0xbe7a, 0xbe7a, 0xbe7a, 0xbe7a, 0xbe7a, 0xbe7a, 0xbe7a, 0xbe7a, 0xbe7a,
  0xbe7a, 0xbe7a, 0xbe7a, 0xbe7a, 0xbe7a, 0xbe7a, 0xbe7a, 0xbe7a, 0xbe7a, 0xbe7a, 0xbe7a, 0xbe7a,
  0xbe7a, 0xbe7a, 0xbe7a, 0xbe7a, 0xbe7a, 0xbe7a, 0xbe7a, 0xbe7a, 0xadb8, 0x7c32, 0x4acd, 0x2948,
  0x3169, 0xadb8, 0xefff, 0xbe7a, 0xbe7a, 0x4acd, 0x06a0, 0x06a0, 0x06a0, 0xd6fe, 0xbe7a, 0xbe7a,
  0xadb8, 0x4acd, 0x29a9, 0x29a9, 0x29a9, 0x29a9, 0x29a9, 0x29a9, 0xbe7a, 0xbe7a, 0xbe7a, 0xbe7a,
  0xbe7a, 0xadb8, 0x7c32, 0x4acd, 0x39cb, 0xadb8, 0xefff, 0xbe7a, 0xbe7a, 0x4acd, 0x06a0, 0x06a0,
  0x06a0, 0xd6fe, 0xbe7a, 0xbe7a, 0x29a9, 0x29a9, 0x29a9, 0xbe7a, 0x29a9, 0xbe7a, 0xbe7a, 0x29a9,
  0xbe7a, 0x29a9, 0xbe7a, 0xbe7a, 0x29a9, 0xbe7a, 0x29a9, 0x29a9, 0x29a9, 0xbe7a, 0x29a9, 0x29a9,
  0x29a9, 0xbe7a, 0x29a9, 0xbe7a, 0xbe7a, 0xbe7a, 0x29a9, 0x29a9, 0x29a9, 0xbe7a, 0xbe7a, 0xadb8,
  0x7c32, 0x4acd, 0x2948, 0x3169, 0xadb8, 0xefff, 0xbe7a, 0xbe7a, 0x4acd, 0x06a0, 0x06a0, 0x06a0,
  0xd6fe, 0xbe7a, 0xbe7a, 0x84b4, 0xbe7a, 0xbe7a, 0xbe7a, 0xbe7a, 0xbe7a, 0xbe7a, 0xbe7a, 0x29a9,
  0xbe7a, 0xbe7a, 0xbe7a, 0xbe7a, 0xadb8, 0x7c32, 0x4acd, 0x39cb, 0xadb8, 0xefff, 0xbe7a, 0xbe7a,
  0x4acd, 0x06a0, 0x06a0, 0x06a0, 0xd6fe, 0xbe7a, 0xbe7a, 0x29a9, 0xbe7a, 0xbe7a, 0xbe7a, 0x29a9,
  0xbe7a, 0xbe7a, 0x29a9, 0xbe7a, 0x29a9, 0xbe7a, 0xbe7a, 0x29a9, 0xbe7a, 0x29a9, 0xbe7a, 0xbe7a,
  0xbe7a, 0x29a9, 0xbe7a, 0xbe7a, 0xbe7a, 0x29a9, 0xbe7a, 0xbe7a, 0xbe7a, 0x29a9, 0xbe7a, 0xbe7a,
  0xbe7a, 0xbe7a, 0xadb8, 0x7c32, 0x4acd, 0x2948, 0x3189, 0xadb8, 0xefff, 0xbe7a, 0xbe7a, 0x4acd,
  0xd6fe, 0xd6fe, 0xd6fe, 0xd6fe, 0xbe7a, 0xbe7a, 0x29a9, 0x29a9, 0x29a9, 0xbe7a, 0xbe7a, 0xbe7a,
  0xbe7a, 0xbe7a, 0x29a9, 0xbe7a, 0xbe7a, 0xbe7a, 0xbe7a, 0xadb8, 0x7c32, 0x4acd, 0x39ab, 0xadb8,
  0xefff, 0xbe7a, 0xbe7a, 0x4acd, 0xd6fe, 0xd6fe, 0xd6fe, 0xd6fe, 0xbe7a, 0xbe7a, 0x29a9, 0x29a9,
  0x29a9, 0xbe7a, 0x29a9, 0x29a9, 0x29a9, 0x29a9, 0xbe7a, 0x29a9, 0xbe7a, 0xbe7a, 0x29a9, 0xbe7a,
  0x29a9, 0x29a9, 0x29a9, 0xbe7a, 0x29a9, 0x29a9, 0x29a9, 0xbe7a, 0x29a9, 0xbe7a, 0xbe7a, 0xbe7a,
  0x29a9, 0x29a9, 0x29a9, 0xbe7a, 0xbe7a, 0xadb8, 0x7c32, 0x4acd, 0x2948, 0x3169, 0xadb8, 0xefff,
  0xbe7a, 0xbe7a, 0xbe7a, 0xbe7a, 0xbe7a, 0xbe7a, 0xbe7a, 0xbe7a, 0xbe7a, 0x29a9, 0x29a9, 0xbe7a,
  0xbe7a, 0xbe7a, 0xbe7a, 0xbe7a, 0xbe7a, 0x29a9, 0xbe7a, 0xbe7a, 0xbe7a, 0xbe7a, 0xadb8, 0x7c32,
  0x4acd, 0x39ab, 0xadb8, 0xefff, 0xbe7a, 0xbe7a, 0xbe7a, 0xbe7a, 0xbe7a, 0xbe7a, 0xbe7a, 0xbe7a,
  0xbe7a, 0xbe7a, 0xbe7a, 0x29a9, 0xbe7a, 0x29a9, 0xbe7a, 0xbe7a, 0x29a9, 0xbe7a, 0x29a9, 0xbe7a,
  0xbe7a, 0x29a9, 0xbe7a, 0x29a9, 0xbe7a, 0xbe7a, 0xbe7a, 0x29a9, 0xbe7a, 0xbe7a, 0xbe7a, 0x29a9,
  0xbe7a, 0xbe7a, 0xbe7a, 0x29a9, 0xbe7a, 0xbe7a, 0xbe7a, 0xbe7a, 0xadb8, 0x7c32, 0x4acd, 0x2948,
  0x3189, 0xadb8, 0xefff, 0xbe7a, 0xbe7a, 0xbe7a, 0xbe7a, 0xbe7a, 0xbe7a, 0xbe7a, 0xbe7a, 0xbe7a,
  0x29a9, 0xbe7a, 0x29a9, 0x29a9, 0x29a9, 0x29a9, 0x29a9, 0x29a9, 0xbe7a, 0xbe7a, 0xbe7a, 0xbe7a,
  0xbe7a, 0xadb8, 0x7c32, 0x4acd, 0x39cb, 0xadb8, 0xefff, 0xbe7a, 0xbe7a, 0xbe7a, 0xbe7a, 0xbe7a,
  0xbe7a, 0xbe7a, 0xbe7a, 0xbe7a, 0x29a9, 0x29a9, 0x29a9, 0xbe7a, 0x29a9, 0xbe7a, 0xbe7a, 0x29a9,
  0xbe7a, 0xbe7a, 0x29a9, 0x29a9, 0xbe7a, 0xbe7a, 0x29a9, 0xbe7a, 0xbe7a, 0xbe7a, 0x29a9, 0xbe7a,
  0xbe7a, 0xbe7a, 0x29a9, 0x29a9, 0x29a9, 0xbe7a, 0x29a9, 0x29a9, 0x29a9, 0xbe7a, 0xbe7a, 0xadb8,
  0x7c32, 0x4acd, 0x2948, 0x3169, 0xadb8, 0xefff, 0xbe7a, 0xbe7a, 0xbe7a, 0xbe7a, 0xbe7a, 0xbe7a,
  0xbe7a, 0xbe7a, 0xbe7a, 0xbe7a, 0xbe7a, 0xbe7a, 0xbe7a, 0xbe7a, 0xbe7a, 0xbe7a, 0xbe7a, 0xbe7a,
  0xbe7a, 0xbe7a, 0xbe7a, 0xbe7a, 0xadb8, 0x7c32, 0x4acd, 0x39ab, 0xadb8, 0xefff, 0xbe7a, 0xbe7a,
  0xbe7a, 0xbe7a, 0xbe7a, 0xbe7a, 0xbe7a, 0xbe7a, 0xbe7a, 0xbe7a, 0xbe7a, 0xbe7a, 0xbe7a, 0xbe7a,
  0xbe7a, 0xbe7a, 0xbe7a, 0xbe7a, 0xbe7a, 0xbe7a, 0xbe7a, 0xbe7a, 0xbe7a, 0xbe7a, 0xbe7a, 0xbe7a,
  0xbe7a, 0xbe7a, 0xbe7a, 0xbe7a, 0xbe7a, 0xbe7a, 0xbe7a, 0xbe7a, 0xbe7a, 0xbe7a, 0xbe7a, 0xbe7a,
  0xbe7a, 0xbe7a, 0xadb8, 0x7c32, 0x4acd, 0x2948, 0x3189, 0xadb8, 0xefff, 0xadb8, 0xadb8, 0xadb8,
  0xadb8, 0xadb8, 0xadb8, 0xadb8, 0xadb8, 0xadb8, 0xadb8, 0xadb8, 0xadb8, 0xadb8, 0xadb8, 0xadb8,
  0xadb8, 0xadb8, 0xadb8, 0xadb8, 0xadb8, 0xadb8, 0xadb8, 0xadb8, 0x7c32, 0x4acd, 0x39cb, 0xadb8,
  0xefff, 0xadb8, 0xadb8, 0xadb8, 0xadb8, 0xadb8, 0xadb8, 0xadb8, 0xadb8, 0xadb8, 0xadb8, 0xadb8,
  0xadb8, 0xadb8, 0xadb8, 0xadb8, 0xadb8, 0xadb8, 0xadb8, 0xadb8, 0xadb8, 0xadb8, 0xadb8, 0xadb8,
  0xadb8, 0xadb8, 0xadb8, 0xadb8, 0xadb8, 0xadb8, 0xadb8, 0xadb8, 0xadb8, 0xadb8, 0xadb8, 0xadb8,
  0xadb8, 0xadb8, 0xadb8, 0xadb8, 0xadb8, 0xadb8, 0x7c32, 0x4acd, 0x2948, 0x3189, 0xadb8, 0xadb8,
  0x84b4, 0x7c32, 0x7c32, 0x7c32, 0x7c32, 0x7c32, 0x7c32, 0x7c32, 0x7c32, 0x7c32, 0x7c32, 0x7c32,
  0x7c32, 0x7c32, 0x7c32, 0x7c32, 0x7c32, 0x7c32, 0x7c32, 0x7c32, 0x7c32, 0x7c32, 0x7c32, 0x7c32,
  0x4acd, 0x39cb, 0xadb8, 0xadb8, 0x84b4, 0x7c32, 0x7c32, 0x7c32, 0x7c32, 0x7c32, 0x7c32, 0x7c32,
  0x7c32, 0x7c32, 0x7c32, 0x7c32, 0x7c32, 0x7c32, 0x7c32, 0x7c32, 0x7c32, 0x7c32, 0x7c32, 0x7c32,
  0x7c32, 0x7c32, 0x7c32, 0x7c32, 0x7c32, 0x7c32, 0x7c32, 0x7c32, 0x7c32, 0x7c32, 0x7c32, 0x7c32,
  0x7c32, 0x7c32, 0x7c32, 0x7c32, 0x7c32, 0x7c32, 0x7c32, 0x7c32, 0x7c32, 0x7c32, 0x4acd, 0x2948,
  0x3189, 0x84b4, 0x530e, 0x4acd, 0x4acd, 0x4acd, 0x4acd, 0x4acd, 0x4acd, 0x4acd, 0x4acd, 0x4acd,
  0x4acd, 0x4acd, 0x4acd, 0x4acd, 0x4acd, 0x4acd, 0x4acd, 0x4acd, 0x4acd, 0x4acd, 0x4acd, 0x4acd,
  0x4acd, 0x4acd, 0x4acd, 0x4acd, 0x39cb, 0x84b4, 0x530e, 0x4acd, 0x4acd, 0x4acd, 0x4acd, 0x4acd,
  0x4acd, 0x4acd, 0x4acd, 0x4acd, 0x4acd, 0x4acd, 0x4acd, 0x4acd, 0x4acd, 0x4acd, 0x4acd, 0x4acd,
  0x4acd, 0x4acd, 0x4acd, 0x4acd, 0x4acd, 0x4acd, 0x4acd, 0x4acd, 0x4acd, 0x4acd, 0x4acd, 0x4acd,
  0x4acd, 0x4acd, 0x4acd, 0x4acd, 0x4acd, 0x4acd, 0x4acd, 0x4acd, 0x4acd, 0x4acd, 0x4acd, 0x4acd,
  0x4acd, 0x4acd, 0x2948, 0x3169, 0x2969, 0x2969, 0x2969, 0x2969, 0x2969, 0x2969, 0x2969, 0x2968,
  0x2968, 0x2968, 0x2968, 0x2968, 0x2968, 0x2948, 0x2948, 0x2948, 0x2948, 0x2948, 0x2948, 0x2948,
  0x2948, 0x2948, 0x2948, 0x2948, 0x2947, 0x2947, 0x2947, 0x39cb, 0x39cb, 0x39ab, 0x39ab, 0x31aa,
  0x31ca, 0x31ab, 0x31aa, 0x31aa, 0x31aa, 0x31aa, 0x31aa, 0x31aa, 0x31aa, 0x31aa, 0x31aa, 0x31aa,
  0x31aa, 0x31aa, 0x31aa, 0x31aa, 0x31aa, 0x31aa, 0x31aa, 0x31aa, 0x318a, 0x318a, 0x318a, 0x318a,
  0x318a, 0x318a, 0x318a, 0x318a, 0x3189, 0x3189, 0x3189, 0x3189, 0x3189, 0x3189, 0x3189, 0x3189,
  0x3169, 0x3169, 0x3169, 0x3189, 0x3189, 0x2948,
};

// SKIN_VOLUME_KNOB: 14x11, 308 bytes RGB565 LE
const uint16_t SKIN_VOLUME_KNOB[154] = {
  0x2968, 0x0862, 0x0862, 0x0862, 0x0862, 0x0862, 0x0862, 0x0862, 0x0862, 0x0862, 0x0862, 0x0862,
  0x0862, 0x2968, 0x0862, 0xdf3d, 0xdf3d, 0xdf3d, 0xdf3d, 0xdf3d, 0xdf3d, 0xdf3d, 0xdf3d, 0xdf3d,
  0xdf3d, 0xdf3d, 0xdf3d, 0x0862, 0x0000, 0xdf3d, 0xadf8, 0xadf8, 0xadf8, 0xadf8, 0xadf8, 0xadf8,
  0xadf8, 0xadf8, 0xadf8, 0x7c32, 0x4acd, 0x0000, 0x0000, 0xdf3d, 0xadf8, 0xadf8, 0x0862, 0xadf8,
  0x0862, 0xadf8, 0x0862, 0xadf8, 0xadf8, 0x7c32, 0x4acd, 0x0000, 0x0000, 0xdf3d, 0xadf8, 0xadf8,
  0x0862, 0xadf8, 0x0862, 0xadf8, 0x0862, 0xadf8, 0xadf8, 0x7c32, 0x4acd, 0x0000, 0x0000, 0xdf3d,
  0xadf8, 0xadf8, 0x0862, 0xadf8, 0x0862, 0xadf8, 0x0862, 0xadf8, 0xadf8, 0x7c32, 0x4acd, 0x0000,
  0x0000, 0xdf3d, 0xadf8, 0xadf8, 0x0862, 0xadf8, 0x0862, 0xadf8, 0x0862, 0xadf8, 0xadf8, 0x7c32,
  0x4acd, 0x0000, 0x0000, 0xdf3d, 0xadf8, 0xadf8, 0xadf8, 0xadf8, 0xadf8, 0xadf8, 0xadf8, 0xadf8,
  0xadf8, 0x7c32, 0x4acd, 0x0862, 0x0000, 0xdf3d, 0x7c32, 0x7c32, 0x7c32, 0x7c32, 0x7c32, 0x7c32,
  0x7c32, 0x7c32, 0x7c32, 0x7c32, 0x4acd, 0x0862, 0x0862, 0x4acd, 0x4acd, 0x4acd, 0x4acd, 0x4acd,
  0x4acd, 0x4acd, 0x4acd, 0x4acd, 0x4acd, 0x4acd, 0x4acd, 0x0862, 0x2968, 0x0862, 0x0862, 0x0862,
  0x0862, 0x0862, 0x0862, 0x0862, 0x0862, 0x0862, 0x0862, 0x0862, 0x0862, 0x2968,
};

// SKIN_PLEDIT_BG: 275x58, 31900 bytes RGB565 LE
const uint16_t SKIN_PLEDIT_BG[15950] = {
  0x18e5, 0x18e5, 0x18e5, 0x18e5, 0x18e5, 0x18e5, 0x18e6, 0x18e6, 0x20e6, 0x2106, 0x2106, 0x2106,
  0x2106, 0x2106, 0x2107, 0x2127, 0x2127, 0x2127, 0x2127, 0x2127, 0x2927, 0x2947, 0x2948, 0x2948,
  0x2948, 0x2948, 0x2948, 0x2948, 0x2948, 0x2948, 0x2948, 0x2948, 0x2948, 0x2948, 0x2948, 0x2948,
  0x2948, 0x2948, 0x2948, 0x2948, 0x2948, 0x2948, 0x2948, 0x2948, 0x2948, 0x2948, 0x2948, 0x2948,
  0x2948, 0x2948, 0x2948, 0x2948, 0x2948, 0x2948, 0x2948, 0x2948, 0x2948, 0x2948, 0x2948, 0x2948,
  0x2948, 0x2948, 0x2948, 0x2948, 0x2948, 0x2948, 0x2948, 0x2948, 0x2948, 0x2948, 0x2948, 0x2948,
  0x2948, 0x2948, 0x2948, 0x2948, 0x2948, 0x2948, 0x2948, 0x2948, 0x2948, 0x2948, 0x2948, 0x2948,
  0x2948, 0x2948, 0x2948, 0x2948, 0x2948, 0x2948, 0x2948, 0x2948, 0x2948, 0x2948, 0x2948, 0x2948,
  0x2948, 0x2948, 0x2948, 0x2948, 0x2948, 0x2948, 0x2948, 0x2948, 0x2948, 0x2948, 0x2948, 0x2948,
  0x2948, 0x2948, 0x2948, 0x2948, 0x2948, 0x2948, 0x2948, 0x2948, 0x2948, 0x2948, 0x2948, 0x2948,
  0x2948, 0x2948, 0x2948, 0x2948, 0x2948, 0x2948, 0x2948, 0x2948, 0x2948, 0x2948, 0x2948, 0x2948,
  0x2948, 0x2948, 0x2948, 0x2948, 0x2948, 0x2948, 0x2948, 0x2948, 0x2948, 0x2948, 0x2948, 0x2948,
  0x2948, 0x2948, 0x2948, 0x2948, 0x2948, 0x2948, 0x2948, 0x2948, 0x2948, 0x2948, 0x2948, 0x2948,
  0x2948, 0x2948, 0x2948, 0x2948, 0x2948, 0x2948, 0x2948, 0x2948, 0x2948, 0x2948, 0x2948, 0x2948,
  0x2948, 0x2948, 0x2948, 0x2948, 0x2948, 0x2948, 0x2948, 0x2948, 0x2948, 0x2948, 0x2948, 0x2948,
  0x2948, 0x2948, 0x2948, 0x2948, 0x2948, 0x2948, 0x2948, 0x2948, 0x2948, 0x2948, 0x2948, 0x2948,
  0x2948, 0x2948, 0x2948, 0x2948, 0x2948, 0x2948, 0x2948, 0x2948, 0x2948, 0x2948, 0x2948, 0x2948,
  0x2948, 0x2948, 0x2948, 0x2948, 0x2948, 0x2948, 0x2948, 0x2948, 0x2948, 0x2948, 0x2948, 0x2948,
  0x2948, 0x2948, 0x2948, 0x2948, 0x2948, 0x2948, 0x2948, 0x2948, 0x2948, 0x2948, 0x2948, 0x2948,
  0x2948, 0x2948, 0x2948, 0x2948, 0x2948, 0x2948, 0x2948, 0x2948, 0x2948, 0x2948, 0x2948, 0x2948,
  0x2948, 0x2948, 0x2948, 0x2948, 0x2948, 0x2948, 0x2948, 0x2948, 0x2948, 0x2948, 0x2948, 0x2948,
  0x2948, 0x2948, 0x2948, 0x2947, 0x2127, 0x2127, 0x2127, 0x2127, 0x2127, 0x2107, 0x2106, 0x2106,
  0x2106, 0x2106, 0x20e6, 0x20e6, 0x18e6, 0x18e6, 0x18e5, 0x18e5, 0x18e5, 0x18e5, 0x18e5, 0x18e5,
  0x6b4f, 0x6b4f, 0x6b4f, 0x6b4f, 0x6b4f, 0x6b6f, 0x6b6f, 0x6b6f, 0x6b6f, 0x6b70, 0x6b70, 0x7370,
  0x7370, 0x7390, 0x7390, 0x7391, 0x7391, 0x7391, 0x73b1, 0x73b1, 0x73b1, 0x7bb1, 0x7bb1, 0x7bb2,
  0x7bb2, 0x7bb2, 0x7bb2, 0x7bb2, 0x7bb2, 0x7bb2, 0x7bb2, 0x7bb2, 0x7bb2, 0x7bb2, 0x7bb2, 0x7bb2,
  0x7bb2, 0x7bb2, 0x7bb2, 0x7bb2, 0x7bb2, 0x7bb2, 0x7bb2, 0x7bb2, 0x7bb2, 0x7bb2, 0x7bb2, 0x7bb2,
  0x7bb2, 0x7bb2, 0x7bb2, 0x7bb2, 0x7bb2, 0x7bb2, 0x7bb2, 0x7bb2, 0x7bb2, 0x7bb2, 0x7bb2, 0x7bb2,
  0x7bb2, 0x7bb2, 0x7bb2, 0x7bb2, 0x7bb2, 0x7bb2, 0x7bb2, 0x7bb2, 0x7bb2, 0x7bb2, 0x7bb2, 0x7bb2,
  0x7bb2, 0x7bb2, 0x7bb2, 0x7bb2, 0x7bb2, 0x7bb2, 0x7bb2, 0x7bb2, 0x7bb2, 0x7bb2, 0x7bb2, 0x7bb2,
  0x7bb2, 0x7bb2, 0x7bb2, 0x7bb2, 0x7bb2, 0x7bb2, 0x7bb2, 0x7bb2, 0x7bb2, 0x7bb2, 0x7bb2, 0x7bb2,
  0x7bb2, 0x7bb2, 0x7bb2, 0x7bb2, 0x7bb2, 0x7bb2, 0x7bb2, 0x7bb2, 0x7bb2, 0x7bb2, 0x7bb2, 0x7bb2,
  0x7bb2, 0x7bb2, 0x7bb2, 0x7bb2, 0x7bb2, 0x7bb2, 0x7bb2, 0x7bb2, 0x7bb2, 0x7bb2, 0x7bb2, 0x7bb2,
  0x7bb2, 0x7bb2, 0x7bb2, 0x7bb2, 0x7bb2, 0x7bb2, 0x7bb2, 0x7bb2, 0x7bb2, 0x7bb2, 0x7bb2, 0x7bb2,
  0x7bb2, 0x7bb2, 0x7bb2, 0x7bb2, 0x7bb2, 0x7bb2, 0x7bb2, 0x7bb2, 0x7bb2, 0x7bb2, 0x7bb2, 0x7bb2,
  0x7bb2, 0x7bb2, 0x7bb2, 0x7bb2, 0x7bb2, 0x7bb2, 0x7bb2, 0x7bb2, 0x7bb2, 0x7bb2, 0x7bb2, 0x7bb2,
  0x7bb2, 0x7bb2, 0x7bb2, 0x7bb2, 0x7bb2, 0x7bb2, 0x7bb2, 0x7bb2, 0x7bb2, 0x7bb2, 0x7bb2, 0x7bb2,
  0x7bb2, 0x7bb2, 0x7bb2, 0x7bb2, 0x7bb2, 0x7bb2, 0x7bb2, 0x7bb2, 0x7bb2, 0x7bb2, 0x7bb2, 0x7bb2,
  0x7bb2, 0x7bb2, 0x7bb2, 0x7bb2, 0x7bb2, 0x7bb2, 0x7bb2, 0x7bb2, 0x7bb2, 0x7bb2, 0x7bb2, 0x7bb2,
  0x7bb2, 0x7bb2, 0x7bb2, 0x7bb2, 0x7bb2, 0x7bb2, 0x7bb2, 0x7bb2, 0x7bb2, 0x7bb2, 0x7bb2, 0x7bb2,
  0x7bb2, 0x7bb2, 0x7bb2, 0x7bb2, 0x7bb2, 0x7bb2, 0x7bb2, 0x7bb2, 0x7bb2, 0x7bb2, 0x7bb2, 0x7bb2,
  0x7bb2, 0x7bb2, 0x7bb2, 0x7bb2, 0x7bb2, 0x7bb2, 0x7bb2, 0x7bb2, 0x7bb2, 0x7bb2, 0x7bb2, 0x7bb2,
  0x7bb2, 0x7bb2, 0x7bb2, 0x7bb2, 0x7bb2, 0x7bb2, 0x7bb2, 0x7bb2, 0x7bb2, 0x7bb2, 0x7bb2, 0x7bb2,
  0x7bb2, 0x7bb2, 0x7bb2, 0x7bb2, 0x7bb2, 0x7bb2, 0x7bb2, 0x7bb2, 0x7bb2, 0x7bb2, 0x7bb2, 0x7bb1,
  0x73b1, 0x73b1, 0x73b1, 0x73b1, 0x7391, 0x7391, 0x7391, 0x7390, 0x7390, 0x7370, 0x7370, 0x6b70,
  0x6b70, 0x6b70, 0x6b6f, 0x6b6f, 0x6b6f, 0x6b4f, 0x6b4f, 0x6b4f, 0x6b4f, 0x18e5, 0x18e5, 0x6b4f,
  0x2948, 0x2948, 0x2948, 0x2968, 0x2948, 0x2968, 0x2968, 0x2969, 0x2969, 0x3189, 0x3189, 0x3189,
  0x318a, 0x31aa, 0x31aa, 0x31aa, 0x39aa, 0x39cb, 0x39cb, 0x39cb, 0x39cb, 0x39cb, 0x39eb, 0x39ec,
  0x39ec, 0x39ec, 0x39ec, 0x39ec, 0x39ec, 0x39ec, 0x39ec, 0x39ec, 0x39ec, 0x39ec, 0x39ec, 0x39ec,
  0x39ec, 0x39ec, 0x39ec, 0x39ec, 0x39ec, 0x39ec, 0x39ec, 0x39ec, 0x39ec, 0x39ec, 0x39ec, 0x39ec,
  0x39ec, 0x39ec, 0x39ec, 0x39ec, 0x39ec, 0x39ec, 0x39ec, 0x39ec, 0x39ec, 0x39ec, 0x39ec, 0x39ec,
  0x39ec, 0x39ec, 0x39ec, 0x39ec, 0x39ec, 0x39ec, 0x39ec, 0x39ec, 0x39ec, 0x39ec, 0x39ec, 0x39ec,
  0x39ec, 0x39ec, 0x39ec, 0x39ec, 0x39ec, 0x39ec, 0x39ec, 0x39ec, 0x39ec, 0x39ec, 0x39ec, 0x39ec,
  0x39ec, 0x39ec, 0x39ec, 0x39ec, 0x39ec, 0x39ec, 0x39ec, 0x39ec, 0x39ec, 0x39ec, 0x39ec, 0x39ec,
  0x39ec, 0x39ec, 0x39ec, 0x39ec, 0x39ec, 0x39ec, 0x39ec, 0x39ec, 0x39ec, 0x39ec, 0x39ec, 0x39ec,
  0x39ec, 0x39ec, 0x39ec, 0x39ec, 0x39ec, 0x39ec, 0x39ec, 0x39ec, 0x39ec, 0x39ec, 0x39ec, 0x39ec,
  0x39ec, 0x39ec, 0x39ec, 0x39ec, 0x39ec, 0x39ec, 0x39ec, 0x39ec, 0x39ec, 0x39ec, 0x39ec, 0x39ec,
  0x39ec, 0x39ec, 0x39ec, 0x39ec, 0x39ec, 0x39ec, 0x39ec, 0x39ec, 0x39ec, 0x39ec, 0x39ec, 0x39ec,
  0x39ec, 0x39ec, 0x39ec, 0x39ec, 0x39ec, 0x39ec, 0x39ec, 0x39ec, 0x39ec, 0x39ec, 0x39ec, 0x39ec,
  0x39ec, 0x39ec, 0x39ec, 0x39ec, 0x39ec, 0x39ec, 0x39ec, 0x39ec, 0x39ec, 0x39ec, 0x39ec, 0x39ec,
  0x39ec, 0x39ec, 0x39ec, 0x39ec, 0x39ec, 0x39ec, 0x39ec, 0x39ec, 0x39ec, 0x39ec, 0x39ec, 0x39ec,
  0x39ec, 0x39ec, 0x39ec, 0x39ec, 0x39ec, 0x39ec, 0x39ec, 0x39ec, 0x39ec, 0x39ec, 0x39ec, 0x39ec,
  0x39ec, 0x39ec, 0x39ec, 0x39ec, 0x39ec, 0x39ec, 0x39ec, 0x39ec, 0x39ec, 0x39ec, 0x39ec, 0x39ec,
  0x39ec, 0x39ec, 0x39ec, 0x39ec, 0x39ec, 0x39ec, 0x39ec, 0x39ec, 0x39ec, 0x39ec, 0x39ec, 0x39ec,
  0x39ec, 0x39ec, 0x39ec, 0x39ec, 0x39ec, 0x39ec, 0x39ec, 0x39ec, 0x39ec, 0x39ec, 0x39ec, 0x39ec,
  0x39ec, 0x39ec, 0x39ec, 0x39ec, 0x39ec, 0x39ec, 0x39ec, 0x39ec, 0x39ec, 0x39ec, 0x39ec, 0x39ec,
  0x39ec, 0x39ec, 0x39ec, 0x39ec, 0x39ec, 0x39ec, 0x39ec, 0x39ec, 0x39ec, 0x39eb, 0x39cb, 0x39cb,
  0x39cb, 0x39cb, 0x39cb, 0x39aa, 0x31aa, 0x31aa, 0x31aa, 0x318a, 0x3189, 0x3189, 0x3189, 0x2969,
  0x2969, 0x2968, 0x2968, 0x2948, 0x2948, 0x2948, 0x2948, 0x2948, 0x18e5, 0x18e5, 0x6b4f, 0x2948,
  0x2948, 0x2948, 0x2948, 0x2968, 0x2968, 0x2968, 0x2969, 0x2969, 0x3189, 0x3189, 0x3189, 0x318a,
  0x31aa, 0x31aa, 0x31aa, 0x39aa, 0x39cb, 0x39cb, 0x39cb, 0x39cb, 0x39cb, 0x39eb, 0x39ec, 0x39ec,
  0x39ec, 0x39ec, 0x39ec, 0x39ec, 0x39ec, 0x39ec, 0x39ec, 0x39ec, 0x39ec, 0x39ec, 0x39ec, 0x39ec,
  0x39ec, 0x39ec, 0x39ec, 0x39ec, 0x39ec, 0x39ec, 0x39ec, 0x39ec, 0x39ec, 0x39ec, 0x39ec, 0x39ec,
  0x39ec, 0x39ec, 0x39ec, 0x39ec, 0x39ec, 0x39ec, 0x39ec, 0x39ec, 0x39ec, 0x39ec, 0x39ec, 0x39ec,
  0x39ec, 0x39ec, 0x39ec, 0x39ec, 0x39ec, 0x39ec, 0x39ec, 0x39ec, 0x39ec, 0x39ec, 0x39ec, 0x39ec,
  0x39ec, 0x39ec, 0x39ec, 0x39ec, 0x39ec, 0x39ec, 0x39ec, 0x39ec, 0x39ec, 0x39ec, 0x39ec, 0x39ec,
  0x39ec, 0x39ec, 0x39ec, 0x39ec, 0x39ec, 0x39ec, 0x39ec, 0x39ec, 0x39ec, 0x39ec, 0x39ec, 0x39ec,
  0x39ec, 0x39ec, 0x39ec, 0x39ec, 0x39ec, 0x39ec, 0x39ec, 0x39ec, 0x39ec, 0x39ec, 0x39ec, 0x39ec,
  0x39ec, 0x39ec, 0x39ec, 0x39ec, 0x39ec, 0x39ec, 0x39ec, 0x39ec, 0x39ec, 0x39ec, 0x39ec, 0x39ec,
  0x39ec, 0x39ec, 0x39ec, 0x39ec, 0x39ec, 0x39ec, 0x39ec, 0x39ec, 0x39ec, 0x39ec, 0x39ec, 0x39ec,
  0x39ec, 0x39ec, 0x39ec, 0x39ec, 0x39ec, 0x39ec, 0x39ec, 0x39ec, 0x39ec, 0x39ec, 0x39ec, 0x39ec,
  0x39ec, 0x39ec, 0x39ec, 0x39ec, 0x39ec, 0x39ec, 0x39ec, 0x39ec, 0x39ec, 0x39ec, 0x39ec, 0x39ec,
  0x39ec, 0x39ec, 0x39ec, 0x39ec, 0x39ec, 0x39ec, 0x39ec, 0x39ec, 0x39ec, 0x39ec, 0x39ec, 0x39ec,
  0x39ec, 0x39ec, 0x39ec, 0x39ec, 0x39ec, 0x39ec, 0x39ec, 0x39ec, 0x39ec, 0x39ec, 0x39ec, 0x39ec,
  0x39ec, 0x39ec, 0x39ec, 0x39ec, 0x39ec, 0x39ec, 0x39ec, 0x39ec, 0x39ec, 0x39ec, 0x39ec, 0x39ec,
  0x39ec, 0x39ec, 0x39ec, 0x39ec, 0x39ec, 0x39ec, 0x39ec, 0x39ec, 0x39ec, 0x39ec, 0x39ec, 0x39ec,
  0x39ec, 0x39ec, 0x39ec, 0x39ec, 0x39ec, 0x39ec, 0x39ec, 0x39ec, 0x39ec, 0x39ec, 0x39ec, 0x39ec,
  0x39ec, 0x39ec, 0x39ec, 0x39ec, 0x39ec, 0x39ec, 0x39ec, 0x39ec, 0x39ec, 0x39ec, 0x39ec, 0x39ec,
  0x39ec, 0x39ec, 0x39ec, 0x39ec, 0x39ec, 0x39ec, 0x39ec, 0x39ec, 0x39ec, 0x39ec, 0x39ec, 0x39ec,
  0x39ec, 0x39ec, 0x39ec, 0x39ec, 0x39ec, 0x39ec, 0x39ec, 0x39ec, 0x39eb, 0x39cb, 0x39cb, 0x39cb,
  0x39cb, 0x39ca, 0x39aa, 0x31aa, 0x31aa, 0x31aa, 0x318a, 0x3189, 0x3189, 0x3189, 0x3189, 0x2969,
  0x2968, 0x2968, 0x2948, 0x2948, 0x2948, 0x2948, 0x2948, 0x18e5, 0x18e5, 0x6b4f, 0x2948, 0x2948,
  0x2948, 0x2948, 0x2968, 0x18e4, 0x18e4, 0x18e4, 0x18e4, 0x18e4, 0x18e4, 0x18e4, 0x18e4, 0x18e4,
  0x18e4, 0x18e4, 0x18e4, 0x18e4, 0x18e4, 0x18e4, 0x18e4, 0x18e4, 0x18e4, 0x18e4, 0x18e4, 0x18e4,
  0x18e4, 0x18e4, 0x18e4, 0x18e4, 0x18e4, 0x18e4, 0x18e4, 0x18e4, 0x18e4, 0x18e4, 0x18e4, 0x18e4,
  0x18e4, 0x18e4, 0x18e4, 0x18e4, 0x18e4, 0x18e4, 0x18e4, 0x18e4, 0x18e4, 0x18e4, 0x18e4, 0x18e4,
  0x18e4, 0x18e4, 0x18e4, 0x18e4, 0x18e4, 0x18e4, 0x18e4, 0x18e4, 0x18e4, 0x18e4, 0x18e4, 0x18e4,
  0x18e4, 0x18e4, 0x18e4, 0x18e4, 0x18e4, 0x18e4, 0x18e4, 0x18e4, 0x18e4, 0x18e4, 0x18e4, 0x18e4,
  0x18e4, 0x18e4, 0x18e4, 0x18e4, 0x18e4, 0x18e4, 0x18e4, 0x18e4, 0x18e4, 0x18e4, 0x18e4, 0x18e4,
  0x18e4, 0x18e4, 0x18e4, 0x18e4, 0x18e4, 0x18e4, 0x18e4, 0x18e4, 0x18e4, 0x18e4, 0x18e4, 0x18e4,
  0x18e4, 0x18e4, 0x18e4, 0x18e4, 0x18e4, 0x18e4, 0x18e4, 0x18e4, 0x18e4, 0x18e4, 0x18e4, 0x18e4,
  0x18e4, 0x18e4, 0x18e4, 0x18e4, 0x18e4, 0x18e4, 0x18e4, 0x18e4, 0x18e4, 0x18e4, 0x18e4, 0x18e4,
  0x18e4, 0x18e4, 0x18e4, 0x18e4, 0x18e4, 0x18e4, 0x18e4, 0x18e4, 0x18e4, 0x18e4, 0x18e4, 0x18e4,
  0x18e4, 0x18e4, 0x18e4, 0x18e4, 0x18e4, 0x18e4, 0x18e4, 0x18e4, 0x18e4, 0x18e4, 0x18e4, 0x18e4,
  0x18e4, 0x18e4, 0x18e4, 0x18e4, 0x18e4, 0x18e4, 0x18e4, 0x18e4, 0x18e4, 0x18e4, 0x18e4, 0x18e4,
  0x18e4, 0x18e4, 0x18e4, 0x18e4, 0x18e4, 0x18e4, 0x18e4, 0x18e4, 0x18e4, 0x18e4, 0x18e4, 0x18e4,
  0x18e4, 0x18e4, 0x18e4, 0x18e4, 0x18e4, 0x18e4, 0x18e4, 0x18e4, 0x18e4, 0x18e4, 0x18e4, 0x18e4,
  0x18e4, 0x18e4, 0x18e4, 0x18e4, 0x18e4, 0x18e4, 0x18e4, 0x18e4, 0x18e4, 0x18e4, 0x18e4, 0x18e4,
  0x18e4, 0x18e4, 0x18e4, 0x18e4, 0x18e4, 0x18e4, 0x18e4, 0x18e4, 0x18e4, 0x18e4, 0x18e4, 0x18e4,
  0x18e4, 0x18e4, 0x18e4, 0x18e4, 0x18e4, 0x18e4, 0x18e4, 0x18e4, 0x18e4, 0x18e4, 0x18e4, 0x18e4,
  0x18e4, 0x18e4, 0x18e4, 0x18e4, 0x18e4, 0x18e4, 0x18e4, 0x18e4, 0x18e4, 0x18e4, 0x18e4, 0x18e4,
  0x18e4, 0x18e4, 0x18e4, 0x18e4, 0x18e4, 0x18e4, 0x18e4, 0x18e4, 0x18e4, 0x18e4, 0x18e4, 0x18e4,
  0x18e4, 0x18e4, 0x18e4, 0x18e4, 0x18e4, 0x18e4, 0x18e4, 0x18e4, 0x39cb, 0x39cb, 0x39cb, 0x39cb,
  0xad76, 0xad76, 0xad76, 0xad76, 0xad76, 0x318a, 0x3189, 0x3189, 0x3189, 0x62e8, 0x5aa7, 0x3162,
  0x3162, 0x3162, 0x5aa7, 0x62e8, 0x2948, 0x2948, 0x18e5, 0x18e5, 0x6b4f, 0x2948, 0x2948, 0x2948,
  0x2948, 0x18e4, 0xac8c, 0xee6f, 0xee6f, 0xee6f, 0xee6f, 0xee6f, 0xee6f, 0xee6f, 0xee6f, 0xee6f,
  0xee6f, 0xee6f, 0xee6f, 0xee6f, 0xee6f, 0xee6f, 0xee6f, 0xee6f, 0xee6f, 0xee6f, 0xee6f, 0xee6f,
  0xee6f, 0xee6f, 0xee6f, 0xee6f, 0xee6f, 0xee6f, 0xee6f, 0xee6f, 0xee6f, 0xee6f, 0xee6f, 0xee6f,
  0xee6f, 0xee6f, 0xee6f, 0xee6f, 0xee6f, 0xee6f, 0xee6f, 0xee6f, 0xee6f, 0xee6f, 0xee6f, 0xee6f,
  0xee6f, 0xee6f, 0xee6f, 0xee6f, 0xee6f, 0xee6f, 0xee6f, 0xee6f, 0xee6f, 0xee6f, 0xee6f, 0xee6f,
  0xee6f, 0xee6f, 0xee6f, 0xee6f, 0xee6f, 0xee6f, 0xee6f, 0xee6f, 0xee6f, 0xee6f, 0xee6f, 0xee6f,
  0xee6f, 0xee6f, 0xee6f, 0xee6f, 0xee6f, 0xee6f, 0xee6f, 0xee6f, 0xee6f, 0xee6f, 0xee6f, 0xee6f,
  0xee6f, 0xee6f, 0xee6f, 0xee6f, 0xee6f, 0xee6f, 0xee6f, 0xee6f, 0xee6f, 0xee6f, 0xee6f, 0xee6f,
  0xee6f, 0xee6f, 0xee6f, 0xee6f, 0xee6f, 0xee6f, 0xee6f, 0xee6f, 0xee6f, 0xee6f, 0xee6f, 0xee6f,
  0xee6f, 0xee6f, 0xee6f, 0xee6f, 0xee6f, 0xee6f, 0xee6f, 0xee6f, 0xee6f, 0xee6f, 0xee6f, 0xee6f,
  0xee6f, 0xee6f, 0xee6f, 0xee6f, 0xee6f, 0xee6f, 0xee6f, 0xee6f, 0xee6f, 0xee6f, 0xee6f, 0xee6f,
  0xee6f, 0xee6f, 0xee6f, 0xee6f, 0xee6f, 0xee6f, 0xee6f, 0xee6f, 0xee6f, 0xee6f, 0xee6f, 0xee6f,
  0xee6f, 0xee6f, 0xee6f, 0xee6f, 0xee6f, 0xee6f, 0xee6f, 0xee6f, 0xee6f, 0xee6f, 0xee6f, 0xee6f,
  0xee6f, 0xee6f, 0xee6f, 0xee6f, 0xee6f, 0xee6f, 0xee6f, 0xee6f, 0xee6f, 0xee6f, 0xee6f, 0xee6f,
  0xee6f, 0xee6f, 0xee6f, 0xee6f, 0xee6f, 0xee6f, 0xee6f, 0xee6f, 0xee6f, 0xee6f, 0xee6f, 0xee6f,
  0xee6f, 0xee6f, 0xee6f, 0xee6f, 0xee6f, 0xee6f, 0xee6f, 0xee6f, 0xee6f, 0xee6f, 0xee6f, 0xee6f,
  0xee6f, 0xee6f, 0xee6f, 0xee6f, 0xee6f, 0xee6f, 0xee6f, 0xee6f, 0xee6f, 0xee6f, 0xee6f, 0xee6f,
  0xee6f, 0xee6f, 0xee6f, 0xee6f, 0xee6f, 0xee6f, 0xee6f, 0xee6f, 0xee6f, 0xee6f, 0xee6f, 0xee6f,
  0xee6f, 0xee6f, 0xee6f, 0xee6f, 0xee6f, 0xee6f, 0xee6f, 0xee6f, 0xee6f, 0xee6f, 0xee6f, 0xee6f,
  0xee6f, 0xee6f, 0xee6f, 0xee6f, 0xee6f, 0xee6f, 0xee6f, 0xee6f, 0xee6f, 0xee6f, 0xee6f, 0xee6f,
  0xee6f, 0xee6f, 0xee6f, 0xee6f, 0xee6f, 0xee6f, 0xac8c, 0x18e4, 0x39cb, 0x39cb, 0xad76, 0xcf1a,
  0xcf1a, 0xcf1a, 0xcf1a, 0xcf1a, 0xad76, 0x3189, 0x3189, 0x3189, 0x5aa7, 0xb4cb, 0x62e8, 0x5aa7,
  0x62e8, 0xb4cb, 0x5aa7, 0x2948, 0x2948, 0x18e5, 0x18e5, 0x6b4f, 0x2948, 0x2948, 0x2948, 0x2948,
  0x18e4, 0xffff, 0xffff, 0xffff, 0xffff, 0xffff, 0xffff, 0xffff, 0xffff, 0xffff, 0xffff, 0xffff,
  0xffff, 0xffff, 0xffff, 0xffff, 0xffff, 0xffff, 0xffff, 0xffff, 0xffff, 0xffff, 0xffff, 0xffff,
  0xffff, 0xffff, 0xffff, 0xffff, 0xffff, 0xffff, 0xffff, 0xffff, 0xffff, 0xffff, 0xffff, 0xffff,
  0xffff, 0xffff, 0xffff, 0xffff, 0xffff, 0xffff, 0xffff, 0xffff, 0xffff, 0xffff, 0xffff, 0xffff,
  0xffff, 0xffff, 0xffff, 0xffff, 0xffff, 0xffff, 0xffff, 0xffff, 0xffff, 0xffff, 0xffff, 0xffff,
  0xffff, 0xffff, 0xffff, 0xffff, 0xffff, 0xffff, 0xffff, 0xffff, 0xffff, 0xffff, 0xffff, 0xffff,
  0xffff, 0xffff, 0xffff, 0xffff, 0xffff, 0xffff, 0xffff, 0xffff, 0xffff, 0xffff, 0xffff, 0xffff,
  0xffff, 0xffff, 0xffff, 0xffff, 0xffff, 0xffff, 0xffff, 0xffff, 0xffff, 0xffff, 0xffff, 0xffff,
  0xffff, 0xffff, 0xffff, 0xffff, 0xffff, 0xffff, 0xffff, 0xffff, 0xffff, 0xffff, 0xffff, 0xffff,
  0xffff, 0xffff, 0xffff, 0xffff, 0xffff, 0xffff, 0xffff, 0xffff, 0xffff, 0xffff, 0xffff, 0xffff,
  0xffff, 0xffff, 0xffff, 0xffff, 0xffff, 0xffff, 0xffff, 0xffff, 0xffff, 0xffff, 0xffff, 0xffff,
  0xffff, 0xffff, 0xffff, 0xffff, 0xffff, 0xffff, 0xffff, 0xffff, 0xffff, 0xffff, 0xffff, 0xffff,
  0xffff, 0xffff, 0xffff, 0xffff, 0xffff, 0xffff, 0xffff, 0xffff, 0xffff, 0xffff, 0xffff, 0xffff,
  0xffff, 0xffff, 0xffff, 0xffff, 0xffff, 0xffff, 0xffff, 0xffff, 0xffff, 0xffff, 0xffff, 0xffff,
  0xffff, 0xffff, 0xffff, 0xffff, 0xffff, 0xffff, 0xffff, 0xffff, 0xffff, 0xffff, 0xffff, 0xffff,
  0xffff, 0xffff, 0xffff, 0xffff, 0xffff, 0xffff, 0xffff, 0xffff, 0xffff, 0xffff, 0xffff, 0xffff,
  0xffff, 0xffff, 0xffff, 0xffff, 0xffff, 0xffff, 0xffff, 0xffff, 0xffff, 0xffff, 0xffff, 0xffff,
  0xffff, 0xffff, 0xffff, 0xffff, 0xffff, 0xffff, 0xffff, 0xffff, 0xffff, 0xffff, 0xffff, 0xffff,
  0xffff, 0xffff, 0xffff, 0xffff, 0xffff, 0xffff, 0xffff, 0xffff, 0xffff, 0xffff, 0xffff, 0xffff,
  0xffff, 0xffff, 0xffff, 0xffff, 0xffff, 0xffff, 0xffff, 0xffff, 0xffff, 0xffff, 0xffff, 0xffff,
  0xffff, 0xffff, 0xffff, 0xffff, 0xffff, 0xffff, 0x18e4, 0x39cb, 0x39cb, 0x62e8, 0x62e8, 0x62e8,
  0x62e8, 0x62e8, 0x62e8, 0x62e8, 0x3189, 0x3189, 0x3189, 0x3162, 0x62e8, 0xb4cb, 0x8b87, 0xb4cb,
  0x62e8, 0x3162, 0x2948, 0x2948, 0x18e5, 0x18e5, 0x6b4f, 0x2948, 0x2948, 0x2948, 0x2948, 0x18e4,
  0x4207, 0x4207, 0x4207, 0x4207, 0x4207, 0x4207, 0x4207, 0x4207, 0x4207, 0x4207, 0x4207, 0x4207,
  0x4207, 0x4207, 0x4207, 0x4207, 0x4207, 0x4207, 0x4207, 0x4207, 0x4207, 0x4207, 0x4207, 0x4207,
  0x4207, 0x4207, 0x4207, 0x4207, 0x4207, 0x4207, 0x4207, 0x4207, 0x4207, 0x4207, 0x4207, 0x4207,
  0x4207, 0x4207, 0x4207, 0x4207, 0x4207, 0x4207, 0x4207, 0x4207, 0x4207, 0x4207, 0x4207, 0x4207,
  0x4207, 0x4207, 0x4207, 0x4207, 0x4207, 0x4207, 0x4207, 0x4207, 0x4207, 0x4207, 0x4207, 0x4207,
  0x4207, 0x4207, 0x4207, 0x4207, 0x4207, 0x4207, 0x4207, 0x4207, 0x4207, 0x4207, 0x4207, 0x4207,
  0x4207, 0x4207, 0x4207, 0x4207, 0x4207, 0x4207, 0x4207, 0x4207, 0x4207, 0x4207, 0x4207, 0x4207,
  0x4207, 0x4207, 0x4207, 0x4207, 0x4207, 0x4207, 0x4207, 0x4207, 0x4207, 0x4207, 0x4207, 0x4207,
  0x4207, 0x4207, 0x4207, 0x4207, 0x4207, 0x4207, 0x4207, 0x4207, 0x4207, 0x4207, 0x4207, 0x4207,
  0x4207, 0x4207, 0x4207, 0x4207, 0x4207, 0x4207, 0x4207, 0x4207, 0x4207, 0x4207, 0x4207, 0x4207,
  0x4207, 0x4207, 0x4207, 0x4207, 0x4207, 0x4207, 0x4207, 0x4207, 0x4207, 0x4207, 0x4207, 0x4207,
  0x4207, 0x4207, 0x4207, 0x4207, 0x4207, 0x4207, 0x4207, 0x4207, 0x4207, 0x4207, 0x4207, 0x4207,
  0x4207, 0x4207, 0x4207, 0x4207, 0x4207, 0x4207, 0x4207, 0x4207, 0x4207, 0x4207, 0x4207, 0x4207,
  0x4207, 0x4207, 0x4207, 0x4207, 0x4207, 0x4207, 0x4207, 0x4207, 0x4207, 0x4207, 0x4207, 0x4207,
  0x4207, 0x4207, 0x4207, 0x4207, 0x4207, 0x4207, 0x4207, 0x4207, 0x4207, 0x4207, 0x4207, 0x4207,
  0x4207, 0x4207, 0x4207, 0x4207, 0x4207, 0x4207, 0x4207, 0x4207, 0x4207, 0x4207, 0x4207, 0x4207,
  0x4207, 0x4207, 0x4207, 0x4207, 0x4207, 0x4207, 0x4207, 0x4207, 0x4207, 0x4207, 0x4207, 0x4207,
  0x4207, 0x4207, 0x4207, 0x4207, 0x4207, 0x4207, 0x4207, 0x4207, 0x4207, 0x4207, 0x4207, 0x4207,
  0x4207, 0x4207, 0x4207, 0x4207, 0x4207, 0x4207, 0x4207, 0x4207, 0x4207, 0x4207, 0x4207, 0x4207,
  0x4207, 0x4207, 0x4207, 0x4207, 0x4207, 0x4207, 0x4207, 0x4207, 0x4207, 0x4207, 0x4207, 0x4207,
  0x4207, 0x4207, 0x4207, 0x3a05, 0x3a05, 0x18e4, 0x39cb, 0x39cb, 0x5aa7, 0x62e8, 0x62e8, 0x62e8,
  0x62e8, 0x62e8, 0x5aa7, 0x3189, 0x3189, 0x3189, 0x3162, 0x5aa7, 0x8b87, 0xffff, 0x8b87, 0x5aa7,
  0x3162, 0x2948, 0x2948, 0x18e5, 0x18e5, 0x6b4f, 0x2948, 0x2948, 0x2948, 0x2948, 0x18e4, 0xac8c,
  0xac8c, 0xac8c, 0xac8c, 0xac8c, 0xac8c, 0xac8c, 0xac8c, 0xac8c, 0xac8c, 0xac8c, 0xac8c, 0xac8c,
  0xac8c, 0xac8c, 0xac8c, 0xac8c, 0xac8c, 0xac8c, 0xac8c, 0xac8c, 0xac8c, 0xac8c, 0xac8c, 0xac8c,
  0xac8c, 0xac8c, 0xac8c, 0xac8c, 0xac8c, 0xac8c, 0xac8c, 0xac8c, 0xac8c, 0xac8c, 0xac8c, 0xac8c,
  0xac8c, 0xac8c, 0xac8c, 0xac8c, 0xac8c, 0xac8c, 0xac8c, 0xac8c, 0xac8c, 0xac8c, 0xac8c, 0xac8c,
  0xac8c, 0xac8c, 0xac8c, 0xac8c, 0xac8c, 0xac8c, 0xac8c, 0xac8c, 0xac8c, 0xac8c, 0xac8c, 0xac8c,
  0xac8c, 0xac8c, 0xac8c, 0xac8c, 0xac8c, 0xac8c, 0xac8c, 0xac8c, 0xac8c, 0xac8c, 0xac8c, 0xac8c,
  0xac8c, 0xac8c, 0xac8c, 0xac8c, 0xac8c, 0xac8c, 0xac8c, 0xac8c, 0xac8c, 0xac8c, 0xac8c, 0xac8c,
  0xac8c, 0xac8c, 0xac8c, 0xac8c, 0xac8c, 0xac8c, 0xac8c, 0xac8c, 0xac8c, 0xac8c, 0xac8c, 0xac8c,
  0xac8c, 0xac8c, 0xac8c, 0xac8c, 0xac8c, 0xac8c, 0xac8c, 0xac8c, 0xac8c, 0xac8c, 0xac8c, 0xac8c,
  0xac8c, 0xac8c, 0xac8c, 0xac8c, 0xac8c, 0xac8c, 0xac8c, 0xac8c, 0xac8c, 0xac8c, 0xac8c, 0xac8c,
  0xac8c, 0xac8c, 0xac8c, 0xac8c, 0xac8c, 0xac8c, 0xac8c, 0xac8c, 0xac8c, 0xac8c, 0xac8c, 0xac8c,
  0xac8c, 0xac8c, 0xac8c, 0xac8c, 0xac8c, 0xac8c, 0xac8c, 0xac8c, 0xac8c, 0xac8c, 0xac8c, 0xac8c,
  0xac8c, 0xac8c, 0xac8c, 0xac8c, 0xac8c, 0xac8c, 0xac8c, 0xac8c, 0xac8c, 0xac8c, 0xac8c, 0xac8c,
  0xac8c, 0xac8c, 0xac8c, 0xac8c, 0xac8c, 0xac8c, 0xac8c, 0xac8c, 0xac8c, 0xac8c, 0xac8c, 0xac8c,
  0xac8c, 0xac8c, 0xac8c, 0xac8c, 0xac8c, 0xac8c, 0xac8c, 0xac8c, 0xac8c, 0xac8c, 0xac8c, 0xac8c,
  0xac8c, 0xac8c, 0xac8c, 0xac8c, 0xac8c, 0xac8c, 0xac8c, 0xac8c, 0xac8c, 0xac8c, 0xac8c, 0xac8c,
  0xac8c, 0xac8c, 0xac8c, 0xac8c, 0xac8c, 0xac8c, 0xac8c, 0xac8c, 0xac8c, 0xac8c, 0xac8c, 0xac8c,
  0xac8c, 0xac8c, 0xac8c, 0xac8c, 0xac8c, 0xac8c, 0xac8c, 0xac8c, 0xac8c, 0xac8c, 0xac8c, 0xac8c,
  0xac8c, 0xac8c, 0xac8c, 0xac8c, 0xac8c, 0xac8c, 0xac8c, 0xac8c, 0xac8c, 0xac8c, 0xac8c, 0xac8c,
  0xac8c, 0xac8c, 0xac8c, 0xac8c, 0xac8c, 0xac8c, 0xac8c, 0xac8c, 0xac8c, 0xac8c, 0xac8c, 0xac8c,
  0xac8c, 0xac8c, 0xac8c, 0xac8c, 0x18e4, 0x39cb, 0x39cb, 0x5aa7, 0x5aa7, 0x62e8, 0x62e8, 0x62e8,
  0x5aa7, 0x5aa7, 0x3189, 0x3189, 0x3189, 0x3162, 0x62e8, 0xb4cb, 0x8b87, 0xb4cb, 0x62e8, 0x3162,
  0x2948, 0x2948, 0x18e5, 0x18e5, 0x6b4f, 0x2948, 0x2948, 0x2948, 0x2948, 0x18e4, 0x736a, 0xee6f,
  0xee6f, 0xee6f, 0xee6f, 0xee6f, 0xee6f, 0xee6f, 0xee6f, 0xee6f, 0xee6f, 0xee6f, 0xee6f, 0xee6f,
  0xee6f, 0xee6f, 0xee6f, 0xee6f, 0xee6f, 0xee6f, 0xee6f, 0xee6f, 0xee6f, 0xee6f, 0xee6f, 0xee6f,
  0xee6f, 0xee6f, 0xee6f, 0xee6f, 0xee6f, 0xee6f, 0xee6f, 0xee6f, 0xee6f, 0xee6f, 0xee6f, 0xee6f,
  0xee6f, 0xee6f, 0xee6f, 0xee6f, 0xee6f, 0xee6f, 0xee6f, 0xee6f, 0xee6f, 0xee6f, 0xee6f, 0xee6f,
  0xee6f, 0xee6f, 0xee6f, 0xee6f, 0xee6f, 0xee6f, 0xee6f, 0xee6f, 0xee6f, 0xee6f, 0xee6f, 0xee6f,
  0xee6f, 0xee6f, 0xee6f, 0xee6f, 0xee6f, 0xee6f, 0xee6f, 0xee6f, 0xee6f, 0xee6f, 0xee6f, 0xee6f,
  0xee6f, 0xee6f, 0xee6f, 0xee6f, 0xee6f, 0xee6f, 0xee6f, 0xee6f, 0xee6f, 0xee6f, 0xee6f, 0xee6f,
  0xee6f, 0xee6f, 0xee6f, 0xee6f, 0xee6f, 0xee6f, 0xee6f, 0xee6f, 0xee6f, 0xee6f, 0xee6f, 0xee6f,
  0xee6f, 0xee6f, 0xee6f, 0xee6f, 0xee6f, 0xee6f, 0xee6f, 0xee6f, 0xee6f, 0xee6f, 0xee6f, 0xee6f,
  0xee6f, 0xee6f, 0xee6f, 0xee6f, 0xee6f, 0xee6f, 0xee6f, 0xee6f, 0xee6f, 0xee6f, 0xee6f, 0xee6f,
  0xee6f, 0xee6f, 0xee6f, 0xee6f, 0xee6f, 0xee6f, 0xee6f, 0xee6f, 0xee6f, 0xee6f, 0xee6f, 0xee6f,
  0xee6f, 0xee6f, 0xee6f, 0xee6f, 0xee6f, 0xee6f, 0xee6f, 0xee6f, 0xee6f, 0xee6f, 0xee6f, 0xee6f,
  0xee6f, 0xee6f, 0xee6f, 0xee6f, 0xee6f, 0xee6f, 0xee6f, 0xee6f, 0xee6f, 0xee6f, 0xee6f, 0xee6f,
  0xee6f, 0xee6f, 0xee6f, 0xee6f, 0xee6f, 0xee6f, 0xee6f, 0xee6f, 0xee6f, 0xee6f, 0xee6f, 0xee6f,
  0xee6f, 0xee6f, 0xee6f, 0xee6f, 0xee6f, 0xee6f, 0xee6f, 0xee6f, 0xee6f, 0xee6f, 0xee6f, 0xee6f,
  0xee6f, 0xee6f, 0xee6f, 0xee6f, 0xee6f, 0xee6f, 0xee6f, 0xee6f, 0xee6f, 0xee6f, 0xee6f, 0xee6f,
  0xee6f, 0xee6f, 0xee6f, 0xee6f, 0xee6f, 0xee6f, 0xee6f, 0xee6f, 0xee6f, 0xee6f, 0xee6f, 0xee6f,
  0xee6f, 0xee6f, 0xee6f, 0xee6f, 0xee6f, 0xee6f, 0xee6f, 0xee6f, 0xee6f, 0xee6f, 0xee6f, 0xee6f,
  0xee6f, 0xee6f, 0xee6f, 0xee6f, 0xee6f, 0xee6f, 0xee6f, 0xee6f, 0xee6f, 0xee6f, 0xee6f, 0xee6f,
  0xee6f, 0xee6f, 0xee6f, 0xee6f, 0xee6f, 0xee6f, 0xee6f, 0xee6f, 0xee6f, 0xee6f, 0xee6f, 0xee6f,
  0xee6f, 0xee6f, 0x736a, 0x18e4, 0x39cb, 0x39cb, 0x4207, 0x5aa7, 0x5aa7, 0x5aa7, 0x5aa7, 0x5aa7,
  0x3a0a, 0x3189, 0x3189, 0x3189, 0x5aa7, 0xb4cb, 0x62e8, 0x5aa7, 0x62e8, 0xb4cb, 0x5aa7, 0x2948,
  0x2948, 0x18e5, 0x18e5, 0x6b4f, 0x2948, 0x2948, 0x2948, 0x2948, 0x2948, 0x2125, 0x2125, 0x2125,
  0x2125, 0x2125, 0x2125, 0x2125, 0x2125, 0x2125, 0x2125, 0x2125, 0x2125, 0x2125, 0x2125, 0x2125,
  0x2125, 0x2125, 0x2125, 0x2125, 0x2125, 0x2125, 0x2125, 0x2125, 0x2125, 0x2125, 0x2125, 0x2125,
  0x2125, 0x2125, 0x2125, 0x2125, 0x2125, 0x2125, 0x2125, 0x2125, 0x2125, 0x2125, 0x2125, 0x2125,
  0x2125, 0x2125, 0x2125, 0x2125, 0x2125, 0x2125, 0x2125, 0x2125, 0x2125, 0x2125, 0x2125, 0x2125,
  0x2125, 0x2125, 0x2125, 0x2125, 0x2125, 0x2125, 0x2125, 0x2125, 0x2125, 0x2125, 0x2125, 0x2125,
  0x2125, 0x2125, 0x2125, 0x2125, 0x2125, 0x2125, 0x2125, 0x2125, 0x2125, 0x2125, 0x2125, 0x2125,
  0x2125, 0x2125, 0x2125, 0x2125, 0x2125, 0x2125, 0x2125, 0x2125, 0x2125, 0x2125, 0x2125, 0x2125,
  0x2125, 0x2125, 0x2125, 0x2125, 0x2125, 0x2125, 0x2125, 0x2125, 0x2125, 0x2125, 0x2125, 0x2125,
  0x2125, 0x2125, 0x2125, 0x2125, 0x2125, 0x2125, 0x2125, 0x2125, 0x2125, 0x2125, 0x2125, 0x2125,
  0x2125, 0x2125, 0x2125, 0x2125, 0x2125, 0x2125, 0x2125, 0x2125, 0x2125, 0x2125, 0x2125, 0x2125,
  0x2125, 0x2125, 0x2125, 0x2125, 0x2125, 0x2125, 0x2125, 0x2125, 0x2125, 0x2125, 0x2125, 0x2125,
  0x2125, 0x2125, 0x2125, 0x2125, 0x2125, 0x2125, 0x2125, 0x2125, 0x2125, 0x2125, 0x2125, 0x2125,
  0x2125, 0x2125, 0x2125, 0x2125, 0x2125, 0x2125, 0x2125, 0x2125, 0x2125, 0x2125, 0x2125, 0x2125,
  0x2125, 0x2125, 0x2125, 0x2125, 0x2125, 0x2125, 0x2125, 0x2125, 0x2125, 0x2125, 0x2125, 0x2125,
  0x2125, 0x2125, 0x2125, 0x2125, 0x2125, 0x2125, 0x2125, 0x2125, 0x2125, 0x2125, 0x2125, 0x2125,
  0x2125, 0x2125, 0x2125, 0x2125, 0x2125, 0x2125, 0x2125, 0x2125, 0x2125, 0x2125, 0x2125, 0x2125,
  0x2125, 0x2125, 0x2125, 0x2125, 0x2125, 0x2125, 0x2125, 0x2125, 0x2125, 0x2125, 0x2125, 0x2125,
  0x2125, 0x2125, 0x2125, 0x2125, 0x2125, 0x2125, 0x2125, 0x2125, 0x2125, 0x2125, 0x2125, 0x2125,
  0x2125, 0x2125, 0x2125, 0x2125, 0x2125, 0x2125, 0x2125, 0x2125, 0x2125, 0x2125, 0x2125, 0x2125,
  0x2125, 0x2125, 0x2125, 0x2125, 0x2125, 0x2125, 0x2125, 0x2125, 0x2125, 0x2125, 0x2125, 0x2125,
  0x18e4, 0x18e4, 0x39cb, 0x39cb, 0x39cb, 0x39cb, 0x4207, 0x4207, 0x4207, 0x4207, 0x4207, 0x318a,
  0x3189, 0x3189, 0x3189, 0x62e8, 0x5aa7, 0x3162, 0x3162, 0x3162, 0x5aa7, 0x62e8, 0x2948, 0x2948,
  0x18e5, 0x18e5, 0x6b4f, 0x2948, 0x2948, 0x2948, 0x2948, 0x2948, 0x2968, 0x2968, 0x2969, 0x2969,
  0x3189, 0x3189, 0x3189, 0x318a, 0x31aa, 0x31aa, 0x31aa, 0x39aa, 0x39cb, 0x39cb, 0x39cb, 0x39cb,
  0x39cb, 0x39eb, 0x39ec, 0x39ec, 0x39ec, 0x39ec, 0x39ec, 0x39ec, 0x39ec, 0x39ec, 0x39ec, 0x39ec,
  0x39ec, 0x39ec, 0x39ec, 0x39ec, 0x39ec, 0x39ec, 0x39ec, 0x39ec, 0x39ec, 0x39ec, 0x39ec, 0x39ec,
  0x39ec, 0x39ec, 0x39ec, 0x39ec, 0x39ec, 0x39ec, 0x39ec, 0x39ec, 0x39ec, 0x39ec, 0x39ec, 0x39ec,
  0x39ec, 0x39ec, 0x39ec, 0x39ec, 0x39ec, 0x39ec, 0x39ec, 0x39ec, 0x39ec, 0x39ec, 0x39ec, 0x39ec,
  0x39ec, 0x39ec, 0x39ec, 0x39ec, 0x39ec, 0x39ec, 0x39ec, 0x39ec, 0x39ec, 0x39ec, 0x39ec, 0x39ec,
  0x39ec, 0x39ec, 0x39ec, 0x39ec, 0x39ec, 0x39ec, 0x39ec, 0x39ec, 0x39ec, 0x39ec, 0x39ec, 0x39ec,
  0x39ec, 0x39ec, 0x39ec, 0x39ec, 0x39ec, 0x39ec, 0x39ec, 0x39ec, 0x39ec, 0x39ec, 0x39ec, 0x39ec,
  0x39ec, 0x39ec, 0x39ec, 0x39ec, 0x39ec, 0x39ec, 0x39ec, 0x39ec, 0x39ec, 0x39ec, 0x39ec, 0x39ec,
  0x39ec, 0x39ec, 0x39ec, 0x39ec, 0x39ec, 0x39ec, 0x39ec, 0x39ec, 0x39ec, 0x39ec, 0x39ec, 0x39ec,
  0x39ec, 0x39ec, 0x39ec, 0x39ec, 0x39ec, 0x39ec, 0x39ec, 0x39ec, 0x39ec, 0x39ec, 0x39ec, 0x39ec,
  0x39ec, 0x39ec, 0x39ec, 0x39ec, 0x39ec, 0x39ec, 0x39ec, 0x39ec, 0x39ec, 0x39ec, 0x39ec, 0x39ec,
  0x39ec, 0x39ec, 0x39ec, 0x39ec, 0x39ec, 0x39ec, 0x39ec, 0x39ec, 0x39ec, 0x39ec, 0x39ec, 0x39ec,
  0x39ec, 0x39ec, 0x39ec, 0x39ec, 0x39ec, 0x39ec, 0x39ec, 0x39ec, 0x39ec, 0x39ec, 0x39ec, 0x39ec,
  0x39ec, 0x39ec, 0x39ec, 0x39ec, 0x39ec, 0x39ec, 0x39ec, 0x39ec, 0x39ec, 0x39ec, 0x39ec, 0x39ec,
  0x39ec, 0x39ec, 0x39ec, 0x39ec, 0x39ec, 0x39ec, 0x39ec, 0x39ec, 0x39ec, 0x39ec, 0x39ec, 0x39ec,
  0x39ec, 0x39ec, 0x39ec, 0x39ec, 0x39ec, 0x39ec, 0x39ec, 0x39ec, 0x39ec, 0x39ec, 0x39ec, 0x39ec,
  0x39ec, 0x39ec, 0x39ec, 0x39ec, 0x39ec, 0x39ec, 0x39ec, 0x39ec, 0x39ec, 0x39ec, 0x39ec, 0x39ec,
  0x39ec, 0x39ec, 0x39ec, 0x39ec, 0x39ec, 0x39ec, 0x39ec, 0x39ec, 0x39ec, 0x39ec, 0x39ec, 0x39ec,
  0x39ec, 0x39ec, 0x39ec, 0x39ec, 0x39ec, 0x39ec, 0x39ec, 0x39ec, 0x39ec, 0x39ec, 0x39ec, 0x39ec,
  0x39eb, 0x39cb, 0x39cb, 0x39cb, 0x39cb, 0x39cb, 0x39aa, 0x31aa, 0x31aa, 0x31aa, 0x318a, 0x3189,
  0x3189, 0x3189, 0x3169, 0x2969, 0x2969, 0x2968, 0x2948, 0x2948, 0x2948, 0x2948, 0x2948, 0x18e5,
  0x18e5, 0x6b4f, 0x2948, 0x2948, 0x18e5, 0x18e5, 0x18e5, 0x18e6, 0x18e6, 0x2106, 0x2106, 0x2106,
  0x2106, 0x2106, 0x2107, 0x2127, 0x2127, 0x2127, 0x2127, 0x2927, 0x2927, 0x2948, 0x2948, 0x2948,
  0x2948, 0x2948, 0x2948, 0x2948, 0x2948, 0x2948, 0x2948, 0x2948, 0x2948, 0x2948, 0x2948, 0x2948,
  0x2948, 0x2948, 0x2948, 0x2948, 0x2948, 0x2948, 0x2948, 0x2948, 0x2948, 0x2948, 0x2948, 0x2948,
  0x2948, 0x2948, 0x2948, 0x2948, 0x2948, 0x2948, 0x2948, 0x2948, 0x2948, 0x2948, 0x2948, 0x2948,
  0x2948, 0x2948, 0x2948, 0x2948, 0x2948, 0x2948, 0x2948, 0x2948, 0x2948, 0x2948, 0x2948, 0x2948,
  0x2948, 0x2948, 0x2948, 0x2948, 0x2948, 0x2948, 0x2948, 0x2948, 0x2948, 0x2948, 0x2948, 0x2948,
  0x2948, 0x2948, 0x2948, 0x2948, 0x2948, 0x2948, 0x2948, 0x2948, 0x2948, 0x2948, 0x2948, 0x2948,
  0x2948, 0x2948, 0x2948, 0x2948, 0x2948, 0x2948, 0x2948, 0x2948, 0x2948, 0x2948, 0x2948, 0x2948,
  0x2948, 0x2948, 0x2948, 0x2948, 0x2948, 0x2948, 0x2948, 0x2948, 0x2948, 0x2948, 0x2948, 0x2948,
  0x2948, 0x2948, 0x2948, 0x2948, 0x2948, 0x2948, 0x2948, 0x2948, 0x2948, 0x2948, 0x2948, 0x2948,
  0x2948, 0x2948, 0x2948, 0x2948, 0x2948, 0x2948, 0x2948, 0x2948, 0x2948, 0x2948, 0x2948, 0x2948,
  0x2948, 0x2948, 0x2948, 0x2948, 0x2948, 0x2948, 0x2948, 0x2948, 0x2948, 0x2948, 0x2948, 0x2948,
  0x2948, 0x2948, 0x2948, 0x2948, 0x2948, 0x2948, 0x2948, 0x2948, 0x2948, 0x2948, 0x2948, 0x2948,
  0x2948, 0x2948, 0x2948, 0x2948, 0x2948, 0x2948, 0x2948, 0x2948, 0x2948, 0x2948, 0x2948, 0x2948,
  0x2948, 0x2948, 0x2948, 0x2948, 0x2948, 0x2948, 0x2948, 0x2948, 0x2948, 0x2948, 0x2948, 0x2948,
  0x2948, 0x2948, 0x2948, 0x2948, 0x2948, 0x2948, 0x2948, 0x2948, 0x2948, 0x2948, 0x2948, 0x2948,
  0x2948, 0x2948, 0x2948, 0x2948, 0x2948, 0x2948, 0x2948, 0x2948, 0x2948, 0x2948, 0x2948, 0x2948,
  0x2948, 0x2948, 0x2948, 0x2948, 0x2948, 0x2948, 0x2948, 0x2948, 0x2948, 0x2948, 0x2948, 0x2948,
  0x2948, 0x2948, 0x2948, 0x2948, 0x2948, 0x2948, 0x2948, 0x2948, 0x2948, 0x2948, 0x2948, 0x2948,
  0x2948, 0x2948, 0x2948, 0x2948, 0x2948, 0x2948, 0x2948, 0x2948, 0x2948, 0x2948, 0x2948, 0x2948,
  0x2948, 0x2948, 0x2947, 0x2927, 0x2927, 0x2127, 0x2127, 0x2127, 0x2127, 0x2107, 0x2106, 0x2106,
  0x2106, 0x2106, 0x2106, 0x20e6, 0x18e6, 0x18e6, 0x18e5, 0x6b4f, 0x2948, 0x2948, 0x18e5, 0x18e5,
  0x6b4f, 0x2948, 0x2948, 0x18e5, 0x18e5, 0x18e5, 0x18e6, 0x18e6, 0x20e6, 0x2106, 0x2106, 0x2106,
  0x2126, 0x2107, 0x2127, 0x2127, 0x2127, 0x2127, 0x2927, 0x2927, 0x2947, 0x2948, 0x2948, 0x2948,
  0x2948, 0x2948, 0x2948, 0x2948, 0x2948, 0x2948, 0x2948, 0x2948, 0x2948, 0x2948, 0x2948, 0x2948,
  0x2948, 0x2948, 0x2948, 0x2948, 0x2948, 0x2948, 0x2948, 0x2948, 0x2948, 0x2948, 0x2948, 0x2948,
  0x2948, 0x2948, 0x2948, 0x2948, 0x2948, 0x2948, 0x2948, 0x2948, 0x2948, 0x2948, 0x2948, 0x2948,
  0x2948, 0x2948, 0x2948, 0x2948, 0x2948, 0x2948, 0x2948, 0x2948, 0x2948, 0x2948, 0x2948, 0x2948,
  0x2948, 0x2948, 0x2948, 0x2948, 0x2948, 0x2948, 0x2948, 0x2948, 0x2948, 0x2948, 0x2948, 0x2948,
  0x2948, 0x2948, 0x2948, 0x2948, 0x2948, 0x2948, 0x2948, 0x2948, 0x2948, 0x2948, 0x2948, 0x2948,
  0x2948, 0x2948, 0x2948, 0x2948, 0x2948, 0x2948, 0x2948, 0x2948, 0x2948, 0x2948, 0x2948, 0x2948,
  0x2948, 0x2948, 0x2948, 0x2948, 0x2948, 0x2948, 0x2948, 0x2948, 0x2948, 0x2948, 0x2948, 0x2948,
  0x2948, 0x2948, 0x2948, 0x2948, 0x2948, 0x2948, 0x2948, 0x2948, 0x2948, 0x2948, 0x2948, 0x2948,
  0x2948, 0x2948, 0x2948, 0x2948, 0x2948, 0x2948, 0x2948, 0x2948, 0x2948, 0x2948, 0x2948, 0x2948,
  0x2948, 0x2948, 0x2948, 0x2948, 0x2948, 0x2948, 0x2948, 0x2948, 0x2948, 0x2948, 0x2948, 0x2948,
  0x2948, 0x2948, 0x2948, 0x2948, 0x2948, 0x2948, 0x2948, 0x2948, 0x2948, 0x2948, 0x2948, 0x2948,
  0x2948, 0x2948, 0x2948, 0x2948, 0x2948, 0x2948, 0x2948, 0x2948, 0x2948, 0x2948, 0x2948, 0x2948,
  0x2948, 0x2948, 0x2948, 0x2948, 0x2948, 0x2948, 0x2948, 0x2948, 0x2948, 0x2948, 0x2948, 0x2948,
  0x2948, 0x2948, 0x2948, 0x2948, 0x2948, 0x2948, 0x2948, 0x2948, 0x2948, 0x2948, 0x2948, 0x2948,
  0x2948, 0x2948, 0x2948, 0x2948, 0x2948, 0x2948, 0x2948, 0x2948, 0x2948, 0x2948, 0x2948, 0x2948,
  0x2948, 0x2948, 0x2948, 0x2948, 0x2948, 0x2948, 0x2948, 0x2948, 0x2948, 0x2948, 0x2948, 0x2948,
  0x2948, 0x2948, 0x2948, 0x2948, 0x2948, 0x2948, 0x2948, 0x2948, 0x2948, 0x2948, 0x2948, 0x2948,
  0x2948, 0x2948, 0x2948, 0x2948, 0x2948, 0x2948, 0x2948, 0x2948, 0x2948, 0x2948, 0x2948, 0x2948,
  0x2948, 0x2947, 0x2927, 0x2127, 0x2127, 0x2127, 0x2127, 0x2127, 0x2107, 0x2106, 0x2106, 0x2106,
  0x2106, 0x2106, 0x20e6, 0x18e6, 0x18e5, 0x18e5, 0x6b4f, 0x2948, 0x2948, 0x18e5, 0x18e5, 0x6b4f,
  0x2948, 0x2948, 0x18e5, 0x18e5, 0x6b4f, 0x6b6f, 0x6b6f, 0x6b6f, 0x6b70, 0x7370, 0x7370, 0x7370,
  0x7390, 0x7390, 0x7391, 0x7391, 0x7391, 0x73b1, 0x73b1, 0x73b1, 0x73b1, 0x7bb1, 0x7bb2, 0x7bb2,
  0x7bb2, 0x7bb2, 0x7bb2, 0x7bb2, 0x7bb2, 0x7bb2, 0x7bb2, 0x7bb2, 0x7bb2, 0x7bb2, 0x7bb2, 0x7bb2,
  0x7bb2, 0x7bb2, 0x7bb2, 0x7bb2, 0x7bb2, 0x7bb2, 0x7bb2, 0x7bb2, 0x7bb2, 0x7bb2, 0x7bb2, 0x7bb2,
  0x7bb2, 0x7bb2, 0x7bb2, 0x7bb2, 0x7bb2, 0x7bb2, 0x7bb2, 0x7bb2, 0x7bb2, 0x7bb2, 0x7bb2, 0x7bb2,
  0x7bb2, 0x7bb2, 0x7bb2, 0x7bb2, 0x7bb2, 0x7bb2, 0x7bb2, 0x7bb2, 0x7bb2, 0x7bb2, 0x7bb2, 0x7bb2,
  0x7bb2, 0x7bb2, 0x7bb2, 0x7bb2, 0x7bb2, 0x7bb2, 0x7bb2, 0x7bb2, 0x7bb2, 0x7bb2, 0x7bb2, 0x7bb2,
  0x7bb2, 0x7bb2, 0x7bb2, 0x7bb2, 0x7bb2, 0x7bb2, 0x7bb2, 0x7bb2, 0x7bb2, 0x7bb2, 0x7bb2, 0x7bb2,
  0x7bb2, 0x7bb2, 0x7bb2, 0x7bb2, 0x7bb2, 0x7bb2, 0x7bb2, 0x7bb2, 0x7bb2, 0x7bb2, 0x7bb2, 0x7bb2,
  0x7bb2, 0x7bb2, 0x7bb2, 0x7bb2, 0x7bb2, 0x7bb2, 0x7bb2, 0x7bb2, 0x7bb2, 0x7bb2, 0x7bb2, 0x7bb2,
  0x7bb2, 0x7bb2, 0x7bb2, 0x7bb2, 0x7bb2, 0x7bb2, 0x7bb2, 0x7bb2, 0x7bb2, 0x7bb2, 0x7bb2, 0x7bb2,
  0x7bb2, 0x7bb2, 0x7bb2, 0x7bb2, 0x7bb2, 0x7bb2, 0x7bb2, 0x7bb2, 0x7bb2, 0x7bb2, 0x7bb2, 0x7bb2,
  0x7bb2, 0x7bb2, 0x7bb2, 0x7bb2, 0x7bb2, 0x7bb2, 0x7bb2, 0x7bb2, 0x7bb2, 0x7bb2, 0x7bb2, 0x7bb2,
  0x7bb2, 0x7bb2, 0x7bb2, 0x7bb2, 0x7bb2, 0x7bb2, 0x7bb2, 0x7bb2, 0x7bb2, 0x7bb2, 0x7bb2, 0x7bb2,
  0x7bb2, 0x7bb2, 0x7bb2, 0x7bb2, 0x7bb2, 0x7bb2, 0x7bb2, 0x7bb2, 0x7bb2, 0x7bb2, 0x7bb2, 0x7bb2,
  0x7bb2, 0x7bb2, 0x7bb2, 0x7bb2, 0x7bb2, 0x7bb2, 0x7bb2, 0x7bb2, 0x7bb2, 0x7bb2, 0x7bb2, 0x7bb2,
  0x7bb2, 0x7bb2, 0x7bb2, 0x7bb2, 0x7bb2, 0x7bb2, 0x7bb2, 0x7bb2, 0x7bb2, 0x7bb2, 0x7bb2, 0x7bb2,
  0x7bb2, 0x7bb2, 0x7bb2, 0x7bb2, 0x7bb2, 0x7bb2, 0x7bb2, 0x7bb2, 0x7bb2, 0x7bb2, 0x7bb2, 0x7bb2,
  0x7bb2, 0x7bb2, 0x7bb2, 0x7bb2, 0x7bb2, 0x7bb2, 0x7bb2, 0x7bb2, 0x7bb2, 0x7bb2, 0x7bb2, 0x7bb2,
  0x7bb2, 0x7bb2, 0x7bb2, 0x7bb2, 0x7bb2, 0x7bb2, 0x7bb2, 0x7bb2, 0x7bb2, 0x7bb2, 0x7bb2, 0x7bb2,
  0x7bb2, 0x7bb2, 0x7bb2, 0x7bb2, 0x7bb2, 0x7bb2, 0x7bb2, 0x7bb2, 0x7bb2, 0x7bb2, 0x7bb1, 0x7bb1,
  0x73b1, 0x73b1, 0x73b1, 0x7391, 0x7391, 0x7391, 0x7390, 0x7390, 0x7370, 0x7370, 0x6b70, 0x6b70,
  0x6b6f, 0x6b6f, 0x6b6f, 0x18e5, 0x18e5, 0x6b4f, 0x2948, 0x2948, 0x18e5, 0x18e5, 0x6b4f, 0x2948,
  0x2948, 0x18e5, 0x18e5, 0x6b4f, 0x2948, 0x2968, 0x2968, 0x2969, 0x3189, 0x3189, 0x3189, 0x318a,
  0x31aa, 0x31aa, 0x31aa, 0x31aa, 0x39cb, 0x39cb, 0x39cb, 0x39cb, 0x39cb, 0x39cb, 0x39ec, 0x39ec,
  0x39ec, 0x39ec, 0x39ec, 0x39ec, 0x39ec, 0x39ec, 0x39ec, 0x39ec, 0x39ec, 0x39ec, 0x39ec, 0x39ec,
  0x39ec, 0x39ec, 0x39ec, 0x39ec, 0x39ec, 0x39ec, 0x39ec, 0x39ec, 0x39ec, 0x39ec, 0x39ec, 0x39ec,
  0x39ec, 0x39ec, 0x39ec, 0x39ec, 0x39ec, 0x39ec, 0x39ec, 0x39ec, 0x39ec, 0x39ec, 0x39ec, 0x39ec,
  0x39ec, 0x39ec, 0x39ec, 0x39ec, 0x39ec, 0x39ec, 0x39ec, 0x39ec, 0x39ec, 0x39ec, 0x39ec, 0x39ec,
  0x39ec, 0x39ec, 0x39ec, 0x39ec, 0x39ec, 0x39ec, 0x39ec, 0x39ec, 0x39ec, 0x39ec, 0x39ec, 0x39ec,
  0x39ec, 0x39ec, 0x39ec, 0x39ec, 0x39ec, 0x39ec, 0x39ec, 0x39ec, 0x39ec, 0x39ec, 0x39ec, 0x39ec,
  0x39ec, 0x39ec, 0x39ec, 0x39ec, 0x39ec, 0x39ec, 0x39ec, 0x39ec, 0x39ec, 0x39ec, 0x39ec, 0x39ec,
  0x39ec, 0x39ec, 0x39ec, 0x39ec, 0x39ec, 0x39ec, 0x39ec, 0x39ec, 0x39ec, 0x39ec, 0x39ec, 0x39ec,
  0x39ec, 0x39ec, 0x39ec, 0x39ec, 0x39ec, 0x39ec, 0x39ec, 0x39ec, 0x39ec, 0x39ec, 0x39ec, 0x39ec,
  0x39ec, 0x39ec, 0x39ec, 0x39ec, 0x39ec, 0x39ec, 0x39ec, 0x39ec, 0x39ec, 0x39ec, 0x39ec, 0x39ec,
  0x39ec, 0x39ec, 0x39ec, 0x39ec, 0x39ec, 0x39ec, 0x39ec, 0x39ec, 0x39ec, 0x39ec, 0x39ec, 0x39ec,
  0x39ec, 0x39ec, 0x39ec, 0x39ec, 0x39ec, 0x39ec, 0x39ec, 0x39ec, 0x39ec, 0x39ec, 0x39ec, 0x39ec,
  0x39ec, 0x39ec, 0x39ec, 0x39ec, 0x39ec, 0x39ec, 0x39ec, 0x39ec, 0x39ec, 0x39ec, 0x39ec, 0x39ec,
  0x39ec, 0x39ec, 0x39ec, 0x39ec, 0x39ec, 0x39ec, 0x39ec, 0x39ec, 0x39ec, 0x39ec, 0x39ec, 0x39ec,
  0x39ec, 0x39ec, 0x39ec, 0x39ec, 0x39ec, 0x39ec, 0x39ec, 0x39ec, 0x39ec, 0x39ec, 0x39ec, 0x39ec,
  0x39ec, 0x39ec, 0x39ec, 0x39ec, 0x39ec, 0x39ec, 0x39ec, 0x39ec, 0x39ec, 0x39ec, 0x39ec, 0x39ec,
  0x39ec, 0x39ec, 0x39ec, 0x39ec, 0x39ec, 0x39ec, 0x39ec, 0x39ec, 0x39ec, 0x39ec, 0x39ec, 0x39ec,
  0x39ec, 0x39ec, 0x39ec, 0x39ec, 0x39ec, 0x39ec, 0x39ec, 0x39ec, 0x39ec, 0x39ec, 0x39ec, 0x39ec,
  0x39ec, 0x39ec, 0x39ec, 0x39ec, 0x39ec, 0x39ec, 0x39ec, 0x39ec, 0x39eb, 0x39cb, 0x39eb, 0x39cb,
  0x39cb, 0x39ca, 0x39aa, 0x31aa, 0x31aa, 0x31aa, 0x318a, 0x3189, 0x3189, 0x3189, 0x2969, 0x2969,
  0x2968, 0x2948, 0x18e5, 0x18e5, 0x6b4f, 0x2948, 0x2948, 0x18e5, 0x18e5, 0x6b4f, 0x2948, 0x2948,
  0x18e5, 0x18e5, 0x6b4f, 0x2948, 0x2948, 0x2968, 0x2969, 0x2969, 0x3189, 0x3189, 0x318a, 0x31aa,
  0x31aa, 0x31aa, 0x31aa, 0x39cb, 0x39cb, 0x39cb, 0x39cb, 0x39cb, 0x39eb, 0x39ec, 0x39ec, 0x39ec,
  0x39ec, 0x39ec, 0x39ec, 0x39ec, 0x39ec, 0x39ec, 0x39ec, 0x39ec, 0x39ec, 0x39ec, 0x39ec, 0x39ec,
  0x39ec, 0x39ec, 0x39ec, 0x39ec, 0x39ec, 0x39ec, 0x39ec, 0x39ec, 0x39ec, 0x39ec, 0x39ec, 0x39ec,
  0x39ec, 0x39ec, 0x39ec, 0x39ec, 0x39ec, 0x39ec, 0x39ec, 0x39ec, 0x39ec, 0x39ec, 0x39ec, 0x39ec,
  0x39ec, 0x39ec, 0x39ec, 0x39ec, 0x39ec, 0x39ec, 0x39ec, 0x39ec, 0x39ec, 0x39ec, 0x39ec, 0x39ec,
  0x39ec, 0x39ec, 0x39ec, 0x39ec, 0x39ec, 0x39ec, 0x39ec, 0x39ec, 0x39ec, 0x39ec, 0x39ec, 0x39ec,
  0x39ec, 0x39ec, 0x39ec, 0x39ec, 0x39ec, 0x39ec, 0x39ec, 0x39ec, 0x39ec, 0x39ec, 0x39ec, 0x39ec,
  0x39ec, 0x39ec, 0x39ec, 0x39ec, 0x39ec, 0x39ec, 0x39ec, 0x39ec, 0x39ec, 0x39ec, 0x39ec, 0x39ec,
  0x39ec, 0x39ec, 0x39ec, 0x39ec, 0x39ec, 0x39ec, 0x39ec, 0x39ec, 0x39ec, 0x39ec, 0x39ec, 0x39ec,
  0x39ec, 0x39ec, 0x39ec, 0x39ec, 0x39ec, 0x39ec, 0x39ec, 0x39ec, 0x39ec, 0x39ec, 0x39ec, 0x39ec,
  0x39ec, 0x39ec, 0x39ec, 0x39ec, 0x39ec, 0x39ec, 0x39ec, 0x39ec, 0x39ec, 0x39ec, 0x39ec, 0x39ec,
  0x39ec, 0x39ec, 0x39ec, 0x39ec, 0x39ec, 0x39ec, 0x39ec, 0x39ec, 0x39ec, 0x39ec, 0x39ec, 0x39ec,
  0x39ec, 0x39ec, 0x39ec, 0x39ec, 0x39ec, 0x39ec, 0x39ec, 0x39ec, 0x39ec, 0x39ec, 0x39ec, 0x39ec,
  0x39ec, 0x39ec, 0x39ec, 0x39ec, 0x39ec, 0x39ec, 0x39ec, 0x39ec, 0x39ec, 0x39ec, 0x39ec, 0x39ec,
  0x39ec, 0x39ec, 0x39ec, 0x39ec, 0x39ec, 0x39ec, 0x39ec, 0x39ec, 0x39ec, 0x39ec, 0x39ec, 0x39ec,
  0x39ec, 0x39ec, 0x39ec, 0x39ec, 0x39ec, 0x39ec, 0x39ec, 0x39ec, 0x39ec, 0x39ec, 0x39ec, 0x39ec,
  0x39ec, 0x39ec, 0x39ec, 0x39ec, 0x39ec, 0x39ec, 0x39ec, 0x39ec, 0x39ec, 0x39ec, 0x39ec, 0x39ec,
  0x39ec, 0x39ec, 0x39ec, 0x39ec, 0x39ec, 0x39ec, 0x39ec, 0x39ec, 0x39ec, 0x39ec, 0x39ec, 0x39ec,
  0x39ec, 0x39ec, 0x39ec, 0x39ec, 0x39ec, 0x39ec, 0x39ec, 0x39ec, 0x39ec, 0x39ec, 0x39ec, 0x39ec,
  0x39ec, 0x39ec, 0x39ec, 0x39ec, 0x39ec, 0x39ec, 0x39ec, 0x39cb, 0x39cb, 0x39cb, 0x39cb, 0x39cb,
  0x39ca, 0x31aa, 0x31aa, 0x31aa, 0x31aa, 0x318a, 0x3189, 0x3189, 0x3169, 0x2969, 0x2968, 0x2968,
  0x2948, 0x18e5, 0x18e5, 0x6b4f, 0x2948, 0x2948, 0x18e5, 0x18e5, 0x6b4f, 0x2948, 0x2948, 0x18e5,
  0x18e5, 0x6b4f, 0x2948, 0x2948, 0x2968, 0x2968, 0x2969, 0x3189, 0x3189, 0x318a, 0x31aa, 0x31aa,
  0x31aa, 0x39aa, 0x39cb, 0x39cb, 0x39cb, 0x39cb, 0x39cb, 0x39eb, 0x39ec, 0x39ec, 0x39ec, 0x39ec,
  0x39ec, 0x39ec, 0x39ec, 0x39ec, 0x39ec, 0x39ec, 0x39ec, 0x39ec, 0x39ec, 0x39ec, 0x39ec, 0x39ec,
  0x39ec, 0x39ec, 0x39ec, 0x39ec, 0x39ec, 0x39ec, 0x39ec, 0x39ec, 0x39ec, 0x39ec, 0x39ec, 0x39ec,
  0x39ec, 0x39ec, 0x39ec, 0x39ec, 0x39ec, 0x39ec, 0x39ec, 0x39ec, 0x39ec, 0x39ec, 0x39ec, 0x39ec,
  0x39ec, 0x39ec, 0x39ec, 0x39ec, 0x39ec, 0x39ec, 0x39ec, 0x39ec, 0x39ec, 0x39ec, 0x39ec, 0x39ec,
  0x39ec, 0x39ec, 0x39ec, 0x39ec, 0x39ec, 0x39ec, 0x39ec, 0x39ec, 0x39ec, 0x39ec, 0x39ec, 0x39ec,
  0x39ec, 0x39ec, 0x39ec, 0x39ec, 0x39ec, 0x39ec, 0x39ec, 0x39ec, 0x39ec, 0x39ec, 0x39ec, 0x39ec,
  0x39ec, 0x39ec, 0x39ec, 0x39ec, 0x39ec, 0x39ec, 0x39ec, 0x39ec, 0x39ec, 0x39ec, 0x39ec, 0x39ec,
  0x39ec, 0x39ec, 0x39ec, 0x39ec, 0x39ec, 0x39ec, 0x39ec, 0x39ec, 0x39ec, 0x39ec, 0x39ec, 0x39ec,
  0x39ec, 0x39ec, 0x39ec, 0x39ec, 0x39ec, 0x39ec, 0x39ec, 0x39ec, 0x39ec, 0x39ec, 0x39ec, 0x39ec,
  0x39ec, 0x39ec, 0x39ec, 0x39ec, 0x39ec, 0x39ec, 0x39ec, 0x39ec, 0x39ec, 0x39ec, 0x39ec, 0x39ec,
  0x39ec, 0x39ec, 0x39ec, 0x39ec, 0x39ec, 0x39ec, 0x39ec, 0x39ec, 0x39ec, 0x39ec, 0x39ec, 0x39ec,
  0x39ec, 0x39ec, 0x39ec, 0x39ec, 0x39ec, 0x39ec, 0x39ec, 0x39ec, 0x39ec, 0x39ec, 0x39ec, 0x39ec,
  0x39ec, 0x39ec, 0x39ec, 0x39ec, 0x39ec, 0x39ec, 0x39ec, 0x39ec, 0x39ec, 0x39ec, 0x39ec, 0x39ec,
  0x39ec, 0x39ec, 0x39ec, 0x39ec, 0x39ec, 0x39ec, 0x39ec, 0x39ec, 0x39ec, 0x39ec, 0x39ec, 0x39ec,
  0x39ec, 0x39ec, 0x39ec, 0x39ec, 0x39ec, 0x39ec, 0x39ec, 0x39ec, 0x39ec, 0x39ec, 0x39ec, 0x39ec,
  0x39ec, 0x39ec, 0x39ec, 0x39ec, 0x39ec, 0x39ec, 0x39ec, 0x39ec, 0x39ec, 0x39ec, 0x39ec, 0x39ec,
  0x39ec, 0x39ec, 0x39ec, 0x39ec, 0x39ec, 0x39ec, 0x39ec, 0x39ec, 0x39ec, 0x39ec, 0x39ec, 0x39ec,
  0x39ec, 0x39ec, 0x39ec, 0x39ec, 0x39ec, 0x39ec, 0x39ec, 0x39ec, 0x39ec, 0x39ec, 0x39ec, 0x39ec,
  0x39ec, 0x39ec, 0x39ec, 0x39ec, 0x39ec, 0x39ec, 0x39cb, 0x39cb, 0x39cb, 0x39cb, 0x39cb, 0x39cb,
  0x31aa, 0x31aa, 0x31aa, 0x31aa, 0x318a, 0x3189, 0x3189, 0x2969, 0x2969, 0x2968, 0x2948, 0x2948,
  0x18e5, 0x18e5, 0x6b4f, 0x2948, 0x2948, 0x18e5, 0x18e5, 0x6b4f, 0x2948, 0x2948, 0x18e5, 0x18e5,
  0x6b4f, 0x2948, 0x2948, 0x2968, 0x2968, 0x2969, 0x3189, 0x3189, 0x318a, 0x31aa, 0x31aa, 0x31aa,
  0x31aa, 0x39ab, 0x39cb, 0x39cb, 0x39cb, 0x39cb, 0x39eb, 0x39ec, 0x39ec, 0x39ec, 0x39ec, 0x39ec,
  0x39ec, 0x39ec, 0x39ec, 0x39ec, 0x39ec, 0x39ec, 0x39ec, 0x39ec, 0x39ec, 0x39ec, 0x39ec, 0x39ec,
  0x39ec, 0x39ec, 0x39ec, 0x39ec, 0x39ec, 0x39ec, 0x39ec, 0x39ec, 0x39ec, 0x39ec, 0x39ec, 0x39ec,
  0x39ec, 0x39ec, 0x39ec, 0x39ec, 0x39ec, 0x39ec, 0x39ec, 0x39ec, 0x39ec, 0x39ec, 0x39ec, 0x39ec,
  0x39ec, 0x39ec, 0x39ec, 0x39ec, 0x39ec, 0x39ec, 0x39ec, 0x39ec, 0x39ec, 0x39ec, 0x39ec, 0x39ec,
  0x39ec, 0x39ec, 0x39ec, 0x39ec, 0x39ec, 0x39ec, 0x39ec, 0x39ec, 0x39ec, 0x39ec, 0x39ec, 0x39ec,
  0x39ec, 0x39ec, 0x39ec, 0x39ec, 0x39ec, 0x39ec, 0x39ec, 0x39ec, 0x39ec, 0x39ec, 0x39ec, 0x39ec,
  0x39ec, 0x39ec, 0x39ec, 0x39ec, 0x39ec, 0x39ec, 0x39ec, 0x39ec, 0x39ec, 0x39ec, 0x39ec, 0x39ec,
  0x39ec, 0x39ec, 0x39ec, 0x39ec, 0x39ec, 0x39ec, 0x39ec, 0x39ec, 0x39ec, 0x39ec, 0x39ec, 0x39ec,
  0x39ec, 0x39ec, 0x39ec, 0x39ec, 0x39ec, 0x39ec, 0x39ec, 0x39ec, 0x39ec, 0x39ec, 0x39ec, 0x39ec,
  0x39ec, 0x39ec, 0x39ec, 0x39ec, 0x39ec, 0x39ec, 0x39ec, 0x39ec, 0x39ec, 0x39ec, 0x39ec, 0x39ec,
  0x39ec, 0x39ec, 0x39ec, 0x39ec, 0x39ec, 0x39ec, 0x39ec, 0x39ec, 0x39ec, 0x39ec, 0x39ec, 0x39ec,
  0x39ec, 0x39ec, 0x39ec, 0x39ec, 0x39ec, 0x39ec, 0x39ec, 0x39ec, 0x39ec, 0x39ec, 0x39ec, 0x39ec,
  0x39ec, 0x39ec, 0x39ec, 0x39ec, 0x39ec, 0x39ec, 0x39ec, 0x39ec, 0x39ec, 0x39ec, 0x39ec, 0x39ec,
  0x39ec, 0x39ec, 0x39ec, 0x39ec, 0x39ec, 0x39ec, 0x39ec, 0x39ec, 0x39ec, 0x39ec, 0x39ec, 0x39ec,
  0x39ec, 0x39ec, 0x39ec, 0x39ec, 0x39ec, 0x39ec, 0x39ec, 0x39ec, 0x39ec, 0x39ec, 0x39ec, 0x39ec,
  0x39ec, 0x39ec, 0x39ec, 0x39ec, 0x39ec, 0x39ec, 0x39ec, 0x39ec, 0x39ec, 0x39ec, 0x39ec, 0x39ec,
  0x39ec, 0x39ec, 0x39ec, 0x39ec, 0x39ec, 0x39ec, 0x39ec, 0x39ec, 0x39ec, 0x39ec, 0x39ec, 0x39ec,
  0x39ec, 0x39ec, 0x39ec, 0x39ec, 0x39ec, 0x39ec, 0x39ec, 0x39ec, 0x39ec, 0x39ec, 0x39ec, 0x39ec,
  0x39ec, 0x39ec, 0x39ec, 0x39ec, 0x39ec, 0x39cb, 0x39cb, 0x39cb, 0x39cb, 0x39cb, 0x39cb, 0x31aa,
  0x31aa, 0x31aa, 0x31aa, 0x318a, 0x3189, 0x3189, 0x2969, 0x2968, 0x2968, 0x2948, 0x2948, 0x18e5,
  0x18e5, 0x6b4f, 0x2948, 0x2948, 0x18e5, 0x18e5, 0x6b4f, 0x2948, 0x2948, 0x18e5, 0x18e5, 0x6b4f,
  0x2948, 0x2948, 0x2948, 0x18e6, 0x20e6, 0x2106, 0x2106, 0x2126, 0x2127, 0x2127, 0x2127, 0x2127,
  0x2127, 0x2927, 0x2948, 0x2948, 0x2948, 0x2948, 0x2948, 0x2948, 0x2948, 0x2948, 0x2948, 0x2948,
  0x2948, 0x2948, 0x2948, 0x2948, 0x2948, 0x2948, 0x2948, 0x2948, 0x2948, 0x2948, 0x2948, 0x2948,
  0x2948, 0x2948, 0x2948, 0x2948, 0x2948, 0x2948, 0x2948, 0x2948, 0x2948, 0x2948, 0x2948, 0x2948,
  0x2948, 0x2948, 0x2948, 0x2948, 0x2948, 0x2948, 0x2948, 0x2948, 0x2948, 0x2948, 0x2948, 0x2948,
  0x2948, 0x2948, 0x2948, 0x2948, 0x2948, 0x2948, 0x2948, 0x2948, 0x2948, 0x2948, 0x2948, 0x2948,
  0x2948, 0x2948, 0x2948, 0x2948, 0x2948, 0x2948, 0x2948, 0x2948, 0x2948, 0x2948, 0x2948, 0x2948,
  0x2948, 0x2948, 0x2948, 0x2948, 0x2948, 0x2948, 0x2948, 0x2948, 0x2948, 0x2948, 0x2948, 0x2948,
  0x2948, 0x2948, 0x2948, 0x2948, 0x2948, 0x2948, 0x2948, 0x2948, 0x2948, 0x2948, 0x2948, 0x2948,
  0x2948, 0x2948, 0x2948, 0x2948, 0x2948, 0x2948, 0x2948, 0x2948, 0x2948, 0x2948, 0x2948, 0x2948,
  0x2948, 0x2948, 0x2948, 0x2948, 0x2948, 0x2948, 0x2948, 0x2948, 0x2948, 0x2948, 0x2948, 0x2948,
  0x2948, 0x2948, 0x2948, 0x2948, 0x2948, 0x2948, 0x2948, 0x2948, 0x2948, 0x2948, 0x2948, 0x2948,
  0x2948, 0x2948, 0x2948, 0x2948, 0x2948, 0x2948, 0x2948, 0x2948, 0x2948, 0x2948, 0x2948, 0x2948,
  0x2948, 0x2948, 0x2948, 0x2948, 0x2948, 0x2948, 0x2948, 0x2948, 0x2948, 0x2948, 0x2948, 0x2948,
  0x2948, 0x2948, 0x2948, 0x2948, 0x2948, 0x2948, 0x2948, 0x2948, 0x2948, 0x2948, 0x2948, 0x2948,
  0x2948, 0x2948, 0x2948, 0x2948, 0x2948, 0x2948, 0x2948, 0x2948, 0x2948, 0x2948, 0x2948, 0x2948,
  0x2948, 0x2948, 0x2948, 0x2948, 0x2948, 0x2948, 0x2948, 0x2948, 0x2948, 0x2948, 0x2948, 0x2948,
  0x2948, 0x2948, 0x2948, 0x2948, 0x2948, 0x2948, 0x2948, 0x2948, 0x2948, 0x2948, 0x2948, 0x2948,
  0x2948, 0x2948, 0x2948, 0x2948, 0x2948, 0x2948, 0x2948, 0x2948, 0x2948, 0x2948, 0x2948, 0x2948,
  0x2948, 0x2948, 0x2948, 0x2948, 0x2948, 0x2948, 0x2948, 0x2948, 0x2948, 0x2948, 0x2948, 0x2948,
  0x2948, 0x2948, 0x2948, 0x2948, 0x2948, 0x2948, 0x2948, 0x2947, 0x2947, 0x2127, 0x2127, 0x31aa,
  0x31aa, 0x2127, 0x2106, 0x2106, 0x2106, 0x20e6, 0x18e6, 0x18e6, 0x18e5, 0x2948, 0x18e5, 0x18e5,
  0x6b4f, 0x2948, 0x2948, 0x18e5, 0x18e5, 0x6b4f, 0x2948, 0x2948, 0x18e5, 0x18e5, 0x6b4f, 0x2948,
  0x2147, 0x2127, 0x2106, 0x630e, 0x5b0d, 0x5b0d, 0x5b0d, 0x5b0d, 0x5aec, 0x5aec, 0x5aec, 0x5aec,
  0x5aec, 0x5b0d, 0x5b0d, 0x5b0d, 0x5b0d, 0x5b0d, 0x5b0d, 0x5b0d, 0x5b0d, 0x5b0d, 0x5b0d, 0x5b0d,
  0x5b0d, 0x5b0d, 0x5b0d, 0x5b0d, 0x5b0d, 0x5b0d, 0x5b0d, 0x630e, 0x630e, 0x630e, 0x630e, 0x630e,
  0x630e, 0x630e, 0x630e, 0x630e, 0x630e, 0x630e, 0x630e, 0x630e, 0x632e, 0x632e, 0x632e, 0x632e,
  0x632e, 0x632e, 0x632e, 0x632e, 0x634e, 0x634e, 0x6b4f, 0x6b4f, 0x6b4f, 0x6b4f, 0x6b4f, 0x6b4f,
  0x6b4f, 0x6b4f, 0x6b4f, 0x6b4f, 0x6b4f, 0x6b4f, 0x6b4f, 0x6b4f, 0x6b4f, 0x6b4f, 0x6b6f, 0x6b6f,
  0x6b6f, 0x6b6f, 0x6b6f, 0x6b6f, 0x6b6f, 0x6b70, 0x6b70, 0x6b70, 0x6b70, 0x6b70, 0x6b70, 0x7370,
  0x7370, 0x7370, 0x7370, 0x7370, 0x7370, 0x7370, 0x7390, 0x7390, 0x7390, 0x7390, 0x7390, 0x7390,
  0x7390, 0x7390, 0x7391, 0x7391, 0x7391, 0x7391, 0x7391, 0x7391, 0x7391, 0x7391, 0x7391, 0x7391,
  0x7391, 0x7391, 0x7391, 0x7391, 0x7391, 0x7391, 0x73b1, 0x73b1, 0x73b1, 0x73b1, 0x73b1, 0x73b1,
  0x73b1, 0x73b1, 0x73b1, 0x73b1, 0x73b1, 0x73b1, 0x73b1, 0x73b1, 0x73b1, 0x73b1, 0x73b1, 0x73b1,
  0x73b1, 0x73b1, 0x73b1, 0x73b1, 0x73b1, 0x73b1, 0x73b1, 0x73b1, 0x73b1, 0x73b1, 0x73b1, 0x7391,
  0x7391, 0x7391, 0x7391, 0x7391, 0x7391, 0x7391, 0x7391, 0x7391, 0x7391, 0x7391, 0x7391, 0x7391,
  0x7391, 0x7391, 0x7391, 0x7390, 0x7390, 0x7390, 0x7390, 0x7390, 0x7390, 0x7390, 0x7390, 0x7370,
  0x7370, 0x7370, 0x7370, 0x7370, 0x7370, 0x7370, 0x6b70, 0x6b70, 0x6b70, 0x6b70, 0x6b6f, 0x6b6f,
  0x6b6f, 0x6b6f, 0x6b6f, 0x6b6f, 0x6b6f, 0x6b6f, 0x6b4f, 0x6b4f, 0x6b4f, 0x6b4f, 0x6b4f, 0x6b4f,
  0x6b4f, 0x6b4f, 0x6b4f, 0x6b4f, 0x6b4f, 0x6b4f, 0x6b4f, 0x634e, 0x634e, 0x634e, 0x634e, 0x632e,
  0x632e, 0x632e, 0x632e, 0x632e, 0x632e, 0x632e, 0x630e, 0x630e, 0x630e, 0x630e, 0x630e, 0x630e,
  0x630e, 0x630e, 0x630e, 0x630e, 0x630e, 0x630e, 0x630e, 0x630e, 0x630e, 0x630e, 0x630e, 0x630e,
  0x630e, 0x630e, 0x630e, 0x632e, 0x632e, 0x632e, 0x632e, 0x634e, 0x634e, 0x6b4f, 0x6b4f, 0x6b4f,
  0x6b4f, 0x6b4f, 0x6b4f, 0x6b4f, 0x6b4f, 0x6b4f, 0x6b4f, 0x6b4f, 0x6b4f, 0x2948, 0x2948, 0x2948,
  0x6b4f, 0x6b4f, 0x6b4f, 0x6b4f, 0x6b4f, 0x6b4f, 0x6b4f, 0x2948, 0x2948, 0x18e5, 0x18e5, 0x6b4f,
  0x2948, 0x2948, 0x18e5, 0x18e5, 0x6b4f, 0x2948, 0x2948, 0x18e5, 0x18e5, 0x6b4f, 0x2147, 0x2127,
  0x2106, 0x20e6, 0x18e5, 0x18c5, 0x18c5, 0x18c4, 0x10a4, 0x10a4, 0x10a4, 0x10a4, 0x10a4, 0x10a4,
  0x18c4, 0x18c4, 0x18c4, 0x18c4, 0x18c4, 0x18c5, 0x18c5, 0x18c5, 0x18c5, 0x18c5, 0x18c5, 0x18c5,
  0x18c5, 0x18e5, 0x18e5, 0x18e5, 0x18e5, 0x18e5, 0x18e5, 0x18e5, 0x18e5, 0x18e5, 0x18e6, 0x18e6,
  0x18e6, 0x1906, 0x2106, 0x2106, 0x2106, 0x2106, 0x2106, 0x2106, 0x2106, 0x2107, 0x2106, 0x2126,
  0x2127, 0x2127, 0x2127, 0x2127, 0x2127, 0x2127, 0x2127, 0x2127, 0x2147, 0x2147, 0x2147, 0x2947,
  0x2947, 0x2948, 0x2948, 0x2948, 0x2948, 0x2948, 0x2948, 0x2948, 0x2948, 0x2968, 0x2968, 0x2968,
  0x2968, 0x2968, 0x2968, 0x2969, 0x2969, 0x2969, 0x2969, 0x2989, 0x3169, 0x3189, 0x3189, 0x3189,
  0x3189, 0x3189, 0x3189, 0x3189, 0x3189, 0x318a, 0x318a, 0x318a, 0x31aa, 0x31aa, 0x31aa, 0x31aa,
  0x31aa, 0x31aa, 0x31aa, 0x31aa, 0x31aa, 0x31aa, 0x31aa, 0x31aa, 0x31aa, 0x31aa, 0x31aa, 0x39aa,
  0x39aa, 0x39aa, 0x39aa, 0x39cb, 0x31ca, 0x39cb, 0x39cb, 0x39cb, 0x39cb, 0x39cb, 0x39cb, 0x39cb,
  0x39cb, 0x39cb, 0x39cb, 0x39cb, 0x39cb, 0x39cb, 0x39cb, 0x39cb, 0x39cb, 0x39cb, 0x39cb, 0x39cb,
  0x39cb, 0x39cb, 0x39cb, 0x39cb, 0x39cb, 0x39cb, 0x39cb, 0x39cb, 0x39cb, 0x39cb, 0x39cb, 0x39cb,
  0x39ab, 0x31cb, 0x39aa, 0x31ca, 0x31aa, 0x31aa, 0x31aa, 0x31aa, 0x31aa, 0x31aa, 0x31aa, 0x31aa,
  0x31aa, 0x31aa, 0x31aa, 0x31aa, 0x31aa, 0x318a, 0x31aa, 0x318a, 0x3189, 0x3189, 0x3189, 0x3189,
  0x3189, 0x3189, 0x3189, 0x3189, 0x3189, 0x3189, 0x2969, 0x2969, 0x2969, 0x2969, 0x2969, 0x2969,
  0x2968, 0x2968, 0x2968, 0x2968, 0x2968, 0x2948, 0x2948, 0x2948, 0x2948, 0x2948, 0x2948, 0x2948,
  0x2947, 0x2947, 0x2127, 0x2127, 0x2127, 0x2127, 0x2127, 0x2127, 0x2127, 0x2127, 0x2127, 0x2127,
  0x2107, 0x2106, 0x2106, 0x2106, 0x2106, 0x2106, 0x2106, 0x2106, 0x20e6, 0x18e6, 0x1906, 0x18e6,
  0x18e6, 0x18e6, 0x18e5, 0x18e5, 0x18e5, 0x18e5, 0x18e5, 0x18e5, 0x18e5, 0x18e5, 0x18e6, 0x1906,
  0x20e6, 0x2106, 0x2106, 0x2106, 0x2106, 0x2107, 0x2127, 0x2127, 0x2127, 0x2127, 0x2127, 0x2127,
  0x2927, 0x2947, 0x2947, 0x2948, 0x2948, 0x2948, 0x2948, 0x2948, 0x2948, 0x2948, 0x2948, 0x2948,
  0x2948, 0x2948, 0x2948, 0x2948, 0x2948, 0x2948, 0x2948, 0x2948, 0x18e5, 0x18e5, 0x6b4f, 0x2948,
  0x2948, 0x18e5, 0x18e5, 0x6b4f, 0x2948, 0x2948, 0x18e5, 0x18e5, 0x6b4f, 0x2127, 0x2106, 0x1906,
  0x18e5, 0x18c5, 0x18c5, 0x18c4, 0x10c4, 0x10a4, 0x10a4, 0x10a4, 0x10a4, 0x10c4, 0x18c4, 0x10c4,
  0x18c4, 0x18c4, 0x18c4, 0x18c4, 0x18c5, 0x18c5, 0x18c5, 0x18c5, 0x18c5, 0x18c5, 0x18c5, 0x18c5,
  0x18e5, 0x18e5, 0x18e5, 0x18e5, 0x18e5, 0x18e5, 0x18e5, 0x18e5, 0x18e5, 0x18e6, 0x18e6, 0x1906,
  0x1906, 0x2106, 0x2106, 0x2106, 0x2106, 0x2106, 0x2106, 0x2106, 0x2106, 0x2106, 0x2126, 0x2107,
  0x2127, 0x2127, 0x2127, 0x2127, 0x2127, 0x2127, 0x2127, 0x2127, 0x2147, 0x2147, 0x2947, 0x2947,
  0x2948, 0x2948, 0x2948, 0x2948, 0x2948, 0x2948, 0x2948, 0x2948, 0x2968, 0x2968, 0x2968, 0x2968,
  0x2968, 0x2969, 0x2969, 0x2969, 0x2969, 0x2969, 0x3189, 0x3169, 0x3189, 0x3189, 0x3189, 0x3189,
  0x3189, 0x3189, 0x3189, 0x3189, 0x318a, 0x318a, 0x318a, 0x318a, 0x31aa, 0x31aa, 0x31aa, 0x31aa,
  0x31aa, 0x31aa, 0x31aa, 0x31aa, 0x31aa, 0x31aa, 0x31aa, 0x31aa, 0x31aa, 0x31aa, 0x31aa, 0x39aa,
  0x39aa, 0x31ca, 0x39cb, 0x31cb, 0x39cb, 0x39cb, 0x39cb, 0x39cb, 0x39cb, 0x39cb, 0x39cb, 0x39cb,
  0x39cb, 0x39cb, 0x39cb, 0x39cb, 0x39cb, 0x39cb, 0x39cb, 0x39cb, 0x39cb, 0x39cb, 0x39cb, 0x39cb,
  0x39cb, 0x39cb, 0x39cb, 0x39cb, 0x39cb, 0x39cb, 0x39cb, 0x39cb, 0x39cb, 0x39ab, 0x39cb, 0x39cb,
  0x39aa, 0x39cb, 0x39aa, 0x39aa, 0x31aa, 0x31aa, 0x31aa, 0x31aa, 0x31aa, 0x31aa, 0x31aa, 0x31aa,
  0x31aa, 0x31aa, 0x31aa, 0x31aa, 0x31aa, 0x31aa, 0x318a, 0x318a, 0x318a, 0x3189, 0x3189, 0x3189,
  0x3189, 0x3189, 0x3189, 0x3189, 0x3169, 0x2969, 0x2969, 0x2969, 0x2969, 0x2969, 0x2968, 0x2968,
  0x2969, 0x2968, 0x2968, 0x2968, 0x2968, 0x2948, 0x2948, 0x2948, 0x2948, 0x2948, 0x2948, 0x2947,
  0x2927, 0x2127, 0x2127, 0x2127, 0x2127, 0x2127, 0x2127, 0x2127, 0x2127, 0x2127, 0x2127, 0x2126,
  0x2107, 0x2106, 0x2106, 0x2106, 0x2106, 0x2106, 0x2106, 0x2106, 0x20e6, 0x1906, 0x18e6, 0x18e6,
  0x18e5, 0x18e5, 0x18e5, 0x18e5, 0x18e5, 0x18e5, 0x18e5, 0x18e5, 0x18e5, 0x18e5, 0x18e6, 0x18e6,
  0x20e6, 0x2106, 0x2106, 0x2106, 0x2106, 0x2126, 0x2127, 0x2127, 0x2127, 0x2127, 0x2127, 0x2127,
  0x2927, 0x2947, 0x2947, 0x2948, 0x2948, 0x2948, 0x2948, 0x2948, 0x2948, 0x2948, 0x2948, 0x2948,
  0x2948, 0x6b4f, 0x6b4f, 0x2948, 0x2948, 0x2948, 0x2948, 0x18e5, 0x18e5, 0x6b4f, 0x2948, 0x2948,
  0x18e5, 0x18e5, 0x6b4f, 0x2948, 0x2948, 0x18e5, 0x18c5, 0x634e, 0x2106, 0x1906, 0x18e5, 0x18c5,
  0x18c5, 0x18c4, 0x10a4, 0x10a4, 0x10a4, 0x10a4, 0x10a4, 0x10c4, 0x10a4, 0x18c4, 0x18c4, 0x18c4,
  0x18c4, 0x18c4, 0x18c4, 0x18c5, 0x18c5, 0x18c5, 0x18c5, 0x18c5, 0x18c5, 0x18c5, 0x18c5, 0x18e5,
  0x18e5, 0x18e5, 0x18e5, 0x18e5, 0x18e5, 0x18e5, 0x18e5, 0x18e5, 0x18e6, 0x18e6, 0x18e6, 0x1906,
  0x2106, 0x2106, 0x2106, 0x2106, 0x2106, 0x2106, 0x2106, 0x2106, 0x2126, 0x2126, 0x2127, 0x2127,
  0x2127, 0x2127, 0x2127, 0x2127, 0x2127, 0x2127, 0x2127, 0x2147, 0x2927, 0x2947, 0x2947, 0x2948,
  0x2948, 0x2948, 0x2948, 0x2948, 0x2948, 0x2948, 0x2968, 0x2968, 0x2968, 0x2968, 0x2968, 0x2968,
  0x2968, 0x2969, 0x2969, 0x2969, 0x2969, 0x3169, 0x3189, 0x3189, 0x3189, 0x3189, 0x3189, 0x3189,
  0x3189, 0x3189, 0x3189, 0x3189, 0x318a, 0x318a, 0x31aa, 0x318a, 0x31aa, 0x31aa, 0x31aa, 0x31aa,
  0x31aa, 0x31aa, 0x31aa, 0x31aa, 0x31aa, 0x31aa, 0x31aa, 0x31aa, 0x31aa, 0x31aa, 0x39aa, 0x31ca,
  0x39aa, 0x39cb, 0x39cb, 0x31cb, 0x39cb, 0x39cb, 0x39cb, 0x39cb, 0x39cb, 0x39cb, 0x39cb, 0x39cb,
  0x39cb, 0x39cb, 0x39cb, 0x39cb, 0x39cb, 0x39cb, 0x39cb, 0x39cb, 0x39cb, 0x39cb, 0x39cb, 0x39cb,
  0x39cb, 0x39cb, 0x39cb, 0x39cb, 0x39cb, 0x39cb, 0x39cb, 0x39cb, 0x39cb, 0x39ab, 0x39cb, 0x31ca,
  0x31ab, 0x39aa, 0x31ab, 0x31aa, 0x31aa, 0x31aa, 0x31aa, 0x31aa, 0x31aa, 0x31aa, 0x31aa, 0x31aa,
  0x31aa, 0x31aa, 0x31aa, 0x31aa, 0x31aa, 0x318a, 0x3189, 0x318a, 0x3189, 0x3189, 0x3189, 0x3189,
  0x3189, 0x3189, 0x3189, 0x3169, 0x2969, 0x2969, 0x2969, 0x2969, 0x2969, 0x2969, 0x2968, 0x2969,
  0x2968, 0x2968, 0x2948, 0x2948, 0x2948, 0x2948, 0x2948, 0x2948, 0x2948, 0x2948, 0x2947, 0x2147,
  0x2147, 0x2147, 0x2127, 0x2127, 0x2127, 0x2127, 0x2127, 0x2127, 0x2127, 0x2107, 0x2106, 0x2106,
  0x2106, 0x2106, 0x2106, 0x2106, 0x2106, 0x2106, 0x20e6, 0x1906, 0x1906, 0x18e6, 0x18e6, 0x18e5,
  0x18e5, 0x18e5, 0x18e5, 0x18e5, 0x18e5, 0x18e5, 0x18e5, 0x18e5, 0x18e5, 0x18e5, 0x18e6, 0x1906,
  0x20e6, 0x2106, 0x2106, 0x2106, 0x2106, 0x2126, 0x2127, 0x2127, 0x2127, 0x2127, 0x2127, 0x2127,
  0x2927, 0x2947, 0x2947, 0x2948, 0x2948, 0x2948, 0x2948, 0x2948, 0x2948, 0x2948, 0x2948, 0x6b4f,
  0x6b4f, 0x6b4f, 0x6b4f, 0x2948, 0x2948, 0x2948, 0x18e5, 0x18e5, 0x6b4f, 0x2948, 0x2948, 0x18e5,
  0x18e5, 0x6b4f, 0x2948, 0x2948, 0x18c5, 0x18c5, 0x632e, 0x1906, 0x18e5, 0x18c5, 0x18c5, 0x10a4,
  0x10a4, 0x10a4, 0x10a4, 0x10a4, 0x10a4, 0x10a4, 0x10c4, 0x10c4, 0x18c4, 0x10c4, 0x18c4, 0x18c4,
  0x18c4, 0x18c5, 0x18c4, 0x18c5, 0x18c5, 0x18c5, 0x18c5, 0x18c5, 0x18c5, 0x18c5, 0x18e5, 0x18e5,
  0x18e5, 0x18e5, 0x18e5, 0x18e5, 0x18e5, 0x18e5, 0x18e5, 0x18e6, 0x18e6, 0x18e6, 0x1906, 0x2106,
  0x2106, 0x2106, 0x2106, 0x2106, 0x2106, 0x2106, 0x2106, 0x2126, 0x2107, 0x2107, 0x2127, 0x2127,
  0x2127, 0x2127, 0x2127, 0x2127, 0x2127, 0x2127, 0x2927, 0x2927, 0x2947, 0x2948, 0x2948, 0x2948,
  0x2948, 0x2948, 0x2948, 0x2948, 0x2948, 0x2968, 0x2968, 0x2968, 0x2968, 0x2969, 0x2968, 0x2969,
  0x2969, 0x2969, 0x2969, 0x2969, 0x3169, 0x2989, 0x2989, 0x3189, 0x3189, 0x3189, 0x3189, 0x3189,
  0x3189, 0x3189, 0x3189, 0x318a, 0x318a, 0x318a, 0x31aa, 0x31aa, 0x31aa, 0x31aa, 0x31aa, 0x31aa,
  0x31aa, 0x31aa, 0x31aa, 0x31aa, 0x31aa, 0x31aa, 0x31aa, 0x31ab, 0x31aa, 0x31aa, 0x39aa, 0x39aa,
  0x39cb, 0x39ab, 0x39cb, 0x39cb, 0x39cb, 0x39cb, 0x39cb, 0x39cb, 0x39cb, 0x39cb, 0x39cb, 0x39cb,
  0x39cb, 0x39cb, 0x39cb, 0x39cb, 0x39cb, 0x39cb, 0x39cb, 0x39cb, 0x39cb, 0x39cb, 0x39cb, 0x39cb,
  0x39cb, 0x39cb, 0x39cb, 0x39cb, 0x39cb, 0x39cb, 0x39cb, 0x39cb, 0x39cb, 0x39ab, 0x39cb, 0x39ab,
  0x39aa, 0x31ab, 0x31aa, 0x31aa, 0x31aa, 0x31aa, 0x31aa, 0x31aa, 0x31aa, 0x31aa, 0x31aa, 0x31aa,
  0x31aa, 0x31aa, 0x31aa, 0x318a, 0x318a, 0x318a, 0x3189, 0x3189, 0x3189, 0x3189, 0x3189, 0x3189,
  0x3189, 0x3189, 0x3189, 0x2969, 0x2969, 0x2969, 0x2969, 0x2969, 0x2969, 0x2968, 0x2968, 0x2968,
  0x2968, 0x2948, 0x2968, 0x2948, 0x2948, 0x2948, 0x2948, 0x2948, 0x2948, 0x2948, 0x2947, 0x2147,
  0x2147, 0x2127, 0x2127, 0x2127, 0x2127, 0x2127, 0x2127, 0x2127, 0x2127, 0x2107, 0x2106, 0x2106,
  0x2106, 0x2106, 0x2106, 0x2106, 0x2106, 0x2106, 0x1906, 0x18e6, 0x1906, 0x18e6, 0x18e5, 0x18e5,
  0x18e5, 0x18e5, 0x18e5, 0x18e5, 0x18e5, 0x18e5, 0x18e5, 0x18e5, 0x18e5, 0x18e5, 0x18e6, 0x18e6,
  0x1906, 0x18e6, 0x2106, 0x2106, 0x2106, 0x2126, 0x2107, 0x2127, 0x2127, 0x2127, 0x2127, 0x2127,
  0x2927, 0x2947, 0x2947, 0x2948, 0x2948, 0x2948, 0x2948, 0x2948, 0x2948, 0x6b4f, 0x6b4f, 0x6b4f,
  0x6b4f, 0x6b4f, 0x6b4f, 0x2948, 0x2948, 0x18e5, 0x18e5, 0x6b4f, 0x2948, 0x2948, 0x18e5, 0x18e5,
  0x6b4f, 0x2948, 0x2147, 0x18c5, 0x18c4, 0x630e, 0x18e5, 0x18c5, 0x18c5, 0x10a4, 0x10a4, 0x10a4,
  0x10a4, 0x10a4, 0x10a4, 0x10a4, 0x10a4, 0x10c4, 0x10c4, 0x10c4, 0x10c4, 0x18c4, 0x18c4, 0x18c4,
  0x18c4, 0x18c5, 0x18c5, 0x18c5, 0x18c5, 0x18c5, 0x18c5, 0x18c5, 0x18c5, 0x18e5, 0x18e5, 0x18e5,
  0x18e5, 0x18e5, 0x18e5, 0x18e5, 0x18e5, 0x18e5, 0x18e6, 0x18e6, 0x18e6, 0x2106, 0x2106, 0x2106,
  0x2106, 0x2106, 0x2106, 0x2106, 0x2106, 0x2106, 0x2126, 0x2126, 0x2127, 0x2127, 0x2127, 0x2127,
  0x2127, 0x2127, 0x2127, 0x2127, 0x2147, 0x2127, 0x2927, 0x2947, 0x2947, 0x2948, 0x2948, 0x2948,
  0x2948, 0x2948, 0x2948, 0x2968, 0x2948, 0x2948, 0x2968, 0x2968, 0x2968, 0x2968, 0x2968, 0x2969,
  0x2969, 0x2969, 0x2969, 0x3169, 0x2989, 0x2989, 0x3189, 0x3189, 0x3189, 0x3189, 0x3189, 0x3189,
  0x3189, 0x318a, 0x318a, 0x318a, 0x318a, 0x31aa, 0x31aa, 0x31aa, 0x31aa, 0x31aa, 0x31aa, 0x31aa,
  0x31aa, 0x31aa, 0x31aa, 0x31aa, 0x31aa, 0x31aa, 0x31aa, 0x31aa, 0x39aa, 0x31ca, 0x31ca, 0x31cb,
  0x39ab, 0x39cb, 0x39cb, 0x39cb, 0x39cb, 0x39cb, 0x39cb, 0x39cb, 0x39cb, 0x39cb, 0x39cb, 0x39cb,
  0x39cb, 0x39cb, 0x39cb, 0x39cb, 0x39cb, 0x39cb, 0x39cb, 0x39cb, 0x39cb, 0x39cb, 0x39cb, 0x39cb,
  0x39cb, 0x39cb, 0x39cb, 0x39cb, 0x39cb, 0x39cb, 0x39cb, 0x39cb, 0x31cb, 0x39ab, 0x31ca, 0x39aa,
  0x31aa, 0x31aa, 0x31aa, 0x31aa, 0x31aa, 0x31aa, 0x31aa, 0x31aa, 0x31aa, 0x31aa, 0x31aa, 0x31aa,
  0x31aa, 0x31aa, 0x318a, 0x318a, 0x318a, 0x318a, 0x3189, 0x3189, 0x3189, 0x3189, 0x3189, 0x3189,
  0x3189, 0x3169, 0x3169, 0x2969, 0x2969, 0x2969, 0x2969, 0x2968, 0x2968, 0x2968, 0x2968, 0x2968,
  0x2948, 0x2948, 0x2948, 0x2948, 0x2948, 0x2948, 0x2948, 0x2948, 0x2948, 0x2947, 0x2147, 0x2127,
  0x2127, 0x2127, 0x2127, 0x2127, 0x2127, 0x2127, 0x2127, 0x2127, 0x2126, 0x2126, 0x2106, 0x2106,
  0x2106, 0x2106, 0x2106, 0x2106, 0x2106, 0x20e6, 0x1906, 0x18e6, 0x18e6, 0x18e6, 0x18e5, 0x18e5,
  0x18e5, 0x18e5, 0x18e5, 0x18e5, 0x18e5, 0x18e5, 0x18e5, 0x18e5, 0x18e5, 0x18e5, 0x18e5, 0x18e6,
  0x1906, 0x2106, 0x2106, 0x2106, 0x2106, 0x2126, 0x2107, 0x2127, 0x2127, 0x2127, 0x2127, 0x2127,
  0x2927, 0x2947, 0x2947, 0x2947, 0x2948, 0x2948, 0x2948, 0x6b4f, 0x6b4f, 0x6b4f, 0x6b4f, 0x6b4f,
  0x6b4f, 0x6b4f, 0x6b4f, 0x2948, 0x18e5, 0x18e5, 0x6b4f, 0x2948, 0x2948, 0x18e5, 0x18e5, 0x6b4f,
  0x2127, 0x2127, 0x18c4, 0x10a4, 0x5b0d, 0x18c5, 0x18c5, 0x10c4, 0x10a4, 0x10a4, 0x10a4, 0x10a4,
  0x10a4, 0x10a4, 0x10a4, 0x10a4, 0x10c4, 0x10a4, 0x10c4, 0x10c4, 0x18c4, 0x18c4, 0x18c4, 0x18c4,
  0x18c5, 0x18c5, 0x18c5, 0x18c5, 0x18c5, 0x18c5, 0x18c5, 0x18c5, 0x18e5, 0x18e5, 0x18e5, 0x18e5,
  0x18e5, 0x18e5, 0x18e5, 0x18e5, 0x18e5, 0x18e6, 0x1906, 0x1906, 0x20e6, 0x2106, 0x2106, 0x2106,
  0x2106, 0x2106, 0x2106, 0x2106, 0x2106, 0x2126, 0x2107, 0x2127, 0x2127, 0x2127, 0x2127, 0x2127,
  0x2127, 0x2127, 0x2127, 0x2127, 0x2127, 0x2947, 0x2947, 0x2948, 0x2948, 0x2948, 0x2948, 0x2948,
  0x2948, 0x2948, 0x2968, 0x2968, 0x2968, 0x2968, 0x2968, 0x2968, 0x2968, 0x2968, 0x2969, 0x2969,
  0x2969, 0x2969, 0x2989, 0x3189, 0x3189, 0x3189, 0x3189, 0x3189, 0x3189, 0x3189, 0x3189, 0x3189,
  0x3189, 0x318a, 0x318a, 0x31aa, 0x31aa, 0x31aa, 0x31aa, 0x31aa, 0x31aa, 0x31aa, 0x31aa, 0x31aa,
  0x31aa, 0x31aa, 0x31aa, 0x31aa, 0x31aa, 0x31aa, 0x31aa, 0x31aa, 0x39aa, 0x31ca, 0x39cb, 0x39ab,
  0x39ab, 0x39cb, 0x39ca, 0x39cb, 0x39cb, 0x39cb, 0x39cb, 0x39cb, 0x39cb, 0x39cb, 0x39cb, 0x39cb,
  0x39cb, 0x39cb, 0x39cb, 0x39cb, 0x39cb, 0x39cb, 0x39cb, 0x39cb, 0x39cb, 0x39cb, 0x39cb, 0x39cb,
  0x39cb, 0x39cb, 0x39cb, 0x39cb, 0x39cb, 0x39cb, 0x31cb, 0x39ab, 0x31ab, 0x39aa, 0x39aa, 0x39aa,
  0x31aa, 0x31aa, 0x31aa, 0x31aa, 0x31aa, 0x31aa, 0x31aa, 0x31aa, 0x31aa, 0x31aa, 0x31aa, 0x31aa,
  0x318a, 0x318a, 0x318a, 0x318a, 0x3189, 0x3189, 0x3189, 0x3189, 0x3189, 0x3189, 0x3189, 0x3189,
  0x2989, 0x2969, 0x2969, 0x2969, 0x2969, 0x2969, 0x2969, 0x2968, 0x2968, 0x2968, 0x2968, 0x2968,
  0x2948, 0x2948, 0x2948, 0x2948, 0x2948, 0x2948, 0x2948, 0x2947, 0x2947, 0x2127, 0x2127, 0x2127,
  0x2127, 0x2127, 0x2127, 0x2127, 0x2127, 0x2127, 0x2127, 0x2106, 0x2107, 0x2106, 0x2106, 0x2106,
  0x2106, 0x2106, 0x2106, 0x2106, 0x2106, 0x1906, 0x1906, 0x18e5, 0x18e5, 0x18e5, 0x18e5, 0x18e5,
  0x18e5, 0x18e5, 0x18e5, 0x18e5, 0x18e5, 0x18e5, 0x18e5, 0x18e5, 0x18e5, 0x18e5, 0x18e5, 0x18e5,
  0x18e6, 0x18e6, 0x2106, 0x2106, 0x2106, 0x2106, 0x2107, 0x2127, 0x2127, 0x2127, 0x2127, 0x2127,
  0x2927, 0x2927, 0x2947, 0x2948, 0x2948, 0x2948, 0x2948, 0x2948, 0x2948, 0x2948, 0x2948, 0x2948,
  0x2948, 0x2948, 0x2948, 0x18e5, 0x18e5, 0x6b4f, 0x2948, 0x2948, 0x18e5, 0x18e5, 0x6b4f, 0x2127,
  0x2106, 0x10a4, 0x10a3, 0x5b0d, 0x18c4, 0x10a4, 0x10a4, 0x10a4, 0x10a4, 0x10a4, 0x10a4, 0x10a4,
  0x10a4, 0x10a4, 0x10a4, 0x10a4, 0x10a4, 0x18c4, 0x10c4, 0x18c4, 0x18c4, 0x18c4, 0x18c4, 0x18c5,
  0x18c5, 0x18c5, 0x18c5, 0x18c5, 0x18c5, 0x18c5, 0x18c5, 0x18e5, 0x18e5, 0x18e5, 0x18e5, 0x18e5,
  0x18e5, 0x18e5, 0x18e5, 0x18e5, 0x18e6, 0x1906, 0x1906, 0x18e6, 0x2106, 0x2106, 0x2106, 0x2106,
  0x2106, 0x2106, 0x2106, 0x2107, 0x2126, 0x2126, 0x2127, 0x2127, 0x2127, 0x2127, 0x2127, 0x2127,
  0x2127, 0x2127, 0x2147, 0x2127, 0x2147, 0x2947, 0x2947, 0x2948, 0x2948, 0x2948, 0x2948, 0x2948,
  0x2948, 0x2948, 0x2968, 0x2948, 0x2968, 0x2968, 0x2968, 0x2968, 0x2969, 0x2969, 0x2969, 0x2969,
  0x2969, 0x2989, 0x3169, 0x3189, 0x3189, 0x3189, 0x3189, 0x3189, 0x3189, 0x3189, 0x318a, 0x3189,
  0x318a, 0x318a, 0x318a, 0x318a, 0x31aa, 0x31aa, 0x31aa, 0x31aa, 0x31aa, 0x31aa, 0x31aa, 0x31aa,
  0x31aa, 0x31aa, 0x31aa, 0x31aa, 0x31aa, 0x39aa, 0x39aa, 0x39aa, 0x39aa, 0x39cb, 0x39cb, 0x39cb,
  0x39cb, 0x39cb, 0x39cb, 0x39cb, 0x39cb, 0x39cb, 0x2947, 0x2947, 0x2927, 0x2947, 0x2947, 0x2947,
  0x2947, 0x2947, 0x2947, 0x2947, 0x2947, 0x2947, 0x2927, 0x2947, 0x2947, 0x2927, 0x2927, 0x2947,
  0x2927, 0x2127, 0x2127, 0x2127, 0x2127, 0x2127, 0x2127, 0x2127, 0x2127, 0x2127, 0x2127, 0x2127,
  0x2127, 0x2127, 0x2127, 0x2127, 0x2127, 0x2127, 0x2127, 0x2127, 0x2127, 0x2127, 0x2127, 0x2127,
  0x2127, 0x2107, 0x2107, 0x2106, 0x2126, 0x2106, 0x2106, 0x2106, 0x2106, 0x2106, 0x2106, 0x2106,
  0x2106, 0x2106, 0x2106, 0x2106, 0x2106, 0x18e6, 0x18e6, 0x18e6, 0x18e6, 0x18e6, 0x18e6, 0x18e5,
  0x18e5, 0x18e5, 0x18e5, 0x18e5, 0x18e5, 0x18e5, 0x18e5, 0x18e5, 0x18c5, 0x18c5, 0x18c5, 0x18c5,
  0x18c5, 0x18c5, 0x18c5, 0x18c5, 0x18c5, 0x18c5, 0x18c4, 0x18c4, 0x18c4, 0x18c4, 0x18c4, 0x10c4,
  0x10a4, 0x10a4, 0x10a4, 0x630e, 0x1906, 0x18e6, 0x18e6, 0x18e5, 0x18e5, 0x18e5, 0x18e5, 0x18e5,
  0x18e5, 0x18e5, 0x18e5, 0x18c5, 0x18e5, 0x18e5, 0x18c5, 0x18e5, 0x18e5, 0x18e5, 0x18e5, 0x18e5,
  0x18e6, 0x18e6, 0x2106, 0x2106, 0x2106, 0x2106, 0x2107, 0x2127, 0x2127, 0x2127, 0x2127, 0x2127,
  0x2147, 0x2927, 0x2947, 0x2947, 0x2948, 0x2948, 0x2948, 0x2948, 0x2948, 0x2948, 0x2948, 0x2948,
  0x2948, 0x2948, 0x18e5, 0x18e5, 0x6b4f, 0x2948, 0x2948, 0x18e5, 0x18c5, 0x634e, 0x2106, 0x18e6,
  0x10a3, 0x10a3, 0x5b0d, 0x10a4, 0x10a4, 0x10a4, 0x10a4, 0x10a4, 0x10a4, 0x428b, 0xadb8, 0xadb8,
  0xadb8, 0xadb8, 0xadb8, 0xadb8, 0xadb8, 0xadb8, 0xadb8, 0xadb8, 0xadb8, 0xadb8, 0xadb8, 0xadb8,
  0xadb8, 0xadb8, 0xadb8, 0xadb8, 0xadb8, 0xadb8, 0xadb8, 0x8494, 0x18e5, 0x18e5, 0x18e5, 0x18e5,
  0x18e5, 0x18e5, 0x428b, 0xadb8, 0xadb8, 0xadb8, 0xadb8, 0xadb8, 0xadb8, 0xadb8, 0xadb8, 0xadb8,
  0xadb8, 0xadb8, 0xadb8, 0xadb8, 0xadb8, 0xadb8, 0xadb8, 0xadb8, 0xadb8, 0xadb8, 0xadb8, 0xadb8,
  0x8494, 0x2127, 0x2127, 0x2147, 0x2947, 0x2948, 0x2948, 0x428b, 0xadb8, 0xadb8, 0xadb8, 0xadb8,
  0xadb8, 0xadb8, 0xadb8, 0xadb8, 0xadb8, 0xadb8, 0xadb8, 0xadb8, 0xadb8, 0xadb8, 0xadb8, 0xadb8,
  0xadb8, 0xadb8, 0xadb8, 0xadb8, 0xadb8, 0x8494, 0x3189, 0x3189, 0x3189, 0x3189, 0x3189, 0x318a,
  0x428b, 0xadb8, 0xadb8, 0xadb8, 0xadb8, 0xadb8, 0xadb8, 0xadb8, 0xadb8, 0xadb8, 0xadb8, 0xadb8,
  0xadb8, 0xadb8, 0xadb8, 0xadb8, 0xadb8, 0xadb8, 0xadb8, 0xadb8, 0xadb8, 0xadb8, 0x8494, 0x39cb,
  0x39cb, 0x39cb, 0x39cb, 0x39cb, 0x39cb, 0x2927, 0x0000, 0x0000, 0x0000, 0x0000, 0x0000, 0x0000,
  0x0000, 0x0000, 0x0000, 0x0000, 0x0000, 0x0000, 0x0000, 0x0000, 0x0000, 0x0000, 0x0000, 0x0000,
  0x0000, 0x0000, 0x0000, 0x0000, 0x0000, 0x0000, 0x0000, 0x0000, 0x0000, 0x0000, 0x0000, 0x0000,
  0x0000, 0x0000, 0x0000, 0x0000, 0x0000, 0x0000, 0x0000, 0x0000, 0x0000, 0x0000, 0x0000, 0x0000,
  0x0000, 0x0000, 0x0000, 0x0000, 0x0000, 0x0000, 0x0000, 0x0000, 0x0000, 0x0000, 0x0000, 0x0000,
  0x0000, 0x0000, 0x0000, 0x0000, 0x0000, 0x0000, 0x0000, 0x0000, 0x0000, 0x0000, 0x0000, 0x0000,
  0x0000, 0x0000, 0x0000, 0x0000, 0x0000, 0x0000, 0x0000, 0x0000, 0x0000, 0x0000, 0x0000, 0x0000,
  0x0000, 0x0000, 0x0000, 0x0000, 0x0000, 0x0000, 0x0000, 0x0000, 0x0000, 0x0000, 0x0000, 0x0000,
  0x0000, 0x0000, 0x630e, 0x1906, 0x1906, 0x18e5, 0x18e5, 0x18e5, 0x18e5, 0x18e5, 0x428b, 0xadb8,
  0xadb8, 0xadb8, 0xadb8, 0xadb8, 0xadb8, 0xadb8, 0xadb8, 0xadb8, 0xadb8, 0xadb8, 0xadb8, 0xadb8,
  0xadb8, 0xadb8, 0xadb8, 0xadb8, 0xadb8, 0xadb8, 0xadb8, 0xadb8, 0x8494, 0x2127, 0x2127, 0x2127,
  0x2147, 0x2927, 0x2947, 0x2947, 0x6b4f, 0x6b4f, 0x6b4f, 0x6b4f, 0x6b4f, 0x6b4f, 0x6b4f, 0x6b4f,
  0x2948, 0x18e5, 0x18e5, 0x6b4f, 0x2948, 0x2948, 0x18e5, 0x18c5, 0x632e, 0x18e6, 0x18e5, 0x1083,
  0x1083, 0x5aec, 0x10a4, 0x10a4, 0x10a4, 0x10a4, 0x10a4, 0xefff, 0x428b, 0xadb8, 0xefff, 0xefff,
  0xefff, 0xefff, 0xefff, 0xefff, 0xefff, 0xefff, 0xefff, 0xefff, 0xefff, 0xefff, 0xefff, 0xefff,
  0xefff, 0xefff, 0xefff, 0xefff, 0xefff, 0xadb8, 0x532e, 0x18e5, 0x18e5, 0x18e5, 0x18e5, 0x18e5,
  0xefff, 0x428b, 0xadb8, 0xefff, 0xefff, 0xefff, 0xefff, 0xefff, 0xefff, 0xefff, 0xefff, 0xefff,
  0xefff, 0xefff, 0xefff, 0xefff, 0xefff, 0xefff, 0xefff, 0xefff, 0xefff, 0xefff, 0xadb8, 0x532e,
  0x2127, 0x2147, 0x2147, 0x2947, 0x2947, 0xefff, 0x428b, 0xadb8, 0xefff, 0xefff, 0xefff, 0xefff,
  0xefff, 0xefff, 0xefff, 0xefff, 0xefff, 0xefff, 0xefff, 0xefff, 0xefff, 0xefff, 0xefff, 0xefff,
  0xefff, 0xefff, 0xefff, 0xadb8, 0x532e, 0x3189, 0x3189, 0x3189, 0x3189, 0x318a, 0xefff, 0x428b,
  0xadb8, 0xefff, 0xefff, 0xefff, 0xefff, 0xefff, 0xefff, 0xefff, 0xefff, 0xefff, 0xefff, 0xefff,
  0xefff, 0xefff, 0xefff, 0xefff, 0xefff, 0xefff, 0xefff, 0xefff, 0xadb8, 0x532e, 0x39cb, 0x39cb,
  0x39cb, 0x39cb, 0x39cb, 0x39cb, 0x2947, 0x0000, 0x0000, 0x0000, 0x0000, 0x0000, 0x0000, 0x0000,
  0x0000, 0x0000, 0x0000, 0x0000, 0x0000, 0x0000, 0x0000, 0x0000, 0x0000, 0x0000, 0x0000, 0x0000,
  0x0000, 0x0000, 0x0000, 0x0000, 0x0000, 0x0000, 0x0000, 0x0000, 0x0000, 0x0000, 0x0000, 0x0000,
  0x0000, 0x0000, 0x0000, 0x0000, 0x0000, 0x0000, 0x0000, 0x0000, 0x0000, 0x0000, 0x0000, 0x0000,
  0x0000, 0x0000, 0x0000, 0x0000, 0x0000, 0x0000, 0x0000, 0x0000, 0x0000, 0x0000, 0x0000, 0x0000,
  0x0000, 0x0000, 0x0000, 0x0000, 0x0000, 0x0000, 0x0000, 0x0000, 0x0000, 0x0000, 0x0000, 0x0000,
  0x0000, 0x0000, 0x0000, 0x0000, 0x0000, 0x0000, 0x0000, 0x0000, 0x0000, 0x0000, 0x0000, 0x0000,
  0x0000, 0x0000, 0x0000, 0x0000, 0x0000, 0x0000, 0x0000, 0x0000, 0x0000, 0x0000, 0x0000, 0x0000,
  0x0000, 0x630e, 0x1906, 0x18e6, 0x18e6, 0x18e6, 0x18e5, 0x18e5, 0xefff, 0x428b, 0xadb8, 0xefff,
  0xefff, 0xefff, 0xefff, 0xefff, 0xefff, 0xefff, 0xefff, 0xefff, 0xefff, 0xefff, 0xefff, 0xefff,
  0xefff, 0xefff, 0xefff, 0xefff, 0xefff, 0xefff, 0xadb8, 0x532e, 0x2127, 0x2127, 0x2127, 0x2127,
  0x2147, 0x2927, 0x2947, 0x2947, 0x6b4f, 0x6b4f, 0x6b4f, 0x6b4f, 0x6b4f, 0x6b4f, 0x2948, 0x2948,
  0x18e5, 0x18e5, 0x6b4f, 0x2948, 0x2948, 0x18e5, 0x18c4, 0x630e, 0x18e5, 0x18c5, 0x1083, 0x0863,
  0x5aec, 0x10a4, 0x10a4, 0x10a4, 0x10a4, 0x428b, 0xefff, 0x428b, 0xadb8, 0xefff, 0xbe7a, 0xbe7a,
  0xbe7a, 0xbe7a, 0xbe7a, 0xbe7a, 0xbe7a, 0xbe7a, 0xbe7a, 0xbe7a, 0xbe7a, 0xbe7a, 0xbe7a, 0xbe7a,
  0xbe7a, 0xbe7a, 0xbe7a, 0xadb8, 0x8494, 0x4acd, 0x18e5, 0x18e5, 0x18e5, 0x18e5, 0x428b, 0xefff,
  0x428b, 0xadb8, 0xefff, 0xbe7a, 0xbe7a, 0xbe7a, 0xbe7a, 0xbe7a, 0xbe7a, 0xbe7a, 0xbe7a, 0xbe7a,
  0xbe7a, 0xbe7a, 0xbe7a, 0xbe7a, 0xbe7a, 0xbe7a, 0xbe7a, 0xbe7a, 0xadb8, 0x8494, 0x4acd, 0x2127,
  0x2147, 0x2927, 0x2947, 0x428b, 0xefff, 0x428b, 0xadb8, 0xefff, 0xbe7a, 0xbe7a, 0xbe7a, 0xbe7a,
  0xbe7a, 0xbe7a, 0xbe7a, 0xbe7a, 0xbe7a, 0xbe7a, 0xbe7a, 0xbe7a, 0xbe7a, 0xbe7a, 0xbe7a, 0xbe7a,
  0xbe7a, 0xadb8, 0x8494, 0x4acd, 0x3189, 0x3189, 0x3189, 0x3189, 0x428b, 0xefff, 0x428b, 0xadb8,
  0xefff, 0xbe7a, 0xbe7a, 0xbe7a, 0xbe7a, 0xbe7a, 0xbe7a, 0xbe7a, 0xbe7a, 0xbe7a, 0xbe7a, 0xbe7a,
  0xbe7a, 0xbe7a, 0xbe7a, 0xbe7a, 0xbe7a, 0xbe7a, 0xadb8, 0x8494, 0x4acd, 0x31cb, 0x39cb, 0x39cb,
  0x39cb, 0x39cb, 0x39cb, 0x2927, 0x0000, 0x0000, 0x0000, 0x0000, 0x0000, 0x0000, 0x0000, 0x0000,
  0x0000, 0x0000, 0x0000, 0x0000, 0x0000, 0x0000, 0x0000, 0x0000, 0x0000, 0x0000, 0x0000, 0x0000,
  0x0000, 0x0000, 0x0000, 0x0000, 0x0000, 0x0000, 0x0000, 0x0000, 0x0000, 0x0000, 0x0000, 0x0000,
  0x0000, 0x0000, 0x0000, 0x0000, 0x0000, 0x0000, 0x0000, 0x0000, 0x0000, 0x0000, 0x0000, 0x0000,
  0x0000, 0x0000, 0x0000, 0x0000, 0x0000, 0x0000, 0x0000, 0x0000, 0x0000, 0x0000, 0x0000, 0x0000,
  0x0000, 0x0000, 0x0000, 0x0000, 0x0000, 0x0000, 0x0000, 0x0000, 0x0000, 0x0000, 0x0000, 0x0000,
  0x0000, 0x0000, 0x0000, 0x0000, 0x0000, 0x0000, 0x0000, 0x0000, 0x0000, 0x0000, 0x0000, 0x0000,
  0x0000, 0x0000, 0x0000, 0x0000, 0x0000, 0x0000, 0x0000, 0x0000, 0x0000, 0x0000, 0x0000, 0x0000,
  0x630e, 0x18e6, 0x18e6, 0x18e6, 0x18e5, 0x18e5, 0x428b, 0xefff, 0x428b, 0xadb8, 0xefff, 0xbe7a,
  0xbe7a, 0xbe7a, 0xbe7a, 0xbe7a, 0xbe7a, 0xbe7a, 0xbe7a, 0xbe7a, 0xbe7a, 0xbe7a, 0xbe7a, 0xbe7a,
  0xbe7a, 0xbe7a, 0xbe7a, 0xbe7a, 0xadb8, 0x8494, 0x4acd, 0x2107, 0x2127, 0x2127, 0x2127, 0x2127,
  0x2127, 0x2927, 0x2947, 0x2947, 0x6b4f, 0x6b4f, 0x6b4f, 0x6b4f, 0x2948, 0x2948, 0x2948, 0x18e5,
  0x18e5, 0x6b4f, 0x2948, 0x2948, 0x18e5, 0x10a4, 0x5b0d, 0x18c5, 0x18c4, 0x0863, 0x0863, 0x5aec,
  0x10a3, 0x10a4, 0x10a4, 0x10a4, 0x8494, 0xefff, 0x428b, 0xadb8, 0xefff, 0xbe7a, 0xbe7a, 0xbe7a,
  0xbe7a, 0xbe7a, 0xbe7a, 0xbe7a, 0xbe7a, 0xbe7a, 0xbe7a, 0xbe7a, 0xbe7a, 0xbe7a, 0xbe7a, 0xbe7a,
  0xbe7a, 0xbe7a, 0xadb8, 0x7c12, 0x4acd, 0x18e5, 0x18e5, 0x18e5, 0x18e5, 0x8494, 0xefff, 0x428b,
  0xadb8, 0xefff, 0xbe7a, 0xbe7a, 0xbe7a, 0xbe7a, 0xbe7a, 0xbe7a, 0xbe7a, 0xbe7a, 0xbe7a, 0xbe7a,
  0xbe7a, 0xbe7a, 0xbe7a, 0xbe7a, 0xbe7a, 0xbe7a, 0xbe7a, 0xadb8, 0x7c12, 0x4acd, 0x2127, 0x2127,
  0x2147, 0x2947, 0x8494, 0xefff, 0x428b, 0xadb8, 0xefff, 0xbe7a, 0xbe7a, 0xbe7a, 0xbe7a, 0xbe7a,
  0xbe7a, 0xbe7a, 0xbe7a, 0xbe7a, 0xbe7a, 0xbe7a, 0xbe7a, 0xbe7a, 0xbe7a, 0xbe7a, 0xbe7a, 0xbe7a,
  0xadb8, 0x7c12, 0x4acd, 0x3189, 0x3189, 0x3189, 0x3189, 0x8494, 0xefff, 0x428b, 0xadb8, 0xefff,
  0xbe7a, 0xbe7a, 0xbe7a, 0xbe7a, 0xbe7a, 0xbe7a, 0xbe7a, 0xbe7a, 0xbe7a, 0xbe7a, 0xbe7a, 0xbe7a,
  0xbe7a, 0xbe7a, 0xbe7a, 0xbe7a, 0xbe7a, 0xadb8, 0x7c12, 0x4acd, 0x39cb, 0x39cb, 0x39cb, 0x39cb,
  0x39cb, 0x39cb, 0x2147, 0x0000, 0x0000, 0x0000, 0x0000, 0x0000, 0x0000, 0x0000, 0x0000, 0x0000,
  0x0000, 0x0000, 0x0000, 0x0000, 0x0000, 0x0000, 0x0000, 0x0000, 0x0000, 0x0000, 0x0000, 0x0000,
  0x0000, 0x0000, 0x0000, 0x0000, 0x0000, 0x0000, 0x0000, 0x0000, 0x0000, 0x0000, 0x0000, 0x0000,
  0x0000, 0x0000, 0x0000, 0x0000, 0x0000, 0x0000, 0x0000, 0x0000, 0x0000, 0x0000, 0x0000, 0x0000,
  0x0000, 0x0000, 0x0000, 0x0000, 0x0000, 0x0000, 0x0000, 0x0000, 0x0000, 0x0000, 0x0000, 0x0000,
  0x0000, 0x0000, 0x0000, 0x0000, 0x0000, 0x0000, 0x0000, 0x0000, 0x0000, 0x0000, 0x0000, 0x0000,
  0x0000, 0x0000, 0x0000, 0x0000, 0x0000, 0x0000, 0x0000, 0x0000, 0x0000, 0x0000, 0x0000, 0x0000,
  0x0000, 0x0000, 0x0000, 0x0000, 0x0000, 0x0000, 0x0000, 0x0000, 0x0000, 0x0000, 0x0000, 0x630e,
  0x18e6, 0x18e6, 0x18e6, 0x18e5, 0x18e5, 0x8494, 0xefff, 0x428b, 0xadb8, 0xefff, 0xbe7a, 0x29a9,
  0xbe7a, 0xbe7a, 0xbe7a, 0x29a9, 0x29a9, 0x29a9, 0xbe7a, 0xbe7a, 0x29a9, 0x29a9, 0xbe7a, 0x29a9,
  0x29a9, 0x29a9, 0xbe7a, 0xadb8, 0x7c12, 0x4acd, 0x2126, 0x2107, 0x2127, 0x2127, 0x2127, 0x2127,
  0x2127, 0x2927, 0x2947, 0x2947, 0x6b4f, 0x6b4f, 0x2948, 0x2948, 0x2948, 0x2948, 0x18e5, 0x18e5,
  0x6b4f, 0x2948, 0x2948, 0x18e5, 0x10a3, 0x5b0d, 0x18c4, 0x10a4, 0x0862, 0x0862, 0x5aec, 0x10a3,
  0x10a4, 0x10a4, 0x10a4, 0x8494, 0xefff, 0x428b, 0xadb8, 0xefff, 0xbe7a, 0xbe7a, 0xbe7a, 0xbe7a,
  0xbe7a, 0xbe7a, 0xbe7a, 0xbe7a, 0xbe7a, 0xbe7a, 0xbe7a, 0xbe7a, 0xbe7a, 0xbe7a, 0xbe7a, 0xbe7a,
  0xbe7a, 0xadb8, 0x7c12, 0x4acd, 0x18e5, 0x18e5, 0x18e5, 0x18e5, 0x8494, 0xefff, 0x428b, 0xadb8,
  0xefff, 0xbe7a, 0xbe7a, 0xbe7a, 0xbe7a, 0xbe7a, 0xbe7a, 0xbe7a, 0xbe7a, 0xbe7a, 0xbe7a, 0xbe7a,
  0xbe7a, 0xbe7a, 0xbe7a, 0xbe7a, 0xbe7a, 0xbe7a, 0xadb8, 0x7c12, 0x4acd, 0x2127, 0x2147, 0x2947,
  0x2947, 0x8494, 0xefff, 0x428b, 0xadb8, 0xefff, 0xbe7a, 0xbe7a, 0xbe7a, 0xbe7a, 0xbe7a, 0xbe7a,
  0xbe7a, 0xbe7a, 0xbe7a, 0xbe7a, 0xbe7a, 0xbe7a, 0xbe7a, 0xbe7a, 0xbe7a, 0xbe7a, 0xbe7a, 0xadb8,
  0x7c12, 0x4acd, 0x3189, 0x3189, 0x3189, 0x3189, 0x8494, 0xefff, 0x428b, 0xadb8, 0xefff, 0xbe7a,
  0xbe7a, 0xbe7a, 0xbe7a, 0xbe7a, 0xbe7a, 0xbe7a, 0xbe7a, 0xbe7a, 0xbe7a, 0xbe7a, 0xbe7a, 0xbe7a,
  0xbe7a, 0xbe7a, 0xbe7a, 0xbe7a, 0xadb8, 0x7c12, 0x4acd, 0x39cb, 0x39cb, 0x39cb, 0x39cb, 0x39cb,
  0x39cb, 0x2147, 0x0000, 0x0000, 0x0000, 0x0000, 0x0000, 0x0000, 0x0000, 0x0000, 0x0000, 0x0000,
  0x0000, 0x0000, 0x0000, 0x0000, 0x0000, 0x0000, 0x0000, 0x0000, 0x0000, 0x0000, 0x0000, 0x0000,
  0x0000, 0x0000, 0x0000, 0x0000, 0x0000, 0x0000, 0x0000, 0x0000, 0x0000, 0x0000, 0x0000, 0x0000,
  0x0000, 0x0000, 0x0000, 0x0000, 0x0000, 0x0000, 0x0000, 0x0000, 0x0000, 0x0000, 0x0000, 0x0000,
  0x0000, 0x0000, 0x0000, 0x0000, 0x0000, 0x0000, 0x0000, 0x0000, 0x0000, 0x0000, 0x0000, 0x0000,
  0x0000, 0x0000, 0x0000, 0x0000, 0x0000, 0x0000, 0x0000, 0x0000, 0x0000, 0x0000, 0x0000, 0x0000,
  0x0000, 0x0000, 0x0000, 0x0000, 0x0000, 0x0000, 0x0000, 0x0000, 0x0000, 0x0000, 0x0000, 0x0000,
  0x0000, 0x0000, 0x0000, 0x0000, 0x0000, 0x0000, 0x0000, 0x0000, 0x0000, 0x0000, 0x630e, 0x18e6,
  0x1906, 0x18e6, 0x18e5, 0x18e5, 0x8494, 0xefff, 0x428b, 0xadb8, 0xefff, 0xbe7a, 0x29a9, 0xbe7a,
  0xbe7a, 0xbe7a, 0xbe7a, 0x29a9, 0xbe7a, 0xbe7a, 0x29a9, 0xbe7a, 0xbe7a, 0xbe7a, 0xbe7a, 0x29a9,
  0xbe7a, 0xbe7a, 0xadb8, 0x7c12, 0x4acd, 0x2106, 0x2126, 0x2107, 0x2127, 0x2127, 0x2127, 0x2127,
  0x2127, 0x2927, 0x2947, 0x2947, 0x2948, 0x2948, 0x2948, 0x2948, 0x2948, 0x18e5, 0x18e5, 0x6b4f,
  0x2948, 0x2948, 0x18e5, 0x1083, 0x5b0d, 0x10a4, 0x10a4, 0x0862, 0x0862, 0x5aec, 0x10a4, 0x10a4,
  0x10a4, 0x10a4, 0x8494, 0xefff, 0x428b, 0xadb8, 0xefff, 0xbe7a, 0xbe7a, 0xbe7a, 0xbe7a, 0xbe7a,
  0xbe7a, 0xbe7a, 0xbe7a, 0xbe7a, 0xbe7a, 0xbe7a, 0xbe7a, 0xbe7a, 0xbe7a, 0xbe7a, 0xbe7a, 0xbe7a,
  0xadb8, 0x7c12, 0x4acd, 0x18e5, 0x18e5, 0x18e5, 0x18e5, 0x8494, 0xefff, 0x428b, 0xadb8, 0xefff,
  0xbe7a, 0xbe7a, 0xbe7a, 0xbe7a, 0xbe7a, 0xbe7a, 0xbe7a, 0xbe7a, 0xbe7a, 0xbe7a, 0xbe7a, 0xbe7a,
  0xbe7a, 0xbe7a, 0xbe7a, 0xbe7a, 0xbe7a, 0xadb8, 0x7c12, 0x4acd, 0x2127, 0x2127, 0x2947, 0x2947,
  0x8494, 0xefff, 0x428b, 0xadb8, 0xefff, 0xbe7a, 0xbe7a, 0xbe7a, 0xbe7a, 0xbe7a, 0xbe7a, 0xbe7a,
  0xbe7a, 0xbe7a, 0xbe7a, 0xbe7a, 0xbe7a, 0xbe7a, 0xbe7a, 0xbe7a, 0xbe7a, 0xbe7a, 0xadb8, 0x7c12,
  0x4acd, 0x3189, 0x3189, 0x3189, 0x3189, 0x8494, 0xefff, 0x428b, 0xadb8, 0xefff, 0xbe7a, 0xbe7a,
  0xbe7a, 0xbe7a, 0xbe7a, 0xbe7a, 0xbe7a, 0xbe7a, 0xbe7a, 0xbe7a, 0xbe7a, 0xbe7a, 0xbe7a, 0xbe7a,
  0xbe7a, 0xbe7a, 0xbe7a, 0xadb8, 0x7c12, 0x4acd, 0x39cb, 0x39cb, 0x39cb, 0x39cb, 0x39cb, 0x39cb,
  0x2947, 0x0000, 0x0000, 0x0000, 0x0000, 0x0000, 0x0000, 0x0000, 0x0000, 0x0000, 0x0000, 0x0000,
  0x0000, 0x0000, 0x0000, 0x0000, 0x0000, 0x0000, 0x0000, 0x0000, 0x0000, 0x0000, 0x0000, 0x0000,
  0x0000, 0x0000, 0x0000, 0x0000, 0x0000, 0x0000, 0x0000, 0x0000, 0x0000, 0x0000, 0x0000, 0x0000,
  0x0000, 0x0000, 0x0000, 0x0000, 0x0000, 0x0000, 0x0000, 0x0000, 0x0000, 0x0000, 0x0000, 0x0000,
  0x0000, 0x0000, 0x0000, 0x0000, 0x0000, 0x0000, 0x0000, 0x0000, 0x0000, 0x0000, 0x0000, 0x0000,
  0x0000, 0x0000, 0x0000, 0x0000, 0x0000, 0x0000, 0x0000, 0x0000, 0x0000, 0x0000, 0x0000, 0x0000,
  0x0000, 0x0000, 0x0000, 0x0000, 0x0000, 0x0000, 0x0000, 0x0000, 0x0000, 0x0000, 0x0000, 0x0000,
  0x0000, 0x0000, 0x0000, 0x0000, 0x0000, 0x0000, 0x0000, 0x0000, 0x0000, 0x630e, 0x1906, 0x18e6,
  0x18e6, 0x18e5, 0x18e5, 0x8494, 0xefff, 0x428b, 0xadb8, 0xefff, 0xbe7a, 0x29a9, 0xbe7a, 0xbe7a,
  0xbe7a, 0xbe7a, 0x29a9, 0xbe7a, 0xbe7a, 0xbe7a, 0x29a9, 0xbe7a, 0xbe7a, 0xbe7a, 0x29a9, 0xbe7a,
  0xbe7a, 0xadb8, 0x7c12, 0x4acd, 0x2106, 0x2106, 0x2126, 0x2107, 0x2127, 0x2127, 0x2127, 0x2127,
  0x2127, 0x2927, 0x2947, 0x2947, 0x2948, 0x2948, 0x2948, 0x2948, 0x18e5, 0x18e5, 0x6b4f, 0x2948,
  0x2948, 0x18e5, 0x1083, 0x5aec, 0x10a4, 0x10a3, 0x0862, 0x0862, 0x5aec, 0x10a4, 0x10a4, 0x10a4,
  0x10a4, 0x8494, 0xefff, 0x428b, 0xadb8, 0xefff, 0xbe7a, 0xbe7a, 0x29a9, 0x29a9, 0xbe7a, 0xbe7a,
  0x29a9, 0x29a9, 0x29a9, 0xbe7a, 0xbe7a, 0x29a9, 0x29a9, 0x29a9, 0xbe7a, 0xbe7a, 0xbe7a, 0xadb8,
  0x7c12, 0x4acd, 0x18e5, 0x18e5, 0x18e5, 0x18e5, 0x8494, 0xefff, 0x428b, 0xadb8, 0xefff, 0xbe7a,
  0xbe7a, 0x29a9, 0x29a9, 0xbe7a, 0xbe7a, 0x29a9, 0x29a9, 0x29a9, 0xbe7a, 0x29a9, 0xbe7a, 0xbe7a,
  0xbe7a, 0x29a9, 0xbe7a, 0xbe7a, 0xadb8, 0x7c12, 0x4acd, 0x2127, 0x2127, 0x2927, 0x2947, 0x8494,
  0xefff, 0x428b, 0xadb8, 0xefff, 0xbe7a, 0xbe7a, 0xbe7a, 0xbe7a, 0x29a9, 0x29a9, 0xbe7a, 0x29a9,
  0x29a9, 0x29a9, 0xbe7a, 0x29a9, 0xbe7a, 0xbe7a, 0xbe7a, 0xbe7a, 0xbe7a, 0xadb8, 0x7c12, 0x4acd,
  0x3189, 0x3189, 0x3189, 0x3189, 0x8494, 0xefff, 0x428b, 0xadb8, 0xefff, 0xbe7a, 0x29a9, 0xbe7a,
  0xbe7a, 0xbe7a, 0x29a9, 0xbe7a, 0x29a9, 0xbe7a, 0xbe7a, 0x29a9, 0x29a9, 0xbe7a, 0xbe7a, 0x29a9,
  0x29a9, 0xbe7a, 0xadb8, 0x7c12, 0x4acd, 0x39cb, 0x39cb, 0x39cb, 0x39cb, 0x39cb, 0x39cb, 0x2147,
  0x0000, 0x0000, 0x0000, 0x0000, 0x0000, 0x0000, 0x0000, 0x0000, 0x0000, 0x0000, 0x0000, 0x0000,
  0x0000, 0x0000, 0x0000, 0x0000, 0x0000, 0x0000, 0x0000, 0x0000, 0x0000, 0x0000, 0x0000, 0x0000,
  0x0000, 0x0000, 0x0000, 0x0000, 0x0000, 0x0000, 0x0000, 0x0000, 0x0000, 0x0000, 0x0000, 0x0000,
  0x0000, 0x0000, 0x0000, 0x0000, 0x0000, 0x0000, 0x0000, 0x0000, 0x0000, 0x0000, 0x0000, 0x0000,
  0x0000, 0x0000, 0x0000, 0x0000, 0x0000, 0x0000, 0x0000, 0x0000, 0x0000, 0x0000, 0x0000, 0x0000,
  0x0000, 0x0000, 0x0000, 0x0000, 0x0000, 0x0000, 0x0000, 0x0000, 0x0000, 0x0000, 0x0000, 0x0000,
  0x0000, 0x0000, 0x0000, 0x0000, 0x0000, 0x0000, 0x0000, 0x0000, 0x0000, 0x0000, 0x0000, 0x0000,
  0x0000, 0x0000, 0x0000, 0x0000, 0x0000, 0x0000, 0x0000, 0x0000, 0x630e, 0x18e6, 0x18e6, 0x18e6,
  0x18e5, 0x18e5, 0x8494, 0xefff, 0x428b, 0xadb8, 0xefff, 0xbe7a, 0x29a9, 0xbe7a, 0xbe7a, 0xbe7a,
  0xbe7a, 0x29a9, 0xbe7a, 0xbe7a, 0xbe7a, 0xbe7a, 0x29a9, 0xbe7a, 0xbe7a, 0x29a9, 0xbe7a, 0xbe7a,
  0xadb8, 0x7c12, 0x4acd, 0x2106, 0x2106, 0x2106, 0x2106, 0x2107, 0x2127, 0x2127, 0x2127, 0x2127,
  0x2127, 0x2927, 0x2947, 0x2947, 0x2948, 0x2948, 0x2948, 0x18e5, 0x18e5, 0x6b4f, 0x2948, 0x2948,
  0x18e5, 0x0863, 0x5aec, 0x10a3, 0x10a3, 0x0862, 0x0862, 0x5aec, 0x10a4, 0x10a4, 0x10a4, 0x10a4,
  0x8494, 0xefff, 0x428b, 0xadb8, 0xefff, 0xbe7a, 0x29a9, 0xbe7a, 0xbe7a, 0x29a9, 0xbe7a, 0x29a9,
  0xbe7a, 0xbe7a, 0x29a9, 0xbe7a, 0x29a9, 0xbe7a, 0xbe7a, 0x29a9, 0xbe7a, 0xbe7a, 0xadb8, 0x7c12,
  0x4acd, 0x18e5, 0x18e5, 0x18e5, 0x18e5, 0x8494, 0xefff, 0x428b, 0xadb8, 0xefff, 0xbe7a, 0xbe7a,
  0x29a9, 0xbe7a, 0x29a9, 0xbe7a, 0x29a9, 0xbe7a, 0xbe7a, 0xbe7a, 0x29a9, 0x29a9, 0xbe7a, 0x29a9,
  0x29a9, 0xbe7a, 0xbe7a, 0xadb8, 0x7c12, 0x4acd, 0x2127, 0x2147, 0x2147, 0x2947, 0x8494, 0xefff,
  0x428b, 0xadb8, 0xefff, 0xbe7a, 0xbe7a, 0xbe7a, 0x29a9, 0xbe7a, 0xbe7a, 0xbe7a, 0x29a9, 0xbe7a,
  0xbe7a, 0xbe7a, 0x29a9, 0xbe7a, 0xbe7a, 0xbe7a, 0xbe7a, 0xbe7a, 0xadb8, 0x7c12, 0x4acd, 0x3189,
  0x3189, 0x3189, 0x3189, 0x8494, 0xefff, 0x428b, 0xadb8, 0xefff, 0xbe7a, 0x29a9, 0x29a9, 0xbe7a,
  0x29a9, 0x29a9, 0xbe7a, 0xbe7a, 0xbe7a, 0x29a9, 0xbe7a, 0xbe7a, 0xbe7a, 0x29a9, 0xbe7a, 0xbe7a,
  0xbe7a, 0xadb8, 0x7c12, 0x4acd, 0x39cb, 0x39cb, 0x39cb, 0x39cb, 0x39cb, 0x39cb, 0x2927, 0x0000,
  0x0000, 0x0000, 0x0000, 0x0000, 0x0000, 0x0000, 0x0000, 0x0000, 0x0000, 0x0000, 0x0000, 0x0000,
  0x0000, 0x0000, 0x0000, 0x0000, 0x0000, 0x0000, 0x0000, 0x0000, 0x0000, 0x0000, 0x0000, 0x0000,
  0x0000, 0x0000, 0x0000, 0x0000, 0x0000, 0x0000, 0x0000, 0x0000, 0x0000, 0x0000, 0x0000, 0x0000,
  0x0000, 0x0000, 0x0000, 0x0000, 0x0000, 0x0000, 0x0000, 0x0000, 0x0000, 0x0000, 0x0000, 0x0000,
  0x0000, 0x0000, 0x0000, 0x0000, 0x0000, 0x0000, 0x0000, 0x0000, 0x0000, 0x0000, 0x0000, 0x0000,
  0x0000, 0x0000, 0x0000, 0x0000, 0x0000, 0x0000, 0x0000, 0x0000, 0x0000, 0x0000, 0x0000, 0x0000,
  0x0000, 0x0000, 0x0000, 0x0000, 0x0000, 0x0000, 0x0000, 0x0000, 0x0000, 0x0000, 0x0000, 0x0000,
  0x0000, 0x0000, 0x0000, 0x0000, 0x0000, 0x0000, 0x0000, 0x630e, 0x1906, 0x1906, 0x18e6, 0x18e5,
  0x18e5, 0x8494, 0xefff, 0x428b, 0xadb8, 0xefff, 0xbe7a, 0x29a9, 0x29a9, 0x29a9, 0xbe7a, 0x29a9,
  0x29a9, 0x29a9, 0xbe7a, 0x29a9, 0x29a9, 0xbe7a, 0xbe7a, 0xbe7a, 0x29a9, 0xbe7a, 0xbe7a, 0xadb8,
  0x7c12, 0x4acd, 0x18e6, 0x20e6, 0x2106, 0x2106, 0x2106, 0x2107, 0x2127, 0x2127, 0x2127, 0x2127,
  0x2127, 0x2927, 0x2947, 0x2947, 0x2948, 0x2948, 0x18e5, 0x18e5, 0x6b4f, 0x2948, 0x2948, 0x18e5,
  0x0862, 0x5aec, 0x10a3, 0x10a3, 0x0862, 0x0862, 0x5aec, 0x10a3, 0x10a3, 0x10a4, 0x10a4, 0x8494,
  0xefff, 0x428b, 0xadb8, 0xefff, 0xbe7a, 0x29a9, 0x29a9, 0x29a9, 0x29a9, 0xbe7a, 0x29a9, 0xbe7a,
  0xbe7a, 0x29a9, 0xbe7a, 0x29a9, 0xbe7a, 0xbe7a, 0x29a9, 0xbe7a, 0xbe7a, 0xadb8, 0x7c12, 0x4acd,
  0x18e5, 0x18e5, 0x18e5, 0x18e5, 0x8494, 0xefff, 0x428b, 0xadb8, 0xefff, 0xbe7a, 0xbe7a, 0x29a9,
  0x29a9, 0xbe7a, 0xbe7a, 0x29a9, 0x29a9, 0xbe7a, 0xbe7a, 0x29a9, 0x29a9, 0x29a9, 0x29a9, 0x29a9,
  0xbe7a, 0xbe7a, 0xadb8, 0x7c12, 0x4acd, 0x2127, 0x2147, 0x2147, 0x2947, 0x8494, 0xefff, 0x428b,
  0xadb8, 0xefff, 0xbe7a, 0xbe7a, 0xbe7a, 0xbe7a, 0x29a9, 0xbe7a, 0xbe7a, 0x29a9, 0x29a9, 0xbe7a,
  0xbe7a, 0x29a9, 0xbe7a, 0xbe7a, 0xbe7a, 0xbe7a, 0xbe7a, 0xadb8, 0x7c12, 0x4acd, 0x3189, 0x3189,
  0x3189, 0x3189, 0x8494, 0xefff, 0x428b, 0xadb8, 0xefff, 0xbe7a, 0x29a9, 0x29a9, 0x29a9, 0x29a9,
  0x29a9, 0xbe7a, 0x29a9, 0xbe7a, 0xbe7a, 0x29a9, 0xbe7a, 0xbe7a, 0x29a9, 0xbe7a, 0xbe7a, 0xbe7a,
  0xadb8, 0x7c12, 0x4acd, 0x39cb, 0x39cb, 0x39cb, 0x39cb, 0x39cb, 0x39cb, 0x2947, 0x0000, 0x0000,
  0x0000, 0x0000, 0x0000, 0x0000, 0x0000, 0x0000, 0x0000, 0x0000, 0x0000, 0x0000, 0x0000, 0x0000,
  0x0000, 0x0000, 0x0000, 0x0000, 0x0000, 0x0000, 0x0000, 0x0000, 0x0000, 0x0000, 0x0000, 0x0000,
  0x0000, 0x0000, 0x0000, 0x0000, 0x0000, 0x0000, 0x0000, 0x0000, 0x0000, 0x0000, 0x0000, 0x0000,
  0x0000, 0x0000, 0x0000, 0x0000, 0x0000, 0x0000, 0x0000, 0x0000, 0x0000, 0x0000, 0x0000, 0x0000,
  0x0000, 0x0000, 0x0000, 0x0000, 0x0000, 0x0000, 0x0000, 0x0000, 0x0000, 0x0000, 0x0000, 0x0000,
  0x0000, 0x0000, 0x0000, 0x0000, 0x0000, 0x0000, 0x0000, 0x0000, 0x0000, 0x0000, 0x0000, 0x0000,
  0x0000, 0x0000, 0x0000, 0x0000, 0x0000, 0x0000, 0x0000, 0x0000, 0x0000, 0x0000, 0x0000, 0x0000,
  0x0000, 0x0000, 0x0000, 0x0000, 0x0000, 0x0000, 0x630e, 0x1906, 0x18e6, 0x18e6, 0x18e5, 0x18e5,
  0x8494, 0xefff, 0x428b, 0xadb8, 0xefff, 0xbe7a, 0xbe7a, 0xbe7a, 0xbe7a, 0xbe7a, 0xbe7a, 0xbe7a,
  0xbe7a, 0xbe7a, 0xbe7a, 0xbe7a, 0xbe7a, 0xbe7a, 0xbe7a, 0xbe7a, 0xbe7a, 0xbe7a, 0xadb8, 0x7c12,
  0x4acd, 0x18e5, 0x18e6, 0x2106, 0x2106, 0x2106, 0x2106, 0x2107, 0x2127, 0x2127, 0x2127, 0x2127,
  0x2127, 0x2927, 0x2947, 0x2947, 0x2948, 0x18e5, 0x18e5, 0x6b4f, 0x2948, 0x2948, 0x18e5, 0x0862,
  0x5aec, 0x10a3, 0x10a3, 0x0862, 0x0862, 0x5aec, 0x10a4, 0x10a4, 0x10a4, 0x10a4, 0x8494, 0xefff,
  0x428b, 0xadb8, 0xefff, 0xbe7a, 0x29a9, 0xbe7a, 0xbe7a, 0x29a9, 0xbe7a, 0x29a9, 0xbe7a, 0xbe7a,
  0x29a9, 0xbe7a, 0x29a9, 0xbe7a, 0xbe7a, 0x29a9, 0xbe7a, 0xbe7a, 0xadb8, 0x7c12, 0x4acd, 0x18e5,
  0x18e5, 0x18e5, 0x18e5, 0x8494, 0xefff, 0x428b, 0xadb8, 0xefff, 0xbe7a, 0xbe7a, 0x29a9, 0xbe7a,
  0x29a9, 0xbe7a, 0x29a9, 0xbe7a, 0xbe7a, 0xbe7a, 0x29a9, 0xbe7a, 0x29a9, 0xbe7a, 0x29a9, 0xbe7a,
  0xbe7a, 0xadb8, 0x7c12, 0x4acd, 0x2127, 0x2147, 0x2927, 0x2947, 0x8494, 0xefff, 0x428b, 0xadb8,
  0xefff, 0xbe7a, 0xbe7a, 0xbe7a, 0xbe7a, 0xbe7a, 0x29a9, 0xbe7a, 0x29a9, 0xbe7a, 0xbe7a, 0xbe7a,
  0x29a9, 0xbe7a, 0xbe7a, 0xbe7a, 0xbe7a, 0xbe7a, 0xadb8, 0x7c12, 0x4acd, 0x3189, 0x3189, 0x3189,
  0x3189, 0x8494, 0xefff, 0x428b, 0xadb8, 0xefff, 0xbe7a, 0x29a9, 0xbe7a, 0x29a9, 0xbe7a, 0x29a9,
  0xbe7a, 0x29a9, 0xbe7a, 0xbe7a, 0xbe7a, 0x29a9, 0xbe7a, 0x29a9, 0xbe7a, 0xbe7a, 0xbe7a, 0xadb8,
  0x7c12, 0x4acd, 0x39cb, 0x39cb, 0x39cb, 0x39cb, 0x39cb, 0x39cb, 0x2127, 0x0000, 0x0000, 0x0000,
  0x0000, 0x0000, 0x0000, 0x0000, 0x0000, 0x0000, 0x0000, 0x0000, 0x0000, 0x0000, 0x0000, 0x0000,
  0x0000, 0x0000, 0x0000, 0x0000, 0x0000, 0x0000, 0x0000, 0x0000, 0x0000, 0x0000, 0x0000, 0x0000,
  0x0000, 0x0000, 0x0000, 0x0000, 0x0000, 0x0000, 0x0000, 0x0000, 0x0000, 0x0000, 0x0000, 0x0000,
  0x0000, 0x0000, 0x0000, 0x0000, 0x0000, 0x0000, 0x0000, 0x0000, 0x0000, 0x0000, 0x0000, 0x0000,
  0x0000, 0x0000, 0x0000, 0x0000, 0x0000, 0x0000, 0x0000, 0x0000, 0x0000, 0x0000, 0x0000, 0x0000,
  0x0000, 0x0000, 0x0000, 0x0000, 0x0000, 0x0000, 0x0000, 0x0000, 0x0000, 0x0000, 0x0000, 0x0000,
  0x0000, 0x0000, 0x0000, 0x0000, 0x0000, 0x0000, 0x0000, 0x0000, 0x0000, 0x0000, 0x0000, 0x0000,
  0x0000, 0x0000, 0x0000, 0x0000, 0x0000, 0x630e, 0x18e6, 0x18e6, 0x18e6, 0x18e5, 0x18e5, 0x8494,
  0xefff, 0x428b, 0xadb8, 0xefff, 0xbe7a, 0x29a9, 0x29a9, 0x29a9, 0xbe7a, 0x29a9, 0x29a9, 0xbe7a,
  0xbe7a, 0x29a9, 0x29a9, 0x29a9, 0xbe7a, 0xbe7a, 0x29a9, 0x29a9, 0xbe7a, 0xadb8, 0x7c12, 0x4acd,
  0x18e5, 0x18e5, 0x18e6, 0x2106, 0x2106, 0x2106, 0x2106, 0x2126, 0x2127, 0x2127, 0x2127, 0x2127,
  0x2127, 0x2927, 0x2947, 0x2947, 0x18e5, 0x18e5, 0x6b4f, 0x2948, 0x2948, 0x18e5, 0x0862, 0x5aec,
  0x10a3, 0x10a3, 0x0862, 0x0862, 0x5aec, 0x10a4, 0x10a4, 0x10a4, 0x10a4, 0x8494, 0xefff, 0x428b,
  0xadb8, 0xefff, 0xbe7a, 0x29a9, 0xbe7a, 0xbe7a, 0x29a9, 0xbe7a, 0x29a9, 0x29a9, 0x29a9, 0xbe7a,
  0xbe7a, 0x29a9, 0x29a9, 0x29a9, 0xbe7a, 0xbe7a, 0xbe7a, 0xadb8, 0x7c12, 0x4acd, 0x18e5, 0x18e5,
  0x18e5, 0x18e5, 0x8494, 0xefff, 0x428b, 0xadb8, 0xefff, 0xbe7a, 0xbe7a, 0x29a9, 0xbe7a, 0x29a9,
  0xbe7a, 0x29a9, 0x29a9, 0x29a9, 0xbe7a, 0x29a9, 0xbe7a, 0xbe7a, 0xbe7a, 0x29a9, 0xbe7a, 0xbe7a,
  0xadb8, 0x7c12, 0x4acd, 0x2127, 0x2927, 0x2927, 0x2947, 0x8494, 0xefff, 0x428b, 0xadb8, 0xefff,
  0xbe7a, 0xbe7a, 0xbe7a, 0x29a9, 0x29a9, 0xbe7a, 0xbe7a, 0x29a9, 0x29a9, 0x29a9, 0xbe7a, 0x29a9,
  0x29a9, 0x29a9, 0xbe7a, 0xbe7a, 0xbe7a, 0xadb8, 0x7c12, 0x4acd, 0x3189, 0x3189, 0x3189, 0x3189,
  0x8494, 0xefff, 0x428b, 0xadb8, 0xefff, 0xbe7a, 0x29a9, 0xbe7a, 0xbe7a, 0xbe7a, 0x29a9, 0xbe7a,
  0x29a9, 0xbe7a, 0x29a9, 0x29a9, 0xbe7a, 0xbe7a, 0xbe7a, 0x29a9, 0x29a9, 0xbe7a, 0xadb8, 0x7c12,
  0x4acd, 0x39cb, 0x39cb, 0x39cb, 0x39cb, 0x39cb, 0x39cb, 0x2147, 0x73b1, 0x73b1, 0x73b1, 0x73b1,
  0x73b1, 0x73b1, 0x73b1, 0x73b1, 0x73b1, 0x73b1, 0x73b1, 0x73b1, 0x73b1, 0x73b1, 0x73b1, 0x73b1,
  0x73b1, 0x73b1, 0x73b1, 0x73b1, 0x73b1, 0x73b1, 0x73b1, 0x7391, 0x7391, 0x7391, 0x7391, 0x7391,
  0x7391, 0x7391, 0x7391, 0x7391, 0x7391, 0x7391, 0x7391, 0x7391, 0x7390, 0x7390, 0x7390, 0x7390,
  0x7390, 0x7390, 0x7390, 0x7390, 0x7370, 0x7370, 0x7370, 0x7370, 0x7370, 0x7370, 0x7370, 0x7370,
  0x6b70, 0x6b70, 0x6b70, 0x6b70, 0x6b70, 0x6b6f, 0x6b6f, 0x6b6f, 0x6b6f, 0x6b6f, 0x6b6f, 0x6b4f,
  0x6b4f, 0x6b4f, 0x6b4f, 0x6b4f, 0x6b4f, 0x6b4f, 0x6b4f, 0x6b4f, 0x6b4f, 0x6b4f, 0x6b4f, 0x6b4f,
  0x6b4f, 0x634e, 0x634e, 0x632e, 0x634e, 0x632e, 0x632e, 0x632e, 0x632e, 0x632e, 0x632e, 0x632e,
  0x630e, 0x630e, 0x630e, 0x630e, 0x630e, 0x1906, 0x18e6, 0x18e6, 0x18e5, 0x18e5, 0x8494, 0xefff,
  0x428b, 0xadb8, 0xefff, 0xbe7a, 0x29a9, 0xbe7a, 0x29a9, 0xbe7a, 0x29a9, 0xbe7a, 0x29a9, 0xbe7a,
  0xbe7a, 0x29a9, 0xbe7a, 0xbe7a, 0x29a9, 0xbe7a, 0xbe7a, 0xbe7a, 0xadb8, 0x7c12, 0x4acd, 0x18e5,
  0x18e5, 0x18e5, 0x18e6, 0x2106, 0x2106, 0x2106, 0x2106, 0x2126, 0x2127, 0x2127, 0x2127, 0x2127,
  0x2127, 0x2927, 0x2947, 0x18e5, 0x18e5, 0x6b4f, 0x2948, 0x2948, 0x18e5, 0x0862, 0x5aec, 0x10a3,
  0x10a3, 0x0862, 0x0862, 0x5aec, 0x10a4, 0x10a4, 0x10a4, 0x10a4, 0x8494, 0xefff, 0x428b, 0xadb8,
  0xefff, 0xbe7a, 0xbe7a, 0xbe7a, 0xbe7a, 0xbe7a, 0xbe7a, 0xbe7a, 0xbe7a, 0xbe7a, 0xbe7a, 0xbe7a,
  0xbe7a, 0xbe7a, 0xbe7a, 0xbe7a, 0xbe7a, 0xbe7a, 0xadb8, 0x7c12, 0x4acd, 0x18e5, 0x18e5, 0x18e5,
  0x18e5, 0x8494, 0xefff, 0x428b, 0xadb8, 0xefff, 0xbe7a, 0xbe7a, 0xbe7a, 0xbe7a, 0xbe7a, 0xbe7a,
  0xbe7a, 0xbe7a, 0xbe7a, 0xbe7a, 0xbe7a, 0xbe7a, 0xbe7a, 0xbe7a, 0xbe7a, 0xbe7a, 0xbe7a, 0xadb8,
  0x7c12, 0x4acd, 0x2127, 0x2127, 0x2947, 0x2947, 0x8494, 0xefff, 0x428b, 0xadb8, 0xefff, 0xbe7a,
  0xbe7a, 0xbe7a, 0xbe7a, 0xbe7a, 0xbe7a, 0xbe7a, 0xbe7a, 0xbe7a, 0xbe7a, 0xbe7a, 0xbe7a, 0xbe7a,
  0xbe7a, 0xbe7a, 0xbe7a, 0xbe7a, 0xadb8, 0x7c12, 0x4acd, 0x3189, 0x3189, 0x3189, 0x3189, 0x8494,
  0xefff, 0x428b, 0xadb8, 0xefff, 0xbe7a, 0xbe7a, 0xbe7a, 0xbe7a, 0xbe7a, 0xbe7a, 0xbe7a, 0xbe7a,
  0xbe7a, 0xbe7a, 0xbe7a, 0xbe7a, 0xbe7a, 0xbe7a, 0xbe7a, 0xbe7a, 0xbe7a, 0xadb8, 0x7c12, 0x4acd,
  0x39cb, 0x39cb, 0x39cb, 0x39cb, 0x39cb, 0x39cb, 0x39cb, 0x39cb, 0x39cb, 0x39cb, 0x39cb, 0x39cb,
  0x39cb, 0x39cb, 0x39cb, 0x39cb, 0x39cb, 0x39cb, 0x39cb, 0x39cb, 0x39cb, 0x39cb, 0x39cb, 0x39cb,
  0x39cb, 0x39cb, 0x39cb, 0x39cb, 0x39cb, 0x39cb, 0x39ab, 0x39ab, 0x39aa, 0x39aa, 0x31aa, 0x31aa,
  0x31aa, 0x31aa, 0x31aa, 0x31aa, 0x31aa, 0x31aa, 0x31aa, 0x31aa, 0x31aa, 0x31aa, 0x31aa, 0x31aa,
  0x31aa, 0x318a, 0x318a, 0x3189, 0x3189, 0x3189, 0x3189, 0x3189, 0x3189, 0x3189, 0x3189, 0x3189,
  0x3169, 0x2969, 0x2969, 0x2969, 0x2969, 0x2969, 0x2968, 0x2968, 0x2968, 0x2968, 0x2948, 0x2948,
  0x2948, 0x2948, 0x2948, 0x2948, 0x2948, 0x2948, 0x2947, 0x2927, 0x2127, 0x2127, 0x2127, 0x2127,
  0x2127, 0x2127, 0x2127, 0x2127, 0x2127, 0x2107, 0x2107, 0x2106, 0x2106, 0x2106, 0x2106, 0x2106,
  0x2106, 0x2106, 0x2106, 0x18e6, 0x18e6, 0x18e6, 0x18e6, 0x18e5, 0x18e5, 0x8494, 0xefff, 0x428b,
  0xadb8, 0xefff, 0xbe7a, 0x29a9, 0xbe7a, 0x29a9, 0xbe7a, 0x29a9, 0x29a9, 0xbe7a, 0xbe7a, 0xbe7a,
  0x29a9, 0xbe7a, 0xbe7a, 0xbe7a, 0x29a9, 0xbe7a, 0xbe7a, 0xadb8, 0x7c12, 0x4acd, 0x18c5, 0x18e5,
  0x18e5, 0x18e5, 0x18e6, 0x1906, 0x2106, 0x2106, 0x2106, 0x2126, 0x2127, 0x2127, 0x2127, 0x2127,
  0x2127, 0x5b0d, 0x18e5, 0x18e5, 0x6b4f, 0x2948, 0x2948, 0x18e5, 0x0862, 0x5aec, 0x10a3, 0x10a3,
  0x0862, 0x0862, 0x5aec, 0x10a4, 0x10a4, 0x10a4, 0x10a4, 0x8494, 0xefff, 0x428b, 0xadb8, 0xefff,
  0xbe7a, 0xbe7a, 0xbe7a, 0xbe7a, 0xbe7a, 0xbe7a, 0xbe7a, 0xbe7a, 0xbe7a, 0xbe7a, 0xbe7a, 0xbe7a,
  0xbe7a, 0xbe7a, 0xbe7a, 0xbe7a, 0xbe7a, 0xadb8, 0x7c12, 0x4acd, 0x18e5, 0x18e5, 0x18e5, 0x18e5,
  0x8494, 0xefff, 0x428b, 0xadb8, 0xefff, 0xbe7a, 0xbe7a, 0xbe7a, 0xbe7a, 0xbe7a, 0xbe7a, 0xbe7a,
  0xbe7a, 0xbe7a, 0xbe7a, 0xbe7a, 0xbe7a, 0xbe7a, 0xbe7a, 0xbe7a, 0xbe7a, 0xbe7a, 0xadb8, 0x7c12,
  0x4acd, 0x2127, 0x2147, 0x2947, 0x2947, 0x8494, 0xefff, 0x428b, 0xadb8, 0xefff, 0xbe7a, 0xbe7a,
  0xbe7a, 0xbe7a, 0xbe7a, 0xbe7a, 0xbe7a, 0xbe7a, 0xbe7a, 0xbe7a, 0xbe7a, 0xbe7a, 0xbe7a, 0xbe7a,
  0xbe7a, 0xbe7a, 0xbe7a, 0xadb8, 0x7c12, 0x4acd, 0x3189, 0x3189, 0x3189, 0x3189, 0x8494, 0xefff,
  0x428b, 0xadb8, 0xefff, 0xbe7a, 0xbe7a, 0xbe7a, 0xbe7a, 0xbe7a, 0xbe7a, 0xbe7a, 0xbe7a, 0xbe7a,
  0xbe7a, 0xbe7a, 0xbe7a, 0xbe7a, 0xbe7a, 0xbe7a, 0xbe7a, 0xbe7a, 0xadb8, 0x7c12, 0x4acd, 0x39cb,
  0x39cb, 0x39cb, 0x39cb, 0x39cb, 0x39cb, 0x39cb, 0x39cb, 0x39cb, 0x39cb, 0x39cb, 0x39cb, 0x39cb,
  0x39cb, 0x39cb, 0x39cb, 0x39cb, 0x39cb, 0x39cb, 0x39cb, 0x39cb, 0x39cb, 0x39cb, 0x39cb, 0x39cb,
  0x39cb, 0x39cb, 0x39cb, 0x39cb, 0x31cb, 0x39cb, 0x39ab, 0x39aa, 0x39aa, 0x31aa, 0x31aa, 0x31aa,
  0x31aa, 0x31aa, 0x31aa, 0x31aa, 0x31aa, 0x31aa, 0x31aa, 0x31aa, 0x31aa, 0x31aa, 0x31aa, 0x31aa,
  0x318a, 0x318a, 0x3189, 0x3189, 0x3189, 0x3189, 0x3189, 0x3189, 0x3189, 0x3189, 0x2989, 0x2969,
  0x2969, 0x2969, 0x2969, 0x2969, 0x2969, 0x2968, 0x2968, 0x2968, 0x2968, 0x2948, 0x2948, 0x2948,
  0x2948, 0x2948, 0x2948, 0x2948, 0x2948, 0x2947, 0x2147, 0x2147, 0x2127, 0x2127, 0x2127, 0x2127,
  0x2127, 0x2127, 0x2127, 0x2127, 0x2127, 0x2126, 0x2106, 0x2106, 0x2106, 0x2106, 0x2106, 0x2106,
  0x2106, 0x2106, 0x1906, 0x1906, 0x18e6, 0x18e6, 0x18e5, 0x18e5, 0x8494, 0xefff, 0x428b, 0xadb8,
  0xefff, 0xbe7a, 0x29a9, 0xbe7a, 0x29a9, 0xbe7a, 0x29a9, 0xbe7a, 0xbe7a, 0xbe7a, 0xbe7a, 0x29a9,
  0xbe7a, 0xbe7a, 0xbe7a, 0xbe7a, 0x29a9, 0xbe7a, 0xadb8, 0x7c12, 0x4acd, 0x18c5, 0x18c5, 0x18c5,
  0x18e5, 0x18e5, 0x18e6, 0x1906, 0x2106, 0x2106, 0x2106, 0x2126, 0x2127, 0x2127, 0x2127, 0x5b0d,
  0x39e9, 0x18e5, 0x18e5, 0x6b4f, 0x2948, 0x2948, 0x18e5, 0x0862, 0x5aec, 0x10a3, 0x10a3, 0x0862,
  0x0862, 0x5aec, 0x10a3, 0x10a4, 0x10a4, 0x10a4, 0x8494, 0xefff, 0x428b, 0xadb8, 0xefff, 0xbe7a,
  0xbe7a, 0xbe7a, 0xbe7a, 0xbe7a, 0xbe7a, 0xbe7a, 0xbe7a, 0xbe7a, 0xbe7a, 0xbe7a, 0xbe7a, 0xbe7a,
  0xbe7a, 0xbe7a, 0xbe7a, 0xbe7a, 0xadb8, 0x7c12, 0x4acd, 0x18e5, 0x18e5, 0x18e5, 0x18e5, 0x8494,
  0xefff, 0x428b, 0xadb8, 0xefff, 0xbe7a, 0xbe7a, 0xbe7a, 0xbe7a, 0xbe7a, 0xbe7a, 0xbe7a, 0xbe7a,
  0xbe7a, 0xbe7a, 0xbe7a, 0xbe7a, 0xbe7a, 0xbe7a, 0xbe7a, 0xbe7a, 0xbe7a, 0xadb8, 0x7c12, 0x4acd,
  0x2127, 0x2147, 0x2927, 0x2947, 0x8494, 0xefff, 0x428b, 0xadb8, 0xefff, 0xbe7a, 0xbe7a, 0xbe7a,
  0xbe7a, 0xbe7a, 0xbe7a, 0xbe7a, 0xbe7a, 0xbe7a, 0xbe7a, 0xbe7a, 0xbe7a, 0xbe7a, 0xbe7a, 0xbe7a,
  0xbe7a, 0xbe7a, 0xadb8, 0x7c12, 0x4acd, 0x3189, 0x3189, 0x3189, 0x3189, 0x8494, 0xefff, 0x428b,
  0xadb8, 0xefff, 0xbe7a, 0xbe7a, 0xbe7a, 0xbe7a, 0xbe7a, 0xbe7a, 0xbe7a, 0xbe7a, 0xbe7a, 0xbe7a,
  0xbe7a, 0xbe7a, 0xbe7a, 0xbe7a, 0xbe7a, 0xbe7a, 0xbe7a, 0xadb8, 0x7c12, 0x4acd, 0x39cb, 0x39cb,
  0x39cb, 0x39cb, 0x39cb, 0x39cb, 0x39cb, 0x39cb, 0x39cb, 0x39cb, 0x39cb, 0x39cb, 0x39cb, 0x39cb,
  0x39cb, 0x39cb, 0x39cb, 0x39cb, 0x39cb, 0x39cb, 0x39cb, 0x39cb, 0x39cb, 0x39cb, 0x39cb, 0x39cb,
  0x39cb, 0x39cb, 0x39cb, 0x31cb, 0x39ab, 0x31cb, 0x39aa, 0x39aa, 0x31ab, 0x31aa, 0x31aa, 0x31aa,
  0x31aa, 0x31aa, 0x31aa, 0x31aa, 0x31aa, 0x31aa, 0x31aa, 0x31aa, 0x31aa, 0x31aa, 0x318a, 0x318a,
  0x318a, 0x3189, 0x3189, 0x3189, 0x3189, 0x3189, 0x3189, 0x3189, 0x3189, 0x2989, 0x2969, 0x2969,
  0x2969, 0x2969, 0x20e6, 0x20e6, 0x18e6, 0x18e6, 0x18e6, 0x18e6, 0x18e6, 0x18e5, 0x18e5, 0x18e5,
  0x18e5, 0x18e5, 0x18e5, 0x18e5, 0x18e5, 0x18e5, 0x18c5, 0x18c5, 0x18c5, 0x18c5, 0x18c5, 0x18c5,
  0x18c5, 0x18c5, 0x18c5, 0x18c4, 0x18c4, 0x18c4, 0x18c4, 0x18c4, 0x18c4, 0x10c4, 0x10a4, 0x10a4,
  0x10a4, 0x630e, 0x1906, 0x1906, 0x18e6, 0x18e5, 0x18e5, 0x8494, 0xefff, 0x428b, 0xadb8, 0xefff,
  0xbe7a, 0x29a9, 0x29a9, 0x29a9, 0xbe7a, 0x29a9, 0xbe7a, 0xbe7a, 0xbe7a, 0xbe7a, 0x29a9, 0xbe7a,
  0xbe7a, 0x29a9, 0x29a9, 0xbe7a, 0xbe7a, 0xadb8, 0x7c12, 0x4acd, 0x18c4, 0x18c5, 0x18c5, 0x18e5,
  0x18e5, 0x18e5, 0x18e5, 0x1906, 0x2106, 0x2106, 0x2106, 0x2126, 0x2127, 0x5b0d, 0x39e9, 0x18e5,
  0x18c5, 0x18e5, 0x6b4f, 0x2947, 0x2948, 0x18e5, 0x0862, 0x5aec, 0x10a3, 0x10a3, 0x0862, 0x0862,
  0x5aec, 0x10a4, 0x10a4, 0x10a4, 0x10a4, 0x8494, 0xefff, 0x428b, 0xadb8, 0xefff, 0xbe7a, 0xbe7a,
  0xbe7a, 0xbe7a, 0xbe7a, 0xbe7a, 0xbe7a, 0xbe7a, 0xbe7a, 0xbe7a, 0xbe7a, 0xbe7a, 0xbe7a, 0xbe7a,
  0xbe7a, 0xbe7a, 0xbe7a, 0xadb8, 0x7c12, 0x4acd, 0x18e5, 0x18e5, 0x18e5, 0x18e5, 0x8494, 0xefff,
  0x428b, 0xadb8, 0xefff, 0xbe7a, 0xbe7a, 0xbe7a, 0xbe7a, 0xbe7a, 0xbe7a, 0xbe7a, 0xbe7a, 0xbe7a,
  0xbe7a, 0xbe7a, 0xbe7a, 0xbe7a, 0xbe7a, 0xbe7a, 0xbe7a, 0xbe7a, 0xadb8, 0x7c12, 0x4acd, 0x2127,
  0x2147, 0x2927, 0x2947, 0x8494, 0xefff, 0x428b, 0xadb8, 0xefff, 0xbe7a, 0xbe7a, 0xbe7a, 0xbe7a,
  0xbe7a, 0xbe7a, 0xbe7a, 0xbe7a, 0xbe7a, 0xbe7a, 0xbe7a, 0xbe7a, 0xbe7a, 0xbe7a, 0xbe7a, 0xbe7a,
  0xbe7a, 0xadb8, 0x7c12, 0x4acd, 0x3189, 0x3189, 0x3189, 0x3189, 0x8494, 0xefff, 0x428b, 0xadb8,
  0xefff, 0xbe7a, 0xbe7a, 0xbe7a, 0xbe7a, 0xbe7a, 0xbe7a, 0xbe7a, 0xbe7a, 0xbe7a, 0xbe7a, 0xbe7a,
  0xbe7a, 0xbe7a, 0xbe7a, 0xbe7a, 0xbe7a, 0xbe7a, 0xadb8, 0x7c12, 0x4acd, 0x39cb, 0x39cb, 0x39cb,
  0x39cb, 0x39cb, 0x39cb, 0x39cb, 0x39cb, 0x39cb, 0x39cb, 0x39cb, 0x39cb, 0x39cb, 0x39cb, 0x39cb,
  0x39cb, 0x39cb, 0x39cb, 0x39cb, 0x39cb, 0x39cb, 0x39cb, 0x39cb, 0x39cb, 0x39cb, 0x39cb, 0x39cb,
  0x39cb, 0x39cb, 0x39cb, 0x31ab, 0x31ca, 0x39aa, 0x39aa, 0x31aa, 0x39aa, 0x31aa, 0x31aa, 0x31aa,
  0x31aa, 0x31aa, 0x31aa, 0x31aa, 0x31aa, 0x31aa, 0x31aa, 0x31aa, 0x31aa, 0x318a, 0x318a, 0x318a,
  0x3189, 0x3189, 0x3189, 0x3189, 0x3189, 0x3189, 0x3189, 0x3189, 0x3169, 0x2969, 0x2969, 0x2969,
  0x2969, 0x18e6, 0x0000, 0x0000, 0x0000, 0x0000, 0x0000, 0x0000, 0x0000, 0x0000, 0x0000, 0x0000,
  0x0000, 0x0000, 0x0000, 0x0000, 0x0000, 0x0000, 0x0000, 0x0000, 0x0000, 0x0000, 0x0000, 0x0000,
  0x0000, 0x0000, 0x0000, 0x0000, 0x0000, 0x0000, 0x0000, 0x0000, 0x0000, 0x0000, 0x0000, 0x0000,
  0x630e, 0x1906, 0x18e6, 0x18e6, 0x18e5, 0x18e5, 0x8494, 0xefff, 0x428b, 0xadb8, 0xefff, 0xbe7a,
  0xbe7a, 0xbe7a, 0xbe7a, 0xbe7a, 0xbe7a, 0xbe7a, 0xbe7a, 0xbe7a, 0xbe7a, 0xbe7a, 0xbe7a, 0xbe7a,
  0xbe7a, 0xbe7a, 0xbe7a, 0xbe7a, 0xadb8, 0x7c12, 0x4acd, 0x18c4, 0x18c4, 0x18c5, 0x18c5, 0x18c5,
  0x18e5, 0x18e5, 0x18e5, 0x1906, 0x2106, 0x2106, 0x2106, 0x5aec, 0x39e9, 0x18e5, 0x5b0d, 0x18c5,
  0x18c5, 0x6b4f, 0x2947, 0x2947, 0x18e5, 0x0862, 0x5aec, 0x10a3, 0x10a3, 0x0862, 0x0862, 0x5aec,
  0x10a3, 0x10a4, 0x10a4, 0x10a4, 0x428b, 0xefff, 0x428b, 0xadb8, 0xefff, 0xadb8, 0xadb8, 0xadb8,
  0xadb8, 0xadb8, 0xadb8, 0xadb8, 0xadb8, 0xadb8, 0xadb8, 0xadb8, 0xadb8, 0xadb8, 0xadb8, 0xadb8,
  0xadb8, 0xadb8, 0xadb8, 0x7c12, 0x4acd, 0x18e5, 0x18e5, 0x18e5, 0x18e5, 0x428b, 0xefff, 0x428b,
  0xadb8, 0xefff, 0xadb8, 0xadb8, 0xadb8, 0xadb8, 0xadb8, 0xadb8, 0xadb8, 0xadb8, 0xadb8, 0xadb8,
  0xadb8, 0xadb8, 0xadb8, 0xadb8, 0xadb8, 0xadb8, 0xadb8, 0xadb8, 0x7c12, 0x4acd, 0x2127, 0x2147,
  0x2947, 0x2947, 0x428b, 0xefff, 0x428b, 0xadb8, 0xefff, 0xadb8, 0xadb8, 0xadb8, 0xadb8, 0xadb8,
  0xadb8, 0xadb8, 0xadb8, 0xadb8, 0xadb8, 0xadb8, 0xadb8, 0xadb8, 0xadb8, 0xadb8, 0xadb8, 0xadb8,
  0xadb8, 0x7c12, 0x4acd, 0x3189, 0x3189, 0x3189, 0x3189, 0x428b, 0xefff, 0x428b, 0xadb8, 0xefff,
  0xadb8, 0xadb8, 0xadb8, 0xadb8, 0xadb8, 0xadb8, 0xadb8, 0xadb8, 0xadb8, 0xadb8, 0xadb8, 0xadb8,
  0xadb8, 0xadb8, 0xadb8, 0xadb8, 0xadb8, 0xadb8, 0x7c12, 0x4acd, 0x39cb, 0x39cb, 0x39cb, 0x39cb,
  0x39cb, 0x39cb, 0x39cb, 0x39cb, 0x736a, 0x39cb, 0x39cb, 0x39cb, 0x736a, 0x736a, 0x39cb, 0x39cb,
  0x39cb, 0x736a, 0x736a, 0x39cb, 0x39cb, 0x39cb, 0x39cb, 0x39cb, 0x39cb, 0x39ca, 0x39cb, 0x736a,
  0x736a, 0x39cb, 0x39cb, 0x736a, 0x736a, 0x39aa, 0x31aa, 0x31aa, 0x31aa, 0x736a, 0x736a, 0x736a,
  0x736a, 0x736a, 0x31aa, 0x31aa, 0x31aa, 0x736a, 0x736a, 0x318a, 0x318a, 0x318a, 0x736a, 0x318a,
  0x3189, 0x3189, 0x3189, 0x3189, 0x3189, 0x3189, 0x3189, 0x3169, 0x2969, 0x2969, 0x2969, 0x2969,
  0x20e6, 0x0000, 0x0000, 0x0000, 0x0000, 0x0000, 0x0000, 0x0000, 0x0000, 0x0000, 0x0000, 0x0000,
  0x0000, 0x0000, 0x0000, 0x0000, 0x0000, 0x0000, 0x0000, 0x0000, 0x0000, 0x0000, 0x0000, 0x0000,
  0x0000, 0x0000, 0x0000, 0x0000, 0x0000, 0x0000, 0x0000, 0x0000, 0x0000, 0x0000, 0x0000, 0x630e,
  0x1906, 0x18e6, 0x18e6, 0x18e5, 0x18e5, 0x428b, 0xefff, 0x428b, 0xadb8, 0xefff, 0xadb8, 0xadb8,
  0xadb8, 0xadb8, 0xadb8, 0xadb8, 0xadb8, 0xadb8, 0xadb8, 0xadb8, 0xadb8, 0xadb8, 0xadb8, 0xadb8,
  0xadb8, 0xadb8, 0xadb8, 0xadb8, 0x7c12, 0x4acd, 0x10a4, 0x10c4, 0x18c4, 0x18c5, 0x18c5, 0x18c5,
  0x18e5, 0x18e5, 0x18e5, 0x1906, 0x2106, 0x5aec, 0x39e9, 0x18c5, 0x5b0d, 0x39e9, 0x18c5, 0x18c5,
  0x6b4f, 0x2927, 0x2947, 0x18e5, 0x0862, 0x5aec, 0x10a3, 0x10a3, 0x0862, 0x0862, 0x5aec, 0x10a4,
  0x10a4, 0x10a4, 0x10a4, 0x10a4, 0xefff, 0x428b, 0xadb8, 0xadb8, 0x8494, 0x7c12, 0x7c12, 0x7c12,
  0x7c12, 0x7c12, 0x7c12, 0x7c12, 0x7c12, 0x7c12, 0x7c12, 0x7c12, 0x7c12, 0x7c12, 0x7c12, 0x7c12,
  0x7c12, 0x7c12, 0x7c12, 0x4acd, 0x18e5, 0x18e5, 0x18e5, 0x18e5, 0x18e5, 0xefff, 0x428b, 0xadb8,
  0xadb8, 0x8494, 0x7c12, 0x7c12, 0x7c12, 0x7c12, 0x7c12, 0x7c12, 0x7c12, 0x7c12, 0x7c12, 0x7c12,
  0x7c12, 0x7c12, 0x7c12, 0x7c12, 0x7c12, 0x7c12, 0x7c12, 0x7c12, 0x4acd, 0x2127, 0x2927, 0x2927,
  0x2927, 0x2948, 0xefff, 0x428b, 0xadb8, 0xadb8, 0x8494, 0x7c12, 0x7c12, 0x7c12, 0x7c12, 0x7c12,
  0x7c12, 0x7c12, 0x7c12, 0x7c12, 0x7c12, 0x7c12, 0x7c12, 0x7c12, 0x7c12, 0x7c12, 0x7c12, 0x7c12,
  0x7c12, 0x4acd, 0x3189, 0x3189, 0x3189, 0x3189, 0x3189, 0xefff, 0x428b, 0xadb8, 0xadb8, 0x8494,
  0x7c12, 0x7c12, 0x7c12, 0x7c12, 0x7c12, 0x7c12, 0x7c12, 0x7c12, 0x7c12, 0x7c12, 0x7c12, 0x7c12,
  0x7c12, 0x7c12, 0x7c12, 0x7c12, 0x7c12, 0x7c12, 0x4acd, 0x39cb, 0x39cb, 0x39cb, 0x39cb, 0x39cb,
  0x39cb, 0x39cb, 0x39cb, 0xee6f, 0x39cb, 0x736a, 0xee6f, 0xee6f, 0x736a, 0x39cb, 0x39cb, 0x736a,
  0xee6f, 0xee6f, 0x736a, 0x736a, 0x39cb, 0x39cb, 0x39cb, 0x39cb, 0x39cb, 0x736a, 0xee6f, 0xffff,
  0x736a, 0x736a, 0xee6f, 0xffff, 0x736a, 0x39aa, 0x31aa, 0x736a, 0xee6f, 0xee6f, 0xee6f, 0xee6f,
  0xee6f, 0x736a, 0x31aa, 0x31aa, 0x736a, 0xee6f, 0xee6f, 0x736a, 0x318a, 0xee6f, 0x3189, 0x3189,
  0x3189, 0x3189, 0x3189, 0x3189, 0xee6f, 0x3189, 0x3189, 0x3169, 0x2969, 0x2969, 0x2969, 0x20e6,
  0x0000, 0x0000, 0x0000, 0x0000, 0x0000, 0x0000, 0x0000, 0x0000, 0x0000, 0x0000, 0x0000, 0x0000,
  0x0000, 0x0000, 0x0000, 0x0000, 0x0000, 0x0000, 0x0000, 0x0000, 0x07c0, 0x07c0, 0x0000, 0x0000,
  0x0000, 0x0000, 0x0000, 0x0000, 0x0000, 0x0000, 0x0000, 0x0000, 0x0000, 0x0000, 0x630e, 0x1906,
  0x18e6, 0x18e6, 0x18e5, 0x18e5, 0x18e5, 0xefff, 0x428b, 0xadb8, 0xadb8, 0x8494, 0x7c12, 0x7c12,
  0x7c12, 0x7c12, 0x7c12, 0x7c12, 0x7c12, 0x7c12, 0x7c12, 0x7c12, 0x7c12, 0x7c12, 0x7c12, 0x7c12,
  0x7c12, 0x7c12, 0x7c12, 0x7c12, 0x4acd, 0x10a4, 0x10a4, 0x10c4, 0x18c4, 0x18c5, 0x18c5, 0x18c5,
  0x18e5, 0x18e5, 0x18e5, 0x52ac, 0x39c8, 0x18c5, 0x5aec, 0x39e9, 0x18c5, 0x18c5, 0x18c5, 0x6b4f,
  0x2127, 0x2927, 0x18e5, 0x0862, 0x5aec, 0x10a3, 0x10a3, 0x0862, 0x0862, 0x5aec, 0x10a4, 0x10a4,
  0x10a4, 0x10a4, 0x10a4, 0x10a4, 0x428b, 0x8494, 0x532e, 0x4acd, 0x4acd, 0x4acd, 0x4acd, 0x4acd,
  0x4acd, 0x4acd, 0x4acd, 0x4acd, 0x4acd, 0x4acd, 0x4acd, 0x4acd, 0x4acd, 0x4acd, 0x4acd, 0x4acd,
  0x4acd, 0x4acd, 0x4acd, 0x18e5, 0x18e5, 0x18e5, 0x18e5, 0x18e5, 0x18e5, 0x428b, 0x8494, 0x532e,
  0x4acd, 0x4acd, 0x4acd, 0x4acd, 0x4acd, 0x4acd, 0x4acd, 0x4acd, 0x4acd, 0x4acd, 0x4acd, 0x4acd,
  0x4acd, 0x4acd, 0x4acd, 0x4acd, 0x4acd, 0x4acd, 0x4acd, 0x4acd, 0x2127, 0x2147, 0x2147, 0x2947,
  0x2947, 0x2948, 0x428b, 0x8494, 0x532e, 0x4acd, 0x4acd, 0x4acd, 0x4acd, 0x4acd, 0x4acd, 0x4acd,
  0x4acd, 0x4acd, 0x4acd, 0x4acd, 0x4acd, 0x4acd, 0x4acd, 0x4acd, 0x4acd, 0x4acd, 0x4acd, 0x4acd,
  0x4acd, 0x3189, 0x3189, 0x3189, 0x3189, 0x318a, 0x318a, 0x428b, 0x8494, 0x532e, 0x4acd, 0x4acd,
  0x4acd, 0x4acd, 0x4acd, 0x4acd, 0x4acd, 0x4acd, 0x4acd, 0x4acd, 0x4acd, 0x4acd, 0x4acd, 0x4acd,
  0x4acd, 0x4acd, 0x4acd, 0x4acd, 0x4acd, 0x4acd, 0x39ab, 0x39cb, 0x39cb, 0x39cb, 0x39cb, 0x39cb,
  0x39cb, 0x39cb, 0xee6f, 0x736a, 0xee6f, 0xffff, 0xee6f, 0x736a, 0x39cb, 0x39cb, 0x736a, 0xffff,
  0xffff, 0xee6f, 0xee6f, 0x736a, 0x736a, 0x39cb, 0x39cb, 0x39cb, 0x736a, 0xee6f, 0xffff, 0x736a,
  0x736a, 0xee6f, 0xffff, 0x736a, 0x31aa, 0x31aa, 0x736a, 0xee6f, 0xffff, 0xffff, 0xffff, 0xee6f,
  0x736a, 0x31aa, 0x31aa, 0x736a, 0xee6f, 0xffff, 0xee6f, 0x736a, 0xee6f, 0x3189, 0x3189, 0x3189,
  0x3189, 0x3189, 0xee6f, 0xffff, 0xee6f, 0x3189, 0x3169, 0x2969, 0x2969, 0x2969, 0x18e6, 0x0000,
  0x0000, 0x0000, 0x0000, 0x0000, 0x0000, 0x0000, 0x0000, 0x0000, 0x0000, 0x0000, 0x0000, 0x0000,
  0x0000, 0x0000, 0x0000, 0x0000, 0x0000, 0x0000, 0x0000, 0x0000, 0x0000, 0x0000, 0x0000, 0x0000,
  0x0000, 0x0000, 0x0000, 0x0000, 0x0000, 0x0000, 0x0000, 0x0000, 0x0000, 0x630e, 0x1906, 0x1906,
  0x18e6, 0x18e5, 0x18e5, 0x18e5, 0x18e5, 0x428b, 0x8494, 0x532e, 0x4acd, 0x4acd, 0x4acd, 0x4acd,
  0x4acd, 0x4acd, 0x4acd, 0x4acd, 0x4acd, 0x4acd, 0x4acd, 0x4acd, 0x4acd, 0x4acd, 0x4acd, 0x4acd,
  0x4acd, 0x4acd, 0x4acd, 0x4acd, 0x10a4, 0x10a4, 0x10a4, 0x10a4, 0x18c4, 0x18c5, 0x18c5, 0x18c5,
  0x18e5, 0x52ac, 0x31a8, 0x10a4, 0x52ac, 0x39c8, 0x18c5, 0x5aec, 0x18c5, 0x18c5, 0x634e, 0x2127,
  0x2127, 0x18e5, 0x0862, 0x5aec, 0x10a3, 0x10a3, 0x0862, 0x0862, 0x5aec, 0x10a3, 0x10a4, 0x10a4,
  0x10a4, 0x10a4, 0x10a4, 0x10a4, 0x10a4, 0x10a4, 0x10a4, 0x10a4, 0x10a4, 0x10c4, 0x18c4, 0x10c4,
  0x18c4, 0x18c4, 0x18c4, 0x18c4, 0x18c4, 0x18c5, 0x18c5, 0x18c5, 0x18c5, 0x18c5, 0x18c5, 0x18e5,
  0x18c5, 0x18e5, 0x18e5, 0x18e5, 0x18e5, 0x18e5, 0x18e5, 0x18e5, 0x18e5, 0x18e6, 0x18e6, 0x1906,
  0x1906, 0x2106, 0x2106, 0x2106, 0x2106, 0x2106, 0x2106, 0x2106, 0x2107, 0x2106, 0x2106, 0x2107,
  0x2127, 0x2127, 0x2127, 0x2127, 0x2127, 0x2127, 0x2127, 0x2127, 0x2147, 0x2147, 0x2947, 0x2948,
  0x2948, 0x2948, 0x2948, 0x2948, 0x2948, 0x2948, 0x2948, 0x2968, 0x2968, 0x2968, 0x2968, 0x2969,
  0x2968, 0x2969, 0x2969, 0x2969, 0x2969, 0x2969, 0x2989, 0x2989, 0x3189, 0x3189, 0x3189, 0x3189,
  0x3189, 0x3189, 0x3189, 0x3189, 0x318a, 0x318a, 0x318a, 0x31aa, 0x31aa, 0x31aa, 0x31aa, 0x31aa,
  0x31aa, 0x31aa, 0x31aa, 0x31aa, 0x31aa, 0x31aa, 0x31aa, 0x31aa, 0x31aa, 0x31aa, 0x39aa, 0x39aa,
  0x31ca, 0x39cb, 0x31ca, 0x39cb, 0x31cb, 0x39cb, 0x39cb, 0x39cb, 0x39cb, 0x39cb, 0x39cb, 0x39cb,
  0x39cb, 0xee6f, 0xee6f, 0xffff, 0xffff, 0xee6f, 0x736a, 0x39cb, 0x39cb, 0x736a, 0xffff, 0xffff,
  0xffff, 0xffff, 0xee6f, 0xee6f, 0x736a, 0x39cb, 0x39cb, 0x736a, 0xee6f, 0xffff, 0x736a, 0x736a,
  0xee6f, 0xffff, 0x736a, 0x39aa, 0x31aa, 0x736a, 0xee6f, 0xffff, 0xffff, 0xffff, 0xee6f, 0x736a,
  0x31aa, 0x31aa, 0x736a, 0xee6f, 0xffff, 0xffff, 0xee6f, 0xee6f, 0x3189, 0x3189, 0x3189, 0x3189,
  0xee6f, 0xffff, 0xffff, 0xffff, 0xee6f, 0x2969, 0x2969, 0x2969, 0x2969, 0x18e6, 0x0000, 0x0000,
  0x0000, 0x0000, 0x0000, 0x0000, 0x0000, 0x0000, 0x0000, 0x0000, 0x0000, 0x0000, 0x0000, 0x0000,
  0x0000, 0x0000, 0x0000, 0x0000, 0x0000, 0x0000, 0x0000, 0x0000, 0x0000, 0x0000, 0x0000, 0x0000,
  0x0000, 0x0000, 0x0000, 0x0000, 0x0000, 0x0000, 0x0000, 0x0000, 0x630e, 0x18e6, 0x18e6, 0x18e6,
  0x18e5, 0x18e5, 0x18e5, 0x18e5, 0x18e5, 0x18e5, 0x18e5, 0x18e5, 0x18e5, 0x18c5, 0x18c5, 0x18c5,
  0x18c5, 0x18c5, 0x18c5, 0x18c5, 0x18c4, 0x18c4, 0x18c4, 0x18c4, 0x10c4, 0x10c4, 0x10a4, 0x10a4,
  0x10a4, 0x10a4, 0x10a4, 0x10a4, 0x10a4, 0x10a4, 0x10a4, 0x10a4, 0x10c4, 0x18c4, 0x18c5, 0x528b,
  0x31a8, 0x10a4, 0x52ac, 0x39c8, 0x18c4, 0x5aec, 0x39e9, 0x18c4, 0x18c5, 0x634e, 0x2127, 0x2127,
  0x18c5, 0x0862, 0x5aec, 0x10a3, 0x10a3, 0x0862, 0x0862, 0x5aec, 0x10a4, 0x10a4, 0x10a4, 0x10a4,
  0x10a4, 0x10a4, 0x10a4, 0x10a4, 0x10a4, 0x10a4, 0x10a4, 0x10c4, 0x10a4, 0x10c4, 0x10c4, 0x18c4,
  0x18c4, 0x18c4, 0x18c5, 0x18c5, 0x18c5, 0x18c5, 0x18c5, 0x18c5, 0x18c5, 0x18c5, 0x18e5, 0x18e5,
  0x18e5, 0x18e5, 0x18e5, 0x18e5, 0x18e5, 0x18e5, 0x18e5, 0x18e6, 0x18e6, 0x18e6, 0x1906, 0x20e6,
  0x2106, 0x2106, 0x2106, 0x2106, 0x2106, 0x2106, 0x2106, 0x2106, 0x2126, 0x2107, 0x2127, 0x2127,
  0x2127, 0x2127, 0x2127, 0x2127, 0x2127, 0x2127, 0x2127, 0x2147, 0x2927, 0x2947, 0x2947, 0x2948,
  0x2948, 0x2948, 0x2948, 0x2948, 0x2948, 0x2948, 0x2968, 0x2968, 0x2968, 0x2968, 0x2968, 0x2968,
  0x2969, 0x2969, 0x2969, 0x2969, 0x2969, 0x2969, 0x3169, 0x3189, 0x3189, 0x3189, 0x3189, 0x3189,
  0x3189, 0x3189, 0x3189, 0x318a, 0x318a, 0x318a, 0x318a, 0x318a, 0x318a, 0x31aa, 0x31aa, 0x31aa,
  0x31aa, 0x31aa, 0x31aa, 0x31aa, 0x31aa, 0x31aa, 0x31aa, 0x31aa, 0x31aa, 0x31aa, 0x31aa, 0x31ca,
  0x31ca, 0x31ab, 0x39cb, 0x39cb, 0x39cb, 0x39cb, 0x39cb, 0x39cb, 0x39cb, 0x39cb, 0x39cb, 0x39cb,
  0xee6f, 0x736a, 0xee6f, 0xffff, 0xee6f, 0x736a, 0x39cb, 0x39cb, 0x736a, 0xffff, 0xffff, 0xee6f,
  0xee6f, 0x736a, 0x736a, 0x39cb, 0x39cb, 0x39cb, 0x736a, 0xee6f, 0xffff, 0x736a, 0x736a, 0xee6f,
  0xffff, 0x736a, 0x31aa, 0x31aa, 0x736a, 0xee6f, 0xffff, 0xffff, 0xffff, 0xee6f, 0x736a, 0x31aa,
  0x31aa, 0x736a, 0xee6f, 0xffff, 0xee6f, 0x736a, 0xee6f, 0x3189, 0x3189, 0x3189, 0x736a, 0xee6f,
  0xee6f, 0xee6f, 0xee6f, 0xee6f, 0x736a, 0x2969, 0x2969, 0x2969, 0x20e6, 0x0000, 0x0000, 0x0000,
  0x0000, 0x0000, 0x0000, 0x0000, 0x0000, 0x0000, 0x0000, 0x0000, 0x0000, 0x0000, 0x0000, 0x0000,
  0x0000, 0x0000, 0x0000, 0x0000, 0x0000, 0x07c0, 0x07c0, 0x0000, 0x0000, 0x0000, 0x0000, 0x0000,
  0x0000, 0x0000, 0x0000, 0x0000, 0x0000, 0x0000, 0x0000, 0x630e, 0x1906, 0x18e6, 0x18e6, 0x18e5,
  0x18e5, 0x18e5, 0x18e5, 0x18e5, 0x18e5, 0x18e5, 0x18e5, 0x18e5, 0x18c5, 0x18c5, 0x18c5, 0x18c5,
  0x18c5, 0x18c5, 0x18c5, 0x18c4, 0x18c4, 0x18c4, 0x18c4, 0x18c4, 0x10c4, 0x10a4, 0x10a4, 0x10a4,
  0x10a4, 0x10a4, 0x10a4, 0x10a4, 0x10a4, 0x10a4, 0x10a4, 0x10a4, 0x10c4, 0x528b, 0x3187, 0x10a3,
  0x528b, 0x31a8, 0x10a4, 0x52ac, 0x39c8, 0x18c5, 0x18c4, 0x18c4, 0x632e, 0x2127, 0x2127, 0x18c5,
  0x0862, 0x5aec, 0x10a3, 0x10a3, 0x0862, 0x0862, 0x5aec, 0x10a4, 0x10a4, 0x10a4, 0x10a4, 0x10a4,
  0x10a4, 0x10a4, 0x10a4, 0x10a4, 0x10a4, 0x10a4, 0x10c4, 0x10a4, 0x10c4, 0x18c4, 0x18c4, 0x18c4,
  0x18c4, 0x18c4, 0x18c5, 0x18c5, 0x18c5, 0x18c5, 0x18c5, 0x18c5, 0x18c5, 0x18c5, 0x18e5, 0x18e5,
  0x18e5, 0x18e5, 0x18e5, 0x18e5, 0x18e5, 0x18e5, 0x18e5, 0x18e6, 0x18e6, 0x18e6, 0x1906, 0x2106,
  0x2106, 0x2106, 0x2106, 0x2106, 0x2106, 0x2106, 0x2106, 0x2126, 0x2127, 0x2107, 0x2127, 0x2127,
  0x2127, 0x2127, 0x2127, 0x2127, 0x2127, 0x2127, 0x2147, 0x2947, 0x2947, 0x2947, 0x2948, 0x2948,
  0x2948, 0x2948, 0x2948, 0x2948, 0x2948, 0x2948, 0x2968, 0x2968, 0x2968, 0x2968, 0x2968, 0x2969,
  0x2969, 0x2969, 0x2969, 0x2969, 0x3169, 0x3169, 0x2989, 0x3189, 0x3189, 0x3189, 0x3189, 0x3189,
  0x3189, 0x3189, 0x318a, 0x3189, 0x318a, 0x318a, 0x318a, 0x31aa, 0x31aa, 0x31aa, 0x31aa, 0x31aa,
  0x31aa, 0x31aa, 0x31aa, 0x31aa, 0x31aa, 0x31aa, 0x31aa, 0x31aa, 0x31aa, 0x39aa, 0x39aa, 0x39ab,
  0x39aa, 0x39cb, 0x31cb, 0x39cb, 0x39cb, 0x39cb, 0x39cb, 0x39cb, 0x39cb, 0x39cb, 0x39cb, 0xee6f,
  0x39cb, 0x736a, 0xee6f, 0xee6f, 0x736a, 0x39cb, 0x39cb, 0x736a, 0xee6f, 0xee6f, 0x736a, 0x736a,
  0x39cb, 0x39cb, 0x39cb, 0x39cb, 0x39cb, 0x736a, 0xee6f, 0xffff, 0x736a, 0x736a, 0xee6f, 0xffff,
  0x736a, 0x31ab, 0x39aa, 0x736a, 0xee6f, 0xee6f, 0xee6f, 0xee6f, 0xee6f, 0x736a, 0x31aa, 0x31aa,
  0x736a, 0xee6f, 0xee6f, 0x736a, 0x318a, 0xee6f, 0x3189, 0x3189, 0x3189, 0x736a, 0x736a, 0x736a,
  0x736a, 0x736a, 0x736a, 0x736a, 0x2969, 0x2969, 0x2969, 0x18e6, 0x0000, 0x0000, 0x0000, 0x0000,
  0x0000, 0x0000, 0x0000, 0x0000, 0x0000, 0x0000, 0x0000, 0x0000, 0x0000, 0x0000, 0x0000, 0x0000,
  0x0000, 0x0000, 0x0000, 0x0000, 0x0000, 0x0000, 0x0000, 0x0000, 0x0000, 0x0000, 0x0000, 0x0000,
  0x0000, 0x0000, 0x0000, 0x0000, 0x0000, 0x0000, 0x630e, 0x1906, 0x18e6, 0x18e6, 0x18e5, 0x18e5,
  0x18e5, 0x18e5, 0x18e5, 0x18e5, 0x18e5, 0x18e5, 0x18c5, 0x18c5, 0x18c5, 0x18c5, 0x18c5, 0x18c5,
  0x18c5, 0x18c5, 0x18c4, 0x18c4, 0x18c4, 0x18c4, 0x18c4, 0x10a4, 0x10a4, 0x10a4, 0x10a4, 0x10a4,
  0x10a4, 0x10a4, 0x10a4, 0x10a4, 0x10a4, 0x10a4, 0x10a4, 0x528b, 0x3187, 0x1083, 0x528b, 0x3187,
  0x10a3, 0x52ac, 0x31a8, 0x10a4, 0x52ac, 0x10a4, 0x18c4, 0x632e, 0x2107, 0x2127, 0x18c5, 0x0862,
  0x5aec, 0x10a3, 0x10a3, 0x0862, 0x0862, 0x5aec, 0x10a4, 0x10a4, 0x10a4, 0x10a4, 0x10a4, 0x10a4,
  0x10a4, 0x10a4, 0x10a4, 0x10a4, 0x10a4, 0x10a4, 0x10c4, 0x18c4, 0x18c4, 0x18c4, 0x18c4, 0x18c4,
  0x18c4, 0x18c5, 0x18c5, 0x18c5, 0x18c5, 0x18c5, 0x18c5, 0x18c5, 0x18c5, 0x18e5, 0x18e5, 0x18e5,
  0x18e5, 0x18e5, 0x18e5, 0x18e5, 0x18e5, 0x18e6, 0x18e6, 0x18e6, 0x18e6, 0x20e6, 0x18e6, 0x2106,
  0x2106, 0x2106, 0x2106, 0x2106, 0x2106, 0x2106, 0x2106, 0x2126, 0x2127, 0x2127, 0x2127, 0x2127,
  0x2127, 0x2127, 0x2127, 0x2127, 0x2147, 0x2127, 0x2927, 0x2947, 0x2947, 0x2948, 0x2948, 0x2948,
  0x2948, 0x2948, 0x2948, 0x2948, 0x2968, 0x2968, 0x2968, 0x2968, 0x2968, 0x2969, 0x2969, 0x2969,
  0x2969, 0x2969, 0x2969, 0x3189, 0x2989, 0x3189, 0x3189, 0x3189, 0x3189, 0x3189, 0x3189, 0x3189,
  0x3189, 0x318a, 0x318a, 0x318a, 0x318a, 0x31aa, 0x31aa, 0x31aa, 0x31aa, 0x31aa, 0x31aa, 0x31aa,
  0x31aa, 0x31aa, 0x31aa, 0x31aa, 0x31aa, 0x31aa, 0x31aa, 0x39aa, 0x39aa, 0x39aa, 0x31ab, 0x39cb,
  0x31ab, 0x39cb, 0x39cb, 0x39cb, 0x39cb, 0x39cb, 0x39cb, 0x39cb, 0x39cb, 0x39cb, 0x736a, 0x39cb,
  0x39cb, 0x39cb, 0x736a, 0x736a, 0x39cb, 0x39cb, 0x39cb, 0x736a, 0x736a, 0x39cb, 0x39cb, 0x39cb,
  0x39cb, 0x39cb, 0x39cb, 0x39cb, 0x39cb, 0x736a, 0x736a, 0x31cb, 0x39cb, 0x736a, 0x736a, 0x31ca,
  0x31aa, 0x39aa, 0x31aa, 0x736a, 0x736a, 0x736a, 0x736a, 0x736a, 0x31aa, 0x31aa, 0x31aa, 0x736a,
  0x736a, 0x31aa, 0x31aa, 0x318a, 0x736a, 0x3189, 0x3189, 0x3189, 0xee6f, 0xffff, 0xffff, 0xffff,
  0xffff, 0xffff, 0xee6f, 0x2969, 0x2969, 0x2969, 0x18e6, 0x0000, 0x0000, 0x0000, 0x0000, 0x0000,
  0x0000, 0x0000, 0x0000, 0x0000, 0x0000, 0x0000, 0x0000, 0x0000, 0x0000, 0x0000, 0x0000, 0x0000,
  0x0000, 0x0000, 0x0000, 0x0000, 0x0000, 0x0000, 0x0000, 0x0000, 0x0000, 0x0000, 0x0000, 0x0000,
  0x0000, 0x0000, 0x0000, 0x0000, 0x0000, 0x630e, 0x1906, 0x1906, 0x18e6, 0x18e5, 0x18e5, 0x18e5,
  0x18e5, 0x18e5, 0x18e5, 0x18e5, 0x18e5, 0x18c5, 0x18c5, 0x18c5, 0x18c5, 0x18c5, 0x18c5, 0x18c5,
  0x18c4, 0x18c4, 0x18c4, 0x18c4, 0x18c4, 0x10c4, 0x10a4, 0x10a4, 0x10a4, 0x10a4, 0x10a4, 0x10a4,
  0x10a4, 0x10a4, 0x10a4, 0x10a4, 0x10a4, 0x528b, 0x2987, 0x1083, 0x528b, 0x3187, 0x10a3, 0x528b,
  0x31a8, 0x10a4, 0x52ac, 0x39c8, 0x10a4, 0x10a4, 0x632e, 0x2126, 0x2107, 0x18c5, 0x0862, 0x5aec,
  0x10a3, 0x10a3, 0x0862, 0x0862, 0x5aec, 0x10a4, 0x10a4, 0x10a4, 0x10a4, 0x10a4, 0x10a4, 0x10a4,
  0x10a4, 0x10a4, 0x10a4, 0x10a4, 0x10a4, 0x10a4, 0x10c4, 0x10c4, 0x18c4, 0x18c4, 0x18c4, 0x18c4,
  0x18c4, 0x18c5, 0x18c5, 0x18c5, 0x18c5, 0x18c5, 0x18c5, 0x18c5, 0x18e5, 0x18e5, 0x18e5, 0x18e5,
  0x18e5, 0x18e5, 0x18e5, 0x18e5, 0x18e5, 0x18e6, 0x18e6, 0x18e6, 0x2106, 0x2106, 0x2106, 0x2106,
  0x2106, 0x2106, 0x2106, 0x2106, 0x2106, 0x2106, 0x2126, 0x2107, 0x2127, 0x2127, 0x2127, 0x2127,
  0x2127, 0x2127, 0x2127, 0x2127, 0x2147, 0x2927, 0x2947, 0x2947, 0x2948, 0x2948, 0x2948, 0x2948,
  0x2948, 0x2948, 0x2948, 0x2948, 0x2968, 0x2968, 0x2968, 0x2968, 0x2968, 0x2969, 0x2969, 0x2969,
  0x2969, 0x2969, 0x2989, 0x3189, 0x3189, 0x3189, 0x3189, 0x3189, 0x3189, 0x3189, 0x3189, 0x3189,
  0x3189, 0x318a, 0x318a, 0x318a, 0x31aa, 0x31aa, 0x31aa, 0x31aa, 0x31aa, 0x31aa, 0x31aa, 0x31aa,
  0x31aa, 0x31aa, 0x31aa, 0x31aa, 0x31aa, 0x31aa, 0x39aa, 0x39aa, 0x39aa, 0x31cb, 0x31ab, 0x39ab,
  0x39ab, 0x39cb, 0x39cb, 0x39cb, 0x39cb, 0x39cb, 0x39cb, 0x39cb, 0x39cb, 0x39cb, 0x39cb, 0x39cb,
  0x39cb, 0x39cb, 0x39cb, 0x39cb, 0x39cb, 0x39cb, 0x39cb, 0x39cb, 0x39cb, 0x39cb, 0x39cb, 0x39cb,
  0x39cb, 0x39cb, 0x39cb, 0x39cb, 0x39cb, 0x39ab, 0x31cb, 0x31ca, 0x31ab, 0x39cb, 0x39aa, 0x31aa,
  0x31aa, 0x31aa, 0x31aa, 0x31aa, 0x31aa, 0x31aa, 0x31aa, 0x31aa, 0x31aa, 0x31aa, 0x31aa, 0x31aa,
  0x318a, 0x318a, 0x318a, 0x3189, 0x3189, 0x3189, 0x3189, 0x3189, 0x3189, 0x3189, 0x3189, 0x3189,
  0x3169, 0x2969, 0x2969, 0x2969, 0x2969, 0x2106, 0x6b6f, 0x6b6f, 0x6b6f, 0x6b6f, 0x6b6f, 0x6b6f,
  0x6b4f, 0x6b4f, 0x6b4f, 0x6b4f, 0x6b4f, 0x6b4f, 0x6b4f, 0x6b4f, 0x6b4f, 0x6b4f, 0x6b4f, 0x6b4f,
  0x6b4f, 0x634e, 0x634e, 0x634e, 0x634e, 0x632e, 0x632e, 0x632e, 0x632e, 0x632e, 0x632e, 0x632e,
  0x630e, 0x630e, 0x630e, 0x630e, 0x630e, 0x1906, 0x18e6, 0x18e6, 0x18e5, 0x18e5, 0x18e5, 0x18e5,
  0x18e5, 0x18e5, 0x18e5, 0x18e5, 0x18c5, 0x18c5, 0x18c5, 0x18c5, 0x18c5, 0x18c5, 0x18c5, 0x18c4,
  0x18c4, 0x18c4, 0x18c4, 0x18c4, 0x10c4, 0x10a4, 0x10c4, 0x10a4, 0x10a4, 0x10a4, 0x10a4, 0x10a4,
  0x10a4, 0x10a4, 0x10a4, 0x528b, 0x2987, 0x0863, 0x528b, 0x2987, 0x1083, 0x528b, 0x3187, 0x10a3,
  0x528b, 0x31a8, 0x10a4, 0x10a4, 0x10a4, 0x630e, 0x2106, 0x2126, 0x18c5, 0x0862, 0x5aec, 0x10a3,
  0x10a3, 0x0862, 0x0862, 0x5aec, 0x10a4, 0x10a4, 0x10a4, 0x10a4, 0x10a4, 0x10a4, 0x10a4, 0x10a4,
  0x10a4, 0x10a4, 0x10a4, 0x10a4, 0x10c4, 0x10c4, 0x18c4, 0x18c4, 0x18c4, 0x18c4, 0x18c4, 0x18c5,
  0x18c5, 0x18c5, 0x18c5, 0x18c5, 0x18c5, 0x18c5, 0x18c5, 0x18e5, 0x18e5, 0x18e5, 0x18e5, 0x18e5,
  0x18e5, 0x18e5, 0x18e5, 0x18e5, 0x18e6, 0x18e6, 0x20e6, 0x1906, 0x2106, 0x2106, 0x2106, 0x2106,
  0x2106, 0x2106, 0x2106, 0x2106, 0x2106, 0x2107, 0x2107, 0x2127, 0x2127, 0x2127, 0x2127, 0x2127,
  0x2127, 0x2127, 0x2127, 0x2147, 0x2147, 0x2947, 0x2948, 0x2948, 0x2948, 0x2948, 0x2948, 0x2948,
  0x2948, 0x2948, 0x2948, 0x2968, 0x2968, 0x2968, 0x2968, 0x2968, 0x2969, 0x2969, 0x2969, 0x2969,
  0x2969, 0x2969, 0x2989, 0x3189, 0x3189, 0x3189, 0x3189, 0x3189, 0x3189, 0x3189, 0x3189, 0x3189,
  0x318a, 0x318a, 0x318a, 0x31aa, 0x31aa, 0x31aa, 0x31aa, 0x31aa, 0x31aa, 0x31aa, 0x31aa, 0x31aa,
  0x31aa, 0x31aa, 0x31aa, 0x31aa, 0x31aa, 0x31aa, 0x39aa, 0x39aa, 0x31ca, 0x31ab, 0x39ab, 0x39cb,
  0x39cb, 0x39cb, 0x39cb, 0x39cb, 0x39cb, 0x39cb, 0x39cb, 0x39cb, 0x39cb, 0x39cb, 0x39cb, 0x39cb,
  0x39cb, 0x39cb, 0x39cb, 0x39cb, 0x39cb, 0x39cb, 0x39cb, 0x39cb, 0x39cb, 0x39cb, 0x39cb, 0x39cb,
  0x39cb, 0x39cb, 0x39cb, 0x39cb, 0x39cb, 0x31cb, 0x31ca, 0x39aa, 0x31ca, 0x39aa, 0x39aa, 0x39aa,
  0x31aa, 0x31aa, 0x31aa, 0x31aa, 0x31aa, 0x31aa, 0x31aa, 0x31aa, 0x31aa, 0x31aa, 0x31aa, 0x31aa,
  0x31aa, 0x318a, 0x318a, 0x3189, 0x3189, 0x3189, 0x3189, 0x3189, 0x3189, 0x3189, 0x3189, 0x3189,
  0x2969, 0x2969, 0x2969, 0x2969, 0x2969, 0x2968, 0x2968, 0x2968, 0x2968, 0x2968, 0x2968, 0x2948,
  0x2948, 0x2948, 0x2948, 0x2948, 0x2948, 0x2948, 0x2948, 0x2947, 0x2927, 0x2147, 0x2127, 0x2127,
  0x2127, 0x2127, 0x2127, 0x2127, 0x2127, 0x2107, 0x2126, 0x2107, 0x2107, 0x2106, 0x2106, 0x2106,
  0x2106, 0x2106, 0x2106, 0x20e6, 0x1906, 0x1906, 0x18e6, 0x18e5, 0x18e5, 0x18e5, 0x18e5, 0x18e5,
  0x18e5, 0x18e5, 0x18e5, 0x18e5, 0x18c5, 0x18c5, 0x18c5, 0x18c5, 0x18c5, 0x18c5, 0x18c4, 0x18c4,
  0x18c4, 0x18c4, 0x18c4, 0x18c4, 0x10c4, 0x10a4, 0x10a4, 0x10a4, 0x10a4, 0x10a4, 0x10a4, 0x10a4,
  0x10a4, 0x528b, 0x2987, 0x0863, 0x528b, 0x2987, 0x1083, 0x528b, 0x2987, 0x1083, 0x528b, 0x3187,
  0x10a3, 0x52ac, 0x10a4, 0x10a4, 0x630e, 0x2106, 0x2106, 0x18c4, 0x0862, 0x5aec, 0x10a3, 0x10a3,
  0x0862, 0x0862, 0x0862, 0x0862, 0x0862, 0x0862, 0x0863, 0x0863, 0x0863, 0x0863, 0x0863, 0x0863,
  0x0863, 0x0863, 0x0863, 0x1083, 0x1083, 0x1083, 0x1083, 0x1083, 0x1083, 0x1083, 0x1083, 0x1083,
  0x1083, 0x1083, 0x10a3, 0x10a3, 0x10a3, 0x10a3, 0x10a3, 0x10a3, 0x10a3, 0x10a3, 0x10a4, 0x10a4,
  0x10a4, 0x10a4, 0x10a4, 0x10a4, 0x10a4, 0x10a4, 0x10a4, 0x10a4, 0x10a4, 0x10a4, 0x10a4, 0x18c4,
  0x18c4, 0x18c4, 0x18c4, 0x18c4, 0x18c4, 0x18c5, 0x18c5, 0x18c5, 0x18c5, 0x18c5, 0x18c5, 0x18c5,
  0x18c5, 0x18c5, 0x18e5, 0x18e5, 0x18e5, 0x18e5, 0x18e5, 0x18e5, 0x18e5, 0x18e5, 0x18e5, 0x18e5,
  0x18e5, 0x18e5, 0x18e5, 0x18e6, 0x18e6, 0x18e6, 0x18e6, 0x20e6, 0x18e6, 0x2106, 0x2106, 0x2106,
  0x2106, 0x2106, 0x2106, 0x2106, 0x2106, 0x2106, 0x2106, 0x2106, 0x2106, 0x2106, 0x2126, 0x2127,
  0x2127, 0x2127, 0x2127, 0x2127, 0x2127, 0x2127, 0x2127, 0x2127, 0x2127, 0x2127, 0x2127, 0x2127,
  0x2127, 0x2127, 0x2127, 0x2127, 0x2127, 0x2127, 0x2127, 0x2127, 0x2127, 0x2127, 0x2127, 0x2127,
  0x2927, 0x2127, 0x2927, 0x2927, 0x2947, 0x2947, 0x2927, 0x2947, 0x2947, 0x2947, 0x2947, 0x2927,
  0x2947, 0x2947, 0x2947, 0x2947, 0x2947, 0x2947, 0x2947, 0x2927, 0x2927, 0x2927, 0x2127, 0x2147,
  0x2927, 0x2147, 0x2127, 0x2127, 0x2127, 0x2127, 0x2127, 0x2127, 0x2127, 0x2127, 0x2127, 0x2127,
  0x2127, 0x2127, 0x2127, 0x2127, 0x2127, 0x2127, 0x2127, 0x2127, 0x2127, 0x2127, 0x2127, 0x2127,
  0x2107, 0x2127, 0x2107, 0x2106, 0x2106, 0x2106, 0x2106, 0x2106, 0x2106, 0x2106, 0x2106, 0x2106,
  0x2106, 0x2106, 0x2106, 0x18e6, 0x20e6, 0x18e6, 0x18e6, 0x18e6, 0x18e6, 0x18e6, 0x18e5, 0x18e5,
  0x18e5, 0x18e5, 0x18e5, 0x18e5, 0x18e5, 0x18e5, 0x18e5, 0x18e5, 0x18c5, 0x18c5, 0x18c5, 0x18c5,
  0x18c5, 0x18c5, 0x18c5, 0x18c5, 0x18c4, 0x18c4, 0x18c4, 0x18c4, 0x18c4, 0x18c4, 0x10a4, 0x10a4,
  0x10a4, 0x10a4, 0x10a4, 0x10a4, 0x10a4, 0x10a4, 0x10a4, 0x10a4, 0x10a4, 0x10a3, 0x10a3, 0x10a3,
  0x10a3, 0x10a3, 0x10a3, 0x10a3, 0x10a3, 0x10a3, 0x1083, 0x1083, 0x1083, 0x1083, 0x1083, 0x1083,
  0x1083, 0x1083, 0x1083, 0x1083, 0x0863, 0x0863, 0x0863, 0x0863, 0x0863, 0x0863, 0x0863, 0x0863,
  0x0863, 0x0862, 0x0862, 0x0862, 0x0862, 0x0862, 0x0862, 0x0863, 0x0863, 0x1083, 0x1083, 0x1083,
  0x10a3, 0x10a3, 0x10a4, 0x630e, 0x20e6, 0x2106, 0x18c4, 0x0862, 0x5aec, 0x10a3, 0x10a3, 0x0862,
  0x0862, 0x0862, 0x0862, 0x0862, 0x0862, 0x0862, 0x0863, 0x0863, 0x0863, 0x0863, 0x0863, 0x0863,
  0x0863, 0x0863, 0x1083, 0x1083, 0x1083, 0x1083, 0x1083, 0x1083, 0x1083, 0x1083, 0x1083, 0x1083,
  0x1083, 0x1083, 0x10a3, 0x10a3, 0x10a3, 0x10a3, 0x10a3, 0x10a3, 0x10a3, 0x10a3, 0x10a3, 0x10a4,
  0x10a4, 0x10a4, 0x10a4, 0x10a4, 0x10a4, 0x10a4, 0x10a4, 0x10a4, 0x10a4, 0x10c4, 0x18c4, 0x18c4,
  0x18c4, 0x18c4, 0x18c4, 0x18c4, 0x18c5, 0x18c5, 0x18c5, 0x18c5, 0x18c5, 0x18c5, 0x18c5, 0x18c5,
  0x18c5, 0x18e5, 0x18e5, 0x18e5, 0x18e5, 0x18e5, 0x18e5, 0x18e5, 0x18e5, 0x18e5, 0x18e5, 0x18e5,
  0x18e6, 0x18e6, 0x18e6, 0x18e6, 0x18e6, 0x18e6, 0x20e6, 0x20e6, 0x2106, 0x2106, 0x2106, 0x2106,
  0x2106, 0x2106, 0x2106, 0x2106, 0x2106, 0x2106, 0x2106, 0x2106, 0x2106, 0x2126, 0x2107, 0x2107,
  0x2127, 0x2127, 0x2127, 0x2127, 0x2127, 0x2127, 0x2127, 0x2127, 0x2127, 0x2127, 0x2127, 0x2127,
  0x2127, 0x2127, 0x2127, 0x2127, 0x2127, 0x2127, 0x2127, 0x2127, 0x2127, 0x2127, 0x2127, 0x2127,
  0x2927, 0x2927, 0x2947, 0x2947, 0x2947, 0x2947, 0x2947, 0x2947, 0x2927, 0x2947, 0x2947, 0x2947,
  0x2947, 0x2947, 0x2947, 0x2947, 0x2927, 0x2927, 0x2927, 0x2927, 0x2927, 0x2947, 0x2147, 0x2127,
  0x2147, 0x2127, 0x2127, 0x2127, 0x2127, 0x2127, 0x2127, 0x2127, 0x2127, 0x2127, 0x2127, 0x2127,
  0x2127, 0x2127, 0x2127, 0x2127, 0x2127, 0x2127, 0x2127, 0x2127, 0x2127, 0x2127, 0x2127, 0x2107,
  0x2107, 0x2106, 0x2106, 0x2106, 0x2106, 0x2106, 0x2106, 0x2106, 0x2106, 0x2106, 0x2106, 0x2106,
  0x2106, 0x2106, 0x20e6, 0x20e6, 0x18e6, 0x18e6, 0x18e6, 0x18e6, 0x18e6, 0x18e5, 0x18e5, 0x18e5,
  0x18e5, 0x18e5, 0x18e5, 0x18e5, 0x18e5, 0x18e5, 0x18e5, 0x18c5, 0x18c5, 0x18c5, 0x18c5, 0x18c5,
  0x18c5, 0x18c5, 0x18c5, 0x18c4, 0x18c4, 0x18c4, 0x18c4, 0x18c4, 0x18c4, 0x18c4, 0x10a4, 0x10a4,
  0x10a4, 0x10a4, 0x10a4, 0x10a4, 0x10a4, 0x10a4, 0x10a4, 0x10a4, 0x10a3, 0x10a3, 0x10a3, 0x10a3,
  0x10a3, 0x10a3, 0x10a3, 0x10a3, 0x10a3, 0x1083, 0x1083, 0x1083, 0x1083, 0x1083, 0x1083, 0x1083,
  0x1083, 0x1083, 0x1083, 0x0863, 0x0863, 0x0863, 0x0863, 0x0863, 0x0863, 0x0863, 0x0863, 0x0862,
  0x0862, 0x0862, 0x0862, 0x0862, 0x0862, 0x0862, 0x0862, 0x0863, 0x0863, 0x1083, 0x1083, 0x1083,
  0x10a3, 0x10a3, 0x630e, 0x18e6, 0x20e6, 0x10a4, 0x0862, 0x5aec, 0x10a3, 0x10a3, 0x10a3, 0x5aec,
  0x5aec, 0x5aec, 0x5aec, 0x5aec, 0x5aec, 0x5aec, 0x5aec, 0x5aec, 0x5aec, 0x5aec, 0x5aec, 0x5aec,
  0x5aec, 0x5aec, 0x5aec, 0x5b0d, 0x5b0d, 0x5b0d, 0x5b0d, 0x5b0d, 0x5b0d, 0x5b0d, 0x5b0d, 0x5b0d,
  0x5b0d, 0x5b0d, 0x5b0d, 0x5b0d, 0x5b0d, 0x5b0d, 0x5b0d, 0x5b0d, 0x5b0d, 0x630e, 0x630e, 0x630e,
  0x630e, 0x630e, 0x630e, 0x630e, 0x630e, 0x630e, 0x630e, 0x630e, 0x630e, 0x632e, 0x632e, 0x632e,
  0x632e, 0x632e, 0x632e, 0x632e, 0x632e, 0x634e, 0x634e, 0x634e, 0x634e, 0x6b4f, 0x6b4f, 0x6b4f,
  0x6b4f, 0x6b4f, 0x6b4f, 0x6b4f, 0x6b4f, 0x6b4f, 0x6b4f, 0x6b4f, 0x6b4f, 0x6b4f, 0x6b4f, 0x6b4f,
  0x6b6f, 0x6b6f, 0x6b6f, 0x6b6f, 0x6b6f, 0x6b6f, 0x6b6f, 0x6b6f, 0x6b70, 0x6b70, 0x6b70, 0x6b70,
  0x6b70, 0x7370, 0x7370, 0x7370, 0x7370, 0x7370, 0x7370, 0x7370, 0x7370, 0x7390, 0x7390, 0x7390,
  0x7390, 0x7390, 0x7390, 0x7390, 0x7390, 0x7390, 0x7391, 0x7391, 0x7391, 0x7391, 0x7391, 0x7391,
  0x7391, 0x7391, 0x7391, 0x7391, 0x7391, 0x7391, 0x73b1, 0x7391, 0x73b1, 0x73b1, 0x73b1, 0x73b1,
  0x73b1, 0x73b1, 0x73b1, 0x73b1, 0x73b1, 0x73b1, 0x73b1, 0x73b1, 0x73b1, 0x73b1, 0x73b1, 0x73b1,
  0x73b1, 0x73b1, 0x73b1, 0x73b1, 0x73b1, 0x73b1, 0x73b1, 0x73b1, 0x73b1, 0x73b1, 0x73b1, 0x73b1,
  0x73b1, 0x73b1, 0x7391, 0x7391, 0x7391, 0x7391, 0x7391, 0x7391, 0x7391, 0x7391, 0x7391, 0x7391,
  0x7391, 0x7391, 0x7391, 0x7391, 0x7391, 0x7391, 0x7390, 0x7390, 0x7390, 0x7390, 0x7390, 0x7390,
  0x7370, 0x7370, 0x7370, 0x7370, 0x7370, 0x7370, 0x7370, 0x7370, 0x6b70, 0x6b70, 0x6b70, 0x6b70,
  0x6b70, 0x6b6f, 0x6b6f, 0x6b6f, 0x6b6f, 0x6b6f, 0x6b6f, 0x6b6f, 0x6b4f, 0x6b4f, 0x6b4f, 0x6b4f,
  0x6b4f, 0x6b4f, 0x6b4f, 0x6b4f, 0x6b4f, 0x6b4f, 0x6b4f, 0x6b4f, 0x6b4f, 0x634e, 0x634e, 0x634e,
  0x632e, 0x632e, 0x632e, 0x632e, 0x632e, 0x632e, 0x632e, 0x630e, 0x630e, 0x630e, 0x630e, 0x630e,
  0x630e, 0x630e, 0x630e, 0x630e, 0x630e, 0x630e, 0x5b0d, 0x5b0d, 0x5b0d, 0x5b0d, 0x5b0d, 0x5b0d,
  0x5b0d, 0x5b0d, 0x5b0d, 0x5b0d, 0x5b0d, 0x5b0d, 0x5b0d, 0x5b0d, 0x5b0d, 0x5b0d, 0x5b0d, 0x5aec,
  0x5b0d, 0x5aec, 0x5aec, 0x5aec, 0x5aec, 0x5aec, 0x5aec, 0x5aec, 0x5aec, 0x5aec, 0x5aec, 0x5aec,
  0x5aec, 0x5aec, 0x5aec, 0x5aec, 0x5aec, 0x5aec, 0x5aec, 0x5aec, 0x5aec, 0x5aec, 0x5b0d, 0x5b0d,
  0x5b0d, 0x5b0d, 0x18e5, 0x18e6, 0x10a4, 0x0862, 0x5aec, 0x10a3, 0x10a3, 0x10a3, 0x10a3, 0x10a3,
  0x10a3, 0x10a3, 0x10a4, 0x10a4, 0x10a4, 0x10a4, 0x10a4, 0x10a4, 0x10a4, 0x10a4, 0x10a4, 0x10a4,
  0x10a4, 0x10c4, 0x10c4, 0x18c4, 0x18c4, 0x18c4, 0x18c5, 0x18c5, 0x18c5, 0x18c5, 0x18c5, 0x18c5,
  0x18c5, 0x18c5, 0x18c5, 0x18e5, 0x18e5, 0x18e5, 0x18e5, 0x18e5, 0x18e5, 0x18e5, 0x18e5, 0x18e5,
  0x18e6, 0x18e6, 0x1906, 0x18e6, 0x2106, 0x2106, 0x2106, 0x2106, 0x2106, 0x2106, 0x2106, 0x2106,
  0x2126, 0x2107, 0x2127, 0x2127, 0x2127, 0x2127, 0x2127, 0x2127, 0x2127, 0x2127, 0x2127, 0x2127,
  0x2147, 0x2947, 0x2948, 0x2948, 0x2948, 0x2948, 0x2948, 0x2948, 0x2948, 0x2968, 0x2968, 0x2968,
  0x2968, 0x2968, 0x2968, 0x2969, 0x2969, 0x2969, 0x2969, 0x2969, 0x2969, 0x2969, 0x3189, 0x2989,
  0x3189, 0x3189, 0x3189, 0x3189, 0x3189, 0x3189, 0x3189, 0x318a, 0x318a, 0x318a, 0x318a, 0x31aa,
  0x31aa, 0x31aa, 0x31aa, 0x31aa, 0x31aa, 0x31aa, 0x31aa, 0x31aa, 0x31aa, 0x31aa, 0x31aa, 0x31aa,
  0x31aa, 0x31aa, 0x39aa, 0x39aa, 0x39aa, 0x39aa, 0x39cb, 0x39cb, 0x39cb, 0x39cb, 0x39cb, 0x39cb,
  0x39cb, 0x39cb, 0x39cb, 0x39cb, 0x39cb, 0x39cb, 0x39cb, 0x39cb, 0x39cb, 0x39cb, 0x39cb, 0x39cb,
  0x39cb, 0x39cb, 0x39cb, 0x39cb, 0x39cb, 0x39cb, 0x39cb, 0x39cb, 0x39cb, 0x39cb, 0x39cb, 0x39cb,
  0x39cb, 0x39ab, 0x39cb, 0x31cb, 0x39aa, 0x39aa, 0x39aa, 0x31aa, 0x31aa, 0x31aa, 0x31aa, 0x31aa,
  0x31aa, 0x31aa, 0x31aa, 0x31aa, 0x31aa, 0x31aa, 0x31aa, 0x31aa, 0x318a, 0x318a, 0x318a, 0x3189,
  0x3189, 0x3189, 0x3189, 0x3189, 0x3189, 0x3189, 0x3189, 0x3189, 0x2969, 0x2969, 0x2969, 0x2969,
  0x2969, 0x2968, 0x2968, 0x2968, 0x2968, 0x2968, 0x2968, 0x2968, 0x2948, 0x2948, 0x2948, 0x2948,
  0x2948, 0x2948, 0x2947, 0x2947, 0x2147, 0x2127, 0x2127, 0x2127, 0x2127, 0x2127, 0x2127, 0x2127,
  0x2127, 0x2127, 0x2127, 0x2106, 0x2106, 0x2106, 0x2106, 0x2106, 0x2106, 0x2106, 0x2106, 0x1906,
  0x18e6, 0x1906, 0x18e6, 0x18e5, 0x18e5, 0x18e5, 0x18e5, 0x18e5, 0x18e5, 0x18e5, 0x18e5, 0x18c5,
  0x18c5, 0x18c5, 0x18c5, 0x18c5, 0x18c5, 0x18c5, 0x18c4, 0x18c5, 0x18c4, 0x18c4, 0x18c4, 0x10c4,
  0x10c4, 0x10c4, 0x10a4, 0x10a4, 0x10a4, 0x10a4, 0x10a4, 0x10a4, 0x10a4, 0x10a4, 0x10a4, 0x10a4,
  0x10a4, 0x10a3, 0x10a3, 0x10a3, 0x10a3, 0x10a3, 0x10a4, 0x10a4, 0x10a4, 0x10c4, 0x18c4, 0x18c5,
  0x18c5, 0x18e5, 0x18e5, 0x10a4, 0x0862, 0x5aec, 0x10a3, 0x10a3, 0x10a3, 0x10a3, 0x10a4, 0x10a3,
  0x10a4, 0x10a4, 0x10a4, 0x10a4, 0x10a4, 0x10a4, 0x10a4, 0x10a4, 0x10a4, 0x10a4, 0x10a4, 0x10a4,
  0x18c4, 0x18c4, 0x18c4, 0x18c4, 0x18c4, 0x18c4, 0x18c4, 0x18c5, 0x18c5, 0x18c5, 0x18c5, 0x18c5,
  0x18c5, 0x18c5, 0x18e5, 0x18e5, 0x18e5, 0x18e5, 0x18e5, 0x18e5, 0x18e5, 0x18e5, 0x18e5, 0x18e6,
  0x18e6, 0x1906, 0x1906, 0x2106, 0x2106, 0x2106, 0x2106, 0x2106, 0x2106, 0x2106, 0x2106, 0x2106,
  0x2126, 0x2107, 0x2127, 0x2127, 0x2127, 0x2127, 0x2127, 0x2127, 0x2127, 0x2127, 0x2127, 0x2947,
  0x2947, 0x2947, 0x2948, 0x2948, 0x2948, 0x2948, 0x2948, 0x2948, 0x2968, 0x2948, 0x2968, 0x2968,
  0x2968, 0x2969, 0x2969, 0x2969, 0x2969, 0x2969, 0x2969, 0x2969, 0x2989, 0x3169, 0x3189, 0x3189,
  0x3189, 0x3189, 0x3189, 0x3189, 0x3189, 0x3189, 0x3189, 0x318a, 0x318a, 0x318a, 0x31aa, 0x31aa,
  0x31aa, 0x31aa, 0x31aa, 0x31aa, 0x31aa, 0x31aa, 0x31aa, 0x31aa, 0x31aa, 0x31aa, 0x31aa, 0x31ab,
  0x39aa, 0x39aa, 0x31ab, 0x31ca, 0x39aa, 0x39aa, 0x39cb, 0x39cb, 0x39cb, 0x39cb, 0x39cb, 0x39cb,
  0x39cb, 0x39cb, 0x39cb, 0x39cb, 0x39cb, 0x39cb, 0x39cb, 0x39cb, 0x39cb, 0x39cb, 0x39cb, 0x39cb,
  0x39cb, 0x39cb, 0x39cb, 0x39cb, 0x39cb, 0x39cb, 0x39cb, 0x39cb, 0x39cb, 0x39cb, 0x39cb, 0x39cb,
  0x31cb, 0x31ab, 0x31ca, 0x39aa, 0x39aa, 0x31aa, 0x31aa, 0x31aa, 0x31aa, 0x31aa, 0x31aa, 0x31aa,
  0x31aa, 0x31aa, 0x31aa, 0x31aa, 0x31aa, 0x31aa, 0x318a, 0x31aa, 0x318a, 0x318a, 0x318a, 0x3189,
  0x3189, 0x3189, 0x3189, 0x3189, 0x3189, 0x3189, 0x2989, 0x3169, 0x2969, 0x2969, 0x2969, 0x2969,
  0x2969, 0x2968, 0x2969, 0x2968, 0x2968, 0x2968, 0x2968, 0x2948, 0x2948, 0x2948, 0x2948, 0x2948,
  0x2948, 0x2947, 0x2947, 0x2147, 0x2127, 0x2127, 0x2127, 0x2127, 0x2127, 0x2127, 0x2127, 0x2127,
  0x2107, 0x2126, 0x2107, 0x2107, 0x2106, 0x2106, 0x2106, 0x2106, 0x2106, 0x2106, 0x20e6, 0x1906,
  0x1906, 0x18e6, 0x18e5, 0x18e5, 0x18e5, 0x18e5, 0x18e5, 0x18e5, 0x18e5, 0x18e5, 0x18e5, 0x18c5,
  0x18c5, 0x18c5, 0x18c5, 0x18c5, 0x18c5, 0x18c4, 0x18c4, 0x18c4, 0x18c4, 0x18c4, 0x10c4, 0x10c4,
  0x10a4, 0x10a4, 0x10a4, 0x10a4, 0x10a4, 0x10a4, 0x10a4, 0x10a4, 0x10a4, 0x10a4, 0x10a3, 0x10a3,
  0x10a3, 0x10a3, 0x10a3, 0x10a3, 0x10a3, 0x10a3, 0x10a4, 0x10a4, 0x10a4, 0x10c4, 0x18c4, 0x18c5,
  0x18c5, 0x18e5, 0x10a4, 0x0862, 0x0862, 0x0862, 0x0862, 0x0862, 0x0862, 0x0862, 0x0862, 0x0862,
  0x0862, 0x0863, 0x0863, 0x0863, 0x0863, 0x0863, 0x0863, 0x0863, 0x0863, 0x0863, 0x1083, 0x1083,
  0x1083, 0x1083, 0x1083, 0x1083, 0x1083, 0x1083, 0x1083, 0x1083, 0x1083, 0x10a3, 0x10a3, 0x10a3,
  0x10a3, 0x10a3, 0x10a3, 0x10a3, 0x10a3, 0x10a3, 0x10a4, 0x10a4, 0x10a4, 0x10a4, 0x10a4, 0x10a4,
  0x10a4, 0x10a4, 0x10a4, 0x10a4, 0x10c4, 0x10c4, 0x18c4, 0x18c4, 0x18c4, 0x18c4, 0x18c4, 0x18c4,
  0x18c5, 0x18c5, 0x18c5, 0x18c5, 0x18c5, 0x18c5, 0x18c5, 0x18c5, 0x18c5, 0x18e5, 0x18e5, 0x18e5,
  0x18e5, 0x18e5, 0x18e5, 0x18e5, 0x18e5, 0x18e5, 0x18e5, 0x18e5, 0x18e5, 0x18e5, 0x18e6, 0x18e6,
  0x18e6, 0x18e6, 0x18e6, 0x2106, 0x2106, 0x2106, 0x2106, 0x2106, 0x2106, 0x2106, 0x2106, 0x2106,
  0x2106, 0x2106, 0x2106, 0x2107, 0x2106, 0x2126, 0x2127, 0x2107, 0x2127, 0x2127, 0x2127, 0x2127,
  0x2127, 0x2127, 0x2127, 0x2127, 0x2127, 0x2127, 0x2127, 0x2127, 0x2127, 0x2127, 0x2127, 0x2127,
  0x2127, 0x2127, 0x2127, 0x2127, 0x2127, 0x2127, 0x2127, 0x2147, 0x2127, 0x2127, 0x2927, 0x2927,
  0x2947, 0x2947, 0x2927, 0x2947, 0x2947, 0x2947, 0x2947, 0x2947, 0x2947, 0x2927, 0x2947, 0x2927,
  0x2927, 0x2927, 0x2927, 0x2947, 0x2147, 0x2947, 0x2127, 0x2927, 0x2127, 0x2127, 0x2127, 0x2127,
  0x2127, 0x2127, 0x2127, 0x2127, 0x2127, 0x2127, 0x2127, 0x2127, 0x2127, 0x2127, 0x2127, 0x2127,
  0x2127, 0x2127, 0x2127, 0x2127, 0x2127, 0x2127, 0x2127, 0x2127, 0x2107, 0x2106, 0x2106, 0x2106,
  0x2106, 0x2106, 0x2106, 0x2106, 0x2106, 0x2106, 0x2106, 0x2106, 0x2106, 0x2106, 0x20e6, 0x20e6,
  0x18e6, 0x18e6, 0x18e6, 0x18e6, 0x18e5, 0x18e5, 0x18e5, 0x18e5, 0x18e5, 0x18e5, 0x18e5, 0x18e5,
  0x18e5, 0x18e5, 0x18e5, 0x18e5, 0x18c5, 0x18c5, 0x18c5, 0x18c5, 0x18c5, 0x18c5, 0x18c5, 0x18c4,
  0x18c4, 0x18c4, 0x18c4, 0x18c4, 0x18c4, 0x10c4, 0x10a4, 0x10a4, 0x10a4, 0x10a4, 0x10a4, 0x10a4,
  0x10a4, 0x10a4, 0x10a4, 0x10a4, 0x10a4, 0x10a3, 0x10a3, 0x10a3, 0x10a3, 0x10a3, 0x10a3, 0x10a3,
  0x1083, 0x1083, 0x1083, 0x1083, 0x1083, 0x1083, 0x1083, 0x1083, 0x1083, 0x1083, 0x1083, 0x0863,
  0x0863, 0x0863, 0x0863, 0x0863, 0x0863, 0x0863, 0x0863, 0x0862, 0x0862, 0x0862, 0x0862, 0x0862,
  0x0862, 0x0862, 0x0862, 0x0862, 0x0862, 0x0862, 0x0862, 0x0863, 0x0863, 0x1083, 0x1083, 0x1083,
  0x10a3, 0x10a3,
};

// SKIN_PLEDIT_LEFT_SIDE: 12x29, 696 bytes RGB565 LE
const uint16_t SKIN_PLEDIT_LEFT_SIDE[348] = {
  0x18e5, 0x6b4f, 0x2948, 0x2948, 0x18e5, 0x18e5, 0x6b4f, 0x2948, 0x2948, 0x2948, 0x18e5, 0x0000,
  0x18e5, 0x6b4f, 0x2948, 0x2948, 0x18e5, 0x18e5, 0x6b4f, 0x2948, 0x2948, 0x2948, 0x18e5, 0x0000,
  0x18e5, 0x6b4f, 0x2948, 0x2948, 0x18e5, 0x18e5, 0x6b4f, 0x2948, 0x2948, 0x2948, 0x18e5, 0x0000,
  0x18e5, 0x6b4f, 0x2948, 0x2948, 0x18e5, 0x18e5, 0x6b4f, 0x2948, 0x2948, 0x2948, 0x18e5, 0x0000,
  0x18e5, 0x6b4f, 0x2948, 0x2948, 0x18e5, 0x18e5, 0x6b4f, 0x2948, 0x2948, 0x2948, 0x18e5, 0x0000,
  0x18e5, 0x6b4f, 0x2948, 0x2948, 0x18e5, 0x18e5, 0x6b4f, 0x2948, 0x2948, 0x2948, 0x18e5, 0x0000,
  0x18e5, 0x6b4f, 0x2948, 0x2948, 0x18e5, 0x18e5, 0x6b4f, 0x2948, 0x2948, 0x2948, 0x18e5, 0x0000,
  0x18e5, 0x6b4f, 0x2948, 0x2948, 0x18e5, 0x18e5, 0x6b4f, 0x2948, 0x2948, 0x2948, 0x18e5, 0x0000,
  0x18e5, 0x6b4f, 0x2948, 0x2948, 0x18e5, 0x18e5, 0x6b4f, 0x2948, 0x2948, 0x2948, 0x18e5, 0x0000,
  0x18e5, 0x6b4f, 0x2948, 0x2948, 0x18e5, 0x18e5, 0x6b4f, 0x2948, 0x2948, 0x2948, 0x18e5, 0x0000,
  0x18e5, 0x6b4f, 0x2948, 0x2948, 0x18e5, 0x18e5, 0x6b4f, 0x2948, 0x2948, 0x2948, 0x18e5, 0x0000,
  0x18e5, 0x6b4f, 0x2948, 0x2948, 0x18e5, 0x18e5, 0x6b4f, 0x2948, 0x2948, 0x2948, 0x18e5, 0x0000,
  0x18e5, 0x6b4f, 0x2948, 0x2948, 0x18e5, 0x18e5, 0x6b4f, 0x2948, 0x2948, 0x2948, 0x18e5, 0x0000,
  0x18e5, 0x6b4f, 0x2948, 0x2948, 0x18e5, 0x18e5, 0x6b4f, 0x2948, 0x2948, 0x2948, 0x18e5, 0x0000,
  0x18e5, 0x6b4f, 0x2948, 0x2948, 0x18e5, 0x18e5, 0x6b4f, 0x2948, 0x2948, 0x2948, 0x18e5, 0x0000,
  0x18e5, 0x6b4f, 0x2948, 0x2948, 0x18e5, 0x18e5, 0x6b4f, 0x2948, 0x2948, 0x2948, 0x18e5, 0x0000,
  0x18e5, 0x6b4f, 0x2948, 0x2948, 0x18e5, 0x18e5, 0x6b4f, 0x2948, 0x2948, 0x2948, 0x18e5, 0x0000,
  0x18e5, 0x6b4f, 0x2948, 0x2948, 0x18e5, 0x18e5, 0x6b4f, 0x2948, 0x2948, 0x2948, 0x18e5, 0x0000,
  0x18e5, 0x6b4f, 0x2948, 0x2948, 0x18e5, 0x18e5, 0x6b4f, 0x2948, 0x2948, 0x2948, 0x18e5, 0x0000,
  0x18e5, 0x6b4f, 0x2948, 0x2948, 0x18e5, 0x18e5, 0x6b4f, 0x2948, 0x2948, 0x2948, 0x18e5, 0x0000,
  0x18e5, 0x6b4f, 0x2948, 0x2948, 0x18e5, 0x18e5, 0x6b4f, 0x2948, 0x2948, 0x2948, 0x18e5, 0x0000,
  0x18e5, 0x6b4f, 0x2948, 0x2948, 0x18e5, 0x18e5, 0x6b4f, 0x2948, 0x2948, 0x2948, 0x18e5, 0x0000,
  0x18e5, 0x6b4f, 0x2948, 0x2948, 0x18e5, 0x18e5, 0x6b4f, 0x2948, 0x2948, 0x2948, 0x18e5, 0x0000,
  0x18e5, 0x6b4f, 0x2948, 0x2948, 0x18e5, 0x18e5, 0x6b4f, 0x2948, 0x2948, 0x2948, 0x18e5, 0x0000,
  0x18e5, 0x6b4f, 0x2948, 0x2948, 0x18e5, 0x18e5, 0x6b4f, 0x2948, 0x2948, 0x2948, 0x18e5, 0x0000,
  0x18e5, 0x6b4f, 0x2948, 0x2948, 0x18e5, 0x18e5, 0x6b4f, 0x2948, 0x2948, 0x2948, 0x18e5, 0x0000,
  0x18e5, 0x6b4f, 0x2948, 0x2948, 0x18e5, 0x18e5, 0x6b4f, 0x2948, 0x2948, 0x2948, 0x18e5, 0x0000,
  0x18e5, 0x6b4f, 0x2948, 0x2948, 0x18e5, 0x18e5, 0x6b4f, 0x2948, 0x2948, 0x2948, 0x18e5, 0x0000,
  0x18e5, 0x6b4f, 0x2948, 0x2948, 0x18e5, 0x18e5, 0x6b4f, 0x2948, 0x2948, 0x2948, 0x18e5, 0x0000,
};

// SKIN_PLEDIT_RIGHT_SIDE: 19x29, 1102 bytes RGB565 LE
const uint16_t SKIN_PLEDIT_RIGHT_SIDE[551] = {
  0x6b4f, 0x2948, 0x2948, 0x2948, 0x18e5, 0x2948, 0x2948, 0x2948, 0x2948, 0x2948, 0x2948, 0x6b4f,
  0x2948, 0x2948, 0x2948, 0x6b4f, 0x2948, 0x2948, 0x18e5, 0x6b4f, 0x2948, 0x2948, 0x2948, 0x18e5,
  0x2948, 0x2948, 0x2948, 0x2948, 0x2948, 0x2948, 0x6b4f, 0x2948, 0x2948, 0x2948, 0x6b4f, 0x2948,
  0x2948, 0x18e5, 0x6b4f, 0x2948, 0x2948, 0x2948, 0x18e5, 0x2948, 0x2948, 0x2948, 0x2948, 0x2948,
  0x2948, 0x6b4f, 0x2948, 0x2948, 0x2948, 0x6b4f, 0x2948, 0x2948, 0x18e5, 0x6b4f, 0x2948, 0x2948,
  0x2948, 0x18e5, 0x2948, 0x2948, 0x2948, 0x2948, 0x2948, 0x2948, 0x6b4f, 0x2948, 0x2948, 0x2948,
  0x6b4f, 0x2948, 0x2948, 0x18e5, 0x6b4f, 0x2948, 0x2948, 0x2948, 0x18e5, 0x2948, 0x2948, 0x2948,
  0x2948, 0x2948, 0x2948, 0x6b4f, 0x2948, 0x2948, 0x2948, 0x6b4f, 0x2948, 0x2948, 0x18e5, 0x6b4f,
  0x2948, 0x2948, 0x2948, 0x18e5, 0x2948, 0x2948, 0x2948, 0x2948, 0x2948, 0x2948, 0x6b4f, 0x2948,
  0x2948, 0x2948, 0x6b4f, 0x2948, 0x2948, 0x18e5, 0x6b4f, 0x2948, 0x2948, 0x2948, 0x18e5, 0x2948,
  0x2948, 0x2948, 0x2948, 0x2948, 0x2948, 0x6b4f, 0x2948, 0x2948, 0x2948, 0x6b4f, 0x2948, 0x2948,
  0x18e5, 0x6b4f, 0x2948, 0x2948, 0x2948, 0x18e5, 0x2948, 0x2948, 0x2948, 0x2948, 0x2948, 0x2948,
  0x6b4f, 0x2948, 0x2948, 0x2948, 0x6b4f, 0x2948, 0x2948, 0x18e5, 0x6b4f, 0x2948, 0x2948, 0x2948,
  0x18e5, 0x2948, 0x2948, 0x2948, 0x2948, 0x2948, 0x2948, 0x6b4f, 0x2948, 0x2948, 0x2948, 0x6b4f,
  0x2948, 0x2948, 0x18e5, 0x6b4f, 0x2948, 0x2948, 0x2948, 0x18e5, 0x2948, 0x2948, 0x2948, 0x2948,
  0x2948, 0x2948, 0x6b4f, 0x2948, 0x2948, 0x2948, 0x6b4f, 0x2948, 0x2948, 0x18e5, 0x6b4f, 0x2948,
  0x2948, 0x2948, 0x18e5, 0x2948, 0x2948, 0x2948, 0x2948, 0x2948, 0x2948, 0x6b4f, 0x2948, 0x2948,
  0x2948, 0x6b4f, 0x2948, 0x2948, 0x18e5, 0x6b4f, 0x2948, 0x2948, 0x2948, 0x18e5, 0x2948, 0x2948,
  0x2948, 0x2948, 0x2948, 0x2948, 0x6b4f, 0x2948, 0x2948, 0x2948, 0x6b4f, 0x2948, 0x2948, 0x18e5,
  0x6b4f, 0x2948, 0x2948, 0x2948, 0x18e5, 0x2948, 0x2948, 0x2948, 0x2948, 0x2948, 0x2948, 0x6b4f,
  0x2948, 0x2948, 0x2948, 0x6b4f, 0x2948, 0x2948, 0x18e5, 0x6b4f, 0x2948, 0x2948, 0x2948, 0x18e5,
  0x2948, 0x2948, 0x2948, 0x2948, 0x2948, 0x2948, 0x6b4f, 0x2948, 0x2948, 0x2948, 0x6b4f, 0x2948,
  0x2948, 0x18e5, 0x6b4f, 0x2948, 0x2948, 0x2948, 0x18e5, 0x2948, 0x2948, 0x2948, 0x2948, 0x2948,
  0x2948, 0x6b4f, 0x2948, 0x2948, 0x2948, 0x6b4f, 0x2948, 0x2948, 0x18e5, 0x6b4f, 0x2948, 0x2948,
  0x2948, 0x18e5, 0x2948, 0x2948, 0x2948, 0x2948, 0x2948, 0x2948, 0x6b4f, 0x2948, 0x2948, 0x2948,
  0x6b4f, 0x2948, 0x2948, 0x18e5, 0x6b4f, 0x2948, 0x2948, 0x2948, 0x18e5, 0x2948, 0x2948, 0x2948,
  0x2948, 0x2948, 0x2948, 0x6b4f, 0x2948, 0x2948, 0x2948, 0x6b4f, 0x2948, 0x2948, 0x18e5, 0x6b4f,
  0x2948, 0x2948, 0x2948, 0x18e5, 0x2948, 0x2948, 0x2948, 0x2948, 0x2948, 0x2948, 0x6b4f, 0x2948,
  0x2948, 0x2948, 0x6b4f, 0x2948, 0x2948, 0x18e5, 0x6b4f, 0x2948, 0x2948, 0x2948, 0x18e5, 0x2948,
  0x2948, 0x2948, 0x2948, 0x2948, 0x2948, 0x6b4f, 0x2948, 0x2948, 0x2948, 0x6b4f, 0x2948, 0x2948,
  0x18e5, 0x6b4f, 0x2948, 0x2948, 0x2948, 0x18e5, 0x2948, 0x2948, 0x2948, 0x2948, 0x2948, 0x2948,
  0x6b4f, 0x2948, 0x2948, 0x2948, 0x6b4f, 0x2948, 0x2948, 0x18e5, 0x6b4f, 0x2948, 0x2948, 0x2948,
  0x18e5, 0x2948, 0x2948, 0x2948, 0x2948, 0x2948, 0x2948, 0x6b4f, 0x2948, 0x2948, 0x2948, 0x6b4f,
  0x2948, 0x2948, 0x18e5, 0x6b4f, 0x2948, 0x2948, 0x2948, 0x18e5, 0x2948, 0x2948, 0x2948, 0x2948,
  0x2948, 0x2948, 0x6b4f, 0x2948, 0x2948, 0x2948, 0x6b4f, 0x2948, 0x2948, 0x18e5, 0x6b4f, 0x2948,
  0x2948, 0x2948, 0x18e5, 0x2948, 0x2948, 0x2948, 0x2948, 0x2948, 0x2948, 0x6b4f, 0x2948, 0x2948,
  0x2948, 0x6b4f, 0x2948, 0x2948, 0x18e5, 0x6b4f, 0x2948, 0x2948, 0x2948, 0x18e5, 0x2948, 0x2948,
  0x2948, 0x2948, 0x2948, 0x2948, 0x6b4f, 0x2948, 0x2948, 0x2948, 0x6b4f, 0x2948, 0x2948, 0x18e5,
  0x6b4f, 0x2948, 0x2948, 0x2948, 0x18e5, 0x2948, 0x2948, 0x2948, 0x2948, 0x2948, 0x2948, 0x6b4f,
  0x2948, 0x2948, 0x2948, 0x6b4f, 0x2948, 0x2948, 0x18e5, 0x6b4f, 0x2948, 0x2948, 0x2948, 0x18e5,
  0x2948, 0x2948, 0x2948, 0x2948, 0x2948, 0x2948, 0x6b4f, 0x2948, 0x2948, 0x2948, 0x6b4f, 0x2948,
  0x2948, 0x18e5, 0x6b4f, 0x2948, 0x2948, 0x2948, 0x18e5, 0x2948, 0x2948, 0x2948, 0x2948, 0x2948,
  0x2948, 0x6b4f, 0x2948, 0x2948, 0x2948, 0x6b4f, 0x2948, 0x2948, 0x18e5, 0x6b4f, 0x2948, 0x2948,
  0x2948, 0x18e5, 0x2948, 0x2948, 0x2948, 0x2948, 0x2948, 0x2948, 0x6b4f, 0x2948, 0x2948, 0x2948,
  0x6b4f, 0x2948, 0x2948, 0x18e5, 0x6b4f, 0x2948, 0x2948, 0x2948, 0x18e5, 0x2948, 0x2948, 0x2948,
  0x2948, 0x2948, 0x2948, 0x6b4f, 0x2948, 0x2948, 0x2948, 0x6b4f, 0x2948, 0x2948, 0x18e5,
};

// SKIN_TITLEBAR_INACTIVE: 275x14, 7700 bytes RGB565 LE
const uint16_t SKIN_TITLEBAR_INACTIVE[3850] = {
  0x0862, 0x0862, 0x0862, 0x0862, 0x0862, 0x0862, 0x0862, 0x0862, 0x0862, 0x0862, 0x0862, 0x0862,
  0x0862, 0x0862, 0x0862, 0x0862, 0x0862, 0x0862, 0x0862, 0x0862, 0x0862, 0x0862, 0x0862, 0x0862,
  0x0862, 0x0862, 0x0862, 0x0862, 0x0862, 0x0862, 0x0862, 0x0862, 0x0862, 0x0862, 0x0862, 0x0862,
  0x0862, 0x0862, 0x0862, 0x0862, 0x0862, 0x0862, 0x0862, 0x0862, 0x0862, 0x0862, 0x0862, 0x0862,
  0x0862, 0x0862, 0x0862, 0x0862, 0x0862, 0x0862, 0x0862, 0x0862, 0x0862, 0x0862, 0x0862, 0x0862,
  0x0862, 0x0862, 0x0862, 0x0862, 0x0862, 0x0862, 0x0862, 0x0862, 0x0862, 0x0862, 0x0862, 0x0862,
  0x0862, 0x0862, 0x0862, 0x0862, 0x0862, 0x0862, 0x0862, 0x0862, 0x0862, 0x0862, 0x0862, 0x0862,
  0x0862, 0x0862, 0x0862, 0x0862, 0x0862, 0x0862, 0x0862, 0x0862, 0x0862, 0x0862, 0x0862, 0x0862,
  0x0862, 0x0862, 0x0862, 0x0862, 0x0862, 0x0862, 0x0862, 0x0862, 0x0862, 0x0862, 0x0862, 0x0862,
  0x0862, 0x0862, 0x0862, 0x0862, 0x0862, 0x0862, 0x0862, 0x0862, 0x0862, 0x0862, 0x0862, 0x0862,
  0x0862, 0x0862, 0x0862, 0x0862, 0x0862, 0x0862, 0x0862, 0x0862, 0x0862, 0x0862, 0x0862, 0x0862,
  0x0862, 0x0862, 0x0862, 0x0862, 0x0862, 0x0862, 0x0862, 0x0862, 0x0862, 0x0862, 0x0862, 0x0862,
  0x0862, 0x0862, 0x0862, 0x0862, 0x0862, 0x0862, 0x0862, 0x0862, 0x0862, 0x0862, 0x0862, 0x0862,
  0x0862, 0x0862, 0x0862, 0x0862, 0x0862, 0x0862, 0x0862, 0x0862, 0x0862, 0x0862, 0x0862, 0x0862,
  0x0862, 0x0862, 0x0862, 0x0862, 0x0862, 0x0862, 0x0862, 0x0862, 0x0862, 0x0862, 0x0862, 0x0862,
  0x0862, 0x0862, 0x0862, 0x0862, 0x0862, 0x0862, 0x0862, 0x0862, 0x0862, 0x0862, 0x0862, 0x0862,
  0x0862, 0x0862, 0x0862, 0x0862, 0x0862, 0x0862, 0x0862, 0x0862, 0x0862, 0x0862, 0x0862, 0x0862,
  0x0862, 0x0862, 0x0862, 0x0862, 0x0862, 0x0862, 0x0862, 0x0862, 0x0862, 0x0862, 0x0862, 0x0862,
  0x0862, 0x0862, 0x0862, 0x0862, 0x0862, 0x0862, 0x0862, 0x0862, 0x0862, 0x0862, 0x0862, 0x0862,
  0x0862, 0x0862, 0x0862, 0x0862, 0x0862, 0x0862, 0x0862, 0x0862, 0x0862, 0x0862, 0x0862, 0x0862,
  0x0862, 0x0862, 0x0862, 0x0862, 0x0862, 0x0862, 0x0862, 0x0862, 0x0862, 0x0862, 0x0862, 0x0862,
  0x0862, 0x0862, 0x0862, 0x0862, 0x0862, 0x0862, 0x0862, 0x0862, 0x0862, 0x0862, 0x0862, 0x0862,
  0x0862, 0x0862, 0x0862, 0x0862, 0x0862, 0x0862, 0x0862, 0x0862, 0x0862, 0x0862, 0x0862, 0x0862,
  0x0862, 0x0862, 0x0862, 0x0862, 0x0862, 0x0862, 0x0862, 0x0862, 0x0862, 0x0862, 0x0862, 0x0862,
  0x0862, 0x0862, 0x0862, 0x0862, 0x0862, 0x0862, 0x0862, 0x1083, 0x1083, 0x1083, 0x1083, 0x1083,
  0x1083, 0x1083, 0x1083, 0x1083, 0x1083, 0x1083, 0x1083, 0x1083, 0x1083, 0x1083, 0x1083, 0x1083,
  0x1083, 0x1083, 0x1083, 0x1083, 0x1083, 0x10a3, 0x10a3, 0x10a3, 0x10a3, 0x10a3, 0x10a3, 0x10a4,
  0x10a3, 0x10a4, 0x10a4, 0x10a4, 0x10a4, 0x10a4, 0x10a4, 0x10a4, 0x10a4, 0x10a4, 0x10a4, 0x10a4,
  0x10a4, 0x18c4, 0x18c4, 0x18c4, 0x18c4, 0x18c4, 0x18c4, 0x18c4, 0x18c4, 0x18c4, 0x18c5, 0x18c4,
  0x18c5, 0x18c5, 0x18c5, 0x18c5, 0x18c5, 0x18c5, 0x18c5, 0x18c5, 0x18c5, 0x18c5, 0x18e5, 0x18c5,
  0x18e5, 0x18e5, 0x18e5, 0x18e5, 0x18e5, 0x18e5, 0x18e5, 0x18e5, 0x18e5, 0x18e5, 0x18e5, 0x18e5,
  0x18e5, 0x18e6, 0x18e5, 0x18e6, 0x18e6, 0x18e6, 0x18e6, 0x18e6, 0x18e6, 0x18e6, 0x18e6, 0x2106,
  0x2106, 0x2106, 0x2106, 0x2106, 0x2106, 0x2106, 0x2106, 0x2106, 0x2106, 0x2106, 0x2106, 0x2106,
  0x2106, 0x2106, 0x2106, 0x2106, 0x2107, 0x2106, 0x2106, 0x2107, 0x2107, 0x2107, 0x2127, 0x2127,
  0x2127, 0x2127, 0x2127, 0x2127, 0x2127, 0x2127, 0x2127, 0x2127, 0x2127, 0x2127, 0x2127, 0x2127,
  0x2127, 0x2127, 0x2127, 0x2127, 0x2127, 0x2127, 0x2127, 0x2127, 0x2127, 0x2127, 0x2127, 0x2127,
  0x2127, 0x2127, 0x2127, 0x2127, 0x2127, 0x2127, 0x2127, 0x2127, 0x2147, 0x2147, 0x2927, 0x2927,
  0x2927, 0x2127, 0x2947, 0x2947, 0x2927, 0x2927, 0x2927, 0x2947, 0x2947, 0x2947, 0x2947, 0x2947,
  0x2947, 0x2947, 0x2947, 0x2947, 0x2947, 0x2947, 0x2947, 0x2947, 0x2947, 0x2927, 0x2947, 0x2927,
  0x2927, 0x2927, 0x2147, 0x2127, 0x2927, 0x2127, 0x2127, 0x2127, 0x2127, 0x2127, 0x2127, 0x2127,
  0x2127, 0x2127, 0x2127, 0x2127, 0x2127, 0x2127, 0x2127, 0x2127, 0x2127, 0x2127, 0x2127, 0x2127,
  0x2127, 0x2127, 0x2127, 0x2127, 0x2127, 0x2127, 0x2127, 0x2127, 0x2127, 0x2127, 0x2127, 0x2127,
  0x2127, 0x2127, 0x2127, 0x2127, 0x2107, 0x2107, 0x2106, 0x2106, 0x2106, 0x2106, 0x2106, 0x2106,
  0x2106, 0x2106, 0x2106, 0x2106, 0x2106, 0x2106, 0x2106, 0x2106, 0x2106, 0x2106, 0x2106, 0x2106,
  0x2106, 0x2106, 0x2106, 0x18e6, 0x1906, 0x18e6, 0x18e6, 0x18e6, 0x18e6, 0x18e6, 0x18e5, 0x18e5,
  0x18e5, 0x18e5, 0x18e5, 0x18e5, 0x18e5, 0x18e5, 0x18e5, 0x18e5, 0x18e5, 0x18e5, 0x0862, 0x5acc,
  0x5acc, 0x5acc, 0x5acc, 0x5acc, 0x5acc, 0x5acc, 0x5acc, 0x5acc, 0x5acc, 0x5acc, 0x5acc, 0x5acc,
  0x5acc, 0x5acc, 0x5acc, 0x5aec, 0x5aec, 0x5aec, 0x5aec, 0x5aec, 0x5aec, 0x5aec, 0x5aec, 0x5aec,
  0x5aec, 0x5aec, 0x5aec, 0x5aec, 0x5aec, 0x5aec, 0x5aec, 0x630d, 0x630d, 0x630d, 0x630d, 0x630d,
  0x630d, 0x630d, 0x630d, 0x630d, 0x630d, 0x630d, 0x630d, 0x630d, 0x630d, 0x630d, 0x630d, 0x630d,
  0x630d, 0x630d, 0x630d, 0x630d, 0x630d, 0x630d, 0x632e, 0x632e, 0x632e, 0x632e, 0x632e, 0x632e,
  0x632e, 0x632e, 0x632e, 0x632e, 0x632e, 0x632e, 0x632e, 0x632e, 0x632e, 0x632e, 0x632e, 0x632e,
  0x632e, 0x632e, 0x632e, 0x6b4e, 0x6b4e, 0x6b4e, 0x6b4e, 0x6b4e, 0x6b4e, 0x6b4e, 0x6b4e, 0x6b4e,
  0x6b4f, 0x6b4f, 0x6b4f, 0x6b4f, 0x6b4f, 0x6b4f, 0x6b4f, 0x6b4f, 0x6b4f, 0x6b4f, 0x6b4f, 0x6b4f,
  0x6b4f, 0x6b4f, 0x6b6f, 0x6b6f, 0x6b6f, 0x6b6f, 0x6b6f, 0x6b6f, 0x6b6f, 0x6b6f, 0x6b6f, 0x6b6f,
  0x6b70, 0x6b70, 0x6b70, 0x6b70, 0x6b70, 0x6b70, 0x6b70, 0x7390, 0x7390, 0x7390, 0x7390, 0x7390,
  0x7390, 0x7390, 0x7390, 0x7390, 0x7390, 0x7390, 0x7390, 0x7390, 0x7390, 0x7390, 0x7390, 0x7390,
  0x7390, 0x7390, 0x7390, 0x7390, 0x7390, 0x7390, 0x7390, 0x7391, 0x7391, 0x7391, 0x7391, 0x7391,
  0x7391, 0x7391, 0x7391, 0x7391, 0x7391, 0x7391, 0x7391, 0x7391, 0x7391, 0x7391, 0x7391, 0x73b1,
  0x7391, 0x73b1, 0x73b1, 0x73b1, 0x73b1, 0x73b1, 0x73b1, 0x73b1, 0x73b1, 0x73b1, 0x73b1, 0x73b1,
  0x73b1, 0x73b1, 0x73b1, 0x73b1, 0x73b1, 0x73b1, 0x73b1, 0x73b1, 0x73b1, 0x73b1, 0x73b1, 0x73b1,
  0x73b1, 0x73b1, 0x73b1, 0x73b1, 0x73b1, 0x73b1, 0x73b1, 0x73b1, 0x73b1, 0x73b1, 0x73b1, 0x73b1,
  0x73b1, 0x73b1, 0x73b1, 0x73b1, 0x73b1, 0x73b1, 0x73b1, 0x73b1, 0x73b1, 0x73b1, 0x73b1, 0x7391,
  0x73b1, 0x7391, 0x73b1, 0x7391, 0x7391, 0x7391, 0x7391, 0x7391, 0x7391, 0x7391, 0x7391, 0x7391,
  0x7391, 0x7391, 0x7391, 0x7391, 0x7391, 0x7390, 0x7390, 0x7390, 0x7390, 0x7390, 0x7390, 0x7390,
  0x7390, 0x7390, 0x7390, 0x7390, 0x7390, 0x7390, 0x7390, 0x7390, 0x7390, 0x7390, 0x7390, 0x7390,
  0x7390, 0x7390, 0x7390, 0x6b70, 0x6b70, 0x6b70, 0x6b70, 0x6b70, 0x6b70, 0x6b70, 0x6b70, 0x6b6f,
  0x6b6f, 0x6b6f, 0x6b6f, 0x6b6f, 0x6b6f, 0x6b6f, 0x6b6f, 0x6b6f, 0x6b4f, 0x6b4f, 0x6b4f, 0x6b4f,
  0x6b4f, 0x6b4f, 0x6b4f, 0x6b4f, 0x6b4f, 0x6b4f, 0x6b4f, 0x6b4f, 0x18e5, 0x0862, 0x5acc, 0x10a3,
  0x10a3, 0x10a3, 0x10a3, 0x10a3, 0x10a3, 0x10a3, 0x10a3, 0x10a4, 0x10a4, 0x10a4, 0x10a4, 0x10a4,
  0x10a4, 0x10a4, 0x10a4, 0x10a4, 0x10a4, 0x10a4, 0x10a4, 0x10a4, 0x18a4, 0x10c4, 0x18c4, 0x18c4,
  0x18c4, 0x18c4, 0x18c4, 0x18c4, 0x18c4, 0x18c4, 0x18c4, 0x18c5, 0x18c5, 0x18c5, 0x18c5, 0x18c5,
  0x18c5, 0x18e5, 0x18e5, 0x18e5, 0x18e5, 0x18e5, 0x18e5, 0x18e5, 0x18e5, 0x18e5, 0x18e5, 0x18e5,
  0x18e6, 0x18e6, 0x18e6, 0x2106, 0x18e6, 0x2106, 0x2106, 0x2106, 0x2106, 0x2106, 0x2106, 0x2106,
  0x2106, 0x2106, 0x2106, 0x2107, 0x2106, 0x2106, 0x2106, 0x2107, 0x2127, 0x2127, 0x2127, 0x2127,
  0x2127, 0x2127, 0x2127, 0x2127, 0x2127, 0x2127, 0x2127, 0x2927, 0x2927, 0x2927, 0x2947, 0x2947,
  0x2947, 0x2948, 0x2948, 0x2948, 0x2948, 0x2948, 0x2948, 0x2948, 0x2948, 0x2948, 0x2948, 0x2948,
  0x2948, 0x2968, 0x2968, 0x2968, 0x2968, 0x2968, 0x2968, 0x2968, 0x2969, 0x2969, 0x2969, 0x2969,
  0x2969, 0x3169, 0x3169, 0x3189, 0x3189, 0x3189, 0x3189, 0x3189, 0x3189, 0x3189, 0x3189, 0x3189,
  0x3189, 0x3189, 0x3189, 0x3189, 0x318a, 0x318a, 0x318a, 0x318a, 0x318a, 0x318a, 0x318a, 0x31aa,
  0x31aa, 0x31aa, 0x31aa, 0x31aa, 0x31aa, 0x31aa, 0x31aa, 0x31aa, 0x31aa, 0x31aa, 0x31aa, 0x31aa,
  0x31aa, 0x31aa, 0x31aa, 0x31aa, 0x31aa, 0x31aa, 0x39aa, 0x39aa, 0x39aa, 0x39aa, 0x31cb, 0x31ca,
  0x31cb, 0x39ab, 0x39ab, 0x39ab, 0x39ab, 0x39cb, 0x39cb, 0x39cb, 0x39cb, 0x39cb, 0x39cb, 0x39cb,
  0x39cb, 0x39cb, 0x39cb, 0x39cb, 0x39cb, 0x39cb, 0x39cb, 0x39cb, 0x39cb, 0x39cb, 0x39cb, 0x39cb,
  0x39cb, 0x39cb, 0x39cb, 0x39cb, 0x39cb, 0x39cb, 0x39cb, 0x39cb, 0x39cb, 0x39cb, 0x39cb, 0x39cb,
  0x39cb, 0x39cb, 0x39cb, 0x39cb, 0x39cb, 0x39cb, 0x39cb, 0x39ab, 0x39ab, 0x39ab, 0x39aa, 0x39aa,
  0x39aa, 0x31cb, 0x39aa, 0x39aa, 0x31aa, 0x39aa, 0x31aa, 0x31aa, 0x31aa, 0x31aa, 0x31aa, 0x31aa,
  0x31aa, 0x31aa, 0x31aa, 0x31aa, 0x31aa, 0x31aa, 0x31aa, 0x31aa, 0x31aa, 0x31aa, 0x318a, 0x318a,
  0x318a, 0x318a, 0x318a, 0x3189, 0x318a, 0x3189, 0x3189, 0x3189, 0x3189, 0x3189, 0x3189, 0x3189,
  0x3189, 0x3189, 0x3189, 0x3189, 0x2989, 0x3169, 0x2969, 0x2969, 0x2969, 0x2969, 0x2969, 0x2969,
  0x2969, 0x2968, 0x2968, 0x2968, 0x2968, 0x2968, 0x2968, 0x2948, 0x2968, 0x2948, 0x2948, 0x2948,
  0x2948, 0x2948, 0x2948, 0x2948, 0x2948, 0x2948, 0x2947, 0x18e5, 0x0862, 0x5acc, 0x1083, 0x1083,
  0x1083, 0x10a3, 0x10a3, 0x10a3, 0x10a3, 0x10a3, 0x10a4, 0x10a4, 0x10a4, 0x10a4, 0x10a4, 0x10a4,
  0x10a4, 0x10a4, 0x10a4, 0x10a4, 0x10a4, 0x10a4, 0x10a4, 0x10c4, 0x18c4, 0x18c4, 0x18c4, 0x18c4,
  0x18c4, 0x18c4, 0x18c4, 0x18c4, 0x18c5, 0x18c5, 0x18c5, 0x18c5, 0x18c5, 0x18c5, 0x18c5, 0x18e5,
  0x18e5, 0x18e5, 0x18e5, 0x18e5, 0x18e5, 0x18e5, 0x18e5, 0x18e5, 0x18e5, 0x18e5, 0x18e5, 0x18e6,
  0x18e6, 0x18e6, 0x1906, 0x2106, 0x2106, 0x2106, 0x2106, 0x2106, 0x2106, 0x2106, 0x2106, 0x2106,
  0x2106, 0x2106, 0x2106, 0x2106, 0x2127, 0x2106, 0x2107, 0x2127, 0x2127, 0x2127, 0x2127, 0x2127,
  0x2127, 0x2127, 0x2127, 0x2127, 0x2127, 0x2127, 0x2127, 0x2127, 0x2927, 0x2947, 0x2947, 0x2948,
  0x2948, 0x2948, 0x2948, 0x2948, 0x2948, 0x2948, 0x2948, 0x2948, 0x2948, 0x2948, 0x2968, 0x2968,
  0x2968, 0x2968, 0x2968, 0x2968, 0x2968, 0x2969, 0x2969, 0x2969, 0x2969, 0x2969, 0x2969, 0x2969,
  0x3169, 0x2969, 0x3189, 0x3189, 0x3189, 0x3189, 0x3189, 0x3189, 0x3189, 0x3189, 0x3189, 0x3189,
  0x3189, 0x3189, 0x3189, 0x318a, 0x318a, 0x318a, 0x318a, 0x318a, 0x31aa, 0x31aa, 0x31aa, 0x31aa,
  0x31aa, 0x31aa, 0x31aa, 0x31aa, 0x31aa, 0x31aa, 0x31aa, 0x31aa, 0x31aa, 0x31aa, 0x31aa, 0x31aa,
  0x31aa, 0x31aa, 0x31aa, 0x39aa, 0x39aa, 0x39aa, 0x39aa, 0x31ca, 0x39aa, 0x31cb, 0x31cb, 0x39ab,
  0x39ab, 0x39ab, 0x39ab, 0x39cb, 0x39ab, 0x39cb, 0x39cb, 0x39cb, 0x39cb, 0x39cb, 0x39cb, 0x39cb,
  0x39cb, 0x39cb, 0x39cb, 0x39cb, 0x39cb, 0x39cb, 0x39cb, 0x39cb, 0x39cb, 0x39cb, 0x39cb, 0x39cb,
  0x39cb, 0x39cb, 0x39cb, 0x39cb, 0x39cb, 0x39cb, 0x39cb, 0x39cb, 0x39cb, 0x39cb, 0x39cb, 0x39cb,
  0x39cb, 0x39cb, 0x39cb, 0x39cb, 0x39cb, 0x39cb, 0x39ab, 0x39ab, 0x39ab, 0x39aa, 0x39ab, 0x31ca,
  0x39aa, 0x39aa, 0x31aa, 0x31aa, 0x31aa, 0x31aa, 0x31aa, 0x31aa, 0x31aa, 0x31aa, 0x31aa, 0x31aa,
  0x31aa, 0x31aa, 0x31aa, 0x31aa, 0x31aa, 0x31aa, 0x31aa, 0x31aa, 0x318a, 0x31aa, 0x31aa, 0x318a,
  0x318a, 0x318a, 0x3189, 0x3189, 0x3189, 0x3189, 0x3189, 0x3189, 0x3189, 0x3189, 0x3189, 0x3189,
  0x3189, 0x3189, 0x3169, 0x2989, 0x2969, 0x2969, 0x2969, 0x2969, 0x2969, 0x2969, 0x2968, 0x2968,
  0x2968, 0x2968, 0x2968, 0x2968, 0x2968, 0x2948, 0x2948, 0x2948, 0x2948, 0x2948, 0x2948, 0x2948,
  0x2948, 0x2948, 0x2948, 0x2948, 0x2948, 0x2947, 0x18e5, 0x0862, 0x5acc, 0x1083, 0x1083, 0x1083,
  0x10a3, 0x10a3, 0x10a3, 0xa406, 0x10a3, 0x10a4, 0x10a4, 0x10a4, 0x10a4, 0x10a4, 0x10a4, 0x10a4,
  0x10a4, 0x10a4, 0x10a4, 0x18e4, 0x18e4, 0x18e4, 0x18e4, 0x18e4, 0x18e4, 0x18e4, 0x18e4, 0x18e4,
  0x18e4, 0x18e4, 0x18e4, 0x18e4, 0x18e4, 0x18e4, 0x18e4, 0x18e4, 0x18e4, 0x18e4, 0x18e4, 0x18e4,
  0x18e4, 0x18e4, 0x18e4, 0x18e4, 0x18e4, 0x18e4, 0x18e4, 0x18e4, 0x18e4, 0x18e4, 0x18e4, 0x18e4,
  0x18e4, 0x18e4, 0x18e4, 0x18e4, 0x18e4, 0x18e4, 0x18e4, 0x18e4, 0x18e4, 0x18e4, 0x18e4, 0x18e4,
  0x18e4, 0x18e4, 0x18e4, 0x18e4, 0x18e4, 0x18e4, 0x18e4, 0x18e4, 0x18e4, 0x18e4, 0x18e4, 0x18e4,
  0x18e4, 0x18e4, 0x18e4, 0x18e4, 0x18e4, 0x18e4, 0x18e4, 0x18e4, 0x18e4, 0x18e4, 0x18e4, 0x18e4,
  0x18e4, 0x18e4, 0x18e4, 0x18e4, 0x18e4, 0x18e4, 0x18e4, 0x18e4, 0x18e4, 0x18e4, 0x18e4, 0x18e4,
  0x18e4, 0x18e4, 0x18e4, 0x18e4, 0x18e4, 0x18e4, 0x18e4, 0x18e4, 0x18e4, 0x18e4, 0x18e4, 0x18e4,
  0x3169, 0x3189, 0x3189, 0x3189, 0x3189, 0x3189, 0x3189, 0x3189, 0x3189, 0x3189, 0x3189, 0x3189,
  0x3189, 0x3189, 0x318a, 0x318a, 0x318a, 0x31aa, 0x31aa, 0x318a, 0x31aa, 0x31aa, 0x31aa, 0x31aa,
  0x31aa, 0x31aa, 0x31aa, 0x31aa, 0x31aa, 0x31aa, 0x31aa, 0x31aa, 0x31aa, 0x31aa, 0x31aa, 0x31aa,
  0x31aa, 0x31aa, 0x31aa, 0x39aa, 0x39aa, 0x31ca, 0x39aa, 0x39ab, 0x39ab, 0x39ab, 0x39ab, 0x39ab,
  0x39cb, 0x18e4, 0x18e4, 0x18e4, 0x18e4, 0x18e4, 0x18e4, 0x18e4, 0x18e4, 0x18e4, 0x18e4, 0x18e4,
  0x18e4, 0x18e4, 0x18e4, 0x18e4, 0x18e4, 0x18e4, 0x18e4, 0x18e4, 0x18e4, 0x18e4, 0x18e4, 0x18e4,
  0x18e4, 0x18e4, 0x18e4, 0x18e4, 0x18e4, 0x18e4, 0x18e4, 0x18e4, 0x18e4, 0x18e4, 0x18e4, 0x18e4,
  0x18e4, 0x18e4, 0x18e4, 0x18e4, 0x18e4, 0x18e4, 0x18e4, 0x18e4, 0x18e4, 0x18e4, 0x18e4, 0x18e4,
  0x18e4, 0x18e4, 0x18e4, 0x18e4, 0x18e4, 0x18e4, 0x18e4, 0x18e4, 0x18e4, 0x18e4, 0x18e4, 0x18e4,
  0x18e4, 0x18e4, 0x18e4, 0x18e4, 0x18e4, 0x18e4, 0x18e4, 0x18e4, 0x18e4, 0x18e4, 0x18e4, 0x18e4,
  0x18e4, 0x18e4, 0x18e4, 0x18e4, 0x18e4, 0x18e4, 0x18e4, 0x18e4, 0x18e4, 0x2969, 0x3189, 0x3189,
  0x3189, 0x1881, 0x1881, 0x1881, 0x1881, 0x1881, 0x2969, 0x2969, 0x2968, 0x2969, 0x2968, 0x7493,
  0x7411, 0x7493, 0x7411, 0x7493, 0x2948, 0x2948, 0x2948, 0x2948, 0x6ae8, 0x3162, 0x0861, 0x0861,
  0x0861, 0x3162, 0x6ae8, 0x2947, 0x2947, 0x18e5, 0x0862, 0x5acc, 0x10a3, 0x1083, 0x10a3, 0x10a3,
  0x10a3, 0xb4ea, 0x2903, 0xa406, 0x10a4, 0x10a4, 0x10a4, 0x10a4, 0x10a4, 0x10a4, 0x10a4, 0x10a4,
  0x10a4, 0x18e4, 0x62c8, 0x83a9, 0x83a9, 0x83a9, 0x83a9, 0x83a9, 0x83a9, 0x83a9, 0x83a9, 0x83a9,
  0x83a9, 0x83a9, 0x83a9, 0x83a9, 0x83a9, 0x83a9, 0x83a9, 0x83a9, 0x83a9, 0x83a9, 0x83a9, 0x83a9,
  0x83a9, 0x83a9, 0x83a9, 0x83a9, 0x83a9, 0x83a9, 0x83a9, 0x83a9, 0x83a9, 0x83a9, 0x83a9, 0x83a9,
  0x83a9, 0x83a9, 0x83a9, 0x83a9, 0x83a9, 0x83a9, 0x83a9, 0x83a9, 0x83a9, 0x83a9, 0x83a9, 0x83a9,
  0x83a9, 0x83a9, 0x83a9, 0x83a9, 0x83a9, 0x83a9, 0x83a9, 0x83a9, 0x83a9, 0x83a9, 0x83a9, 0x83a9,
  0x83a9, 0x83a9, 0x83a9, 0x83a9, 0x83a9, 0x83a9, 0x83a9, 0x83a9, 0x83a9, 0x83a9, 0x83a9, 0x83a9,
  0x83a9, 0x83a9, 0x83a9, 0x83a9, 0x83a9, 0x83a9, 0x83a9, 0x83a9, 0x83a9, 0x83a9, 0x83a9, 0x83a9,
  0x83a9, 0x83a9, 0x83a9, 0x83a9, 0x83a9, 0x83a9, 0x83a9, 0x83a9, 0x83a9, 0x83a9, 0x62c8, 0x18e4,
  0x3189, 0x3189, 0x3189, 0x3189, 0x9cf5, 0x9cf5, 0x3189, 0x8412, 0xad77, 0x3189, 0x6b50, 0x8c73,
  0x318a, 0x8c73, 0xad77, 0x318a, 0x8c73, 0xad56, 0x420c, 0x52ad, 0xad77, 0x52ad, 0x31aa, 0x31aa,
  0xa515, 0xad77, 0x632f, 0x31aa, 0x31aa, 0xad77, 0xad77, 0x8c52, 0x31aa, 0x8412, 0xad77, 0xad77,
  0x31aa, 0x6b70, 0xad77, 0xad77, 0xad77, 0xa515, 0x528d, 0x31ab, 0x39ab, 0x39ab, 0x39ab, 0x18e4,
  0x62c8, 0x83a9, 0x83a9, 0x83a9, 0x83a9, 0x83a9, 0x83a9, 0x83a9, 0x83a9, 0x83a9, 0x83a9, 0x83a9,
  0x83a9, 0x83a9, 0x83a9, 0x83a9, 0x83a9, 0x83a9, 0x83a9, 0x83a9, 0x83a9, 0x83a9, 0x83a9, 0x83a9,
  0x83a9, 0x83a9, 0x83a9, 0x83a9, 0x83a9, 0x83a9, 0x83a9, 0x83a9, 0x83a9, 0x83a9, 0x83a9, 0x83a9,
  0x83a9, 0x83a9, 0x83a9, 0x83a9, 0x83a9, 0x83a9, 0x83a9, 0x83a9, 0x83a9, 0x83a9, 0x83a9, 0x83a9,
  0x83a9, 0x83a9, 0x83a9, 0x83a9, 0x83a9, 0x83a9, 0x83a9, 0x83a9, 0x83a9, 0x83a9, 0x83a9, 0x83a9,
  0x83a9, 0x83a9, 0x83a9, 0x83a9, 0x83a9, 0x83a9, 0x83a9, 0x83a9, 0x83a9, 0x83a9, 0x83a9, 0x83a9,
  0x83a9, 0x83a9, 0x83a9, 0x83a9, 0x83a9, 0x83a9, 0x83a9, 0x62c8, 0x18e4, 0x3189, 0x3189, 0x1881,
  0x20c1, 0x20c1, 0x20c1, 0x20c1, 0x20c1, 0x1881, 0x2969, 0x2968, 0x2969, 0x7493, 0x8cb3, 0x8cb3,
  0x8cb3, 0x8cb3, 0x8cb3, 0x7411, 0x2948, 0x2948, 0x2948, 0x5aa7, 0x6ac6, 0x3162, 0x3162, 0x3162,
  0x6ac6, 0x3162, 0x2947, 0x2947, 0x18c5, 0x0862, 0x5acc, 0x1083, 0x1083, 0x10a3, 0x10a3, 0xb4ea,
  0x2903, 0x18e4, 0xa406, 0x10a4, 0x10a4, 0x10a4, 0x10a4, 0x10a4, 0x10a4, 0x10a4, 0x10a4, 0x10a4,
  0x18e4, 0x9492, 0x9492, 0x9492, 0x9492, 0x9492, 0x9492, 0x9492, 0x9492, 0x9492, 0x9492, 0x9492,
  0x9492, 0x9492, 0x9492, 0x9492, 0x9492, 0x9492, 0x9492, 0x9492, 0x9492, 0x9492, 0x9492, 0x9492,
  0x9492, 0x9492, 0x9492, 0x9492, 0x9492, 0x9492, 0x9492, 0x9492, 0x9492, 0x9492, 0x9492, 0x9492,
  0x9492, 0x9492, 0x9492, 0x9492, 0x9492, 0x9492, 0x9492, 0x9492, 0x9492, 0x9492, 0x9492, 0x9492,
  0x9492, 0x9492, 0x9492, 0x9492, 0x9492, 0x9492, 0x9492, 0x9492, 0x9492, 0x9492, 0x9492, 0x9492,
  0x9492, 0x9492, 0x9492, 0x9492, 0x9492, 0x9492, 0x9492, 0x9492, 0x9492, 0x9492, 0x9492, 0x9492,
  0x9492, 0x9492, 0x9492, 0x9492, 0x9492, 0x9492, 0x9492, 0x9492, 0x9492, 0x9492, 0x9492, 0x9492,
  0x9492, 0x9492, 0x9492, 0x9492, 0x9492, 0x9492, 0x9492, 0x9492, 0x9492, 0x9492, 0x18e4, 0x3189,
  0x3189, 0x3189, 0x3189, 0x7bd1, 0xad77, 0x420b, 0xad77, 0xad77, 0x528d, 0x94b4, 0x6b6f, 0x3189,
  0x8c73, 0xad77, 0x318a, 0x8c73, 0xad77, 0x8c52, 0x52ad, 0xad77, 0x52ad, 0x31aa, 0x4a6c, 0xad77,
  0xad56, 0x8c52, 0x31aa, 0x31aa, 0xad77, 0xad77, 0xad77, 0x422c, 0xad56, 0xad77, 0xad77, 0x39aa,
  0x6b70, 0xad77, 0x5ace, 0x420b, 0xad77, 0x8c52, 0x39aa, 0x39ab, 0x39ab, 0x39ab, 0x18e4, 0x9492,
  0x9492, 0x9492, 0x9492, 0x9492, 0x9492, 0x9492, 0x9492, 0x9492, 0x9492, 0x9492, 0x9492, 0x9492,
  0x9492, 0x9492, 0x9492, 0x9492, 0x9492, 0x9492, 0x9492, 0x9492, 0x9492, 0x9492, 0x9492, 0x9492,
  0x9492, 0x9492, 0x9492, 0x9492, 0x9492, 0x9492, 0x9492, 0x9492, 0x9492, 0x9492, 0x9492, 0x9492,
  0x9492, 0x9492, 0x9492, 0x9492, 0x9492, 0x9492, 0x9492, 0x9492, 0x9492, 0x9492, 0x9492, 0x9492,
  0x9492, 0x9492, 0x9492, 0x9492, 0x9492, 0x9492, 0x9492, 0x9492, 0x9492, 0x9492, 0x9492, 0x9492,
  0x9492, 0x9492, 0x9492, 0x9492, 0x9492, 0x9492, 0x9492, 0x9492, 0x9492, 0x9492, 0x9492, 0x9492,
  0x9492, 0x9492, 0x9492, 0x9492, 0x9492, 0x9492, 0x9492, 0x18e4, 0x3189, 0x3189, 0x20c1, 0x3162,
  0x3162, 0x3162, 0x3162, 0x3162, 0x20c1, 0x2969, 0x2968, 0x2968, 0x3162, 0x3162, 0x3162, 0x3162,
  0x3162, 0x3162, 0x3162, 0x2948, 0x2948, 0x2948, 0x0861, 0x5247, 0x6ac6, 0x51e3, 0x6ac6, 0x3162,
  0x0861, 0x2947, 0x2927, 0x18e5, 0x0862, 0x5acc, 0x10a3, 0x10a3, 0x10a3, 0x10a3, 0xb4ea, 0x5a85,
  0x5a85, 0xa406, 0xa406, 0x6ac6, 0x6ac6, 0x6ac6, 0xa406, 0x10a4, 0x10a4, 0x10a4, 0x10a4, 0x18e4,
  0x3185, 0x3185, 0x3185, 0x3185, 0x3185, 0x3185, 0x3185, 0x3185, 0x3185, 0x3185, 0x3185, 0x3185,
  0x3185, 0x3185, 0x3185, 0x3185, 0x3185, 0x3185, 0x3185, 0x3185, 0x3185, 0x3185, 0x3185, 0x3185,
  0x3185, 0x3185, 0x3185, 0x3185, 0x3185, 0x3185, 0x3185, 0x3185, 0x3185, 0x3185, 0x3185, 0x3185,
  0x3185, 0x3185, 0x3185, 0x3185, 0x3185, 0x3185, 0x3185, 0x3185, 0x3185, 0x3185, 0x3185, 0x3185,
  0x3185, 0x3185, 0x3185, 0x3185, 0x3185, 0x3185, 0x3185, 0x3185, 0x3185, 0x3185, 0x3185, 0x3185,
  0x3185, 0x3185, 0x3185, 0x3185, 0x3185, 0x3185, 0x3185, 0x3185, 0x3185, 0x3185, 0x3185, 0x3185,
  0x3185, 0x3185, 0x3185, 0x3185, 0x3185, 0x3185, 0x2984, 0x2984, 0x2984, 0x2984, 0x2984, 0x2984,
  0x2984, 0x2984, 0x2984, 0x2984, 0x2984, 0x2984, 0x2984, 0x2984, 0x2984, 0x18e4, 0x3189, 0x3189,
  0x3189, 0x3189, 0x5ace, 0xad77, 0x7bd1, 0xad77, 0xad77, 0x7391, 0xad77, 0x528d, 0x318a, 0x8c73,
  0xad77, 0x318a, 0x8c73, 0xad56, 0xad77, 0x73b1, 0xad77, 0x52ad, 0x31aa, 0x73b1, 0x94b4, 0x8c52,
  0xad77, 0x39eb, 0x31aa, 0xad77, 0x94b4, 0xad77, 0x8c73, 0xad56, 0x8c73, 0xad77, 0x31aa, 0x6b70,
  0xad77, 0x6b70, 0x630f, 0xad77, 0x8412, 0x39ab, 0x39ab, 0x39ab, 0x39ab, 0x18e4, 0x3185, 0x3185,
  0x3185, 0x3185, 0x3185, 0x3185, 0x3185, 0x3185, 0x3185, 0x3185, 0x3185, 0x3185, 0x3185, 0x3185,
  0x3185, 0x3185, 0x3185, 0x3185, 0x3185, 0x3185, 0x3185, 0x3185, 0x3185, 0x3185, 0x3185, 0x3185,
  0x3185, 0x3185, 0x3185, 0x3185, 0x3185, 0x3185, 0x3185, 0x3185, 0x3185, 0x3185, 0x3185, 0x3185,
  0x3185, 0x3185, 0x3185, 0x3185, 0x3185, 0x3185, 0x3185, 0x3185, 0x3185, 0x3185, 0x3185, 0x3185,
  0x3185, 0x3185, 0x3185, 0x3185, 0x3185, 0x3185, 0x3185, 0x3185, 0x3185, 0x3185, 0x3185, 0x3185,
  0x3185, 0x3185, 0x3185, 0x2984, 0x2984, 0x2984, 0x2984, 0x2984, 0x2984, 0x2984, 0x2984, 0x2984,
  0x2984, 0x2984, 0x2984, 0x2984, 0x2984, 0x2984, 0x18e4, 0x3189, 0x3189, 0x3162, 0x41a3, 0x51e3,
  0x51e3, 0x51e3, 0x41a3, 0x3162, 0x2969, 0x2968, 0x2968, 0x3162, 0x3162, 0x3162, 0x3162, 0x3162,
  0x3162, 0x3162, 0x2948, 0x2948, 0x2948, 0x0861, 0x4203, 0x51e3, 0x6ac6, 0x51e3, 0x3162, 0x0861,
  0x2927, 0x2927, 0x18c5, 0x0862, 0x5acc, 0x1083, 0x10a3, 0x10a3, 0x10a3, 0x10a4, 0x10a3, 0x10a4,
  0x10a4, 0xa406, 0x18e4, 0x2903, 0xa406, 0x10a4, 0x10a4, 0x10a4, 0x10a4, 0x10a4, 0x18e4, 0x62c8,
  0x62c8, 0x62c8, 0x62c8, 0x62c8, 0x62c8, 0x62c8, 0x62c8, 0x62c8, 0x62c8, 0x62c8, 0x62c8, 0x62c8,
  0x62c8, 0x62c8, 0x62c8, 0x62c8, 0x62c8, 0x62c8, 0x62c8, 0x62c8, 0x62c8, 0x62c8, 0x62c8, 0x62c8,
  0x62c8, 0x62c8, 0x62c8, 0x62c8, 0x62c8, 0x62c8, 0x62c8, 0x62c8, 0x62c8, 0x62c8, 0x62c8, 0x62c8,
  0x62c8, 0x62c8, 0x62c8, 0x62c8, 0x62c8, 0x62c8, 0x62c8, 0x62c8, 0x62c8, 0x62c8, 0x62c8, 0x62c8,
  0x62c8, 0x62c8, 0x62c8, 0x62c8, 0x62c8, 0x62c8, 0x62c8, 0x62c8, 0x62c8, 0x62c8, 0x62c8, 0x62c8,
  0x62c8, 0x62c8, 0x62c8, 0x62c8, 0x62c8, 0x62c8, 0x62c8, 0x62c8, 0x62c8, 0x62c8, 0x62c8, 0x62c8,
  0x62c8, 0x62c8, 0x62c8, 0x62c8, 0x62c8, 0x62c8, 0x62c8, 0x62c8, 0x62c8, 0x62c8, 0x62c8, 0x62c8,
  0x62c8, 0x62c8, 0x62c8, 0x62c8, 0x62c8, 0x62c8, 0x62c8, 0x62c8, 0x18e4, 0x3189, 0x3189, 0x3189,
  0x3189, 0x39ca, 0xad77, 0xad77, 0x8c73, 0x94b4, 0xad77, 0xad56, 0x318a, 0x318a, 0x8c73, 0xad77,
  0x318a, 0x8c73, 0x8c73, 0x8c52, 0xad77, 0xad77, 0x52ad, 0x31aa, 0xa515, 0x7bf1, 0x73b1, 0xad77,
  0x632f, 0x31aa, 0xad77, 0x6b70, 0xad56, 0xad77, 0x8412, 0x8c73, 0xad77, 0x31aa, 0x6b70, 0xad77,
  0x94b4, 0x8c73, 0x7bd1, 0x420b, 0x31cb, 0x39ab, 0x39ab, 0x39ab, 0x18e4, 0x62c8, 0x62c8, 0x62c8,
  0x62c8, 0x62c8, 0x62c8, 0x62c8, 0x62c8, 0x62c8, 0x62c8, 0x62c8, 0x62c8, 0x62c8, 0x62c8, 0x62c8,
  0x62c8, 0x62c8, 0x62c8, 0x62c8, 0x62c8, 0x62c8, 0x62c8, 0x62c8, 0x62c8, 0x62c8, 0x62c8, 0x62c8,
  0x62c8, 0x62c8, 0x62c8, 0x62c8, 0x62c8, 0x62c8, 0x62c8, 0x62c8, 0x62c8, 0x62c8, 0x62c8, 0x62c8,
  0x62c8, 0x62c8, 0x62c8, 0x62c8, 0x62c8, 0x62c8, 0x62c8, 0x62c8, 0x62c8, 0x62c8, 0x62c8, 0x62c8,
  0x62c8, 0x62c8, 0x62c8, 0x62c8, 0x62c8, 0x62c8, 0x62c8, 0x62c8, 0x62c8, 0x62c8, 0x62c8, 0x62c8,
  0x62c8, 0x62c8, 0x62c8, 0x62c8, 0x62c8, 0x62c8, 0x62c8, 0x62c8, 0x62c8, 0x62c8, 0x62c8, 0x62c8,
  0x62c8, 0x62c8, 0x62c8, 0x62c8, 0x62c8, 0x18e4, 0x3189, 0x3189, 0x5247, 0x62c8, 0x83a9, 0x83a9,
  0x83a9, 0x62c8, 0x5aa7, 0x2969, 0x2968, 0x2968, 0x3162, 0x3162, 0x3162, 0x3162, 0x3162, 0x3162,
  0x3162, 0x2948, 0x2948, 0x2948, 0x0861, 0x3162, 0x6ac6, 0x51e3, 0x9b88, 0x3162, 0x0861, 0x2947,
  0x2927, 0x18c5, 0x0862, 0x5acc, 0x1083, 0x10a3, 0x10a3, 0x10a3, 0x10a3, 0x10a4, 0x10a4, 0x10a4,
  0xa406, 0x18e4, 0xa406, 0xa406, 0x10a4, 0x10a4, 0x10a4, 0x10a4, 0x10a4, 0x18e4, 0x4207, 0x83a9,
  0x83a9, 0x83a9, 0x83a9, 0x83a9, 0x83a9, 0x83a9, 0x83a9, 0x83a9, 0x83a9, 0x83a9, 0x83a9, 0x83a9,
  0x83a9, 0x83a9, 0x83a9, 0x83a9, 0x83a9, 0x83a9, 0x83a9, 0x83a9, 0x83a9, 0x83a9, 0x83a9, 0x83a9,
  0x83a9, 0x83a9, 0x83a9, 0x83a9, 0x83a9, 0x83a9, 0x83a9, 0x83a9, 0x83a9, 0x83a9, 0x83a9, 0x83a9,
  0x83a9, 0x83a9, 0x83a9, 0x83a9, 0x83a9, 0x83a9, 0x83a9, 0x83a9, 0x83a9, 0x83a9, 0x83a9, 0x83a9,
  0x83a9, 0x83a9, 0x83a9, 0x83a9, 0x83a9, 0x83a9, 0x83a9, 0x83a9, 0x83a9, 0x83a9, 0x83a9, 0x83a9,
  0x83a9, 0x83a9, 0x83a9, 0x83a9, 0x83a9, 0x83a9, 0x83a9, 0x83a9, 0x83a9, 0x83a9, 0x83a9, 0x83a9,
  0x83a9, 0x83a9, 0x83a9, 0x83a9, 0x83a9, 0x83a9, 0x83a9, 0x83a9, 0x83a9, 0x83a9, 0x83a9, 0x83a9,
  0x83a9, 0x83a9, 0x83a9, 0x83a9, 0x83a9, 0x83a9, 0x4207, 0x18e4, 0x3189, 0x3189, 0x3189, 0x3189,
  0x3189, 0x94b3, 0xad77, 0x6b50, 0x7391, 0xad77, 0x8c52, 0x318a, 0x318a, 0x8c73, 0xad77, 0x318a,
  0x8c73, 0x8c73, 0x39eb, 0xad56, 0xad77, 0x52ad, 0x4a6c, 0xad77, 0x8c73, 0x8c73, 0xad77, 0x8c52,
  0x31aa, 0xad77, 0x6b70, 0x8412, 0xad77, 0x630f, 0x8c73, 0xad77, 0x39aa, 0x6b70, 0xad77, 0x5ace,
  0x31ab, 0x31ab, 0x39ab, 0x39ab, 0x39ab, 0x39ab, 0x39cb, 0x18e4, 0x4207, 0x83a9, 0x83a9, 0x83a9,
  0x83a9, 0x83a9, 0x83a9, 0x83a9, 0x83a9, 0x83a9, 0x83a9, 0x83a9, 0x83a9, 0x83a9, 0x83a9, 0x83a9,
  0x83a9, 0x83a9, 0x83a9, 0x83a9, 0x83a9, 0x83a9, 0x83a9, 0x83a9, 0x83a9, 0x83a9, 0x83a9, 0x83a9,
  0x83a9, 0x83a9, 0x83a9, 0x83a9, 0x83a9, 0x83a9, 0x83a9, 0x83a9, 0x83a9, 0x83a9, 0x83a9, 0x83a9,
  0x83a9, 0x83a9, 0x83a9, 0x83a9, 0x83a9, 0x83a9, 0x83a9, 0x83a9, 0x83a9, 0x83a9, 0x83a9, 0x83a9,
  0x83a9, 0x83a9, 0x83a9, 0x83a9, 0x83a9, 0x83a9, 0x83a9, 0x83a9, 0x83a9, 0x83a9, 0x83a9, 0x83a9,
  0x83a9, 0x83a9, 0x83a9, 0x83a9, 0x83a9, 0x83a9, 0x83a9, 0x83a9, 0x83a9, 0x83a9, 0x83a9, 0x83a9,
  0x83a9, 0x83a9, 0x83a9, 0x4207, 0x18e4, 0x3189, 0x3189, 0x6bcf, 0x84b1, 0x84b1, 0x84b1, 0x84b1,
  0x7493, 0x7493, 0x2968, 0x2968, 0x2968, 0x10a2, 0x3162, 0x3162, 0x3162, 0x3162, 0x3162, 0x08a1,
  0x2948, 0x2948, 0x2948, 0x5aa7, 0x6ac6, 0x3162, 0x3162, 0x3162, 0x6ac6, 0x3162, 0x2927, 0x2127,
  0x18c5, 0x0862, 0x5acc, 0x10a3, 0x10a3, 0x10a3, 0x10a3, 0x10a4, 0x10a4, 0x10a4, 0x10a4, 0x10a4,
  0xa406, 0x10a4, 0x10a4, 0x10a4, 0x10a4, 0x10a4, 0x10a4, 0x10a4, 0x10a4, 0x2104, 0x2104, 0x2104,
  0x2104, 0x2104, 0x2104, 0x2104, 0x2104, 0x2104, 0x2104, 0x2104, 0x2104, 0x2104, 0x2104, 0x2104,
  0x2104, 0x2104, 0x2104, 0x2104, 0x2104, 0x2104, 0x2104, 0x2104, 0x2104, 0x2104, 0x2104, 0x2104,
  0x2104, 0x2104, 0x2104, 0x2104, 0x2104, 0x2104, 0x2104, 0x2104, 0x2104, 0x2104, 0x2104, 0x2104,
  0x2104, 0x2104, 0x2104, 0x2104, 0x2104, 0x2104, 0x2104, 0x2104, 0x2104, 0x2104, 0x2104, 0x2104,
  0x2104, 0x2104, 0x2104, 0x2104, 0x2104, 0x2104, 0x2104, 0x2104, 0x2104, 0x2104, 0x2104, 0x2104,
  0x2104, 0x2104, 0x2104, 0x2104, 0x2104, 0x2104, 0x2104, 0x2104, 0x2104, 0x2104, 0x2104, 0x2104,
  0x2104, 0x2104, 0x2104, 0x18e4, 0x18e4, 0x18e4, 0x18e4, 0x18e4, 0x18e4, 0x18e4, 0x18e4, 0x18e4,
  0x18e4, 0x18e4, 0x18e4, 0x18e4, 0x18e4, 0x18e4, 0x3189, 0x3189, 0x3189, 0x3189, 0x3189, 0x3189,
  0x6b50, 0xad77, 0x528d, 0x528d, 0xad77, 0x6b6f, 0x3189, 0x318a, 0x8c73, 0xad77, 0x318a, 0x8c73,
  0x8c73, 0x31aa, 0x630f, 0xad77, 0x52ad, 0x73b1, 0x8c52, 0x31aa, 0x31aa, 0x8c52, 0xad77, 0x39eb,
  0xad77, 0x6b70, 0x630f, 0xad56, 0x31aa, 0x8c73, 0xad77, 0x39aa, 0x6b70, 0xad77, 0x5ace, 0x31ab,
  0x39ab, 0x31cb, 0x39ab, 0x39ab, 0x39cb, 0x39cb, 0x39cb, 0x2104, 0x2104, 0x2104, 0x2104, 0x2104,
  0x2104, 0x2104, 0x2104, 0x2104, 0x2104, 0x2104, 0x2104, 0x2104, 0x2104, 0x2104, 0x2104, 0x2104,
  0x2104, 0x2104, 0x2104, 0x2104, 0x2104, 0x2104, 0x2104, 0x2104, 0x2104, 0x2104, 0x2104, 0x2104,
  0x2104, 0x2104, 0x2104, 0x2104, 0x2104, 0x2104, 0x2104, 0x2104, 0x2104, 0x2104, 0x2104, 0x2104,
  0x2104, 0x2104, 0x2104, 0x2104, 0x2104, 0x2104, 0x2104, 0x2104, 0x2104, 0x2104, 0x2104, 0x2104,
  0x2104, 0x2104, 0x2104, 0x2104, 0x2104, 0x2104, 0x2104, 0x2104, 0x2104, 0x2104, 0x2104, 0x2104,
  0x18e4, 0x18e4, 0x18e4, 0x18e4, 0x18e4, 0x18e4, 0x18e4, 0x18e4, 0x18e4, 0x18e4, 0x18e4, 0x18e4,
  0x18e4, 0x18e4, 0x18e4, 0x2968, 0x3189, 0x3169, 0x3169, 0x7411, 0x7493, 0x7493, 0x7493, 0x7493,
  0x2969, 0x2968, 0x2968, 0x2968, 0x2968, 0x1881, 0x10a2, 0x10a2, 0x08a1, 0x10a2, 0x2948, 0x2948,
  0x2948, 0x2948, 0x6ae8, 0x3162, 0x08a2, 0x08a2, 0x08a2, 0x3162, 0x6ae8, 0x2927, 0x2927, 0x18c5,
  0x0862, 0x5acc, 0x10a3, 0x10a3, 0x10a3, 0x10a4, 0x10a3, 0x10a4, 0x10a4, 0x10a4, 0x10a4, 0x10a4,
  0x10a4, 0x10a4, 0x10a4, 0x10a4, 0x10a4, 0x10a4, 0x10a4, 0x10c4, 0x18a4, 0x18a4, 0x18c4, 0x18c4,
  0x18c4, 0x18c4, 0x18c4, 0x18c4, 0x18c4, 0x18c5, 0x18c5, 0x18c5, 0x18c5, 0x18c5, 0x18c5, 0x18c5,
  0x18e5, 0x18e5, 0x18e5, 0x18e5, 0x18e5, 0x18e5, 0x18e5, 0x18e5, 0x18e5, 0x18e5, 0x18e5, 0x18e5,
  0x18e6, 0x18e6, 0x2106, 0x18e6, 0x1906, 0x2106, 0x2106, 0x2106, 0x2106, 0x2106, 0x2106, 0x2106,
  0x2106, 0x2106, 0x2106, 0x2106, 0x2106, 0x2107, 0x2106, 0x2107, 0x2127, 0x2127, 0x2127, 0x2127,
  0x2127, 0x2127, 0x2127, 0x2127, 0x2127, 0x2127, 0x2127, 0x2127, 0x2127, 0x2127, 0x2927, 0x2947,
  0x2948, 0x2948, 0x2948, 0x2948, 0x2948, 0x2948, 0x2948, 0x2948, 0x2948, 0x2948, 0x2968, 0x2968,
  0x2948, 0x2968, 0x2968, 0x2968, 0x2968, 0x2968, 0x2968, 0x2969, 0x2969, 0x2969, 0x2969, 0x2969,
  0x2969, 0x2969, 0x2989, 0x3189, 0x3189, 0x3189, 0x3189, 0x3189, 0x3189, 0x3189, 0x3189, 0x3189,
  0x3189, 0x3189, 0x3189, 0x3189, 0x318a, 0x3189, 0x318a, 0x318a, 0x318a, 0x31aa, 0x31aa, 0x31aa,
  0x31aa, 0x31aa, 0x31aa, 0x31aa, 0x31aa, 0x31aa, 0x31aa, 0x31aa, 0x31aa, 0x31aa, 0x31aa, 0x31aa,
  0x31aa, 0x31aa, 0x31aa, 0x31aa, 0x31aa, 0x39aa, 0x39aa, 0x39aa, 0x31cb, 0x39aa, 0x39ab, 0x39ab,
  0x39ab, 0x39ab, 0x39ab, 0x39ab, 0x39ab, 0x39cb, 0x39cb, 0x39cb, 0x39cb, 0x39cb, 0x39cb, 0x39cb,
  0x39cb, 0x39cb, 0x39cb, 0x39cb, 0x39cb, 0x39cb, 0x39cb, 0x39cb, 0x39cb, 0x39cb, 0x39cb, 0x39cb,
  0x39cb, 0x39cb, 0x39cb, 0x39cb, 0x39cb, 0x39cb, 0x39cb, 0x39cb, 0x39cb, 0x39cb, 0x39cb, 0x39cb,
  0x39cb, 0x39cb, 0x39cb, 0x39cb, 0x39cb, 0x39cb, 0x39ab, 0x39cb, 0x39ab, 0x39ab, 0x39aa, 0x39ab,
  0x31cb, 0x39aa, 0x39aa, 0x39aa, 0x39aa, 0x39aa, 0x31aa, 0x31aa, 0x31aa, 0x31aa, 0x31aa, 0x31aa,
  0x31aa, 0x31aa, 0x31aa, 0x31aa, 0x31aa, 0x31aa, 0x31aa, 0x31aa, 0x31aa, 0x31aa, 0x31aa, 0x31aa,
  0x31aa, 0x318a, 0x318a, 0x3189, 0x3189, 0x3189, 0x3189, 0x3189, 0x3189, 0x3189, 0x3189, 0x3189,
  0x3189, 0x3189, 0x3189, 0x3169, 0x3169, 0x2969, 0x2969, 0x2969, 0x2969, 0x2969, 0x2969, 0x2969,
  0x2969, 0x2968, 0x2968, 0x2968, 0x2968, 0x2968, 0x2948, 0x2968, 0x2948, 0x2948, 0x2948, 0x2948,
  0x2948, 0x2948, 0x2948, 0x2948, 0x2948, 0x2947, 0x2948, 0x2927, 0x2927, 0x2127, 0x18c5, 0x0862,
  0x5acc, 0x10a3, 0x10a3, 0x0862, 0x0862, 0x0862, 0x0862, 0x0862, 0x0862, 0x0862, 0x0862, 0x0862,
  0x0862, 0x1083, 0x0862, 0x1083, 0x1083, 0x1083, 0x1083, 0x1083, 0x1083, 0x1083, 0x1083, 0x1083,
  0x1083, 0x1083, 0x1083, 0x1083, 0x1083, 0x1083, 0x1083, 0x1083, 0x1083, 0x1083, 0x10a3, 0x1083,
  0x10a3, 0x10a3, 0x10a3, 0x10a3, 0x10a3, 0x10a3, 0x10a4, 0x10a4, 0x10a4, 0x10a4, 0x10a4, 0x10a4,
  0x10a4, 0x10a4, 0x10a4, 0x10a4, 0x10a4, 0x10a4, 0x10a4, 0x10a4, 0x10c4, 0x18c4, 0x18c4, 0x18c4,
  0x18c4, 0x18c4, 0x18c4, 0x18c4, 0x18c4, 0x18c4, 0x18c4, 0x18c5, 0x18c5, 0x18c5, 0x18c5, 0x18c5,
  0x18c5, 0x18c5, 0x18c5, 0x18c5, 0x18c5, 0x18c5, 0x18c5, 0x18c5, 0x18e5, 0x18e5, 0x18e5, 0x18e5,
  0x18e5, 0x18e5, 0x18e5, 0x18e5, 0x18e5, 0x18e5, 0x18e5, 0x18e5, 0x18e5, 0x18e5, 0x18e6, 0x18e6,
  0x18e6, 0x18e6, 0x18e6, 0x18e6, 0x18e6, 0x2106, 0x2106, 0x2106, 0x2106, 0x2106, 0x2106, 0x2106,
  0x2106, 0x2106, 0x2106, 0x2106, 0x2106, 0x2106, 0x2106, 0x2106, 0x2106, 0x2106, 0x2106, 0x2106,
  0x2106, 0x2106, 0x2107, 0x2107, 0x2107, 0x2107, 0x2127, 0x2127, 0x2127, 0x2127, 0x2127, 0x2127,
  0x2127, 0x2127, 0x2127, 0x2127, 0x2127, 0x2127, 0x2127, 0x2127, 0x2127, 0x2127, 0x2127, 0x2127,
  0x2127, 0x2127, 0x2127, 0x2127, 0x2127, 0x2127, 0x2127, 0x2127, 0x2127, 0x2127, 0x2127, 0x2127,
  0x2127, 0x2127, 0x2127, 0x2127, 0x2147, 0x2127, 0x2127, 0x2927, 0x2927, 0x2927, 0x2947, 0x2927,
  0x2927, 0x2147, 0x2927, 0x2947, 0x2947, 0x2947, 0x2947, 0x2947, 0x2927, 0x2947, 0x2947, 0x2947,
  0x2947, 0x2947, 0x2947, 0x2947, 0x2927, 0x2947, 0x2927, 0x2947, 0x2927, 0x2147, 0x2127, 0x2947,
  0x2927, 0x2127, 0x2147, 0x2127, 0x2127, 0x2127, 0x2127, 0x2127, 0x2127, 0x2127, 0x2127, 0x2127,
  0x2127, 0x2127, 0x2127, 0x2127, 0x2127, 0x2127, 0x2127, 0x2127, 0x2127, 0x2127, 0x2127, 0x2127,
  0x2127, 0x2127, 0x2127, 0x2127, 0x2127, 0x2127, 0x2127, 0x2127, 0x2127, 0x2127, 0x2127, 0x2107,
  0x2127, 0x2106, 0x2106, 0x2107, 0x2106, 0x2106, 0x2106, 0x2106, 0x2106, 0x2106, 0x2106, 0x2106,
  0x2106, 0x2106, 0x2106, 0x2106, 0x2106, 0x2106, 0x2106, 0x2106, 0x2106, 0x2106, 0x18e6, 0x18e6,
  0x18e6, 0x18e6, 0x18e6, 0x18e6, 0x18e6, 0x18e5, 0x18e5, 0x18e5, 0x18e5, 0x18e5, 0x18e5, 0x18e5,
  0x18e5, 0x18e5, 0x18e5, 0x18e5, 0x18e5, 0x18e5, 0x6b4e, 0x2927, 0x2127, 0x18c5,
};

// SKIN_PLEDIT_TITLE_INACTIVE: 275x20, 11000 bytes RGB565 LE
const uint16_t SKIN_PLEDIT_TITLE_INACTIVE[5500] = {
  0x18e5, 0x18e5, 0x18e5, 0x18e5, 0x18e5, 0x18e5, 0x18e6, 0x18e6, 0x20e6, 0x2106, 0x2106, 0x2106,
  0x2106, 0x2106, 0x2107, 0x2127, 0x2127, 0x2127, 0x2127, 0x2127, 0x2927, 0x2947, 0x2948, 0x2948,
  0x2948, 0x2948, 0x2948, 0x2948, 0x2948, 0x2948, 0x2948, 0x2948, 0x2948, 0x2948, 0x2948, 0x2948,
  0x2948, 0x2948, 0x2948, 0x2948, 0x2948, 0x2948, 0x2948, 0x2948, 0x2948, 0x2948, 0x2948, 0x2948,
  0x2948, 0x2948, 0x2948, 0x2948, 0x2948, 0x2948, 0x2948, 0x2948, 0x2948, 0x2948, 0x2948, 0x2948,
  0x2948, 0x2948, 0x2948, 0x2948, 0x2948, 0x2948, 0x2948, 0x2948, 0x2948, 0x2948, 0x2948, 0x2948,
  0x2948, 0x2948, 0x2948, 0x2948, 0x2948, 0x2948, 0x2948, 0x2948, 0x2948, 0x2948, 0x2948, 0x2948,
  0x2948, 0x2948, 0x2948, 0x2948, 0x2948, 0x2948, 0x2948, 0x2948, 0x2948, 0x2948, 0x2948, 0x2948,
  0x2948, 0x2948, 0x2948, 0x2948, 0x2948, 0x2948, 0x2948, 0x2948, 0x2948, 0x2948, 0x2948, 0x2948,
  0x2948, 0x2948, 0x2948, 0x2948, 0x2948, 0x2948, 0x2948, 0x2948, 0x2948, 0x2948, 0x2948, 0x2948,
  0x2948, 0x2948, 0x2948, 0x2948, 0x2948, 0x2948, 0x2948, 0x2948, 0x2948, 0x2948, 0x2948, 0x2948,
  0x2948, 0x2948, 0x2948, 0x2948, 0x2948, 0x2948, 0x2948, 0x2948, 0x2948, 0x2948, 0x2948, 0x2948,
  0x2948, 0x2948, 0x2948, 0x2948, 0x2948, 0x2948, 0x2948, 0x2948, 0x2948, 0x2948, 0x2948, 0x2948,
  0x2948, 0x2948, 0x2948, 0x2948, 0x2948, 0x2948, 0x2948, 0x2948, 0x2948, 0x2948, 0x2948, 0x2948,
  0x2948, 0x2948, 0x2948, 0x2948, 0x2948, 0x2948, 0x2948, 0x2948, 0x2948, 0x2948, 0x2948, 0x2948,
  0x2948, 0x2948, 0x2948, 0x2948, 0x2948, 0x2948, 0x2948, 0x2948, 0x2948, 0x2948, 0x2948, 0x2948,
  0x2948, 0x2948, 0x2948, 0x2948, 0x2948, 0x2948, 0x2948, 0x2948, 0x2948, 0x2948, 0x2948, 0x2948,
  0x2948, 0x2948, 0x2948, 0x2948, 0x2948, 0x2948, 0x2948, 0x2948, 0x2948, 0x2948, 0x2948, 0x2948,
  0x2948, 0x2948, 0x2948, 0x2948, 0x2948, 0x2948, 0x2948, 0x2948, 0x2948, 0x2948, 0x2948, 0x2948,
  0x2948, 0x2948, 0x2948, 0x2948, 0x2948, 0x2948, 0x2948, 0x2948, 0x2948, 0x2948, 0x2948, 0x2948,
  0x2948, 0x2948, 0x2948, 0x2948, 0x2948, 0x2948, 0x2948, 0x2948, 0x2948, 0x2948, 0x2948, 0x2948,
  0x2948, 0x2948, 0x2948, 0x2947, 0x2127, 0x2127, 0x2127, 0x2127, 0x2127, 0x2107, 0x2106, 0x2106,
  0x2106, 0x2106, 0x20e6, 0x20e6, 0x18e6, 0x18e6, 0x18e5, 0x18e5, 0x18e5, 0x18e5, 0x18e5, 0x18e5,
  0x6b4f, 0x6b4f, 0x6b4f, 0x6b4f, 0x6b4f, 0x6b6f, 0x6b6f, 0x6b6f, 0x6b6f, 0x6b70, 0x6b70, 0x7370,
  0x7370, 0x7390, 0x7390, 0x7391, 0x7391, 0x7391, 0x73b1, 0x73b1, 0x73b1, 0x7bb1, 0x7bb1, 0x7bb2,
  0x7bb2, 0x7bb2, 0x7bb2, 0x7bb2, 0x7bb2, 0x7bb2, 0x7bb2, 0x7bb2, 0x7bb2, 0x7bb2, 0x7bb2, 0x7bb2,
  0x7bb2, 0x7bb2, 0x7bb2, 0x7bb2, 0x7bb2, 0x7bb2, 0x7bb2, 0x7bb2, 0x7bb2, 0x7bb2, 0x7bb2, 0x7bb2,
  0x7bb2, 0x7bb2, 0x7bb2, 0x7bb2, 0x7bb2, 0x7bb2, 0x7bb2, 0x7bb2, 0x7bb2, 0x7bb2, 0x7bb2, 0x7bb2,
  0x7bb2, 0x7bb2, 0x7bb2, 0x7bb2, 0x7bb2, 0x7bb2, 0x7bb2, 0x7bb2, 0x7bb2, 0x7bb2, 0x7bb2, 0x7bb2,
  0x7bb2, 0x7bb2, 0x7bb2, 0x7bb2, 0x7bb2, 0x7bb2, 0x7bb2, 0x7bb2, 0x7bb2, 0x7bb2, 0x7bb2, 0x7bb2,
  0x7bb2, 0x7bb2, 0x7bb2, 0x7bb2, 0x7bb2, 0x7bb2, 0x7bb2, 0x7bb2, 0x7bb2, 0x7bb2, 0x7bb2, 0x7bb2,
  0x7bb2, 0x7bb2, 0x7bb2, 0x7bb2, 0x7bb2, 0x7bb2, 0x7bb2, 0x7bb2, 0x7bb2, 0x7bb2, 0x7bb2, 0x7bb2,
  0x7bb2, 0x7bb2, 0x7bb2, 0x7bb2, 0x7bb2, 0x7bb2, 0x7bb2, 0x7bb2, 0x7bb2, 0x7bb2, 0x7bb2, 0x7bb2,
  0x7bb2, 0x7bb2, 0x7bb2, 0x7bb2, 0x7bb2, 0x7bb2, 0x7bb2, 0x7bb2, 0x7bb2, 0x7bb2, 0x7bb2, 0x7bb2,
  0x7bb2, 0x7bb2, 0x7bb2, 0x7bb2, 0x7bb2, 0x7bb2, 0x7bb2, 0x7bb2, 0x7bb2, 0x7bb2, 0x7bb2, 0x7bb2,
  0x7bb2, 0x7bb2, 0x7bb2, 0x7bb2, 0x7bb2, 0x7bb2, 0x7bb2, 0x7bb2, 0x7bb2, 0x7bb2, 0x7bb2, 0x7bb2,
  0x7bb2, 0x7bb2, 0x7bb2, 0x7bb2, 0x7bb2, 0x7bb2, 0x7bb2, 0x7bb2, 0x7bb2, 0x7bb2, 0x7bb2, 0x7bb2,
  0x7bb2, 0x7bb2, 0x7bb2, 0x7bb2, 0x7bb2, 0x7bb2, 0x7bb2, 0x7bb2, 0x7bb2, 0x7bb2, 0x7bb2, 0x7bb2,
  0x7bb2, 0x7bb2, 0x7bb2, 0x7bb2, 0x7bb2, 0x7bb2, 0x7bb2, 0x7bb2, 0x7bb2, 0x7bb2, 0x7bb2, 0x7bb2,
  0x7bb2, 0x7bb2, 0x7bb2, 0x7bb2, 0x7bb2, 0x7bb2, 0x7bb2, 0x7bb2, 0x7bb2, 0x7bb2, 0x7bb2, 0x7bb2,
  0x7bb2, 0x7bb2, 0x7bb2, 0x7bb2, 0x7bb2, 0x7bb2, 0x7bb2, 0x7bb2, 0x7bb2, 0x7bb2, 0x7bb2, 0x7bb2,
  0x7bb2, 0x7bb2, 0x7bb2, 0x7bb2, 0x7bb2, 0x7bb2, 0x7bb2, 0x7bb2, 0x7bb2, 0x7bb2, 0x7bb2, 0x7bb2,
  0x7bb2, 0x7bb2, 0x7bb2, 0x7bb2, 0x7bb2, 0x7bb2, 0x7bb2, 0x7bb2, 0x7bb2, 0x7bb2, 0x7bb2, 0x7bb2,
  0x7bb2, 0x7bb2, 0x7bb2, 0x7bb2, 0x7bb2, 0x7bb2, 0x7bb2, 0x7bb2, 0x7bb2, 0x7bb2, 0x7bb2, 0x7bb1,
  0x73b1, 0x73b1, 0x73b1, 0x73b1, 0x7391, 0x7391, 0x7391, 0x7390, 0x7390, 0x7370, 0x7370, 0x6b70,
  0x6b70, 0x6b70, 0x6b6f, 0x6b6f, 0x6b6f, 0x6b4f, 0x6b4f, 0x6b4f, 0x6b4f, 0x18e5, 0x18e5, 0x6b4f,
  0x2948, 0x2948, 0x2948, 0x2968, 0x2948, 0x2968, 0x2968, 0x2969, 0x2969, 0x3189, 0x3189, 0x3189,
  0x318a, 0x31aa, 0x31aa, 0x31aa, 0x39aa, 0x39cb, 0x39cb, 0x39cb, 0x39cb, 0x39cb, 0x39eb, 0x39ec,
  0x39ec, 0x39ec, 0x39ec, 0x39ec, 0x39ec, 0x39ec, 0x39ec, 0x39ec, 0x39ec, 0x39ec, 0x39ec, 0x39ec,
  0x39ec, 0x39ec, 0x39ec, 0x39ec, 0x39ec, 0x39ec, 0x39ec, 0x39ec, 0x39ec, 0x39ec, 0x39ec, 0x39ec,
  0x39ec, 0x39ec, 0x39ec, 0x39ec, 0x39ec, 0x39ec, 0x39ec, 0x39ec, 0x39ec, 0x39ec, 0x39ec, 0x39ec,
  0x39ec, 0x39ec, 0x39ec, 0x39ec, 0x39ec, 0x39ec, 0x39ec, 0x39ec, 0x39ec, 0x39ec, 0x39ec, 0x39ec,
  0x39ec, 0x39ec, 0x39ec, 0x39ec, 0x39ec, 0x39ec, 0x39ec, 0x39ec, 0x39ec, 0x39ec, 0x39ec, 0x39ec,
  0x39ec, 0x39ec, 0x39ec, 0x39ec, 0x39ec, 0x39ec, 0x39ec, 0x39ec, 0x39ec, 0x39ec, 0x39ec, 0x39ec,
  0x39ec, 0x39ec, 0x39ec, 0x39ec, 0x39ec, 0x39ec, 0x39ec, 0x39ec, 0x39ec, 0x39ec, 0x39ec, 0x39ec,
  0x39ec, 0x39ec, 0x39ec, 0x39ec, 0x39ec, 0x39ec, 0x39ec, 0x39ec, 0x39ec, 0x39ec, 0x39ec, 0x39ec,
  0x39ec, 0x39ec, 0x39ec, 0x39ec, 0x39ec, 0x39ec, 0x39ec, 0x39ec, 0x39ec, 0x39ec, 0x39ec, 0x39ec,
  0x39ec, 0x39ec, 0x39ec, 0x39ec, 0x39ec, 0x39ec, 0x39ec, 0x39ec, 0x39ec, 0x39ec, 0x39ec, 0x39ec,
  0x39ec, 0x39ec, 0x39ec, 0x39ec, 0x39ec, 0x39ec, 0x39ec, 0x39ec, 0x39ec, 0x39ec, 0x39ec, 0x39ec,
  0x39ec, 0x39ec, 0x39ec, 0x39ec, 0x39ec, 0x39ec, 0x39ec, 0x39ec, 0x39ec, 0x39ec, 0x39ec, 0x39ec,
  0x39ec, 0x39ec, 0x39ec, 0x39ec, 0x39ec, 0x39ec, 0x39ec, 0x39ec, 0x39ec, 0x39ec, 0x39ec, 0x39ec,
  0x39ec, 0x39ec, 0x39ec, 0x39ec, 0x39ec, 0x39ec, 0x39ec, 0x39ec, 0x39ec, 0x39ec, 0x39ec, 0x39ec,
  0x39ec, 0x39ec, 0x39ec, 0x39ec, 0x39ec, 0x39ec, 0x39ec, 0x39ec, 0x39ec, 0x39ec, 0x39ec, 0x39ec,
  0x39ec, 0x39ec, 0x39ec, 0x39ec, 0x39ec, 0x39ec, 0x39ec, 0x39ec, 0x39ec, 0x39ec, 0x39ec, 0x39ec,
  0x39ec, 0x39ec, 0x39ec, 0x39ec, 0x39ec, 0x39ec, 0x39ec, 0x39ec, 0x39ec, 0x39ec, 0x39ec, 0x39ec,
  0x39ec, 0x39ec, 0x39ec, 0x39ec, 0x39ec, 0x39ec, 0x39ec, 0x39ec, 0x39ec, 0x39ec, 0x39ec, 0x39ec,
  0x39ec, 0x39ec, 0x39ec, 0x39ec, 0x39ec, 0x39ec, 0x39ec, 0x39ec, 0x39ec, 0x39eb, 0x39cb, 0x39cb,
  0x39cb, 0x39cb, 0x39cb, 0x39aa, 0x31aa, 0x31aa, 0x31aa, 0x318a, 0x3189, 0x3189, 0x3189, 0x2969,
  0x2969, 0x2968, 0x2968, 0x2948, 0x2948, 0x2948, 0x2948, 0x2948, 0x18e5, 0x18e5, 0x6b4f, 0x2948,
  0x2948, 0x2948, 0x2948, 0x2968, 0x2968, 0x2968, 0x2969, 0x2969, 0x3189, 0x3189, 0x3189, 0x318a,
  0x31aa, 0x31aa, 0x31aa, 0x39aa, 0x39cb, 0x39cb, 0x39cb, 0x39cb, 0x39cb, 0x39eb, 0x39ec, 0x39ec,
  0x39ec, 0x39ec, 0x39ec, 0x39ec, 0x39ec, 0x39ec, 0x39ec, 0x39ec, 0x39ec, 0x39ec, 0x39ec, 0x39ec,
  0x39ec, 0x39ec, 0x39ec, 0x39ec, 0x39ec, 0x39ec, 0x39ec, 0x39ec, 0x39ec, 0x39ec, 0x39ec, 0x39ec,
  0x39ec, 0x39ec, 0x39ec, 0x39ec, 0x39ec, 0x39ec, 0x39ec, 0x39ec, 0x39ec, 0x39ec, 0x39ec, 0x39ec,
  0x39ec, 0x39ec, 0x39ec, 0x39ec, 0x39ec, 0x39ec, 0x39ec, 0x39ec, 0x39ec, 0x39ec, 0x39ec, 0x39ec,
  0x39ec, 0x39ec, 0x39ec, 0x39ec, 0x39ec, 0x39ec, 0x39ec, 0x39ec, 0x39ec, 0x39ec, 0x39ec, 0x39ec,
  0x39ec, 0x39ec, 0x39ec, 0x39ec, 0x39ec, 0x39ec, 0x39ec, 0x39ec, 0x39ec, 0x39ec, 0x39ec, 0x39ec,
  0x39ec, 0x39ec, 0x39ec, 0x39ec, 0x39ec, 0x39ec, 0x39ec, 0x39ec, 0x39ec, 0x39ec, 0x39ec, 0x39ec,
  0x39ec, 0x39ec, 0x39ec, 0x39ec, 0x39ec, 0x39ec, 0x39ec, 0x39ec, 0x39ec, 0x39ec, 0x39ec, 0x39ec,
  0x39ec, 0x39ec, 0x39ec, 0x39ec, 0x39ec, 0x39ec, 0x39ec, 0x39ec, 0x39ec, 0x39ec, 0x39ec, 0x39ec,
  0x39ec, 0x39ec, 0x39ec, 0x39ec, 0x39ec, 0x39ec, 0x39ec, 0x39ec, 0x39ec, 0x39ec, 0x39ec, 0x39ec,
  0x39ec, 0x39ec, 0x39ec, 0x39ec, 0x39ec, 0x39ec, 0x39ec, 0x39ec, 0x39ec, 0x39ec, 0x39ec, 0x39ec,
  0x39ec, 0x39ec, 0x39ec, 0x39ec, 0x39ec, 0x39ec, 0x39ec, 0x39ec, 0x39ec, 0x39ec, 0x39ec, 0x39ec,
  0x39ec, 0x39ec, 0x39ec, 0x39ec, 0x39ec, 0x39ec, 0x39ec, 0x39ec, 0x39ec, 0x39ec, 0x39ec, 0x39ec,
  0x39ec, 0x39ec, 0x39ec, 0x39ec, 0x39ec, 0x39ec, 0x39ec, 0x39ec, 0x39ec, 0x39ec, 0x39ec, 0x39ec,
  0x39ec, 0x39ec, 0x39ec, 0x39ec, 0x39ec, 0x39ec, 0x39ec, 0x39ec, 0x39ec, 0x39ec, 0x39ec, 0x39ec,
  0x39ec, 0x39ec, 0x39ec, 0x39ec, 0x39ec, 0x39ec, 0x39ec, 0x39ec, 0x39ec, 0x39ec, 0x39ec, 0x39ec,
  0x39ec, 0x39ec, 0x39ec, 0x39ec, 0x39ec, 0x39ec, 0x39ec, 0x39ec, 0x39ec, 0x39ec, 0x39ec, 0x39ec,
  0x39ec, 0x39ec, 0x39ec, 0x39ec, 0x39ec, 0x39ec, 0x39ec, 0x39ec, 0x39ec, 0x39ec, 0x39ec, 0x39ec,
  0x39ec, 0x39ec, 0x39ec, 0x39ec, 0x39ec, 0x39ec, 0x39ec, 0x39ec, 0x39eb, 0x39cb, 0x39cb, 0x39cb,
  0x39cb, 0x39ca, 0x39aa, 0x31aa, 0x31aa, 0x31aa, 0x318a, 0x3189, 0x3189, 0x3189, 0x3189, 0x2969,
  0x2968, 0x2968, 0x2948, 0x2948, 0x2948, 0x2948, 0x2948, 0x18e5, 0x18e5, 0x6b4f, 0x2948, 0x2948,
  0x2948, 0x2948, 0x2968, 0x18e4, 0x18e4, 0x18e4, 0x18e4, 0x18e4, 0x18e4, 0x18e4, 0x18e4, 0x18e4,
  0x18e4, 0x18e4, 0x18e4, 0x18e4, 0x18e4, 0x18e4, 0x18e4, 0x18e4, 0x18e4, 0x18e4, 0x18e4, 0x18e4,
  0x18e4, 0x18e4, 0x18e4, 0x18e4, 0x18e4, 0x18e4, 0x18e4, 0x18e4, 0x18e4, 0x18e4, 0x18e4, 0x18e4,
  0x18e4, 0x18e4, 0x18e4, 0x18e4, 0x18e4, 0x18e4, 0x18e4, 0x18e4, 0x18e4, 0x18e4, 0x18e4, 0x18e4,
  0x18e4, 0x18e4, 0x18e4, 0x18e4, 0x18e4, 0x18e4, 0x18e4, 0x18e4, 0x18e4, 0x18e4, 0x18e4, 0x18e4,
  0x18e4, 0x18e4, 0x18e4, 0x18e4, 0x18e4, 0x18e4, 0x18e4, 0x18e4, 0x18e4, 0x18e4, 0x18e4, 0x18e4,
  0x18e4, 0x18e4, 0x18e4, 0x18e4, 0x18e4, 0x18e4, 0x18e4, 0x18e4, 0x18e4, 0x18e4, 0x18e4, 0x18e4,
  0x18e4, 0x18e4, 0x18e4, 0x18e4, 0x18e4, 0x18e4, 0x18e4, 0x18e4, 0x18e4, 0x18e4, 0x18e4, 0x18e4,
  0x18e4, 0x18e4, 0x18e4, 0x18e4, 0x18e4, 0x18e4, 0x18e4, 0x18e4, 0x18e4, 0x18e4, 0x18e4, 0x18e4,
  0x18e4, 0x18e4, 0x18e4, 0x18e4, 0x18e4, 0x18e4, 0x18e4, 0x18e4, 0x18e4, 0x18e4, 0x18e4, 0x18e4,
  0x18e4, 0x18e4, 0x18e4, 0x18e4, 0x18e4, 0x18e4, 0x18e4, 0x18e4, 0x18e4, 0x18e4, 0x18e4, 0x18e4,
  0x18e4, 0x18e4, 0x18e4, 0x18e4, 0x18e4, 0x18e4, 0x18e4, 0x18e4, 0x18e4, 0x18e4, 0x18e4, 0x18e4,
  0x18e4, 0x18e4, 0x18e4, 0x18e4, 0x18e4, 0x18e4, 0x18e4, 0x18e4, 0x18e4, 0x18e4, 0x18e4, 0x18e4,
  0x18e4, 0x18e4, 0x18e4, 0x18e4, 0x18e4, 0x18e4, 0x18e4, 0x18e4, 0x18e4, 0x18e4, 0x18e4, 0x18e4,
  0x18e4, 0x18e4, 0x18e4, 0x18e4, 0x18e4, 0x18e4, 0x18e4, 0x18e4, 0x18e4, 0x18e4, 0x18e4, 0x18e4,
  0x18e4, 0x18e4, 0x18e4, 0x18e4, 0x18e4, 0x18e4, 0x18e4, 0x18e4, 0x18e4, 0x18e4, 0x18e4, 0x18e4,
  0x18e4, 0x18e4, 0x18e4, 0x18e4, 0x18e4, 0x18e4, 0x18e4, 0x18e4, 0x18e4, 0x18e4, 0x18e4, 0x18e4,
  0x18e4, 0x18e4, 0x18e4, 0x18e4, 0x18e4, 0x18e4, 0x18e4, 0x18e4, 0x18e4, 0x18e4, 0x18e4, 0x18e4,
  0x18e4, 0x18e4, 0x18e4, 0x18e4, 0x18e4, 0x18e4, 0x18e4, 0x18e4, 0x18e4, 0x18e4, 0x18e4, 0x18e4,
  0x18e4, 0x18e4, 0x18e4, 0x18e4, 0x18e4, 0x18e4, 0x18e4, 0x18e4, 0x18e4, 0x18e4, 0x18e4, 0x18e4,
  0x18e4, 0x18e4, 0x18e4, 0x18e4, 0x18e4, 0x18e4, 0x18e4, 0x18e4, 0x39cb, 0x39cb, 0x39cb, 0x39cb,
  0x7493, 0x7c31, 0x7493, 0x7c31, 0x7493, 0x318a, 0x3189, 0x3189, 0x3189, 0x62e8, 0x3162, 0x0861,
  0x0861, 0x0861, 0x3162, 0x62e8, 0x2948, 0x2948, 0x18e5, 0x18e5, 0x6b4f, 0x2948, 0x2948, 0x2948,
  0x2948, 0x18e4, 0x62e8, 0x83a9, 0x83a9, 0x83a9, 0x83a9, 0x83a9, 0x83a9, 0x83a9, 0x83a9, 0x83a9,
  0x83a9, 0x83a9, 0x83a9, 0x83a9, 0x83a9, 0x83a9, 0x83a9, 0x83a9, 0x83a9, 0x83a9, 0x83a9, 0x83a9,
  0x83a9, 0x83a9, 0x83a9, 0x83a9, 0x83a9, 0x83a9, 0x83a9, 0x83a9, 0x83a9, 0x83a9, 0x83a9, 0x83a9,
  0x83a9, 0x83a9, 0x83a9, 0x83a9, 0x83a9, 0x83a9, 0x83a9, 0x83a9, 0x83a9, 0x83a9, 0x83a9, 0x83a9,
  0x83a9, 0x83a9, 0x83a9, 0x83a9, 0x83a9, 0x83a9, 0x83a9, 0x83a9, 0x83a9, 0x83a9, 0x83a9, 0x83a9,
  0x83a9, 0x83a9, 0x83a9, 0x83a9, 0x83a9, 0x83a9, 0x83a9, 0x83a9, 0x83a9, 0x83a9, 0x83a9, 0x83a9,
  0x83a9, 0x83a9, 0x83a9, 0x83a9, 0x83a9, 0x83a9, 0x83a9, 0x83a9, 0x83a9, 0x83a9, 0x83a9, 0x83a9,
  0x83a9, 0x83a9, 0x83a9, 0x83a9, 0x83a9, 0x83a9, 0x83a9, 0x83a9, 0x83a9, 0x83a9, 0x83a9, 0x83a9,
  0x83a9, 0x83a9, 0x83a9, 0x83a9, 0x83a9, 0x83a9, 0x83a9, 0x83a9, 0x83a9, 0x83a9, 0x83a9, 0x83a9,
  0x83a9, 0x83a9, 0x83a9, 0x83a9, 0x83a9, 0x83a9, 0x83a9, 0x83a9, 0x83a9, 0x83a9, 0x83a9, 0x83a9,
  0x83a9, 0x83a9, 0x83a9, 0x83a9, 0x83a9, 0x83a9, 0x83a9, 0x83a9, 0x83a9, 0x83a9, 0x83a9, 0x83a9,
  0x83a9, 0x83a9, 0x83a9, 0x83a9, 0x83a9, 0x83a9, 0x83a9, 0x83a9, 0x83a9, 0x83a9, 0x83a9, 0x83a9,
  0x83a9, 0x83a9, 0x83a9, 0x83a9, 0x83a9, 0x83a9, 0x83a9, 0x83a9, 0x83a9, 0x83a9, 0x83a9, 0x83a9,
  0x83a9, 0x83a9, 0x83a9, 0x83a9, 0x83a9, 0x83a9, 0x83a9, 0x83a9, 0x83a9, 0x83a9, 0x83a9, 0x83a9,
  0x83a9, 0x83a9, 0x83a9, 0x83a9, 0x83a9, 0x83a9, 0x83a9, 0x83a9, 0x83a9, 0x83a9, 0x83a9, 0x83a9,
  0x83a9, 0x83a9, 0x83a9, 0x83a9, 0x83a9, 0x83a9, 0x83a9, 0x83a9, 0x83a9, 0x83a9, 0x83a9, 0x83a9,
  0x83a9, 0x83a9, 0x83a9, 0x83a9, 0x83a9, 0x83a9, 0x83a9, 0x83a9, 0x83a9, 0x83a9, 0x83a9, 0x83a9,
  0x83a9, 0x83a9, 0x83a9, 0x83a9, 0x83a9, 0x83a9, 0x83a9, 0x83a9, 0x83a9, 0x83a9, 0x83a9, 0x83a9,
  0x83a9, 0x83a9, 0x83a9, 0x83a9, 0x83a9, 0x83a9, 0x83a9, 0x83a9, 0x83a9, 0x83a9, 0x83a9, 0x83a9,
  0x83a9, 0x83a9, 0x83a9, 0x83a9, 0x83a9, 0x83a9, 0x83a9, 0x83a9, 0x83a9, 0x83a9, 0x83a9, 0x83a9,
  0x83a9, 0x83a9, 0x83a9, 0x83a9, 0x83a9, 0x83a9, 0x62e8, 0x18e4, 0x39cb, 0x39cb, 0x7493, 0x8c73,
  0x8c73, 0x8c73, 0x8c73, 0x8c73, 0x7c31, 0x3189, 0x3189, 0x3189, 0x5aa7, 0x7265, 0x3162, 0x3162,
  0x3162, 0x7265, 0x3162, 0x2948, 0x2948, 0x18e5, 0x18e5, 0x6b4f, 0x2948, 0x2948, 0x2948, 0x2948,
  0x18e4, 0x8c92, 0x8c92, 0x8c92, 0x8c92, 0x8c92, 0x8c92, 0x8c92, 0x8c92, 0x8c92, 0x8c92, 0x8c92,
  0x8c92, 0x8c92, 0x8c92, 0x8c92, 0x8c92, 0x8c92, 0x8c92, 0x8c92, 0x8c92, 0x8c92, 0x8c92, 0x8c92,
  0x8c92, 0x8c92, 0x8c92, 0x8c92, 0x8c92, 0x8c92, 0x8c92, 0x8c92, 0x8c92, 0x8c92, 0x8c92, 0x8c92,
  0x8c92, 0x8c92, 0x8c92, 0x8c92, 0x8c92, 0x8c92, 0x8c92, 0x8c92, 0x8c92, 0x8c92, 0x8c92, 0x8c92,
  0x8c92, 0x8c92, 0x8c92, 0x8c92, 0x8c92, 0x8c92, 0x8c92, 0x8c92, 0x8c92, 0x8c92, 0x8c92, 0x8c92,
  0x8c92, 0x8c92, 0x8c92, 0x8c92, 0x8c92, 0x8c92, 0x8c92, 0x8c92, 0x8c92, 0x8c92, 0x8c92, 0x8c92,
  0x8c92, 0x8c92, 0x8c92, 0x8c92, 0x8c92, 0x8c92, 0x8c92, 0x8c92, 0x8c92, 0x8c92, 0x8c92, 0x8c92,
  0x8c92, 0x8c92, 0x8c92, 0x8c92, 0x8c92, 0x8c92, 0x8c92, 0x8c92, 0x8c92, 0x8c92, 0x8c92, 0x8c92,
  0x8c92, 0x8c92, 0x8c92, 0x8c92, 0x8c92, 0x8c92, 0x8c92, 0x8c92, 0x8c92, 0x8c92, 0x8c92, 0x8c92,
  0x8c92, 0x8c92, 0x8c92, 0x8c92, 0x8c92, 0x8c92, 0x8c92, 0x8c92, 0x8c92, 0x8c92, 0x8c92, 0x8c92,
  0x8c92, 0x8c92, 0x8c92, 0x8c92, 0x8c92, 0x8c92, 0x8c92, 0x8c92, 0x8c92, 0x8c92, 0x8c92, 0x8c92,
  0x8c92, 0x8c92, 0x8c92, 0x8c92, 0x8c92, 0x8c92, 0x8c92, 0x8c92, 0x8c92, 0x8c92, 0x8c92, 0x8c92,
  0x8c92, 0x8c92, 0x8c92, 0x8c92, 0x8c92, 0x8c92, 0x8c92, 0x8c92, 0x8c92, 0x8c92, 0x8c92, 0x8c92,
  0x8c92, 0x8c92, 0x8c92, 0x8c92, 0x8c92, 0x8c92, 0x8c92, 0x8c92, 0x8c92, 0x8c92, 0x8c92, 0x8c92,
  0x8c92, 0x8c92, 0x8c92, 0x8c92, 0x8c92, 0x8c92, 0x8c92, 0x8c92, 0x8c92, 0x8c92, 0x8c92, 0x8c92,
  0x8c92, 0x8c92, 0x8c92, 0x8c92, 0x8c92, 0x8c92, 0x8c92, 0x8c92, 0x8c92, 0x8c92, 0x8c92, 0x8c92,
  0x8c92, 0x8c92, 0x8c92, 0x8c92, 0x8c92, 0x8c92, 0x8c92, 0x8c92, 0x8c92, 0x8c92, 0x8c92, 0x8c92,
  0x8c92, 0x8c92, 0x8c92, 0x8c92, 0x8c92, 0x8c92, 0x8c92, 0x8c92, 0x8c92, 0x8c92, 0x8c92, 0x8c92,
  0x8c92, 0x8c92, 0x8c92, 0x8c92, 0x8c92, 0x8c92, 0x8c92, 0x8c92, 0x8c92, 0x8c92, 0x8c92, 0x8c92,
  0x8c92, 0x8c92, 0x8c92, 0x8c92, 0x8c92, 0x8c92, 0x8c92, 0x8c92, 0x8c92, 0x8c92, 0x8c92, 0x8c92,
  0x8c92, 0x8c92, 0x8c92, 0x8c92, 0x8c92, 0x8c92, 0x18e4, 0x39cb, 0x39cb, 0x3162, 0x3162, 0x3162,
  0x3162, 0x3162, 0x3162, 0x3162, 0x3189, 0x3189, 0x3189, 0x0861, 0x4a26, 0x7265, 0x51e3, 0x7265,
  0x3162, 0x0861, 0x2948, 0x2948, 0x18e5, 0x18e5, 0x6b4f, 0x2948, 0x2948, 0x2948, 0x2948, 0x18e4,
  0x3185, 0x3185, 0x3185, 0x3185, 0x3185, 0x3185, 0x3185, 0x3185, 0x3185, 0x3185, 0x3185, 0x3185,
  0x3185, 0x3185, 0x3185, 0x3185, 0x3185, 0x3185, 0x3185, 0x3185, 0x3185, 0x3185, 0x3185, 0x3185,
  0x3185, 0x3185, 0x3185, 0x3185, 0x3185, 0x3185, 0x3185, 0x3185, 0x3185, 0x3185, 0x3185, 0x3185,
  0x3185, 0x3185, 0x3185, 0x3185, 0x3185, 0x3185, 0x3185, 0x3185, 0x3185, 0x3185, 0x3185, 0x3185,
  0x3185, 0x3185, 0x3185, 0x3185, 0x3185, 0x3185, 0x3185, 0x3185, 0x3185, 0x3185, 0x3185, 0x3185,
  0x3185, 0x3185, 0x3185, 0x3185, 0x3185, 0x3185, 0x3185, 0x3185, 0x3185, 0x3185, 0x3185, 0x3185,
  0x3185, 0x3185, 0x3185, 0x3185, 0x3185, 0x3185, 0x3185, 0x3185, 0x3185, 0x3185, 0x3185, 0x3185,
  0x3185, 0x3185, 0x3185, 0x3185, 0x3185, 0x3185, 0x3185, 0x3185, 0x3185, 0x3185, 0x3185, 0x3185,
  0x3185, 0x3185, 0x3185, 0x3185, 0x3185, 0x3185, 0x3185, 0x3185, 0x3185, 0x3185, 0x3185, 0x3185,
  0x3185, 0x3185, 0x3185, 0x3185, 0x3185, 0x3185, 0x3185, 0x3185, 0x3185, 0x3185, 0x3185, 0x3185,
  0x3185, 0x3185, 0x3185, 0x3185, 0x3185, 0x3185, 0x3185, 0x3185, 0x3185, 0x3185, 0x3185, 0x3185,
  0x3185, 0x3185, 0x3185, 0x3185, 0x3185, 0x3185, 0x3185, 0x3185, 0x3185, 0x3185, 0x3185, 0x3185,
  0x3185, 0x3185, 0x3185, 0x3185, 0x3185, 0x3185, 0x3185, 0x3185, 0x3185, 0x3185, 0x3185, 0x3185,
  0x3185, 0x3185, 0x3185, 0x3185, 0x3185, 0x3185, 0x3185, 0x3185, 0x3185, 0x3185, 0x3185, 0x3185,
  0x3185, 0x3185, 0x3185, 0x3185, 0x3185, 0x3185, 0x3185, 0x3185, 0x3185, 0x3185, 0x3185, 0x3185,
  0x3185, 0x3185, 0x3185, 0x3185, 0x3185, 0x3185, 0x3185, 0x3185, 0x3185, 0x3185, 0x3185, 0x3185,
  0x3185, 0x3185, 0x3185, 0x3185, 0x3185, 0x3185, 0x3185, 0x3185, 0x3185, 0x3185, 0x3185, 0x3185,
  0x3185, 0x3185, 0x3185, 0x3185, 0x3185, 0x3185, 0x3185, 0x3185, 0x3185, 0x3185, 0x3185, 0x3185,
  0x3185, 0x3185, 0x3185, 0x3185, 0x3185, 0x3185, 0x3185, 0x3185, 0x3185, 0x3185, 0x3185, 0x3185,
  0x3185, 0x3185, 0x3185, 0x3185, 0x3185, 0x3185, 0x3185, 0x3185, 0x3185, 0x3185, 0x3185, 0x3185,
  0x3185, 0x3185, 0x3185, 0x2984, 0x2984, 0x18e4, 0x39cb, 0x39cb, 0x3162, 0x3162, 0x3162, 0x3162,
  0x3162, 0x3162, 0x3162, 0x3189, 0x3189, 0x3189, 0x0861, 0x4203, 0x51e3, 0x7265, 0x51e3, 0x3162,
  0x0861, 0x2948, 0x2948, 0x18e5, 0x18e5, 0x6b4f, 0x2948, 0x2948, 0x2948, 0x2948, 0x18e4, 0x62e8,
  0x62e8, 0x62e8, 0x62e8, 0x62e8, 0x62e8, 0x62e8, 0x62e8, 0x62e8, 0x62e8, 0x62e8, 0x62e8, 0x62e8,
  0x62e8, 0x62e8, 0x62e8, 0x62e8, 0x62e8, 0x62e8, 0x62e8, 0x62e8, 0x62e8, 0x62e8, 0x62e8, 0x62e8,
  0x62e8, 0x62e8, 0x62e8, 0x62e8, 0x62e8, 0x62e8, 0x62e8, 0x62e8, 0x62e8, 0x62e8, 0x62e8, 0x62e8,
  0x62e8, 0x62e8, 0x62e8, 0x62e8, 0x62e8, 0x62e8, 0x62e8, 0x62e8, 0x62e8, 0x62e8, 0x62e8, 0x62e8,
  0x62e8, 0x62e8, 0x62e8, 0x62e8, 0x62e8, 0x62e8, 0x62e8, 0x62e8, 0x62e8, 0x62e8, 0x62e8, 0x62e8,
  0x62e8, 0x62e8, 0x62e8, 0x62e8, 0x62e8, 0x62e8, 0x62e8, 0x62e8, 0x62e8, 0x62e8, 0x62e8, 0x62e8,
  0x62e8, 0x62e8, 0x62e8, 0x62e8, 0x62e8, 0x62e8, 0x62e8, 0x62e8, 0x62e8, 0x62e8, 0x62e8, 0x62e8,
  0x62e8, 0x62e8, 0x62e8, 0x62e8, 0x62e8, 0x62e8, 0x62e8, 0x62e8, 0x62e8, 0x62e8, 0x62e8, 0x62e8,
  0x62e8, 0x62e8, 0x62e8, 0x62e8, 0x62e8, 0x62e8, 0x62e8, 0x62e8, 0x62e8, 0x62e8, 0x62e8, 0x62e8,
  0x62e8, 0x62e8, 0x62e8, 0x62e8, 0x62e8, 0x62e8, 0x62e8, 0x62e8, 0x62e8, 0x62e8, 0x62e8, 0x62e8,
  0x62e8, 0x62e8, 0x62e8, 0x62e8, 0x62e8, 0x62e8, 0x62e8, 0x62e8, 0x62e8, 0x62e8, 0x62e8, 0x62e8,
  0x62e8, 0x62e8, 0x62e8, 0x62e8, 0x62e8, 0x62e8, 0x62e8, 0x62e8, 0x62e8, 0x62e8, 0x62e8, 0x62e8,
  0x62e8, 0x62e8, 0x62e8, 0x62e8, 0x62e8, 0x62e8, 0x62e8, 0x62e8, 0x62e8, 0x62e8, 0x62e8, 0x62e8,
  0x62e8, 0x62e8, 0x62e8, 0x62e8, 0x62e8, 0x62e8, 0x62e8, 0x62e8, 0x62e8, 0x62e8, 0x62e8, 0x62e8,
  0x62e8, 0x62e8, 0x62e8, 0x62e8, 0x62e8, 0x62e8, 0x62e8, 0x62e8, 0x62e8, 0x62e8, 0x62e8, 0x62e8,
  0x62e8, 0x62e8, 0x62e8, 0x62e8, 0x62e8, 0x62e8, 0x62e8, 0x62e8, 0x62e8, 0x62e8, 0x62e8, 0x62e8,
  0x62e8, 0x62e8, 0x62e8, 0x62e8, 0x62e8, 0x62e8, 0x62e8, 0x62e8, 0x62e8, 0x62e8, 0x62e8, 0x62e8,
  0x62e8, 0x62e8, 0x62e8, 0x62e8, 0x62e8, 0x62e8, 0x62e8, 0x62e8, 0x62e8, 0x62e8, 0x62e8, 0x62e8,
  0x62e8, 0x62e8, 0x62e8, 0x62e8, 0x62e8, 0x62e8, 0x62e8, 0x62e8, 0x62e8, 0x62e8, 0x62e8, 0x62e8,
  0x62e8, 0x62e8, 0x62e8, 0x62e8, 0x62e8, 0x62e8, 0x62e8, 0x62e8, 0x62e8, 0x62e8, 0x62e8, 0x62e8,
  0x62e8, 0x62e8, 0x62e8, 0x62e8, 0x18e4, 0x39cb, 0x39cb, 0x3162, 0x3162, 0x3162, 0x3162, 0x3162,
  0x3162, 0x3162, 0x3189, 0x3189, 0x3189, 0x0861, 0x3162, 0x7265, 0x51e3, 0x8b87, 0x3162, 0x0861,
  0x2948, 0x2948, 0x18e5, 0x18e5, 0x6b4f, 0x2948, 0x2948, 0x2948, 0x2948, 0x18e4, 0x4207, 0x83a9,
  0x83a9, 0x83a9, 0x83a9, 0x83a9, 0x83a9, 0x83a9, 0x83a9, 0x83a9, 0x83a9, 0x83a9, 0x83a9, 0x83a9,
  0x83a9, 0x83a9, 0x83a9, 0x83a9, 0x83a9, 0x83a9, 0x83a9, 0x83a9, 0x83a9, 0x83a9, 0x83a9, 0x83a9,
  0x83a9, 0x83a9, 0x83a9, 0x83a9, 0x83a9, 0x83a9, 0x83a9, 0x83a9, 0x83a9, 0x83a9, 0x83a9, 0x83a9,
  0x83a9, 0x83a9, 0x83a9, 0x83a9, 0x83a9, 0x83a9, 0x83a9, 0x83a9, 0x83a9, 0x83a9, 0x83a9, 0x83a9,
  0x83a9, 0x83a9, 0x83a9, 0x83a9, 0x83a9, 0x83a9, 0x83a9, 0x83a9, 0x83a9, 0x83a9, 0x83a9, 0x83a9,
  0x83a9, 0x83a9, 0x83a9, 0x83a9, 0x83a9, 0x83a9, 0x83a9, 0x83a9, 0x83a9, 0x83a9, 0x83a9, 0x83a9,
  0x83a9, 0x83a9, 0x83a9, 0x83a9, 0x83a9, 0x83a9, 0x83a9, 0x83a9, 0x83a9, 0x83a9, 0x83a9, 0x83a9,
  0x83a9, 0x83a9, 0x83a9, 0x83a9, 0x83a9, 0x83a9, 0x83a9, 0x83a9, 0x83a9, 0x83a9, 0x83a9, 0x83a9,
  0x83a9, 0x83a9, 0x83a9, 0x83a9, 0x83a9, 0x83a9, 0x83a9, 0x83a9, 0x83a9, 0x83a9, 0x83a9, 0x83a9,
  0x83a9, 0x83a9, 0x83a9, 0x83a9, 0x83a9, 0x83a9, 0x83a9, 0x83a9, 0x83a9, 0x83a9, 0x83a9, 0x83a9,
  0x83a9, 0x83a9, 0x83a9, 0x83a9, 0x83a9, 0x83a9, 0x83a9, 0x83a9, 0x83a9, 0x83a9, 0x83a9, 0x83a9,
  0x83a9, 0x83a9, 0x83a9, 0x83a9, 0x83a9, 0x83a9, 0x83a9, 0x83a9, 0x83a9, 0x83a9, 0x83a9, 0x83a9,
  0x83a9, 0x83a9, 0x83a9, 0x83a9, 0x83a9, 0x83a9, 0x83a9, 0x83a9, 0x83a9, 0x83a9, 0x83a9, 0x83a9,
  0x83a9, 0x83a9, 0x83a9, 0x83a9, 0x83a9, 0x83a9, 0x83a9, 0x83a9, 0x83a9, 0x83a9, 0x83a9, 0x83a9,
  0x83a9, 0x83a9, 0x83a9, 0x83a9, 0x83a9, 0x83a9, 0x83a9, 0x83a9, 0x83a9, 0x83a9, 0x83a9, 0x83a9,
  0x83a9, 0x83a9, 0x83a9, 0x83a9, 0x83a9, 0x83a9, 0x83a9, 0x83a9, 0x83a9, 0x83a9, 0x83a9, 0x83a9,
  0x83a9, 0x83a9, 0x83a9, 0x83a9, 0x83a9, 0x83a9, 0x83a9, 0x83a9, 0x83a9, 0x83a9, 0x83a9, 0x83a9,
  0x83a9, 0x83a9, 0x83a9, 0x83a9, 0x83a9, 0x83a9, 0x83a9, 0x83a9, 0x83a9, 0x83a9, 0x83a9, 0x83a9,
  0x83a9, 0x83a9, 0x83a9, 0x83a9, 0x83a9, 0x83a9, 0x83a9, 0x83a9, 0x83a9, 0x83a9, 0x83a9, 0x83a9,
  0x83a9, 0x83a9, 0x83a9, 0x83a9, 0x83a9, 0x83a9, 0x83a9, 0x83a9, 0x83a9, 0x83a9, 0x83a9, 0x83a9,
  0x83a9, 0x83a9, 0x4207, 0x18e4, 0x39cb, 0x39cb, 0x10a2, 0x3162, 0x3162, 0x3162, 0x3162, 0x3162,
  0x08a1, 0x3189, 0x3189, 0x3189, 0x5aa7, 0x7265, 0x3162, 0x3162, 0x3162, 0x7265, 0x3162, 0x2948,
  0x2948, 0x18e5, 0x18e5, 0x6b4f, 0x2948, 0x2948, 0x2948, 0x2948, 0x2948, 0x2125, 0x2125, 0x2125,
  0x2125, 0x2125, 0x2125, 0x2125, 0x2125, 0x2125, 0x2125, 0x2125, 0x2125, 0x2125, 0x2125, 0x2125,
  0x2125, 0x2125, 0x2125, 0x2125, 0x2125, 0x2125, 0x2125, 0x2125, 0x2125, 0x2125, 0x2125, 0x2125,
  0x2125, 0x2125, 0x2125, 0x2125, 0x2125, 0x2125, 0x2125, 0x2125, 0x2125, 0x2125, 0x2125, 0x2125,
  0x2125, 0x2125, 0x2125, 0x2125, 0x2125, 0x2125, 0x2125, 0x2125, 0x2125, 0x2125, 0x2125, 0x2125,
  0x2125, 0x2125, 0x2125, 0x2125, 0x2125, 0x2125, 0x2125, 0x2125, 0x2125, 0x2125, 0x2125, 0x2125,
  0x2125, 0x2125, 0x2125, 0x2125, 0x2125, 0x2125, 0x2125, 0x2125, 0x2125, 0x2125, 0x2125, 0x2125,
  0x2125, 0x2125, 0x2125, 0x2125, 0x2125, 0x2125, 0x2125, 0x2125, 0x2125, 0x2125, 0x2125, 0x2125,
  0x2125, 0x2125, 0x2125, 0x2125, 0x2125, 0x2125, 0x2125, 0x2125, 0x2125, 0x2125, 0x2125, 0x2125,
  0x2125, 0x2125, 0x2125, 0x2125, 0x2125, 0x2125, 0x2125, 0x2125, 0x2125, 0x2125, 0x2125, 0x2125,
  0x2125, 0x2125, 0x2125, 0x2125, 0x2125, 0x2125, 0x2125, 0x2125, 0x2125, 0x2125, 0x2125, 0x2125,
  0x2125, 0x2125, 0x2125, 0x2125, 0x2125, 0x2125, 0x2125, 0x2125, 0x2125, 0x2125, 0x2125, 0x2125,
  0x2125, 0x2125, 0x2125, 0x2125, 0x2125, 0x2125, 0x2125, 0x2125, 0x2125, 0x2125, 0x2125, 0x2125,
  0x2125, 0x2125, 0x2125, 0x2125, 0x2125, 0x2125, 0x2125, 0x2125, 0x2125, 0x2125, 0x2125, 0x2125,
  0x2125, 0x2125, 0x2125, 0x2125, 0x2125, 0x2125, 0x2125, 0x2125, 0x2125, 0x2125, 0x2125, 0x2125,
  0x2125, 0x2125, 0x2125, 0x2125, 0x2125, 0x2125, 0x2125, 0x2125, 0x2125, 0x2125, 0x2125, 0x2125,
  0x2125, 0x2125, 0x2125, 0x2125, 0x2125, 0x2125, 0x2125, 0x2125, 0x2125, 0x2125, 0x2125, 0x2125,
  0x2125, 0x2125, 0x2125, 0x2125, 0x2125, 0x2125, 0x2125, 0x2125, 0x2125, 0x2125, 0x2125, 0x2125,
  0x2125, 0x2125, 0x2125, 0x2125, 0x2125, 0x2125, 0x2125, 0x2125, 0x2125, 0x2125, 0x2125, 0x2125,
  0x2125, 0x2125, 0x2125, 0x2125, 0x2125, 0x2125, 0x2125, 0x2125, 0x2125, 0x2125, 0x2125, 0x2125,
  0x2125, 0x2125, 0x2125, 0x2125, 0x2125, 0x2125, 0x2125, 0x2125, 0x2125, 0x2125, 0x2125, 0x2125,
  0x18e4, 0x18e4, 0x39cb, 0x39cb, 0x39cb, 0x39cb, 0x1881, 0x10a2, 0x10a2, 0x08a1, 0x10a2, 0x318a,
  0x3189, 0x3189, 0x3189, 0x62e8, 0x3162, 0x0862, 0x0862, 0x0862, 0x3162, 0x62e8, 0x2948, 0x2948,
  0x18e5, 0x18e5, 0x6b4f, 0x2948, 0x2948, 0x2948, 0x2948, 0x2948, 0x2968, 0x2968, 0x2969, 0x2969,
  0x3189, 0x3189, 0x3189, 0x318a, 0x31aa, 0x31aa, 0x31aa, 0x39aa, 0x39cb, 0x39cb, 0x39cb, 0x39cb,
  0x39cb, 0x39eb, 0x39ec, 0x39ec, 0x39ec, 0x39ec, 0x39ec, 0x39ec, 0x39ec, 0x39ec, 0x39ec, 0x39ec,
  0x39ec, 0x39ec, 0x39ec, 0x39ec, 0x39ec, 0x39ec, 0x39ec, 0x39ec, 0x39ec, 0x39ec, 0x39ec, 0x39ec,
  0x39ec, 0x39ec, 0x39ec, 0x39ec, 0x39ec, 0x39ec, 0x39ec, 0x39ec, 0x39ec, 0x39ec, 0x39ec, 0x39ec,
  0x39ec, 0x39ec, 0x39ec, 0x39ec, 0x39ec, 0x39ec, 0x39ec, 0x39ec, 0x39ec, 0x39ec, 0x39ec, 0x39ec,
  0x39ec, 0x39ec, 0x39ec, 0x39ec, 0x39ec, 0x39ec, 0x39ec, 0x39ec, 0x39ec, 0x39ec, 0x39ec, 0x39ec,
  0x39ec, 0x39ec, 0x39ec, 0x39ec, 0x39ec, 0x39ec, 0x39ec, 0x39ec, 0x39ec, 0x39ec, 0x39ec, 0x39ec,
  0x39ec, 0x39ec, 0x39ec, 0x39ec, 0x39ec, 0x39ec, 0x39ec, 0x39ec, 0x39ec, 0x39ec, 0x39ec, 0x39ec,
  0x39ec, 0x39ec, 0x39ec, 0x39ec, 0x39ec, 0x39ec, 0x39ec, 0x39ec, 0x39ec, 0x39ec, 0x39ec, 0x39ec,
  0x39ec, 0x39ec, 0x39ec, 0x39ec, 0x39ec, 0x39ec, 0x39ec, 0x39ec, 0x39ec, 0x39ec, 0x39ec, 0x39ec,
  0x39ec, 0x39ec, 0x39ec, 0x39ec, 0x39ec, 0x39ec, 0x39ec, 0x39ec, 0x39ec, 0x39ec, 0x39ec, 0x39ec,
  0x39ec, 0x39ec, 0x39ec, 0x39ec, 0x39ec, 0x39ec, 0x39ec, 0x39ec, 0x39ec, 0x39ec, 0x39ec, 0x39ec,
  0x39ec, 0x39ec, 0x39ec, 0x39ec, 0x39ec, 0x39ec, 0x39ec, 0x39ec, 0x39ec, 0x39ec, 0x39ec, 0x39ec,
  0x39ec, 0x39ec, 0x39ec, 0x39ec, 0x39ec, 0x39ec, 0x39ec, 0x39ec, 0x39ec, 0x39ec, 0x39ec, 0x39ec,
  0x39ec, 0x39ec, 0x39ec, 0x39ec, 0x39ec, 0x39ec, 0x39ec, 0x39ec, 0x39ec, 0x39ec, 0x39ec, 0x39ec,
  0x39ec, 0x39ec, 0x39ec, 0x39ec, 0x39ec, 0x39ec, 0x39ec, 0x39ec, 0x39ec, 0x39ec, 0x39ec, 0x39ec,
  0x39ec, 0x39ec, 0x39ec, 0x39ec, 0x39ec, 0x39ec, 0x39ec, 0x39ec, 0x39ec, 0x39ec, 0x39ec, 0x39ec,
  0x39ec, 0x39ec, 0x39ec, 0x39ec, 0x39ec, 0x39ec, 0x39ec, 0x39ec, 0x39ec, 0x39ec, 0x39ec, 0x39ec,
  0x39ec, 0x39ec, 0x39ec, 0x39ec, 0x39ec, 0x39ec, 0x39ec, 0x39ec, 0x39ec, 0x39ec, 0x39ec, 0x39ec,
  0x39ec, 0x39ec, 0x39ec, 0x39ec, 0x39ec, 0x39ec, 0x39ec, 0x39ec, 0x39ec, 0x39ec, 0x39ec, 0x39ec,
  0x39eb, 0x39cb, 0x39cb, 0x39cb, 0x39cb, 0x39cb, 0x39aa, 0x31aa, 0x31aa, 0x31aa, 0x318a, 0x3189,
  0x3189, 0x3189, 0x3169, 0x2969, 0x2969, 0x2968, 0x2948, 0x2948, 0x2948, 0x2948, 0x2948, 0x18e5,
  0x18e5, 0x6b4f, 0x2948, 0x2948, 0x18e5, 0x18e5, 0x18e5, 0x18e6, 0x18e6, 0x2106, 0x2106, 0x2106,
  0x2106, 0x2106, 0x2107, 0x2127, 0x2127, 0x2127, 0x2127, 0x2927, 0x2927, 0x2948, 0x2948, 0x2948,
  0x2948, 0x2948, 0x2948, 0x2948, 0x2948, 0x2948, 0x2948, 0x2948, 0x2948, 0x2948, 0x2948, 0x2948,
  0x2948, 0x2948, 0x2948, 0x2948, 0x2948, 0x2948, 0x2948, 0x2948, 0x2948, 0x2948, 0x2948, 0x2948,
  0x2948, 0x2948, 0x2948, 0x2948, 0x2948, 0x2948, 0x2948, 0x2948, 0x2948, 0x2948, 0x2948, 0x2948,
  0x2948, 0x2948, 0x2948, 0x2948, 0x2948, 0x2948, 0x2948, 0x2948, 0x2948, 0x2948, 0x2948, 0x2948,
  0x2948, 0x2948, 0x2948, 0x2948, 0x2948, 0x2948, 0x2948, 0x2948, 0x2948, 0x2948, 0x2948, 0x2948,
  0x2948, 0x2948, 0x2948, 0x2948, 0x2948, 0x2948, 0x2948, 0x2948, 0x2948, 0x2948, 0x2948, 0x2948,
  0x2948, 0x2948, 0x2948, 0x2948, 0x2948, 0x2948, 0x2948, 0x2948, 0x2948, 0x2948, 0x2948, 0x2948,
  0x2948, 0x2948, 0x2948, 0x2948, 0x2948, 0x2948, 0x2948, 0x2948, 0x2948, 0x2948, 0x2948, 0x2948,
  0x2948, 0x2948, 0x2948, 0x2948, 0x2948, 0x2948, 0x2948, 0x2948, 0x2948, 0x2948, 0x2948, 0x2948,
  0x2948, 0x2948, 0x2948, 0x2948, 0x2948, 0x2948, 0x2948, 0x2948, 0x2948, 0x2948, 0x2948, 0x2948,
  0x2948, 0x2948, 0x2948, 0x2948, 0x2948, 0x2948, 0x2948, 0x2948, 0x2948, 0x2948, 0x2948, 0x2948,
  0x2948, 0x2948, 0x2948, 0x2948, 0x2948, 0x2948, 0x2948, 0x2948, 0x2948, 0x2948, 0x2948, 0x2948,
  0x2948, 0x2948, 0x2948, 0x2948, 0x2948, 0x2948, 0x2948, 0x2948, 0x2948, 0x2948, 0x2948, 0x2948,
  0x2948, 0x2948, 0x2948, 0x2948, 0x2948, 0x2948, 0x2948, 0x2948, 0x2948, 0x2948, 0x2948, 0x2948,
  0x2948, 0x2948, 0x2948, 0x2948, 0x2948, 0x2948, 0x2948, 0x2948, 0x2948, 0x2948, 0x2948, 0x2948,
  0x2948, 0x2948, 0x2948, 0x2948, 0x2948, 0x2948, 0x2948, 0x2948, 0x2948, 0x2948, 0x2948, 0x2948,
  0x2948, 0x2948, 0x2948, 0x2948, 0x2948, 0x2948, 0x2948, 0x2948, 0x2948, 0x2948, 0x2948, 0x2948,
  0x2948, 0x2948, 0x2948, 0x2948, 0x2948, 0x2948, 0x2948, 0x2948, 0x2948, 0x2948, 0x2948, 0x2948,
  0x2948, 0x2948, 0x2948, 0x2948, 0x2948, 0x2948, 0x2948, 0x2948, 0x2948, 0x2948, 0x2948, 0x2948,
  0x2948, 0x2948, 0x2947, 0x2927, 0x2927, 0x2127, 0x2127, 0x2127, 0x2127, 0x2107, 0x2106, 0x2106,
  0x2106, 0x2106, 0x2106, 0x20e6, 0x18e6, 0x18e6, 0x18e5, 0x6b4f, 0x2948, 0x2948, 0x18e5, 0x18e5,
  0x6b4f, 0x2948, 0x2948, 0x18e5, 0x18e5, 0x18e5, 0x18e6, 0x18e6, 0x20e6, 0x2106, 0x2106, 0x2106,
  0x2126, 0x2107, 0x2127, 0x2127, 0x2127, 0x2127, 0x2927, 0x2927, 0x2947, 0x2948, 0x2948, 0x2948,
  0x2948, 0x2948, 0x2948, 0x2948, 0x2948, 0x2948, 0x2948, 0x2948, 0x2948, 0x2948, 0x2948, 0x2948,
  0x2948, 0x2948, 0x2948, 0x2948, 0x2948, 0x2948, 0x2948, 0x2948, 0x2948, 0x2948, 0x2948, 0x2948,
  0x2948, 0x2948, 0x2948, 0x2948, 0x2948, 0x2948, 0x2948, 0x2948, 0x2948, 0x2948, 0x2948, 0x2948,
  0x2948, 0x2948, 0x2948, 0x2948, 0x2948, 0x2948, 0x2948, 0x2948, 0x2948, 0x2948, 0x2948, 0x2948,
  0x2948, 0x2948, 0x2948, 0x2948, 0x2948, 0x2948, 0x2948, 0x2948, 0x2948, 0x2948, 0x2948, 0x2948,
  0x2948, 0x2948, 0x2948, 0x2948, 0x2948, 0x2948, 0x2948, 0x2948, 0x2948, 0x2948, 0x2948, 0x2948,
  0x2948, 0x2948, 0x2948, 0x2948, 0x2948, 0x2948, 0x2948, 0x2948, 0x2948, 0x2948, 0x2948, 0x2948,
  0x2948, 0x2948, 0x2948, 0x2948, 0x2948, 0x2948, 0x2948, 0x2948, 0x2948, 0x2948, 0x2948, 0x2948,
  0x2948, 0x2948, 0x2948, 0x2948, 0x2948, 0x2948, 0x2948, 0x2948, 0x2948, 0x2948, 0x2948, 0x2948,
  0x2948, 0x2948, 0x2948, 0x2948, 0x2948, 0x2948, 0x2948, 0x2948, 0x2948, 0x2948, 0x2948, 0x2948,
  0x2948, 0x2948, 0x2948, 0x2948, 0x2948, 0x2948, 0x2948, 0x2948, 0x2948, 0x2948, 0x2948, 0x2948,
  0x2948, 0x2948, 0x2948, 0x2948, 0x2948, 0x2948, 0x2948, 0x2948, 0x2948, 0x2948, 0x2948, 0x2948,
  0x2948, 0x2948, 0x2948, 0x2948, 0x2948, 0x2948, 0x2948, 0x2948, 0x2948, 0x2948, 0x2948, 0x2948,
  0x2948, 0x2948, 0x2948, 0x2948, 0x2948, 0x2948, 0x2948, 0x2948, 0x2948, 0x2948, 0x2948, 0x2948,
  0x2948, 0x2948, 0x2948, 0x2948, 0x2948, 0x2948, 0x2948, 0x2948, 0x2948, 0x2948, 0x2948, 0x2948,
  0x2948, 0x2948, 0x2948, 0x2948, 0x2948, 0x2948, 0x2948, 0x2948, 0x2948, 0x2948, 0x2948, 0x2948,
  0x2948, 0x2948, 0x2948, 0x2948, 0x2948, 0x2948, 0x2948, 0x2948, 0x2948, 0x2948, 0x2948, 0x2948,
  0x2948, 0x2948, 0x2948, 0x2948, 0x2948, 0x2948, 0x2948, 0x2948, 0x2948, 0x2948, 0x2948, 0x2948,
  0x2948, 0x2948, 0x2948, 0x2948, 0x2948, 0x2948, 0x2948, 0x2948, 0x2948, 0x2948, 0x2948, 0x2948,
  0x2948, 0x2947, 0x2927, 0x2127, 0x2127, 0x2127, 0x2127, 0x2127, 0x2107, 0x2106, 0x2106, 0x2106,
  0x2106, 0x2106, 0x20e6, 0x18e6, 0x18e5, 0x18e5, 0x6b4f, 0x2948, 0x2948, 0x18e5, 0x18e5, 0x6b4f,
  0x2948, 0x2948, 0x18e5, 0x18e5, 0x6b4f, 0x6b6f, 0x6b6f, 0x6b6f, 0x6b70, 0x7370, 0x7370, 0x7370,
  0x7390, 0x7390, 0x7391, 0x7391, 0x7391, 0x73b1, 0x73b1, 0x73b1, 0x73b1, 0x7bb1, 0x7bb2, 0x7bb2,
  0x7bb2, 0x7bb2, 0x7bb2, 0x7bb2, 0x7bb2, 0x7bb2, 0x7bb2, 0x7bb2, 0x7bb2, 0x7bb2, 0x7bb2, 0x7bb2,
  0x7bb2, 0x7bb2, 0x7bb2, 0x7bb2, 0x7bb2, 0x7bb2, 0x7bb2, 0x7bb2, 0x7bb2, 0x7bb2, 0x7bb2, 0x7bb2,
  0x7bb2, 0x7bb2, 0x7bb2, 0x7bb2, 0x7bb2, 0x7bb2, 0x7bb2, 0x7bb2, 0x7bb2, 0x7bb2, 0x7bb2, 0x7bb2,
  0x7bb2, 0x7bb2, 0x7bb2, 0x7bb2, 0x7bb2, 0x7bb2, 0x7bb2, 0x7bb2, 0x7bb2, 0x7bb2, 0x7bb2, 0x7bb2,
  0x7bb2, 0x7bb2, 0x7bb2, 0x7bb2, 0x7bb2, 0x7bb2, 0x7bb2, 0x7bb2, 0x7bb2, 0x7bb2, 0x7bb2, 0x7bb2,
  0x7bb2, 0x7bb2, 0x7bb2, 0x7bb2, 0x7bb2, 0x7bb2, 0x7bb2, 0x7bb2, 0x7bb2, 0x7bb2, 0x7bb2, 0x7bb2,
  0x7bb2, 0x7bb2, 0x7bb2, 0x7bb2, 0x7bb2, 0x7bb2, 0x7bb2, 0x7bb2, 0x7bb2, 0x7bb2, 0x7bb2, 0x7bb2,
  0x7bb2, 0x7bb2, 0x7bb2, 0x7bb2, 0x7bb2, 0x7bb2, 0x7bb2, 0x7bb2, 0x7bb2, 0x7bb2, 0x7bb2, 0x7bb2,
  0x7bb2, 0x7bb2, 0x7bb2, 0x7bb2, 0x7bb2, 0x7bb2, 0x7bb2, 0x7bb2, 0x7bb2, 0x7bb2, 0x7bb2, 0x7bb2,
  0x7bb2, 0x7bb2, 0x7bb2, 0x7bb2, 0x7bb2, 0x7bb2, 0x7bb2, 0x7bb2, 0x7bb2, 0x7bb2, 0x7bb2, 0x7bb2,
  0x7bb2, 0x7bb2, 0x7bb2, 0x7bb2, 0x7bb2, 0x7bb2, 0x7bb2, 0x7bb2, 0x7bb2, 0x7bb2, 0x7bb2, 0x7bb2,
  0x7bb2, 0x7bb2, 0x7bb2, 0x7bb2, 0x7bb2, 0x7bb2, 0x7bb2, 0x7bb2, 0x7bb2, 0x7bb2, 0x7bb2, 0x7bb2,
  0x7bb2, 0x7bb2, 0x7bb2, 0x7bb2, 0x7bb2, 0x7bb2, 0x7bb2, 0x7bb2, 0x7bb2, 0x7bb2, 0x7bb2, 0x7bb2,
  0x7bb2, 0x7bb2, 0x7bb2, 0x7bb2, 0x7bb2, 0x7bb2, 0x7bb2, 0x7bb2, 0x7bb2, 0x7bb2, 0x7bb2, 0x7bb2,
  0x7bb2, 0x7bb2, 0x7bb2, 0x7bb2, 0x7bb2, 0x7bb2, 0x7bb2, 0x7bb2, 0x7bb2, 0x7bb2, 0x7bb2, 0x7bb2,
  0x7bb2, 0x7bb2, 0x7bb2, 0x7bb2, 0x7bb2, 0x7bb2, 0x7bb2, 0x7bb2, 0x7bb2, 0x7bb2, 0x7bb2, 0x7bb2,
  0x7bb2, 0x7bb2, 0x7bb2, 0x7bb2, 0x7bb2, 0x7bb2, 0x7bb2, 0x7bb2, 0x7bb2, 0x7bb2, 0x7bb2, 0x7bb2,
  0x7bb2, 0x7bb2, 0x7bb2, 0x7bb2, 0x7bb2, 0x7bb2, 0x7bb2, 0x7bb2, 0x7bb2, 0x7bb2, 0x7bb2, 0x7bb2,
  0x7bb2, 0x7bb2, 0x7bb2, 0x7bb2, 0x7bb2, 0x7bb2, 0x7bb2, 0x7bb2, 0x7bb2, 0x7bb2, 0x7bb1, 0x7bb1,
  0x73b1, 0x73b1, 0x73b1, 0x7391, 0x7391, 0x7391, 0x7390, 0x7390, 0x7370, 0x7370, 0x6b70, 0x6b70,
  0x6b6f, 0x6b6f, 0x6b6f, 0x18e5, 0x18e5, 0x6b4f, 0x2948, 0x2948, 0x18e5, 0x18e5, 0x6b4f, 0x2948,
  0x2948, 0x18e5, 0x18e5, 0x6b4f, 0x2948, 0x2968, 0x2968, 0x2969, 0x3189, 0x3189, 0x3189, 0x318a,
  0x31aa, 0x31aa, 0x31aa, 0x31aa, 0x39cb, 0x39cb, 0x39cb, 0x39cb, 0x39cb, 0x39cb, 0x39ec, 0x39ec,
  0x39ec, 0x39ec, 0x39ec, 0x39ec, 0x39ec, 0x39ec, 0x39ec, 0x39ec, 0x39ec, 0x39ec, 0x39ec, 0x39ec,
  0x39ec, 0x39ec, 0x39ec, 0x39ec, 0x39ec, 0x39ec, 0x39ec, 0x39ec, 0x39ec, 0x39ec, 0x39ec, 0x39ec,
  0x39ec, 0x39ec, 0x39ec, 0x39ec, 0x39ec, 0x39ec, 0x39ec, 0x39ec, 0x39ec, 0x39ec, 0x39ec, 0x39ec,
  0x39ec, 0x39ec, 0x39ec, 0x39ec, 0x39ec, 0x39ec, 0x39ec, 0x39ec, 0x39ec, 0x39ec, 0x39ec, 0x39ec,
  0x39ec, 0x39ec, 0x39ec, 0x39ec, 0x39ec, 0x39ec, 0x39ec, 0x39ec, 0x39ec, 0x39ec, 0x39ec, 0x39ec,
  0x39ec, 0x39ec, 0x39ec, 0x39ec, 0x39ec, 0x39ec, 0x39ec, 0x39ec, 0x39ec, 0x39ec, 0x39ec, 0x39ec,
  0x39ec, 0x39ec, 0x39ec, 0x39ec, 0x39ec, 0x39ec, 0x39ec, 0x39ec, 0x39ec, 0x39ec, 0x39ec, 0x39ec,
  0x39ec, 0x39ec, 0x39ec, 0x39ec, 0x39ec, 0x39ec, 0x39ec, 0x39ec, 0x39ec, 0x39ec, 0x39ec, 0x39ec,
  0x39ec, 0x39ec, 0x39ec, 0x39ec, 0x39ec, 0x39ec, 0x39ec, 0x39ec, 0x39ec, 0x39ec, 0x39ec, 0x39ec,
  0x39ec, 0x39ec, 0x39ec, 0x39ec, 0x39ec, 0x39ec, 0x39ec, 0x39ec, 0x39ec, 0x39ec, 0x39ec, 0x39ec,
  0x39ec, 0x39ec, 0x39ec, 0x39ec, 0x39ec, 0x39ec, 0x39ec, 0x39ec, 0x39ec, 0x39ec, 0x39ec, 0x39ec,
  0x39ec, 0x39ec, 0x39ec, 0x39ec, 0x39ec, 0x39ec, 0x39ec, 0x39ec, 0x39ec, 0x39ec, 0x39ec, 0x39ec,
  0x39ec, 0x39ec, 0x39ec, 0x39ec, 0x39ec, 0x39ec, 0x39ec, 0x39ec, 0x39ec, 0x39ec, 0x39ec, 0x39ec,
  0x39ec, 0x39ec, 0x39ec, 0x39ec, 0x39ec, 0x39ec, 0x39ec, 0x39ec, 0x39ec, 0x39ec, 0x39ec, 0x39ec,
  0x39ec, 0x39ec, 0x39ec, 0x39ec, 0x39ec, 0x39ec, 0x39ec, 0x39ec, 0x39ec, 0x39ec, 0x39ec, 0x39ec,
  0x39ec, 0x39ec, 0x39ec, 0x39ec, 0x39ec, 0x39ec, 0x39ec, 0x39ec, 0x39ec, 0x39ec, 0x39ec, 0x39ec,
  0x39ec, 0x39ec, 0x39ec, 0x39ec, 0x39ec, 0x39ec, 0x39ec, 0x39ec, 0x39ec, 0x39ec, 0x39ec, 0x39ec,
  0x39ec, 0x39ec, 0x39ec, 0x39ec, 0x39ec, 0x39ec, 0x39ec, 0x39ec, 0x39ec, 0x39ec, 0x39ec, 0x39ec,
  0x39ec, 0x39ec, 0x39ec, 0x39ec, 0x39ec, 0x39ec, 0x39ec, 0x39ec, 0x39eb, 0x39cb, 0x39eb, 0x39cb,
  0x39cb, 0x39ca, 0x39aa, 0x31aa, 0x31aa, 0x31aa, 0x318a, 0x3189, 0x3189, 0x3189, 0x2969, 0x2969,
  0x2968, 0x2948, 0x18e5, 0x18e5, 0x6b4f, 0x2948, 0x2948, 0x18e5, 0x18e5, 0x6b4f, 0x2948, 0x2948,
  0x18e5, 0x18e5, 0x6b4f, 0x2948, 0x2948, 0x2968, 0x2969, 0x2969, 0x3189, 0x3189, 0x318a, 0x31aa,
  0x31aa, 0x31aa, 0x31aa, 0x39cb, 0x39cb, 0x39cb, 0x39cb, 0x39cb, 0x39eb, 0x39ec, 0x39ec, 0x39ec,
  0x39ec, 0x39ec, 0x39ec, 0x39ec, 0x39ec, 0x39ec, 0x39ec, 0x39ec, 0x39ec, 0x39ec, 0x39ec, 0x39ec,
  0x39ec, 0x39ec, 0x39ec, 0x39ec, 0x39ec, 0x39ec, 0x39ec, 0x39ec, 0x39ec, 0x39ec, 0x39ec, 0x39ec,
  0x39ec, 0x39ec, 0x39ec, 0x39ec, 0x39ec, 0x39ec, 0x39ec, 0x39ec, 0x39ec, 0x39ec, 0x39ec, 0x39ec,
  0x39ec, 0x39ec, 0x39ec, 0x39ec, 0x39ec, 0x39ec, 0x39ec, 0x39ec, 0x39ec, 0x39ec, 0x39ec, 0x39ec,
  0x39ec, 0x39ec, 0x39ec, 0x39ec, 0x39ec, 0x39ec, 0x39ec, 0x39ec, 0x39ec, 0x39ec, 0x39ec, 0x39ec,
  0x39ec, 0x39ec, 0x39ec, 0x39ec, 0x39ec, 0x39ec, 0x39ec, 0x39ec, 0x39ec, 0x39ec, 0x39ec, 0x39ec,
  0x39ec, 0x39ec, 0x39ec, 0x39ec, 0x39ec, 0x39ec, 0x39ec, 0x39ec, 0x39ec, 0x39ec, 0x39ec, 0x39ec,
  0x39ec, 0x39ec, 0x39ec, 0x39ec, 0x39ec, 0x39ec, 0x39ec, 0x39ec, 0x39ec, 0x39ec, 0x39ec, 0x39ec,
  0x39ec, 0x39ec, 0x39ec, 0x39ec, 0x39ec, 0x39ec, 0x39ec, 0x39ec, 0x39ec, 0x39ec, 0x39ec, 0x39ec,
  0x39ec, 0x39ec, 0x39ec, 0x39ec, 0x39ec, 0x39ec, 0x39ec, 0x39ec, 0x39ec, 0x39ec, 0x39ec, 0x39ec,
  0x39ec, 0x39ec, 0x39ec, 0x39ec, 0x39ec, 0x39ec, 0x39ec, 0x39ec, 0x39ec, 0x39ec, 0x39ec, 0x39ec,
  0x39ec, 0x39ec, 0x39ec, 0x39ec, 0x39ec, 0x39ec, 0x39ec, 0x39ec, 0x39ec, 0x39ec, 0x39ec, 0x39ec,
  0x39ec, 0x39ec, 0x39ec, 0x39ec, 0x39ec, 0x39ec, 0x39ec, 0x39ec, 0x39ec, 0x39ec, 0x39ec, 0x39ec,
  0x39ec, 0x39ec, 0x39ec, 0x39ec, 0x39ec, 0x39ec, 0x39ec, 0x39ec, 0x39ec, 0x39ec, 0x39ec, 0x39ec,
  0x39ec, 0x39ec, 0x39ec, 0x39ec, 0x39ec, 0x39ec, 0x39ec, 0x39ec, 0x39ec, 0x39ec, 0x39ec, 0x39ec,
  0x39ec, 0x39ec, 0x39ec, 0x39ec, 0x39ec, 0x39ec, 0x39ec, 0x39ec, 0x39ec, 0x39ec, 0x39ec, 0x39ec,
  0x39ec, 0x39ec, 0x39ec, 0x39ec, 0x39ec, 0x39ec, 0x39ec, 0x39ec, 0x39ec, 0x39ec, 0x39ec, 0x39ec,
  0x39ec, 0x39ec, 0x39ec, 0x39ec, 0x39ec, 0x39ec, 0x39ec, 0x39ec, 0x39ec, 0x39ec, 0x39ec, 0x39ec,
  0x39ec, 0x39ec, 0x39ec, 0x39ec, 0x39ec, 0x39ec, 0x39ec, 0x39cb, 0x39cb, 0x39cb, 0x39cb, 0x39cb,
  0x39ca, 0x31aa, 0x31aa, 0x31aa, 0x31aa, 0x318a, 0x3189, 0x3189, 0x3169, 0x2969, 0x2968, 0x2968,
  0x2948, 0x18e5, 0x18e5, 0x6b4f, 0x2948, 0x2948, 0x18e5, 0x18e5, 0x6b4f, 0x2948, 0x2948, 0x18e5,
  0x18e5, 0x6b4f, 0x2948, 0x2948, 0x2968, 0x2968, 0x2969, 0x3189, 0x3189, 0x318a, 0x31aa, 0x31aa,
  0x31aa, 0x39aa, 0x39cb, 0x39cb, 0x39cb, 0x39cb, 0x39cb, 0x39eb, 0x39ec, 0x39ec, 0x39ec, 0x39ec,
  0x39ec, 0x39ec, 0x39ec, 0x39ec, 0x39ec, 0x39ec, 0x39ec, 0x39ec, 0x39ec, 0x39ec, 0x39ec, 0x39ec,
  0x39ec, 0x39ec, 0x39ec, 0x39ec, 0x39ec, 0x39ec, 0x39ec, 0x39ec, 0x39ec, 0x39ec, 0x39ec, 0x39ec,
  0x39ec, 0x39ec, 0x39ec, 0x39ec, 0x39ec, 0x39ec, 0x39ec, 0x39ec, 0x39ec, 0x39ec, 0x39ec, 0x39ec,
  0x39ec, 0x39ec, 0x39ec, 0x39ec, 0x39ec, 0x39ec, 0x39ec, 0x39ec, 0x39ec, 0x39ec, 0x39ec, 0x39ec,
  0x39ec, 0x39ec, 0x39ec, 0x39ec, 0x39ec, 0x39ec, 0x39ec, 0x39ec, 0x39ec, 0x39ec, 0x39ec, 0x39ec,
  0x39ec, 0x39ec, 0x39ec, 0x39ec, 0x39ec, 0x39ec, 0x39ec, 0x39ec, 0x39ec, 0x39ec, 0x39ec, 0x39ec,
  0x39ec, 0x39ec, 0x39ec, 0x39ec, 0x39ec, 0x39ec, 0x39ec, 0x39ec, 0x39ec, 0x39ec, 0x39ec, 0x39ec,
  0x39ec, 0x39ec, 0x39ec, 0x39ec, 0x39ec, 0x39ec, 0x39ec, 0x39ec, 0x39ec, 0x39ec, 0x39ec, 0x39ec,
  0x39ec, 0x39ec, 0x39ec, 0x39ec, 0x39ec, 0x39ec, 0x39ec, 0x39ec, 0x39ec, 0x39ec, 0x39ec, 0x39ec,
  0x39ec, 0x39ec, 0x39ec, 0x39ec, 0x39ec, 0x39ec, 0x39ec, 0x39ec, 0x39ec, 0x39ec, 0x39ec, 0x39ec,
  0x39ec, 0x39ec, 0x39ec, 0x39ec, 0x39ec, 0x39ec, 0x39ec, 0x39ec, 0x39ec, 0x39ec, 0x39ec, 0x39ec,
  0x39ec, 0x39ec, 0x39ec, 0x39ec, 0x39ec, 0x39ec, 0x39ec, 0x39ec, 0x39ec, 0x39ec, 0x39ec, 0x39ec,
  0x39ec, 0x39ec, 0x39ec, 0x39ec, 0x39ec, 0x39ec, 0x39ec, 0x39ec, 0x39ec, 0x39ec, 0x39ec, 0x39ec,
  0x39ec, 0x39ec, 0x39ec, 0x39ec, 0x39ec, 0x39ec, 0x39ec, 0x39ec, 0x39ec, 0x39ec, 0x39ec, 0x39ec,
  0x39ec, 0x39ec, 0x39ec, 0x39ec, 0x39ec, 0x39ec, 0x39ec, 0x39ec, 0x39ec, 0x39ec, 0x39ec, 0x39ec,
  0x39ec, 0x39ec, 0x39ec, 0x39ec, 0x39ec, 0x39ec, 0x39ec, 0x39ec, 0x39ec, 0x39ec, 0x39ec, 0x39ec,
  0x39ec, 0x39ec, 0x39ec, 0x39ec, 0x39ec, 0x39ec, 0x39ec, 0x39ec, 0x39ec, 0x39ec, 0x39ec, 0x39ec,
  0x39ec, 0x39ec, 0x39ec, 0x39ec, 0x39ec, 0x39ec, 0x39ec, 0x39ec, 0x39ec, 0x39ec, 0x39ec, 0x39ec,
  0x39ec, 0x39ec, 0x39ec, 0x39ec, 0x39ec, 0x39ec, 0x39cb, 0x39cb, 0x39cb, 0x39cb, 0x39cb, 0x39cb,
  0x31aa, 0x31aa, 0x31aa, 0x31aa, 0x318a, 0x3189, 0x3189, 0x2969, 0x2969, 0x2968, 0x2948, 0x2948,
  0x18e5, 0x18e5, 0x6b4f, 0x2948, 0x2948, 0x18e5, 0x18e5, 0x6b4f, 0x2948, 0x2948, 0x18e5, 0x18e5,
  0x6b4f, 0x2948, 0x2948, 0x2968, 0x2968, 0x2969, 0x3189, 0x3189, 0x318a, 0x31aa, 0x31aa, 0x31aa,
  0x31aa, 0x39ab, 0x39cb, 0x39cb, 0x39cb, 0x39cb, 0x39eb, 0x39ec, 0x39ec, 0x39ec, 0x39ec, 0x39ec,
  0x39ec, 0x39ec, 0x39ec, 0x39ec, 0x39ec, 0x39ec, 0x39ec, 0x39ec, 0x39ec, 0x39ec, 0x39ec, 0x39ec,
  0x39ec, 0x39ec, 0x39ec, 0x39ec, 0x39ec, 0x39ec, 0x39ec, 0x39ec, 0x39ec, 0x39ec, 0x39ec, 0x39ec,
  0x39ec, 0x39ec, 0x39ec, 0x39ec, 0x39ec, 0x39ec, 0x39ec, 0x39ec, 0x39ec, 0x39ec, 0x39ec, 0x39ec,
  0x39ec, 0x39ec, 0x39ec, 0x39ec, 0x39ec, 0x39ec, 0x39ec, 0x39ec, 0x39ec, 0x39ec, 0x39ec, 0x39ec,
  0x39ec, 0x39ec, 0x39ec, 0x39ec, 0x39ec, 0x39ec, 0x39ec, 0x39ec, 0x39ec, 0x39ec, 0x39ec, 0x39ec,
  0x39ec, 0x39ec, 0x39ec, 0x39ec, 0x39ec, 0x39ec, 0x39ec, 0x39ec, 0x39ec, 0x39ec, 0x39ec, 0x39ec,
  0x39ec, 0x39ec, 0x39ec, 0x39ec, 0x39ec, 0x39ec, 0x39ec, 0x39ec, 0x39ec, 0x39ec, 0x39ec, 0x39ec,
  0x39ec, 0x39ec, 0x39ec, 0x39ec, 0x39ec, 0x39ec, 0x39ec, 0x39ec, 0x39ec, 0x39ec, 0x39ec, 0x39ec,
  0x39ec, 0x39ec, 0x39ec, 0x39ec, 0x39ec, 0x39ec, 0x39ec, 0x39ec, 0x39ec, 0x39ec, 0x39ec, 0x39ec,
  0x39ec, 0x39ec, 0x39ec, 0x39ec, 0x39ec, 0x39ec, 0x39ec, 0x39ec, 0x39ec, 0x39ec, 0x39ec, 0x39ec,
  0x39ec, 0x39ec, 0x39ec, 0x39ec, 0x39ec, 0x39ec, 0x39ec, 0x39ec, 0x39ec, 0x39ec, 0x39ec, 0x39ec,
  0x39ec, 0x39ec, 0x39ec, 0x39ec, 0x39ec, 0x39ec, 0x39ec, 0x39ec, 0x39ec, 0x39ec, 0x39ec, 0x39ec,
  0x39ec, 0x39ec, 0x39ec, 0x39ec, 0x39ec, 0x39ec, 0x39ec, 0x39ec, 0x39ec, 0x39ec, 0x39ec, 0x39ec,
  0x39ec, 0x39ec, 0x39ec, 0x39ec, 0x39ec, 0x39ec, 0x39ec, 0x39ec, 0x39ec, 0x39ec, 0x39ec, 0x39ec,
  0x39ec, 0x39ec, 0x39ec, 0x39ec, 0x39ec, 0x39ec, 0x39ec, 0x39ec, 0x39ec, 0x39ec, 0x39ec, 0x39ec,
  0x39ec, 0x39ec, 0x39ec, 0x39ec, 0x39ec, 0x39ec, 0x39ec, 0x39ec, 0x39ec, 0x39ec, 0x39ec, 0x39ec,
  0x39ec, 0x39ec, 0x39ec, 0x39ec, 0x39ec, 0x39ec, 0x39ec, 0x39ec, 0x39ec, 0x39ec, 0x39ec, 0x39ec,
  0x39ec, 0x39ec, 0x39ec, 0x39ec, 0x39ec, 0x39ec, 0x39ec, 0x39ec, 0x39ec, 0x39ec, 0x39ec, 0x39ec,
  0x39ec, 0x39ec, 0x39ec, 0x39ec, 0x39ec, 0x39cb, 0x39cb, 0x39cb, 0x39cb, 0x39cb, 0x39cb, 0x31aa,
  0x31aa, 0x31aa, 0x31aa, 0x318a, 0x3189, 0x3189, 0x2969, 0x2968, 0x2968, 0x2948, 0x2948, 0x18e5,
  0x18e5, 0x6b4f, 0x2948, 0x2948, 0x18e5, 0x18e5, 0x6b4f, 0x2948, 0x2948, 0x18e5, 0x18e5, 0x6b4f,
  0x2948, 0x2948, 0x2948, 0x18e6, 0x20e6, 0x2106, 0x2106, 0x2126, 0x2127, 0x2127, 0x2127, 0x2127,
  0x2127, 0x2927, 0x2948, 0x2948, 0x2948, 0x2948, 0x2948, 0x2948, 0x2948, 0x2948, 0x2948, 0x2948,
  0x2948, 0x2948, 0x2948, 0x2948, 0x2948, 0x2948, 0x2948, 0x2948, 0x2948, 0x2948, 0x2948, 0x2948,
  0x2948, 0x2948, 0x2948, 0x2948, 0x2948, 0x2948, 0x2948, 0x2948, 0x2948, 0x2948, 0x2948, 0x2948,
  0x2948, 0x2948, 0x2948, 0x2948, 0x2948, 0x2948, 0x2948, 0x2948, 0x2948, 0x2948, 0x2948, 0x2948,
  0x2948, 0x2948, 0x2948, 0x2948, 0x2948, 0x2948, 0x2948, 0x2948, 0x2948, 0x2948, 0x2948, 0x2948,
  0x2948, 0x2948, 0x2948, 0x2948, 0x2948, 0x2948, 0x2948, 0x2948, 0x2948, 0x2948, 0x2948, 0x2948,
  0x2948, 0x2948, 0x2948, 0x2948, 0x2948, 0x2948, 0x2948, 0x2948, 0x2948, 0x2948, 0x2948, 0x2948,
  0x2948, 0x2948, 0x2948, 0x2948, 0x2948, 0x2948, 0x2948, 0x2948, 0x2948, 0x2948, 0x2948, 0x2948,
  0x2948, 0x2948, 0x2948, 0x2948, 0x2948, 0x2948, 0x2948, 0x2948, 0x2948, 0x2948, 0x2948, 0x2948,
  0x2948, 0x2948, 0x2948, 0x2948, 0x2948, 0x2948, 0x2948, 0x2948, 0x2948, 0x2948, 0x2948, 0x2948,
  0x2948, 0x2948, 0x2948, 0x2948, 0x2948, 0x2948, 0x2948, 0x2948, 0x2948, 0x2948, 0x2948, 0x2948,
  0x2948, 0x2948, 0x2948, 0x2948, 0x2948, 0x2948, 0x2948, 0x2948, 0x2948, 0x2948, 0x2948, 0x2948,
  0x2948, 0x2948, 0x2948, 0x2948, 0x2948, 0x2948, 0x2948, 0x2948, 0x2948, 0x2948, 0x2948, 0x2948,
  0x2948, 0x2948, 0x2948, 0x2948, 0x2948, 0x2948, 0x2948, 0x2948, 0x2948, 0x2948, 0x2948, 0x2948,
  0x2948, 0x2948, 0x2948, 0x2948, 0x2948, 0x2948, 0x2948, 0x2948, 0x2948, 0x2948, 0x2948, 0x2948,
  0x2948, 0x2948, 0x2948, 0x2948, 0x2948, 0x2948, 0x2948, 0x2948, 0x2948, 0x2948, 0x2948, 0x2948,
  0x2948, 0x2948, 0x2948, 0x2948, 0x2948, 0x2948, 0x2948, 0x2948, 0x2948, 0x2948, 0x2948, 0x2948,
  0x2948, 0x2948, 0x2948, 0x2948, 0x2948, 0x2948, 0x2948, 0x2948, 0x2948, 0x2948, 0x2948, 0x2948,
  0x2948, 0x2948, 0x2948, 0x2948, 0x2948, 0x2948, 0x2948, 0x2948, 0x2948, 0x2948, 0x2948, 0x2948,
  0x2948, 0x2948, 0x2948, 0x2948, 0x2948, 0x2948, 0x2948, 0x2947, 0x2947, 0x2127, 0x31aa, 0x31aa,
  0x31aa, 0x2127, 0x2106, 0x2106, 0x2106, 0x20e6, 0x18e6, 0x18e6, 0x18e5, 0x2948, 0x18e5, 0x18e5,
  0x6b4f, 0x2948, 0x2948, 0x18e5,
};

// SKIN_PLEDIT_THUMB: 9x17, 306 bytes RGB565 LE
const uint16_t SKIN_PLEDIT_THUMB[153] = {
  0xde53, 0x8b87, 0x8b87, 0x8b87, 0x8b87, 0x8b87, 0xf79e, 0x0800, 0x063f, 0xde53, 0x8b87, 0xbd8f,
  0xf758, 0xf758, 0xf79e, 0xb4cb, 0x0800, 0x063f, 0xde53, 0x8b87, 0xf758, 0x72e4, 0xb4cb, 0xf758,
  0xb4cb, 0x0800, 0x063f, 0xde53, 0x8b87, 0xf758, 0x72e4, 0xb4cb, 0xf758, 0xb4cb, 0x0800, 0x063f,
  0xde53, 0x8b87, 0xf758, 0x72e4, 0xb4cb, 0xf758, 0xb4cb, 0x0800, 0x063f, 0xde53, 0x8b87, 0xf758,
  0x72e4, 0xb4cb, 0xf758, 0xb4cb, 0x0800, 0x063f, 0xde53, 0x8b87, 0xf758, 0x72e4, 0xb4cb, 0xf758,
  0xb4cb, 0x0800, 0x063f, 0xde53, 0x8b87, 0xf758, 0x72e4, 0xb4cb, 0xf758, 0xb4cb, 0x0800, 0x063f,
  0xde53, 0x8b87, 0xf758, 0x72e4, 0xb4cb, 0xf758, 0xb4cb, 0x0800, 0x063f, 0xde53, 0x8b87, 0xf758,
  0x72e4, 0xb4cb, 0xf758, 0xb4cb, 0x0800, 0x063f, 0xde53, 0x8b87, 0xf758, 0x72e4, 0xb4cb, 0xf758,
  0xb4cb, 0x0800, 0x063f, 0xde53, 0x8b87, 0xf758, 0x72e4, 0xb4cb, 0xf758, 0xb4cb, 0x0800, 0x063f,
  0xde53, 0x8b87, 0xf758, 0x72e4, 0xb4cb, 0xf758, 0xb4cb, 0x0800, 0x063f, 0xde53, 0x8b87, 0xf758,
  0x72e4, 0xb4cb, 0xf758, 0xb4cb, 0x0800, 0x063f, 0xde53, 0x8b87, 0xf79e, 0xf758, 0xf758, 0x9c09,
  0xb4cb, 0x0800, 0x063f, 0xde53, 0xf79e, 0xb4cb, 0xb4cb, 0xb4cb, 0xb4cb, 0x72e4, 0x0800, 0x063f,
  0x8b87, 0x0800, 0x0800, 0x0800, 0x0800, 0x0800, 0x0800, 0x0800, 0x063f,
};

