ets Jul 29 2019 12:21:46

rst:0x1 (POWERON_RESET),boot:0x13 (SPI_FAST_FLASH_BOOT)
configsip: 0, SPIWP:0xee
clk_drv:0x00,q_drv:0x00,d_drv:0x00,cs0_drv:0x00,hd_drv:0x00,wp_drv:0x00
mode:DIO, clock div:2
load:0x3fff0030,len:1184
load:0x40078000,len:13232
load:0x40080400,len:3028
entry 0x400805e4
[membudget] boot-baseline freeInt=204444 lfbInt=110580 freeDma=161300 lfbDma=110580
[boot] git=3ce7812+ elf=3a3313aa build=Aug  6 2026 11:13:28
cyd display setup
winamp display setup

Initialisation done.
SettingsStorage: loaded
TouchCalStorage: loaded xMin=223 xMax=3582 yMin=196 yMax=3890
[D][chrome] drawVolume pct=-1 keyframe=NONE
reading config file
opened config file
parsed json
config loaded: clientId=db…e0 (len=32) clientSecret=b9…63 (len=32) refreshToken=AQ…ng (len=131)
[wifi-ev] t=682 ev=0 EV
[wifi-ev] t=757 ev=2 STA_START
[wifi-ev] t=798 ev=5 STA_DISCONNECTED reason=202
[wifi-ev] t=866 ev=4 STA_CONNECTED
[wifi-ev] t=1408 ev=7 STA_GOT_IP ip=192.168.1.181
IP address: 192.168.1.181
udget] post-wifi freeInt=148480 lfbInt=102388 freeDma=105336 lfbDma=102388
[time] synced epoch=1786011331 in 4902ms
[boot] spotify=idle (playerMode=webradio) — refresh deferred to first toggle
[I][spotify.task] begin ok — handle=0x3ffe9588 startIdle=1
[membudget] post-spotifyTask freeInt=135892 lfbInt=90100 freeDma=92748 lfbDma=90100
[I][spotify.task] task started; pinned core=1 stack=10240B period=5000ms
[membudget] post-dataTask freeInt=121036 lfbInt=73716 freeDma=77892 lfbDma=73716
[I][dataTask] task started stack=14336B
[D][chrome] drawVolume pct=-1 keyframe=NONE
[shell] leaving 0  heap=121036 maxAlloc=73716 minFree=118344
[I][webradio] HEAP init free=120632 min=118344
[I][webradio] HEAP pre-fetch free=120632 min=118344
[shell] entered 11  heap=120632 maxAlloc=73716 minFree=118344
[shell] switch 0->11 suspend=1ms wipe=26ms init=1ms taskbar=26ms total=54ms
[membudget] post-init-idle freeInt=120632 lfbInt=73716 freeDma=77488 lfbDma=73716
{"ok":true,"cmd":"get","var":"variant","spotify":"on","last":true}
{"ok":true,"cmd":"get","var":"playerMode","val":1,"name":"WebRadio","last":true}
{"ok":true,"cmd":"get","var":"heap","freeInt":60168,"lfbInt":42996,"freeDma":17024,"lfbDma":16372,"last":true}
{"ok":true,"cmd":"info","git":"3ce7812+","elf":"3a3313aa","build":"Aug  6 2026 11:13:28","heap":56564,"isPlaying":false,"progressMs":0,"durationMs":0,"volumePct":-1,"shuffle":false,"repeat":2,"consecutiveFailures":0}
{"ok":true,"cmd":"get","var":"appId","id":11,"name":"WebRadio","last":true}
{"ok":true,"cmd":"get","var":"appId","id":11,"name":"WebRadio","last":true}
{"ok":true,"cmd":"get","var":"wrCount","count":0,"pending":1,"last":true}
{"ok":true,"cmd":"set","var":"bgPoll","val":"0"}
{"ok":true,"cmd":"get","var":"wrCount","count":0,"pending":1,"last":true}
{"ok":true,"cmd":"get","var":"wrCount","count":0,"pending":1,"last":true}
[I][dataTask.webradio] GET mirror=all.api.radio-browser.info code=200 elapsed=3796ms
[D][dataTask.webradio] url=https://all.api.radio-browser.info/json/stations/search?countrycode=NL&codec=MP3&hidebroken=true&order=votes&reverse=true&limit=30&offset=30&bitrateMax=128
{"ok":true,"cmd":"get","var":"wrCount","count":0,"pending":1,"last":true}
{"ok":true,"cmd":"get","var":"wrCount","count":0,"pending":1,"last":true}
[I][dataTask.webradio] GET mirror=all.api.radio-browser.info code=200 elapsed=3780ms
{"ok":true,"cmd":"get","var":"wrCount","count":0,"pending":1,"last":true}
[I][dataTask.webradio] ok mirror=all.api.radio-browser.info country=NL count=30
[I][webradio] HEAP post-fetch free=119588 min=55016
[I][webradio] stations loaded count=30 country=NL[I][spotify.tls] tls yield — resumed

[D][dataTask.webradio] heap free=74k maxBlk=39k
[D][chrome] drawVolume pct=100 keyframe=4
[D][chrome] drawVolume pct=100 keyframe=4
[W][perf] iter=80ms (worst path so far: app.tick:77ms)
{"ok":true,"cmd":"get","var":"wrCount","count":30,"pending":0,"last":true}
{"ok":true,"cmd":"get","var":"wrCount","count":30,"pending":0,"last":true}
{"ok":true,"cmd":"set","var":"bgPoll","val":"1"}
{"ok":true,"cmd":"get","var":"wrState","state":0,"last":true}
{"ok":true,"cmd":"get","var":"wrState","state":0,"last":true}
{"ok":true,"cmd":"get","var":"wrState","state":0,"last":true}
{"ok":true,"cmd":"get","var":"wrState","state":0,"last":true}
{"ok":true,"cmd":"get","var":"wrState","state":0,"last":true}
{"ok":true,"cmd":"get","var":"wrState","state":0,"last":true}
{"ok":true,"cmd":"get","var":"wrState","state":0,"last":true}
{"ok":true,"cmd":"get","var":"wrState","state":0,"last":true}
{"ok":true,"cmd":"get","var":"wrState","state":0,"last":true}
{"ok":true,"cmd":"get","var":"wrState","state":0,"last":true}
[I][hb] display=winamp wifi=rssi(-53) disc=1 heap=117k maxAlloc=41k stack_hwm=12972b uptime=00:00:36 poll=0/0 last=0 block_max=0ms loop_max=97ms slow=app.tick:77ms last_poll_age_ms=0 next_poll_in_ms=5000 last_render_age_ms=21173 build=Aug  6 2026-11:13:28
{"ok":true,"cmd":"get","var":"wrState","state":0,"last":true}
{"ok":true,"cmd":"get","var":"wrState","state":0,"last":true}
{"ok":true,"cmd":"get","var":"wrState","state":0,"last":true}
{"ok":true,"cmd":"get","var":"heap","freeInt":120012,"lfbInt":42996,"freeDma":76868,"lfbDma":42996,"last":true}
{"ok":true,"cmd":"get","var":"backoff","consecutiveFailures":0,"nextPollMs":5000,"last":true}
{"ok":true,"cmd":"get","var":"dataq","ms":43464,"queueWaiting":0,"pendingMask":0,"inFlight":-1,"inFlightMs":6520,"wrPhase":2,"wrPhaseMs":15352,"wrEnqueues":1,"wrDrops":0,"yieldCount":0,"tlsStopped":false,"spAct":2,"spActMs":43365,"last":true}
[I][webradio] play idx=0 name=Radio 10 url=http://playerservices.streamtheworld.com/api/livestream-redirect/RADIO10.mp3
[I][spotify.tls] tls yield — client stopped
[membudget] TASK-267 _play pre-acquire lfbInt=42996 freeInt=120012
[membudget] TASK-267 arena acquire=24576B lfbBefore=42996 OK
[membudget] arena init base=0x3ffef4dc cap=24576
[membudget] CP0-pre-audio-init freeDma=52276 lfbDma=18420
[I][wrpump] created stack=8192B prio=2 core=1
[I][webradio] HEAP pre-connect free=64752 min=55016 maxAlloc=42996
[membudget] CP1-pre-connect skip=0 freeInt=64752 lfbInt=42996 freeDma=21608 lfbDma=10228
{"ok":true,"cmd":"set","var":"wrPlay","val":"0"}
[I][webradio] audio_info: PSRAM not found, inputBufferSize: 6399 bytes
[I][webradio] audio_info: buffers freed, free Heap: 56416 bytes
[I][webradio] audio_info: Connect to new host: "http://playerservices.streamtheworld.com/api/livestream-redirect/RADIO10.mp3"
[D][chrome] drawVolume pct=100 keyframe=4
[D][chrome] drawVolume pct=100 keyframe=4
[I][webradio] audio_info: Connection has been established in 43 ms, free Heap: 55304 bytes
[W][perf] iter=510ms (worst path so far: app.tick:97ms)
{"ok":true,"cmd":"get","var":"wrState","state":1,"last":true}
[I][webradio] HEAP play free=54048 min=53300
[I][webradio] audio_info: redirect to new host "http://22533.live.streamtheworld.com:80/RADIO10.mp3"
[I][webradio] audio_info: buffers freed, free Heap: 56216 bytes
[I][webradio] audio_info: Connect to new host: "http://22533.live.streamtheworld.com:80/RADIO10.mp3"
[D][chrome] drawVolume pct=100 keyframe=4
[D][chrome] drawVolume pct=100 keyframe=4
[W][perf] iter=111ms (worst path so far: app.tick:107ms)
[I][webradio] audio_info: Connection has been established in 49 ms, free Heap: 55180 bytes
[I][webradio] audio_info: icy-name: Radio 10
[mbdbg] arena FIRST alloc: base=0x3ffef4dc cap=24576 req=2000
[mbdbg] helix alloc: DecInfo=0x3ffef4dc(2000) FHdr=0x3ffefcac(44) SI=0x3ffefcd8(40) SFJS=0x3ffefd00(36) Huff=0x3ffefd24(4624) Deq=0x3fff0f34(792) IMDCT=0x3fff124c(6944) Sub=0x3fff2d6c(8708) FInfo=0x3fff4f70(28)
[I][webradio] audio_info: MP3Decoder has been initialized, free Heap: 49048 bytes
[membudget] CP2-decoder-init freeInt=49048 lfbInt=42996 freeDma=5904 lfbDma=3700 arenaHWM=23216
[W][perf] iter=52ms (worst path so far: app.tick:107ms)[I][webradio] audio_info: stream ready

[I][webradio] audio_info: syncword found at pos 0
[I][webradio] audio_info: Channels: 2
[I][webradio] audio_info: SampleRate: 44100
[I][webradio] audio_info: BitsPerSample: 16
[I][webradio] audio_info: BitRate: 128000
[I][webradio] audio_info: StreamTitle='Foreigner - I Want To Know What Love Is'
[D][webradio] ICY: Foreigner - I Want To Know What Love Is
{"ok":true,"cmd":"get","var":"wrState","state":2,"last":true}
{"ok":true,"cmd":"set","var":"wrBufPct","val":"37"}
{"ok":true,"cmd":"get","var":"wrPosbar","bufPctRaw":93,"bufPctSmoothed":94,"bufPctDrawn":39,"redraws":7,"sinceLastRedrawMs":104,"lastSkipReason":"interval","last":true}
{"ok":true,"cmd":"set","var":"wrPosbarSimDrain","val":"100,3"}
{"ok":true,"cmd":"get","var":"wrPosbar","bufPctRaw":100,"bufPctSmoothed":98,"bufPctDrawn":39,"redraws":7,"sinceLastRedrawMs":181,"lastSkipReason":"interval","last":true}
{"ok":true,"cmd":"get","var":"wrPosbar","bufPctRaw":100,"bufPctSmoothed":100,"bufPctDrawn":41,"redraws":8,"sinceLastRedrawMs":162,"lastSkipReason":"interval","last":true}
{"ok":true,"cmd":"get","var":"wrPosbar","bufPctRaw":97,"bufPctSmoothed":97,"bufPctDrawn":43,"redraws":9,"sinceLastRedrawMs":130,"lastSkipReason":"interval","last":true}
{"ok":true,"cmd":"get","var":"wrPosbar","bufPctRaw":94,"bufPctSmoothed":94,"bufPctDrawn":45,"redraws":10,"sinceLastRedrawMs":113,"lastSkipReason":"interval","last":true}
{"ok":true,"cmd":"get","var":"wrPosbar","bufPctRaw":91,"bufPctSmoothed":91,"bufPctDrawn":47,"redraws":11,"sinceLastRedrawMs":87,"lastSkipReason":"interval","last":true}
{"ok":true,"cmd":"get","var":"wrPosbar","bufPctRaw":88,"bufPctSmoothed":88,"bufPctDrawn":49,"redraws":12,"sinceLastRedrawMs":63,"lastSkipReason":"interval","last":true}
{"ok":true,"cmd":"get","var":"wrPosbar","bufPctRaw":85,"bufPctSmoothed":86,"bufPctDrawn":51,"redraws":13,"sinceLastRedrawMs":40,"lastSkipReason":"interval","last":true}
{"ok":true,"cmd":"get","var":"wrPosbar","bufPctRaw":82,"bufPctSmoothed":83,"bufPctDrawn":53,"redraws":14,"sinceLastRedrawMs":14,"lastSkipReason":"none","last":true}
{"ok":true,"cmd":"get","var":"wrPosbar","bufPctRaw":79,"bufPctSmoothed":81,"bufPctDrawn":53,"redraws":14,"sinceLastRedrawMs":199,"lastSkipReason":"interval","last":true}
{"ok":true,"cmd":"get","var":"wrPosbar","bufPctRaw":79,"bufPctSmoothed":79,"bufPctDrawn":55,"redraws":15,"sinceLastRedrawMs":156,"lastSkipReason":"interval","last":true}
{"ok":true,"cmd":"get","var":"wrPosbar","bufPctRaw":76,"bufPctSmoothed":76,"bufPctDrawn":57,"redraws":16,"sinceLastRedrawMs":142,"lastSkipReason":"interval","last":true}
{"ok":true,"cmd":"get","var":"wrPosbar","bufPctRaw":73,"bufPctSmoothed":73,"bufPctDrawn":59,"redraws":17,"sinceLastRedrawMs":114,"lastSkipReason":"interval","last":true}
{"ok":true,"cmd":"get","var":"wrPosbar","bufPctRaw":70,"bufPctSmoothed":70,"bufPctDrawn":61,"redraws":18,"sinceLastRedrawMs":90,"lastSkipReason":"interval","last":true}
{"ok":true,"cmd":"get","var":"wrPosbar","bufPctRaw":67,"bufPctSmoothed":67,"bufPctDrawn":63,"redraws":19,"sinceLastRedrawMs":64,"lastSkipReason":"interval","last":true}
{"ok":true,"cmd":"get","var":"wrPosbar","bufPctRaw":64,"bufPctSmoothed":65,"bufPctDrawn":65,"redraws":20,"sinceLastRedrawMs":37,"lastSkipReason":"interval","last":true}
{"ok":true,"cmd":"get","var":"wrPosbar","bufPctRaw":61,"bufPctSmoothed":62,"bufPctDrawn":63,"redraws":21,"sinceLastRedrawMs":8,"lastSkipReason":"none","last":true}
{"ok":true,"cmd":"get","var":"wrPosbar","bufPctRaw":58,"bufPctSmoothed":60,"bufPctDrawn":63,"redraws":21,"sinceLastRedrawMs":209,"lastSkipReason":"interval","last":true}
{"ok":true,"cmd":"get","var":"wrPosbar","bufPctRaw":58,"bufPctSmoothed":58,"bufPctDrawn":61,"redraws":22,"sinceLastRedrawMs":158,"lastSkipReason":"interval","last":true}
{"ok":true,"cmd":"get","var":"wrPosbar","bufPctRaw":55,"bufPctSmoothed":55,"bufPctDrawn":59,"redraws":23,"sinceLastRedrawMs":132,"lastSkipReason":"interval","last":true}
{"ok":true,"cmd":"get","var":"wrPosbar","bufPctRaw":52,"bufPctSmoothed":52,"bufPctDrawn":57,"redraws":24,"sinceLastRedrawMs":110,"lastSkipReason":"interval","last":true}
{"ok":true,"cmd":"get","var":"wrPosbar","bufPctRaw":49,"bufPctSmoothed":49,"bufPctDrawn":55,"redraws":25,"sinceLastRedrawMs":86,"lastSkipReason":"interval","last":true}
{"ok":true,"cmd":"get","var":"wrPosbar","bufPctRaw":46,"bufPctSmoothed":46,"bufPctDrawn":53,"redraws":26,"sinceLastRedrawMs":51,"lastSkipReason":"interval","last":true}
{"ok":true,"cmd":"get","var":"wrPosbar","bufPctRaw":43,"bufPctSmoothed":44,"bufPctDrawn":51,"redraws":27,"sinceLastRedrawMs":35,"lastSkipReason":"interval","last":true}
{"ok":true,"cmd":"get","var":"wrPosbar","bufPctRaw":40,"bufPctSmoothed":41,"bufPctDrawn":49,"redraws":28,"sinceLastRedrawMs":18,"lastSkipReason":"none","last":true}
{"ok":true,"cmd":"get","var":"wrPosbar","bufPctRaw":37,"bufPctSmoothed":38,"bufPctDrawn":47,"redraws":29,"sinceLastRedrawMs":6,"lastSkipReason":"none","last":true}
{"ok":true,"cmd":"get","var":"wrPosbar","bufPctRaw":34,"bufPctSmoothed":36,"bufPctDrawn":47,"redraws":29,"sinceLastRedrawMs":189,"lastSkipReason":"interval","last":true}
{"ok":true,"cmd":"get","var":"wrPosbar","bufPctRaw":34,"bufPctSmoothed":34,"bufPctDrawn":45,"redraws":30,"sinceLastRedrawMs":155,"lastSkipReason":"interval","last":true}
{"ok":true,"cmd":"get","var":"wrPosbar","bufPctRaw":31,"bufPctSmoothed":31,"bufPctDrawn":43,"redraws":31,"sinceLastRedrawMs":138,"lastSkipReason":"interval","last":true}
[W][perf] iter=52ms (worst path so far: app.tick:107ms)
{"ok":true,"cmd":"get","var":"wrPosbar","bufPctRaw":28,"bufPctSmoothed":28,"bufPctDrawn":41,"redraws":32,"sinceLastRedrawMs":107,"lastSkipReason":"interval","last":true}
{"ok":true,"cmd":"get","var":"wrPosbar","bufPctRaw":25,"bufPctSmoothed":25,"bufPctDrawn":39,"redraws":33,"sinceLastRedrawMs":87,"lastSkipReason":"interval","last":true}
{"ok":true,"cmd":"get","var":"wrPosbar","bufPctRaw":22,"bufPctSmoothed":22,"bufPctDrawn":37,"redraws":34,"sinceLastRedrawMs":63,"lastSkipReason":"interval","last":true}
{"ok":true,"cmd":"get","var":"wrPosbar","bufPctRaw":19,"bufPctSmoothed":20,"bufPctDrawn":35,"redraws":35,"sinceLastRedrawMs":33,"lastSkipReason":"interval","last":true}
{"ok":true,"cmd":"get","var":"wrPosbar","bufPctRaw":16,"bufPctSmoothed":17,"bufPctDrawn":33,"redraws":36,"sinceLastRedrawMs":7,"lastSkipReason":"none","last":true}
{"ok":true,"cmd":"get","var":"wrPosbar","bufPctRaw":13,"bufPctSmoothed":15,"bufPctDrawn":33,"redraws":36,"sinceLastRedrawMs":190,"lastSkipReason":"interval","last":true}
{"ok":true,"cmd":"get","var":"wrPosbar","bufPctRaw":13,"bufPctSmoothed":13,"bufPctDrawn":31,"redraws":37,"sinceLastRedrawMs":155,"lastSkipReason":"interval","last":true}
{"ok":true,"cmd":"get","var":"wrPosbar","bufPctRaw":10,"bufPctSmoothed":10,"bufPctDrawn":29,"redraws":38,"sinceLastRedrawMs":133,"lastSkipReason":"interval","last":true}
{"ok":true,"cmd":"get","var":"wrPosbar","bufPctRaw":7,"bufPctSmoothed":7,"bufPctDrawn":27,"redraws":39,"sinceLastRedrawMs":110,"lastSkipReason":"interval","last":true}
{"ok":true,"cmd":"get","var":"wrPosbar","bufPctRaw":4,"bufPctSmoothed":4,"bufPctDrawn":25,"redraws":40,"sinceLastRedrawMs":86,"lastSkipReason":"interval","last":true}
{"ok":true,"cmd":"get","var":"wrPosbar","bufPctRaw":1,"bufPctSmoothed":1,"bufPctDrawn":23,"redraws":41,"sinceLastRedrawMs":58,"lastSkipReason":"interval","last":true}
{"ok":true,"cmd":"get","var":"wrPosbar","bufPctRaw":93,"bufPctSmoothed":77,"bufPctDrawn":25,"redraws":42,"sinceLastRedrawMs":33,"lastSkipReason":"interval","last":true}
{"ok":true,"cmd":"get","var":"wrPosbar","bufPctRaw":93,"bufPctSmoothed":97,"bufPctDrawn":27,"redraws":43,"sinceLastRedrawMs":4,"lastSkipReason":"none","last":true}
{"ok":true,"cmd":"get","var":"wrPosbar","bufPctRaw":93,"bufPctSmoothed":97,"bufPctDrawn":27,"redraws":43,"sinceLastRedrawMs":186,"lastSkipReason":"interval","last":true}
{"ok":true,"cmd":"get","var":"wrPosbar","bufPctRaw":93,"bufPctSmoothed":97,"bufPctDrawn":29,"redraws":44,"sinceLastRedrawMs":154,"lastSkipReason":"interval","last":true}
{"ok":true,"cmd":"get","var":"wrPosbar","bufPctRaw":93,"bufPctSmoothed":97,"bufPctDrawn":31,"redraws":45,"sinceLastRedrawMs":139,"lastSkipReason":"interval","last":true}
{"ok":true,"cmd":"get","var":"wrPosbar","bufPctRaw":100,"bufPctSmoothed":97,"bufPctDrawn":33,"redraws":46,"sinceLastRedrawMs":118,"lastSkipReason":"interval","last":true}
{"ok":true,"cmd":"get","var":"wrPosbar","bufPctRaw":93,"bufPctSmoothed":97,"bufPctDrawn":35,"redraws":47,"sinceLastRedrawMs":88,"lastSkipReason":"interval","last":true}
{"ok":true,"cmd":"get","var":"wrPosbar","bufPctRaw":100,"bufPctSmoothed":98,"bufPctDrawn":37,"redraws":48,"sinceLastRedrawMs":56,"lastSkipReason":"interval","last":true}
{"ok":true,"cmd":"get","var":"wrPosbar","bufPctRaw":93,"bufPctSmoothed":96,"bufPctDrawn":39,"redraws":49,"sinceLastRedrawMs":34,"lastSkipReason":"interval","last":true}
{"ok":true,"cmd":"get","var":"wrPosbar","bufPctRaw":100,"bufPctSmoothed":97,"bufPctDrawn":41,"redraws":50,"sinceLastRedrawMs":14,"lastSkipReason":"interval","last":true}
{"ok":true,"cmd":"get","var":"wrPosbar","bufPctRaw":93,"bufPctSmoothed":97,"bufPctDrawn":41,"redraws":50,"sinceLastRedrawMs":192,"lastSkipReason":"interval","last":true}
{"ok":true,"cmd":"get","var":"wrPosbar","bufPctRaw":98,"bufPctSmoothed":98,"bufPctDrawn":43,"redraws":51,"sinceLastRedrawMs":160,"lastSkipReason":"interval","last":true}
{"ok":true,"cmd":"get","var":"wrPosbar","bufPctRaw":100,"bufPctSmoothed":98,"bufPctDrawn":45,"redraws":52,"sinceLastRedrawMs":140,"lastSkipReason":"interval","last":true}
{"ok":true,"cmd":"get","var":"wrPosbar","bufPctRaw":93,"bufPctSmoothed":97,"bufPctDrawn":47,"redraws":53,"sinceLastRedrawMs":108,"lastSkipReason":"interval","last":true}
{"ok":true,"cmd":"get","var":"wrPosbar","bufPctRaw":93,"bufPctSmoothed":97,"bufPctDrawn":49,"redraws":54,"sinceLastRedrawMs":85,"lastSkipReason":"interval","last":true}
{"ok":true,"cmd":"get","var":"wrPosbar","bufPctRaw":93,"bufPctSmoothed":96,"bufPctDrawn":51,"redraws":55,"sinceLastRedrawMs":63,"lastSkipReason":"interval","last":true}
{"ok":true,"cmd":"get","var":"wrPosbar","bufPctRaw":93,"bufPctSmoothed":97,"bufPctDrawn":53,"redraws":56,"sinceLastRedrawMs":37,"lastSkipReason":"interval","last":true}
{"ok":true,"cmd":"get","var":"wrPosbar","bufPctRaw":100,"bufPctSmoothed":98,"bufPctDrawn":55,"redraws":57,"sinceLastRedrawMs":4,"lastSkipReason":"none","last":true}
{"ok":true,"cmd":"get","var":"wrPosbar","bufPctRaw":93,"bufPctSmoothed":97,"bufPctDrawn":55,"redraws":57,"sinceLastRedrawMs":183,"lastSkipReason":"interval","last":true}
{"ok":true,"cmd":"get","var":"wrPosbar","bufPctRaw":93,"bufPctSmoothed":97,"bufPctDrawn":57,"redraws":58,"sinceLastRedrawMs":154,"lastSkipReason":"interval","last":true}
{"ok":true,"cmd":"get","var":"wrPosbar","bufPctRaw":93,"bufPctSmoothed":97,"bufPctDrawn":59,"redraws":59,"sinceLastRedrawMs":139,"lastSkipReason":"interval","last":true}
{"ok":true,"cmd":"get","var":"wrPosbar","bufPctRaw":100,"bufPctSmoothed":98,"bufPctDrawn":61,"redraws":60,"sinceLastRedrawMs":113,"lastSkipReason":"interval","last":true}
{"ok":true,"cmd":"get","var":"wrPosbar","bufPctRaw":93,"bufPctSmoothed":98,"bufPctDrawn":63,"redraws":61,"sinceLastRedrawMs":87,"lastSkipReason":"interval","last":true}
{"ok":true,"cmd":"get","var":"wrPosbar","bufPctRaw":100,"bufPctSmoothed":98,"bufPctDrawn":65,"redraws":62,"sinceLastRedrawMs":63,"lastSkipReason":"interval","last":true}
[W][perf] iter=52ms (worst path so far: app.tick:107ms)
{"ok":true,"cmd":"get","var":"wrPosbar","bufPctRaw":93,"bufPctSmoothed":97,"bufPctDrawn":67,"redraws":63,"sinceLastRedrawMs":53,"lastSkipReason":"interval","last":true}
{"ok":true,"cmd":"get","var":"wrPosbar","bufPctRaw":93,"bufPctSmoothed":97,"bufPctDrawn":69,"redraws":64,"sinceLastRedrawMs":35,"lastSkipReason":"interval","last":true}
{"ok":true,"cmd":"get","var":"wrPosbar","bufPctRaw":93,"bufPctSmoothed":97,"bufPctDrawn":71,"redraws":65,"sinceLastRedrawMs":4,"lastSkipReason":"none","last":true}
{"ok":true,"cmd":"get","var":"wrPosbar","bufPctRaw":93,"bufPctSmoothed":97,"bufPctDrawn":71,"redraws":65,"sinceLastRedrawMs":184,"lastSkipReason":"interval","last":true}
{"ok":true,"cmd":"get","var":"wrPosbar","bufPctRaw":93,"bufPctSmoothed":97,"bufPctDrawn":73,"redraws":66,"sinceLastRedrawMs":157,"lastSkipReason":"interval","last":true}
{"ok":true,"cmd":"get","var":"wrPosbar","bufPctRaw":93,"bufPctSmoothed":97,"bufPctDrawn":75,"redraws":67,"sinceLastRedrawMs":138,"lastSkipReason":"interval","last":true}
{"ok":true,"cmd":"get","var":"wrPosbar","bufPctRaw":93,"bufPctSmoothed":97,"bufPctDrawn":77,"redraws":68,"sinceLastRedrawMs":111,"lastSkipReason":"interval","last":true}
{"ok":true,"cmd":"get","var":"wrPosbar","bufPctRaw":93,"bufPctSmoothed":97,"bufPctDrawn":79,"redraws":69,"sinceLastRedrawMs":97,"lastSkipReason":"interval","last":true}
{"ok":true,"cmd":"get","var":"wrPosbar","bufPctRaw":100,"bufPctSmoothed":98,"bufPctDrawn":81,"redraws":70,"sinceLastRedrawMs":95,"lastSkipReason":"interval","last":true}
{"ok":true,"cmd":"get","var":"wrPosbar","bufPctRaw":100,"bufPctSmoothed":98,"bufPctDrawn":83,"redraws":71,"sinceLastRedrawMs":77,"lastSkipReason":"interval","last":true}
{"ok":true,"cmd":"get","var":"wrPosbar","bufPctRaw":93,"bufPctSmoothed":97,"bufPctDrawn":85,"redraws":72,"sinceLastRedrawMs":63,"lastSkipReason":"interval","last":true}
{"ok":true,"cmd":"get","var":"wrPosbar","bufPctRaw":93,"bufPctSmoothed":97,"bufPctDrawn":87,"redraws":73,"sinceLastRedrawMs":35,"lastSkipReason":"interval","last":true}
{"ok":true,"cmd":"get","var":"wrPosbar","bufPctRaw":93,"bufPctSmoothed":97,"bufPctDrawn":89,"redraws":74,"sinceLastRedrawMs":6,"lastSkipReason":"none","last":true}
{"ok":true,"cmd":"get","var":"wrPosbar","bufPctRaw":93,"bufPctSmoothed":97,"bufPctDrawn":89,"redraws":74,"sinceLastRedrawMs":185,"lastSkipReason":"interval","last":true}
{"ok":true,"cmd":"get","var":"wrPosbar","bufPctRaw":93,"bufPctSmoothed":97,"bufPctDrawn":91,"redraws":75,"sinceLastRedrawMs":163,"lastSkipReason":"interval","last":true}
{"ok":true,"cmd":"get","var":"wrPosbar","bufPctRaw":93,"bufPctSmoothed":96,"bufPctDrawn":93,"redraws":76,"sinceLastRedrawMs":130,"lastSkipReason":"interval","last":true}
{"ok":true,"cmd":"get","var":"wrPosbar","bufPctRaw":93,"bufPctSmoothed":97,"bufPctDrawn":95,"redraws":77,"sinceLastRedrawMs":109,"lastSkipReason":"interval","last":true}
{"ok":true,"cmd":"get","var":"wrPosbar","bufPctRaw":100,"bufPctSmoothed":98,"bufPctDrawn":97,"redraws":78,"sinceLastRedrawMs":94,"lastSkipReason":"interval","last":true}
{"ok":true,"cmd":"get","var":"wrPosbar","bufPctRaw":93,"bufPctSmoothed":97,"bufPctDrawn":97,"redraws":78,"sinceLastRedrawMs":57,"lastSkipReason":"interval","last":true}
{"ok":true,"cmd":"get","var":"wrPosbar","bufPctRaw":100,"bufPctSmoothed":97,"bufPctDrawn":97,"redraws":78,"sinceLastRedrawMs":39,"lastSkipReason":"interval","last":true}
{"ok":true,"cmd":"get","var":"wrPosbar","bufPctRaw":93,"bufPctSmoothed":98,"bufPctDrawn":98,"redraws":79,"sinceLastRedrawMs":11,"lastSkipReason":"none","last":true}
{"ok":true,"cmd":"get","var":"wrPosbar","bufPctRaw":100,"bufPctSmoothed":98,"bufPctDrawn":98,"redraws":79,"sinceLastRedrawMs":196,"lastSkipReason":"interval","last":true}
{"ok":true,"cmd":"get","var":"wrPosbar","bufPctRaw":93,"bufPctSmoothed":97,"bufPctDrawn":97,"redraws":80,"sinceLastRedrawMs":159,"lastSkipReason":"interval","last":true}
{"ok":true,"cmd":"get","var":"wrPosbar","bufPctRaw":100,"bufPctSmoothed":97,"bufPctDrawn":97,"redraws":80,"sinceLastRedrawMs":141,"lastSkipReason":"interval","last":true}
{"ok":true,"cmd":"get","var":"wrPosbar","bufPctRaw":93,"bufPctSmoothed":96,"bufPctDrawn":97,"redraws":80,"sinceLastRedrawMs":112,"lastSkipReason":"interval","last":true}
[W][perf] iter=52ms (worst path so far: app.tick:107ms)
{"ok":true,"cmd":"get","var":"wrPosbar","bufPctRaw":98,"bufPctSmoothed":98,"bufPctDrawn":96,"redraws":81,"sinceLastRedrawMs":91,"lastSkipReason":"interval","last":true}
{"ok":true,"cmd":"get","var":"wrPosbar","bufPctRaw":93,"bufPctSmoothed":97,"bufPctDrawn":98,"redraws":82,"sinceLastRedrawMs":62,"lastSkipReason":"interval","last":true}
{"ok":true,"cmd":"get","var":"wrPosbar","bufPctRaw":100,"bufPctSmoothed":98,"bufPctDrawn":97,"redraws":83,"sinceLastRedrawMs":58,"lastSkipReason":"interval","last":true}
{"ok":true,"cmd":"get","var":"wrPosbar","bufPctRaw":93,"bufPctSmoothed":97,"bufPctDrawn":97,"redraws":83,"sinceLastRedrawMs":29,"lastSkipReason":"interval","last":true}
{"ok":true,"cmd":"get","var":"wrPosbar","bufPctRaw":93,"bufPctSmoothed":97,"bufPctDrawn":97,"redraws":83,"sinceLastRedrawMs":5,"lastSkipReason":"converged","last":true}
{"ok":true,"cmd":"get","var":"wrPosbar","bufPctRaw":100,"bufPctSmoothed":98,"bufPctDrawn":97,"redraws":83,"sinceLastRedrawMs":204,"lastSkipReason":"interval","last":true}
{"ok":true,"cmd":"get","var":"wrPosbar","bufPctRaw":93,"bufPctSmoothed":97,"bufPctDrawn":98,"redraws":84,"sinceLastRedrawMs":181,"lastSkipReason":"interval","last":true}
{"ok":true,"cmd":"get","var":"wrPosbar","bufPctRaw":93,"bufPctSmoothed":97,"bufPctDrawn":96,"redraws":85,"sinceLastRedrawMs":163,"lastSkipReason":"interval","last":true}
{"ok":true,"cmd":"get","var":"wrPosbar","bufPctRaw":93,"bufPctSmoothed":97,"bufPctDrawn":97,"redraws":86,"sinceLastRedrawMs":141,"lastSkipReason":"interval","last":true}
{"ok":true,"cmd":"get","var":"wrPosbar","bufPctRaw":93,"bufPctSmoothed":97,"bufPctDrawn":97,"redraws":86,"sinceLastRedrawMs":116,"lastSkipReason":"interval","last":true}
{"ok":true,"cmd":"get","var":"wrPosbar","bufPctRaw":93,"bufPctSmoothed":97,"bufPctDrawn":98,"redraws":87,"sinceLastRedrawMs":78,"lastSkipReason":"interval","last":true}
{"ok":true,"cmd":"get","var":"wrPosbar","bufPctRaw":93,"bufPctSmoothed":97,"bufPctDrawn":97,"redraws":88,"sinceLastRedrawMs":61,"lastSkipReason":"interval","last":true}
{"ok":true,"cmd":"get","var":"wrPosbar","bufPctRaw":93,"bufPctSmoothed":98,"bufPctDrawn":98,"redraws":89,"sinceLastRedrawMs":34,"lastSkipReason":"interval","last":true}
{"ok":true,"cmd":"get","var":"wrPosbar","bufPctRaw":93,"bufPctSmoothed":97,"bufPctDrawn":97,"redraws":90,"sinceLastRedrawMs":13,"lastSkipReason":"none","last":true}
{"ok":true,"cmd":"get","var":"wrPosbar","bufPctRaw":93,"bufPctSmoothed":97,"bufPctDrawn":97,"redraws":90,"sinceLastRedrawMs":193,"lastSkipReason":"interval","last":true}
{"ok":true,"cmd":"get","var":"wrPosbar","bufPctRaw":93,"bufPctSmoothed":97,"bufPctDrawn":96,"redraws":91,"sinceLastRedrawMs":162,"lastSkipReason":"interval","last":true}
{"ok":true,"cmd":"get","var":"wrPosbar","bufPctRaw":100,"bufPctSmoothed":98,"bufPctDrawn":97,"redraws":92,"sinceLastRedrawMs":139,"lastSkipReason":"interval","last":true}
{"ok":true,"cmd":"get","var":"wrPosbar","bufPctRaw":93,"bufPctSmoothed":97,"bufPctDrawn":97,"redraws":92,"sinceLastRedrawMs":108,"lastSkipReason":"interval","last":true}
{"ok":true,"cmd":"get","var":"wrPosbar","bufPctRaw":93,"bufPctSmoothed":97,"bufPctDrawn":97,"redraws":92,"sinceLastRedrawMs":86,"lastSkipReason":"interval","last":true}
{"ok":true,"cmd":"get","var":"wrPosbar","bufPctRaw":93,"bufPctSmoothed":97,"bufPctDrawn":97,"redraws":92,"sinceLastRedrawMs":64,"lastSkipReason":"interval","last":true}
{"ok":true,"cmd":"get","var":"wrPosbar","bufPctRaw":93,"bufPctSmoothed":97,"bufPctDrawn":97,"redraws":92,"sinceLastRedrawMs":34,"lastSkipReason":"interval","last":true}
{"ok":true,"cmd":"set","var":"wrPosbarSimDrain","val":"0"}
[I][hb] display=winamp wifi=rssi(-53) disc=1 heap=46k maxAlloc=41k stack_hwm=12224b uptime=00:01:06 poll=0/0 last=0 block_max=0ms loop_max=510ms slow=app.tick:107ms last_poll_age_ms=0 next_poll_in_ms=5000 last_render_age_ms=22511 build=Aug  6 2026-11:13:2
{"ok":true,"cmd":"get","var":"wrPosbar","bufPctRaw":93,"bufPctSmoothed":97,"bufPctDrawn":97,"redraws":92,"sinceLastRedrawMs":192,"lastSkipReason":"interval","last":true}
ets Jul 29 2019 12:21:46

rst:0x1 (POWERON_RESET),boot:0x13 (SPI_FAST_FLASH_BOOT)
configsip: 0, SPIWP:0xee
clk_drv:0x00,q_drv:0x00,d_drv:0x00,cs0_drv:0x00,hd_drv:0x00,wp_drv:0x00
mode:DIO, clock div:2
load:0x3fff0030,len:1184
load:0x40078000,len:13232
load:0x40080400,len:3028
entry 0x400805e4
[membudget] boot-baseline freeInt=204444 lfbInt=110580 freeDma=161300 lfbDma=110580
[boot] git=3ce7812+ elf=d0023728 build=Aug  6 2026 11:20:14
cyd display setup
winamp display setup

Initialisation done.
SettingsStorage: loaded
TouchCalStorage: loaded xMin=223 xMax=3582 yMin=196 yMax=3890
[D][chrome] drawVolume pct=-1 keyframe=NONE
reading config file
opened config file
parsed json
config loaded: clientId=db…e0 (len=32) clientSecret=b9…63 (len=32) refreshToken=AQ…ng (len=131)
[wifi-ev] t=682 ev=0 EV
ets Jul 29 2019 12:21:46

rst:0x1 (POWERON_RESET),boot:0x13 (SPI_FAST_FLASH_BOOT)
configsip: 0, SPIWP:0xee
clk_drv:0x00,q_drv:0x00,d_drv:0x00,cs0_drv:0x00,hd_drv:0x00,wp_drv:0x00
mode:DIO, clock div:2
load:0x3fff0030,len:1184
load:0x40078000,len:13232
load:0x40080400,len:3028
entry 0x400805e4
[membudget] boot-baseline freeInt=204444 lfbInt=110580 freeDma=161300 lfbDma=110580
[boot] git=3ce7812+ elf=d0023728 build=Aug  6 2026 11:20:14
cyd display setup
winamp display setup

Initialisation done.
SettingsStorage: loaded
TouchCalStorage: loaded xMin=223 xMax=3582 yMin=196 yMax=3890
[D][chrome] drawVolume pct=-1 keyframe=NONE
reading config file
opened config file
parsed json
config loaded: clientId=db…e0 (len=32) clientSecret=b9…63 (len=32) refreshToken=AQ…ng (len=131)
[wifi-ev] t=682 ev=0 EV
[wifi-ev] t=757 ev=2 STA_START
[wifi-ev] t=796 ev=5 STA_DISCONNECTED reason=202
[wifi-ev] t=885 ev=4 STA_CONNECTED
[wifi-ev] t=1428 ev=7 STA_GOT_IP ip=192.168.1.181
IP address: 192.168.1.181
udget] post-wifi freeInt=148600 lfbInt=102388 freeDma=105456 lfbDma=102388
[time] synced epoch=1786011695 in 2353ms
[boot] spotify=idle (playerMode=webradio) — refresh deferred to first toggle
[I][spotify.task] task started; pinned core=1 stack=10240B period=5000ms
[I][spotify.task] begin ok — handle=0x3ffe9580 startIdle=1
[membudget] post-spotifyTask freeInt=135868 lfbInt=90100 freeDma=92724 lfbDma=90100
[membudget] post-dataTask freeInt=121012 lfbInt=73716 freeDma=77868 lfbDma=73716
[I][dataTask] task started stack=14336B
[D][chrome] drawVolume pct=-1 keyframe=NONE
[shell] leaving 0  heap=121012 maxAlloc=73716 minFree=120892
[I][webradio] HEAP init free=120608 min=120588
[I][webradio] HEAP pre-fetch free=120608 min=120588
[shell] entered 11  heap=120608 maxAlloc=73716 minFree=120588
[shell] switch 0->11 suspend=1ms wipe=27ms init=0ms taskbar=26ms total=54ms
[membudget] post-init-idle freeInt=120608 lfbInt=73716 freeDma=77464 lfbDma=73716
{"ok":true,"cmd":"get","var":"variant","spotify":"on","last":true}
i(-54) disc=1 heap=117k maxAlloc=71k stack_hwm=17580b uptime=00:00:03 poll=0/0 last=0 block_max=0ms loop_max=0ms slow=shell.switch:54ms last_poll_age_ms=0 next_poll_in_ms=5000 last_render_age_ms=80 build=Aug  6 2026-11:20:14
[D][chrome] drawVolume pct=-1 keyframe=NONE
[D][chrome] drawVolume pct=100 keyframe=4
[W][perf] iter=86ms (worst path so far: app.tick:61ms)
{"ok":true,"cmd":"get","var":"playerMode","val":1,"name":"WebRadio","last":true}
{"ok":true,"cmd":"get","var":"heap","freeInt":56364,"lfbInt":42996,"freeDma":13220,"lfbDma":11252,"last":true}
{"ok":true,"cmd":"info","git":"3ce7812+","elf":"d0023728","build":"Aug  6 2026 11:20:14","heap":56640,"isPlaying":false,"progressMs":0,"durationMs":0,"volumePct":-1,"shuffle":false,"repeat":2,"consecutiveFailures":0}
{"ok":true,"cmd":"get","var":"appId","id":11,"name":"WebRadio","last":true}
{"ok":true,"cmd":"get","var":"appId","id":11,"name":"WebRadio","last":true}
{"ok":true,"cmd":"get","var":"wrCount","count":0,"pending":1,"last":true}
{"ok":true,"cmd":"set","var":"bgPoll","val":"0"}
{"ok":true,"cmd":"get","var":"wrCount","count":0,"pending":1,"last":true}
{"ok":true,"cmd":"get","var":"wrCount","count":0,"pending":1,"last":true}
[I][dataTask.webradio] GET mirror=all.api.radio-browser.info code=200 elapsed=3734ms
[D][dataTask.webradio] url=https://all.api.radio-browser.info/json/stations/search?countrycode=NL&codec=MP3&hidebroken=true&order=votes&reverse=true&limit=30&offset=30&bitrateMax=128
{"ok":true,"cmd":"get","var":"wrCount","count":0,"pending":1,"last":true}
{"ok":true,"cmd":"get","var":"wrCount","count":0,"pending":1,"last":true}
[I][dataTask.webradio] GET mirror=all.api.radio-browser.info code=200 elapsed=3702ms
{"ok":true,"cmd":"get","var":"wrCount","count":0,"pending":1,"last":true}
[I][dataTask.webradio] ok mirror=all.api.radio-browser.info country=NL count=30
[D][dataTask.webradio] heap free=74k maxBlk=41k
[I][webradio] HEAP post-fetch free=119564 min=55556
[I][webradio] stations loaded count=30 country=NL
[I][spotify.tls] tls yield — resumed
[D][chrome] drawVolume pct=100 keyframe=4
[D][chrome] drawVolume pct=100 keyframe=4
[W][perf] iter=81ms (worst path so far: app.tick:78ms)
{"ok":true,"cmd":"get","var":"wrCount","count":30,"pending":0,"last":true}
{"ok":true,"cmd":"get","var":"wrCount","count":30,"pending":0,"last":true}
{"ok":true,"cmd":"set","var":"bgPoll","val":"1"}
{"ok":true,"cmd":"get","var":"wrState","state":0,"last":true}
{"ok":true,"cmd":"get","var":"wrState","state":0,"last":true}
{"ok":true,"cmd":"get","var":"wrState","state":0,"last":true}
{"ok":true,"cmd":"get","var":"wrState","state":0,"last":true}
{"ok":true,"cmd":"get","var":"wrState","state":0,"last":true}
{"ok":true,"cmd":"get","var":"wrState","state":0,"last":true}
{"ok":true,"cmd":"get","var":"wrState","state":0,"last":true}
{"ok":true,"cmd":"get","var":"wrState","state":0,"last":true}
{"ok":true,"cmd":"get","var":"wrState","state":0,"last":true}
{"ok":true,"cmd":"get","var":"wrState","state":0,"last":true}
[I][hb] display=winamp wifi=rssi(-55) disc=1 heap=116k maxAlloc=41k stack_hwm=12972b uptime=00:00:33 poll=0/0 last=0 block_max=0ms loop_max=86ms slow=app.tick:78ms last_poll_age_ms=0 next_poll_in_ms=5000 last_render_age_ms=21116 build=Aug  6 2026-11:20:14
{"ok":true,"cmd":"get","var":"wrState","state":0,"last":true}
{"ok":true,"cmd":"get","var":"wrState","state":0,"last":true}
{"ok":true,"cmd":"get","var":"wrState","state":0,"last":true}
{"ok":true,"cmd":"get","var":"heap","freeInt":119776,"lfbInt":42996,"freeDma":76632,"lfbDma":42996,"last":true}
{"ok":true,"cmd":"get","var":"backoff","consecutiveFailures":0,"nextPollMs":5000,"last":true}
{"ok":true,"cmd":"get","var":"dataq","ms":40986,"queueWaiting":0,"pendingMask":0,"inFlight":-1,"inFlightMs":3959,"wrPhase":2,"wrPhaseMs":12836,"wrEnqueues":1,"wrDrops":0,"yieldCount":0,"tlsStopped":false,"spAct":2,"spActMs":40857,"last":true}
[I][webradio] play idx=0 name=Radio 10 url=http://playerservices.streamtheworld.com/api/livestream-redirect/RADIO10.mp3
[I][spotify.tls] tls yield — client stopped
[membudget] TASK-267 _play pre-acquire lfbInt=42996 freeInt=119776
[membudget] TASK-267 arena acquire=24576B lfbBefore=42996 OK
[membudget] arena init base=0x3ffef4d4 cap=24576
[membudget] CP0-pre-audio-init freeDma=52040 lfbDma=19444
[I][wrpump] created stack=8192B prio=2 core=1
[I][webradio] HEAP pre-connect free=64520 min=55556 maxAlloc=42996
[membudget] CP1-pre-connect skip=0 freeInt=64520 lfbInt=42996 freeDma=21376 lfbDma=11252
{"ok":true,"cmd":"set","var":"wrPlay","val":"0"}
[I][webradio] audio_info: PSRAM not found, inputBufferSize: 6399 bytes
[I][webradio] audio_info: buffers freed, free Heap: 56172 bytes
[I][webradio] audio_info: Connect to new host: "http://playerservices.streamtheworld.com/api/livestream-redirect/RADIO10.mp3"
[D][chrome] drawVolume pct=100 keyframe=4
[D][chrome] drawVolume pct=100 keyframe=4
[I][webradio] audio_info: Connection has been established in 48 ms, free Heap: 54860 bytes
[W][perf] iter=480ms (worst path so far: app.tick:97ms)
{"ok":true,"cmd":"get","var":"wrState","state":1,"last":true}
[I][webradio] HEAP play free=53808 min=53060
[I][webradio] audio_info: redirect to new host "http://23623.live.streamtheworld.com:80/RADIO10.mp3"
[D][chrome] drawVolume pct=100 keyframe=4
[I][webradio] audio_info: buffers freed, free Heap: 55972 bytes
[I][webradio] audio_info: Connect to new host: "http://23623.live.streamtheworld.com:80/RADIO10.mp3"
[D][chrome] drawVolume pct=100 keyframe=4
[W][perf] iter=116ms (worst path so far: app.tick:112ms)
[I][webradio] audio_info: Connection has been established in 42 ms, free Heap: 55120 bytes
[I][webradio] audio_info: icy-name: Radio 10
[mbdbg] arena FIRST alloc: base=0x3ffef4d4 cap=24576 req=2000
[mbdbg] helix alloc: DecInfo=0x3ffef4d4(2000) FHdr=0x3ffefca4(44) SI=0x3ffefcd0(40) SFJS=0x3ffefcf8(36) Huff=0x3ffefd1c(4624) Deq=0x3fff0f2c(792) IMDCT=0x3fff1244(6944) Sub=0x3fff2d64(8708) FInfo=0x3fff4f68(28)
[I][webradio] audio_info: MP3Decoder has been initialized, free Heap: 46812 bytes
[membudget] CP2-decoder-init freeInt=46812 lfbInt=42996 freeDma=3668 lfbDma=2292 arenaHWM=23216
[W][perf] iter=53ms (worst path so far: app.tick:112ms)[I][webradio] audio_info: stream ready

[I][webradio] audio_info: syncword found at pos 0
[I][webradio] audio_info: Channels: 2
[I][webradio] audio_info: SampleRate: 44100
[I][webradio] audio_info: BitsPerSample: 16
[I][webradio] audio_info: BitRate: 128000
[I][webradio] audio_info: StreamTitle='Jennifer Lopez - Love Don't Cost A Thing'
[D][webradio] ICY: Jennifer Lopez - Love Don't Cost A Thing
{"ok":true,"cmd":"get","var":"wrState","state":2,"last":true}
{"ok":true,"cmd":"set","var":"wrBufPct","val":"37"}
{"ok":true,"cmd":"get","var":"wrPosbar","bufPctRaw":76,"bufPctSmoothed":52,"bufPctDrawn":37,"redraws":5,"sinceLastRedrawMs":207,"lastSkipReason":"interval","last":true}
{"ok":true,"cmd":"set","var":"wrPosbarSimDrain","val":"80,4"}
{"ok":true,"cmd":"get","var":"wrPosbar","bufPctRaw":80,"bufPctSmoothed":67,"bufPctDrawn":39,"redraws":6,"sinceLastRedrawMs":52,"lastSkipReason":"interval","last":true}
{"ok":true,"cmd":"get","var":"wrPosbar","bufPctRaw":76,"bufPctSmoothed":79,"bufPctDrawn":41,"redraws":7,"sinceLastRedrawMs":30,"lastSkipReason":"interval","last":true}
{"ok":true,"cmd":"get","var":"wrPosbar","bufPctRaw":76,"bufPctSmoothed":76,"bufPctDrawn":43,"redraws":8,"sinceLastRedrawMs":2,"lastSkipReason":"none","last":true}
{"ok":true,"cmd":"get","var":"wrPosbar","bufPctRaw":72,"bufPctSmoothed":72,"bufPctDrawn":43,"redraws":8,"sinceLastRedrawMs":173,"lastSkipReason":"interval","last":true}
{"ok":true,"cmd":"get","var":"wrPosbar","bufPctRaw":68,"bufPctSmoothed":68,"bufPctDrawn":45,"redraws":9,"sinceLastRedrawMs":145,"lastSkipReason":"interval","last":true}
[I][webradio] audio_info: slow stream, dropouts are possible
{"ok":true,"cmd":"get","var":"wrPosbar","bufPctRaw":64,"bufPctSmoothed":64,"bufPctDrawn":47,"redraws":10,"sinceLastRedrawMs":116,"lastSkipReason":"interval","last":true}
{"ok":true,"cmd":"get","var":"wrPosbar","bufPctRaw":60,"bufPctSmoothed":60,"bufPctDrawn":49,"redraws":11,"sinceLastRedrawMs":87,"lastSkipReason":"interval","last":true}
{"ok":true,"cmd":"get","var":"wrPosbar","bufPctRaw":56,"bufPctSmoothed":56,"bufPctDrawn":51,"redraws":12,"sinceLastRedrawMs":59,"lastSkipReason":"interval","last":true}
{"ok":true,"cmd":"get","var":"wrPosbar","bufPctRaw":52,"bufPctSmoothed":55,"bufPctDrawn":53,"redraws":13,"sinceLastRedrawMs":30,"lastSkipReason":"interval","last":true}
{"ok":true,"cmd":"get","var":"wrPosbar","bufPctRaw":52,"bufPctSmoothed":52,"bufPctDrawn":52,"redraws":14,"sinceLastRedrawMs":3,"lastSkipReason":"none","last":true}
{"ok":true,"cmd":"get","var":"wrPosbar","bufPctRaw":48,"bufPctSmoothed":48,"bufPctDrawn":52,"redraws":14,"sinceLastRedrawMs":174,"lastSkipReason":"interval","last":true}
[I][webradio] audio_info: slow stream, dropouts are possible
{"ok":true,"cmd":"get","var":"wrPosbar","bufPctRaw":44,"bufPctSmoothed":44,"bufPctDrawn":50,"redraws":15,"sinceLastRedrawMs":145,"lastSkipReason":"interval","last":true}
{"ok":true,"cmd":"get","var":"wrPosbar","bufPctRaw":40,"bufPctSmoothed":40,"bufPctDrawn":48,"redraws":16,"sinceLastRedrawMs":115,"lastSkipReason":"interval","last":true}
{"ok":true,"cmd":"get","var":"wrPosbar","bufPctRaw":36,"bufPctSmoothed":36,"bufPctDrawn":46,"redraws":17,"sinceLastRedrawMs":87,"lastSkipReason":"interval","last":true}
{"ok":true,"cmd":"get","var":"wrPosbar","bufPctRaw":32,"bufPctSmoothed":32,"bufPctDrawn":44,"redraws":18,"sinceLastRedrawMs":59,"lastSkipReason":"interval","last":true}
{"ok":true,"cmd":"get","var":"wrPosbar","bufPctRaw":28,"bufPctSmoothed":30,"bufPctDrawn":42,"redraws":19,"sinceLastRedrawMs":31,"lastSkipReason":"interval","last":true}
{"ok":true,"cmd":"get","var":"wrPosbar","bufPctRaw":28,"bufPctSmoothed":28,"bufPctDrawn":40,"redraws":20,"sinceLastRedrawMs":4,"lastSkipReason":"interval","last":true}
[I][webradio] audio_info: slow stream, dropouts are possible
{"ok":true,"cmd":"get","var":"wrPosbar","bufPctRaw":24,"bufPctSmoothed":24,"bufPctDrawn":40,"redraws":20,"sinceLastRedrawMs":174,"lastSkipReason":"interval","last":true}
{"ok":true,"cmd":"get","var":"wrPosbar","bufPctRaw":20,"bufPctSmoothed":20,"bufPctDrawn":38,"redraws":21,"sinceLastRedrawMs":146,"lastSkipReason":"interval","last":true}
{"ok":true,"cmd":"get","var":"wrPosbar","bufPctRaw":16,"bufPctSmoothed":16,"bufPctDrawn":36,"redraws":22,"sinceLastRedrawMs":117,"lastSkipReason":"interval","last":true}
{"ok":true,"cmd":"get","var":"wrPosbar","bufPctRaw":12,"bufPctSmoothed":12,"bufPctDrawn":34,"redraws":23,"sinceLastRedrawMs":90,"lastSkipReason":"interval","last":true}
{"ok":true,"cmd":"get","var":"wrPosbar","bufPctRaw":8,"bufPctSmoothed":8,"bufPctDrawn":32,"redraws":24,"sinceLastRedrawMs":61,"lastSkipReason":"interval","last":true}
{"ok":true,"cmd":"get","var":"wrPosbar","bufPctRaw":4,"bufPctSmoothed":6,"bufPctDrawn":30,"redraws":25,"sinceLastRedrawMs":33,"lastSkipReason":"interval","last":true}
[I][webradio] audio_info: slow stream, dropouts are possible
{"ok":true,"cmd":"get","var":"wrPosbar","bufPctRaw":4,"bufPctSmoothed":4,"bufPctDrawn":28,"redraws":26,"sinceLastRedrawMs":4,"lastSkipReason":"interval","last":true}
{"ok":true,"cmd":"get","var":"wrPosbar","bufPctRaw":0,"bufPctSmoothed":0,"bufPctDrawn":28,"redraws":26,"sinceLastRedrawMs":175,"lastSkipReason":"interval","last":true}
{"ok":true,"cmd":"get","var":"wrPosbar","bufPctRaw":0,"bufPctSmoothed":0,"bufPctDrawn":26,"redraws":27,"sinceLastRedrawMs":147,"lastSkipReason":"interval","last":true}
{"ok":true,"cmd":"get","var":"wrPosbar","bufPctRaw":0,"bufPctSmoothed":0,"bufPctDrawn":24,"redraws":28,"sinceLastRedrawMs":119,"lastSkipReason":"interval","last":true}
{"ok":true,"cmd":"get","var":"wrPosbar","bufPctRaw":0,"bufPctSmoothed":0,"bufPctDrawn":22,"redraws":29,"sinceLastRedrawMs":91,"lastSkipReason":"interval","last":true}
{"ok":true,"cmd":"get","var":"wrPosbar","bufPctRaw":0,"bufPctSmoothed":0,"bufPctDrawn":20,"redraws":30,"sinceLastRedrawMs":63,"lastSkipReason":"interval","last":true}
[I][webradio] audio_info: slow stream, dropouts are possible
{"ok":true,"cmd":"get","var":"wrPosbar","bufPctRaw":0,"bufPctSmoothed":0,"bufPctDrawn":18,"redraws":31,"sinceLastRedrawMs":34,"lastSkipReason":"interval","last":true}
[W][webradio] stream dead (isRunning=1 for 0ms, bufStalled for 5000ms) — stop + resume Spotify TLS
[I][webradio] stall idx=0 — retrying once
[I][spotify.tls] tls yield — resumed
[D][chrome] drawVolume pct=100 keyframe=4
[D][chrome] drawVolume pct=100 keyframe=4
[W][perf] iter=83ms (worst path so far: app.tick:112ms)
{"ok":true,"cmd":"get","var":"wrPosbar","bufPctRaw":0,"bufPctSmoothed":0,"bufPctDrawn":18,"redraws":31,"sinceLastRedrawMs":249,"lastSkipReason":"interval","last":true}
[I][webradio] play idx=0 name=Radio 10 url=http://playerservices.streamtheworld.com/api/livestream-redirect/RADIO10.mp3
[I][spotify.tls] tls yield — client stopped
[membudget] TASK-267 _play pre-acquire lfbInt=42996 freeInt=46708
[I][webradio] HEAP pre-connect free=46708 min=44012 maxAlloc=42996
[membudget] CP1-pre-connect skip=0 freeInt=46708 lfbInt=42996 freeDma=3564 lfbDma=2292
[W][perf] iter=454ms (worst path so far: app.tick:439ms)
{"ok":true,"cmd":"get","var":"wrPosbar","bufPctRaw":0,"bufPctSmoothed":0,"bufPctDrawn":18,"redraws":31,"sinceLastRedrawMs":704,"lastSkipReason":"interval","last":true}
[I][webradio] audio_info: buffers freed, free Heap: 48192 bytes
[I][webradio] audio_info: Connect to new host: "http://playerservices.streamtheworld.com/api/livestream-redirect/RADIO10.mp3"
[I][webradio] audio_info: Connection has been established in 19 ms, free Heap: 45144 bytes
[D][chrome] drawVolume pct=100 keyframe=4
[D][chrome] drawVolume pct=100 keyframe=4
[I][webradio] audio_info: redirect to new host "http://25243.live.streamtheworld.com:80/RADIO10.mp3"
[I][webradio] audio_info: buffers freed, free Heap: 48540 bytes
[I][webradio] audio_info: Connect to new host: "http://25243.live.streamtheworld.com:80/RADIO10.mp3"
[W][perf] iter=154ms (worst path so far: app.tick:439ms)
[I][webradio] audio_info: Connection has been established in 38 ms, free Heap: 47704 bytes
[D][chrome] drawVolume pct=100 keyframe=4
[D][chrome] drawVolume pct=100 keyframe=4
[W][perf] iter=105ms (worst path so far: app.tick:439ms)
{"ok":true,"cmd":"get","var":"wrPosbar","bufPctRaw":0,"bufPctSmoothed":0,"bufPctDrawn":0,"redraws":31,"sinceLastRedrawMs":103,"lastSkipReason":"converged","last":true}
{"ok":true,"cmd":"get","var":"wrPosbar","bufPctRaw":0,"bufPctSmoothed":0,"bufPctDrawn":0,"redraws":31,"sinceLastRedrawMs":76,"lastSkipReason":"interval","last":true}
{"ok":true,"cmd":"get","var":"wrPosbar","bufPctRaw":0,"bufPctSmoothed":0,"bufPctDrawn":0,"redraws":31,"sinceLastRedrawMs":48,"lastSkipReason":"interval","last":true}
{"ok":true,"cmd":"set","var":"wrPosbarSimDrain","val":"0"}
{"ok":true,"cmd":"get","var":"wrPosbar","bufPctRaw":0,"bufPctSmoothed":0,"bufPctDrawn":0,"redraws":31,"sinceLastRedrawMs":80,"lastSkipReason":"interval","last":true}
ets Jul 29 2019 12:21:46

rst:0x1 (POWERON_RESET),boot:0x13 (SPI_FAST_FLASH_BOOT)
configsip: 0, SPIWP:0xee
clk_drv:0x00,q_drv:0x00,d_drv:0x00,cs0_drv:0x00,hd_drv:0x00,wp_drv:0x00
mode:DIO, clock div:2
load:0x3fff0030,len:1184
load:0x40078000,len:13232
load:0x40080400,len:3028
entry 0x400805e4
[membudget] boot-baseline freeInt=204444 lfbInt=110580 freeDma=161300 lfbDma=110580
[boot] git=3ce7812+ elf=d0023728 build=Aug  6 2026 11:20:14
cyd display setup
winamp display setup

Initialisation done.
SettingsStorage: loaded
TouchCalStorage: loaded xMin=223 xMax=3582 yMin=196 yMax=3890
[D][chrome] drawVolume pct=-1 keyframe=NONE
reading config file
opened config file
parsed json
config loaded: clientId=db…e0 (len=32) clientSecret=b9…63 (len=32) refreshToken=AQ…ng (len=131)
[wifi-ev] t=682 ev=0 EV
[wifi-ev] t=757 ev=2 STA_START
[wifi-ev] t=796 ev=5 STA_DISCONNECTED reason=202
[wifi-ev] t=895 ev=4 STA_CONNECTED
[wifi-ev] t=1457 ev=7 STA_GOT_IP ip=192.168.1.181
IP address: 192.168.1.181
udget] post-wifi freeInt=148492 lfbInt=102388 freeDma=105348 lfbDma=102388
[time] synced epoch=1786011850 in 2603ms
[boot] spotify=idle (playerMode=webradio) — refresh deferred to first toggle
[I][spotify.task] task started; pinned core=1 stack=10240B period=5000ms
[I][spotify.task] begin ok — handle=0x3ffe94dc startIdle=1
[membudget] post-spotifyTask freeInt=135864 lfbInt=90100 freeDma=92720 lfbDma=90100
[membudget] post-dataTask freeInt=121008 lfbInt=73716 freeDma=77864 lfbDma=73716
[I][dataTask] task started stack=14336B
[D][chrome] drawVolume pct=-1 keyframe=NONE
[shell] leaving 0  heap=121008 maxAlloc=73716 minFree=120888
[I][webradio] HEAP init free=120604 min=120584
[I][webradio] HEAP pre-fetch free=120604 min=120584
[shell] entered 11  heap=120604 maxAlloc=73716 minFree=120584
[shell] switch 0->11 suspend=1ms wipe=27ms init=0ms taskbar=26ms total=54ms
[membudget] post-init-idle freeInt=120604 lfbInt=73716 freeDma=77460 lfbDma=73716
{"ok":true,"cmd":"get","var":"variant","spotify":"on","last":true}
i(-52) disc=1 heap=117k maxAlloc=71k stack_hwm=17580b uptime=00:00:04 poll=0/0 last=0 block_max=0ms loop_max=0ms slow=shell.switch:54ms last_poll_age_ms=0 next_poll_in_ms=5000 last_render_age_ms=81 build=Aug  6 2026-11:20:14
[D][chrome] drawVolume pct=-1 keyframe=NONE
[D][chrome] drawVolume pct=100 keyframe=4
[W][perf] iter=87ms (worst path so far: app.tick:60ms)
{"ok":true,"cmd":"get","var":"playerMode","val":1,"name":"WebRadio","last":true}
{"ok":true,"cmd":"get","var":"heap","freeInt":56600,"lfbInt":42996,"freeDma":13456,"lfbDma":11252,"last":true}
{"ok":true,"cmd":"info","git":"3ce7812+","elf":"d0023728","build":"Aug  6 2026 11:20:14","heap":56324,"isPlaying":false,"progressMs":0,"durationMs":0,"volumePct":-1,"shuffle":false,"repeat":2,"consecutiveFailures":0}
{"ok":true,"cmd":"get","var":"appId","id":11,"name":"WebRadio","last":true}
{"ok":true,"cmd":"get","var":"appId","id":11,"name":"WebRadio","last":true}
{"ok":true,"cmd":"get","var":"wrCount","count":0,"pending":1,"last":true}
{"ok":true,"cmd":"set","var":"bgPoll","val":"0"}
{"ok":true,"cmd":"get","var":"wrCount","count":0,"pending":1,"last":true}
{"ok":true,"cmd":"get","var":"wrCount","count":0,"pending":1,"last":true}
[I][dataTask.webradio] GET mirror=all.api.radio-browser.info code=200 elapsed=3728ms
[D][dataTask.webradio] url=https://all.api.radio-browser.info/json/stations/search?countrycode=NL&codec=MP3&hidebroken=true&order=votes&reverse=true&limit=30&offset=30&bitrateMax=128
{"ok":true,"cmd":"get","var":"wrCount","count":0,"pending":1,"last":true}
{"ok":true,"cmd":"get","var":"wrCount","count":0,"pending":1,"last":true}
[I][dataTask.webradio] GET mirror=all.api.radio-browser.info code=200 elapsed=3727ms
[I][dataTask.webradio] ok mirror=all.api.radio-browser.info country=NL count=30
[D][dataTask.webradio] heap free=74k maxBlk=21k
[I][webradio] HEAP post-fetch free=119556 min=55408
[I][webradio] stations loaded count=30 country=NL
[I][spotify.tls] tls yield — resumed
[D][chrome] drawVolume pct=100 keyframe=4
[D][chrome] drawVolume pct=100 keyframe=4
[W][perf] iter=79ms (worst path so far: app.tick:78ms)
{"ok":true,"cmd":"get","var":"wrCount","count":30,"pending":0,"last":true}
{"ok":true,"cmd":"get","var":"wrCount","count":30,"pending":0,"last":true}
{"ok":true,"cmd":"set","var":"bgPoll","val":"1"}
{"ok":true,"cmd":"get","var":"wrState","state":0,"last":true}
{"ok":true,"cmd":"get","var":"wrState","state":0,"last":true}
{"ok":true,"cmd":"get","var":"wrState","state":0,"last":true}
{"ok":true,"cmd":"get","var":"wrState","state":0,"last":true}
{"ok":true,"cmd":"get","var":"wrState","state":0,"last":true}
{"ok":true,"cmd":"get","var":"wrState","state":0,"last":true}
{"ok":true,"cmd":"get","var":"wrState","state":0,"last":true}
{"ok":true,"cmd":"get","var":"wrState","state":0,"last":true}
{"ok":true,"cmd":"get","var":"wrState","state":0,"last":true}
{"ok":true,"cmd":"get","var":"wrState","state":0,"last":true}
{"ok":true,"cmd":"get","var":"wrState","state":0,"last":true}
[I][hb] display=winamp wifi=rssi(-51) disc=1 heap=117k maxAlloc=47k stack_hwm=13744b uptime=00:00:34 poll=0/0 last=0 block_max=0ms loop_max=87ms slow=app.tick:78ms last_poll_age_ms=0 next_poll_in_ms=5000 last_render_age_ms=21287 build=Aug  6 2026-11:20:14
{"ok":true,"cmd":"get","var":"wrState","state":0,"last":true}
{"ok":true,"cmd":"get","var":"wrState","state":0,"last":true}
{"ok":true,"cmd":"get","var":"heap","freeInt":119968,"lfbInt":49140,"freeDma":76824,"lfbDma":49140,"last":true}
{"ok":true,"cmd":"get","var":"backoff","consecutiveFailures":0,"nextPollMs":5000,"last":true}
{"ok":true,"cmd":"get","var":"dataq","ms":39229,"queueWaiting":0,"pendingMask":0,"inFlight":-1,"inFlightMs":4209,"wrPhase":2,"wrPhaseMs":12918,"wrEnqueues":1,"wrDrops":0,"yieldCount":0,"tlsStopped":false,"spAct":2,"spActMs":38938,"last":true}
[I][webradio] play idx=0 name=Radio 10 url=http://playerservices.streamtheworld.com/api/livestream-redirect/RADIO10.mp3
[I][spotify.tls] tls yield — client stopped
[membudget] TASK-267 _play pre-acquire lfbInt=49140 freeInt=119968
[membudget] TASK-267 arena acquire=24576B lfbBefore=49140 OK
[membudget] arena init base=0x3ffef520 cap=24576
[membudget] CP0-pre-audio-init freeDma=52232 lfbDma=24564
[I][wrpump] created stack=8192B prio=2 core=1
[I][webradio] HEAP pre-connect free=64708 min=55408 maxAlloc=42996
[membudget] CP1-pre-connect skip=0 freeInt=64708 lfbInt=42996 freeDma=21564 lfbDma=16372
{"ok":true,"cmd":"set","var":"wrPlay","val":"0"}
[I][webradio] audio_info: PSRAM not found, inputBufferSize: 6399 bytes
[I][webradio] audio_info: buffers freed, free Heap: 56364 bytes
[I][webradio] audio_info: Connect to new host: "http://playerservices.streamtheworld.com/api/livestream-redirect/RADIO10.mp3"
[D][chrome] drawVolume pct=100 keyframe=4
[D][chrome] drawVolume pct=100 keyframe=4
[W][perf] iter=314ms (worst path so far: app.tick:93ms)
{"ok":true,"cmd":"get","var":"wrState","state":1,"last":true}
[I][webradio] audio_info: Connection has been established in 113 ms, free Heap: 55260 bytes
[I][webradio] HEAP play free=53604 min=53256
[D][chrome] drawVolume pct=100 keyframe=4
[D][chrome] drawVolume pct=100 keyframe=4
[W][perf] iter=73ms (worst path so far: wr.connect:156ms)
[I][webradio] audio_info: redirect to new host "http://27743.live.streamtheworld.com:80/RADIO10.mp3"
[I][webradio] audio_info: buffers freed, free Heap: 55792 bytes
[I][webradio] audio_info: Connect to new host: "http://27743.live.streamtheworld.com:80/RADIO10.mp3"
[W][perf] iter=53ms (worst path so far: wr.connect:156ms)
[I][webradio] audio_info: Connection has been established in 33 ms, free Heap: 54968 bytes
[I][webradio] audio_info: icy-name: Radio 10
[mbdbg] arena FIRST alloc: base=0x3ffef520 cap=24576 req=2000
[mbdbg] helix alloc: DecInfo=0x3ffef520(2000) FHdr=0x3ffefcf0(44) SI=0x3ffefd1c(40) SFJS=0x3ffefd44(36) Huff=0x3ffefd68(4624) Deq=0x3fff0f78(792) IMDCT=0x3fff1290(6944) Sub=0x3fff2db0(8708) FInfo=0x3fff4fb4(28)
[I][webradio] audio_info: MP3Decoder has been initialized, free Heap: 49000 bytes
[membudget] CP2-decoder-init freeInt=49000 lfbInt=42996 freeDma=5856 lfbDma=2804 arenaHWM=23216
[W][perf] iter=53ms (worst path so far: wr.connect:156ms)[I][webradio] audio_info: stream ready

[I][webradio] audio_info: syncword found at pos 0
[I][webradio] audio_info: Channels: 2
[I][webradio] audio_info: SampleRate: 44100
[I][webradio] audio_info: BitsPerSample: 16
[I][webradio] audio_info: BitRate: 128000
{"ok":true,"cmd":"get","var":"wrState","state":2,"last":true}
{"ok":true,"cmd":"set","var":"wrBufPct","val":"37"}
{"ok":true,"cmd":"get","var":"wrPosbar","bufPctRaw":69,"bufPctSmoothed":50,"bufPctDrawn":37,"redraws":3,"sinceLastRedrawMs":189,"lastSkipReason":"interval","last":true}
{"ok":true,"cmd":"set","var":"wrPosbarSimDrain","val":"80,4"}
[I][webradio] audio_info: StreamTitle='Boney M - Sunny'
[D][webradio] ICY: Boney M - Sunny
{"ok":true,"cmd":"get","var":"wrPosbar","bufPctRaw":80,"bufPctSmoothed":69,"bufPctDrawn":39,"redraws":4,"sinceLastRedrawMs":37,"lastSkipReason":"interval","last":true}
{"ok":true,"cmd":"get","var":"wrPosbar","bufPctRaw":80,"bufPctSmoothed":74,"bufPctDrawn":39,"redraws":4,"sinceLastRedrawMs":103,"lastSkipReason":"interval","last":true}
{"ok":true,"cmd":"get","var":"wrPosbar","bufPctRaw":80,"bufPctSmoothed":75,"bufPctDrawn":39,"redraws":4,"sinceLastRedrawMs":131,"lastSkipReason":"interval","last":true}
{"ok":true,"cmd":"get","var":"wrPosbar","bufPctRaw":80,"bufPctSmoothed":78,"bufPctDrawn":39,"redraws":4,"sinceLastRedrawMs":183,"lastSkipReason":"interval","last":true}
{"ok":true,"cmd":"get","var":"wrPosbar","bufPctRaw":80,"bufPctSmoothed":78,"bufPctDrawn":41,"redraws":5,"sinceLastRedrawMs":6,"lastSkipReason":"interval","last":true}
{"ok":true,"cmd":"get","var":"wrPosbar","bufPctRaw":76,"bufPctSmoothed":78,"bufPctDrawn":41,"redraws":5,"sinceLastRedrawMs":54,"lastSkipReason":"interval","last":true}
{"ok":true,"cmd":"get","var":"wrPosbar","bufPctRaw":76,"bufPctSmoothed":77,"bufPctDrawn":41,"redraws":5,"sinceLastRedrawMs":82,"lastSkipReason":"interval","last":true}
{"ok":true,"cmd":"get","var":"wrPosbar","bufPctRaw":76,"bufPctSmoothed":76,"bufPctDrawn":41,"redraws":5,"sinceLastRedrawMs":135,"lastSkipReason":"interval","last":true}
{"ok":true,"cmd":"get","var":"wrPosbar","bufPctRaw":76,"bufPctSmoothed":76,"bufPctDrawn":41,"redraws":5,"sinceLastRedrawMs":186,"lastSkipReason":"interval","last":true}
{"ok":true,"cmd":"get","var":"wrPosbar","bufPctRaw":76,"bufPctSmoothed":76,"bufPctDrawn":43,"redraws":6,"sinceLastRedrawMs":18,"lastSkipReason":"interval","last":true}
{"ok":true,"cmd":"get","var":"wrPosbar","bufPctRaw":72,"bufPctSmoothed":75,"bufPctDrawn":43,"redraws":6,"sinceLastRedrawMs":70,"lastSkipReason":"interval","last":true}
{"ok":true,"cmd":"get","var":"wrPosbar","bufPctRaw":72,"bufPctSmoothed":74,"bufPctDrawn":43,"redraws":6,"sinceLastRedrawMs":104,"lastSkipReason":"interval","last":true}
{"ok":true,"cmd":"get","var":"wrPosbar","bufPctRaw":72,"bufPctSmoothed":73,"bufPctDrawn":43,"redraws":6,"sinceLastRedrawMs":132,"lastSkipReason":"interval","last":true}
{"ok":true,"cmd":"get","var":"wrPosbar","bufPctRaw":72,"bufPctSmoothed":73,"bufPctDrawn":43,"redraws":6,"sinceLastRedrawMs":185,"lastSkipReason":"interval","last":true}
{"ok":true,"cmd":"get","var":"wrPosbar","bufPctRaw":72,"bufPctSmoothed":72,"bufPctDrawn":45,"redraws":7,"sinceLastRedrawMs":21,"lastSkipReason":"none","last":true}
{"ok":true,"cmd":"get","var":"wrPosbar","bufPctRaw":68,"bufPctSmoothed":71,"bufPctDrawn":45,"redraws":7,"sinceLastRedrawMs":68,"lastSkipReason":"interval","last":true}
{"ok":true,"cmd":"get","var":"wrPosbar","bufPctRaw":68,"bufPctSmoothed":70,"bufPctDrawn":45,"redraws":7,"sinceLastRedrawMs":103,"lastSkipReason":"interval","last":true}
{"ok":true,"cmd":"get","var":"wrPosbar","bufPctRaw":68,"bufPctSmoothed":69,"bufPctDrawn":45,"redraws":7,"sinceLastRedrawMs":131,"lastSkipReason":"interval","last":true}
{"ok":true,"cmd":"get","var":"wrPosbar","bufPctRaw":68,"bufPctSmoothed":69,"bufPctDrawn":45,"redraws":7,"sinceLastRedrawMs":183,"lastSkipReason":"interval","last":true}
{"ok":true,"cmd":"get","var":"wrPosbar","bufPctRaw":68,"bufPctSmoothed":68,"bufPctDrawn":47,"redraws":8,"sinceLastRedrawMs":18,"lastSkipReason":"interval","last":true}
{"ok":true,"cmd":"get","var":"wrPosbar","bufPctRaw":64,"bufPctSmoothed":67,"bufPctDrawn":47,"redraws":8,"sinceLastRedrawMs":56,"lastSkipReason":"interval","last":true}
{"ok":true,"cmd":"get","var":"wrPosbar","bufPctRaw":64,"bufPctSmoothed":65,"bufPctDrawn":47,"redraws":8,"sinceLastRedrawMs":104,"lastSkipReason":"interval","last":true}
{"ok":true,"cmd":"get","var":"wrPosbar","bufPctRaw":64,"bufPctSmoothed":65,"bufPctDrawn":47,"redraws":8,"sinceLastRedrawMs":132,"lastSkipReason":"interval","last":true}
{"ok":true,"cmd":"get","var":"wrPosbar","bufPctRaw":64,"bufPctSmoothed":65,"bufPctDrawn":47,"redraws":8,"sinceLastRedrawMs":174,"lastSkipReason":"interval","last":true}
{"ok":true,"cmd":"get","var":"wrPosbar","bufPctRaw":64,"bufPctSmoothed":64,"bufPctDrawn":49,"redraws":9,"sinceLastRedrawMs":7,"lastSkipReason":"none","last":true}
{"ok":true,"cmd":"get","var":"wrPosbar","bufPctRaw":64,"bufPctSmoothed":64,"bufPctDrawn":49,"redraws":9,"sinceLastRedrawMs":34,"lastSkipReason":"interval","last":true}
{"ok":true,"cmd":"get","var":"wrPosbar","bufPctRaw":60,"bufPctSmoothed":62,"bufPctDrawn":49,"redraws":9,"sinceLastRedrawMs":62,"lastSkipReason":"interval","last":true}
{"ok":true,"cmd":"get","var":"wrPosbar","bufPctRaw":60,"bufPctSmoothed":62,"bufPctDrawn":49,"redraws":9,"sinceLastRedrawMs":110,"lastSkipReason":"interval","last":true}
{"ok":true,"cmd":"get","var":"wrPosbar","bufPctRaw":60,"bufPctSmoothed":61,"bufPctDrawn":49,"redraws":9,"sinceLastRedrawMs":130,"lastSkipReason":"interval","last":true}
{"ok":true,"cmd":"get","var":"wrPosbar","bufPctRaw":60,"bufPctSmoothed":60,"bufPctDrawn":49,"redraws":9,"sinceLastRedrawMs":150,"lastSkipReason":"interval","last":true}
{"ok":true,"cmd":"get","var":"wrPosbar","bufPctRaw":60,"bufPctSmoothed":60,"bufPctDrawn":49,"redraws":9,"sinceLastRedrawMs":173,"lastSkipReason":"interval","last":true}
{"ok":true,"cmd":"get","var":"wrPosbar","bufPctRaw":60,"bufPctSmoothed":60,"bufPctDrawn":49,"redraws":9,"sinceLastRedrawMs":213,"lastSkipReason":"interval","last":true}
{"ok":true,"cmd":"get","var":"wrPosbar","bufPctRaw":56,"bufPctSmoothed":59,"bufPctDrawn":51,"redraws":10,"sinceLastRedrawMs":25,"lastSkipReason":"interval","last":true}
{"ok":true,"cmd":"get","var":"wrPosbar","bufPctRaw":56,"bufPctSmoothed":57,"bufPctDrawn":51,"redraws":10,"sinceLastRedrawMs":47,"lastSkipReason":"interval","last":true}
{"ok":true,"cmd":"get","var":"wrPosbar","bufPctRaw":56,"bufPctSmoothed":56,"bufPctDrawn":51,"redraws":10,"sinceLastRedrawMs":68,"lastSkipReason":"interval","last":true}
{"ok":true,"cmd":"get","var":"wrPosbar","bufPctRaw":56,"bufPctSmoothed":56,"bufPctDrawn":51,"redraws":10,"sinceLastRedrawMs":88,"lastSkipReason":"interval","last":true}
{"ok":true,"cmd":"get","var":"wrPosbar","bufPctRaw":56,"bufPctSmoothed":56,"bufPctDrawn":51,"redraws":10,"sinceLastRedrawMs":126,"lastSkipReason":"interval","last":true}
{"ok":true,"cmd":"get","var":"wrPosbar","bufPctRaw":56,"bufPctSmoothed":56,"bufPctDrawn":51,"redraws":10,"sinceLastRedrawMs":172,"lastSkipReason":"interval","last":true}
{"ok":true,"cmd":"get","var":"wrPosbar","bufPctRaw":56,"bufPctSmoothed":56,"bufPctDrawn":53,"redraws":11,"sinceLastRedrawMs":3,"lastSkipReason":"none","last":true}
{"ok":true,"cmd":"get","var":"wrPosbar","bufPctRaw":52,"bufPctSmoothed":55,"bufPctDrawn":53,"redraws":11,"sinceLastRedrawMs":70,"lastSkipReason":"interval","last":true}
{"ok":true,"cmd":"get","var":"wrPosbar","bufPctRaw":52,"bufPctSmoothed":53,"bufPctDrawn":53,"redraws":11,"sinceLastRedrawMs":122,"lastSkipReason":"interval","last":true}
{"ok":true,"cmd":"get","var":"wrPosbar","bufPctRaw":52,"bufPctSmoothed":52,"bufPctDrawn":53,"redraws":11,"sinceLastRedrawMs":153,"lastSkipReason":"interval","last":true}
{"ok":true,"cmd":"get","var":"wrPosbar","bufPctRaw":52,"bufPctSmoothed":52,"bufPctDrawn":53,"redraws":11,"sinceLastRedrawMs":174,"lastSkipReason":"interval","last":true}
{"ok":true,"cmd":"get","var":"wrPosbar","bufPctRaw":52,"bufPctSmoothed":52,"bufPctDrawn":53,"redraws":11,"sinceLastRedrawMs":194,"lastSkipReason":"interval","last":true}
{"ok":true,"cmd":"get","var":"wrPosbar","bufPctRaw":52,"bufPctSmoothed":52,"bufPctDrawn":52,"redraws":12,"sinceLastRedrawMs":7,"lastSkipReason":"interval","last":true}
{"ok":true,"cmd":"get","var":"wrPosbar","bufPctRaw":52,"bufPctSmoothed":52,"bufPctDrawn":52,"redraws":12,"sinceLastRedrawMs":27,"lastSkipReason":"interval","last":true}
{"ok":true,"cmd":"get","var":"wrPosbar","bufPctRaw":48,"bufPctSmoothed":49,"bufPctDrawn":52,"redraws":12,"sinceLastRedrawMs":49,"lastSkipReason":"interval","last":true}
{"ok":true,"cmd":"get","var":"wrPosbar","bufPctRaw":48,"bufPctSmoothed":48,"bufPctDrawn":52,"redraws":12,"sinceLastRedrawMs":69,"lastSkipReason":"interval","last":true}
{"ok":true,"cmd":"get","var":"wrPosbar","bufPctRaw":48,"bufPctSmoothed":48,"bufPctDrawn":52,"redraws":12,"sinceLastRedrawMs":90,"lastSkipReason":"interval","last":true}
{"ok":true,"cmd":"get","var":"wrPosbar","bufPctRaw":48,"bufPctSmoothed":48,"bufPctDrawn":52,"redraws":12,"sinceLastRedrawMs":111,"lastSkipReason":"interval","last":true}
{"ok":true,"cmd":"get","var":"wrPosbar","bufPctRaw":48,"bufPctSmoothed":48,"bufPctDrawn":52,"redraws":12,"sinceLastRedrawMs":131,"lastSkipReason":"interval","last":true}
{"ok":true,"cmd":"get","var":"wrPosbar","bufPctRaw":48,"bufPctSmoothed":48,"bufPctDrawn":52,"redraws":12,"sinceLastRedrawMs":151,"lastSkipReason":"interval","last":true}
{"ok":true,"cmd":"get","var":"wrPosbar","bufPctRaw":48,"bufPctSmoothed":48,"bufPctDrawn":52,"redraws":12,"sinceLastRedrawMs":173,"lastSkipReason":"interval","last":true}
{"ok":true,"cmd":"get","var":"wrPosbar","bufPctRaw":48,"bufPctSmoothed":48,"bufPctDrawn":52,"redraws":12,"sinceLastRedrawMs":193,"lastSkipReason":"interval","last":true}
{"ok":true,"cmd":"get","var":"wrPosbar","bufPctRaw":48,"bufPctSmoothed":48,"bufPctDrawn":50,"redraws":13,"sinceLastRedrawMs":5,"lastSkipReason":"interval","last":true}
{"ok":true,"cmd":"get","var":"wrPosbar","bufPctRaw":48,"bufPctSmoothed":48,"bufPctDrawn":50,"redraws":13,"sinceLastRedrawMs":27,"lastSkipReason":"interval","last":true}
{"ok":true,"cmd":"get","var":"wrPosbar","bufPctRaw":44,"bufPctSmoothed":45,"bufPctDrawn":50,"redraws":13,"sinceLastRedrawMs":47,"lastSkipReason":"interval","last":true}
{"ok":true,"cmd":"get","var":"wrPosbar","bufPctRaw":44,"bufPctSmoothed":45,"bufPctDrawn":50,"redraws":13,"sinceLastRedrawMs":80,"lastSkipReason":"interval","last":true}
{"ok":true,"cmd":"get","var":"wrPosbar","bufPctRaw":44,"bufPctSmoothed":44,"bufPctDrawn":50,"redraws":13,"sinceLastRedrawMs":125,"lastSkipReason":"interval","last":true}
{"ok":true,"cmd":"get","var":"wrPosbar","bufPctRaw":44,"bufPctSmoothed":44,"bufPctDrawn":50,"redraws":13,"sinceLastRedrawMs":146,"lastSkipReason":"interval","last":true}
{"ok":true,"cmd":"get","var":"wrPosbar","bufPctRaw":44,"bufPctSmoothed":44,"bufPctDrawn":50,"redraws":13,"sinceLastRedrawMs":168,"lastSkipReason":"interval","last":true}
{"ok":true,"cmd":"get","var":"wrPosbar","bufPctRaw":44,"bufPctSmoothed":44,"bufPctDrawn":50,"redraws":13,"sinceLastRedrawMs":192,"lastSkipReason":"interval","last":true}
{"ok":true,"cmd":"get","var":"wrPosbar","bufPctRaw":44,"bufPctSmoothed":44,"bufPctDrawn":48,"redraws":14,"sinceLastRedrawMs":10,"lastSkipReason":"interval","last":true}
{"ok":true,"cmd":"get","var":"wrPosbar","bufPctRaw":40,"bufPctSmoothed":43,"bufPctDrawn":48,"redraws":14,"sinceLastRedrawMs":65,"lastSkipReason":"interval","last":true}
{"ok":true,"cmd":"get","var":"wrPosbar","bufPctRaw":40,"bufPctSmoothed":42,"bufPctDrawn":48,"redraws":14,"sinceLastRedrawMs":109,"lastSkipReason":"interval","last":true}
{"ok":true,"cmd":"get","var":"wrPosbar","bufPctRaw":40,"bufPctSmoothed":41,"bufPctDrawn":48,"redraws":14,"sinceLastRedrawMs":154,"lastSkipReason":"interval","last":true}
{"ok":true,"cmd":"get","var":"wrPosbar","bufPctRaw":40,"bufPctSmoothed":40,"bufPctDrawn":48,"redraws":14,"sinceLastRedrawMs":199,"lastSkipReason":"interval","last":true}
{"ok":true,"cmd":"get","var":"wrPosbar","bufPctRaw":40,"bufPctSmoothed":40,"bufPctDrawn":46,"redraws":15,"sinceLastRedrawMs":18,"lastSkipReason":"interval","last":true}
{"ok":true,"cmd":"get","var":"wrPosbar","bufPctRaw":36,"bufPctSmoothed":39,"bufPctDrawn":46,"redraws":15,"sinceLastRedrawMs":51,"lastSkipReason":"interval","last":true}
{"ok":true,"cmd":"get","var":"wrPosbar","bufPctRaw":36,"bufPctSmoothed":37,"bufPctDrawn":46,"redraws":15,"sinceLastRedrawMs":73,"lastSkipReason":"interval","last":true}
{"ok":true,"cmd":"get","var":"wrPosbar","bufPctRaw":36,"bufPctSmoothed":36,"bufPctDrawn":46,"redraws":15,"sinceLastRedrawMs":95,"lastSkipReason":"interval","last":true}
{"ok":true,"cmd":"get","var":"wrPosbar","bufPctRaw":36,"bufPctSmoothed":36,"bufPctDrawn":46,"redraws":15,"sinceLastRedrawMs":149,"lastSkipReason":"interval","last":true}
{"ok":true,"cmd":"get","var":"wrPosbar","bufPctRaw":36,"bufPctSmoothed":36,"bufPctDrawn":46,"redraws":15,"sinceLastRedrawMs":196,"lastSkipReason":"interval","last":true}
{"ok":true,"cmd":"get","var":"wrPosbar","bufPctRaw":32,"bufPctSmoothed":35,"bufPctDrawn":44,"redraws":16,"sinceLastRedrawMs":21,"lastSkipReason":"interval","last":true}
{"ok":true,"cmd":"get","var":"wrPosbar","bufPctRaw":32,"bufPctSmoothed":34,"bufPctDrawn":44,"redraws":16,"sinceLastRedrawMs":45,"lastSkipReason":"interval","last":true}
{"ok":true,"cmd":"get","var":"wrPosbar","bufPctRaw":32,"bufPctSmoothed":33,"bufPctDrawn":44,"redraws":16,"sinceLastRedrawMs":65,"lastSkipReason":"interval","last":true}
{"ok":true,"cmd":"get","var":"wrPosbar","bufPctRaw":32,"bufPctSmoothed":32,"bufPctDrawn":44,"redraws":16,"sinceLastRedrawMs":85,"lastSkipReason":"interval","last":true}
{"ok":true,"cmd":"get","var":"wrPosbar","bufPctRaw":32,"bufPctSmoothed":32,"bufPctDrawn":44,"redraws":16,"sinceLastRedrawMs":105,"lastSkipReason":"interval","last":true}
{"ok":true,"cmd":"get","var":"wrPosbar","bufPctRaw":32,"bufPctSmoothed":32,"bufPctDrawn":44,"redraws":16,"sinceLastRedrawMs":127,"lastSkipReason":"interval","last":true}
{"ok":true,"cmd":"get","var":"wrPosbar","bufPctRaw":32,"bufPctSmoothed":32,"bufPctDrawn":44,"redraws":16,"sinceLastRedrawMs":151,"lastSkipReason":"interval","last":true}
{"ok":true,"cmd":"get","var":"wrPosbar","bufPctRaw":32,"bufPctSmoothed":32,"bufPctDrawn":44,"redraws":16,"sinceLastRedrawMs":173,"lastSkipReason":"interval","last":true}
{"ok":true,"cmd":"get","var":"wrPosbar","bufPctRaw":32,"bufPctSmoothed":32,"bufPctDrawn":44,"redraws":16,"sinceLastRedrawMs":193,"lastSkipReason":"interval","last":true}
{"ok":true,"cmd":"get","var":"wrPosbar","bufPctRaw":32,"bufPctSmoothed":32,"bufPctDrawn":42,"redraws":17,"sinceLastRedrawMs":5,"lastSkipReason":"interval","last":true}
{"ok":true,"cmd":"get","var":"wrPosbar","bufPctRaw":28,"bufPctSmoothed":30,"bufPctDrawn":42,"redraws":17,"sinceLastRedrawMs":52,"lastSkipReason":"interval","last":true}
{"ok":true,"cmd":"get","var":"wrPosbar","bufPctRaw":28,"bufPctSmoothed":29,"bufPctDrawn":42,"redraws":17,"sinceLastRedrawMs":99,"lastSkipReason":"interval","last":true}
{"ok":true,"cmd":"get","var":"wrPosbar","bufPctRaw":28,"bufPctSmoothed":28,"bufPctDrawn":42,"redraws":17,"sinceLastRedrawMs":119,"lastSkipReason":"interval","last":true}
{"ok":true,"cmd":"get","var":"wrPosbar","bufPctRaw":28,"bufPctSmoothed":28,"bufPctDrawn":42,"redraws":17,"sinceLastRedrawMs":156,"lastSkipReason":"interval","last":true}
{"ok":true,"cmd":"get","var":"wrPosbar","bufPctRaw":28,"bufPctSmoothed":28,"bufPctDrawn":40,"redraws":18,"sinceLastRedrawMs":3,"lastSkipReason":"none","last":true}
{"ok":true,"cmd":"get","var":"wrPosbar","bufPctRaw":24,"bufPctSmoothed":27,"bufPctDrawn":40,"redraws":18,"sinceLastRedrawMs":50,"lastSkipReason":"interval","last":true}
{"ok":true,"cmd":"get","var":"wrPosbar","bufPctRaw":24,"bufPctSmoothed":25,"bufPctDrawn":40,"redraws":18,"sinceLastRedrawMs":94,"lastSkipReason":"interval","last":true}
{"ok":true,"cmd":"get","var":"wrPosbar","bufPctRaw":24,"bufPctSmoothed":25,"bufPctDrawn":40,"redraws":18,"sinceLastRedrawMs":144,"lastSkipReason":"interval","last":true}
{"ok":true,"cmd":"get","var":"wrPosbar","bufPctRaw":24,"bufPctSmoothed":25,"bufPctDrawn":40,"redraws":18,"sinceLastRedrawMs":191,"lastSkipReason":"interval","last":true}
{"ok":true,"cmd":"get","var":"wrPosbar","bufPctRaw":24,"bufPctSmoothed":24,"bufPctDrawn":38,"redraws":19,"sinceLastRedrawMs":19,"lastSkipReason":"none","last":true}
{"ok":true,"cmd":"get","var":"wrPosbar","bufPctRaw":20,"bufPctSmoothed":23,"bufPctDrawn":38,"redraws":19,"sinceLastRedrawMs":53,"lastSkipReason":"interval","last":true}
{"ok":true,"cmd":"get","var":"wrPosbar","bufPctRaw":20,"bufPctSmoothed":22,"bufPctDrawn":38,"redraws":19,"sinceLastRedrawMs":78,"lastSkipReason":"interval","last":true}
{"ok":true,"cmd":"get","var":"wrPosbar","bufPctRaw":20,"bufPctSmoothed":22,"bufPctDrawn":38,"redraws":19,"sinceLastRedrawMs":108,"lastSkipReason":"interval","last":true}
{"ok":true,"cmd":"get","var":"wrPosbar","bufPctRaw":20,"bufPctSmoothed":21,"bufPctDrawn":38,"redraws":19,"sinceLastRedrawMs":153,"lastSkipReason":"interval","last":true}
{"ok":true,"cmd":"get","var":"wrPosbar","bufPctRaw":20,"bufPctSmoothed":21,"bufPctDrawn":38,"redraws":19,"sinceLastRedrawMs":183,"lastSkipReason":"interval","last":true}
{"ok":true,"cmd":"get","var":"wrPosbar","bufPctRaw":20,"bufPctSmoothed":20,"bufPctDrawn":36,"redraws":20,"sinceLastRedrawMs":20,"lastSkipReason":"interval","last":true}
{"ok":true,"cmd":"get","var":"wrPosbar","bufPctRaw":16,"bufPctSmoothed":19,"bufPctDrawn":36,"redraws":20,"sinceLastRedrawMs":55,"lastSkipReason":"interval","last":true}
{"ok":true,"cmd":"get","var":"wrPosbar","bufPctRaw":16,"bufPctSmoothed":18,"bufPctDrawn":36,"redraws":20,"sinceLastRedrawMs":81,"lastSkipReason":"interval","last":true}
{"ok":true,"cmd":"get","var":"wrPosbar","bufPctRaw":16,"bufPctSmoothed":17,"bufPctDrawn":36,"redraws":20,"sinceLastRedrawMs":132,"lastSkipReason":"interval","last":true}
{"ok":true,"cmd":"get","var":"wrPosbar","bufPctRaw":16,"bufPctSmoothed":17,"bufPctDrawn":36,"redraws":20,"sinceLastRedrawMs":174,"lastSkipReason":"interval","last":true}
{"ok":true,"cmd":"get","var":"wrPosbar","bufPctRaw":16,"bufPctSmoothed":17,"bufPctDrawn":34,"redraws":21,"sinceLastRedrawMs":23,"lastSkipReason":"interval","last":true}
{"ok":true,"cmd":"get","var":"wrPosbar","bufPctRaw":12,"bufPctSmoothed":16,"bufPctDrawn":34,"redraws":21,"sinceLastRedrawMs":64,"lastSkipReason":"interval","last":true}
{"ok":true,"cmd":"get","var":"wrPosbar","bufPctRaw":12,"bufPctSmoothed":14,"bufPctDrawn":34,"redraws":21,"sinceLastRedrawMs":109,"lastSkipReason":"interval","last":true}
{"ok":true,"cmd":"get","var":"wrPosbar","bufPctRaw":12,"bufPctSmoothed":13,"bufPctDrawn":34,"redraws":21,"sinceLastRedrawMs":137,"lastSkipReason":"interval","last":true}
{"ok":true,"cmd":"get","var":"wrPosbar","bufPctRaw":12,"bufPctSmoothed":13,"bufPctDrawn":34,"redraws":21,"sinceLastRedrawMs":190,"lastSkipReason":"interval","last":true}
{"ok":true,"cmd":"get","var":"wrPosbar","bufPctRaw":12,"bufPctSmoothed":12,"bufPctDrawn":32,"redraws":22,"sinceLastRedrawMs":7,"lastSkipReason":"interval","last":true}
{"ok":true,"cmd":"get","var":"wrPosbar","bufPctRaw":12,"bufPctSmoothed":12,"bufPctDrawn":32,"redraws":22,"sinceLastRedrawMs":49,"lastSkipReason":"interval","last":true}
{"ok":true,"cmd":"get","var":"wrPosbar","bufPctRaw":8,"bufPctSmoothed":11,"bufPctDrawn":32,"redraws":22,"sinceLastRedrawMs":82,"lastSkipReason":"interval","last":true}
{"ok":true,"cmd":"get","var":"wrPosbar","bufPctRaw":8,"bufPctSmoothed":11,"bufPctDrawn":32,"redraws":22,"sinceLastRedrawMs":128,"lastSkipReason":"interval","last":true}
{"ok":true,"cmd":"get","var":"wrPosbar","bufPctRaw":8,"bufPctSmoothed":10,"bufPctDrawn":32,"redraws":22,"sinceLastRedrawMs":162,"lastSkipReason":"interval","last":true}
{"ok":true,"cmd":"get","var":"wrPosbar","bufPctRaw":8,"bufPctSmoothed":9,"bufPctDrawn":30,"redraws":23,"sinceLastRedrawMs":6,"lastSkipReason":"none","last":true}
{"ok":true,"cmd":"get","var":"wrPosbar","bufPctRaw":8,"bufPctSmoothed":9,"bufPctDrawn":30,"redraws":23,"sinceLastRedrawMs":33,"lastSkipReason":"interval","last":true}
{"ok":true,"cmd":"get","var":"wrPosbar","bufPctRaw":8,"bufPctSmoothed":9,"bufPctDrawn":30,"redraws":23,"sinceLastRedrawMs":75,"lastSkipReason":"interval","last":true}
{"ok":true,"cmd":"get","var":"wrPosbar","bufPctRaw":4,"bufPctSmoothed":7,"bufPctDrawn":30,"redraws":23,"sinceLastRedrawMs":113,"lastSkipReason":"interval","last":true}
{"ok":true,"cmd":"get","var":"wrPosbar","bufPctRaw":4,"bufPctSmoothed":6,"bufPctDrawn":30,"redraws":23,"sinceLastRedrawMs":141,"lastSkipReason":"interval","last":true}
{"ok":true,"cmd":"get","var":"wrPosbar","bufPctRaw":4,"bufPctSmoothed":5,"bufPctDrawn":30,"redraws":23,"sinceLastRedrawMs":190,"lastSkipReason":"interval","last":true}
{"ok":true,"cmd":"get","var":"wrPosbar","bufPctRaw":4,"bufPctSmoothed":5,"bufPctDrawn":28,"redraws":24,"sinceLastRedrawMs":30,"lastSkipReason":"interval","last":true}
{"ok":true,"cmd":"get","var":"wrPosbar","bufPctRaw":4,"bufPctSmoothed":4,"bufPctDrawn":28,"redraws":24,"sinceLastRedrawMs":59,"lastSkipReason":"interval","last":true}
{"ok":true,"cmd":"get","var":"wrPosbar","bufPctRaw":0,"bufPctSmoothed":4,"bufPctDrawn":28,"redraws":24,"sinceLastRedrawMs":86,"lastSkipReason":"interval","last":true}
{"ok":true,"cmd":"get","var":"wrPosbar","bufPctRaw":0,"bufPctSmoothed":1,"bufPctDrawn":28,"redraws":24,"sinceLastRedrawMs":134,"lastSkipReason":"interval","last":true}
{"ok":true,"cmd":"get","var":"wrPosbar","bufPctRaw":0,"bufPctSmoothed":1,"bufPctDrawn":28,"redraws":24,"sinceLastRedrawMs":186,"lastSkipReason":"interval","last":true}
{"ok":true,"cmd":"get","var":"wrPosbar","bufPctRaw":0,"bufPctSmoothed":1,"bufPctDrawn":26,"redraws":25,"sinceLastRedrawMs":18,"lastSkipReason":"none","last":true}
{"ok":true,"cmd":"get","var":"wrPosbar","bufPctRaw":0,"bufPctSmoothed":0,"bufPctDrawn":26,"redraws":25,"sinceLastRedrawMs":66,"lastSkipReason":"interval","last":true}
{"ok":true,"cmd":"get","var":"wrPosbar","bufPctRaw":0,"bufPctSmoothed":0,"bufPctDrawn":26,"redraws":25,"sinceLastRedrawMs":100,"lastSkipReason":"interval","last":true}
{"ok":true,"cmd":"get","var":"wrPosbar","bufPctRaw":0,"bufPctSmoothed":0,"bufPctDrawn":26,"redraws":25,"sinceLastRedrawMs":133,"lastSkipReason":"interval","last":true}
{"ok":true,"cmd":"get","var":"wrPosbar","bufPctRaw":0,"bufPctSmoothed":0,"bufPctDrawn":26,"redraws":25,"sinceLastRedrawMs":180,"lastSkipReason":"interval","last":true}
{"ok":true,"cmd":"get","var":"wrPosbar","bufPctRaw":0,"bufPctSmoothed":0,"bufPctDrawn":24,"redraws":26,"sinceLastRedrawMs":18,"lastSkipReason":"interval","last":true}
{"ok":true,"cmd":"get","var":"wrPosbar","bufPctRaw":0,"bufPctSmoothed":0,"bufPctDrawn":24,"redraws":26,"sinceLastRedrawMs":58,"lastSkipReason":"interval","last":true}
{"ok":true,"cmd":"get","var":"wrPosbar","bufPctRaw":0,"bufPctSmoothed":0,"bufPctDrawn":24,"redraws":26,"sinceLastRedrawMs":107,"lastSkipReason":"interval","last":true}
{"ok":true,"cmd":"get","var":"wrPosbar","bufPctRaw":0,"bufPctSmoothed":0,"bufPctDrawn":24,"redraws":26,"sinceLastRedrawMs":132,"lastSkipReason":"interval","last":true}
{"ok":true,"cmd":"get","var":"wrPosbar","bufPctRaw":0,"bufPctSmoothed":0,"bufPctDrawn":24,"redraws":26,"sinceLastRedrawMs":162,"lastSkipReason":"interval","last":true}
{"ok":true,"cmd":"get","var":"wrPosbar","bufPctRaw":0,"bufPctSmoothed":0,"bufPctDrawn":24,"redraws":26,"sinceLastRedrawMs":188,"lastSkipReason":"interval","last":true}
{"ok":true,"cmd":"get","var":"wrPosbar","bufPctRaw":0,"bufPctSmoothed":0,"bufPctDrawn":22,"redraws":27,"sinceLastRedrawMs":4,"lastSkipReason":"none","last":true}
{"ok":true,"cmd":"get","var":"wrPosbar","bufPctRaw":0,"bufPctSmoothed":0,"bufPctDrawn":22,"redraws":27,"sinceLastRedrawMs":28,"lastSkipReason":"interval","last":true}
{"ok":true,"cmd":"get","var":"wrPosbar","bufPctRaw":0,"bufPctSmoothed":0,"bufPctDrawn":22,"redraws":27,"sinceLastRedrawMs":58,"lastSkipReason":"interval","last":true}
{"ok":true,"cmd":"get","var":"wrPosbar","bufPctRaw":0,"bufPctSmoothed":0,"bufPctDrawn":22,"redraws":27,"sinceLastRedrawMs":84,"lastSkipReason":"interval","last":true}
{"ok":true,"cmd":"get","var":"wrPosbar","bufPctRaw":0,"bufPctSmoothed":0,"bufPctDrawn":22,"redraws":27,"sinceLastRedrawMs":134,"lastSkipReason":"interval","last":true}
{"ok":true,"cmd":"get","var":"wrPosbar","bufPctRaw":0,"bufPctSmoothed":0,"bufPctDrawn":22,"redraws":27,"sinceLastRedrawMs":184,"lastSkipReason":"interval","last":true}
{"ok":true,"cmd":"get","var":"wrPosbar","bufPctRaw":0,"bufPctSmoothed":0,"bufPctDrawn":20,"redraws":28,"sinceLastRedrawMs":4,"lastSkipReason":"none","last":true}
{"ok":true,"cmd":"get","var":"wrPosbar","bufPctRaw":0,"bufPctSmoothed":0,"bufPctDrawn":20,"redraws":28,"sinceLastRedrawMs":29,"lastSkipReason":"interval","last":true}
{"ok":true,"cmd":"get","var":"wrPosbar","bufPctRaw":0,"bufPctSmoothed":0,"bufPctDrawn":20,"redraws":28,"sinceLastRedrawMs":76,"lastSkipReason":"interval","last":true}
{"ok":true,"cmd":"get","var":"wrPosbar","bufPctRaw":0,"bufPctSmoothed":0,"bufPctDrawn":20,"redraws":28,"sinceLastRedrawMs":126,"lastSkipReason":"interval","last":true}
{"ok":true,"cmd":"get","var":"wrPosbar","bufPctRaw":0,"bufPctSmoothed":0,"bufPctDrawn":20,"redraws":28,"sinceLastRedrawMs":156,"lastSkipReason":"interval","last":true}
{"ok":true,"cmd":"get","var":"wrPosbar","bufPctRaw":0,"bufPctSmoothed":0,"bufPctDrawn":20,"redraws":28,"sinceLastRedrawMs":186,"lastSkipReason":"interval","last":true}
{"ok":true,"cmd":"get","var":"wrPosbar","bufPctRaw":0,"bufPctSmoothed":0,"bufPctDrawn":18,"redraws":29,"sinceLastRedrawMs":20,"lastSkipReason":"interval","last":true}
{"ok":true,"cmd":"get","var":"wrPosbar","bufPctRaw":0,"bufPctSmoothed":0,"bufPctDrawn":18,"redraws":29,"sinceLastRedrawMs":54,"lastSkipReason":"interval","last":true}
{"ok":true,"cmd":"get","var":"wrPosbar","bufPctRaw":0,"bufPctSmoothed":0,"bufPctDrawn":18,"redraws":29,"sinceLastRedrawMs":82,"lastSkipReason":"interval","last":true}
{"ok":true,"cmd":"get","var":"wrPosbar","bufPctRaw":0,"bufPctSmoothed":0,"bufPctDrawn":18,"redraws":29,"sinceLastRedrawMs":111,"lastSkipReason":"interval","last":true}
{"ok":true,"cmd":"get","var":"wrPosbar","bufPctRaw":0,"bufPctSmoothed":0,"bufPctDrawn":18,"redraws":29,"sinceLastRedrawMs":136,"lastSkipReason":"interval","last":true}
{"ok":true,"cmd":"get","var":"wrPosbar","bufPctRaw":0,"bufPctSmoothed":0,"bufPctDrawn":18,"redraws":29,"sinceLastRedrawMs":165,"lastSkipReason":"interval","last":true}
{"ok":true,"cmd":"get","var":"wrPosbar","bufPctRaw":0,"bufPctSmoothed":0,"bufPctDrawn":16,"redraws":30,"sinceLastRedrawMs":6,"lastSkipReason":"none","last":true}
{"ok":true,"cmd":"get","var":"wrPosbar","bufPctRaw":0,"bufPctSmoothed":0,"bufPctDrawn":16,"redraws":30,"sinceLastRedrawMs":34,"lastSkipReason":"interval","last":true}
{"ok":true,"cmd":"get","var":"wrPosbar","bufPctRaw":0,"bufPctSmoothed":0,"bufPctDrawn":16,"redraws":30,"sinceLastRedrawMs":75,"lastSkipReason":"interval","last":true}
{"ok":true,"cmd":"get","var":"wrPosbar","bufPctRaw":0,"bufPctSmoothed":0,"bufPctDrawn":16,"redraws":30,"sinceLastRedrawMs":109,"lastSkipReason":"interval","last":true}
{"ok":true,"cmd":"get","var":"wrPosbar","bufPctRaw":0,"bufPctSmoothed":0,"bufPctDrawn":16,"redraws":30,"sinceLastRedrawMs":137,"lastSkipReason":"interval","last":true}
[W][perf] iter=52ms (worst path so far: wr.connect:156ms)
{"ok":true,"cmd":"get","var":"wrPosbar","bufPctRaw":0,"bufPctSmoothed":0,"bufPctDrawn":16,"redraws":30,"sinceLastRedrawMs":190,"lastSkipReason":"interval","last":true}
{"ok":true,"cmd":"get","var":"wrPosbar","bufPctRaw":0,"bufPctSmoothed":0,"bufPctDrawn":14,"redraws":31,"sinceLastRedrawMs":28,"lastSkipReason":"interval","last":true}
{"ok":true,"cmd":"get","var":"wrPosbar","bufPctRaw":0,"bufPctSmoothed":0,"bufPctDrawn":14,"redraws":31,"sinceLastRedrawMs":79,"lastSkipReason":"interval","last":true}
{"ok":true,"cmd":"get","var":"wrPosbar","bufPctRaw":0,"bufPctSmoothed":0,"bufPctDrawn":14,"redraws":31,"sinceLastRedrawMs":110,"lastSkipReason":"interval","last":true}
{"ok":true,"cmd":"get","var":"wrPosbar","bufPctRaw":0,"bufPctSmoothed":0,"bufPctDrawn":14,"redraws":31,"sinceLastRedrawMs":155,"lastSkipReason":"interval","last":true}
{"ok":true,"cmd":"get","var":"wrPosbar","bufPctRaw":0,"bufPctSmoothed":0,"bufPctDrawn":14,"redraws":31,"sinceLastRedrawMs":183,"lastSkipReason":"interval","last":true}
{"ok":true,"cmd":"get","var":"wrPosbar","bufPctRaw":0,"bufPctSmoothed":0,"bufPctDrawn":12,"redraws":32,"sinceLastRedrawMs":29,"lastSkipReason":"interval","last":true}
{"ok":true,"cmd":"get","var":"wrPosbar","bufPctRaw":0,"bufPctSmoothed":0,"bufPctDrawn":12,"redraws":32,"sinceLastRedrawMs":81,"lastSkipReason":"interval","last":true}
{"ok":true,"cmd":"get","var":"wrPosbar","bufPctRaw":0,"bufPctSmoothed":0,"bufPctDrawn":12,"redraws":32,"sinceLastRedrawMs":135,"lastSkipReason":"interval","last":true}
[W][perf] iter=53ms (worst path so far: wr.connect:156ms)
{"ok":true,"cmd":"get","var":"wrPosbar","bufPctRaw":0,"bufPctSmoothed":0,"bufPctDrawn":12,"redraws":32,"sinceLastRedrawMs":187,"lastSkipReason":"interval","last":true}
{"ok":true,"cmd":"get","var":"wrPosbar","bufPctRaw":0,"bufPctSmoothed":0,"bufPctDrawn":10,"redraws":33,"sinceLastRedrawMs":29,"lastSkipReason":"interval","last":true}
{"ok":true,"cmd":"get","var":"wrPosbar","bufPctRaw":0,"bufPctSmoothed":0,"bufPctDrawn":10,"redraws":33,"sinceLastRedrawMs":58,"lastSkipReason":"interval","last":true}
{"ok":true,"cmd":"get","var":"wrPosbar","bufPctRaw":0,"bufPctSmoothed":0,"bufPctDrawn":10,"redraws":33,"sinceLastRedrawMs":105,"lastSkipReason":"interval","last":true}
{"ok":true,"cmd":"get","var":"wrPosbar","bufPctRaw":0,"bufPctSmoothed":0,"bufPctDrawn":10,"redraws":33,"sinceLastRedrawMs":133,"lastSkipReason":"interval","last":true}
{"ok":true,"cmd":"get","var":"wrPosbar","bufPctRaw":0,"bufPctSmoothed":0,"bufPctDrawn":10,"redraws":33,"sinceLastRedrawMs":185,"lastSkipReason":"interval","last":true}
{"ok":true,"cmd":"get","var":"wrPosbar","bufPctRaw":0,"bufPctSmoothed":0,"bufPctDrawn":8,"redraws":34,"sinceLastRedrawMs":18,"lastSkipReason":"none","last":true}
{"ok":true,"cmd":"get","var":"wrPosbar","bufPctRaw":0,"bufPctSmoothed":0,"bufPctDrawn":8,"redraws":34,"sinceLastRedrawMs":54,"lastSkipReason":"interval","last":true}
{"ok":true,"cmd":"get","var":"wrPosbar","bufPctRaw":0,"bufPctSmoothed":0,"bufPctDrawn":8,"redraws":34,"sinceLastRedrawMs":81,"lastSkipReason":"interval","last":true}
{"ok":true,"cmd":"get","var":"wrPosbar","bufPctRaw":0,"bufPctSmoothed":0,"bufPctDrawn":8,"redraws":34,"sinceLastRedrawMs":131,"lastSkipReason":"interval","last":true}
{"ok":true,"cmd":"get","var":"wrPosbar","bufPctRaw":0,"bufPctSmoothed":0,"bufPctDrawn":8,"redraws":34,"sinceLastRedrawMs":181,"lastSkipReason":"interval","last":true}
{"ok":true,"cmd":"get","var":"wrPosbar","bufPctRaw":0,"bufPctSmoothed":0,"bufPctDrawn":6,"redraws":35,"sinceLastRedrawMs":24,"lastSkipReason":"interval","last":true}
{"ok":true,"cmd":"get","var":"wrPosbar","bufPctRaw":0,"bufPctSmoothed":0,"bufPctDrawn":6,"redraws":35,"sinceLastRedrawMs":69,"lastSkipReason":"interval","last":true}
{"ok":true,"cmd":"get","var":"wrPosbar","bufPctRaw":0,"bufPctSmoothed":0,"bufPctDrawn":6,"redraws":35,"sinceLastRedrawMs":100,"lastSkipReason":"interval","last":true}
{"ok":true,"cmd":"get","var":"wrPosbar","bufPctRaw":0,"bufPctSmoothed":0,"bufPctDrawn":6,"redraws":35,"sinceLastRedrawMs":128,"lastSkipReason":"interval","last":true}
{"ok":true,"cmd":"get","var":"wrPosbar","bufPctRaw":0,"bufPctSmoothed":0,"bufPctDrawn":6,"redraws":35,"sinceLastRedrawMs":184,"lastSkipReason":"interval","last":true}
{"ok":true,"cmd":"get","var":"wrPosbar","bufPctRaw":0,"bufPctSmoothed":0,"bufPctDrawn":4,"redraws":36,"sinceLastRedrawMs":28,"lastSkipReason":"interval","last":true}
{"ok":true,"cmd":"get","var":"wrPosbar","bufPctRaw":0,"bufPctSmoothed":0,"bufPctDrawn":4,"redraws":36,"sinceLastRedrawMs":71,"lastSkipReason":"interval","last":true}
{"ok":true,"cmd":"get","var":"wrPosbar","bufPctRaw":0,"bufPctSmoothed":0,"bufPctDrawn":4,"redraws":36,"sinceLastRedrawMs":107,"lastSkipReason":"interval","last":true}
{"ok":true,"cmd":"get","var":"wrPosbar","bufPctRaw":0,"bufPctSmoothed":0,"bufPctDrawn":4,"redraws":36,"sinceLastRedrawMs":133,"lastSkipReason":"interval","last":true}
{"ok":true,"cmd":"get","var":"wrPosbar","bufPctRaw":0,"bufPctSmoothed":0,"bufPctDrawn":4,"redraws":36,"sinceLastRedrawMs":185,"lastSkipReason":"interval","last":true}
{"ok":true,"cmd":"get","var":"wrPosbar","bufPctRaw":0,"bufPctSmoothed":0,"bufPctDrawn":2,"redraws":37,"sinceLastRedrawMs":17,"lastSkipReason":"none","last":true}
{"ok":true,"cmd":"get","var":"wrPosbar","bufPctRaw":0,"bufPctSmoothed":0,"bufPctDrawn":2,"redraws":37,"sinceLastRedrawMs":54,"lastSkipReason":"interval","last":true}
{"ok":true,"cmd":"get","var":"wrPosbar","bufPctRaw":0,"bufPctSmoothed":0,"bufPctDrawn":2,"redraws":37,"sinceLastRedrawMs":79,"lastSkipReason":"interval","last":true}
{"ok":true,"cmd":"get","var":"wrPosbar","bufPctRaw":0,"bufPctSmoothed":0,"bufPctDrawn":2,"redraws":37,"sinceLastRedrawMs":109,"lastSkipReason":"interval","last":true}
{"ok":true,"cmd":"get","var":"wrPosbar","bufPctRaw":0,"bufPctSmoothed":0,"bufPctDrawn":2,"redraws":37,"sinceLastRedrawMs":150,"lastSkipReason":"interval","last":true}
{"ok":true,"cmd":"get","var":"wrPosbar","bufPctRaw":0,"bufPctSmoothed":0,"bufPctDrawn":2,"redraws":37,"sinceLastRedrawMs":184,"lastSkipReason":"interval","last":true}
{"ok":true,"cmd":"get","var":"wrPosbar","bufPctRaw":0,"bufPctSmoothed":0,"bufPctDrawn":0,"redraws":38,"sinceLastRedrawMs":22,"lastSkipReason":"interval","last":true}
{"ok":true,"cmd":"get","var":"wrPosbar","bufPctRaw":0,"bufPctSmoothed":0,"bufPctDrawn":0,"redraws":38,"sinceLastRedrawMs":54,"lastSkipReason":"interval","last":true}
{"ok":true,"cmd":"get","var":"wrPosbar","bufPctRaw":0,"bufPctSmoothed":0,"bufPctDrawn":0,"redraws":38,"sinceLastRedrawMs":81,"lastSkipReason":"interval","last":true}
[W][perf] iter=52ms (worst path so far: wr.connect:156ms)
{"ok":true,"cmd":"set","var":"wrPosbarSimDrain","val":"0"}
{"ok":true,"cmd":"get","var":"wrPosbar","bufPctRaw":93,"bufPctSmoothed":35,"bufPctDrawn":0,"redraws":38,"sinceLastRedrawMs":157,"lastSkipReason":"interval","last":true}
{"ok":true,"cmd":"get","var":"wrPosbar","bufPctRaw":93,"bufPctSmoothed":46,"bufPctDrawn":0,"redraws":38,"sinceLastRedrawMs":185,"lastSkipReason":"interval","last":true}
{"ok":true,"cmd":"get","var":"wrPosbar","bufPctRaw":100,"bufPctSmoothed":64,"bufPctDrawn":2,"redraws":39,"sinceLastRedrawMs":19,"lastSkipReason":"interval","last":true}
[W][perf] iter=53ms (worst path so far: wr.connect:156ms)
{"ok":true,"cmd":"get","var":"wrPosbar","bufPctRaw":100,"bufPctSmoothed":72,"bufPctDrawn":2,"redraws":39,"sinceLastRedrawMs":60,"lastSkipReason":"interval","last":true}
{"ok":true,"cmd":"get","var":"wrPosbar","bufPctRaw":93,"bufPctSmoothed":84,"bufPctDrawn":2,"redraws":39,"sinceLastRedrawMs":105,"lastSkipReason":"interval","last":true}
{"ok":true,"cmd":"get","var":"wrPosbar","bufPctRaw":93,"bufPctSmoothed":86,"bufPctDrawn":2,"redraws":39,"sinceLastRedrawMs":133,"lastSkipReason":"interval","last":true}
{"ok":true,"cmd":"get","var":"wrPosbar","bufPctRaw":93,"bufPctSmoothed":92,"bufPctDrawn":2,"redraws":39,"sinceLastRedrawMs":185,"lastSkipReason":"interval","last":true}
{"ok":true,"cmd":"get","var":"wrPosbar","bufPctRaw":93,"bufPctSmoothed":94,"bufPctDrawn":4,"redraws":40,"sinceLastRedrawMs":28,"lastSkipReason":"interval","last":true}
{"ok":true,"cmd":"get","var":"wrPosbar","bufPctRaw":93,"bufPctSmoothed":95,"bufPctDrawn":4,"redraws":40,"sinceLastRedrawMs":81,"lastSkipReason":"interval","last":true}
[W][perf] iter=52ms (worst path so far: wr.connect:156ms)
{"ok":true,"cmd":"get","var":"wrPosbar","bufPctRaw":93,"bufPctSmoothed":94,"bufPctDrawn":4,"redraws":40,"sinceLastRedrawMs":134,"lastSkipReason":"interval","last":true}
{"ok":true,"cmd":"get","var":"wrPosbar","bufPctRaw":93,"bufPctSmoothed":95,"bufPctDrawn":4,"redraws":40,"sinceLastRedrawMs":185,"lastSkipReason":"interval","last":true}
{"ok":true,"cmd":"get","var":"wrPosbar","bufPctRaw":100,"bufPctSmoothed":95,"bufPctDrawn":6,"redraws":41,"sinceLastRedrawMs":8,"lastSkipReason":"interval","last":true}
{"ok":true,"cmd":"get","var":"wrPosbar","bufPctRaw":100,"bufPctSmoothed":96,"bufPctDrawn":6,"redraws":41,"sinceLastRedrawMs":74,"lastSkipReason":"interval","last":true}
{"ok":true,"cmd":"get","var":"wrPosbar","bufPctRaw":93,"bufPctSmoothed":95,"bufPctDrawn":6,"redraws":41,"sinceLastRedrawMs":105,"lastSkipReason":"interval","last":true}
{"ok":true,"cmd":"get","var":"wrPosbar","bufPctRaw":93,"bufPctSmoothed":95,"bufPctDrawn":6,"redraws":41,"sinceLastRedrawMs":133,"lastSkipReason":"interval","last":true}
{"ok":true,"cmd":"get","var":"wrPosbar","bufPctRaw":100,"bufPctSmoothed":95,"bufPctDrawn":6,"redraws":41,"sinceLastRedrawMs":162,"lastSkipReason":"interval","last":true}
{"ok":true,"cmd":"get","var":"wrPosbar","bufPctRaw":100,"bufPctSmoothed":96,"bufPctDrawn":6,"redraws":41,"sinceLastRedrawMs":209,"lastSkipReason":"interval","last":true}
{"ok":true,"cmd":"get","var":"wrPosbar","bufPctRaw":100,"bufPctSmoothed":97,"bufPctDrawn":8,"redraws":42,"sinceLastRedrawMs":9,"lastSkipReason":"interval","last":true}
{"ok":true,"cmd":"get","var":"wrPosbar","bufPctRaw":100,"bufPctSmoothed":98,"bufPctDrawn":8,"redraws":42,"sinceLastRedrawMs":47,"lastSkipReason":"interval","last":true}
[W][perf] iter=52ms (worst path so far: wr.connect:156ms)
{"ok":true,"cmd":"get","var":"wrPosbar","bufPctRaw":100,"bufPctSmoothed":98,"bufPctDrawn":8,"redraws":42,"sinceLastRedrawMs":102,"lastSkipReason":"interval","last":true}
{"ok":true,"cmd":"get","var":"wrPosbar","bufPctRaw":93,"bufPctSmoothed":98,"bufPctDrawn":8,"redraws":42,"sinceLastRedrawMs":137,"lastSkipReason":"interval","last":true}
{"ok":true,"cmd":"get","var":"wrPosbar","bufPctRaw":100,"bufPctSmoothed":97,"bufPctDrawn":8,"redraws":42,"sinceLastRedrawMs":164,"lastSkipReason":"interval","last":true}
{"ok":true,"cmd":"get","var":"wrPosbar","bufPctRaw":100,"bufPctSmoothed":98,"bufPctDrawn":8,"redraws":42,"sinceLastRedrawMs":204,"lastSkipReason":"interval","last":true}
[W][perf] iter=51ms (worst path so far: wr.connect:156ms)
{"ok":true,"cmd":"get","var":"wrPosbar","bufPctRaw":100,"bufPctSmoothed":98,"bufPctDrawn":10,"redraws":43,"sinceLastRedrawMs":20,"lastSkipReason":"none","last":true}
{"ok":true,"cmd":"get","var":"wrPosbar","bufPctRaw":100,"bufPctSmoothed":98,"bufPctDrawn":10,"redraws":43,"sinceLastRedrawMs":57,"lastSkipReason":"interval","last":true}
{"ok":true,"cmd":"get","var":"wrPosbar","bufPctRaw":93,"bufPctSmoothed":97,"bufPctDrawn":10,"redraws":43,"sinceLastRedrawMs":103,"lastSkipReason":"interval","last":true}
{"ok":true,"cmd":"get","var":"wrPosbar","bufPctRaw":93,"bufPctSmoothed":96,"bufPctDrawn":10,"redraws":43,"sinceLastRedrawMs":133,"lastSkipReason":"interval","last":true}
{"ok":true,"cmd":"get","var":"wrPosbar","bufPctRaw":93,"bufPctSmoothed":97,"bufPctDrawn":10,"redraws":43,"sinceLastRedrawMs":183,"lastSkipReason":"interval","last":true}
{"ok":true,"cmd":"get","var":"wrPosbar","bufPctRaw":100,"bufPctSmoothed":97,"bufPctDrawn":12,"redraws":44,"sinceLastRedrawMs":20,"lastSkipReason":"interval","last":true}
{"ok":true,"cmd":"get","var":"wrPosbar","bufPctRaw":100,"bufPctSmoothed":98,"bufPctDrawn":12,"redraws":44,"sinceLastRedrawMs":61,"lastSkipReason":"interval","last":true}
{"ok":true,"cmd":"get","var":"wrPosbar","bufPctRaw":93,"bufPctSmoothed":97,"bufPctDrawn":12,"redraws":44,"sinceLastRedrawMs":106,"lastSkipReason":"interval","last":true}
{"ok":true,"cmd":"get","var":"wrPosbar","bufPctRaw":93,"bufPctSmoothed":96,"bufPctDrawn":12,"redraws":44,"sinceLastRedrawMs":136,"lastSkipReason":"interval","last":true}
{"ok":true,"cmd":"get","var":"wrPosbar","bufPctRaw":93,"bufPctSmoothed":97,"bufPctDrawn":12,"redraws":44,"sinceLastRedrawMs":186,"lastSkipReason":"interval","last":true}
{"ok":true,"cmd":"get","var":"wrPosbar","bufPctRaw":100,"bufPctSmoothed":97,"bufPctDrawn":14,"redraws":45,"sinceLastRedrawMs":8,"lastSkipReason":"interval","last":true}
{"ok":true,"cmd":"get","var":"wrPosbar","bufPctRaw":93,"bufPctSmoothed":97,"bufPctDrawn":14,"redraws":45,"sinceLastRedrawMs":51,"lastSkipReason":"interval","last":true}
{"ok":true,"cmd":"get","var":"wrPosbar","bufPctRaw":93,"bufPctSmoothed":96,"bufPctDrawn":14,"redraws":45,"sinceLastRedrawMs":80,"lastSkipReason":"interval","last":true}
{"ok":true,"cmd":"get","var":"wrPosbar","bufPctRaw":100,"bufPctSmoothed":97,"bufPctDrawn":14,"redraws":45,"sinceLastRedrawMs":121,"lastSkipReason":"interval","last":true}
{"ok":true,"cmd":"get","var":"wrPosbar","bufPctRaw":93,"bufPctSmoothed":97,"bufPctDrawn":14,"redraws":45,"sinceLastRedrawMs":155,"lastSkipReason":"interval","last":true}
{"ok":true,"cmd":"get","var":"wrPosbar","bufPctRaw":93,"bufPctSmoothed":96,"bufPctDrawn":14,"redraws":45,"sinceLastRedrawMs":183,"lastSkipReason":"interval","last":true}
{"ok":true,"cmd":"get","var":"wrPosbar","bufPctRaw":93,"bufPctSmoothed":97,"bufPctDrawn":16,"redraws":46,"sinceLastRedrawMs":25,"lastSkipReason":"interval","last":true}
{"ok":true,"cmd":"get","var":"wrPosbar","bufPctRaw":100,"bufPctSmoothed":97,"bufPctDrawn":16,"redraws":46,"sinceLastRedrawMs":67,"lastSkipReason":"interval","last":true}
{"ok":true,"cmd":"get","var":"wrPosbar","bufPctRaw":100,"bufPctSmoothed":97,"bufPctDrawn":16,"redraws":46,"sinceLastRedrawMs":119,"lastSkipReason":"interval","last":true}
{"ok":true,"cmd":"get","var":"wrPosbar","bufPctRaw":100,"bufPctSmoothed":98,"bufPctDrawn":16,"redraws":46,"sinceLastRedrawMs":159,"lastSkipReason":"interval","last":true}
{"ok":true,"cmd":"get","var":"wrPosbar","bufPctRaw":93,"bufPctSmoothed":97,"bufPctDrawn":18,"redraws":47,"sinceLastRedrawMs":7,"lastSkipReason":"none","last":true}
{"ok":true,"cmd":"get","var":"wrPosbar","bufPctRaw":93,"bufPctSmoothed":96,"bufPctDrawn":18,"redraws":47,"sinceLastRedrawMs":34,"lastSkipReason":"interval","last":true}
{"ok":true,"cmd":"get","var":"wrPosbar","bufPctRaw":93,"bufPctSmoothed":96,"bufPctDrawn":18,"redraws":47,"sinceLastRedrawMs":86,"lastSkipReason":"interval","last":true}
{"ok":true,"cmd":"get","var":"wrPosbar","bufPctRaw":93,"bufPctSmoothed":96,"bufPctDrawn":18,"redraws":47,"sinceLastRedrawMs":138,"lastSkipReason":"interval","last":true}
{"ok":true,"cmd":"get","var":"wrPosbar","bufPctRaw":93,"bufPctSmoothed":97,"bufPctDrawn":18,"redraws":47,"sinceLastRedrawMs":190,"lastSkipReason":"interval","last":true}
{"ok":true,"cmd":"get","var":"wrPosbar","bufPctRaw":100,"bufPctSmoothed":97,"bufPctDrawn":20,"redraws":48,"sinceLastRedrawMs":18,"lastSkipReason":"none","last":true}
{"ok":true,"cmd":"get","var":"wrPosbar","bufPctRaw":100,"bufPctSmoothed":97,"bufPctDrawn":20,"redraws":48,"sinceLastRedrawMs":66,"lastSkipReason":"interval","last":true}
{"ok":true,"cmd":"get","var":"wrPosbar","bufPctRaw":93,"bufPctSmoothed":97,"bufPctDrawn":20,"redraws":48,"sinceLastRedrawMs":105,"lastSkipReason":"interval","last":true}
{"ok":true,"cmd":"get","var":"wrPosbar","bufPctRaw":100,"bufPctSmoothed":97,"bufPctDrawn":20,"redraws":48,"sinceLastRedrawMs":133,"lastSkipReason":"interval","last":true}
{"ok":true,"cmd":"get","var":"wrPosbar","bufPctRaw":93,"bufPctSmoothed":97,"bufPctDrawn":20,"redraws":48,"sinceLastRedrawMs":180,"lastSkipReason":"interval","last":true}
{"ok":true,"cmd":"get","var":"wrPosbar","bufPctRaw":100,"bufPctSmoothed":98,"bufPctDrawn":22,"redraws":49,"sinceLastRedrawMs":20,"lastSkipReason":"interval","last":true}
[W][perf] iter=52ms (worst path so far: wr.connect:156ms)
{"ok":true,"cmd":"get","var":"wrPosbar","bufPctRaw":100,"bufPctSmoothed":98,"bufPctDrawn":22,"redraws":49,"sinceLastRedrawMs":58,"lastSkipReason":"interval","last":true}
{"ok":true,"cmd":"get","var":"wrPosbar","bufPctRaw":93,"bufPctSmoothed":98,"bufPctDrawn":22,"redraws":49,"sinceLastRedrawMs":103,"lastSkipReason":"interval","last":true}
{"ok":true,"cmd":"get","var":"wrPosbar","bufPctRaw":93,"bufPctSmoothed":97,"bufPctDrawn":22,"redraws":49,"sinceLastRedrawMs":131,"lastSkipReason":"interval","last":true}
{"ok":true,"cmd":"get","var":"wrPosbar","bufPctRaw":96,"bufPctSmoothed":96,"bufPctDrawn":22,"redraws":49,"sinceLastRedrawMs":160,"lastSkipReason":"interval","last":true}
{"ok":true,"cmd":"get","var":"wrPosbar","bufPctRaw":100,"bufPctSmoothed":97,"bufPctDrawn":22,"redraws":49,"sinceLastRedrawMs":188,"lastSkipReason":"interval","last":true}
{"ok":true,"cmd":"get","var":"wrPosbar","bufPctRaw":93,"bufPctSmoothed":96,"bufPctDrawn":24,"redraws":50,"sinceLastRedrawMs":28,"lastSkipReason":"interval","last":true}
{"ok":true,"cmd":"get","var":"wrPosbar","bufPctRaw":93,"bufPctSmoothed":97,"bufPctDrawn":24,"redraws":50,"sinceLastRedrawMs":81,"lastSkipReason":"interval","last":true}
{"ok":true,"cmd":"get","var":"wrPosbar","bufPctRaw":100,"bufPctSmoothed":97,"bufPctDrawn":24,"redraws":50,"sinceLastRedrawMs":126,"lastSkipReason":"interval","last":true}
{"ok":true,"cmd":"get","var":"wrPosbar","bufPctRaw":93,"bufPctSmoothed":96,"bufPctDrawn":24,"redraws":50,"sinceLastRedrawMs":157,"lastSkipReason":"interval","last":true}
{"ok":true,"cmd":"get","var":"wrPosbar","bufPctRaw":93,"bufPctSmoothed":96,"bufPctDrawn":24,"redraws":50,"sinceLastRedrawMs":185,"lastSkipReason":"interval","last":true}
{"ok":true,"cmd":"get","var":"wrPosbar","bufPctRaw":100,"bufPctSmoothed":96,"bufPctDrawn":26,"redraws":51,"sinceLastRedrawMs":6,"lastSkipReason":"interval","last":true}
{"ok":true,"cmd":"get","var":"wrPosbar","bufPctRaw":93,"bufPctSmoothed":95,"bufPctDrawn":26,"redraws":51,"sinceLastRedrawMs":53,"lastSkipReason":"interval","last":true}
{"ok":true,"cmd":"get","var":"wrPosbar","bufPctRaw":93,"bufPctSmoothed":95,"bufPctDrawn":26,"redraws":51,"sinceLastRedrawMs":81,"lastSkipReason":"interval","last":true}
{"ok":true,"cmd":"get","var":"wrPosbar","bufPctRaw":93,"bufPctSmoothed":96,"bufPctDrawn":26,"redraws":51,"sinceLastRedrawMs":134,"lastSkipReason":"interval","last":true}
{"ok":true,"cmd":"get","var":"wrPosbar","bufPctRaw":100,"bufPctSmoothed":97,"bufPctDrawn":26,"redraws":51,"sinceLastRedrawMs":178,"lastSkipReason":"interval","last":true}
{"ok":true,"cmd":"get","var":"wrPosbar","bufPctRaw":100,"bufPctSmoothed":98,"bufPctDrawn":28,"redraws":52,"sinceLastRedrawMs":3,"lastSkipReason":"none","last":true}
{"ok":true,"cmd":"get","var":"wrPosbar","bufPctRaw":100,"bufPctSmoothed":98,"bufPctDrawn":28,"redraws":52,"sinceLastRedrawMs":30,"lastSkipReason":"interval","last":true}
{"ok":true,"cmd":"get","var":"wrPosbar","bufPctRaw":93,"bufPctSmoothed":97,"bufPctDrawn":28,"redraws":52,"sinceLastRedrawMs":79,"lastSkipReason":"interval","last":true}
{"ok":true,"cmd":"get","var":"wrPosbar","bufPctRaw":93,"bufPctSmoothed":97,"bufPctDrawn":28,"redraws":52,"sinceLastRedrawMs":130,"lastSkipReason":"interval","last":true}
{"ok":true,"cmd":"get","var":"wrPosbar","bufPctRaw":100,"bufPctSmoothed":97,"bufPctDrawn":28,"redraws":52,"sinceLastRedrawMs":160,"lastSkipReason":"interval","last":true}
ets Jul 29 2019 12:21:46

rst:0x1 (POWERON_RESET),boot:0x13 (SPI_FAST_FLASH_BOOT)
configsip: 0, SPIWP:0xee
clk_drv:0x00,q_drv:0x00,d_drv:0x00,cs0_drv:0x00,hd_drv:0x00,wp_drv:0x00
mode:DIO, clock div:2
load:0x3fff0030,len:1184
load:0x40078000,len:13232
load:0x40080400,len:3028
entry 0x400805e4
[membudget] boot-baseline freeInt=204444 lfbInt=110580 freeDma=161300 lfbDma=110580
[boot] git=3ce7812+ elf=1a5be47c build=Aug  6 2026 14:20:45
cyd display setup
winamp display setup

Initialisation done.
SettingsStorage: loaded
TouchCalStorage: loaded xMin=223 xMax=3582 yMin=196 yMax=3890
[D][chrome] drawVolume pct=-1 keyframe=NONE
reading config file
opened config file
parsed json
config loaded: clientId=db…e0 (len=32) clientSecret=b9…63 (len=32) refreshToken=AQ…ng (len=131)
[wifi-ev] t=681 ev=0 EV
ets Jul 29 2019 12:21:46

rst:0x1 (POWERON_RESET),boot:0x13 (SPI_FAST_FLASH_BOOT)
configsip: 0, SPIWP:0xee
clk_drv:0x00,q_drv:0x00,d_drv:0x00,cs0_drv:0x00,hd_drv:0x00,wp_drv:0x00
mode:DIO, clock div:2
load:0x3fff0030,len:1184
load:0x40078000,len:13232
load:0x40080400,len:3028
entry 0x400805e4
[membudget] boot-baseline freeInt=204444 lfbInt=110580 freeDma=161300 lfbDma=110580
[boot] git=3ce7812+ elf=1a5be47c build=Aug  6 2026 14:20:45
cyd display setup
winamp display setup

Initialisation done.
SettingsStorage: loaded
TouchCalStorage: loaded xMin=223 xMax=3582 yMin=196 yMax=3890
[D][chrome] drawVolume pct=-1 keyframe=NONE
reading config file
opened config file
parsed json
config loaded: clientId=db…e0 (len=32) clientSecret=b9…63 (len=32) refreshToken=AQ…ng (len=131)
[wifi-ev] t=681 ev=0 EV
ets Jul 29 2019 12:21:46

rst:0x1 (POWERON_RESET),boot:0x13 (SPI_FAST_FLASH_BOOT)
configsip: 0, SPIWP:0xee
clk_drv:0x00,q_drv:0x00,d_drv:0x00,cs0_drv:0x00,hd_drv:0x00,wp_drv:0x00
mode:DIO, clock div:2
load:0x3fff0030,len:1184
load:0x40078000,len:13232
load:0x40080400,len:3028
entry 0x400805e4
[membudget] boot-baseline freeInt=204444 lfbInt=110580 freeDma=161300 lfbDma=110580
[boot] git=3ce7812+ elf=1a5be47c build=Aug  6 2026 14:20:45
cyd display setup
winamp display setup

Initialisation done.
SettingsStorage: loaded
TouchCalStorage: loaded xMin=223 xMax=3582 yMin=196 yMax=3890
[D][chrome] drawVolume pct=-1 keyframe=NONE
reading config file
opened config file
parsed json
config loaded: clientId=db…e0 (len=32) clientSecret=b9…63 (len=32) refreshToken=AQ…ng (len=131)
[wifi-ev] t=681 ev=0 EV
[wifi-ev] t=756 ev=2 STA_START
[wifi-ev] t=796 ev=5 STA_DISCONNECTED reason=202
[wifi-ev] t=892 ev=4 STA_CONNECTED
[wifi-ev] t=949 ev=7 STA_GOT_IP ip=192.168.1.181
IP address: 192.168.1.181
udget] post-wifi freeInt=148608 lfbInt=102388 freeDma=105464 lfbDma=102388
[time] synced epoch=1786022641 in 4803ms
[boot] spotify=idle (playerMode=webradio) — refresh deferred to first toggle
[I][spotify.task] task started; pinned core=1 stack=10240B period=5000ms
[I][spotify.task] begin ok — handle=0x3ffe9504 startIdle=1
[membudget] post-spotifyTask freeInt=135880 lfbInt=90100 freeDma=92736 lfbDma=90100
[membudget] post-dataTask freeInt=121024 lfbInt=73716 freeDma=77880 lfbDma=73716
[I][dataTask] task started stack=14336B
[D][chrome] drawVolume pct=-1 keyframe=NONE
[shell] leaving 0  heap=121024 maxAlloc=73716 minFree=120904
[I][webradio] HEAP init free=120620 min=120600
[I][webradio] HEAP pre-fetch free=120620 min=120600
[shell] entered 11  heap=120620 maxAlloc=73716 minFree=120600
[shell] switch 0->11 suspend=1ms wipe=27ms init=1ms taskbar=25ms total=54ms
[membudget] post-init-idle freeInt=120620 lfbInt=73716 freeDma=77476 lfbDma=73716
{"ok":true,"cmd":"get","var":"variant","spotify":"on","last":true}
i(-48) disc=1 heap=117k maxAlloc=71k stack_hwm=17580b uptime=00:00:05 poll=0/0 last=0 block_max=0ms loop_max=0ms slow=shell.switch:54ms last_poll_age_ms=0 next_poll_in_ms=5000 last_render_age_ms=81 build=Aug  6 2026-14:20:45
[D][chrome] drawVolume pct=-1 keyframe=NONE
[D][chrome] drawVolume pct=100 keyframe=4
[W][perf] iter=86ms (worst path so far: app.tick:60ms)
{"ok":true,"cmd":"get","var":"playerMode","val":1,"name":"WebRadio","last":true}
{"ok":true,"cmd":"get","var":"heap","freeInt":112948,"lfbInt":65524,"freeDma":69804,"lfbDma":65524,"last":true}
{"ok":true,"cmd":"info","git":"3ce7812+","elf":"1a5be47c","build":"Aug  6 2026 14:20:45","heap":112948,"isPlaying":false,"progressMs":0,"durationMs":0,"volumePct":-1,"shuffle":false,"repeat":2,"consecutiveFailures":0}
{"ok":true,"cmd":"get","var":"appId","id":11,"name":"WebRadio","last":true}
{"ok":true,"cmd":"get","var":"appId","id":11,"name":"WebRadio","last":true}
{"ok":true,"cmd":"get","var":"wrCount","count":0,"pending":1,"last":true}
{"ok":true,"cmd":"set","var":"bgPoll","val":"0"}
{"ok":true,"cmd":"get","var":"wrCount","count":0,"pending":1,"last":true}
{"ok":true,"cmd":"get","var":"wrCount","count":0,"pending":1,"last":true}
[I][dataTask.webradio] GET mirror=all.api.radio-browser.info code=503 elapsed=3700ms
[W][dataTask.webradio] mirror=all.api.radio-browser.info failed code=503
[D][dataTask.webradio] url=https://de1.api.radio-browser.info/json/stations/search?countrycode=NL&codec=MP3&hidebroken=true&order=votes&reverse=true&limit=30&offset=0&bitrateMax=128
{"ok":true,"cmd":"get","var":"wrCount","count":0,"pending":1,"last":true}
{"ok":true,"cmd":"get","var":"wrCount","count":0,"pending":1,"last":true}
[I][dataTask.webradio] GET mirror=de1.api.radio-browser.info code=503 elapsed=3374ms
[W][dataTask.webradio] mirror=de1.api.radio-browser.info failed code=503
[I][webradio] HEAP post-fetch free=119992 min=55400
[D][dataTask.webradio] heap free=75k maxBlk=23k
[W][webradio] station fetch failed ok=0 http=503 jsonErr=
[I][spotify.tls] tls yield — resumed
[D][chrome] drawVolume pct=100 keyframe=4
[D][chrome] drawVolume pct=100 keyframe=4
[W][perf] iter=84ms (worst path so far: app.tick:82ms)
{"ok":true,"cmd":"get","var":"wrCount","count":0,"pending":0,"last":true}
{"ok":true,"cmd":"set","var":"bgPoll","val":"1"}
ets Jul 29 2019 12:21:46

rst:0x1 (POWERON_RESET),boot:0x13 (SPI_FAST_FLASH_BOOT)
configsip: 0, SPIWP:0xee
clk_drv:0x00,q_drv:0x00,d_drv:0x00,cs0_drv:0x00,hd_drv:0x00,wp_drv:0x00
mode:DIO, clock div:2
load:0x3fff0030,len:1184
load:0x40078000,len:13232
load:0x40080400,len:3028
entry 0x400805e4
[membudget] boot-baseline freeInt=204444 lfbInt=110580 freeDma=161300 lfbDma=110580
[boot] git=3ce7812+ elf=1a5be47c build=Aug  6 2026 14:20:45
cyd display setup
winamp display setup

Initialisation done.
SettingsStorage: loaded
TouchCalStorage: loaded xMin=223 xMax=3582 yMin=196 yMax=3890
[D][chrome] drawVolume pct=-1 keyframe=NONE
reading config file
opened config file
parsed json
config loaded: clientId=db…e0 (len=32) clientSecret=b9…63 (len=32) refreshToken=AQ…ng (len=131)
[wifi-ev] t=681 ev=0 EV
[wifi-ev] t=756 ev=2 STA_START
[wifi-ev] t=797 ev=5 STA_DISCONNECTED reason=202
[wifi-ev] t=880 ev=4 STA_CONNECTED
[wifi-ev] t=929 ev=7 STA_GOT_IP ip=192.168.1.181
IP address: 192.168.1.181
udget] post-wifi freeInt=148628 lfbInt=102388 freeDma=105484 lfbDma=102388
[time] synced epoch=1786022672 in 3703ms
[boot] spotify=idle (playerMode=webradio) — refresh deferred to first toggle
[I][spotify.task] task started; pinned core=1 stack=10240B period=5000ms
[I][spotify.task] begin ok — handle=0x3ffe94d8 startIdle=1
[membudget] post-spotifyTask freeInt=135912 lfbInt=90100 freeDma=92768 lfbDma=90100
[membudget] post-dataTask freeInt=121056 lfbInt=73716 freeDma=77912 lfbDma=73716
[I][dataTask] task started stack=14336B
[D][chrome] drawVolume pct=-1 keyframe=NONE
[shell] leaving 0  heap=121056 maxAlloc=73716 minFree=120936
[I][webradio] HEAP init free=120652 min=120632
[I][webradio] HEAP pre-fetch free=120652 min=120632
[shell] entered 11  heap=120652 maxAlloc=73716 minFree=120632
[shell] switch 0->11 suspend=1ms wipe=27ms init=1ms taskbar=25ms total=54ms
[membudget] post-init-idle freeInt=120652 lfbInt=73716 freeDma=77508 lfbDma=73716
{"ok":true,"cmd":"get","var":"variant","spotify":"on","last":true}
i(-47) disc=1 heap=117k maxAlloc=71k stack_hwm=17580b uptime=00:00:04 poll=0/0 last=0 block_max=0ms loop_max=0ms slow=shell.switch:54ms last_poll_age_ms=0 next_poll_in_ms=5000 last_render_age_ms=80 build=Aug  6 2026-14:20:45
[D][chrome] drawVolume pct=-1 keyframe=NONE
[D][chrome] drawVolume pct=100 keyframe=4
[W][perf] iter=86ms (worst path so far: app.tick:60ms)
{"ok":true,"cmd":"get","var":"playerMode","val":1,"name":"WebRadio","last":true}
{"ok":true,"cmd":"get","var":"heap","freeInt":56680,"lfbInt":42996,"freeDma":13536,"lfbDma":11764,"last":true}
{"ok":true,"cmd":"info","git":"3ce7812+","elf":"1a5be47c","build":"Aug  6 2026 14:20:45","heap":56680,"isPlaying":false,"progressMs":0,"durationMs":0,"volumePct":-1,"shuffle":false,"repeat":2,"consecutiveFailures":0}
{"ok":true,"cmd":"get","var":"appId","id":11,"name":"WebRadio","last":true}
{"ok":true,"cmd":"get","var":"appId","id":11,"name":"WebRadio","last":true}
{"ok":true,"cmd":"get","var":"wrCount","count":0,"pending":1,"last":true}
{"ok":true,"cmd":"set","var":"bgPoll","val":"0"}
{"ok":true,"cmd":"get","var":"wrCount","count":0,"pending":1,"last":true}
{"ok":true,"cmd":"get","var":"wrCount","count":0,"pending":1,"last":true}
[I][dataTask.webradio] GET mirror=all.api.radio-browser.info code=200 elapsed=3562ms
[D][dataTask.webradio] url=https://all.api.radio-browser.info/json/stations/search?countrycode=NL&codec=MP3&hidebroken=true&order=votes&reverse=true&limit=30&offset=30&bitrateMax=128
{"ok":true,"cmd":"get","var":"wrCount","count":0,"pending":1,"last":true}
{"ok":true,"cmd":"get","var":"wrCount","count":0,"pending":1,"last":true}
[I][dataTask.webradio] GET mirror=all.api.radio-browser.info code=200 elapsed=3460ms
[I][dataTask.webradio] ok mirror=all.api.radio-browser.info country=NL count=30
[I][webradio] HEAP post-fetch free=119612 min=54820
[I][webradio] stations loaded count=30 country=NL
[D][dataTask.webradio] heap free=74k maxBlk=47k
[I][spotify.tls] tls yield — resumed
[D][chrome] drawVolume pct=100 keyframe=4
[D][chrome] drawVolume pct=100 keyframe=4
[W][perf] iter=81ms (worst path so far: app.tick:78ms)
{"ok":true,"cmd":"get","var":"wrCount","count":30,"pending":0,"last":true}
{"ok":true,"cmd":"get","var":"wrCount","count":30,"pending":0,"last":true}
{"ok":true,"cmd":"set","var":"bgPoll","val":"1"}
{"ok":true,"cmd":"get","var":"wrState","state":0,"last":true}
{"ok":true,"cmd":"get","var":"wrState","state":0,"last":true}
{"ok":true,"cmd":"get","var":"wrState","state":0,"last":true}
{"ok":true,"cmd":"get","var":"wrState","state":0,"last":true}
{"ok":true,"cmd":"get","var":"wrState","state":0,"last":true}
{"ok":true,"cmd":"get","var":"wrState","state":0,"last":true}
{"ok":true,"cmd":"get","var":"wrState","state":0,"last":true}
{"ok":true,"cmd":"get","var":"wrState","state":0,"last":true}
{"ok":true,"cmd":"get","var":"wrState","state":0,"last":true}
{"ok":true,"cmd":"get","var":"wrState","state":0,"last":true}
{"ok":true,"cmd":"get","var":"wrState","state":0,"last":true}
[I][hb] display=winamp wifi=rssi(-49) disc=1 heap=117k maxAlloc=47k stack_hwm=12972b uptime=00:00:34 poll=0/0 last=0 block_max=0ms loop_max=86ms slow=app.tick:78ms last_poll_age_ms=0 next_poll_in_ms=5000 last_render_age_ms=21405 build=Aug  6 2026-14:20:45
{"ok":true,"cmd":"get","var":"wrState","state":0,"last":true}
{"ok":true,"cmd":"get","var":"wrState","state":0,"last":true}
{"ok":true,"cmd":"get","var":"heap","freeInt":120020,"lfbInt":49140,"freeDma":76876,"lfbDma":49140,"last":true}
{"ok":true,"cmd":"get","var":"backoff","consecutiveFailures":0,"nextPollMs":5000,"last":true}
{"ok":true,"cmd":"get","var":"dataq","ms":39828,"queueWaiting":0,"pendingMask":0,"inFlight":-1,"inFlightMs":4811,"wrPhase":2,"wrPhaseMs":13400,"wrEnqueues":1,"wrDrops":0,"yieldCount":0,"tlsStopped":false,"spAct":2,"spActMs":39423,"last":true}
[I][webradio] play idx=0 name=Radio 10 url=http://playerservices.streamtheworld.com/api/livestream-redirect/RADIO10.mp3
[I][spotify.tls] tls yield — client stopped
[membudget] TASK-267 _play pre-acquire lfbInt=49140 freeInt=120020
[membudget] TASK-267 arena acquire=24576B lfbBefore=49140 OK
[membudget] arena init base=0x3ffef490 cap=24576
[membudget] CP0-pre-audio-init freeDma=52284 lfbDma=24564
[I][wrpump] created stack=8192B prio=2 core=1
[I][webradio] HEAP pre-connect free=64740 min=54820 maxAlloc=42996
[membudget] CP1-pre-connect skip=0 freeInt=64740 lfbInt=42996 freeDma=21596 lfbDma=16372
{"ok":true,"cmd":"set","var":"wrPlay","val":"0"}
[I][webradio] audio_info: PSRAM not found, inputBufferSize: 6399 bytes
[I][webradio] audio_info: buffers freed, free Heap: 56404 bytes
[I][webradio] audio_info: Connect to new host: "http://playerservices.streamtheworld.com/api/livestream-redirect/RADIO10.mp3"
[D][chrome] drawVolume pct=100 keyframe=4
[D][chrome] drawVolume pct=100 keyframe=4
[I][webradio] audio_info: Connection has been established in 39 ms, free Heap: 55084 bytes
[W][perf] iter=205ms (worst path so far: app.tick:98ms)
{"ok":true,"cmd":"get","var":"wrState","state":1,"last":true}
[I][webradio] HEAP play free=54032 min=53284
[I][webradio] audio_info: redirect to new host "http://28983.live.streamtheworld.com:80/RADIO10.mp3"
[I][webradio] audio_info: buffers freed, free Heap: 55588 bytes
[I][webradio] audio_info: Connect to new host: "http://28983.live.streamtheworld.com:80/RADIO10.mp3"
[D][chrome] drawVolume pct=100 keyframe=4
[D][chrome] drawVolume pct=100 keyframe=4
[I][webradio] audio_info: Connection has been established in 41 ms, free Heap: 54928 bytes
[W][perf] iter=110ms (worst path so far: app.tick:106ms)
[I][webradio] audio_info: icy-name: Radio 10
[mbdbg] arena FIRST alloc: base=0x3ffef490 cap=24576 req=2000
[mbdbg] helix alloc: DecInfo=0x3ffef490(2000) FHdr=0x3ffefc60(44) SI=0x3ffefc8c(40) SFJS=0x3ffefcb4(36) Huff=0x3ffefcd8(4624) Deq=0x3fff0ee8(792) IMDCT=0x3fff1200(6944) Sub=0x3fff2d20(8708) FInfo=0x3fff4f24(28)
[I][webradio] audio_info: MP3Decoder has been initialized, free Heap: 48800 bytes
[membudget] CP2-decoder-init freeInt=48800 lfbInt=42996 freeDma=5656 lfbDma=2804 arenaHWM=23216
[W][perf] iter=52ms (worst path so far: app.tick:106ms)[I][webradio] audio_info: stream ready

[I][webradio] audio_info: syncword found at pos 0
[I][webradio] audio_info: Channels: 2
[I][webradio] audio_info: SampleRate: 44100
[I][webradio] audio_info: BitsPerSample: 16
[I][webradio] audio_info: BitRate: 128000
[I][webradio] audio_info: StreamTitle='Shanice - I Love Your Smile'
[D][webradio] ICY: Shanice - I Love Your Smile
{"ok":true,"cmd":"get","var":"wrState","state":2,"last":true}
{"ok":true,"cmd":"set","var":"wrBufPct","val":"37"}
{"ok":true,"cmd":"get","var":"wrPosbar","bufPctRaw":93,"bufPctSmoothed":48,"bufPctDrawn":39,"redraws":6,"sinceLastRedrawMs":3,"lastSkipReason":"none","frozen":false,"last":true}
{"ok":true,"cmd":"set","var":"wrPosbarSimDrain","val":"80,4"}
{"ok":true,"cmd":"get","var":"wrPosbar","bufPctRaw":80,"bufPctSmoothed":76,"bufPctDrawn":39,"redraws":6,"sinceLastRedrawMs":80,"lastSkipReason":"interval","frozen":false,"last":true}
{"ok":true,"cmd":"get","var":"wrPosbar","bufPctRaw":80,"bufPctSmoothed":78,"bufPctDrawn":39,"redraws":6,"sinceLastRedrawMs":131,"lastSkipReason":"interval","frozen":false,"last":true}
{"ok":true,"cmd":"get","var":"wrPosbar","bufPctRaw":80,"bufPctSmoothed":79,"bufPctDrawn":39,"redraws":6,"sinceLastRedrawMs":180,"lastSkipReason":"interval","frozen":false,"last":true}
{"ok":true,"cmd":"get","var":"wrPosbar","bufPctRaw":80,"bufPctSmoothed":79,"bufPctDrawn":41,"redraws":7,"sinceLastRedrawMs":18,"lastSkipReason":"interval","frozen":false,"last":true}
{"ok":true,"cmd":"get","var":"wrPosbar","bufPctRaw":76,"bufPctSmoothed":79,"bufPctDrawn":41,"redraws":7,"sinceLastRedrawMs":52,"lastSkipReason":"interval","frozen":false,"last":true}
{"ok":true,"cmd":"get","var":"wrPosbar","bufPctRaw":76,"bufPctSmoothed":78,"bufPctDrawn":41,"redraws":7,"sinceLastRedrawMs":82,"lastSkipReason":"interval","frozen":false,"last":true}
{"ok":true,"cmd":"get","var":"wrPosbar","bufPctRaw":76,"bufPctSmoothed":77,"bufPctDrawn":41,"redraws":7,"sinceLastRedrawMs":123,"lastSkipReason":"interval","frozen":false,"last":true}
{"ok":true,"cmd":"get","var":"wrPosbar","bufPctRaw":76,"bufPctSmoothed":76,"bufPctDrawn":41,"redraws":7,"sinceLastRedrawMs":159,"lastSkipReason":"interval","frozen":false,"last":true}
{"ok":true,"cmd":"get","var":"wrPosbar","bufPctRaw":76,"bufPctSmoothed":76,"bufPctDrawn":43,"redraws":8,"sinceLastRedrawMs":6,"lastSkipReason":"none","frozen":false,"last":true}
{"ok":true,"cmd":"get","var":"wrPosbar","bufPctRaw":76,"bufPctSmoothed":76,"bufPctDrawn":43,"redraws":8,"sinceLastRedrawMs":34,"lastSkipReason":"interval","frozen":false,"last":true}
{"ok":true,"cmd":"get","var":"wrPosbar","bufPctRaw":72,"bufPctSmoothed":74,"bufPctDrawn":43,"redraws":8,"sinceLastRedrawMs":85,"lastSkipReason":"interval","frozen":false,"last":true}
{"ok":true,"cmd":"get","var":"wrPosbar","bufPctRaw":72,"bufPctSmoothed":73,"bufPctDrawn":43,"redraws":8,"sinceLastRedrawMs":137,"lastSkipReason":"interval","frozen":false,"last":true}
{"ok":true,"cmd":"get","var":"wrPosbar","bufPctRaw":72,"bufPctSmoothed":73,"bufPctDrawn":43,"redraws":8,"sinceLastRedrawMs":189,"lastSkipReason":"interval","frozen":false,"last":true}
{"ok":true,"cmd":"get","var":"wrPosbar","bufPctRaw":72,"bufPctSmoothed":72,"bufPctDrawn":45,"redraws":9,"sinceLastRedrawMs":27,"lastSkipReason":"interval","frozen":false,"last":true}
{"ok":true,"cmd":"get","var":"wrPosbar","bufPctRaw":68,"bufPctSmoothed":70,"bufPctDrawn":45,"redraws":9,"sinceLastRedrawMs":80,"lastSkipReason":"interval","frozen":false,"last":true}
{"ok":true,"cmd":"get","var":"wrPosbar","bufPctRaw":68,"bufPctSmoothed":69,"bufPctDrawn":45,"redraws":9,"sinceLastRedrawMs":131,"lastSkipReason":"interval","frozen":false,"last":true}
{"ok":true,"cmd":"get","var":"wrPosbar","bufPctRaw":68,"bufPctSmoothed":68,"bufPctDrawn":45,"redraws":9,"sinceLastRedrawMs":183,"lastSkipReason":"interval","frozen":false,"last":true}
{"ok":true,"cmd":"get","var":"wrPosbar","bufPctRaw":68,"bufPctSmoothed":68,"bufPctDrawn":47,"redraws":10,"sinceLastRedrawMs":21,"lastSkipReason":"interval","frozen":false,"last":true}
{"ok":true,"cmd":"get","var":"wrPosbar","bufPctRaw":64,"bufPctSmoothed":66,"bufPctDrawn":47,"redraws":10,"sinceLastRedrawMs":81,"lastSkipReason":"interval","frozen":false,"last":true}
{"ok":true,"cmd":"get","var":"wrPosbar","bufPctRaw":64,"bufPctSmoothed":65,"bufPctDrawn":47,"redraws":10,"sinceLastRedrawMs":132,"lastSkipReason":"interval","frozen":false,"last":true}
{"ok":true,"cmd":"get","var":"wrPosbar","bufPctRaw":64,"bufPctSmoothed":65,"bufPctDrawn":47,"redraws":10,"sinceLastRedrawMs":184,"lastSkipReason":"interval","frozen":false,"last":true}
{"ok":true,"cmd":"get","var":"wrPosbar","bufPctRaw":64,"bufPctSmoothed":64,"bufPctDrawn":49,"redraws":11,"sinceLastRedrawMs":29,"lastSkipReason":"interval","frozen":false,"last":true}
{"ok":true,"cmd":"get","var":"wrPosbar","bufPctRaw":60,"bufPctSmoothed":62,"bufPctDrawn":49,"redraws":11,"sinceLastRedrawMs":82,"lastSkipReason":"interval","frozen":false,"last":true}
{"ok":true,"cmd":"get","var":"wrPosbar","bufPctRaw":60,"bufPctSmoothed":62,"bufPctDrawn":49,"redraws":11,"sinceLastRedrawMs":125,"lastSkipReason":"interval","frozen":false,"last":true}
{"ok":true,"cmd":"get","var":"wrPosbar","bufPctRaw":60,"bufPctSmoothed":61,"bufPctDrawn":49,"redraws":11,"sinceLastRedrawMs":158,"lastSkipReason":"interval","frozen":false,"last":true}
{"ok":true,"cmd":"get","var":"wrPosbar","bufPctRaw":60,"bufPctSmoothed":61,"bufPctDrawn":49,"redraws":11,"sinceLastRedrawMs":188,"lastSkipReason":"interval","frozen":false,"last":true}
{"ok":true,"cmd":"get","var":"wrPosbar","bufPctRaw":60,"bufPctSmoothed":60,"bufPctDrawn":51,"redraws":12,"sinceLastRedrawMs":30,"lastSkipReason":"interval","frozen":false,"last":true}
{"ok":true,"cmd":"get","var":"wrPosbar","bufPctRaw":56,"bufPctSmoothed":58,"bufPctDrawn":51,"redraws":12,"sinceLastRedrawMs":82,"lastSkipReason":"interval","frozen":false,"last":true}
{"ok":true,"cmd":"get","var":"wrPosbar","bufPctRaw":56,"bufPctSmoothed":57,"bufPctDrawn":51,"redraws":12,"sinceLastRedrawMs":134,"lastSkipReason":"interval","frozen":false,"last":true}
{"ok":true,"cmd":"get","var":"wrPosbar","bufPctRaw":56,"bufPctSmoothed":57,"bufPctDrawn":51,"redraws":12,"sinceLastRedrawMs":187,"lastSkipReason":"interval","frozen":false,"last":true}
{"ok":true,"cmd":"get","var":"wrPosbar","bufPctRaw":56,"bufPctSmoothed":56,"bufPctDrawn":53,"redraws":13,"sinceLastRedrawMs":18,"lastSkipReason":"none","frozen":false,"last":true}
{"ok":true,"cmd":"get","var":"wrPosbar","bufPctRaw":52,"bufPctSmoothed":54,"bufPctDrawn":53,"redraws":13,"sinceLastRedrawMs":53,"lastSkipReason":"interval","frozen":false,"last":true}
{"ok":true,"cmd":"get","var":"wrPosbar","bufPctRaw":52,"bufPctSmoothed":53,"bufPctDrawn":53,"redraws":13,"sinceLastRedrawMs":99,"lastSkipReason":"interval","frozen":false,"last":true}
{"ok":true,"cmd":"get","var":"wrPosbar","bufPctRaw":52,"bufPctSmoothed":53,"bufPctDrawn":53,"redraws":13,"sinceLastRedrawMs":130,"lastSkipReason":"interval","frozen":false,"last":true}
{"ok":true,"cmd":"get","var":"wrPosbar","bufPctRaw":52,"bufPctSmoothed":52,"bufPctDrawn":53,"redraws":13,"sinceLastRedrawMs":180,"lastSkipReason":"interval","frozen":false,"last":true}
{"ok":true,"cmd":"get","var":"wrPosbar","bufPctRaw":52,"bufPctSmoothed":52,"bufPctDrawn":52,"redraws":14,"sinceLastRedrawMs":25,"lastSkipReason":"interval","frozen":false,"last":true}
{"ok":true,"cmd":"get","var":"wrPosbar","bufPctRaw":48,"bufPctSmoothed":50,"bufPctDrawn":52,"redraws":14,"sinceLastRedrawMs":78,"lastSkipReason":"interval","frozen":false,"last":true}
{"ok":true,"cmd":"get","var":"wrPosbar","bufPctRaw":48,"bufPctSmoothed":49,"bufPctDrawn":52,"redraws":14,"sinceLastRedrawMs":125,"lastSkipReason":"interval","frozen":false,"last":true}
{"ok":true,"cmd":"get","var":"wrPosbar","bufPctRaw":48,"bufPctSmoothed":49,"bufPctDrawn":52,"redraws":14,"sinceLastRedrawMs":177,"lastSkipReason":"interval","frozen":false,"last":true}
{"ok":true,"cmd":"get","var":"wrPosbar","bufPctRaw":48,"bufPctSmoothed":49,"bufPctDrawn":50,"redraws":15,"sinceLastRedrawMs":28,"lastSkipReason":"interval","frozen":false,"last":true}
{"ok":true,"cmd":"get","var":"wrPosbar","bufPctRaw":44,"bufPctSmoothed":46,"bufPctDrawn":50,"redraws":15,"sinceLastRedrawMs":80,"lastSkipReason":"interval","frozen":false,"last":true}
{"ok":true,"cmd":"get","var":"wrPosbar","bufPctRaw":44,"bufPctSmoothed":45,"bufPctDrawn":50,"redraws":15,"sinceLastRedrawMs":131,"lastSkipReason":"interval","frozen":false,"last":true}
{"ok":true,"cmd":"get","var":"wrPosbar","bufPctRaw":44,"bufPctSmoothed":45,"bufPctDrawn":50,"redraws":15,"sinceLastRedrawMs":177,"lastSkipReason":"interval","frozen":false,"last":true}
[W][perf] iter=52ms (worst path so far: app.tick:106ms)
{"ok":true,"cmd":"get","var":"wrPosbar","bufPctRaw":44,"bufPctSmoothed":45,"bufPctDrawn":48,"redraws":16,"sinceLastRedrawMs":19,"lastSkipReason":"none","frozen":false,"last":true}
{"ok":true,"cmd":"get","var":"wrPosbar","bufPctRaw":40,"bufPctSmoothed":44,"bufPctDrawn":48,"redraws":16,"sinceLastRedrawMs":55,"lastSkipReason":"interval","frozen":false,"last":true}
{"ok":true,"cmd":"get","var":"wrPosbar","bufPctRaw":40,"bufPctSmoothed":41,"bufPctDrawn":48,"redraws":16,"sinceLastRedrawMs":102,"lastSkipReason":"interval","frozen":false,"last":true}
{"ok":true,"cmd":"get","var":"wrPosbar","bufPctRaw":40,"bufPctSmoothed":41,"bufPctDrawn":48,"redraws":16,"sinceLastRedrawMs":131,"lastSkipReason":"interval","frozen":false,"last":true}
{"ok":true,"cmd":"get","var":"wrPosbar","bufPctRaw":40,"bufPctSmoothed":40,"bufPctDrawn":48,"redraws":16,"sinceLastRedrawMs":182,"lastSkipReason":"interval","frozen":false,"last":true}
{"ok":true,"cmd":"get","var":"wrPosbar","bufPctRaw":40,"bufPctSmoothed":40,"bufPctDrawn":46,"redraws":17,"sinceLastRedrawMs":18,"lastSkipReason":"interval","frozen":false,"last":true}
{"ok":true,"cmd":"get","var":"wrPosbar","bufPctRaw":36,"bufPctSmoothed":39,"bufPctDrawn":46,"redraws":17,"sinceLastRedrawMs":75,"lastSkipReason":"interval","frozen":false,"last":true}
{"ok":true,"cmd":"get","var":"wrPosbar","bufPctRaw":36,"bufPctSmoothed":38,"bufPctDrawn":46,"redraws":17,"sinceLastRedrawMs":123,"lastSkipReason":"interval","frozen":false,"last":true}
{"ok":true,"cmd":"get","var":"wrPosbar","bufPctRaw":36,"bufPctSmoothed":37,"bufPctDrawn":46,"redraws":17,"sinceLastRedrawMs":175,"lastSkipReason":"interval","frozen":false,"last":true}
[W][perf] iter=53ms (worst path so far: app.tick:106ms)
{"ok":true,"cmd":"get","var":"wrPosbar","bufPctRaw":36,"bufPctSmoothed":37,"bufPctDrawn":44,"redraws":18,"sinceLastRedrawMs":5,"lastSkipReason":"none","frozen":false,"last":true}
{"ok":true,"cmd":"get","var":"wrPosbar","bufPctRaw":36,"bufPctSmoothed":36,"bufPctDrawn":44,"redraws":18,"sinceLastRedrawMs":49,"lastSkipReason":"interval","frozen":false,"last":true}
{"ok":true,"cmd":"get","var":"wrPosbar","bufPctRaw":32,"bufPctSmoothed":35,"bufPctDrawn":44,"redraws":18,"sinceLastRedrawMs":81,"lastSkipReason":"interval","frozen":false,"last":true}
{"ok":true,"cmd":"get","var":"wrPosbar","bufPctRaw":32,"bufPctSmoothed":33,"bufPctDrawn":44,"redraws":18,"sinceLastRedrawMs":130,"lastSkipReason":"interval","frozen":false,"last":true}
{"ok":true,"cmd":"get","var":"wrPosbar","bufPctRaw":32,"bufPctSmoothed":32,"bufPctDrawn":44,"redraws":18,"sinceLastRedrawMs":161,"lastSkipReason":"interval","frozen":false,"last":true}
{"ok":true,"cmd":"get","var":"wrPosbar","bufPctRaw":32,"bufPctSmoothed":32,"bufPctDrawn":42,"redraws":19,"sinceLastRedrawMs":7,"lastSkipReason":"none","frozen":false,"last":true}
{"ok":true,"cmd":"get","var":"wrPosbar","bufPctRaw":32,"bufPctSmoothed":32,"bufPctDrawn":42,"redraws":19,"sinceLastRedrawMs":52,"lastSkipReason":"interval","frozen":false,"last":true}
{"ok":true,"cmd":"get","var":"wrPosbar","bufPctRaw":28,"bufPctSmoothed":31,"bufPctDrawn":42,"redraws":19,"sinceLastRedrawMs":89,"lastSkipReason":"interval","frozen":false,"last":true}
{"ok":true,"cmd":"get","var":"wrPosbar","bufPctRaw":28,"bufPctSmoothed":29,"bufPctDrawn":42,"redraws":19,"sinceLastRedrawMs":139,"lastSkipReason":"interval","frozen":false,"last":true}
{"ok":true,"cmd":"get","var":"wrPosbar","bufPctRaw":28,"bufPctSmoothed":29,"bufPctDrawn":42,"redraws":19,"sinceLastRedrawMs":190,"lastSkipReason":"interval","frozen":false,"last":true}
{"ok":true,"cmd":"get","var":"wrPosbar","bufPctRaw":28,"bufPctSmoothed":29,"bufPctDrawn":40,"redraws":20,"sinceLastRedrawMs":19,"lastSkipReason":"none","frozen":false,"last":true}
{"ok":true,"cmd":"get","var":"wrPosbar","bufPctRaw":24,"bufPctSmoothed":28,"bufPctDrawn":40,"redraws":20,"sinceLastRedrawMs":77,"lastSkipReason":"interval","frozen":false,"last":true}
{"ok":true,"cmd":"get","var":"wrPosbar","bufPctRaw":24,"bufPctSmoothed":26,"bufPctDrawn":40,"redraws":20,"sinceLastRedrawMs":123,"lastSkipReason":"interval","frozen":false,"last":true}
{"ok":true,"cmd":"get","var":"wrPosbar","bufPctRaw":24,"bufPctSmoothed":26,"bufPctDrawn":40,"redraws":20,"sinceLastRedrawMs":158,"lastSkipReason":"interval","frozen":false,"last":true}
{"ok":true,"cmd":"get","var":"wrPosbar","bufPctRaw":24,"bufPctSmoothed":25,"bufPctDrawn":38,"redraws":21,"sinceLastRedrawMs":32,"lastSkipReason":"interval","frozen":false,"last":true}
{"ok":true,"cmd":"get","var":"wrPosbar","bufPctRaw":20,"bufPctSmoothed":24,"bufPctDrawn":38,"redraws":21,"sinceLastRedrawMs":85,"lastSkipReason":"interval","frozen":false,"last":true}
{"ok":true,"cmd":"get","var":"wrPosbar","bufPctRaw":20,"bufPctSmoothed":22,"bufPctDrawn":38,"redraws":21,"sinceLastRedrawMs":137,"lastSkipReason":"interval","frozen":false,"last":true}
{"ok":true,"cmd":"get","var":"wrPosbar","bufPctRaw":20,"bufPctSmoothed":21,"bufPctDrawn":38,"redraws":21,"sinceLastRedrawMs":183,"lastSkipReason":"interval","frozen":false,"last":true}
[W][perf] iter=52ms (worst path so far: app.tick:106ms)
{"ok":true,"cmd":"get","var":"wrPosbar","bufPctRaw":20,"bufPctSmoothed":21,"bufPctDrawn":36,"redraws":22,"sinceLastRedrawMs":20,"lastSkipReason":"none","frozen":false,"last":true}
{"ok":true,"cmd":"get","var":"wrPosbar","bufPctRaw":20,"bufPctSmoothed":21,"bufPctDrawn":36,"redraws":22,"sinceLastRedrawMs":56,"lastSkipReason":"interval","frozen":false,"last":true}
{"ok":true,"cmd":"get","var":"wrPosbar","bufPctRaw":16,"bufPctSmoothed":18,"bufPctDrawn":36,"redraws":22,"sinceLastRedrawMs":102,"lastSkipReason":"interval","frozen":false,"last":true}
{"ok":true,"cmd":"get","var":"wrPosbar","bufPctRaw":16,"bufPctSmoothed":17,"bufPctDrawn":36,"redraws":22,"sinceLastRedrawMs":132,"lastSkipReason":"interval","frozen":false,"last":true}
{"ok":true,"cmd":"get","var":"wrPosbar","bufPctRaw":16,"bufPctSmoothed":16,"bufPctDrawn":36,"redraws":22,"sinceLastRedrawMs":182,"lastSkipReason":"interval","frozen":false,"last":true}
{"ok":true,"cmd":"get","var":"wrPosbar","bufPctRaw":16,"bufPctSmoothed":16,"bufPctDrawn":34,"redraws":23,"sinceLastRedrawMs":25,"lastSkipReason":"interval","frozen":false,"last":true}
[W][perf] iter=53ms (worst path so far: app.tick:106ms)
{"ok":true,"cmd":"get","var":"wrPosbar","bufPctRaw":12,"bufPctSmoothed":15,"bufPctDrawn":34,"redraws":23,"sinceLastRedrawMs":78,"lastSkipReason":"interval","frozen":false,"last":true}
{"ok":true,"cmd":"get","var":"wrPosbar","bufPctRaw":12,"bufPctSmoothed":13,"bufPctDrawn":34,"redraws":23,"sinceLastRedrawMs":130,"lastSkipReason":"interval","frozen":false,"last":true}
{"ok":true,"cmd":"get","var":"wrPosbar","bufPctRaw":12,"bufPctSmoothed":13,"bufPctDrawn":34,"redraws":23,"sinceLastRedrawMs":182,"lastSkipReason":"interval","frozen":false,"last":true}
{"ok":true,"cmd":"get","var":"wrPosbar","bufPctRaw":12,"bufPctSmoothed":13,"bufPctDrawn":32,"redraws":24,"sinceLastRedrawMs":3,"lastSkipReason":"none","frozen":false,"last":true}
{"ok":true,"cmd":"get","var":"wrPosbar","bufPctRaw":12,"bufPctSmoothed":12,"bufPctDrawn":32,"redraws":24,"sinceLastRedrawMs":47,"lastSkipReason":"interval","frozen":false,"last":true}
{"ok":true,"cmd":"get","var":"wrPosbar","bufPctRaw":8,"bufPctSmoothed":10,"bufPctDrawn":32,"redraws":24,"sinceLastRedrawMs":78,"lastSkipReason":"interval","frozen":false,"last":true}
{"ok":true,"cmd":"get","var":"wrPosbar","bufPctRaw":8,"bufPctSmoothed":9,"bufPctDrawn":32,"redraws":24,"sinceLastRedrawMs":128,"lastSkipReason":"interval","frozen":false,"last":true}
{"ok":true,"cmd":"get","var":"wrPosbar","bufPctRaw":8,"bufPctSmoothed":8,"bufPctDrawn":32,"redraws":24,"sinceLastRedrawMs":174,"lastSkipReason":"interval","frozen":false,"last":true}
{"ok":true,"cmd":"get","var":"wrPosbar","bufPctRaw":8,"bufPctSmoothed":8,"bufPctDrawn":30,"redraws":25,"sinceLastRedrawMs":28,"lastSkipReason":"interval","frozen":false,"last":true}
[W][perf] iter=53ms (worst path so far: app.tick:106ms)
{"ok":true,"cmd":"get","var":"wrPosbar","bufPctRaw":4,"bufPctSmoothed":7,"bufPctDrawn":30,"redraws":25,"sinceLastRedrawMs":81,"lastSkipReason":"interval","frozen":false,"last":true}
{"ok":true,"cmd":"get","var":"wrPosbar","bufPctRaw":4,"bufPctSmoothed":6,"bufPctDrawn":30,"redraws":25,"sinceLastRedrawMs":134,"lastSkipReason":"interval","frozen":false,"last":true}
{"ok":true,"cmd":"get","var":"wrPosbar","bufPctRaw":4,"bufPctSmoothed":5,"bufPctDrawn":30,"redraws":25,"sinceLastRedrawMs":185,"lastSkipReason":"interval","frozen":false,"last":true}
{"ok":true,"cmd":"get","var":"wrPosbar","bufPctRaw":4,"bufPctSmoothed":5,"bufPctDrawn":28,"redraws":26,"sinceLastRedrawMs":26,"lastSkipReason":"interval","frozen":false,"last":true}
{"ok":true,"cmd":"get","var":"wrPosbar","bufPctRaw":0,"bufPctSmoothed":3,"bufPctDrawn":28,"redraws":26,"sinceLastRedrawMs":78,"lastSkipReason":"interval","frozen":false,"last":true}
{"ok":true,"cmd":"get","var":"wrPosbar","bufPctRaw":0,"bufPctSmoothed":3,"bufPctDrawn":28,"redraws":26,"sinceLastRedrawMs":109,"lastSkipReason":"interval","frozen":false,"last":true}
{"ok":true,"cmd":"get","var":"wrPosbar","bufPctRaw":0,"bufPctSmoothed":2,"bufPctDrawn":28,"redraws":26,"sinceLastRedrawMs":173,"lastSkipReason":"interval","frozen":false,"last":true}
{"ok":true,"cmd":"get","var":"wrPosbar","bufPctRaw":0,"bufPctSmoothed":1,"bufPctDrawn":26,"redraws":27,"sinceLastRedrawMs":8,"lastSkipReason":"none","frozen":false,"last":true}
{"ok":true,"cmd":"get","var":"wrPosbar","bufPctRaw":0,"bufPctSmoothed":1,"bufPctDrawn":26,"redraws":27,"sinceLastRedrawMs":37,"lastSkipReason":"interval","frozen":false,"last":true}
{"ok":true,"cmd":"get","var":"wrPosbar","bufPctRaw":0,"bufPctSmoothed":0,"bufPctDrawn":26,"redraws":27,"sinceLastRedrawMs":86,"lastSkipReason":"interval","frozen":false,"last":true}
{"ok":true,"cmd":"get","var":"wrPosbar","bufPctRaw":0,"bufPctSmoothed":0,"bufPctDrawn":26,"redraws":27,"sinceLastRedrawMs":139,"lastSkipReason":"interval","frozen":false,"last":true}
[W][perf] iter=52ms (worst path so far: app.tick:106ms)
{"ok":true,"cmd":"get","var":"wrPosbar","bufPctRaw":0,"bufPctSmoothed":0,"bufPctDrawn":26,"redraws":27,"sinceLastRedrawMs":192,"lastSkipReason":"interval","frozen":false,"last":true}
{"ok":true,"cmd":"get","var":"wrPosbar","bufPctRaw":0,"bufPctSmoothed":0,"bufPctDrawn":24,"redraws":28,"sinceLastRedrawMs":30,"lastSkipReason":"interval","frozen":false,"last":true}
{"ok":true,"cmd":"get","var":"wrPosbar","bufPctRaw":0,"bufPctSmoothed":0,"bufPctDrawn":24,"redraws":28,"sinceLastRedrawMs":61,"lastSkipReason":"interval","frozen":false,"last":true}
{"ok":true,"cmd":"get","var":"wrPosbar","bufPctRaw":0,"bufPctSmoothed":0,"bufPctDrawn":24,"redraws":28,"sinceLastRedrawMs":107,"lastSkipReason":"interval","frozen":false,"last":true}
{"ok":true,"cmd":"get","var":"wrPosbar","bufPctRaw":0,"bufPctSmoothed":0,"bufPctDrawn":24,"redraws":28,"sinceLastRedrawMs":138,"lastSkipReason":"interval","frozen":false,"last":true}
{"ok":true,"cmd":"get","var":"wrPosbar","bufPctRaw":0,"bufPctSmoothed":0,"bufPctDrawn":24,"redraws":28,"sinceLastRedrawMs":187,"lastSkipReason":"interval","frozen":false,"last":true}
{"ok":true,"cmd":"get","var":"wrPosbar","bufPctRaw":0,"bufPctSmoothed":0,"bufPctDrawn":22,"redraws":29,"sinceLastRedrawMs":19,"lastSkipReason":"none","frozen":false,"last":true}
{"ok":true,"cmd":"get","var":"wrPosbar","bufPctRaw":0,"bufPctSmoothed":0,"bufPctDrawn":22,"redraws":29,"sinceLastRedrawMs":68,"lastSkipReason":"interval","frozen":false,"last":true}
{"ok":true,"cmd":"get","var":"wrPosbar","bufPctRaw":0,"bufPctSmoothed":0,"bufPctDrawn":22,"redraws":29,"sinceLastRedrawMs":103,"lastSkipReason":"interval","frozen":false,"last":true}
{"ok":true,"cmd":"get","var":"wrPosbar","bufPctRaw":0,"bufPctSmoothed":0,"bufPctDrawn":22,"redraws":29,"sinceLastRedrawMs":131,"lastSkipReason":"interval","frozen":false,"last":true}
{"ok":true,"cmd":"get","var":"wrPosbar","bufPctRaw":0,"bufPctSmoothed":0,"bufPctDrawn":22,"redraws":29,"sinceLastRedrawMs":183,"lastSkipReason":"interval","frozen":false,"last":true}
{"ok":true,"cmd":"get","var":"wrPosbar","bufPctRaw":0,"bufPctSmoothed":0,"bufPctDrawn":20,"redraws":30,"sinceLastRedrawMs":24,"lastSkipReason":"interval","frozen":false,"last":true}
[W][perf] iter=52ms (worst path so far: app.tick:106ms)
{"ok":true,"cmd":"get","var":"wrPosbar","bufPctRaw":0,"bufPctSmoothed":0,"bufPctDrawn":20,"redraws":30,"sinceLastRedrawMs":78,"lastSkipReason":"interval","frozen":false,"last":true}
{"ok":true,"cmd":"get","var":"wrPosbar","bufPctRaw":0,"bufPctSmoothed":0,"bufPctDrawn":20,"redraws":30,"sinceLastRedrawMs":129,"lastSkipReason":"interval","frozen":false,"last":true}
{"ok":true,"cmd":"get","var":"wrPosbar","bufPctRaw":0,"bufPctSmoothed":0,"bufPctDrawn":20,"redraws":30,"sinceLastRedrawMs":181,"lastSkipReason":"interval","frozen":false,"last":true}
{"ok":true,"cmd":"get","var":"wrPosbar","bufPctRaw":0,"bufPctSmoothed":0,"bufPctDrawn":18,"redraws":31,"sinceLastRedrawMs":19,"lastSkipReason":"none","frozen":false,"last":true}
{"ok":true,"cmd":"get","var":"wrPosbar","bufPctRaw":0,"bufPctSmoothed":0,"bufPctDrawn":18,"redraws":31,"sinceLastRedrawMs":77,"lastSkipReason":"interval","frozen":false,"last":true}
{"ok":true,"cmd":"get","var":"wrPosbar","bufPctRaw":0,"bufPctSmoothed":0,"bufPctDrawn":18,"redraws":31,"sinceLastRedrawMs":130,"lastSkipReason":"interval","frozen":false,"last":true}
{"ok":true,"cmd":"get","var":"wrPosbar","bufPctRaw":0,"bufPctSmoothed":0,"bufPctDrawn":18,"redraws":31,"sinceLastRedrawMs":182,"lastSkipReason":"interval","frozen":false,"last":true}
{"ok":true,"cmd":"get","var":"wrPosbar","bufPctRaw":0,"bufPctSmoothed":0,"bufPctDrawn":16,"redraws":32,"sinceLastRedrawMs":7,"lastSkipReason":"interval","frozen":false,"last":true}
{"ok":true,"cmd":"get","var":"wrPosbar","bufPctRaw":0,"bufPctSmoothed":0,"bufPctDrawn":16,"redraws":32,"sinceLastRedrawMs":71,"lastSkipReason":"interval","frozen":false,"last":true}
{"ok":true,"cmd":"get","var":"wrPosbar","bufPctRaw":0,"bufPctSmoothed":0,"bufPctDrawn":16,"redraws":32,"sinceLastRedrawMs":110,"lastSkipReason":"interval","frozen":false,"last":true}
{"ok":true,"cmd":"get","var":"wrPosbar","bufPctRaw":0,"bufPctSmoothed":0,"bufPctDrawn":16,"redraws":32,"sinceLastRedrawMs":157,"lastSkipReason":"interval","frozen":false,"last":true}
{"ok":true,"cmd":"get","var":"wrPosbar","bufPctRaw":0,"bufPctSmoothed":0,"bufPctDrawn":16,"redraws":32,"sinceLastRedrawMs":188,"lastSkipReason":"interval","frozen":false,"last":true}
{"ok":true,"cmd":"get","var":"wrPosbar","bufPctRaw":0,"bufPctSmoothed":0,"bufPctDrawn":14,"redraws":33,"sinceLastRedrawMs":9,"lastSkipReason":"interval","frozen":false,"last":true}
{"ok":true,"cmd":"get","var":"wrPosbar","bufPctRaw":0,"bufPctSmoothed":0,"bufPctDrawn":14,"redraws":33,"sinceLastRedrawMs":51,"lastSkipReason":"interval","frozen":false,"last":true}
{"ok":true,"cmd":"get","var":"wrPosbar","bufPctRaw":0,"bufPctSmoothed":0,"bufPctDrawn":14,"redraws":33,"sinceLastRedrawMs":84,"lastSkipReason":"interval","frozen":false,"last":true}
{"ok":true,"cmd":"get","var":"wrPosbar","bufPctRaw":0,"bufPctSmoothed":0,"bufPctDrawn":14,"redraws":33,"sinceLastRedrawMs":135,"lastSkipReason":"interval","frozen":false,"last":true}
{"ok":true,"cmd":"get","var":"wrPosbar","bufPctRaw":0,"bufPctSmoothed":0,"bufPctDrawn":14,"redraws":33,"sinceLastRedrawMs":190,"lastSkipReason":"interval","frozen":false,"last":true}
{"ok":true,"cmd":"get","var":"wrPosbar","bufPctRaw":0,"bufPctSmoothed":0,"bufPctDrawn":12,"redraws":34,"sinceLastRedrawMs":30,"lastSkipReason":"interval","frozen":false,"last":true}
{"ok":true,"cmd":"get","var":"wrPosbar","bufPctRaw":0,"bufPctSmoothed":0,"bufPctDrawn":12,"redraws":34,"sinceLastRedrawMs":81,"lastSkipReason":"interval","frozen":false,"last":true}
{"ok":true,"cmd":"get","var":"wrPosbar","bufPctRaw":0,"bufPctSmoothed":0,"bufPctDrawn":12,"redraws":34,"sinceLastRedrawMs":134,"lastSkipReason":"interval","frozen":false,"last":true}
{"ok":true,"cmd":"get","var":"wrPosbar","bufPctRaw":0,"bufPctSmoothed":0,"bufPctDrawn":12,"redraws":34,"sinceLastRedrawMs":187,"lastSkipReason":"interval","frozen":false,"last":true}
{"ok":true,"cmd":"get","var":"wrPosbar","bufPctRaw":0,"bufPctSmoothed":0,"bufPctDrawn":10,"redraws":35,"sinceLastRedrawMs":19,"lastSkipReason":"none","frozen":false,"last":true}
{"ok":true,"cmd":"get","var":"wrPosbar","bufPctRaw":0,"bufPctSmoothed":0,"bufPctDrawn":10,"redraws":35,"sinceLastRedrawMs":68,"lastSkipReason":"interval","frozen":false,"last":true}
{"ok":true,"cmd":"get","var":"wrPosbar","bufPctRaw":0,"bufPctSmoothed":0,"bufPctDrawn":10,"redraws":35,"sinceLastRedrawMs":101,"lastSkipReason":"interval","frozen":false,"last":true}
{"ok":true,"cmd":"get","var":"wrPosbar","bufPctRaw":0,"bufPctSmoothed":0,"bufPctDrawn":10,"redraws":35,"sinceLastRedrawMs":131,"lastSkipReason":"interval","frozen":false,"last":true}
{"ok":true,"cmd":"get","var":"wrPosbar","bufPctRaw":0,"bufPctSmoothed":0,"bufPctDrawn":10,"redraws":35,"sinceLastRedrawMs":173,"lastSkipReason":"interval","frozen":false,"last":true}
{"ok":true,"cmd":"get","var":"wrPosbar","bufPctRaw":0,"bufPctSmoothed":0,"bufPctDrawn":8,"redraws":36,"sinceLastRedrawMs":3,"lastSkipReason":"none","frozen":false,"last":true}
{"ok":true,"cmd":"get","var":"wrPosbar","bufPctRaw":0,"bufPctSmoothed":0,"bufPctDrawn":8,"redraws":36,"sinceLastRedrawMs":28,"lastSkipReason":"interval","frozen":false,"last":true}
{"ok":true,"cmd":"get","var":"wrPosbar","bufPctRaw":0,"bufPctSmoothed":0,"bufPctDrawn":8,"redraws":36,"sinceLastRedrawMs":71,"lastSkipReason":"interval","frozen":false,"last":true}
{"ok":true,"cmd":"get","var":"wrPosbar","bufPctRaw":0,"bufPctSmoothed":0,"bufPctDrawn":8,"redraws":36,"sinceLastRedrawMs":104,"lastSkipReason":"interval","frozen":false,"last":true}
{"ok":true,"cmd":"get","var":"wrPosbar","bufPctRaw":0,"bufPctSmoothed":0,"bufPctDrawn":8,"redraws":36,"sinceLastRedrawMs":126,"lastSkipReason":"interval","frozen":false,"last":true}
{"ok":true,"cmd":"get","var":"wrPosbar","bufPctRaw":0,"bufPctSmoothed":0,"bufPctDrawn":8,"redraws":36,"sinceLastRedrawMs":149,"lastSkipReason":"interval","frozen":false,"last":true}
{"ok":true,"cmd":"get","var":"wrPosbar","bufPctRaw":0,"bufPctSmoothed":0,"bufPctDrawn":8,"redraws":36,"sinceLastRedrawMs":190,"lastSkipReason":"interval","frozen":false,"last":true}
{"ok":true,"cmd":"get","var":"wrPosbar","bufPctRaw":0,"bufPctSmoothed":0,"bufPctDrawn":6,"redraws":37,"sinceLastRedrawMs":23,"lastSkipReason":"interval","frozen":false,"last":true}
{"ok":true,"cmd":"get","var":"wrPosbar","bufPctRaw":0,"bufPctSmoothed":0,"bufPctDrawn":6,"redraws":37,"sinceLastRedrawMs":67,"lastSkipReason":"interval","frozen":false,"last":true}
{"ok":true,"cmd":"get","var":"wrPosbar","bufPctRaw":0,"bufPctSmoothed":0,"bufPctDrawn":6,"redraws":37,"sinceLastRedrawMs":111,"lastSkipReason":"interval","frozen":false,"last":true}
{"ok":true,"cmd":"get","var":"wrPosbar","bufPctRaw":0,"bufPctSmoothed":0,"bufPctDrawn":6,"redraws":37,"sinceLastRedrawMs":161,"lastSkipReason":"interval","frozen":false,"last":true}
{"ok":true,"cmd":"get","var":"wrPosbar","bufPctRaw":0,"bufPctSmoothed":0,"bufPctDrawn":6,"redraws":37,"sinceLastRedrawMs":204,"lastSkipReason":"interval","frozen":false,"last":true}
{"ok":true,"cmd":"get","var":"wrPosbar","bufPctRaw":0,"bufPctSmoothed":0,"bufPctDrawn":4,"redraws":38,"sinceLastRedrawMs":6,"lastSkipReason":"none","frozen":false,"last":true}
{"ok":true,"cmd":"get","var":"wrPosbar","bufPctRaw":0,"bufPctSmoothed":0,"bufPctDrawn":4,"redraws":38,"sinceLastRedrawMs":33,"lastSkipReason":"interval","frozen":false,"last":true}
{"ok":true,"cmd":"get","var":"wrPosbar","bufPctRaw":0,"bufPctSmoothed":0,"bufPctDrawn":4,"redraws":38,"sinceLastRedrawMs":66,"lastSkipReason":"interval","frozen":false,"last":true}
{"ok":true,"cmd":"get","var":"wrPosbar","bufPctRaw":0,"bufPctSmoothed":0,"bufPctDrawn":4,"redraws":38,"sinceLastRedrawMs":109,"lastSkipReason":"interval","frozen":false,"last":true}
{"ok":true,"cmd":"get","var":"wrPosbar","bufPctRaw":0,"bufPctSmoothed":0,"bufPctDrawn":4,"redraws":38,"sinceLastRedrawMs":139,"lastSkipReason":"interval","frozen":false,"last":true}
{"ok":true,"cmd":"get","var":"wrPosbar","bufPctRaw":0,"bufPctSmoothed":0,"bufPctDrawn":4,"redraws":38,"sinceLastRedrawMs":180,"lastSkipReason":"interval","frozen":false,"last":true}
{"ok":true,"cmd":"get","var":"wrPosbar","bufPctRaw":0,"bufPctSmoothed":0,"bufPctDrawn":2,"redraws":39,"sinceLastRedrawMs":7,"lastSkipReason":"none","frozen":false,"last":true}
{"ok":true,"cmd":"get","var":"wrPosbar","bufPctRaw":0,"bufPctSmoothed":0,"bufPctDrawn":2,"redraws":39,"sinceLastRedrawMs":35,"lastSkipReason":"interval","frozen":false,"last":true}
{"ok":true,"cmd":"get","var":"wrPosbar","bufPctRaw":0,"bufPctSmoothed":0,"bufPctDrawn":2,"redraws":39,"sinceLastRedrawMs":86,"lastSkipReason":"interval","frozen":false,"last":true}
{"ok":true,"cmd":"get","var":"wrPosbar","bufPctRaw":0,"bufPctSmoothed":0,"bufPctDrawn":2,"redraws":39,"sinceLastRedrawMs":117,"lastSkipReason":"interval","frozen":false,"last":true}
{"ok":true,"cmd":"get","var":"wrPosbar","bufPctRaw":0,"bufPctSmoothed":0,"bufPctDrawn":2,"redraws":39,"sinceLastRedrawMs":139,"lastSkipReason":"interval","frozen":false,"last":true}
{"ok":true,"cmd":"get","var":"wrPosbar","bufPctRaw":0,"bufPctSmoothed":0,"bufPctDrawn":2,"redraws":39,"sinceLastRedrawMs":162,"lastSkipReason":"interval","frozen":false,"last":true}
{"ok":true,"cmd":"get","var":"wrPosbar","bufPctRaw":0,"bufPctSmoothed":0,"bufPctDrawn":0,"redraws":40,"sinceLastRedrawMs":20,"lastSkipReason":"none","frozen":false,"last":true}
{"ok":true,"cmd":"get","var":"wrPosbar","bufPctRaw":0,"bufPctSmoothed":0,"bufPctDrawn":0,"redraws":40,"sinceLastRedrawMs":70,"lastSkipReason":"interval","frozen":false,"last":true}
{"ok":true,"cmd":"get","var":"wrPosbar","bufPctRaw":0,"bufPctSmoothed":0,"bufPctDrawn":0,"redraws":40,"sinceLastRedrawMs":119,"lastSkipReason":"interval","frozen":false,"last":true}
{"ok":true,"cmd":"set","var":"wrPosbarSimDrain","val":"95,1"}
{"ok":true,"cmd":"get","var":"wrPosbar","bufPctRaw":95,"bufPctSmoothed":19,"bufPctDrawn":0,"redraws":40,"sinceLastRedrawMs":187,"lastSkipReason":"interval","frozen":false,"last":true}
{"ok":true,"cmd":"get","var":"wrPosbar","bufPctRaw":95,"bufPctSmoothed":46,"bufPctDrawn":2,"redraws":41,"sinceLastRedrawMs":22,"lastSkipReason":"interval","frozen":false,"last":true}
{"ok":true,"cmd":"get","var":"wrPosbar","bufPctRaw":95,"bufPctSmoothed":64,"bufPctDrawn":2,"redraws":41,"sinceLastRedrawMs":75,"lastSkipReason":"interval","frozen":false,"last":true}
{"ok":true,"cmd":"get","var":"wrPosbar","bufPctRaw":95,"bufPctSmoothed":79,"bufPctDrawn":2,"redraws":41,"sinceLastRedrawMs":105,"lastSkipReason":"interval","frozen":false,"last":true}
{"ok":true,"cmd":"get","var":"wrPosbar","bufPctRaw":95,"bufPctSmoothed":87,"bufPctDrawn":2,"redraws":41,"sinceLastRedrawMs":148,"lastSkipReason":"interval","frozen":false,"last":true}
[W][perf] iter=51ms (worst path so far: app.tick:106ms)
{"ok":true,"cmd":"get","var":"wrPosbar","bufPctRaw":94,"bufPctSmoothed":88,"bufPctDrawn":2,"redraws":41,"sinceLastRedrawMs":200,"lastSkipReason":"interval","frozen":false,"last":true}
{"ok":true,"cmd":"get","var":"wrPosbar","bufPctRaw":94,"bufPctSmoothed":90,"bufPctDrawn":4,"redraws":42,"sinceLastRedrawMs":9,"lastSkipReason":"interval","frozen":false,"last":true}
{"ok":true,"cmd":"get","var":"wrPosbar","bufPctRaw":94,"bufPctSmoothed":93,"bufPctDrawn":4,"redraws":42,"sinceLastRedrawMs":57,"lastSkipReason":"interval","frozen":false,"last":true}
{"ok":true,"cmd":"get","var":"wrPosbar","bufPctRaw":94,"bufPctSmoothed":93,"bufPctDrawn":4,"redraws":42,"sinceLastRedrawMs":85,"lastSkipReason":"interval","frozen":false,"last":true}
{"ok":true,"cmd":"get","var":"wrPosbar","bufPctRaw":94,"bufPctSmoothed":94,"bufPctDrawn":4,"redraws":42,"sinceLastRedrawMs":134,"lastSkipReason":"interval","frozen":false,"last":true}
{"ok":true,"cmd":"get","var":"wrPosbar","bufPctRaw":93,"bufPctSmoothed":93,"bufPctDrawn":4,"redraws":42,"sinceLastRedrawMs":186,"lastSkipReason":"interval","frozen":false,"last":true}
{"ok":true,"cmd":"get","var":"wrPosbar","bufPctRaw":93,"bufPctSmoothed":93,"bufPctDrawn":6,"redraws":43,"sinceLastRedrawMs":20,"lastSkipReason":"none","frozen":false,"last":true}
{"ok":true,"cmd":"get","var":"wrPosbar","bufPctRaw":93,"bufPctSmoothed":93,"bufPctDrawn":6,"redraws":43,"sinceLastRedrawMs":67,"lastSkipReason":"interval","frozen":false,"last":true}
{"ok":true,"cmd":"get","var":"wrPosbar","bufPctRaw":93,"bufPctSmoothed":93,"bufPctDrawn":6,"redraws":43,"sinceLastRedrawMs":117,"lastSkipReason":"interval","frozen":false,"last":true}
{"ok":true,"cmd":"get","var":"wrPosbar","bufPctRaw":92,"bufPctSmoothed":93,"bufPctDrawn":6,"redraws":43,"sinceLastRedrawMs":153,"lastSkipReason":"interval","frozen":false,"last":true}
{"ok":true,"cmd":"get","var":"wrPosbar","bufPctRaw":92,"bufPctSmoothed":93,"bufPctDrawn":6,"redraws":43,"sinceLastRedrawMs":180,"lastSkipReason":"interval","frozen":false,"last":true}
{"ok":true,"cmd":"get","var":"wrPosbar","bufPctRaw":92,"bufPctSmoothed":92,"bufPctDrawn":8,"redraws":44,"sinceLastRedrawMs":18,"lastSkipReason":"interval","frozen":false,"last":true}
{"ok":true,"cmd":"get","var":"wrPosbar","bufPctRaw":92,"bufPctSmoothed":92,"bufPctDrawn":8,"redraws":44,"sinceLastRedrawMs":70,"lastSkipReason":"interval","frozen":false,"last":true}
[W][perf] iter=52ms (worst path so far: app.tick:106ms)
{"ok":true,"cmd":"get","var":"wrPosbar","bufPctRaw":92,"bufPctSmoothed":92,"bufPctDrawn":8,"redraws":44,"sinceLastRedrawMs":126,"lastSkipReason":"interval","frozen":false,"last":true}
{"ok":true,"cmd":"get","var":"wrPosbar","bufPctRaw":91,"bufPctSmoothed":92,"bufPctDrawn":8,"redraws":44,"sinceLastRedrawMs":163,"lastSkipReason":"interval","frozen":false,"last":true}
{"ok":true,"cmd":"get","var":"wrPosbar","bufPctRaw":91,"bufPctSmoothed":91,"bufPctDrawn":10,"redraws":45,"sinceLastRedrawMs":7,"lastSkipReason":"none","frozen":false,"last":true}
{"ok":true,"cmd":"get","var":"wrPosbar","bufPctRaw":91,"bufPctSmoothed":91,"bufPctDrawn":10,"redraws":45,"sinceLastRedrawMs":35,"lastSkipReason":"interval","frozen":false,"last":true}
{"ok":true,"cmd":"get","var":"wrPosbar","bufPctRaw":91,"bufPctSmoothed":91,"bufPctDrawn":10,"redraws":45,"sinceLastRedrawMs":87,"lastSkipReason":"interval","frozen":false,"last":true}
{"ok":true,"cmd":"get","var":"wrPosbar","bufPctRaw":91,"bufPctSmoothed":91,"bufPctDrawn":10,"redraws":45,"sinceLastRedrawMs":138,"lastSkipReason":"interval","frozen":false,"last":true}
[W][perf] iter=53ms (worst path so far: app.tick:106ms)
{"ok":true,"cmd":"get","var":"wrPosbar","bufPctRaw":90,"bufPctSmoothed":91,"bufPctDrawn":10,"redraws":45,"sinceLastRedrawMs":192,"lastSkipReason":"interval","frozen":false,"last":true}
{"ok":true,"cmd":"get","var":"wrPosbar","bufPctRaw":90,"bufPctSmoothed":91,"bufPctDrawn":12,"redraws":46,"sinceLastRedrawMs":26,"lastSkipReason":"interval","frozen":false,"last":true}
{"ok":true,"cmd":"get","var":"wrPosbar","bufPctRaw":90,"bufPctSmoothed":90,"bufPctDrawn":12,"redraws":46,"sinceLastRedrawMs":78,"lastSkipReason":"interval","frozen":false,"last":true}
{"ok":true,"cmd":"get","var":"wrPosbar","bufPctRaw":90,"bufPctSmoothed":90,"bufPctDrawn":12,"redraws":46,"sinceLastRedrawMs":121,"lastSkipReason":"interval","frozen":false,"last":true}
{"ok":true,"cmd":"get","var":"wrPosbar","bufPctRaw":90,"bufPctSmoothed":90,"bufPctDrawn":12,"redraws":46,"sinceLastRedrawMs":160,"lastSkipReason":"interval","frozen":false,"last":true}
{"ok":true,"cmd":"get","var":"wrPosbar","bufPctRaw":89,"bufPctSmoothed":89,"bufPctDrawn":14,"redraws":47,"sinceLastRedrawMs":19,"lastSkipReason":"none","frozen":false,"last":true}
{"ok":true,"cmd":"get","var":"wrPosbar","bufPctRaw":89,"bufPctSmoothed":89,"bufPctDrawn":14,"redraws":47,"sinceLastRedrawMs":67,"lastSkipReason":"interval","frozen":false,"last":true}
{"ok":true,"cmd":"get","var":"wrPosbar","bufPctRaw":89,"bufPctSmoothed":89,"bufPctDrawn":14,"redraws":47,"sinceLastRedrawMs":103,"lastSkipReason":"interval","frozen":false,"last":true}
{"ok":true,"cmd":"get","var":"wrPosbar","bufPctRaw":89,"bufPctSmoothed":89,"bufPctDrawn":14,"redraws":47,"sinceLastRedrawMs":136,"lastSkipReason":"interval","frozen":false,"last":true}
{"ok":true,"cmd":"get","var":"wrPosbar","bufPctRaw":88,"bufPctSmoothed":89,"bufPctDrawn":14,"redraws":47,"sinceLastRedrawMs":182,"lastSkipReason":"interval","frozen":false,"last":true}
{"ok":true,"cmd":"get","var":"wrPosbar","bufPctRaw":88,"bufPctSmoothed":88,"bufPctDrawn":16,"redraws":48,"sinceLastRedrawMs":27,"lastSkipReason":"interval","frozen":false,"last":true}
{"ok":true,"cmd":"get","var":"wrPosbar","bufPctRaw":88,"bufPctSmoothed":88,"bufPctDrawn":16,"redraws":48,"sinceLastRedrawMs":80,"lastSkipReason":"interval","frozen":false,"last":true}
{"ok":true,"cmd":"get","var":"wrPosbar","bufPctRaw":88,"bufPctSmoothed":88,"bufPctDrawn":16,"redraws":48,"sinceLastRedrawMs":132,"lastSkipReason":"interval","frozen":false,"last":true}
{"ok":true,"cmd":"get","var":"wrPosbar","bufPctRaw":87,"bufPctSmoothed":88,"bufPctDrawn":16,"redraws":48,"sinceLastRedrawMs":183,"lastSkipReason":"interval","frozen":false,"last":true}
{"ok":true,"cmd":"get","var":"wrPosbar","bufPctRaw":87,"bufPctSmoothed":88,"bufPctDrawn":18,"redraws":49,"sinceLastRedrawMs":27,"lastSkipReason":"interval","frozen":false,"last":true}
{"ok":true,"cmd":"get","var":"wrPosbar","bufPctRaw":87,"bufPctSmoothed":87,"bufPctDrawn":18,"redraws":49,"sinceLastRedrawMs":73,"lastSkipReason":"interval","frozen":false,"last":true}
{"ok":true,"cmd":"get","var":"wrPosbar","bufPctRaw":87,"bufPctSmoothed":87,"bufPctDrawn":18,"redraws":49,"sinceLastRedrawMs":107,"lastSkipReason":"interval","frozen":false,"last":true}
{"ok":true,"cmd":"get","var":"wrPosbar","bufPctRaw":87,"bufPctSmoothed":87,"bufPctDrawn":18,"redraws":49,"sinceLastRedrawMs":136,"lastSkipReason":"interval","frozen":false,"last":true}
{"ok":true,"cmd":"get","var":"wrPosbar","bufPctRaw":86,"bufPctSmoothed":87,"bufPctDrawn":18,"redraws":49,"sinceLastRedrawMs":185,"lastSkipReason":"interval","frozen":false,"last":true}
{"ok":true,"cmd":"get","var":"wrPosbar","bufPctRaw":86,"bufPctSmoothed":86,"bufPctDrawn":20,"redraws":50,"sinceLastRedrawMs":30,"lastSkipReason":"interval","frozen":false,"last":true}
{"ok":true,"cmd":"get","var":"wrPosbar","bufPctRaw":86,"bufPctSmoothed":86,"bufPctDrawn":20,"redraws":50,"sinceLastRedrawMs":82,"lastSkipReason":"interval","frozen":false,"last":true}
{"ok":true,"cmd":"get","var":"wrPosbar","bufPctRaw":86,"bufPctSmoothed":86,"bufPctDrawn":20,"redraws":50,"sinceLastRedrawMs":133,"lastSkipReason":"interval","frozen":false,"last":true}
[W][perf] iter=52ms (worst path so far: app.tick:106ms)
{"ok":true,"cmd":"get","var":"wrPosbar","bufPctRaw":85,"bufPctSmoothed":86,"bufPctDrawn":20,"redraws":50,"sinceLastRedrawMs":186,"lastSkipReason":"interval","frozen":false,"last":true}
{"ok":true,"cmd":"get","var":"wrPosbar","bufPctRaw":85,"bufPctSmoothed":85,"bufPctDrawn":22,"redraws":51,"sinceLastRedrawMs":29,"lastSkipReason":"interval","frozen":false,"last":true}
{"ok":true,"cmd":"get","var":"wrPosbar","bufPctRaw":85,"bufPctSmoothed":85,"bufPctDrawn":22,"redraws":51,"sinceLastRedrawMs":82,"lastSkipReason":"interval","frozen":false,"last":true}
{"ok":true,"cmd":"get","var":"wrPosbar","bufPctRaw":85,"bufPctSmoothed":85,"bufPctDrawn":22,"redraws":51,"sinceLastRedrawMs":134,"lastSkipReason":"interval","frozen":false,"last":true}
{"ok":true,"cmd":"get","var":"wrPosbar","bufPctRaw":84,"bufPctSmoothed":85,"bufPctDrawn":22,"redraws":51,"sinceLastRedrawMs":188,"lastSkipReason":"interval","frozen":false,"last":true}
{"ok":true,"cmd":"get","var":"wrPosbar","bufPctRaw":84,"bufPctSmoothed":84,"bufPctDrawn":24,"redraws":52,"sinceLastRedrawMs":30,"lastSkipReason":"interval","frozen":false,"last":true}
{"ok":true,"cmd":"get","var":"wrPosbar","bufPctRaw":84,"bufPctSmoothed":84,"bufPctDrawn":24,"redraws":52,"sinceLastRedrawMs":84,"lastSkipReason":"interval","frozen":false,"last":true}
{"ok":true,"cmd":"get","var":"wrPosbar","bufPctRaw":84,"bufPctSmoothed":84,"bufPctDrawn":24,"redraws":52,"sinceLastRedrawMs":132,"lastSkipReason":"interval","frozen":false,"last":true}
{"ok":true,"cmd":"get","var":"wrPosbar","bufPctRaw":84,"bufPctSmoothed":84,"bufPctDrawn":24,"redraws":52,"sinceLastRedrawMs":180,"lastSkipReason":"interval","frozen":false,"last":true}
{"ok":true,"cmd":"get","var":"wrPosbar","bufPctRaw":83,"bufPctSmoothed":84,"bufPctDrawn":26,"redraws":53,"sinceLastRedrawMs":28,"lastSkipReason":"interval","frozen":false,"last":true}
{"ok":true,"cmd":"get","var":"wrPosbar","bufPctRaw":83,"bufPctSmoothed":83,"bufPctDrawn":26,"redraws":53,"sinceLastRedrawMs":81,"lastSkipReason":"interval","frozen":false,"last":true}
{"ok":true,"cmd":"get","var":"wrPosbar","bufPctRaw":83,"bufPctSmoothed":83,"bufPctDrawn":26,"redraws":53,"sinceLastRedrawMs":133,"lastSkipReason":"interval","frozen":false,"last":true}
{"ok":true,"cmd":"get","var":"wrPosbar","bufPctRaw":83,"bufPctSmoothed":83,"bufPctDrawn":26,"redraws":53,"sinceLastRedrawMs":185,"lastSkipReason":"interval","frozen":false,"last":true}
{"ok":true,"cmd":"get","var":"wrPosbar","bufPctRaw":82,"bufPctSmoothed":83,"bufPctDrawn":28,"redraws":54,"sinceLastRedrawMs":3,"lastSkipReason":"none","frozen":false,"last":true}
{"ok":true,"cmd":"get","var":"wrPosbar","bufPctRaw":82,"bufPctSmoothed":82,"bufPctDrawn":28,"redraws":54,"sinceLastRedrawMs":66,"lastSkipReason":"interval","frozen":false,"last":true}
{"ok":true,"cmd":"get","var":"wrPosbar","bufPctRaw":82,"bufPctSmoothed":82,"bufPctDrawn":28,"redraws":54,"sinceLastRedrawMs":100,"lastSkipReason":"interval","frozen":false,"last":true}
{"ok":true,"cmd":"get","var":"wrPosbar","bufPctRaw":82,"bufPctSmoothed":82,"bufPctDrawn":28,"redraws":54,"sinceLastRedrawMs":131,"lastSkipReason":"interval","frozen":false,"last":true}
{"ok":true,"cmd":"get","var":"wrPosbar","bufPctRaw":82,"bufPctSmoothed":82,"bufPctDrawn":28,"redraws":54,"sinceLastRedrawMs":180,"lastSkipReason":"interval","frozen":false,"last":true}
{"ok":true,"cmd":"get","var":"wrPosbar","bufPctRaw":81,"bufPctSmoothed":82,"bufPctDrawn":30,"redraws":55,"sinceLastRedrawMs":27,"lastSkipReason":"interval","frozen":false,"last":true}
{"ok":true,"cmd":"get","var":"wrPosbar","bufPctRaw":81,"bufPctSmoothed":81,"bufPctDrawn":30,"redraws":55,"sinceLastRedrawMs":73,"lastSkipReason":"interval","frozen":false,"last":true}
{"ok":true,"cmd":"get","var":"wrPosbar","bufPctRaw":81,"bufPctSmoothed":81,"bufPctDrawn":30,"redraws":55,"sinceLastRedrawMs":132,"lastSkipReason":"interval","frozen":false,"last":true}
{"ok":true,"cmd":"get","var":"wrPosbar","bufPctRaw":81,"bufPctSmoothed":81,"bufPctDrawn":30,"redraws":55,"sinceLastRedrawMs":184,"lastSkipReason":"interval","frozen":false,"last":true}
{"ok":true,"cmd":"get","var":"wrPosbar","bufPctRaw":80,"bufPctSmoothed":81,"bufPctDrawn":32,"redraws":56,"sinceLastRedrawMs":18,"lastSkipReason":"interval","frozen":false,"last":true}
{"ok":true,"cmd":"get","var":"wrPosbar","bufPctRaw":80,"bufPctSmoothed":80,"bufPctDrawn":32,"redraws":56,"sinceLastRedrawMs":52,"lastSkipReason":"interval","frozen":false,"last":true}
{"ok":true,"cmd":"get","var":"wrPosbar","bufPctRaw":80,"bufPctSmoothed":80,"bufPctDrawn":32,"redraws":56,"sinceLastRedrawMs":75,"lastSkipReason":"interval","frozen":false,"last":true}
{"ok":true,"cmd":"get","var":"wrPosbar","bufPctRaw":80,"bufPctSmoothed":80,"bufPctDrawn":32,"redraws":56,"sinceLastRedrawMs":98,"lastSkipReason":"interval","frozen":false,"last":true}
{"ok":true,"cmd":"get","var":"wrPosbar","bufPctRaw":80,"bufPctSmoothed":80,"bufPctDrawn":32,"redraws":56,"sinceLastRedrawMs":122,"lastSkipReason":"interval","frozen":false,"last":true}
{"ok":true,"cmd":"get","var":"wrPosbar","bufPctRaw":80,"bufPctSmoothed":80,"bufPctDrawn":32,"redraws":56,"sinceLastRedrawMs":144,"lastSkipReason":"interval","frozen":false,"last":true}
{"ok":true,"cmd":"get","var":"wrPosbar","bufPctRaw":80,"bufPctSmoothed":80,"bufPctDrawn":32,"redraws":56,"sinceLastRedrawMs":169,"lastSkipReason":"interval","frozen":false,"last":true}
{"ok":true,"cmd":"get","var":"wrPosbar","bufPctRaw":80,"bufPctSmoothed":80,"bufPctDrawn":32,"redraws":56,"sinceLastRedrawMs":191,"lastSkipReason":"interval","frozen":false,"last":true}
{"ok":true,"cmd":"get","var":"wrPosbar","bufPctRaw":79,"bufPctSmoothed":79,"bufPctDrawn":34,"redraws":57,"sinceLastRedrawMs":13,"lastSkipReason":"interval","frozen":false,"last":true}
{"ok":true,"cmd":"get","var":"wrPosbar","bufPctRaw":79,"bufPctSmoothed":79,"bufPctDrawn":34,"redraws":57,"sinceLastRedrawMs":35,"lastSkipReason":"interval","frozen":false,"last":true}
{"ok":true,"cmd":"get","var":"wrPosbar","bufPctRaw":79,"bufPctSmoothed":79,"bufPctDrawn":34,"redraws":57,"sinceLastRedrawMs":58,"lastSkipReason":"interval","frozen":false,"last":true}
{"ok":true,"cmd":"get","var":"wrPosbar","bufPctRaw":79,"bufPctSmoothed":79,"bufPctDrawn":34,"redraws":57,"sinceLastRedrawMs":81,"lastSkipReason":"interval","frozen":false,"last":true}
{"ok":true,"cmd":"get","var":"wrPosbar","bufPctRaw":79,"bufPctSmoothed":79,"bufPctDrawn":34,"redraws":57,"sinceLastRedrawMs":103,"lastSkipReason":"interval","frozen":false,"last":true}
{"ok":true,"cmd":"get","var":"wrPosbar","bufPctRaw":79,"bufPctSmoothed":79,"bufPctDrawn":34,"redraws":57,"sinceLastRedrawMs":125,"lastSkipReason":"interval","frozen":false,"last":true}
{"ok":true,"cmd":"get","var":"wrPosbar","bufPctRaw":79,"bufPctSmoothed":79,"bufPctDrawn":34,"redraws":57,"sinceLastRedrawMs":148,"lastSkipReason":"interval","frozen":false,"last":true}
{"ok":true,"cmd":"get","var":"wrPosbar","bufPctRaw":79,"bufPctSmoothed":79,"bufPctDrawn":34,"redraws":57,"sinceLastRedrawMs":170,"lastSkipReason":"interval","frozen":false,"last":true}
{"ok":true,"cmd":"get","var":"wrPosbar","bufPctRaw":79,"bufPctSmoothed":79,"bufPctDrawn":34,"redraws":57,"sinceLastRedrawMs":194,"lastSkipReason":"interval","frozen":false,"last":true}
{"ok":true,"cmd":"get","var":"wrPosbar","bufPctRaw":78,"bufPctSmoothed":78,"bufPctDrawn":36,"redraws":58,"sinceLastRedrawMs":10,"lastSkipReason":"interval","frozen":false,"last":true}
{"ok":true,"cmd":"get","var":"wrPosbar","bufPctRaw":78,"bufPctSmoothed":78,"bufPctDrawn":36,"redraws":58,"sinceLastRedrawMs":33,"lastSkipReason":"interval","frozen":false,"last":true}
{"ok":true,"cmd":"get","var":"wrPosbar","bufPctRaw":78,"bufPctSmoothed":78,"bufPctDrawn":36,"redraws":58,"sinceLastRedrawMs":58,"lastSkipReason":"interval","frozen":false,"last":true}
{"ok":true,"cmd":"get","var":"wrPosbar","bufPctRaw":78,"bufPctSmoothed":78,"bufPctDrawn":36,"redraws":58,"sinceLastRedrawMs":80,"lastSkipReason":"interval","frozen":false,"last":true}
{"ok":true,"cmd":"get","var":"wrPosbar","bufPctRaw":78,"bufPctSmoothed":78,"bufPctDrawn":36,"redraws":58,"sinceLastRedrawMs":103,"lastSkipReason":"interval","frozen":false,"last":true}
[I][webradio] audio_info: slow stream, dropouts are possible
{"ok":true,"cmd":"get","var":"wrPosbar","bufPctRaw":78,"bufPctSmoothed":78,"bufPctDrawn":36,"redraws":58,"sinceLastRedrawMs":126,"lastSkipReason":"interval","frozen":false,"last":true}
{"ok":true,"cmd":"get","var":"wrPosbar","bufPctRaw":78,"bufPctSmoothed":78,"bufPctDrawn":36,"redraws":58,"sinceLastRedrawMs":150,"lastSkipReason":"interval","frozen":false,"last":true}
{"ok":true,"cmd":"get","var":"wrPosbar","bufPctRaw":78,"bufPctSmoothed":78,"bufPctDrawn":36,"redraws":58,"sinceLastRedrawMs":173,"lastSkipReason":"interval","frozen":false,"last":true}
{"ok":true,"cmd":"get","var":"wrPosbar","bufPctRaw":78,"bufPctSmoothed":78,"bufPctDrawn":36,"redraws":58,"sinceLastRedrawMs":195,"lastSkipReason":"interval","frozen":false,"last":true}
{"ok":true,"cmd":"get","var":"wrPosbar","bufPctRaw":77,"bufPctSmoothed":77,"bufPctDrawn":38,"redraws":59,"sinceLastRedrawMs":8,"lastSkipReason":"interval","frozen":false,"last":true}
{"ok":true,"cmd":"get","var":"wrPosbar","bufPctRaw":77,"bufPctSmoothed":77,"bufPctDrawn":38,"redraws":59,"sinceLastRedrawMs":30,"lastSkipReason":"interval","frozen":false,"last":true}
{"ok":true,"cmd":"get","var":"wrPosbar","bufPctRaw":77,"bufPctSmoothed":77,"bufPctDrawn":38,"redraws":59,"sinceLastRedrawMs":53,"lastSkipReason":"interval","frozen":false,"last":true}
{"ok":true,"cmd":"get","var":"wrPosbar","bufPctRaw":77,"bufPctSmoothed":77,"bufPctDrawn":38,"redraws":59,"sinceLastRedrawMs":75,"lastSkipReason":"interval","frozen":false,"last":true}
{"ok":true,"cmd":"get","var":"wrPosbar","bufPctRaw":77,"bufPctSmoothed":77,"bufPctDrawn":38,"redraws":59,"sinceLastRedrawMs":97,"lastSkipReason":"interval","frozen":false,"last":true}
{"ok":true,"cmd":"get","var":"wrPosbar","bufPctRaw":77,"bufPctSmoothed":77,"bufPctDrawn":38,"redraws":59,"sinceLastRedrawMs":120,"lastSkipReason":"interval","frozen":false,"last":true}
{"ok":true,"cmd":"get","var":"wrPosbar","bufPctRaw":77,"bufPctSmoothed":77,"bufPctDrawn":38,"redraws":59,"sinceLastRedrawMs":143,"lastSkipReason":"interval","frozen":false,"last":true}
{"ok":true,"cmd":"get","var":"wrPosbar","bufPctRaw":77,"bufPctSmoothed":77,"bufPctDrawn":38,"redraws":59,"sinceLastRedrawMs":165,"lastSkipReason":"interval","frozen":false,"last":true}
{"ok":true,"cmd":"get","var":"wrPosbar","bufPctRaw":77,"bufPctSmoothed":77,"bufPctDrawn":38,"redraws":59,"sinceLastRedrawMs":188,"lastSkipReason":"interval","frozen":false,"last":true}
{"ok":true,"cmd":"get","var":"wrPosbar","bufPctRaw":76,"bufPctSmoothed":76,"bufPctDrawn":40,"redraws":60,"sinceLastRedrawMs":12,"lastSkipReason":"interval","frozen":false,"last":true}
{"ok":true,"cmd":"get","var":"wrPosbar","bufPctRaw":76,"bufPctSmoothed":76,"bufPctDrawn":40,"redraws":60,"sinceLastRedrawMs":36,"lastSkipReason":"interval","frozen":false,"last":true}
{"ok":true,"cmd":"get","var":"wrPosbar","bufPctRaw":76,"bufPctSmoothed":76,"bufPctDrawn":40,"redraws":60,"sinceLastRedrawMs":60,"lastSkipReason":"interval","frozen":false,"last":true}
{"ok":true,"cmd":"get","var":"wrPosbar","bufPctRaw":76,"bufPctSmoothed":76,"bufPctDrawn":40,"redraws":60,"sinceLastRedrawMs":82,"lastSkipReason":"interval","frozen":false,"last":true}
{"ok":true,"cmd":"get","var":"wrPosbar","bufPctRaw":76,"bufPctSmoothed":76,"bufPctDrawn":40,"redraws":60,"sinceLastRedrawMs":104,"lastSkipReason":"interval","frozen":false,"last":true}
{"ok":true,"cmd":"get","var":"wrPosbar","bufPctRaw":76,"bufPctSmoothed":76,"bufPctDrawn":40,"redraws":60,"sinceLastRedrawMs":129,"lastSkipReason":"interval","frozen":false,"last":true}
{"ok":true,"cmd":"get","var":"wrPosbar","bufPctRaw":76,"bufPctSmoothed":76,"bufPctDrawn":40,"redraws":60,"sinceLastRedrawMs":151,"lastSkipReason":"interval","frozen":false,"last":true}
{"ok":true,"cmd":"get","var":"wrPosbar","bufPctRaw":76,"bufPctSmoothed":76,"bufPctDrawn":40,"redraws":60,"sinceLastRedrawMs":173,"lastSkipReason":"interval","frozen":false,"last":true}
{"ok":true,"cmd":"get","var":"wrPosbar","bufPctRaw":76,"bufPctSmoothed":76,"bufPctDrawn":40,"redraws":60,"sinceLastRedrawMs":195,"lastSkipReason":"interval","frozen":false,"last":true}
{"ok":true,"cmd":"get","var":"wrPosbar","bufPctRaw":75,"bufPctSmoothed":75,"bufPctDrawn":42,"redraws":61,"sinceLastRedrawMs":9,"lastSkipReason":"interval","frozen":false,"last":true}
{"ok":true,"cmd":"get","var":"wrPosbar","bufPctRaw":75,"bufPctSmoothed":75,"bufPctDrawn":42,"redraws":61,"sinceLastRedrawMs":32,"lastSkipReason":"interval","frozen":false,"last":true}
{"ok":true,"cmd":"get","var":"wrPosbar","bufPctRaw":75,"bufPctSmoothed":75,"bufPctDrawn":42,"redraws":61,"sinceLastRedrawMs":54,"lastSkipReason":"interval","frozen":false,"last":true}
{"ok":true,"cmd":"get","var":"wrPosbar","bufPctRaw":75,"bufPctSmoothed":75,"bufPctDrawn":42,"redraws":61,"sinceLastRedrawMs":76,"lastSkipReason":"interval","frozen":false,"last":true}
{"ok":true,"cmd":"get","var":"wrPosbar","bufPctRaw":75,"bufPctSmoothed":75,"bufPctDrawn":42,"redraws":61,"sinceLastRedrawMs":99,"lastSkipReason":"interval","frozen":false,"last":true}
{"ok":true,"cmd":"get","var":"wrPosbar","bufPctRaw":75,"bufPctSmoothed":75,"bufPctDrawn":42,"redraws":61,"sinceLastRedrawMs":122,"lastSkipReason":"interval","frozen":false,"last":true}
{"ok":true,"cmd":"get","var":"wrPosbar","bufPctRaw":75,"bufPctSmoothed":75,"bufPctDrawn":42,"redraws":61,"sinceLastRedrawMs":144,"lastSkipReason":"interval","frozen":false,"last":true}
{"ok":true,"cmd":"get","var":"wrPosbar","bufPctRaw":75,"bufPctSmoothed":75,"bufPctDrawn":42,"redraws":61,"sinceLastRedrawMs":167,"lastSkipReason":"interval","frozen":false,"last":true}
{"ok":true,"cmd":"get","var":"wrPosbar","bufPctRaw":75,"bufPctSmoothed":75,"bufPctDrawn":42,"redraws":61,"sinceLastRedrawMs":189,"lastSkipReason":"interval","frozen":false,"last":true}
{"ok":true,"cmd":"get","var":"wrPosbar","bufPctRaw":74,"bufPctSmoothed":74,"bufPctDrawn":44,"redraws":62,"sinceLastRedrawMs":12,"lastSkipReason":"interval","frozen":false,"last":true}
{"ok":true,"cmd":"get","var":"wrPosbar","bufPctRaw":74,"bufPctSmoothed":74,"bufPctDrawn":44,"redraws":62,"sinceLastRedrawMs":35,"lastSkipReason":"interval","frozen":false,"last":true}
{"ok":true,"cmd":"get","var":"wrPosbar","bufPctRaw":74,"bufPctSmoothed":74,"bufPctDrawn":44,"redraws":62,"sinceLastRedrawMs":57,"lastSkipReason":"interval","frozen":false,"last":true}
{"ok":true,"cmd":"get","var":"wrPosbar","bufPctRaw":74,"bufPctSmoothed":74,"bufPctDrawn":44,"redraws":62,"sinceLastRedrawMs":80,"lastSkipReason":"interval","frozen":false,"last":true}
{"ok":true,"cmd":"get","var":"wrPosbar","bufPctRaw":74,"bufPctSmoothed":74,"bufPctDrawn":44,"redraws":62,"sinceLastRedrawMs":103,"lastSkipReason":"interval","frozen":false,"last":true}
{"ok":true,"cmd":"get","var":"wrPosbar","bufPctRaw":74,"bufPctSmoothed":74,"bufPctDrawn":44,"redraws":62,"sinceLastRedrawMs":125,"lastSkipReason":"interval","frozen":false,"last":true}
{"ok":true,"cmd":"get","var":"wrPosbar","bufPctRaw":74,"bufPctSmoothed":74,"bufPctDrawn":44,"redraws":62,"sinceLastRedrawMs":147,"lastSkipReason":"interval","frozen":false,"last":true}
{"ok":true,"cmd":"get","var":"wrPosbar","bufPctRaw":74,"bufPctSmoothed":74,"bufPctDrawn":44,"redraws":62,"sinceLastRedrawMs":170,"lastSkipReason":"interval","frozen":false,"last":true}
{"ok":true,"cmd":"get","var":"wrPosbar","bufPctRaw":74,"bufPctSmoothed":74,"bufPctDrawn":44,"redraws":62,"sinceLastRedrawMs":193,"lastSkipReason":"interval","frozen":false,"last":true}
{"ok":true,"cmd":"get","var":"wrPosbar","bufPctRaw":73,"bufPctSmoothed":73,"bufPctDrawn":46,"redraws":63,"sinceLastRedrawMs":10,"lastSkipReason":"interval","frozen":false,"last":true}
{"ok":true,"cmd":"get","var":"wrPosbar","bufPctRaw":73,"bufPctSmoothed":73,"bufPctDrawn":46,"redraws":63,"sinceLastRedrawMs":32,"lastSkipReason":"interval","frozen":false,"last":true}
{"ok":true,"cmd":"get","var":"wrPosbar","bufPctRaw":73,"bufPctSmoothed":73,"bufPctDrawn":46,"redraws":63,"sinceLastRedrawMs":54,"lastSkipReason":"interval","frozen":false,"last":true}
{"ok":true,"cmd":"get","var":"wrPosbar","bufPctRaw":73,"bufPctSmoothed":73,"bufPctDrawn":46,"redraws":63,"sinceLastRedrawMs":76,"lastSkipReason":"interval","frozen":false,"last":true}
[I][webradio] audio_info: slow stream, dropouts are possible
{"ok":true,"cmd":"get","var":"wrPosbar","bufPctRaw":73,"bufPctSmoothed":73,"bufPctDrawn":46,"redraws":63,"sinceLastRedrawMs":99,"lastSkipReason":"interval","frozen":false,"last":true}
{"ok":true,"cmd":"get","var":"wrPosbar","bufPctRaw":73,"bufPctSmoothed":73,"bufPctDrawn":46,"redraws":63,"sinceLastRedrawMs":124,"lastSkipReason":"interval","frozen":false,"last":true}
{"ok":true,"cmd":"get","var":"wrPosbar","bufPctRaw":73,"bufPctSmoothed":73,"bufPctDrawn":46,"redraws":63,"sinceLastRedrawMs":146,"lastSkipReason":"interval","frozen":false,"last":true}
{"ok":true,"cmd":"get","var":"wrPosbar","bufPctRaw":73,"bufPctSmoothed":73,"bufPctDrawn":46,"redraws":63,"sinceLastRedrawMs":168,"lastSkipReason":"interval","frozen":false,"last":true}
{"ok":true,"cmd":"get","var":"wrPosbar","bufPctRaw":73,"bufPctSmoothed":73,"bufPctDrawn":46,"redraws":63,"sinceLastRedrawMs":193,"lastSkipReason":"interval","frozen":false,"last":true}
{"ok":true,"cmd":"get","var":"wrPosbar","bufPctRaw":72,"bufPctSmoothed":72,"bufPctDrawn":48,"redraws":64,"sinceLastRedrawMs":10,"lastSkipReason":"interval","frozen":false,"last":true}
{"ok":true,"cmd":"get","var":"wrPosbar","bufPctRaw":72,"bufPctSmoothed":72,"bufPctDrawn":48,"redraws":64,"sinceLastRedrawMs":32,"lastSkipReason":"interval","frozen":false,"last":true}
{"ok":true,"cmd":"get","var":"wrPosbar","bufPctRaw":72,"bufPctSmoothed":72,"bufPctDrawn":48,"redraws":64,"sinceLastRedrawMs":54,"lastSkipReason":"interval","frozen":false,"last":true}
{"ok":true,"cmd":"get","var":"wrPosbar","bufPctRaw":72,"bufPctSmoothed":72,"bufPctDrawn":48,"redraws":64,"sinceLastRedrawMs":79,"lastSkipReason":"interval","frozen":false,"last":true}
{"ok":true,"cmd":"get","var":"wrPosbar","bufPctRaw":72,"bufPctSmoothed":72,"bufPctDrawn":48,"redraws":64,"sinceLastRedrawMs":101,"lastSkipReason":"interval","frozen":false,"last":true}
{"ok":true,"cmd":"get","var":"wrPosbar","bufPctRaw":72,"bufPctSmoothed":72,"bufPctDrawn":48,"redraws":64,"sinceLastRedrawMs":123,"lastSkipReason":"interval","frozen":false,"last":true}
{"ok":true,"cmd":"get","var":"wrPosbar","bufPctRaw":72,"bufPctSmoothed":72,"bufPctDrawn":48,"redraws":64,"sinceLastRedrawMs":146,"lastSkipReason":"interval","frozen":false,"last":true}
{"ok":true,"cmd":"get","var":"wrPosbar","bufPctRaw":72,"bufPctSmoothed":72,"bufPctDrawn":48,"redraws":64,"sinceLastRedrawMs":168,"lastSkipReason":"interval","frozen":false,"last":true}
{"ok":true,"cmd":"get","var":"wrPosbar","bufPctRaw":72,"bufPctSmoothed":72,"bufPctDrawn":48,"redraws":64,"sinceLastRedrawMs":191,"lastSkipReason":"interval","frozen":false,"last":true}
{"ok":true,"cmd":"get","var":"wrPosbar","bufPctRaw":71,"bufPctSmoothed":71,"bufPctDrawn":50,"redraws":65,"sinceLastRedrawMs":11,"lastSkipReason":"interval","frozen":false,"last":true}
{"ok":true,"cmd":"get","var":"wrPosbar","bufPctRaw":71,"bufPctSmoothed":71,"bufPctDrawn":50,"redraws":65,"sinceLastRedrawMs":38,"lastSkipReason":"interval","frozen":false,"last":true}
{"ok":true,"cmd":"get","var":"wrPosbar","bufPctRaw":71,"bufPctSmoothed":71,"bufPctDrawn":50,"redraws":65,"sinceLastRedrawMs":61,"lastSkipReason":"interval","frozen":false,"last":true}
{"ok":true,"cmd":"get","var":"wrPosbar","bufPctRaw":71,"bufPctSmoothed":71,"bufPctDrawn":50,"redraws":65,"sinceLastRedrawMs":83,"lastSkipReason":"interval","frozen":false,"last":true}
{"ok":true,"cmd":"get","var":"wrPosbar","bufPctRaw":71,"bufPctSmoothed":71,"bufPctDrawn":50,"redraws":65,"sinceLastRedrawMs":105,"lastSkipReason":"interval","frozen":false,"last":true}
{"ok":true,"cmd":"get","var":"wrPosbar","bufPctRaw":71,"bufPctSmoothed":71,"bufPctDrawn":50,"redraws":65,"sinceLastRedrawMs":127,"lastSkipReason":"interval","frozen":false,"last":true}
{"ok":true,"cmd":"get","var":"wrPosbar","bufPctRaw":71,"bufPctSmoothed":71,"bufPctDrawn":50,"redraws":65,"sinceLastRedrawMs":150,"lastSkipReason":"interval","frozen":false,"last":true}
{"ok":true,"cmd":"get","var":"wrPosbar","bufPctRaw":71,"bufPctSmoothed":71,"bufPctDrawn":50,"redraws":65,"sinceLastRedrawMs":172,"lastSkipReason":"interval","frozen":false,"last":true}
{"ok":true,"cmd":"get","var":"wrPosbar","bufPctRaw":71,"bufPctSmoothed":71,"bufPctDrawn":50,"redraws":65,"sinceLastRedrawMs":194,"lastSkipReason":"interval","frozen":false,"last":true}
{"ok":true,"cmd":"get","var":"wrPosbar","bufPctRaw":70,"bufPctSmoothed":70,"bufPctDrawn":52,"redraws":66,"sinceLastRedrawMs":7,"lastSkipReason":"interval","frozen":false,"last":true}
{"ok":true,"cmd":"get","var":"wrPosbar","bufPctRaw":70,"bufPctSmoothed":70,"bufPctDrawn":52,"redraws":66,"sinceLastRedrawMs":29,"lastSkipReason":"interval","frozen":false,"last":true}
{"ok":true,"cmd":"get","var":"wrPosbar","bufPctRaw":70,"bufPctSmoothed":70,"bufPctDrawn":52,"redraws":66,"sinceLastRedrawMs":52,"lastSkipReason":"interval","frozen":false,"last":true}
{"ok":true,"cmd":"get","var":"wrPosbar","bufPctRaw":70,"bufPctSmoothed":70,"bufPctDrawn":52,"redraws":66,"sinceLastRedrawMs":74,"lastSkipReason":"interval","frozen":false,"last":true}
{"ok":true,"cmd":"get","var":"wrPosbar","bufPctRaw":70,"bufPctSmoothed":70,"bufPctDrawn":52,"redraws":66,"sinceLastRedrawMs":96,"lastSkipReason":"interval","frozen":false,"last":true}
{"ok":true,"cmd":"get","var":"wrPosbar","bufPctRaw":70,"bufPctSmoothed":70,"bufPctDrawn":52,"redraws":66,"sinceLastRedrawMs":118,"lastSkipReason":"interval","frozen":false,"last":true}
{"ok":true,"cmd":"get","var":"wrPosbar","bufPctRaw":70,"bufPctSmoothed":70,"bufPctDrawn":52,"redraws":66,"sinceLastRedrawMs":141,"lastSkipReason":"interval","frozen":false,"last":true}
{"ok":true,"cmd":"get","var":"wrPosbar","bufPctRaw":70,"bufPctSmoothed":70,"bufPctDrawn":52,"redraws":66,"sinceLastRedrawMs":164,"lastSkipReason":"interval","frozen":false,"last":true}
{"ok":true,"cmd":"get","var":"wrPosbar","bufPctRaw":70,"bufPctSmoothed":70,"bufPctDrawn":52,"redraws":66,"sinceLastRedrawMs":187,"lastSkipReason":"interval","frozen":false,"last":true}
{"ok":true,"cmd":"get","var":"wrPosbar","bufPctRaw":69,"bufPctSmoothed":69,"bufPctDrawn":54,"redraws":67,"sinceLastRedrawMs":14,"lastSkipReason":"interval","frozen":false,"last":true}
{"ok":true,"cmd":"get","var":"wrPosbar","bufPctRaw":69,"bufPctSmoothed":69,"bufPctDrawn":54,"redraws":67,"sinceLastRedrawMs":36,"lastSkipReason":"interval","frozen":false,"last":true}
{"ok":true,"cmd":"get","var":"wrPosbar","bufPctRaw":69,"bufPctSmoothed":69,"bufPctDrawn":54,"redraws":67,"sinceLastRedrawMs":58,"lastSkipReason":"interval","frozen":false,"last":true}
{"ok":true,"cmd":"get","var":"wrPosbar","bufPctRaw":69,"bufPctSmoothed":69,"bufPctDrawn":54,"redraws":67,"sinceLastRedrawMs":80,"lastSkipReason":"interval","frozen":false,"last":true}
{"ok":true,"cmd":"get","var":"wrPosbar","bufPctRaw":69,"bufPctSmoothed":69,"bufPctDrawn":54,"redraws":67,"sinceLastRedrawMs":103,"lastSkipReason":"interval","frozen":false,"last":true}
{"ok":true,"cmd":"get","var":"wrPosbar","bufPctRaw":69,"bufPctSmoothed":69,"bufPctDrawn":54,"redraws":67,"sinceLastRedrawMs":125,"lastSkipReason":"interval","frozen":false,"last":true}
{"ok":true,"cmd":"get","var":"wrPosbar","bufPctRaw":69,"bufPctSmoothed":69,"bufPctDrawn":54,"redraws":67,"sinceLastRedrawMs":149,"lastSkipReason":"interval","frozen":false,"last":true}
{"ok":true,"cmd":"get","var":"wrPosbar","bufPctRaw":69,"bufPctSmoothed":69,"bufPctDrawn":54,"redraws":67,"sinceLastRedrawMs":174,"lastSkipReason":"interval","frozen":false,"last":true}
{"ok":true,"cmd":"get","var":"wrPosbar","bufPctRaw":69,"bufPctSmoothed":69,"bufPctDrawn":54,"redraws":67,"sinceLastRedrawMs":196,"lastSkipReason":"interval","frozen":false,"last":true}
{"ok":true,"cmd":"get","var":"wrPosbar","bufPctRaw":68,"bufPctSmoothed":68,"bufPctDrawn":56,"redraws":68,"sinceLastRedrawMs":10,"lastSkipReason":"interval","frozen":false,"last":true}
{"ok":true,"cmd":"get","var":"wrPosbar","bufPctRaw":68,"bufPctSmoothed":68,"bufPctDrawn":56,"redraws":68,"sinceLastRedrawMs":33,"lastSkipReason":"interval","frozen":false,"last":true}
{"ok":true,"cmd":"get","var":"wrPosbar","bufPctRaw":68,"bufPctSmoothed":68,"bufPctDrawn":56,"redraws":68,"sinceLastRedrawMs":57,"lastSkipReason":"interval","frozen":false,"last":true}
[I][webradio] audio_info: slow stream, dropouts are possible
{"ok":true,"cmd":"get","var":"wrPosbar","bufPctRaw":68,"bufPctSmoothed":68,"bufPctDrawn":56,"redraws":68,"sinceLastRedrawMs":78,"lastSkipReason":"interval","frozen":false,"last":true}
{"ok":true,"cmd":"get","var":"wrPosbar","bufPctRaw":68,"bufPctSmoothed":68,"bufPctDrawn":56,"redraws":68,"sinceLastRedrawMs":101,"lastSkipReason":"interval","frozen":false,"last":true}
{"ok":true,"cmd":"get","var":"wrPosbar","bufPctRaw":68,"bufPctSmoothed":68,"bufPctDrawn":56,"redraws":68,"sinceLastRedrawMs":123,"lastSkipReason":"interval","frozen":false,"last":true}
{"ok":true,"cmd":"get","var":"wrPosbar","bufPctRaw":68,"bufPctSmoothed":68,"bufPctDrawn":56,"redraws":68,"sinceLastRedrawMs":145,"lastSkipReason":"interval","frozen":false,"last":true}
{"ok":true,"cmd":"get","var":"wrPosbar","bufPctRaw":68,"bufPctSmoothed":68,"bufPctDrawn":56,"redraws":68,"sinceLastRedrawMs":168,"lastSkipReason":"interval","frozen":false,"last":true}
{"ok":true,"cmd":"get","var":"wrPosbar","bufPctRaw":68,"bufPctSmoothed":68,"bufPctDrawn":56,"redraws":68,"sinceLastRedrawMs":190,"lastSkipReason":"interval","frozen":false,"last":true}
{"ok":true,"cmd":"get","var":"wrPosbar","bufPctRaw":67,"bufPctSmoothed":67,"bufPctDrawn":58,"redraws":69,"sinceLastRedrawMs":11,"lastSkipReason":"interval","frozen":false,"last":true}
{"ok":true,"cmd":"get","var":"wrPosbar","bufPctRaw":67,"bufPctSmoothed":67,"bufPctDrawn":58,"redraws":69,"sinceLastRedrawMs":35,"lastSkipReason":"interval","frozen":false,"last":true}
{"ok":true,"cmd":"get","var":"wrPosbar","bufPctRaw":67,"bufPctSmoothed":67,"bufPctDrawn":58,"redraws":69,"sinceLastRedrawMs":57,"lastSkipReason":"interval","frozen":false,"last":true}
{"ok":true,"cmd":"get","var":"wrPosbar","bufPctRaw":67,"bufPctSmoothed":67,"bufPctDrawn":58,"redraws":69,"sinceLastRedrawMs":79,"lastSkipReason":"interval","frozen":false,"last":true}
{"ok":true,"cmd":"get","var":"wrPosbar","bufPctRaw":67,"bufPctSmoothed":67,"bufPctDrawn":58,"redraws":69,"sinceLastRedrawMs":104,"lastSkipReason":"interval","frozen":false,"last":true}
{"ok":true,"cmd":"get","var":"wrPosbar","bufPctRaw":67,"bufPctSmoothed":67,"bufPctDrawn":58,"redraws":69,"sinceLastRedrawMs":127,"lastSkipReason":"interval","frozen":false,"last":true}
{"ok":true,"cmd":"get","var":"wrPosbar","bufPctRaw":67,"bufPctSmoothed":67,"bufPctDrawn":58,"redraws":69,"sinceLastRedrawMs":149,"lastSkipReason":"interval","frozen":false,"last":true}
{"ok":true,"cmd":"get","var":"wrPosbar","bufPctRaw":67,"bufPctSmoothed":67,"bufPctDrawn":58,"redraws":69,"sinceLastRedrawMs":172,"lastSkipReason":"interval","frozen":false,"last":true}
{"ok":true,"cmd":"get","var":"wrPosbar","bufPctRaw":67,"bufPctSmoothed":67,"bufPctDrawn":58,"redraws":69,"sinceLastRedrawMs":195,"lastSkipReason":"interval","frozen":false,"last":true}
{"ok":true,"cmd":"get","var":"wrPosbar","bufPctRaw":66,"bufPctSmoothed":66,"bufPctDrawn":60,"redraws":70,"sinceLastRedrawMs":11,"lastSkipReason":"interval","frozen":false,"last":true}
{"ok":true,"cmd":"get","var":"wrPosbar","bufPctRaw":66,"bufPctSmoothed":66,"bufPctDrawn":60,"redraws":70,"sinceLastRedrawMs":34,"lastSkipReason":"interval","frozen":false,"last":true}
{"ok":true,"cmd":"get","var":"wrPosbar","bufPctRaw":66,"bufPctSmoothed":66,"bufPctDrawn":60,"redraws":70,"sinceLastRedrawMs":56,"lastSkipReason":"interval","frozen":false,"last":true}
{"ok":true,"cmd":"get","var":"wrPosbar","bufPctRaw":66,"bufPctSmoothed":66,"bufPctDrawn":60,"redraws":70,"sinceLastRedrawMs":80,"lastSkipReason":"interval","frozen":false,"last":true}
{"ok":true,"cmd":"get","var":"wrPosbar","bufPctRaw":66,"bufPctSmoothed":66,"bufPctDrawn":60,"redraws":70,"sinceLastRedrawMs":102,"lastSkipReason":"interval","frozen":false,"last":true}
{"ok":true,"cmd":"get","var":"wrPosbar","bufPctRaw":66,"bufPctSmoothed":66,"bufPctDrawn":60,"redraws":70,"sinceLastRedrawMs":124,"lastSkipReason":"interval","frozen":false,"last":true}
{"ok":true,"cmd":"get","var":"wrPosbar","bufPctRaw":66,"bufPctSmoothed":66,"bufPctDrawn":60,"redraws":70,"sinceLastRedrawMs":146,"lastSkipReason":"interval","frozen":false,"last":true}
{"ok":true,"cmd":"get","var":"wrPosbar","bufPctRaw":66,"bufPctSmoothed":66,"bufPctDrawn":60,"redraws":70,"sinceLastRedrawMs":168,"lastSkipReason":"interval","frozen":false,"last":true}
{"ok":true,"cmd":"get","var":"wrPosbar","bufPctRaw":66,"bufPctSmoothed":66,"bufPctDrawn":60,"redraws":70,"sinceLastRedrawMs":191,"lastSkipReason":"interval","frozen":false,"last":true}
{"ok":true,"cmd":"get","var":"wrPosbar","bufPctRaw":65,"bufPctSmoothed":65,"bufPctDrawn":62,"redraws":71,"sinceLastRedrawMs":11,"lastSkipReason":"interval","frozen":false,"last":true}
{"ok":true,"cmd":"get","var":"wrPosbar","bufPctRaw":65,"bufPctSmoothed":65,"bufPctDrawn":62,"redraws":71,"sinceLastRedrawMs":34,"lastSkipReason":"interval","frozen":false,"last":true}
{"ok":true,"cmd":"get","var":"wrPosbar","bufPctRaw":65,"bufPctSmoothed":65,"bufPctDrawn":62,"redraws":71,"sinceLastRedrawMs":56,"lastSkipReason":"interval","frozen":false,"last":true}
{"ok":true,"cmd":"get","var":"wrPosbar","bufPctRaw":65,"bufPctSmoothed":65,"bufPctDrawn":62,"redraws":71,"sinceLastRedrawMs":82,"lastSkipReason":"interval","frozen":false,"last":true}
{"ok":true,"cmd":"get","var":"wrPosbar","bufPctRaw":65,"bufPctSmoothed":65,"bufPctDrawn":62,"redraws":71,"sinceLastRedrawMs":104,"lastSkipReason":"interval","frozen":false,"last":true}
{"ok":true,"cmd":"get","var":"wrPosbar","bufPctRaw":65,"bufPctSmoothed":65,"bufPctDrawn":62,"redraws":71,"sinceLastRedrawMs":126,"lastSkipReason":"interval","frozen":false,"last":true}
{"ok":true,"cmd":"get","var":"wrPosbar","bufPctRaw":65,"bufPctSmoothed":65,"bufPctDrawn":62,"redraws":71,"sinceLastRedrawMs":149,"lastSkipReason":"interval","frozen":false,"last":true}
{"ok":true,"cmd":"get","var":"wrPosbar","bufPctRaw":65,"bufPctSmoothed":65,"bufPctDrawn":62,"redraws":71,"sinceLastRedrawMs":172,"lastSkipReason":"interval","frozen":false,"last":true}
{"ok":true,"cmd":"get","var":"wrPosbar","bufPctRaw":65,"bufPctSmoothed":65,"bufPctDrawn":62,"redraws":71,"sinceLastRedrawMs":195,"lastSkipReason":"interval","frozen":false,"last":true}
{"ok":true,"cmd":"get","var":"wrPosbar","bufPctRaw":64,"bufPctSmoothed":64,"bufPctDrawn":64,"redraws":72,"sinceLastRedrawMs":8,"lastSkipReason":"interval","frozen":false,"last":true}
{"ok":true,"cmd":"get","var":"wrPosbar","bufPctRaw":64,"bufPctSmoothed":64,"bufPctDrawn":64,"redraws":72,"sinceLastRedrawMs":30,"lastSkipReason":"interval","frozen":false,"last":true}
{"ok":true,"cmd":"get","var":"wrPosbar","bufPctRaw":64,"bufPctSmoothed":64,"bufPctDrawn":64,"redraws":72,"sinceLastRedrawMs":53,"lastSkipReason":"interval","frozen":false,"last":true}
{"ok":true,"cmd":"get","var":"wrPosbar","bufPctRaw":64,"bufPctSmoothed":64,"bufPctDrawn":64,"redraws":72,"sinceLastRedrawMs":76,"lastSkipReason":"interval","frozen":false,"last":true}
{"ok":true,"cmd":"get","var":"wrPosbar","bufPctRaw":64,"bufPctSmoothed":64,"bufPctDrawn":64,"redraws":72,"sinceLastRedrawMs":99,"lastSkipReason":"interval","frozen":false,"last":true}
{"ok":true,"cmd":"get","var":"wrPosbar","bufPctRaw":64,"bufPctSmoothed":64,"bufPctDrawn":64,"redraws":72,"sinceLastRedrawMs":125,"lastSkipReason":"interval","frozen":false,"last":true}
{"ok":true,"cmd":"get","var":"wrPosbar","bufPctRaw":64,"bufPctSmoothed":64,"bufPctDrawn":64,"redraws":72,"sinceLastRedrawMs":148,"lastSkipReason":"interval","frozen":false,"last":true}
{"ok":true,"cmd":"get","var":"wrPosbar","bufPctRaw":64,"bufPctSmoothed":64,"bufPctDrawn":64,"redraws":72,"sinceLastRedrawMs":171,"lastSkipReason":"interval","frozen":false,"last":true}
{"ok":true,"cmd":"get","var":"wrPosbar","bufPctRaw":64,"bufPctSmoothed":64,"bufPctDrawn":64,"redraws":72,"sinceLastRedrawMs":194,"lastSkipReason":"interval","frozen":false,"last":true}
{"ok":true,"cmd":"get","var":"wrPosbar","bufPctRaw":63,"bufPctSmoothed":63,"bufPctDrawn":64,"redraws":72,"sinceLastRedrawMs":9,"lastSkipReason":"interval","frozen":false,"last":true}
{"ok":true,"cmd":"get","var":"wrPosbar","bufPctRaw":63,"bufPctSmoothed":63,"bufPctDrawn":64,"redraws":72,"sinceLastRedrawMs":31,"lastSkipReason":"interval","frozen":false,"last":true}
[I][webradio] audio_info: slow stream, dropouts are possible
{"ok":true,"cmd":"get","var":"wrPosbar","bufPctRaw":63,"bufPctSmoothed":63,"bufPctDrawn":64,"redraws":72,"sinceLastRedrawMs":52,"lastSkipReason":"interval","frozen":false,"last":true}
{"ok":true,"cmd":"get","var":"wrPosbar","bufPctRaw":63,"bufPctSmoothed":63,"bufPctDrawn":64,"redraws":72,"sinceLastRedrawMs":74,"lastSkipReason":"interval","frozen":false,"last":true}
{"ok":true,"cmd":"get","var":"wrPosbar","bufPctRaw":63,"bufPctSmoothed":63,"bufPctDrawn":64,"redraws":72,"sinceLastRedrawMs":96,"lastSkipReason":"interval","frozen":false,"last":true}
{"ok":true,"cmd":"get","var":"wrPosbar","bufPctRaw":63,"bufPctSmoothed":63,"bufPctDrawn":64,"redraws":72,"sinceLastRedrawMs":119,"lastSkipReason":"interval","frozen":false,"last":true}
{"ok":true,"cmd":"get","var":"wrPosbar","bufPctRaw":63,"bufPctSmoothed":63,"bufPctDrawn":64,"redraws":72,"sinceLastRedrawMs":142,"lastSkipReason":"interval","frozen":false,"last":true}
{"ok":true,"cmd":"get","var":"wrPosbar","bufPctRaw":63,"bufPctSmoothed":63,"bufPctDrawn":64,"redraws":72,"sinceLastRedrawMs":165,"lastSkipReason":"interval","frozen":false,"last":true}
{"ok":true,"cmd":"get","var":"wrPosbar","bufPctRaw":63,"bufPctSmoothed":63,"bufPctDrawn":64,"redraws":72,"sinceLastRedrawMs":189,"lastSkipReason":"interval","frozen":false,"last":true}
{"ok":true,"cmd":"get","var":"wrPosbar","bufPctRaw":62,"bufPctSmoothed":62,"bufPctDrawn":63,"redraws":73,"sinceLastRedrawMs":10,"lastSkipReason":"interval","frozen":false,"last":true}
{"ok":true,"cmd":"get","var":"wrPosbar","bufPctRaw":62,"bufPctSmoothed":62,"bufPctDrawn":63,"redraws":73,"sinceLastRedrawMs":32,"lastSkipReason":"interval","frozen":false,"last":true}
{"ok":true,"cmd":"get","var":"wrPosbar","bufPctRaw":62,"bufPctSmoothed":62,"bufPctDrawn":63,"redraws":73,"sinceLastRedrawMs":54,"lastSkipReason":"interval","frozen":false,"last":true}
{"ok":true,"cmd":"get","var":"wrPosbar","bufPctRaw":62,"bufPctSmoothed":62,"bufPctDrawn":63,"redraws":73,"sinceLastRedrawMs":76,"lastSkipReason":"interval","frozen":false,"last":true}
{"ok":true,"cmd":"get","var":"wrPosbar","bufPctRaw":62,"bufPctSmoothed":62,"bufPctDrawn":63,"redraws":73,"sinceLastRedrawMs":99,"lastSkipReason":"interval","frozen":false,"last":true}
{"ok":true,"cmd":"get","var":"wrPosbar","bufPctRaw":62,"bufPctSmoothed":62,"bufPctDrawn":63,"redraws":73,"sinceLastRedrawMs":121,"lastSkipReason":"interval","frozen":false,"last":true}
{"ok":true,"cmd":"get","var":"wrPosbar","bufPctRaw":62,"bufPctSmoothed":62,"bufPctDrawn":63,"redraws":73,"sinceLastRedrawMs":143,"lastSkipReason":"interval","frozen":false,"last":true}
{"ok":true,"cmd":"get","var":"wrPosbar","bufPctRaw":62,"bufPctSmoothed":62,"bufPctDrawn":63,"redraws":73,"sinceLastRedrawMs":165,"lastSkipReason":"interval","frozen":false,"last":true}
{"ok":true,"cmd":"get","var":"wrPosbar","bufPctRaw":62,"bufPctSmoothed":62,"bufPctDrawn":63,"redraws":73,"sinceLastRedrawMs":187,"lastSkipReason":"interval","frozen":false,"last":true}
{"ok":true,"cmd":"get","var":"wrPosbar","bufPctRaw":61,"bufPctSmoothed":61,"bufPctDrawn":62,"redraws":74,"sinceLastRedrawMs":9,"lastSkipReason":"interval","frozen":false,"last":true}
{"ok":true,"cmd":"get","var":"wrPosbar","bufPctRaw":61,"bufPctSmoothed":61,"bufPctDrawn":62,"redraws":74,"sinceLastRedrawMs":33,"lastSkipReason":"interval","frozen":false,"last":true}
{"ok":true,"cmd":"get","var":"wrPosbar","bufPctRaw":61,"bufPctSmoothed":61,"bufPctDrawn":62,"redraws":74,"sinceLastRedrawMs":55,"lastSkipReason":"interval","frozen":false,"last":true}
{"ok":true,"cmd":"get","var":"wrPosbar","bufPctRaw":61,"bufPctSmoothed":61,"bufPctDrawn":62,"redraws":74,"sinceLastRedrawMs":77,"lastSkipReason":"interval","frozen":false,"last":true}
{"ok":true,"cmd":"get","var":"wrPosbar","bufPctRaw":61,"bufPctSmoothed":61,"bufPctDrawn":62,"redraws":74,"sinceLastRedrawMs":99,"lastSkipReason":"interval","frozen":false,"last":true}
{"ok":true,"cmd":"get","var":"wrPosbar","bufPctRaw":61,"bufPctSmoothed":61,"bufPctDrawn":62,"redraws":74,"sinceLastRedrawMs":122,"lastSkipReason":"interval","frozen":false,"last":true}
{"ok":true,"cmd":"get","var":"wrPosbar","bufPctRaw":61,"bufPctSmoothed":61,"bufPctDrawn":62,"redraws":74,"sinceLastRedrawMs":144,"lastSkipReason":"interval","frozen":false,"last":true}
{"ok":true,"cmd":"get","var":"wrPosbar","bufPctRaw":61,"bufPctSmoothed":61,"bufPctDrawn":62,"redraws":74,"sinceLastRedrawMs":166,"lastSkipReason":"interval","frozen":false,"last":true}
{"ok":true,"cmd":"get","var":"wrPosbar","bufPctRaw":61,"bufPctSmoothed":61,"bufPctDrawn":62,"redraws":74,"sinceLastRedrawMs":188,"lastSkipReason":"interval","frozen":false,"last":true}
{"ok":true,"cmd":"get","var":"wrPosbar","bufPctRaw":60,"bufPctSmoothed":60,"bufPctDrawn":61,"redraws":75,"sinceLastRedrawMs":10,"lastSkipReason":"interval","frozen":false,"last":true}
{"ok":true,"cmd":"get","var":"wrPosbar","bufPctRaw":60,"bufPctSmoothed":60,"bufPctDrawn":61,"redraws":75,"sinceLastRedrawMs":34,"lastSkipReason":"interval","frozen":false,"last":true}
{"ok":true,"cmd":"get","var":"wrPosbar","bufPctRaw":60,"bufPctSmoothed":60,"bufPctDrawn":61,"redraws":75,"sinceLastRedrawMs":56,"lastSkipReason":"interval","frozen":false,"last":true}
{"ok":true,"cmd":"get","var":"wrPosbar","bufPctRaw":60,"bufPctSmoothed":60,"bufPctDrawn":61,"redraws":75,"sinceLastRedrawMs":78,"lastSkipReason":"interval","frozen":false,"last":true}
{"ok":true,"cmd":"get","var":"wrPosbar","bufPctRaw":60,"bufPctSmoothed":60,"bufPctDrawn":61,"redraws":75,"sinceLastRedrawMs":100,"lastSkipReason":"interval","frozen":false,"last":true}
{"ok":true,"cmd":"get","var":"wrPosbar","bufPctRaw":60,"bufPctSmoothed":60,"bufPctDrawn":61,"redraws":75,"sinceLastRedrawMs":123,"lastSkipReason":"interval","frozen":false,"last":true}
{"ok":true,"cmd":"get","var":"wrPosbar","bufPctRaw":60,"bufPctSmoothed":60,"bufPctDrawn":61,"redraws":75,"sinceLastRedrawMs":146,"lastSkipReason":"interval","frozen":false,"last":true}
{"ok":true,"cmd":"get","var":"wrPosbar","bufPctRaw":60,"bufPctSmoothed":60,"bufPctDrawn":61,"redraws":75,"sinceLastRedrawMs":169,"lastSkipReason":"interval","frozen":false,"last":true}
{"ok":true,"cmd":"get","var":"wrPosbar","bufPctRaw":60,"bufPctSmoothed":60,"bufPctDrawn":61,"redraws":75,"sinceLastRedrawMs":194,"lastSkipReason":"interval","frozen":false,"last":true}
{"ok":true,"cmd":"get","var":"wrPosbar","bufPctRaw":59,"bufPctSmoothed":59,"bufPctDrawn":60,"redraws":76,"sinceLastRedrawMs":10,"lastSkipReason":"interval","frozen":false,"last":true}
{"ok":true,"cmd":"get","var":"wrPosbar","bufPctRaw":59,"bufPctSmoothed":59,"bufPctDrawn":60,"redraws":76,"sinceLastRedrawMs":34,"lastSkipReason":"interval","frozen":false,"last":true}
{"ok":true,"cmd":"get","var":"wrPosbar","bufPctRaw":59,"bufPctSmoothed":59,"bufPctDrawn":60,"redraws":76,"sinceLastRedrawMs":56,"lastSkipReason":"interval","frozen":false,"last":true}
{"ok":true,"cmd":"get","var":"wrPosbar","bufPctRaw":59,"bufPctSmoothed":59,"bufPctDrawn":60,"redraws":76,"sinceLastRedrawMs":79,"lastSkipReason":"interval","frozen":false,"last":true}
{"ok":true,"cmd":"get","var":"wrPosbar","bufPctRaw":59,"bufPctSmoothed":59,"bufPctDrawn":60,"redraws":76,"sinceLastRedrawMs":102,"lastSkipReason":"interval","frozen":false,"last":true}
{"ok":true,"cmd":"get","var":"wrPosbar","bufPctRaw":59,"bufPctSmoothed":59,"bufPctDrawn":60,"redraws":76,"sinceLastRedrawMs":126,"lastSkipReason":"interval","frozen":false,"last":true}
{"ok":true,"cmd":"get","var":"wrPosbar","bufPctRaw":59,"bufPctSmoothed":59,"bufPctDrawn":60,"redraws":76,"sinceLastRedrawMs":151,"lastSkipReason":"interval","frozen":false,"last":true}
{"ok":true,"cmd":"get","var":"wrPosbar","bufPctRaw":59,"bufPctSmoothed":59,"bufPctDrawn":60,"redraws":76,"sinceLastRedrawMs":173,"lastSkipReason":"interval","frozen":false,"last":true}
{"ok":true,"cmd":"get","var":"wrPosbar","bufPctRaw":59,"bufPctSmoothed":59,"bufPctDrawn":60,"redraws":76,"sinceLastRedrawMs":196,"lastSkipReason":"interval","frozen":false,"last":true}
{"ok":true,"cmd":"get","var":"wrPosbar","bufPctRaw":58,"bufPctSmoothed":58,"bufPctDrawn":59,"redraws":77,"sinceLastRedrawMs":8,"lastSkipReason":"interval","frozen":false,"last":true}
[I][webradio] audio_info: slow stream, dropouts are possible
{"ok":true,"cmd":"get","var":"wrPosbar","bufPctRaw":58,"bufPctSmoothed":58,"bufPctDrawn":59,"redraws":77,"sinceLastRedrawMs":29,"lastSkipReason":"interval","frozen":false,"last":true}
{"ok":true,"cmd":"get","var":"wrPosbar","bufPctRaw":58,"bufPctSmoothed":58,"bufPctDrawn":59,"redraws":77,"sinceLastRedrawMs":53,"lastSkipReason":"interval","frozen":false,"last":true}
{"ok":true,"cmd":"get","var":"wrPosbar","bufPctRaw":58,"bufPctSmoothed":58,"bufPctDrawn":59,"redraws":77,"sinceLastRedrawMs":75,"lastSkipReason":"interval","frozen":false,"last":true}
{"ok":true,"cmd":"get","var":"wrPosbar","bufPctRaw":58,"bufPctSmoothed":58,"bufPctDrawn":59,"redraws":77,"sinceLastRedrawMs":101,"lastSkipReason":"interval","frozen":false,"last":true}
{"ok":true,"cmd":"get","var":"wrPosbar","bufPctRaw":58,"bufPctSmoothed":58,"bufPctDrawn":59,"redraws":77,"sinceLastRedrawMs":124,"lastSkipReason":"interval","frozen":false,"last":true}
{"ok":true,"cmd":"get","var":"wrPosbar","bufPctRaw":58,"bufPctSmoothed":58,"bufPctDrawn":59,"redraws":77,"sinceLastRedrawMs":146,"lastSkipReason":"interval","frozen":false,"last":true}
{"ok":true,"cmd":"get","var":"wrPosbar","bufPctRaw":58,"bufPctSmoothed":58,"bufPctDrawn":59,"redraws":77,"sinceLastRedrawMs":168,"lastSkipReason":"interval","frozen":false,"last":true}
{"ok":true,"cmd":"get","var":"wrPosbar","bufPctRaw":58,"bufPctSmoothed":58,"bufPctDrawn":59,"redraws":77,"sinceLastRedrawMs":191,"lastSkipReason":"interval","frozen":false,"last":true}
{"ok":true,"cmd":"get","var":"wrPosbar","bufPctRaw":57,"bufPctSmoothed":57,"bufPctDrawn":58,"redraws":78,"sinceLastRedrawMs":13,"lastSkipReason":"interval","frozen":false,"last":true}
{"ok":true,"cmd":"get","var":"wrPosbar","bufPctRaw":57,"bufPctSmoothed":57,"bufPctDrawn":58,"redraws":78,"sinceLastRedrawMs":35,"lastSkipReason":"interval","frozen":false,"last":true}
{"ok":true,"cmd":"get","var":"wrPosbar","bufPctRaw":57,"bufPctSmoothed":57,"bufPctDrawn":58,"redraws":78,"sinceLastRedrawMs":59,"lastSkipReason":"interval","frozen":false,"last":true}
{"ok":true,"cmd":"get","var":"wrPosbar","bufPctRaw":57,"bufPctSmoothed":57,"bufPctDrawn":58,"redraws":78,"sinceLastRedrawMs":81,"lastSkipReason":"interval","frozen":false,"last":true}
{"ok":true,"cmd":"get","var":"wrPosbar","bufPctRaw":57,"bufPctSmoothed":57,"bufPctDrawn":58,"redraws":78,"sinceLastRedrawMs":103,"lastSkipReason":"interval","frozen":false,"last":true}
{"ok":true,"cmd":"get","var":"wrPosbar","bufPctRaw":57,"bufPctSmoothed":57,"bufPctDrawn":58,"redraws":78,"sinceLastRedrawMs":125,"lastSkipReason":"interval","frozen":false,"last":true}
{"ok":true,"cmd":"get","var":"wrPosbar","bufPctRaw":57,"bufPctSmoothed":57,"bufPctDrawn":58,"redraws":78,"sinceLastRedrawMs":148,"lastSkipReason":"interval","frozen":false,"last":true}
{"ok":true,"cmd":"get","var":"wrPosbar","bufPctRaw":57,"bufPctSmoothed":57,"bufPctDrawn":58,"redraws":78,"sinceLastRedrawMs":170,"lastSkipReason":"interval","frozen":false,"last":true}
{"ok":true,"cmd":"get","var":"wrPosbar","bufPctRaw":57,"bufPctSmoothed":57,"bufPctDrawn":58,"redraws":78,"sinceLastRedrawMs":194,"lastSkipReason":"interval","frozen":false,"last":true}
{"ok":true,"cmd":"get","var":"wrPosbar","bufPctRaw":56,"bufPctSmoothed":56,"bufPctDrawn":57,"redraws":79,"sinceLastRedrawMs":12,"lastSkipReason":"interval","frozen":false,"last":true}
{"ok":true,"cmd":"get","var":"wrPosbar","bufPctRaw":56,"bufPctSmoothed":56,"bufPctDrawn":57,"redraws":79,"sinceLastRedrawMs":35,"lastSkipReason":"interval","frozen":false,"last":true}
{"ok":true,"cmd":"get","var":"wrPosbar","bufPctRaw":56,"bufPctSmoothed":56,"bufPctDrawn":57,"redraws":79,"sinceLastRedrawMs":58,"lastSkipReason":"interval","frozen":false,"last":true}
{"ok":true,"cmd":"get","var":"wrPosbar","bufPctRaw":56,"bufPctSmoothed":56,"bufPctDrawn":57,"redraws":79,"sinceLastRedrawMs":80,"lastSkipReason":"interval","frozen":false,"last":true}
{"ok":true,"cmd":"get","var":"wrPosbar","bufPctRaw":56,"bufPctSmoothed":56,"bufPctDrawn":57,"redraws":79,"sinceLastRedrawMs":102,"lastSkipReason":"interval","frozen":false,"last":true}
{"ok":true,"cmd":"get","var":"wrPosbar","bufPctRaw":56,"bufPctSmoothed":56,"bufPctDrawn":57,"redraws":79,"sinceLastRedrawMs":124,"lastSkipReason":"interval","frozen":false,"last":true}
[W][webradio] stream dead (isRunning=1 for 0ms, bufStalled for 5012ms) — stop + resume Spotify TLS
[I][webradio] stall idx=0 — retrying once
[I][spotify.tls] tls yield — resumed
[D][chrome] drawVolume pct=100 keyframe=4
[D][chrome] drawVolume pct=100 keyframe=4
[W][perf] iter=95ms (worst path so far: app.tick:106ms)
{"ok":true,"cmd":"get","var":"wrPosbar","bufPctRaw":56,"bufPctSmoothed":56,"bufPctDrawn":57,"redraws":79,"sinceLastRedrawMs":221,"lastSkipReason":"interval","frozen":false,"last":true}
[I][webradio] play idx=0 name=Radio 10 url=http://playerservices.streamtheworld.com/api/livestream-redirect/RADIO10.mp3
[I][spotify.tls] tls yield — client stopped
[membudget] TASK-267 _play pre-acquire lfbInt=42996 freeInt=46972
[I][webradio] HEAP pre-connect free=46972 min=45632 maxAlloc=42996
[membudget] CP1-pre-connect skip=0 freeInt=46972 lfbInt=42996 freeDma=3828 lfbDma=1588
[W][perf] iter=471ms (worst path so far: app.tick:457ms)
{"ok":true,"cmd":"get","var":"wrPosbar","bufPctRaw":0,"bufPctSmoothed":56,"bufPctDrawn":57,"redraws":79,"sinceLastRedrawMs":693,"lastSkipReason":"interval","frozen":false,"last":true}
[I][webradio] audio_info: buffers freed, free Heap: 48432 bytes
[I][webradio] audio_info: Connect to new host: "http://playerservices.streamtheworld.com/api/livestream-redirect/RADIO10.mp3"
{"ok":true,"cmd":"get","var":"wrPosbar","bufPctRaw":0,"bufPctSmoothed":56,"bufPctDrawn":57,"redraws":79,"sinceLastRedrawMs":736,"lastSkipReason":"interval","frozen":false,"last":true}
[D][chrome] drawVolume pct=100 keyframe=4
[D][chrome] drawVolume pct=100 keyframe=4
[W][perf] iter=127ms (worst path so far: app.tick:457ms)
{"ok":true,"cmd":"get","var":"wrPosbar","bufPctRaw":0,"bufPctSmoothed":56,"bufPctDrawn":57,"redraws":79,"sinceLastRedrawMs":819,"lastSkipReason":"interval","frozen":false,"last":true}
{"ok":true,"cmd":"get","var":"wrPosbar","bufPctRaw":0,"bufPctSmoothed":56,"bufPctDrawn":57,"redraws":79,"sinceLastRedrawMs":844,"lastSkipReason":"interval","frozen":false,"last":true}
{"ok":true,"cmd":"get","var":"wrPosbar","bufPctRaw":0,"bufPctSmoothed":56,"bufPctDrawn":57,"redraws":79,"sinceLastRedrawMs":866,"lastSkipReason":"interval","frozen":false,"last":true}
{"ok":true,"cmd":"get","var":"wrPosbar","bufPctRaw":0,"bufPctSmoothed":56,"bufPctDrawn":57,"redraws":79,"sinceLastRedrawMs":888,"lastSkipReason":"interval","frozen":false,"last":true}
{"ok":true,"cmd":"get","var":"wrPosbar","bufPctRaw":0,"bufPctSmoothed":56,"bufPctDrawn":57,"redraws":79,"sinceLastRedrawMs":910,"lastSkipReason":"interval","frozen":false,"last":true}
{"ok":true,"cmd":"get","var":"wrPosbar","bufPctRaw":0,"bufPctSmoothed":56,"bufPctDrawn":57,"redraws":79,"sinceLastRedrawMs":932,"lastSkipReason":"interval","frozen":false,"last":true}
{"ok":true,"cmd":"get","var":"wrPosbar","bufPctRaw":0,"bufPctSmoothed":56,"bufPctDrawn":57,"redraws":79,"sinceLastRedrawMs":955,"lastSkipReason":"interval","frozen":false,"last":true}
{"ok":true,"cmd":"get","var":"wrPosbar","bufPctRaw":0,"bufPctSmoothed":56,"bufPctDrawn":57,"redraws":79,"sinceLastRedrawMs":977,"lastSkipReason":"interval","frozen":false,"last":true}
{"ok":true,"cmd":"get","var":"wrPosbar","bufPctRaw":0,"bufPctSmoothed":56,"bufPctDrawn":57,"redraws":79,"sinceLastRedrawMs":999,"lastSkipReason":"interval","frozen":false,"last":true}
{"ok":true,"cmd":"get","var":"wrPosbar","bufPctRaw":0,"bufPctSmoothed":56,"bufPctDrawn":57,"redraws":79,"sinceLastRedrawMs":1021,"lastSkipReason":"interval","frozen":false,"last":true}
{"ok":true,"cmd":"get","var":"wrPosbar","bufPctRaw":0,"bufPctSmoothed":56,"bufPctDrawn":57,"redraws":79,"sinceLastRedrawMs":1043,"lastSkipReason":"interval","frozen":false,"last":true}
[I][webradio] audio_info: Connection has been established in 322 ms, free Heap: 47860 bytes
{"ok":true,"cmd":"get","var":"wrPosbar","bufPctRaw":0,"bufPctSmoothed":56,"bufPctDrawn":57,"redraws":79,"sinceLastRedrawMs":1069,"lastSkipReason":"interval","frozen":false,"last":true}
[I][webradio] audio_info: redirect to new host "http://25533.live.streamtheworld.com:80/RADIO10.mp3"
[I][webradio] audio_info: buffers freed, free Heap: 48784 bytes
[I][webradio] audio_info: Connect to new host: "http://25533.live.streamtheworld.com:80/RADIO10.mp3"
[D][chrome] drawVolume pct=100 keyframe=4
[D][chrome] drawVolume pct=100 keyframe=4
[W][perf] iter=133ms (worst path so far: app.tick:457ms)
{"ok":true,"cmd":"get","var":"wrPosbar","bufPctRaw":0,"bufPctSmoothed":0,"bufPctDrawn":0,"redraws":79,"sinceLastRedrawMs":110,"lastSkipReason":"converged","frozen":false,"last":true}
[I][webradio] audio_info: Connection has been established in 66 ms, free Heap: 47956 bytes
{"ok":true,"cmd":"get","var":"wrPosbar","bufPctRaw":0,"bufPctSmoothed":0,"bufPctDrawn":0,"redraws":79,"sinceLastRedrawMs":141,"lastSkipReason":"interval","frozen":false,"last":true}
{"ok":true,"cmd":"get","var":"wrPosbar","bufPctRaw":0,"bufPctSmoothed":0,"bufPctDrawn":0,"redraws":79,"sinceLastRedrawMs":165,"lastSkipReason":"interval","frozen":false,"last":true}
{"ok":true,"cmd":"set","var":"wrPosbarSimDrain","val":"0"}
{"ok":true,"cmd":"get","var":"wrPosbar","bufPctRaw":0,"bufPctSmoothed":0,"bufPctDrawn":0,"redraws":79,"sinceLastRedrawMs":199,"lastSkipReason":"interval","frozen":false,"last":true}
{"ok":true,"cmd":"get","var":"wrPosbar","bufPctRaw":0,"bufPctSmoothed":0,"bufPctDrawn":0,"redraws":79,"sinceLastRedrawMs":9,"lastSkipReason":"interval","frozen":false,"last":true}
{"ok":true,"cmd":"get","var":"wrPosbar","bufPctRaw":0,"bufPctSmoothed":0,"bufPctDrawn":0,"redraws":79,"sinceLastRedrawMs":31,"lastSkipReason":"interval","frozen":false,"last":true}
{"ok":true,"cmd":"get","var":"wrPosbar","bufPctRaw":0,"bufPctSmoothed":0,"bufPctDrawn":0,"redraws":79,"sinceLastRedrawMs":53,"lastSkipReason":"interval","frozen":false,"last":true}
{"ok":true,"cmd":"get","var":"wrPosbar","bufPctRaw":0,"bufPctSmoothed":0,"bufPctDrawn":0,"redraws":79,"sinceLastRedrawMs":75,"lastSkipReason":"interval","frozen":false,"last":true}
{"ok":true,"cmd":"get","var":"wrPosbar","bufPctRaw":0,"bufPctSmoothed":0,"bufPctDrawn":0,"redraws":79,"sinceLastRedrawMs":97,"lastSkipReason":"interval","frozen":false,"last":true}
{"ok":true,"cmd":"get","var":"wrPosbar","bufPctRaw":0,"bufPctSmoothed":0,"bufPctDrawn":0,"redraws":79,"sinceLastRedrawMs":119,"lastSkipReason":"interval","frozen":false,"last":true}
{"ok":true,"cmd":"get","var":"wrPosbar","bufPctRaw":0,"bufPctSmoothed":0,"bufPctDrawn":0,"redraws":79,"sinceLastRedrawMs":141,"lastSkipReason":"interval","frozen":false,"last":true}
{"ok":true,"cmd":"get","var":"wrPosbar","bufPctRaw":0,"bufPctSmoothed":0,"bufPctDrawn":0,"redraws":79,"sinceLastRedrawMs":163,"lastSkipReason":"interval","frozen":false,"last":true}
{"ok":true,"cmd":"get","var":"wrPosbar","bufPctRaw":0,"bufPctSmoothed":0,"bufPctDrawn":0,"redraws":79,"sinceLastRedrawMs":184,"lastSkipReason":"interval","frozen":false,"last":true}
{"ok":true,"cmd":"get","var":"wrPosbar","bufPctRaw":0,"bufPctSmoothed":0,"bufPctDrawn":0,"redraws":79,"sinceLastRedrawMs":6,"lastSkipReason":"interval","frozen":false,"last":true}
{"ok":true,"cmd":"get","var":"wrPosbar","bufPctRaw":0,"bufPctSmoothed":0,"bufPctDrawn":0,"redraws":79,"sinceLastRedrawMs":28,"lastSkipReason":"interval","frozen":false,"last":true}
{"ok":true,"cmd":"get","var":"wrPosbar","bufPctRaw":0,"bufPctSmoothed":0,"bufPctDrawn":0,"redraws":79,"sinceLastRedrawMs":49,"lastSkipReason":"interval","frozen":false,"last":true}
{"ok":true,"cmd":"get","var":"wrPosbar","bufPctRaw":0,"bufPctSmoothed":0,"bufPctDrawn":0,"redraws":79,"sinceLastRedrawMs":71,"lastSkipReason":"interval","frozen":false,"last":true}
{"ok":true,"cmd":"get","var":"wrPosbar","bufPctRaw":0,"bufPctSmoothed":0,"bufPctDrawn":0,"redraws":79,"sinceLastRedrawMs":93,"lastSkipReason":"interval","frozen":false,"last":true}
{"ok":true,"cmd":"get","var":"wrPosbar","bufPctRaw":0,"bufPctSmoothed":0,"bufPctDrawn":0,"redraws":79,"sinceLastRedrawMs":115,"lastSkipReason":"interval","frozen":false,"last":true}
{"ok":true,"cmd":"get","var":"wrPosbar","bufPctRaw":0,"bufPctSmoothed":0,"bufPctDrawn":0,"redraws":79,"sinceLastRedrawMs":137,"lastSkipReason":"interval","frozen":false,"last":true}
{"ok":true,"cmd":"get","var":"wrPosbar","bufPctRaw":0,"bufPctSmoothed":0,"bufPctDrawn":0,"redraws":79,"sinceLastRedrawMs":159,"lastSkipReason":"interval","frozen":false,"last":true}
{"ok":true,"cmd":"get","var":"wrPosbar","bufPctRaw":0,"bufPctSmoothed":0,"bufPctDrawn":0,"redraws":79,"sinceLastRedrawMs":181,"lastSkipReason":"interval","frozen":false,"last":true}
{"ok":true,"cmd":"get","var":"wrPosbar","bufPctRaw":0,"bufPctSmoothed":0,"bufPctDrawn":0,"redraws":79,"sinceLastRedrawMs":2,"lastSkipReason":"interval","frozen":false,"last":true}
{"ok":true,"cmd":"get","var":"wrPosbar","bufPctRaw":0,"bufPctSmoothed":0,"bufPctDrawn":0,"redraws":79,"sinceLastRedrawMs":23,"lastSkipReason":"interval","frozen":false,"last":true}
{"ok":true,"cmd":"get","var":"wrPosbar","bufPctRaw":0,"bufPctSmoothed":0,"bufPctDrawn":0,"redraws":79,"sinceLastRedrawMs":46,"lastSkipReason":"interval","frozen":false,"last":true}
{"ok":true,"cmd":"get","var":"wrPosbar","bufPctRaw":0,"bufPctSmoothed":0,"bufPctDrawn":0,"redraws":79,"sinceLastRedrawMs":67,"lastSkipReason":"interval","frozen":false,"last":true}
{"ok":true,"cmd":"get","var":"wrPosbar","bufPctRaw":0,"bufPctSmoothed":0,"bufPctDrawn":0,"redraws":79,"sinceLastRedrawMs":89,"lastSkipReason":"interval","frozen":false,"last":true}
{"ok":true,"cmd":"get","var":"wrPosbar","bufPctRaw":0,"bufPctSmoothed":0,"bufPctDrawn":0,"redraws":79,"sinceLastRedrawMs":111,"lastSkipReason":"interval","frozen":false,"last":true}
{"ok":true,"cmd":"get","var":"wrPosbar","bufPctRaw":0,"bufPctSmoothed":0,"bufPctDrawn":0,"redraws":79,"sinceLastRedrawMs":133,"lastSkipReason":"interval","frozen":false,"last":true}
{"ok":true,"cmd":"get","var":"wrPosbar","bufPctRaw":0,"bufPctSmoothed":0,"bufPctDrawn":0,"redraws":79,"sinceLastRedrawMs":155,"lastSkipReason":"interval","frozen":false,"last":true}
{"ok":true,"cmd":"get","var":"wrPosbar","bufPctRaw":0,"bufPctSmoothed":0,"bufPctDrawn":0,"redraws":79,"sinceLastRedrawMs":177,"lastSkipReason":"interval","frozen":false,"last":true}
{"ok":true,"cmd":"get","var":"wrPosbar","bufPctRaw":0,"bufPctSmoothed":0,"bufPctDrawn":0,"redraws":79,"sinceLastRedrawMs":199,"lastSkipReason":"interval","frozen":false,"last":true}
{"ok":true,"cmd":"get","var":"wrPosbar","bufPctRaw":0,"bufPctSmoothed":0,"bufPctDrawn":0,"redraws":79,"sinceLastRedrawMs":11,"lastSkipReason":"interval","frozen":false,"last":true}
{"ok":true,"cmd":"get","var":"wrPosbar","bufPctRaw":0,"bufPctSmoothed":0,"bufPctDrawn":0,"redraws":79,"sinceLastRedrawMs":33,"lastSkipReason":"interval","frozen":false,"last":true}
{"ok":true,"cmd":"get","var":"wrPosbar","bufPctRaw":0,"bufPctSmoothed":0,"bufPctDrawn":0,"redraws":79,"sinceLastRedrawMs":55,"lastSkipReason":"interval","frozen":false,"last":true}
{"ok":true,"cmd":"get","var":"wrPosbar","bufPctRaw":0,"bufPctSmoothed":0,"bufPctDrawn":0,"redraws":79,"sinceLastRedrawMs":77,"lastSkipReason":"interval","frozen":false,"last":true}
{"ok":true,"cmd":"get","var":"wrPosbar","bufPctRaw":0,"bufPctSmoothed":0,"bufPctDrawn":0,"redraws":79,"sinceLastRedrawMs":99,"lastSkipReason":"interval","frozen":false,"last":true}
{"ok":true,"cmd":"get","var":"wrPosbar","bufPctRaw":0,"bufPctSmoothed":0,"bufPctDrawn":0,"redraws":79,"sinceLastRedrawMs":122,"lastSkipReason":"interval","frozen":false,"last":true}
{"ok":true,"cmd":"get","var":"wrPosbar","bufPctRaw":0,"bufPctSmoothed":0,"bufPctDrawn":0,"redraws":79,"sinceLastRedrawMs":144,"lastSkipReason":"interval","frozen":false,"last":true}
{"ok":true,"cmd":"get","var":"wrPosbar","bufPctRaw":0,"bufPctSmoothed":0,"bufPctDrawn":0,"redraws":79,"sinceLastRedrawMs":166,"lastSkipReason":"interval","frozen":false,"last":true}
{"ok":true,"cmd":"get","var":"wrPosbar","bufPctRaw":0,"bufPctSmoothed":0,"bufPctDrawn":0,"redraws":79,"sinceLastRedrawMs":187,"lastSkipReason":"interval","frozen":false,"last":true}
{"ok":true,"cmd":"get","var":"wrPosbar","bufPctRaw":0,"bufPctSmoothed":0,"bufPctDrawn":0,"redraws":79,"sinceLastRedrawMs":9,"lastSkipReason":"interval","frozen":false,"last":true}
{"ok":true,"cmd":"get","var":"wrPosbar","bufPctRaw":0,"bufPctSmoothed":0,"bufPctDrawn":0,"redraws":79,"sinceLastRedrawMs":31,"lastSkipReason":"interval","frozen":false,"last":true}
{"ok":true,"cmd":"get","var":"wrPosbar","bufPctRaw":0,"bufPctSmoothed":0,"bufPctDrawn":0,"redraws":79,"sinceLastRedrawMs":53,"lastSkipReason":"interval","frozen":false,"last":true}
{"ok":true,"cmd":"get","var":"wrPosbar","bufPctRaw":0,"bufPctSmoothed":0,"bufPctDrawn":0,"redraws":79,"sinceLastRedrawMs":75,"lastSkipReason":"interval","frozen":false,"last":true}
{"ok":true,"cmd":"get","var":"wrPosbar","bufPctRaw":0,"bufPctSmoothed":0,"bufPctDrawn":0,"redraws":79,"sinceLastRedrawMs":97,"lastSkipReason":"interval","frozen":false,"last":true}
{"ok":true,"cmd":"get","var":"wrPosbar","bufPctRaw":0,"bufPctSmoothed":0,"bufPctDrawn":0,"redraws":79,"sinceLastRedrawMs":119,"lastSkipReason":"interval","frozen":false,"last":true}
{"ok":true,"cmd":"get","var":"wrPosbar","bufPctRaw":0,"bufPctSmoothed":0,"bufPctDrawn":0,"redraws":79,"sinceLastRedrawMs":141,"lastSkipReason":"interval","frozen":false,"last":true}
{"ok":true,"cmd":"get","var":"wrPosbar","bufPctRaw":0,"bufPctSmoothed":0,"bufPctDrawn":0,"redraws":79,"sinceLastRedrawMs":163,"lastSkipReason":"interval","frozen":false,"last":true}
{"ok":true,"cmd":"get","var":"wrPosbar","bufPctRaw":0,"bufPctSmoothed":0,"bufPctDrawn":0,"redraws":79,"sinceLastRedrawMs":185,"lastSkipReason":"interval","frozen":false,"last":true}
{"ok":true,"cmd":"get","var":"wrPosbar","bufPctRaw":0,"bufPctSmoothed":0,"bufPctDrawn":0,"redraws":79,"sinceLastRedrawMs":6,"lastSkipReason":"interval","frozen":false,"last":true}
{"ok":true,"cmd":"get","var":"wrPosbar","bufPctRaw":0,"bufPctSmoothed":0,"bufPctDrawn":0,"redraws":79,"sinceLastRedrawMs":28,"lastSkipReason":"interval","frozen":false,"last":true}
{"ok":true,"cmd":"get","var":"wrPosbar","bufPctRaw":0,"bufPctSmoothed":0,"bufPctDrawn":0,"redraws":79,"sinceLastRedrawMs":49,"lastSkipReason":"interval","frozen":false,"last":true}
{"ok":true,"cmd":"get","var":"wrPosbar","bufPctRaw":0,"bufPctSmoothed":0,"bufPctDrawn":0,"redraws":79,"sinceLastRedrawMs":71,"lastSkipReason":"interval","frozen":false,"last":true}
{"ok":true,"cmd":"get","var":"wrPosbar","bufPctRaw":0,"bufPctSmoothed":0,"bufPctDrawn":0,"redraws":79,"sinceLastRedrawMs":93,"lastSkipReason":"interval","frozen":false,"last":true}
{"ok":true,"cmd":"get","var":"wrPosbar","bufPctRaw":0,"bufPctSmoothed":0,"bufPctDrawn":0,"redraws":79,"sinceLastRedrawMs":115,"lastSkipReason":"interval","frozen":false,"last":true}
{"ok":true,"cmd":"get","var":"wrPosbar","bufPctRaw":0,"bufPctSmoothed":0,"bufPctDrawn":0,"redraws":79,"sinceLastRedrawMs":137,"lastSkipReason":"interval","frozen":false,"last":true}
{"ok":true,"cmd":"get","var":"wrPosbar","bufPctRaw":0,"bufPctSmoothed":0,"bufPctDrawn":0,"redraws":79,"sinceLastRedrawMs":159,"lastSkipReason":"interval","frozen":false,"last":true}
{"ok":true,"cmd":"get","var":"wrPosbar","bufPctRaw":0,"bufPctSmoothed":0,"bufPctDrawn":0,"redraws":79,"sinceLastRedrawMs":181,"lastSkipReason":"interval","frozen":false,"last":true}
{"ok":true,"cmd":"get","var":"wrPosbar","bufPctRaw":0,"bufPctSmoothed":0,"bufPctDrawn":0,"redraws":79,"sinceLastRedrawMs":3,"lastSkipReason":"interval","frozen":false,"last":true}
{"ok":true,"cmd":"get","var":"wrPosbar","bufPctRaw":0,"bufPctSmoothed":0,"bufPctDrawn":0,"redraws":79,"sinceLastRedrawMs":24,"lastSkipReason":"interval","frozen":false,"last":true}
{"ok":true,"cmd":"get","var":"wrPosbar","bufPctRaw":0,"bufPctSmoothed":0,"bufPctDrawn":0,"redraws":79,"sinceLastRedrawMs":46,"lastSkipReason":"interval","frozen":false,"last":true}
{"ok":true,"cmd":"get","var":"wrPosbar","bufPctRaw":0,"bufPctSmoothed":0,"bufPctDrawn":0,"redraws":79,"sinceLastRedrawMs":68,"lastSkipReason":"interval","frozen":false,"last":true}
{"ok":true,"cmd":"get","var":"wrPosbar","bufPctRaw":0,"bufPctSmoothed":0,"bufPctDrawn":0,"redraws":79,"sinceLastRedrawMs":90,"lastSkipReason":"interval","frozen":false,"last":true}
{"ok":true,"cmd":"get","var":"wrPosbar","bufPctRaw":0,"bufPctSmoothed":0,"bufPctDrawn":0,"redraws":79,"sinceLastRedrawMs":112,"lastSkipReason":"interval","frozen":false,"last":true}
{"ok":true,"cmd":"get","var":"wrPosbar","bufPctRaw":0,"bufPctSmoothed":0,"bufPctDrawn":0,"redraws":79,"sinceLastRedrawMs":134,"lastSkipReason":"interval","frozen":false,"last":true}
{"ok":true,"cmd":"get","var":"wrPosbar","bufPctRaw":0,"bufPctSmoothed":0,"bufPctDrawn":0,"redraws":79,"sinceLastRedrawMs":156,"lastSkipReason":"interval","frozen":false,"last":true}
{"ok":true,"cmd":"get","var":"wrPosbar","bufPctRaw":0,"bufPctSmoothed":0,"bufPctDrawn":0,"redraws":79,"sinceLastRedrawMs":179,"lastSkipReason":"interval","frozen":false,"last":true}
{"ok":true,"cmd":"get","var":"wrPosbar","bufPctRaw":0,"bufPctSmoothed":0,"bufPctDrawn":0,"redraws":79,"sinceLastRedrawMs":1,"lastSkipReason":"converged","frozen":false,"last":true}
{"ok":true,"cmd":"get","var":"wrPosbar","bufPctRaw":0,"bufPctSmoothed":0,"bufPctDrawn":0,"redraws":79,"sinceLastRedrawMs":23,"lastSkipReason":"interval","frozen":false,"last":true}
{"ok":true,"cmd":"get","var":"wrPosbar","bufPctRaw":0,"bufPctSmoothed":0,"bufPctDrawn":0,"redraws":79,"sinceLastRedrawMs":44,"lastSkipReason":"interval","frozen":false,"last":true}
{"ok":true,"cmd":"get","var":"wrPosbar","bufPctRaw":0,"bufPctSmoothed":0,"bufPctDrawn":0,"redraws":79,"sinceLastRedrawMs":66,"lastSkipReason":"interval","frozen":false,"last":true}
{"ok":true,"cmd":"get","var":"wrPosbar","bufPctRaw":0,"bufPctSmoothed":0,"bufPctDrawn":0,"redraws":79,"sinceLastRedrawMs":88,"lastSkipReason":"interval","frozen":false,"last":true}
{"ok":true,"cmd":"get","var":"wrPosbar","bufPctRaw":0,"bufPctSmoothed":0,"bufPctDrawn":0,"redraws":79,"sinceLastRedrawMs":110,"lastSkipReason":"interval","frozen":false,"last":true}
{"ok":true,"cmd":"get","var":"wrPosbar","bufPctRaw":0,"bufPctSmoothed":0,"bufPctDrawn":0,"redraws":79,"sinceLastRedrawMs":132,"lastSkipReason":"interval","frozen":false,"last":true}
{"ok":true,"cmd":"get","var":"wrPosbar","bufPctRaw":0,"bufPctSmoothed":0,"bufPctDrawn":0,"redraws":79,"sinceLastRedrawMs":155,"lastSkipReason":"interval","frozen":false,"last":true}
{"ok":true,"cmd":"get","var":"wrPosbar","bufPctRaw":0,"bufPctSmoothed":0,"bufPctDrawn":0,"redraws":79,"sinceLastRedrawMs":177,"lastSkipReason":"interval","frozen":false,"last":true}
{"ok":true,"cmd":"get","var":"wrPosbar","bufPctRaw":0,"bufPctSmoothed":0,"bufPctDrawn":0,"redraws":79,"sinceLastRedrawMs":199,"lastSkipReason":"interval","frozen":false,"last":true}
{"ok":true,"cmd":"get","var":"wrPosbar","bufPctRaw":0,"bufPctSmoothed":0,"bufPctDrawn":0,"redraws":79,"sinceLastRedrawMs":9,"lastSkipReason":"interval","frozen":false,"last":true}
{"ok":true,"cmd":"get","var":"wrPosbar","bufPctRaw":0,"bufPctSmoothed":0,"bufPctDrawn":0,"redraws":79,"sinceLastRedrawMs":30,"lastSkipReason":"interval","frozen":false,"last":true}
{"ok":true,"cmd":"get","var":"wrPosbar","bufPctRaw":0,"bufPctSmoothed":0,"bufPctDrawn":0,"redraws":79,"sinceLastRedrawMs":52,"lastSkipReason":"interval","frozen":false,"last":true}
{"ok":true,"cmd":"get","var":"wrPosbar","bufPctRaw":0,"bufPctSmoothed":0,"bufPctDrawn":0,"redraws":79,"sinceLastRedrawMs":74,"lastSkipReason":"interval","frozen":false,"last":true}
{"ok":true,"cmd":"get","var":"wrPosbar","bufPctRaw":0,"bufPctSmoothed":0,"bufPctDrawn":0,"redraws":79,"sinceLastRedrawMs":96,"lastSkipReason":"interval","frozen":false,"last":true}
{"ok":true,"cmd":"get","var":"wrPosbar","bufPctRaw":0,"bufPctSmoothed":0,"bufPctDrawn":0,"redraws":79,"sinceLastRedrawMs":119,"lastSkipReason":"interval","frozen":false,"last":true}
{"ok":true,"cmd":"get","var":"wrPosbar","bufPctRaw":0,"bufPctSmoothed":0,"bufPctDrawn":0,"redraws":79,"sinceLastRedrawMs":141,"lastSkipReason":"interval","frozen":false,"last":true}
{"ok":true,"cmd":"get","var":"wrPosbar","bufPctRaw":0,"bufPctSmoothed":0,"bufPctDrawn":0,"redraws":79,"sinceLastRedrawMs":163,"lastSkipReason":"interval","frozen":false,"last":true}
{"ok":true,"cmd":"get","var":"wrPosbar","bufPctRaw":0,"bufPctSmoothed":0,"bufPctDrawn":0,"redraws":79,"sinceLastRedrawMs":186,"lastSkipReason":"interval","frozen":false,"last":true}
{"ok":true,"cmd":"get","var":"wrPosbar","bufPctRaw":0,"bufPctSmoothed":0,"bufPctDrawn":0,"redraws":79,"sinceLastRedrawMs":7,"lastSkipReason":"interval","frozen":false,"last":true}
{"ok":true,"cmd":"get","var":"wrPosbar","bufPctRaw":0,"bufPctSmoothed":0,"bufPctDrawn":0,"redraws":79,"sinceLastRedrawMs":29,"lastSkipReason":"interval","frozen":false,"last":true}
{"ok":true,"cmd":"get","var":"wrPosbar","bufPctRaw":0,"bufPctSmoothed":0,"bufPctDrawn":0,"redraws":79,"sinceLastRedrawMs":51,"lastSkipReason":"interval","frozen":false,"last":true}
{"ok":true,"cmd":"get","var":"wrPosbar","bufPctRaw":0,"bufPctSmoothed":0,"bufPctDrawn":0,"redraws":79,"sinceLastRedrawMs":73,"lastSkipReason":"interval","frozen":false,"last":true}
{"ok":true,"cmd":"get","var":"wrPosbar","bufPctRaw":0,"bufPctSmoothed":0,"bufPctDrawn":0,"redraws":79,"sinceLastRedrawMs":95,"lastSkipReason":"interval","frozen":false,"last":true}
{"ok":true,"cmd":"get","var":"wrPosbar","bufPctRaw":0,"bufPctSmoothed":0,"bufPctDrawn":0,"redraws":79,"sinceLastRedrawMs":118,"lastSkipReason":"interval","frozen":false,"last":true}
{"ok":true,"cmd":"get","var":"wrPosbar","bufPctRaw":0,"bufPctSmoothed":0,"bufPctDrawn":0,"redraws":79,"sinceLastRedrawMs":140,"lastSkipReason":"interval","frozen":false,"last":true}
{"ok":true,"cmd":"get","var":"wrPosbar","bufPctRaw":0,"bufPctSmoothed":0,"bufPctDrawn":0,"redraws":79,"sinceLastRedrawMs":162,"lastSkipReason":"interval","frozen":false,"last":true}
{"ok":true,"cmd":"get","var":"wrPosbar","bufPctRaw":0,"bufPctSmoothed":0,"bufPctDrawn":0,"redraws":79,"sinceLastRedrawMs":185,"lastSkipReason":"interval","frozen":false,"last":true}
{"ok":true,"cmd":"get","var":"wrPosbar","bufPctRaw":0,"bufPctSmoothed":0,"bufPctDrawn":0,"redraws":79,"sinceLastRedrawMs":7,"lastSkipReason":"interval","frozen":false,"last":true}
{"ok":true,"cmd":"get","var":"wrPosbar","bufPctRaw":0,"bufPctSmoothed":0,"bufPctDrawn":0,"redraws":79,"sinceLastRedrawMs":29,"lastSkipReason":"interval","frozen":false,"last":true}
{"ok":true,"cmd":"get","var":"wrPosbar","bufPctRaw":0,"bufPctSmoothed":0,"bufPctDrawn":0,"redraws":79,"sinceLastRedrawMs":51,"lastSkipReason":"interval","frozen":false,"last":true}
{"ok":true,"cmd":"get","var":"wrPosbar","bufPctRaw":0,"bufPctSmoothed":0,"bufPctDrawn":0,"redraws":79,"sinceLastRedrawMs":73,"lastSkipReason":"interval","frozen":false,"last":true}
{"ok":true,"cmd":"get","var":"wrPosbar","bufPctRaw":0,"bufPctSmoothed":0,"bufPctDrawn":0,"redraws":79,"sinceLastRedrawMs":96,"lastSkipReason":"interval","frozen":false,"last":true}
{"ok":true,"cmd":"get","var":"wrPosbar","bufPctRaw":0,"bufPctSmoothed":0,"bufPctDrawn":0,"redraws":79,"sinceLastRedrawMs":118,"lastSkipReason":"interval","frozen":false,"last":true}
{"ok":true,"cmd":"get","var":"wrPosbar","bufPctRaw":0,"bufPctSmoothed":0,"bufPctDrawn":0,"redraws":79,"sinceLastRedrawMs":140,"lastSkipReason":"interval","frozen":false,"last":true}
{"ok":true,"cmd":"get","var":"wrPosbar","bufPctRaw":0,"bufPctSmoothed":0,"bufPctDrawn":0,"redraws":79,"sinceLastRedrawMs":163,"lastSkipReason":"interval","frozen":false,"last":true}
{"ok":true,"cmd":"get","var":"wrPosbar","bufPctRaw":0,"bufPctSmoothed":0,"bufPctDrawn":0,"redraws":79,"sinceLastRedrawMs":188,"lastSkipReason":"interval","frozen":false,"last":true}
{"ok":true,"cmd":"get","var":"wrPosbar","bufPctRaw":0,"bufPctSmoothed":0,"bufPctDrawn":0,"redraws":79,"sinceLastRedrawMs":10,"lastSkipReason":"interval","frozen":false,"last":true}
{"ok":true,"cmd":"get","var":"wrPosbar","bufPctRaw":0,"bufPctSmoothed":0,"bufPctDrawn":0,"redraws":79,"sinceLastRedrawMs":32,"lastSkipReason":"interval","frozen":false,"last":true}
{"ok":true,"cmd":"get","var":"wrPosbar","bufPctRaw":0,"bufPctSmoothed":0,"bufPctDrawn":0,"redraws":79,"sinceLastRedrawMs":54,"lastSkipReason":"interval","frozen":false,"last":true}
{"ok":true,"cmd":"get","var":"wrPosbar","bufPctRaw":0,"bufPctSmoothed":0,"bufPctDrawn":0,"redraws":79,"sinceLastRedrawMs":76,"lastSkipReason":"interval","frozen":false,"last":true}
{"ok":true,"cmd":"get","var":"wrPosbar","bufPctRaw":0,"bufPctSmoothed":0,"bufPctDrawn":0,"redraws":79,"sinceLastRedrawMs":98,"lastSkipReason":"interval","frozen":false,"last":true}
{"ok":true,"cmd":"get","var":"wrPosbar","bufPctRaw":0,"bufPctSmoothed":0,"bufPctDrawn":0,"redraws":79,"sinceLastRedrawMs":120,"lastSkipReason":"interval","frozen":false,"last":true}
{"ok":true,"cmd":"get","var":"wrPosbar","bufPctRaw":0,"bufPctSmoothed":0,"bufPctDrawn":0,"redraws":79,"sinceLastRedrawMs":142,"lastSkipReason":"interval","frozen":false,"last":true}
{"ok":true,"cmd":"get","var":"wrPosbar","bufPctRaw":0,"bufPctSmoothed":0,"bufPctDrawn":0,"redraws":79,"sinceLastRedrawMs":164,"lastSkipReason":"interval","frozen":false,"last":true}
{"ok":true,"cmd":"get","var":"wrPosbar","bufPctRaw":0,"bufPctSmoothed":0,"bufPctDrawn":0,"redraws":79,"sinceLastRedrawMs":186,"lastSkipReason":"interval","frozen":false,"last":true}
{"ok":true,"cmd":"get","var":"wrPosbar","bufPctRaw":0,"bufPctSmoothed":0,"bufPctDrawn":0,"redraws":79,"sinceLastRedrawMs":8,"lastSkipReason":"interval","frozen":false,"last":true}
{"ok":true,"cmd":"get","var":"wrPosbar","bufPctRaw":0,"bufPctSmoothed":0,"bufPctDrawn":0,"redraws":79,"sinceLastRedrawMs":30,"lastSkipReason":"interval","frozen":false,"last":true}
{"ok":true,"cmd":"get","var":"wrPosbar","bufPctRaw":0,"bufPctSmoothed":0,"bufPctDrawn":0,"redraws":79,"sinceLastRedrawMs":51,"lastSkipReason":"interval","frozen":false,"last":true}
{"ok":true,"cmd":"get","var":"wrPosbar","bufPctRaw":0,"bufPctSmoothed":0,"bufPctDrawn":0,"redraws":79,"sinceLastRedrawMs":72,"lastSkipReason":"interval","frozen":false,"last":true}
{"ok":true,"cmd":"get","var":"wrPosbar","bufPctRaw":0,"bufPctSmoothed":0,"bufPctDrawn":0,"redraws":79,"sinceLastRedrawMs":94,"lastSkipReason":"interval","frozen":false,"last":true}
{"ok":true,"cmd":"get","var":"wrPosbar","bufPctRaw":0,"bufPctSmoothed":0,"bufPctDrawn":0,"redraws":79,"sinceLastRedrawMs":117,"lastSkipReason":"interval","frozen":false,"last":true}
{"ok":true,"cmd":"get","var":"wrPosbar","bufPctRaw":0,"bufPctSmoothed":0,"bufPctDrawn":0,"redraws":79,"sinceLastRedrawMs":138,"lastSkipReason":"interval","frozen":false,"last":true}
{"ok":true,"cmd":"get","var":"wrPosbar","bufPctRaw":0,"bufPctSmoothed":0,"bufPctDrawn":0,"redraws":79,"sinceLastRedrawMs":160,"lastSkipReason":"interval","frozen":false,"last":true}
{"ok":true,"cmd":"get","var":"wrPosbar","bufPctRaw":0,"bufPctSmoothed":0,"bufPctDrawn":0,"redraws":79,"sinceLastRedrawMs":182,"lastSkipReason":"interval","frozen":false,"last":true}
{"ok":true,"cmd":"get","var":"wrPosbar","bufPctRaw":0,"bufPctSmoothed":0,"bufPctDrawn":0,"redraws":79,"sinceLastRedrawMs":4,"lastSkipReason":"interval","frozen":false,"last":true}
{"ok":true,"cmd":"get","var":"wrPosbar","bufPctRaw":0,"bufPctSmoothed":0,"bufPctDrawn":0,"redraws":79,"sinceLastRedrawMs":25,"lastSkipReason":"interval","frozen":false,"last":true}
{"ok":true,"cmd":"get","var":"wrPosbar","bufPctRaw":0,"bufPctSmoothed":0,"bufPctDrawn":0,"redraws":79,"sinceLastRedrawMs":47,"lastSkipReason":"interval","frozen":false,"last":true}
{"ok":true,"cmd":"get","var":"wrPosbar","bufPctRaw":0,"bufPctSmoothed":0,"bufPctDrawn":0,"redraws":79,"sinceLastRedrawMs":69,"lastSkipReason":"interval","frozen":false,"last":true}
{"ok":true,"cmd":"get","var":"wrPosbar","bufPctRaw":0,"bufPctSmoothed":0,"bufPctDrawn":0,"redraws":79,"sinceLastRedrawMs":91,"lastSkipReason":"interval","frozen":false,"last":true}
{"ok":true,"cmd":"get","var":"wrPosbar","bufPctRaw":0,"bufPctSmoothed":0,"bufPctDrawn":0,"redraws":79,"sinceLastRedrawMs":113,"lastSkipReason":"interval","frozen":false,"last":true}
{"ok":true,"cmd":"get","var":"wrPosbar","bufPctRaw":0,"bufPctSmoothed":0,"bufPctDrawn":0,"redraws":79,"sinceLastRedrawMs":135,"lastSkipReason":"interval","frozen":false,"last":true}
{"ok":true,"cmd":"get","var":"wrPosbar","bufPctRaw":0,"bufPctSmoothed":0,"bufPctDrawn":0,"redraws":79,"sinceLastRedrawMs":157,"lastSkipReason":"interval","frozen":false,"last":true}
{"ok":true,"cmd":"get","var":"wrPosbar","bufPctRaw":0,"bufPctSmoothed":0,"bufPctDrawn":0,"redraws":79,"sinceLastRedrawMs":178,"lastSkipReason":"interval","frozen":false,"last":true}
{"ok":true,"cmd":"get","var":"wrPosbar","bufPctRaw":0,"bufPctSmoothed":0,"bufPctDrawn":0,"redraws":79,"sinceLastRedrawMs":200,"lastSkipReason":"interval","frozen":false,"last":true}
{"ok":true,"cmd":"get","var":"wrPosbar","bufPctRaw":0,"bufPctSmoothed":0,"bufPctDrawn":0,"redraws":79,"sinceLastRedrawMs":9,"lastSkipReason":"interval","frozen":false,"last":true}
{"ok":true,"cmd":"get","var":"wrPosbar","bufPctRaw":0,"bufPctSmoothed":0,"bufPctDrawn":0,"redraws":79,"sinceLastRedrawMs":31,"lastSkipReason":"interval","frozen":false,"last":true}
{"ok":true,"cmd":"get","var":"wrPosbar","bufPctRaw":0,"bufPctSmoothed":0,"bufPctDrawn":0,"redraws":79,"sinceLastRedrawMs":53,"lastSkipReason":"interval","frozen":false,"last":true}
{"ok":true,"cmd":"get","var":"wrPosbar","bufPctRaw":0,"bufPctSmoothed":0,"bufPctDrawn":0,"redraws":79,"sinceLastRedrawMs":75,"lastSkipReason":"interval","frozen":false,"last":true}
{"ok":true,"cmd":"get","var":"wrPosbar","bufPctRaw":0,"bufPctSmoothed":0,"bufPctDrawn":0,"redraws":79,"sinceLastRedrawMs":97,"lastSkipReason":"interval","frozen":false,"last":true}
{"ok":true,"cmd":"get","var":"wrPosbar","bufPctRaw":0,"bufPctSmoothed":0,"bufPctDrawn":0,"redraws":79,"sinceLastRedrawMs":119,"lastSkipReason":"interval","frozen":false,"last":true}
{"ok":true,"cmd":"get","var":"wrPosbar","bufPctRaw":0,"bufPctSmoothed":0,"bufPctDrawn":0,"redraws":79,"sinceLastRedrawMs":142,"lastSkipReason":"interval","frozen":false,"last":true}
ets Jul 29 2019 12:21:46

rst:0x1 (POWERON_RESET),boot:0x13 (SPI_FAST_FLASH_BOOT)
configsip: 0, SPIWP:0xee
clk_drv:0x00,q_drv:0x00,d_drv:0x00,cs0_drv:0x00,hd_drv:0x00,wp_drv:0x00
mode:DIO, clock div:2
load:0x3fff0030,len:1184
load:0x40078000,len:13232
load:0x40080400,len:3028
entry 0x400805e4
[membudget] boot-baseline freeInt=204444 lfbInt=110580 freeDma=161300 lfbDma=110580
[boot] git=3ce7812+ elf=1a5be47c build=Aug  6 2026 14:20:45
cyd display setup
winamp display setup

Initialisation done.
SettingsStorage: loaded
TouchCalStorage: loaded xMin=223 xMax=3582 yMin=196 yMax=3890
[D][chrome] drawVolume pct=-1 keyframe=NONE
reading config file
opened config file
parsed json
config loaded: clientId=db…e0 (len=32) clientSecret=b9…63 (len=32) refreshToken=AQ…ng (len=131)
[wifi-ev] t=681 ev=0 EV
ets Jul 29 2019 12:21:46

rst:0x1 (POWERON_RESET),boot:0x13 (SPI_FAST_FLASH_BOOT)
configsip: 0, SPIWP:0xee
clk_drv:0x00,q_drv:0x00,d_drv:0x00,cs0_drv:0x00,hd_drv:0x00,wp_drv:0x00
mode:DIO, clock div:2
load:0x3fff0030,len:1184
load:0x40078000,len:13232
load:0x40080400,len:3028
entry 0x400805e4
[membudget] boot-baseline freeInt=204444 lfbInt=110580 freeDma=161300 lfbDma=110580
[boot] git=3ce7812+ elf=1a5be47c build=Aug  6 2026 14:20:45
cyd display setup
winamp display setup

Initialisation done.
SettingsStorage: loaded
TouchCalStorage: loaded xMin=223 xMax=3582 yMin=196 yMax=3890
[D][chrome] drawVolume pct=-1 keyframe=NONE
reading config file
opened config file
parsed json
config loaded: clientId=db…e0 (len=32) clientSecret=b9…63 (len=32) refreshToken=AQ…ng (len=131)
[wifi-ev] t=681 ev=0 EV
ets Jul 29 2019 12:21:46

rst:0x1 (POWERON_RESET),boot:0x13 (SPI_FAST_FLASH_BOOT)
configsip: 0, SPIWP:0xee
clk_drv:0x00,q_drv:0x00,d_drv:0x00,cs0_drv:0x00,hd_drv:0x00,wp_drv:0x00
mode:DIO, clock div:2
load:0x3fff0030,len:1184
load:0x40078000,len:13232
load:0x40080400,len:3028
entry 0x400805e4
[membudget] boot-baseline freeInt=204444 lfbInt=110580 freeDma=161300 lfbDma=110580
[boot] git=3ce7812+ elf=1a5be47c build=Aug  6 2026 14:20:45
cyd display setup
winamp display setup

Initialisation done.
SettingsStorage: loaded
TouchCalStorage: loaded xMin=223 xMax=3582 yMin=196 yMax=3890
[D][chrome] drawVolume pct=-1 keyframe=NONE
reading config file
opened config file
parsed json
config loaded: clientId=db…e0 (len=32) clientSecret=b9…63 (len=32) refreshToken=AQ…ng (len=131)
[wifi-ev] t=681 ev=0 EV
ets Jul 29 2019 12:21:46

rst:0x1 (POWERON_RESET),boot:0x13 (SPI_FAST_FLASH_BOOT)
configsip: 0, SPIWP:0xee
clk_drv:0x00,q_drv:0x00,d_drv:0x00,cs0_drv:0x00,hd_drv:0x00,wp_drv:0x00
mode:DIO, clock div:2
load:0x3fff0030,len:1184
load:0x40078000,len:13232
load:0x40080400,len:3028
entry 0x400805e4
[membudget] boot-baseline freeInt=204444 lfbInt=110580 freeDma=161300 lfbDma=110580
[boot] git=3ce7812+ elf=1a5be47c build=Aug  6 2026 14:20:45
cyd display setup
winamp display setup

Initialisation done.
SettingsStorage: loaded
TouchCalStorage: loaded xMin=223 xMax=3582 yMin=196 yMax=3890
[D][chrome] drawVolume pct=-1 keyframe=NONE
reading config file
opened config file
parsed json
config loaded: clientId=db…e0 (len=32) clientSecret=b9…63 (len=32) refreshToken=AQ…ng (len=131)
[wifi-ev] t=681 ev=0 EV
[wifi-ev] t=758 ev=2 STA_START
[wifi-ev] t=800 ev=5 STA_DISCONNECTED reason=202
[wifi-ev] t=919 ev=4 STA_CONNECTED
[wifi-ev] t=1465 ev=7 STA_GOT_IP ip=192.168.1.181
IP address: 192.168.1.181
udget] post-wifi freeInt=148628 lfbInt=102388 freeDma=105484 lfbDma=102388
[time] synced epoch=1786022880 in 2803ms
[boot] spotify=idle (playerMode=webradio) — refresh deferred to first toggle
[I][spotify.task] task started; pinned core=1 stack=10240B period=5000ms
[I][spotify.task] begin ok — handle=0x3ffe94d8 startIdle=1
[membudget] post-spotifyTask freeInt=135912 lfbInt=90100 freeDma=92768 lfbDma=90100
[I][dataTask] task started stack=14336B
[membudget] post-dataTask freeInt=121056 lfbInt=73716 freeDma=77912 lfbDma=73716
[D][chrome] drawVolume pct=-1 keyframe=NONE
[shell] leaving 0  heap=121056 maxAlloc=73716 minFree=120936
[I][webradio] HEAP init free=120652 min=120632
[I][webradio] HEAP pre-fetch free=120652 min=120632
[shell] entered 11  heap=120652 maxAlloc=73716 minFree=120632
[shell] switch 0->11 suspend=1ms wipe=27ms init=1ms taskbar=25ms total=54ms
[membudget] post-init-idle freeInt=120652 lfbInt=73716 freeDma=77508 lfbDma=73716
{"ok":true,"cmd":"get","var":"variant","spotify":"on","last":true}
i(-49) disc=1 heap=117k maxAlloc=71k stack_hwm=17580b uptime=00:00:04 poll=0/0 last=0 block_max=0ms loop_max=0ms slow=shell.switch:54ms last_poll_age_ms=0 next_poll_in_ms=5000 last_render_age_ms=80 build=Aug  6 2026-14:20:45
[D][chrome] drawVolume pct=-1 keyframe=NONE
[D][chrome] drawVolume pct=100 keyframe=4
[W][perf] iter=87ms (worst path so far: app.tick:61ms)
{"ok":true,"cmd":"get","var":"playerMode","val":1,"name":"WebRadio","last":true}
{"ok":true,"cmd":"get","var":"heap","freeInt":56680,"lfbInt":42996,"freeDma":13536,"lfbDma":11252,"last":true}
{"ok":true,"cmd":"info","git":"3ce7812+","elf":"1a5be47c","build":"Aug  6 2026 14:20:45","heap":56404,"isPlaying":false,"progressMs":0,"durationMs":0,"volumePct":-1,"shuffle":false,"repeat":2,"consecutiveFailures":0}
{"ok":true,"cmd":"get","var":"appId","id":11,"name":"WebRadio","last":true}
{"ok":true,"cmd":"get","var":"appId","id":11,"name":"WebRadio","last":true}
{"ok":true,"cmd":"get","var":"wrCount","count":0,"pending":1,"last":true}
{"ok":true,"cmd":"set","var":"bgPoll","val":"0"}
{"ok":true,"cmd":"get","var":"wrCount","count":0,"pending":1,"last":true}
{"ok":true,"cmd":"get","var":"wrCount","count":0,"pending":1,"last":true}
[I][dataTask.webradio] GET mirror=all.api.radio-browser.info code=200 elapsed=3414ms
[D][dataTask.webradio] url=https://all.api.radio-browser.info/json/stations/search?countrycode=NL&codec=MP3&hidebroken=true&order=votes&reverse=true&limit=30&offset=30&bitrateMax=128
{"ok":true,"cmd":"get","var":"wrCount","count":0,"pending":1,"last":true}
{"ok":true,"cmd":"get","var":"wrCount","count":0,"pending":1,"last":true}
[I][dataTask.webradio] GET mirror=all.api.radio-browser.info code=200 elapsed=3398ms
[I][dataTask.webradio] ok mirror=all.api.radio-browser.info country=NL count=30
[D][dataTask.webradio] heap free=74k maxBlk=47k
[I][webradio] HEAP post-fetch free=119196 min=55408
[I][webradio] stations loaded count=30 country=NL
[I][spotify.tls] tls yield — resumed
[D][chrome] drawVolume pct=100 keyframe=4
[D][chrome] drawVolume pct=100 keyframe=4
[W][perf] iter=79ms (worst path so far: app.tick:78ms)
{"ok":true,"cmd":"get","var":"wrCount","count":30,"pending":0,"last":true}
{"ok":true,"cmd":"get","var":"wrCount","count":30,"pending":0,"last":true}
{"ok":true,"cmd":"set","var":"bgPoll","val":"1"}
{"ok":true,"cmd":"get","var":"wrState","state":0,"last":true}
{"ok":true,"cmd":"get","var":"wrState","state":0,"last":true}
{"ok":true,"cmd":"get","var":"wrState","state":0,"last":true}
{"ok":true,"cmd":"get","var":"wrState","state":0,"last":true}
{"ok":true,"cmd":"get","var":"wrState","state":0,"last":true}
{"ok":true,"cmd":"get","var":"wrState","state":0,"last":true}
{"ok":true,"cmd":"get","var":"wrState","state":0,"last":true}
{"ok":true,"cmd":"get","var":"wrState","state":0,"last":true}
{"ok":true,"cmd":"get","var":"wrState","state":0,"last":true}
{"ok":true,"cmd":"get","var":"wrState","state":0,"last":true}
{"ok":true,"cmd":"get","var":"wrState","state":0,"last":true}
[I][hb] display=winamp wifi=rssi(-47) disc=1 heap=117k maxAlloc=47k stack_hwm=13516b uptime=00:00:34 poll=0/0 last=0 block_max=0ms loop_max=87ms slow=app.tick:78ms last_poll_age_ms=0 next_poll_in_ms=5000 last_render_age_ms=21476 build=Aug  6 2026-14:20:45
{"ok":true,"cmd":"get","var":"wrState","state":0,"last":true}
{"ok":true,"cmd":"get","var":"wrState","state":0,"last":true}
{"ok":true,"cmd":"get","var":"heap","freeInt":120020,"lfbInt":49140,"freeDma":76876,"lfbDma":49140,"last":true}
{"ok":true,"cmd":"get","var":"backoff","consecutiveFailures":0,"nextPollMs":5000,"last":true}
{"ok":true,"cmd":"get","var":"dataq","ms":39433,"queueWaiting":0,"pendingMask":0,"inFlight":-1,"inFlightMs":4422,"wrPhase":2,"wrPhaseMs":12940,"wrEnqueues":1,"wrDrops":0,"yieldCount":0,"tlsStopped":false,"spAct":2,"spActMs":38961,"last":true}
[I][webradio] play idx=0 name=Radio 10 url=http://playerservices.streamtheworld.com/api/livestream-redirect/RADIO10.mp3
[I][spotify.tls] tls yield — client stopped
[membudget] TASK-267 _play pre-acquire lfbInt=49140 freeInt=120020
[membudget] TASK-267 arena acquire=24576B lfbBefore=49140 OK
[membudget] arena init base=0x3ffef490 cap=24576
[membudget] CP0-pre-audio-init freeDma=52284 lfbDma=24564
[I][wrpump] created stack=8192B prio=2 core=1
[I][webradio] HEAP pre-connect free=64740 min=55408 maxAlloc=42996
[membudget] CP1-pre-connect skip=0 freeInt=64740 lfbInt=42996 freeDma=21596 lfbDma=16372
{"ok":true,"cmd":"set","var":"wrPlay","val":"0"}
[I][webradio] audio_info: PSRAM not found, inputBufferSize: 6399 bytes
[I][webradio] audio_info: buffers freed, free Heap: 56404 bytes
[I][webradio] audio_info: Connect to new host: "http://playerservices.streamtheworld.com/api/livestream-redirect/RADIO10.mp3"
[D][chrome] drawVolume pct=100 keyframe=4
[D][chrome] drawVolume pct=100 keyframe=4
[W][perf] iter=143ms (worst path so far: app.tick:92ms)
{"ok":true,"cmd":"get","var":"wrState","state":1,"last":true}
[I][webradio] audio_info: Connection has been established in 140 ms, free Heap: 55072 bytes
[I][webradio] HEAP play free=54020 min=53272
[D][chrome] drawVolume pct=100 keyframe=4
[D][chrome] drawVolume pct=100 keyframe=4
[W][perf] iter=73ms (worst path so far: wr.connect:184ms)
[I][webradio] audio_info: redirect to new host "http://22343.live.streamtheworld.com:80/RADIO10.mp3"
[I][webradio] audio_info: buffers freed, free Heap: 55824 bytes
[I][webradio] audio_info: Connect to new host: "http://22343.live.streamtheworld.com:80/RADIO10.mp3"
[W][perf] iter=53ms (worst path so far: wr.connect:184ms)
[I][webradio] audio_info: Connection has been established in 44 ms, free Heap: 54976 bytes
[I][webradio] audio_info: icy-name: Radio 10
[mbdbg] arena FIRST alloc: base=0x3ffef490 cap=24576 req=2000
[mbdbg] helix alloc: DecInfo=0x3ffef490(2000) FHdr=0x3ffefc60(44) SI=0x3ffefc8c(40) SFJS=0x3ffefcb4(36) Huff=0x3ffefcd8(4624) Deq=0x3fff0ee8(792) IMDCT=0x3fff1200(6944) Sub=0x3fff2d20(8708) FInfo=0x3fff4f24(28)
[I][webradio] audio_info: MP3Decoder has been initialized, free Heap: 47044 bytes
[membudget] CP2-decoder-init freeInt=47044 lfbInt=42996 freeDma=3900 lfbDma=2548 arenaHWM=23216
[W][perf] iter=52ms (worst path so far: wr.connect:184ms)[I][webradio] audio_info: stream ready

[I][webradio] audio_info: syncword found at pos 0
[I][webradio] audio_info: Channels: 2
[I][webradio] audio_info: SampleRate: 44100
[I][webradio] audio_info: BitsPerSample: 16
[I][webradio] audio_info: BitRate: 128000
[I][webradio] audio_info: slow stream, dropouts are possible
{"ok":true,"cmd":"get","var":"wrState","state":2,"last":true}
{"ok":true,"cmd":"set","var":"wrBufPct","val":"37"}
{"ok":true,"cmd":"get","var":"wrPosbar","bufPctRaw":23,"bufPctSmoothed":25,"bufPctDrawn":37,"redraws":6,"sinceLastRedrawMs":78,"lastSkipReason":"interval","frozen":false,"last":true}
{"ok":true,"cmd":"set","var":"wrPosbarSimDrain","val":"80,4"}
{"ok":true,"cmd":"get","var":"wrPosbar","bufPctRaw":80,"bufPctSmoothed":72,"bufPctDrawn":37,"redraws":6,"sinceLastRedrawMs":116,"lastSkipReason":"interval","frozen":false,"last":true}
{"ok":true,"cmd":"get","var":"wrPosbar","bufPctRaw":80,"bufPctSmoothed":79,"bufPctDrawn":37,"redraws":6,"sinceLastRedrawMs":138,"lastSkipReason":"interval","frozen":false,"last":true}
{"ok":true,"cmd":"get","var":"wrPosbar","bufPctRaw":80,"bufPctSmoothed":80,"bufPctDrawn":37,"redraws":6,"sinceLastRedrawMs":160,"lastSkipReason":"interval","frozen":false,"last":true}
{"ok":true,"cmd":"get","var":"wrPosbar","bufPctRaw":80,"bufPctSmoothed":80,"bufPctDrawn":37,"redraws":6,"sinceLastRedrawMs":182,"lastSkipReason":"interval","frozen":false,"last":true}
{"ok":true,"cmd":"get","var":"wrPosbar","bufPctRaw":80,"bufPctSmoothed":80,"bufPctDrawn":39,"redraws":7,"sinceLastRedrawMs":3,"lastSkipReason":"interval","frozen":false,"last":true}
{"ok":true,"cmd":"get","var":"wrPosbar","bufPctRaw":80,"bufPctSmoothed":80,"bufPctDrawn":39,"redraws":7,"sinceLastRedrawMs":25,"lastSkipReason":"interval","frozen":false,"last":true}
{"ok":true,"cmd":"get","var":"wrPosbar","bufPctRaw":80,"bufPctSmoothed":80,"bufPctDrawn":39,"redraws":7,"sinceLastRedrawMs":48,"lastSkipReason":"interval","frozen":false,"last":true}
{"ok":true,"cmd":"get","var":"wrPosbar","bufPctRaw":80,"bufPctSmoothed":80,"bufPctDrawn":39,"redraws":7,"sinceLastRedrawMs":70,"lastSkipReason":"interval","frozen":false,"last":true}
{"ok":true,"cmd":"get","var":"wrPosbar","bufPctRaw":80,"bufPctSmoothed":80,"bufPctDrawn":39,"redraws":7,"sinceLastRedrawMs":92,"lastSkipReason":"interval","frozen":false,"last":true}
{"ok":true,"cmd":"get","var":"wrPosbar","bufPctRaw":76,"bufPctSmoothed":77,"bufPctDrawn":39,"redraws":7,"sinceLastRedrawMs":115,"lastSkipReason":"interval","frozen":false,"last":true}
{"ok":true,"cmd":"get","var":"wrPosbar","bufPctRaw":76,"bufPctSmoothed":76,"bufPctDrawn":39,"redraws":7,"sinceLastRedrawMs":139,"lastSkipReason":"interval","frozen":false,"last":true}
{"ok":true,"cmd":"get","var":"wrPosbar","bufPctRaw":76,"bufPctSmoothed":76,"bufPctDrawn":39,"redraws":7,"sinceLastRedrawMs":163,"lastSkipReason":"interval","frozen":false,"last":true}
{"ok":true,"cmd":"get","var":"wrPosbar","bufPctRaw":76,"bufPctSmoothed":76,"bufPctDrawn":39,"redraws":7,"sinceLastRedrawMs":185,"lastSkipReason":"interval","frozen":false,"last":true}
{"ok":true,"cmd":"get","var":"wrPosbar","bufPctRaw":76,"bufPctSmoothed":76,"bufPctDrawn":41,"redraws":8,"sinceLastRedrawMs":7,"lastSkipReason":"interval","frozen":false,"last":true}
{"ok":true,"cmd":"get","var":"wrPosbar","bufPctRaw":76,"bufPctSmoothed":76,"bufPctDrawn":41,"redraws":8,"sinceLastRedrawMs":29,"lastSkipReason":"interval","frozen":false,"last":true}
{"ok":true,"cmd":"get","var":"wrPosbar","bufPctRaw":76,"bufPctSmoothed":76,"bufPctDrawn":41,"redraws":8,"sinceLastRedrawMs":51,"lastSkipReason":"interval","frozen":false,"last":true}
{"ok":true,"cmd":"get","var":"wrPosbar","bufPctRaw":76,"bufPctSmoothed":76,"bufPctDrawn":41,"redraws":8,"sinceLastRedrawMs":73,"lastSkipReason":"interval","frozen":false,"last":true}
{"ok":true,"cmd":"get","var":"wrPosbar","bufPctRaw":76,"bufPctSmoothed":76,"bufPctDrawn":41,"redraws":8,"sinceLastRedrawMs":95,"lastSkipReason":"interval","frozen":false,"last":true}
{"ok":true,"cmd":"get","var":"wrPosbar","bufPctRaw":72,"bufPctSmoothed":73,"bufPctDrawn":41,"redraws":8,"sinceLastRedrawMs":117,"lastSkipReason":"interval","frozen":false,"last":true}
{"ok":true,"cmd":"get","var":"wrPosbar","bufPctRaw":72,"bufPctSmoothed":72,"bufPctDrawn":41,"redraws":8,"sinceLastRedrawMs":139,"lastSkipReason":"interval","frozen":false,"last":true}
{"ok":true,"cmd":"get","var":"wrPosbar","bufPctRaw":72,"bufPctSmoothed":72,"bufPctDrawn":41,"redraws":8,"sinceLastRedrawMs":161,"lastSkipReason":"interval","frozen":false,"last":true}
{"ok":true,"cmd":"get","var":"wrPosbar","bufPctRaw":72,"bufPctSmoothed":72,"bufPctDrawn":41,"redraws":8,"sinceLastRedrawMs":184,"lastSkipReason":"interval","frozen":false,"last":true}
{"ok":true,"cmd":"get","var":"wrPosbar","bufPctRaw":72,"bufPctSmoothed":72,"bufPctDrawn":43,"redraws":9,"sinceLastRedrawMs":5,"lastSkipReason":"interval","frozen":false,"last":true}
{"ok":true,"cmd":"get","var":"wrPosbar","bufPctRaw":72,"bufPctSmoothed":72,"bufPctDrawn":43,"redraws":9,"sinceLastRedrawMs":27,"lastSkipReason":"interval","frozen":false,"last":true}
{"ok":true,"cmd":"get","var":"wrPosbar","bufPctRaw":72,"bufPctSmoothed":72,"bufPctDrawn":43,"redraws":9,"sinceLastRedrawMs":49,"lastSkipReason":"interval","frozen":false,"last":true}
{"ok":true,"cmd":"get","var":"wrPosbar","bufPctRaw":72,"bufPctSmoothed":72,"bufPctDrawn":43,"redraws":9,"sinceLastRedrawMs":71,"lastSkipReason":"interval","frozen":false,"last":true}
{"ok":true,"cmd":"get","var":"wrPosbar","bufPctRaw":72,"bufPctSmoothed":72,"bufPctDrawn":43,"redraws":9,"sinceLastRedrawMs":94,"lastSkipReason":"interval","frozen":false,"last":true}
{"ok":true,"cmd":"get","var":"wrPosbar","bufPctRaw":68,"bufPctSmoothed":69,"bufPctDrawn":43,"redraws":9,"sinceLastRedrawMs":116,"lastSkipReason":"interval","frozen":false,"last":true}
{"ok":true,"cmd":"get","var":"wrPosbar","bufPctRaw":68,"bufPctSmoothed":68,"bufPctDrawn":43,"redraws":9,"sinceLastRedrawMs":138,"lastSkipReason":"interval","frozen":false,"last":true}
{"ok":true,"cmd":"get","var":"wrPosbar","bufPctRaw":68,"bufPctSmoothed":68,"bufPctDrawn":43,"redraws":9,"sinceLastRedrawMs":161,"lastSkipReason":"interval","frozen":false,"last":true}
{"ok":true,"cmd":"get","var":"wrPosbar","bufPctRaw":68,"bufPctSmoothed":68,"bufPctDrawn":43,"redraws":9,"sinceLastRedrawMs":183,"lastSkipReason":"interval","frozen":false,"last":true}
{"ok":true,"cmd":"get","var":"wrPosbar","bufPctRaw":68,"bufPctSmoothed":68,"bufPctDrawn":45,"redraws":10,"sinceLastRedrawMs":5,"lastSkipReason":"interval","frozen":false,"last":true}
{"ok":true,"cmd":"get","var":"wrPosbar","bufPctRaw":68,"bufPctSmoothed":68,"bufPctDrawn":45,"redraws":10,"sinceLastRedrawMs":27,"lastSkipReason":"interval","frozen":false,"last":true}
{"ok":true,"cmd":"get","var":"wrPosbar","bufPctRaw":68,"bufPctSmoothed":68,"bufPctDrawn":45,"redraws":10,"sinceLastRedrawMs":49,"lastSkipReason":"interval","frozen":false,"last":true}
{"ok":true,"cmd":"get","var":"wrPosbar","bufPctRaw":68,"bufPctSmoothed":68,"bufPctDrawn":45,"redraws":10,"sinceLastRedrawMs":71,"lastSkipReason":"interval","frozen":false,"last":true}
{"ok":true,"cmd":"get","var":"wrPosbar","bufPctRaw":68,"bufPctSmoothed":68,"bufPctDrawn":45,"redraws":10,"sinceLastRedrawMs":93,"lastSkipReason":"interval","frozen":false,"last":true}
{"ok":true,"cmd":"get","var":"wrPosbar","bufPctRaw":64,"bufPctSmoothed":65,"bufPctDrawn":45,"redraws":10,"sinceLastRedrawMs":115,"lastSkipReason":"interval","frozen":false,"last":true}
{"ok":true,"cmd":"get","var":"wrPosbar","bufPctRaw":64,"bufPctSmoothed":64,"bufPctDrawn":45,"redraws":10,"sinceLastRedrawMs":138,"lastSkipReason":"interval","frozen":false,"last":true}
[I][webradio] audio_info: slow stream, dropouts are possible
{"ok":true,"cmd":"get","var":"wrPosbar","bufPctRaw":64,"bufPctSmoothed":64,"bufPctDrawn":45,"redraws":10,"sinceLastRedrawMs":160,"lastSkipReason":"interval","frozen":false,"last":true}
{"ok":true,"cmd":"get","var":"wrPosbar","bufPctRaw":64,"bufPctSmoothed":64,"bufPctDrawn":45,"redraws":10,"sinceLastRedrawMs":183,"lastSkipReason":"interval","frozen":false,"last":true}
{"ok":true,"cmd":"get","var":"wrPosbar","bufPctRaw":64,"bufPctSmoothed":64,"bufPctDrawn":47,"redraws":11,"sinceLastRedrawMs":6,"lastSkipReason":"interval","frozen":false,"last":true}
{"ok":true,"cmd":"get","var":"wrPosbar","bufPctRaw":64,"bufPctSmoothed":64,"bufPctDrawn":47,"redraws":11,"sinceLastRedrawMs":28,"lastSkipReason":"interval","frozen":false,"last":true}
{"ok":true,"cmd":"get","var":"wrPosbar","bufPctRaw":64,"bufPctSmoothed":64,"bufPctDrawn":47,"redraws":11,"sinceLastRedrawMs":51,"lastSkipReason":"interval","frozen":false,"last":true}
{"ok":true,"cmd":"get","var":"wrPosbar","bufPctRaw":64,"bufPctSmoothed":64,"bufPctDrawn":47,"redraws":11,"sinceLastRedrawMs":73,"lastSkipReason":"interval","frozen":false,"last":true}
{"ok":true,"cmd":"get","var":"wrPosbar","bufPctRaw":64,"bufPctSmoothed":64,"bufPctDrawn":47,"redraws":11,"sinceLastRedrawMs":95,"lastSkipReason":"interval","frozen":false,"last":true}
{"ok":true,"cmd":"get","var":"wrPosbar","bufPctRaw":60,"bufPctSmoothed":61,"bufPctDrawn":47,"redraws":11,"sinceLastRedrawMs":118,"lastSkipReason":"interval","frozen":false,"last":true}
{"ok":true,"cmd":"get","var":"wrPosbar","bufPctRaw":60,"bufPctSmoothed":60,"bufPctDrawn":47,"redraws":11,"sinceLastRedrawMs":140,"lastSkipReason":"interval","frozen":false,"last":true}
{"ok":true,"cmd":"get","var":"wrPosbar","bufPctRaw":60,"bufPctSmoothed":60,"bufPctDrawn":47,"redraws":11,"sinceLastRedrawMs":163,"lastSkipReason":"interval","frozen":false,"last":true}
{"ok":true,"cmd":"get","var":"wrPosbar","bufPctRaw":60,"bufPctSmoothed":60,"bufPctDrawn":47,"redraws":11,"sinceLastRedrawMs":185,"lastSkipReason":"interval","frozen":false,"last":true}
{"ok":true,"cmd":"get","var":"wrPosbar","bufPctRaw":60,"bufPctSmoothed":60,"bufPctDrawn":49,"redraws":12,"sinceLastRedrawMs":7,"lastSkipReason":"interval","frozen":false,"last":true}
{"ok":true,"cmd":"get","var":"wrPosbar","bufPctRaw":60,"bufPctSmoothed":60,"bufPctDrawn":49,"redraws":12,"sinceLastRedrawMs":29,"lastSkipReason":"interval","frozen":false,"last":true}
{"ok":true,"cmd":"get","var":"wrPosbar","bufPctRaw":60,"bufPctSmoothed":60,"bufPctDrawn":49,"redraws":12,"sinceLastRedrawMs":51,"lastSkipReason":"interval","frozen":false,"last":true}
{"ok":true,"cmd":"get","var":"wrPosbar","bufPctRaw":60,"bufPctSmoothed":60,"bufPctDrawn":49,"redraws":12,"sinceLastRedrawMs":75,"lastSkipReason":"interval","frozen":false,"last":true}
{"ok":true,"cmd":"get","var":"wrPosbar","bufPctRaw":60,"bufPctSmoothed":60,"bufPctDrawn":49,"redraws":12,"sinceLastRedrawMs":99,"lastSkipReason":"interval","frozen":false,"last":true}
{"ok":true,"cmd":"get","var":"wrPosbar","bufPctRaw":56,"bufPctSmoothed":57,"bufPctDrawn":49,"redraws":12,"sinceLastRedrawMs":122,"lastSkipReason":"interval","frozen":false,"last":true}
{"ok":true,"cmd":"get","var":"wrPosbar","bufPctRaw":56,"bufPctSmoothed":56,"bufPctDrawn":49,"redraws":12,"sinceLastRedrawMs":144,"lastSkipReason":"interval","frozen":false,"last":true}
{"ok":true,"cmd":"get","var":"wrPosbar","bufPctRaw":56,"bufPctSmoothed":56,"bufPctDrawn":49,"redraws":12,"sinceLastRedrawMs":166,"lastSkipReason":"interval","frozen":false,"last":true}
{"ok":true,"cmd":"get","var":"wrPosbar","bufPctRaw":56,"bufPctSmoothed":56,"bufPctDrawn":49,"redraws":12,"sinceLastRedrawMs":188,"lastSkipReason":"interval","frozen":false,"last":true}
{"ok":true,"cmd":"get","var":"wrPosbar","bufPctRaw":56,"bufPctSmoothed":56,"bufPctDrawn":51,"redraws":13,"sinceLastRedrawMs":11,"lastSkipReason":"interval","frozen":false,"last":true}
{"ok":true,"cmd":"get","var":"wrPosbar","bufPctRaw":56,"bufPctSmoothed":56,"bufPctDrawn":51,"redraws":13,"sinceLastRedrawMs":33,"lastSkipReason":"interval","frozen":false,"last":true}
{"ok":true,"cmd":"get","var":"wrPosbar","bufPctRaw":56,"bufPctSmoothed":56,"bufPctDrawn":51,"redraws":13,"sinceLastRedrawMs":55,"lastSkipReason":"interval","frozen":false,"last":true}
{"ok":true,"cmd":"get","var":"wrPosbar","bufPctRaw":56,"bufPctSmoothed":56,"bufPctDrawn":51,"redraws":13,"sinceLastRedrawMs":77,"lastSkipReason":"interval","frozen":false,"last":true}
{"ok":true,"cmd":"get","var":"wrPosbar","bufPctRaw":56,"bufPctSmoothed":56,"bufPctDrawn":51,"redraws":13,"sinceLastRedrawMs":99,"lastSkipReason":"interval","frozen":false,"last":true}
{"ok":true,"cmd":"get","var":"wrPosbar","bufPctRaw":52,"bufPctSmoothed":53,"bufPctDrawn":51,"redraws":13,"sinceLastRedrawMs":121,"lastSkipReason":"interval","frozen":false,"last":true}
{"ok":true,"cmd":"get","var":"wrPosbar","bufPctRaw":52,"bufPctSmoothed":52,"bufPctDrawn":51,"redraws":13,"sinceLastRedrawMs":145,"lastSkipReason":"interval","frozen":false,"last":true}
{"ok":true,"cmd":"get","var":"wrPosbar","bufPctRaw":52,"bufPctSmoothed":52,"bufPctDrawn":51,"redraws":13,"sinceLastRedrawMs":167,"lastSkipReason":"interval","frozen":false,"last":true}
{"ok":true,"cmd":"get","var":"wrPosbar","bufPctRaw":52,"bufPctSmoothed":52,"bufPctDrawn":51,"redraws":13,"sinceLastRedrawMs":189,"lastSkipReason":"interval","frozen":false,"last":true}
{"ok":true,"cmd":"get","var":"wrPosbar","bufPctRaw":52,"bufPctSmoothed":52,"bufPctDrawn":52,"redraws":14,"sinceLastRedrawMs":9,"lastSkipReason":"interval","frozen":false,"last":true}
{"ok":true,"cmd":"get","var":"wrPosbar","bufPctRaw":52,"bufPctSmoothed":52,"bufPctDrawn":52,"redraws":14,"sinceLastRedrawMs":32,"lastSkipReason":"interval","frozen":false,"last":true}
{"ok":true,"cmd":"get","var":"wrPosbar","bufPctRaw":52,"bufPctSmoothed":52,"bufPctDrawn":52,"redraws":14,"sinceLastRedrawMs":55,"lastSkipReason":"interval","frozen":false,"last":true}
{"ok":true,"cmd":"get","var":"wrPosbar","bufPctRaw":52,"bufPctSmoothed":52,"bufPctDrawn":52,"redraws":14,"sinceLastRedrawMs":77,"lastSkipReason":"interval","frozen":false,"last":true}
{"ok":true,"cmd":"get","var":"wrPosbar","bufPctRaw":52,"bufPctSmoothed":52,"bufPctDrawn":52,"redraws":14,"sinceLastRedrawMs":99,"lastSkipReason":"interval","frozen":false,"last":true}
{"ok":true,"cmd":"get","var":"wrPosbar","bufPctRaw":48,"bufPctSmoothed":49,"bufPctDrawn":52,"redraws":14,"sinceLastRedrawMs":121,"lastSkipReason":"interval","frozen":false,"last":true}
{"ok":true,"cmd":"get","var":"wrPosbar","bufPctRaw":48,"bufPctSmoothed":48,"bufPctDrawn":52,"redraws":14,"sinceLastRedrawMs":143,"lastSkipReason":"interval","frozen":false,"last":true}
{"ok":true,"cmd":"get","var":"wrPosbar","bufPctRaw":48,"bufPctSmoothed":48,"bufPctDrawn":52,"redraws":14,"sinceLastRedrawMs":166,"lastSkipReason":"interval","frozen":false,"last":true}
{"ok":true,"cmd":"get","var":"wrPosbar","bufPctRaw":48,"bufPctSmoothed":48,"bufPctDrawn":52,"redraws":14,"sinceLastRedrawMs":189,"lastSkipReason":"interval","frozen":false,"last":true}
{"ok":true,"cmd":"get","var":"wrPosbar","bufPctRaw":48,"bufPctSmoothed":48,"bufPctDrawn":50,"redraws":15,"sinceLastRedrawMs":8,"lastSkipReason":"interval","frozen":false,"last":true}
{"ok":true,"cmd":"get","var":"wrPosbar","bufPctRaw":48,"bufPctSmoothed":48,"bufPctDrawn":50,"redraws":15,"sinceLastRedrawMs":31,"lastSkipReason":"interval","frozen":false,"last":true}
{"ok":true,"cmd":"get","var":"wrPosbar","bufPctRaw":48,"bufPctSmoothed":48,"bufPctDrawn":50,"redraws":15,"sinceLastRedrawMs":53,"lastSkipReason":"interval","frozen":false,"last":true}
{"ok":true,"cmd":"get","var":"wrPosbar","bufPctRaw":48,"bufPctSmoothed":48,"bufPctDrawn":50,"redraws":15,"sinceLastRedrawMs":76,"lastSkipReason":"interval","frozen":false,"last":true}
{"ok":true,"cmd":"get","var":"wrPosbar","bufPctRaw":48,"bufPctSmoothed":48,"bufPctDrawn":50,"redraws":15,"sinceLastRedrawMs":98,"lastSkipReason":"interval","frozen":false,"last":true}
{"ok":true,"cmd":"get","var":"wrPosbar","bufPctRaw":44,"bufPctSmoothed":45,"bufPctDrawn":50,"redraws":15,"sinceLastRedrawMs":120,"lastSkipReason":"interval","frozen":false,"last":true}
{"ok":true,"cmd":"get","var":"wrPosbar","bufPctRaw":44,"bufPctSmoothed":44,"bufPctDrawn":50,"redraws":15,"sinceLastRedrawMs":143,"lastSkipReason":"interval","frozen":false,"last":true}
[I][webradio] audio_info: slow stream, dropouts are possible
{"ok":true,"cmd":"get","var":"wrPosbar","bufPctRaw":44,"bufPctSmoothed":44,"bufPctDrawn":50,"redraws":15,"sinceLastRedrawMs":165,"lastSkipReason":"interval","frozen":false,"last":true}
{"ok":true,"cmd":"get","var":"wrPosbar","bufPctRaw":44,"bufPctSmoothed":44,"bufPctDrawn":50,"redraws":15,"sinceLastRedrawMs":187,"lastSkipReason":"interval","frozen":false,"last":true}
{"ok":true,"cmd":"get","var":"wrPosbar","bufPctRaw":44,"bufPctSmoothed":44,"bufPctDrawn":48,"redraws":16,"sinceLastRedrawMs":9,"lastSkipReason":"interval","frozen":false,"last":true}
{"ok":true,"cmd":"get","var":"wrPosbar","bufPctRaw":44,"bufPctSmoothed":44,"bufPctDrawn":48,"redraws":16,"sinceLastRedrawMs":31,"lastSkipReason":"interval","frozen":false,"last":true}
{"ok":true,"cmd":"get","var":"wrPosbar","bufPctRaw":44,"bufPctSmoothed":44,"bufPctDrawn":48,"redraws":16,"sinceLastRedrawMs":54,"lastSkipReason":"interval","frozen":false,"last":true}
{"ok":true,"cmd":"get","var":"wrPosbar","bufPctRaw":44,"bufPctSmoothed":44,"bufPctDrawn":48,"redraws":16,"sinceLastRedrawMs":77,"lastSkipReason":"interval","frozen":false,"last":true}
{"ok":true,"cmd":"get","var":"wrPosbar","bufPctRaw":44,"bufPctSmoothed":44,"bufPctDrawn":48,"redraws":16,"sinceLastRedrawMs":100,"lastSkipReason":"interval","frozen":false,"last":true}
{"ok":true,"cmd":"get","var":"wrPosbar","bufPctRaw":40,"bufPctSmoothed":41,"bufPctDrawn":48,"redraws":16,"sinceLastRedrawMs":122,"lastSkipReason":"interval","frozen":false,"last":true}
{"ok":true,"cmd":"get","var":"wrPosbar","bufPctRaw":40,"bufPctSmoothed":40,"bufPctDrawn":48,"redraws":16,"sinceLastRedrawMs":145,"lastSkipReason":"interval","frozen":false,"last":true}
{"ok":true,"cmd":"get","var":"wrPosbar","bufPctRaw":40,"bufPctSmoothed":40,"bufPctDrawn":48,"redraws":16,"sinceLastRedrawMs":169,"lastSkipReason":"interval","frozen":false,"last":true}
{"ok":true,"cmd":"get","var":"wrPosbar","bufPctRaw":40,"bufPctSmoothed":40,"bufPctDrawn":48,"redraws":16,"sinceLastRedrawMs":191,"lastSkipReason":"interval","frozen":false,"last":true}
{"ok":true,"cmd":"get","var":"wrPosbar","bufPctRaw":40,"bufPctSmoothed":40,"bufPctDrawn":46,"redraws":17,"sinceLastRedrawMs":9,"lastSkipReason":"interval","frozen":false,"last":true}
{"ok":true,"cmd":"get","var":"wrPosbar","bufPctRaw":40,"bufPctSmoothed":40,"bufPctDrawn":46,"redraws":17,"sinceLastRedrawMs":34,"lastSkipReason":"interval","frozen":false,"last":true}
{"ok":true,"cmd":"get","var":"wrPosbar","bufPctRaw":40,"bufPctSmoothed":40,"bufPctDrawn":46,"redraws":17,"sinceLastRedrawMs":57,"lastSkipReason":"interval","frozen":false,"last":true}
{"ok":true,"cmd":"get","var":"wrPosbar","bufPctRaw":40,"bufPctSmoothed":40,"bufPctDrawn":46,"redraws":17,"sinceLastRedrawMs":79,"lastSkipReason":"interval","frozen":false,"last":true}
{"ok":true,"cmd":"get","var":"wrPosbar","bufPctRaw":40,"bufPctSmoothed":40,"bufPctDrawn":46,"redraws":17,"sinceLastRedrawMs":101,"lastSkipReason":"interval","frozen":false,"last":true}
{"ok":true,"cmd":"get","var":"wrPosbar","bufPctRaw":36,"bufPctSmoothed":37,"bufPctDrawn":46,"redraws":17,"sinceLastRedrawMs":124,"lastSkipReason":"interval","frozen":false,"last":true}
{"ok":true,"cmd":"get","var":"wrPosbar","bufPctRaw":36,"bufPctSmoothed":36,"bufPctDrawn":46,"redraws":17,"sinceLastRedrawMs":146,"lastSkipReason":"interval","frozen":false,"last":true}
{"ok":true,"cmd":"get","var":"wrPosbar","bufPctRaw":36,"bufPctSmoothed":36,"bufPctDrawn":46,"redraws":17,"sinceLastRedrawMs":168,"lastSkipReason":"interval","frozen":false,"last":true}
{"ok":true,"cmd":"get","var":"wrPosbar","bufPctRaw":36,"bufPctSmoothed":36,"bufPctDrawn":46,"redraws":17,"sinceLastRedrawMs":191,"lastSkipReason":"interval","frozen":false,"last":true}
{"ok":true,"cmd":"get","var":"wrPosbar","bufPctRaw":36,"bufPctSmoothed":36,"bufPctDrawn":44,"redraws":18,"sinceLastRedrawMs":8,"lastSkipReason":"interval","frozen":false,"last":true}
{"ok":true,"cmd":"get","var":"wrPosbar","bufPctRaw":36,"bufPctSmoothed":36,"bufPctDrawn":44,"redraws":18,"sinceLastRedrawMs":31,"lastSkipReason":"interval","frozen":false,"last":true}
{"ok":true,"cmd":"get","var":"wrPosbar","bufPctRaw":36,"bufPctSmoothed":36,"bufPctDrawn":44,"redraws":18,"sinceLastRedrawMs":53,"lastSkipReason":"interval","frozen":false,"last":true}
{"ok":true,"cmd":"get","var":"wrPosbar","bufPctRaw":36,"bufPctSmoothed":36,"bufPctDrawn":44,"redraws":18,"sinceLastRedrawMs":75,"lastSkipReason":"interval","frozen":false,"last":true}
{"ok":true,"cmd":"get","var":"wrPosbar","bufPctRaw":36,"bufPctSmoothed":36,"bufPctDrawn":44,"redraws":18,"sinceLastRedrawMs":97,"lastSkipReason":"interval","frozen":false,"last":true}
{"ok":true,"cmd":"get","var":"wrPosbar","bufPctRaw":32,"bufPctSmoothed":33,"bufPctDrawn":44,"redraws":18,"sinceLastRedrawMs":119,"lastSkipReason":"interval","frozen":false,"last":true}
{"ok":true,"cmd":"get","var":"wrPosbar","bufPctRaw":32,"bufPctSmoothed":32,"bufPctDrawn":44,"redraws":18,"sinceLastRedrawMs":141,"lastSkipReason":"interval","frozen":false,"last":true}
{"ok":true,"cmd":"get","var":"wrPosbar","bufPctRaw":32,"bufPctSmoothed":32,"bufPctDrawn":44,"redraws":18,"sinceLastRedrawMs":164,"lastSkipReason":"interval","frozen":false,"last":true}
{"ok":true,"cmd":"get","var":"wrPosbar","bufPctRaw":32,"bufPctSmoothed":32,"bufPctDrawn":44,"redraws":18,"sinceLastRedrawMs":187,"lastSkipReason":"interval","frozen":false,"last":true}
{"ok":true,"cmd":"get","var":"wrPosbar","bufPctRaw":32,"bufPctSmoothed":32,"bufPctDrawn":42,"redraws":19,"sinceLastRedrawMs":8,"lastSkipReason":"interval","frozen":false,"last":true}
{"ok":true,"cmd":"get","var":"wrPosbar","bufPctRaw":32,"bufPctSmoothed":32,"bufPctDrawn":42,"redraws":19,"sinceLastRedrawMs":30,"lastSkipReason":"interval","frozen":false,"last":true}
{"ok":true,"cmd":"get","var":"wrPosbar","bufPctRaw":32,"bufPctSmoothed":32,"bufPctDrawn":42,"redraws":19,"sinceLastRedrawMs":53,"lastSkipReason":"interval","frozen":false,"last":true}
{"ok":true,"cmd":"get","var":"wrPosbar","bufPctRaw":32,"bufPctSmoothed":32,"bufPctDrawn":42,"redraws":19,"sinceLastRedrawMs":76,"lastSkipReason":"interval","frozen":false,"last":true}
{"ok":true,"cmd":"get","var":"wrPosbar","bufPctRaw":32,"bufPctSmoothed":32,"bufPctDrawn":42,"redraws":19,"sinceLastRedrawMs":98,"lastSkipReason":"interval","frozen":false,"last":true}
{"ok":true,"cmd":"get","var":"wrPosbar","bufPctRaw":28,"bufPctSmoothed":29,"bufPctDrawn":42,"redraws":19,"sinceLastRedrawMs":120,"lastSkipReason":"interval","frozen":false,"last":true}
{"ok":true,"cmd":"get","var":"wrPosbar","bufPctRaw":28,"bufPctSmoothed":28,"bufPctDrawn":42,"redraws":19,"sinceLastRedrawMs":142,"lastSkipReason":"interval","frozen":false,"last":true}
{"ok":true,"cmd":"get","var":"wrPosbar","bufPctRaw":28,"bufPctSmoothed":28,"bufPctDrawn":42,"redraws":19,"sinceLastRedrawMs":164,"lastSkipReason":"interval","frozen":false,"last":true}
{"ok":true,"cmd":"get","var":"wrPosbar","bufPctRaw":28,"bufPctSmoothed":28,"bufPctDrawn":42,"redraws":19,"sinceLastRedrawMs":187,"lastSkipReason":"interval","frozen":false,"last":true}
{"ok":true,"cmd":"get","var":"wrPosbar","bufPctRaw":28,"bufPctSmoothed":28,"bufPctDrawn":40,"redraws":20,"sinceLastRedrawMs":10,"lastSkipReason":"interval","frozen":false,"last":true}
{"ok":true,"cmd":"get","var":"wrPosbar","bufPctRaw":28,"bufPctSmoothed":28,"bufPctDrawn":40,"redraws":20,"sinceLastRedrawMs":32,"lastSkipReason":"interval","frozen":false,"last":true}
{"ok":true,"cmd":"get","var":"wrPosbar","bufPctRaw":28,"bufPctSmoothed":28,"bufPctDrawn":40,"redraws":20,"sinceLastRedrawMs":54,"lastSkipReason":"interval","frozen":false,"last":true}
{"ok":true,"cmd":"get","var":"wrPosbar","bufPctRaw":28,"bufPctSmoothed":28,"bufPctDrawn":40,"redraws":20,"sinceLastRedrawMs":76,"lastSkipReason":"interval","frozen":false,"last":true}
{"ok":true,"cmd":"get","var":"wrPosbar","bufPctRaw":28,"bufPctSmoothed":28,"bufPctDrawn":40,"redraws":20,"sinceLastRedrawMs":99,"lastSkipReason":"interval","frozen":false,"last":true}
{"ok":true,"cmd":"get","var":"wrPosbar","bufPctRaw":24,"bufPctSmoothed":25,"bufPctDrawn":40,"redraws":20,"sinceLastRedrawMs":122,"lastSkipReason":"interval","frozen":false,"last":true}
[I][webradio] audio_info: slow stream, dropouts are possible
{"ok":true,"cmd":"get","var":"wrPosbar","bufPctRaw":24,"bufPctSmoothed":24,"bufPctDrawn":40,"redraws":20,"sinceLastRedrawMs":147,"lastSkipReason":"interval","frozen":false,"last":true}
{"ok":true,"cmd":"get","var":"wrPosbar","bufPctRaw":24,"bufPctSmoothed":24,"bufPctDrawn":40,"redraws":20,"sinceLastRedrawMs":169,"lastSkipReason":"interval","frozen":false,"last":true}
{"ok":true,"cmd":"get","var":"wrPosbar","bufPctRaw":24,"bufPctSmoothed":24,"bufPctDrawn":40,"redraws":20,"sinceLastRedrawMs":191,"lastSkipReason":"interval","frozen":false,"last":true}
{"ok":true,"cmd":"get","var":"wrPosbar","bufPctRaw":24,"bufPctSmoothed":24,"bufPctDrawn":38,"redraws":21,"sinceLastRedrawMs":8,"lastSkipReason":"interval","frozen":false,"last":true}
{"ok":true,"cmd":"get","var":"wrPosbar","bufPctRaw":24,"bufPctSmoothed":24,"bufPctDrawn":38,"redraws":21,"sinceLastRedrawMs":30,"lastSkipReason":"interval","frozen":false,"last":true}
{"ok":true,"cmd":"get","var":"wrPosbar","bufPctRaw":24,"bufPctSmoothed":24,"bufPctDrawn":38,"redraws":21,"sinceLastRedrawMs":53,"lastSkipReason":"interval","frozen":false,"last":true}
{"ok":true,"cmd":"get","var":"wrPosbar","bufPctRaw":24,"bufPctSmoothed":24,"bufPctDrawn":38,"redraws":21,"sinceLastRedrawMs":76,"lastSkipReason":"interval","frozen":false,"last":true}
{"ok":true,"cmd":"get","var":"wrPosbar","bufPctRaw":24,"bufPctSmoothed":24,"bufPctDrawn":38,"redraws":21,"sinceLastRedrawMs":98,"lastSkipReason":"interval","frozen":false,"last":true}
{"ok":true,"cmd":"get","var":"wrPosbar","bufPctRaw":20,"bufPctSmoothed":21,"bufPctDrawn":38,"redraws":21,"sinceLastRedrawMs":120,"lastSkipReason":"interval","frozen":false,"last":true}
{"ok":true,"cmd":"get","var":"wrPosbar","bufPctRaw":20,"bufPctSmoothed":20,"bufPctDrawn":38,"redraws":21,"sinceLastRedrawMs":143,"lastSkipReason":"interval","frozen":false,"last":true}
{"ok":true,"cmd":"get","var":"wrPosbar","bufPctRaw":20,"bufPctSmoothed":20,"bufPctDrawn":38,"redraws":21,"sinceLastRedrawMs":165,"lastSkipReason":"interval","frozen":false,"last":true}
{"ok":true,"cmd":"get","var":"wrPosbar","bufPctRaw":20,"bufPctSmoothed":20,"bufPctDrawn":38,"redraws":21,"sinceLastRedrawMs":189,"lastSkipReason":"interval","frozen":false,"last":true}
{"ok":true,"cmd":"get","var":"wrPosbar","bufPctRaw":20,"bufPctSmoothed":20,"bufPctDrawn":36,"redraws":22,"sinceLastRedrawMs":12,"lastSkipReason":"interval","frozen":false,"last":true}
{"ok":true,"cmd":"get","var":"wrPosbar","bufPctRaw":20,"bufPctSmoothed":20,"bufPctDrawn":36,"redraws":22,"sinceLastRedrawMs":34,"lastSkipReason":"interval","frozen":false,"last":true}
{"ok":true,"cmd":"get","var":"wrPosbar","bufPctRaw":20,"bufPctSmoothed":20,"bufPctDrawn":36,"redraws":22,"sinceLastRedrawMs":56,"lastSkipReason":"interval","frozen":false,"last":true}
{"ok":true,"cmd":"get","var":"wrPosbar","bufPctRaw":20,"bufPctSmoothed":20,"bufPctDrawn":36,"redraws":22,"sinceLastRedrawMs":78,"lastSkipReason":"interval","frozen":false,"last":true}
{"ok":true,"cmd":"get","var":"wrPosbar","bufPctRaw":20,"bufPctSmoothed":20,"bufPctDrawn":36,"redraws":22,"sinceLastRedrawMs":101,"lastSkipReason":"interval","frozen":false,"last":true}
{"ok":true,"cmd":"get","var":"wrPosbar","bufPctRaw":16,"bufPctSmoothed":17,"bufPctDrawn":36,"redraws":22,"sinceLastRedrawMs":123,"lastSkipReason":"interval","frozen":false,"last":true}
{"ok":true,"cmd":"get","var":"wrPosbar","bufPctRaw":16,"bufPctSmoothed":16,"bufPctDrawn":36,"redraws":22,"sinceLastRedrawMs":146,"lastSkipReason":"interval","frozen":false,"last":true}
{"ok":true,"cmd":"get","var":"wrPosbar","bufPctRaw":16,"bufPctSmoothed":16,"bufPctDrawn":36,"redraws":22,"sinceLastRedrawMs":168,"lastSkipReason":"interval","frozen":false,"last":true}
{"ok":true,"cmd":"get","var":"wrPosbar","bufPctRaw":16,"bufPctSmoothed":16,"bufPctDrawn":36,"redraws":22,"sinceLastRedrawMs":190,"lastSkipReason":"interval","frozen":false,"last":true}
{"ok":true,"cmd":"get","var":"wrPosbar","bufPctRaw":16,"bufPctSmoothed":16,"bufPctDrawn":34,"redraws":23,"sinceLastRedrawMs":9,"lastSkipReason":"interval","frozen":false,"last":true}
{"ok":true,"cmd":"get","var":"wrPosbar","bufPctRaw":16,"bufPctSmoothed":16,"bufPctDrawn":34,"redraws":23,"sinceLastRedrawMs":32,"lastSkipReason":"interval","frozen":false,"last":true}
{"ok":true,"cmd":"get","var":"wrPosbar","bufPctRaw":16,"bufPctSmoothed":16,"bufPctDrawn":34,"redraws":23,"sinceLastRedrawMs":55,"lastSkipReason":"interval","frozen":false,"last":true}
{"ok":true,"cmd":"get","var":"wrPosbar","bufPctRaw":16,"bufPctSmoothed":16,"bufPctDrawn":34,"redraws":23,"sinceLastRedrawMs":77,"lastSkipReason":"interval","frozen":false,"last":true}
{"ok":true,"cmd":"get","var":"wrPosbar","bufPctRaw":16,"bufPctSmoothed":16,"bufPctDrawn":34,"redraws":23,"sinceLastRedrawMs":99,"lastSkipReason":"interval","frozen":false,"last":true}
{"ok":true,"cmd":"get","var":"wrPosbar","bufPctRaw":12,"bufPctSmoothed":13,"bufPctDrawn":34,"redraws":23,"sinceLastRedrawMs":121,"lastSkipReason":"interval","frozen":false,"last":true}
{"ok":true,"cmd":"get","var":"wrPosbar","bufPctRaw":12,"bufPctSmoothed":12,"bufPctDrawn":34,"redraws":23,"sinceLastRedrawMs":144,"lastSkipReason":"interval","frozen":false,"last":true}
{"ok":true,"cmd":"get","var":"wrPosbar","bufPctRaw":12,"bufPctSmoothed":12,"bufPctDrawn":34,"redraws":23,"sinceLastRedrawMs":166,"lastSkipReason":"interval","frozen":false,"last":true}
{"ok":true,"cmd":"get","var":"wrPosbar","bufPctRaw":12,"bufPctSmoothed":12,"bufPctDrawn":34,"redraws":23,"sinceLastRedrawMs":188,"lastSkipReason":"interval","frozen":false,"last":true}
{"ok":true,"cmd":"get","var":"wrPosbar","bufPctRaw":12,"bufPctSmoothed":12,"bufPctDrawn":32,"redraws":24,"sinceLastRedrawMs":8,"lastSkipReason":"interval","frozen":false,"last":true}
{"ok":true,"cmd":"get","var":"wrPosbar","bufPctRaw":12,"bufPctSmoothed":12,"bufPctDrawn":32,"redraws":24,"sinceLastRedrawMs":30,"lastSkipReason":"interval","frozen":false,"last":true}
{"ok":true,"cmd":"get","var":"wrPosbar","bufPctRaw":12,"bufPctSmoothed":12,"bufPctDrawn":32,"redraws":24,"sinceLastRedrawMs":53,"lastSkipReason":"interval","frozen":false,"last":true}
{"ok":true,"cmd":"get","var":"wrPosbar","bufPctRaw":12,"bufPctSmoothed":12,"bufPctDrawn":32,"redraws":24,"sinceLastRedrawMs":75,"lastSkipReason":"interval","frozen":false,"last":true}
{"ok":true,"cmd":"get","var":"wrPosbar","bufPctRaw":12,"bufPctSmoothed":12,"bufPctDrawn":32,"redraws":24,"sinceLastRedrawMs":97,"lastSkipReason":"interval","frozen":false,"last":true}
{"ok":true,"cmd":"get","var":"wrPosbar","bufPctRaw":8,"bufPctSmoothed":9,"bufPctDrawn":32,"redraws":24,"sinceLastRedrawMs":119,"lastSkipReason":"interval","frozen":false,"last":true}
{"ok":true,"cmd":"get","var":"wrPosbar","bufPctRaw":8,"bufPctSmoothed":8,"bufPctDrawn":32,"redraws":24,"sinceLastRedrawMs":141,"lastSkipReason":"interval","frozen":false,"last":true}
{"ok":true,"cmd":"get","var":"wrPosbar","bufPctRaw":8,"bufPctSmoothed":8,"bufPctDrawn":32,"redraws":24,"sinceLastRedrawMs":163,"lastSkipReason":"interval","frozen":false,"last":true}
{"ok":true,"cmd":"get","var":"wrPosbar","bufPctRaw":8,"bufPctSmoothed":8,"bufPctDrawn":32,"redraws":24,"sinceLastRedrawMs":185,"lastSkipReason":"interval","frozen":false,"last":true}
{"ok":true,"cmd":"get","var":"wrPosbar","bufPctRaw":8,"bufPctSmoothed":8,"bufPctDrawn":30,"redraws":25,"sinceLastRedrawMs":7,"lastSkipReason":"interval","frozen":false,"last":true}
{"ok":true,"cmd":"get","var":"wrPosbar","bufPctRaw":8,"bufPctSmoothed":8,"bufPctDrawn":30,"redraws":25,"sinceLastRedrawMs":29,"lastSkipReason":"interval","frozen":false,"last":true}
{"ok":true,"cmd":"get","var":"wrPosbar","bufPctRaw":8,"bufPctSmoothed":8,"bufPctDrawn":30,"redraws":25,"sinceLastRedrawMs":51,"lastSkipReason":"interval","frozen":false,"last":true}
{"ok":true,"cmd":"get","var":"wrPosbar","bufPctRaw":8,"bufPctSmoothed":8,"bufPctDrawn":30,"redraws":25,"sinceLastRedrawMs":73,"lastSkipReason":"interval","frozen":false,"last":true}
{"ok":true,"cmd":"get","var":"wrPosbar","bufPctRaw":8,"bufPctSmoothed":8,"bufPctDrawn":30,"redraws":25,"sinceLastRedrawMs":95,"lastSkipReason":"interval","frozen":false,"last":true}
{"ok":true,"cmd":"get","var":"wrPosbar","bufPctRaw":4,"bufPctSmoothed":5,"bufPctDrawn":30,"redraws":25,"sinceLastRedrawMs":117,"lastSkipReason":"interval","frozen":false,"last":true}
[I][webradio] audio_info: slow stream, dropouts are possible
{"ok":true,"cmd":"get","var":"wrPosbar","bufPctRaw":4,"bufPctSmoothed":4,"bufPctDrawn":30,"redraws":25,"sinceLastRedrawMs":138,"lastSkipReason":"interval","frozen":false,"last":true}
{"ok":true,"cmd":"get","var":"wrPosbar","bufPctRaw":4,"bufPctSmoothed":4,"bufPctDrawn":30,"redraws":25,"sinceLastRedrawMs":160,"lastSkipReason":"interval","frozen":false,"last":true}
{"ok":true,"cmd":"get","var":"wrPosbar","bufPctRaw":4,"bufPctSmoothed":4,"bufPctDrawn":30,"redraws":25,"sinceLastRedrawMs":182,"lastSkipReason":"interval","frozen":false,"last":true}
{"ok":true,"cmd":"get","var":"wrPosbar","bufPctRaw":4,"bufPctSmoothed":4,"bufPctDrawn":28,"redraws":26,"sinceLastRedrawMs":5,"lastSkipReason":"interval","frozen":false,"last":true}
{"ok":true,"cmd":"get","var":"wrPosbar","bufPctRaw":4,"bufPctSmoothed":4,"bufPctDrawn":28,"redraws":26,"sinceLastRedrawMs":27,"lastSkipReason":"interval","frozen":false,"last":true}
{"ok":true,"cmd":"get","var":"wrPosbar","bufPctRaw":4,"bufPctSmoothed":4,"bufPctDrawn":28,"redraws":26,"sinceLastRedrawMs":49,"lastSkipReason":"interval","frozen":false,"last":true}
{"ok":true,"cmd":"get","var":"wrPosbar","bufPctRaw":4,"bufPctSmoothed":4,"bufPctDrawn":28,"redraws":26,"sinceLastRedrawMs":71,"lastSkipReason":"interval","frozen":false,"last":true}
{"ok":true,"cmd":"get","var":"wrPosbar","bufPctRaw":4,"bufPctSmoothed":4,"bufPctDrawn":28,"redraws":26,"sinceLastRedrawMs":93,"lastSkipReason":"interval","frozen":false,"last":true}
{"ok":true,"cmd":"get","var":"wrPosbar","bufPctRaw":0,"bufPctSmoothed":2,"bufPctDrawn":28,"redraws":26,"sinceLastRedrawMs":115,"lastSkipReason":"interval","frozen":false,"last":true}
{"ok":true,"cmd":"get","var":"wrPosbar","bufPctRaw":0,"bufPctSmoothed":0,"bufPctDrawn":28,"redraws":26,"sinceLastRedrawMs":137,"lastSkipReason":"interval","frozen":false,"last":true}
{"ok":true,"cmd":"get","var":"wrPosbar","bufPctRaw":0,"bufPctSmoothed":0,"bufPctDrawn":28,"redraws":26,"sinceLastRedrawMs":159,"lastSkipReason":"interval","frozen":false,"last":true}
{"ok":true,"cmd":"get","var":"wrPosbar","bufPctRaw":0,"bufPctSmoothed":0,"bufPctDrawn":28,"redraws":26,"sinceLastRedrawMs":181,"lastSkipReason":"interval","frozen":false,"last":true}
{"ok":true,"cmd":"get","var":"wrPosbar","bufPctRaw":0,"bufPctSmoothed":0,"bufPctDrawn":26,"redraws":27,"sinceLastRedrawMs":2,"lastSkipReason":"none","frozen":false,"last":true}
{"ok":true,"cmd":"get","var":"wrPosbar","bufPctRaw":0,"bufPctSmoothed":0,"bufPctDrawn":26,"redraws":27,"sinceLastRedrawMs":24,"lastSkipReason":"interval","frozen":false,"last":true}
{"ok":true,"cmd":"get","var":"wrPosbar","bufPctRaw":0,"bufPctSmoothed":0,"bufPctDrawn":26,"redraws":27,"sinceLastRedrawMs":46,"lastSkipReason":"interval","frozen":false,"last":true}
{"ok":true,"cmd":"get","var":"wrPosbar","bufPctRaw":0,"bufPctSmoothed":0,"bufPctDrawn":26,"redraws":27,"sinceLastRedrawMs":69,"lastSkipReason":"interval","frozen":false,"last":true}
{"ok":true,"cmd":"get","var":"wrPosbar","bufPctRaw":0,"bufPctSmoothed":0,"bufPctDrawn":26,"redraws":27,"sinceLastRedrawMs":91,"lastSkipReason":"interval","frozen":false,"last":true}
{"ok":true,"cmd":"get","var":"wrPosbar","bufPctRaw":0,"bufPctSmoothed":0,"bufPctDrawn":26,"redraws":27,"sinceLastRedrawMs":113,"lastSkipReason":"interval","frozen":false,"last":true}
{"ok":true,"cmd":"get","var":"wrPosbar","bufPctRaw":0,"bufPctSmoothed":0,"bufPctDrawn":26,"redraws":27,"sinceLastRedrawMs":137,"lastSkipReason":"interval","frozen":false,"last":true}
{"ok":true,"cmd":"get","var":"wrPosbar","bufPctRaw":0,"bufPctSmoothed":0,"bufPctDrawn":26,"redraws":27,"sinceLastRedrawMs":162,"lastSkipReason":"interval","frozen":false,"last":true}
{"ok":true,"cmd":"get","var":"wrPosbar","bufPctRaw":0,"bufPctSmoothed":0,"bufPctDrawn":26,"redraws":27,"sinceLastRedrawMs":184,"lastSkipReason":"interval","frozen":false,"last":true}
{"ok":true,"cmd":"get","var":"wrPosbar","bufPctRaw":0,"bufPctSmoothed":0,"bufPctDrawn":24,"redraws":28,"sinceLastRedrawMs":7,"lastSkipReason":"interval","frozen":false,"last":true}
{"ok":true,"cmd":"get","var":"wrPosbar","bufPctRaw":0,"bufPctSmoothed":0,"bufPctDrawn":24,"redraws":28,"sinceLastRedrawMs":29,"lastSkipReason":"interval","frozen":false,"last":true}
{"ok":true,"cmd":"get","var":"wrPosbar","bufPctRaw":0,"bufPctSmoothed":0,"bufPctDrawn":24,"redraws":28,"sinceLastRedrawMs":51,"lastSkipReason":"interval","frozen":false,"last":true}
{"ok":true,"cmd":"get","var":"wrPosbar","bufPctRaw":0,"bufPctSmoothed":0,"bufPctDrawn":24,"redraws":28,"sinceLastRedrawMs":73,"lastSkipReason":"interval","frozen":false,"last":true}
{"ok":true,"cmd":"get","var":"wrPosbar","bufPctRaw":0,"bufPctSmoothed":0,"bufPctDrawn":24,"redraws":28,"sinceLastRedrawMs":95,"lastSkipReason":"interval","frozen":false,"last":true}
{"ok":true,"cmd":"get","var":"wrPosbar","bufPctRaw":0,"bufPctSmoothed":0,"bufPctDrawn":24,"redraws":28,"sinceLastRedrawMs":117,"lastSkipReason":"interval","frozen":false,"last":true}
{"ok":true,"cmd":"get","var":"wrPosbar","bufPctRaw":0,"bufPctSmoothed":0,"bufPctDrawn":24,"redraws":28,"sinceLastRedrawMs":139,"lastSkipReason":"interval","frozen":false,"last":true}
{"ok":true,"cmd":"get","var":"wrPosbar","bufPctRaw":0,"bufPctSmoothed":0,"bufPctDrawn":24,"redraws":28,"sinceLastRedrawMs":161,"lastSkipReason":"interval","frozen":false,"last":true}
{"ok":true,"cmd":"get","var":"wrPosbar","bufPctRaw":0,"bufPctSmoothed":0,"bufPctDrawn":24,"redraws":28,"sinceLastRedrawMs":184,"lastSkipReason":"interval","frozen":false,"last":true}
{"ok":true,"cmd":"get","var":"wrPosbar","bufPctRaw":0,"bufPctSmoothed":0,"bufPctDrawn":22,"redraws":29,"sinceLastRedrawMs":6,"lastSkipReason":"interval","frozen":false,"last":true}
{"ok":true,"cmd":"get","var":"wrPosbar","bufPctRaw":0,"bufPctSmoothed":0,"bufPctDrawn":22,"redraws":29,"sinceLastRedrawMs":28,"lastSkipReason":"interval","frozen":false,"last":true}
{"ok":true,"cmd":"get","var":"wrPosbar","bufPctRaw":0,"bufPctSmoothed":0,"bufPctDrawn":22,"redraws":29,"sinceLastRedrawMs":50,"lastSkipReason":"interval","frozen":false,"last":true}
{"ok":true,"cmd":"get","var":"wrPosbar","bufPctRaw":0,"bufPctSmoothed":0,"bufPctDrawn":22,"redraws":29,"sinceLastRedrawMs":72,"lastSkipReason":"interval","frozen":false,"last":true}
{"ok":true,"cmd":"get","var":"wrPosbar","bufPctRaw":0,"bufPctSmoothed":0,"bufPctDrawn":22,"redraws":29,"sinceLastRedrawMs":95,"lastSkipReason":"interval","frozen":false,"last":true}
{"ok":true,"cmd":"get","var":"wrPosbar","bufPctRaw":0,"bufPctSmoothed":0,"bufPctDrawn":22,"redraws":29,"sinceLastRedrawMs":117,"lastSkipReason":"interval","frozen":false,"last":true}
{"ok":true,"cmd":"get","var":"wrPosbar","bufPctRaw":0,"bufPctSmoothed":0,"bufPctDrawn":22,"redraws":29,"sinceLastRedrawMs":139,"lastSkipReason":"interval","frozen":false,"last":true}
{"ok":true,"cmd":"get","var":"wrPosbar","bufPctRaw":0,"bufPctSmoothed":0,"bufPctDrawn":22,"redraws":29,"sinceLastRedrawMs":161,"lastSkipReason":"interval","frozen":false,"last":true}
{"ok":true,"cmd":"get","var":"wrPosbar","bufPctRaw":0,"bufPctSmoothed":0,"bufPctDrawn":22,"redraws":29,"sinceLastRedrawMs":183,"lastSkipReason":"interval","frozen":false,"last":true}
[W][webradio] stream dead (isRunning=1 for 0ms, bufStalled for 5010ms) — stop + resume Spotify TLS
[I][webradio] stall idx=0 — retrying once
[I][spotify.tls] tls yield — resumed
[D][chrome] drawVolume pct=100 keyframe=4
[D][chrome] drawVolume pct=100 keyframe=4
[W][perf] iter=93ms (worst path so far: wr.connect:184ms)
{"ok":true,"cmd":"get","var":"wrPosbar","bufPctRaw":0,"bufPctSmoothed":0,"bufPctDrawn":22,"redraws":29,"sinceLastRedrawMs":277,"lastSkipReason":"interval","frozen":false,"last":true}
[I][webradio] play idx=0 name=Radio 10 url=http://playerservices.streamtheworld.com/api/livestream-redirect/RADIO10.mp3
[I][spotify.tls] tls yield — client stopped
[membudget] TASK-267 _play pre-acquire lfbInt=42996 freeInt=46956
[I][webradio] HEAP pre-connect free=46956 min=44448 maxAlloc=42996
[membudget] CP1-pre-connect skip=0 freeInt=46956 lfbInt=42996 freeDma=3812 lfbDma=2292
[W][perf] iter=467ms (worst path so far: app.tick:452ms)
{"ok":true,"cmd":"get","var":"wrPosbar","bufPctRaw":0,"bufPctSmoothed":0,"bufPctDrawn":22,"redraws":29,"sinceLastRedrawMs":744,"lastSkipReason":"interval","frozen":false,"last":true}
[I][webradio] audio_info: buffers freed, free Heap: 48436 bytes
[I][webradio] audio_info: Connect to new host: "http://playerservices.streamtheworld.com/api/livestream-redirect/RADIO10.mp3"
{"ok":true,"cmd":"get","var":"wrPosbar","bufPctRaw":0,"bufPctSmoothed":0,"bufPctDrawn":22,"redraws":29,"sinceLastRedrawMs":788,"lastSkipReason":"interval","frozen":false,"last":true}
[D][chrome] drawVolume pct=100 keyframe=4
[D][chrome] drawVolume pct=100 keyframe=4
[W][perf] iter=129ms (worst path so far: app.tick:452ms)
{"ok":true,"cmd":"get","var":"wrPosbar","bufPctRaw":0,"bufPctSmoothed":0,"bufPctDrawn":22,"redraws":29,"sinceLastRedrawMs":873,"lastSkipReason":"interval","frozen":false,"last":true}
{"ok":true,"cmd":"get","var":"wrPosbar","bufPctRaw":0,"bufPctSmoothed":0,"bufPctDrawn":22,"redraws":29,"sinceLastRedrawMs":898,"lastSkipReason":"interval","frozen":false,"last":true}
[I][webradio] audio_info: Connection has been established in 121 ms, free Heap: 47676 bytes
{"ok":true,"cmd":"get","var":"wrPosbar","bufPctRaw":0,"bufPctSmoothed":0,"bufPctDrawn":22,"redraws":29,"sinceLastRedrawMs":922,"lastSkipReason":"interval","frozen":false,"last":true}
[D][chrome] drawVolume pct=100 keyframe=4
[D][chrome] drawVolume pct=100 keyframe=4
[W][perf] iter=107ms (worst path so far: app.tick:452ms)
{"ok":true,"cmd":"get","var":"wrPosbar","bufPctRaw":0,"bufPctSmoothed":0,"bufPctDrawn":0,"redraws":29,"sinceLastRedrawMs":73,"lastSkipReason":"converged","frozen":false,"last":true}
{"ok":true,"cmd":"get","var":"wrPosbar","bufPctRaw":0,"bufPctSmoothed":0,"bufPctDrawn":0,"redraws":29,"sinceLastRedrawMs":97,"lastSkipReason":"interval","frozen":false,"last":true}
{"ok":true,"cmd":"get","var":"wrPosbar","bufPctRaw":0,"bufPctSmoothed":0,"bufPctDrawn":0,"redraws":29,"sinceLastRedrawMs":119,"lastSkipReason":"interval","frozen":false,"last":true}
{"ok":true,"cmd":"set","var":"wrBufPct","val":"95"}
[I][webradio] audio_info: redirect to new host "http://25703.live.streamtheworld.com:80/RADIO10.mp3"
[I][webradio] audio_info: buffers freed, free Heap: 48408 bytes
[I][webradio] audio_info: Connect to new host: "http://25703.live.streamtheworld.com:80/RADIO10.mp3"
[W][perf] iter=52ms (worst path so far: app.tick:452ms)
{"ok":true,"cmd":"set","var":"wrPosbarSimDrain","val":"95,1"}
[I][webradio] audio_info: Connection has been established in 63 ms, free Heap: 47360 bytes
[W][perf] iter=58ms (worst path so far: app.tick:452ms)
{"ok":true,"cmd":"get","var":"wrPosbar","bufPctRaw":95,"bufPctSmoothed":44,"bufPctDrawn":93,"redraws":30,"sinceLastRedrawMs":54,"lastSkipReason":"none","frozen":false,"last":true}
{"ok":true,"cmd":"get","var":"wrPosbar","bufPctRaw":95,"bufPctSmoothed":91,"bufPctDrawn":93,"redraws":30,"sinceLastRedrawMs":81,"lastSkipReason":"interval","frozen":false,"last":true}
{"ok":true,"cmd":"get","var":"wrPosbar","bufPctRaw":95,"bufPctSmoothed":94,"bufPctDrawn":93,"redraws":30,"sinceLastRedrawMs":103,"lastSkipReason":"interval","frozen":false,"last":true}
{"ok":true,"cmd":"get","var":"wrPosbar","bufPctRaw":95,"bufPctSmoothed":95,"bufPctDrawn":93,"redraws":30,"sinceLastRedrawMs":125,"lastSkipReason":"interval","frozen":false,"last":true}
{"ok":true,"cmd":"get","var":"wrPosbar","bufPctRaw":95,"bufPctSmoothed":95,"bufPctDrawn":93,"redraws":30,"sinceLastRedrawMs":147,"lastSkipReason":"interval","frozen":false,"last":true}
{"ok":true,"cmd":"get","var":"wrPosbar","bufPctRaw":95,"bufPctSmoothed":95,"bufPctDrawn":93,"redraws":30,"sinceLastRedrawMs":170,"lastSkipReason":"interval","frozen":false,"last":true}
{"ok":true,"cmd":"get","var":"wrPosbar","bufPctRaw":95,"bufPctSmoothed":95,"bufPctDrawn":93,"redraws":30,"sinceLastRedrawMs":193,"lastSkipReason":"interval","frozen":false,"last":true}
{"ok":true,"cmd":"get","var":"wrPosbar","bufPctRaw":94,"bufPctSmoothed":94,"bufPctDrawn":95,"redraws":31,"sinceLastRedrawMs":10,"lastSkipReason":"interval","frozen":true,"last":true}
{"ok":true,"cmd":"get","var":"wrPosbar","bufPctRaw":94,"bufPctSmoothed":94,"bufPctDrawn":95,"redraws":31,"sinceLastRedrawMs":32,"lastSkipReason":"interval","frozen":true,"last":true}
{"ok":true,"cmd":"get","var":"wrPosbar","bufPctRaw":94,"bufPctSmoothed":94,"bufPctDrawn":95,"redraws":31,"sinceLastRedrawMs":54,"lastSkipReason":"interval","frozen":true,"last":true}
{"ok":true,"cmd":"get","var":"wrPosbar","bufPctRaw":94,"bufPctSmoothed":94,"bufPctDrawn":95,"redraws":31,"sinceLastRedrawMs":76,"lastSkipReason":"interval","frozen":true,"last":true}
{"ok":true,"cmd":"get","var":"wrPosbar","bufPctRaw":94,"bufPctSmoothed":94,"bufPctDrawn":95,"redraws":31,"sinceLastRedrawMs":99,"lastSkipReason":"interval","frozen":true,"last":true}
{"ok":true,"cmd":"get","var":"wrPosbar","bufPctRaw":94,"bufPctSmoothed":94,"bufPctDrawn":95,"redraws":31,"sinceLastRedrawMs":121,"lastSkipReason":"interval","frozen":true,"last":true}
{"ok":true,"cmd":"get","var":"wrPosbar","bufPctRaw":94,"bufPctSmoothed":94,"bufPctDrawn":95,"redraws":31,"sinceLastRedrawMs":143,"lastSkipReason":"interval","frozen":true,"last":true}
{"ok":true,"cmd":"get","var":"wrPosbar","bufPctRaw":94,"bufPctSmoothed":94,"bufPctDrawn":95,"redraws":31,"sinceLastRedrawMs":165,"lastSkipReason":"interval","frozen":true,"last":true}
{"ok":true,"cmd":"get","var":"wrPosbar","bufPctRaw":94,"bufPctSmoothed":94,"bufPctDrawn":95,"redraws":31,"sinceLastRedrawMs":188,"lastSkipReason":"interval","frozen":true,"last":true}
{"ok":true,"cmd":"get","var":"wrPosbar","bufPctRaw":93,"bufPctSmoothed":93,"bufPctDrawn":95,"redraws":31,"sinceLastRedrawMs":10,"lastSkipReason":"interval","frozen":true,"last":true}
{"ok":true,"cmd":"get","var":"wrPosbar","bufPctRaw":93,"bufPctSmoothed":93,"bufPctDrawn":95,"redraws":31,"sinceLastRedrawMs":32,"lastSkipReason":"interval","frozen":true,"last":true}
{"ok":true,"cmd":"get","var":"wrPosbar","bufPctRaw":93,"bufPctSmoothed":93,"bufPctDrawn":95,"redraws":31,"sinceLastRedrawMs":54,"lastSkipReason":"interval","frozen":true,"last":true}
{"ok":true,"cmd":"get","var":"wrPosbar","bufPctRaw":93,"bufPctSmoothed":93,"bufPctDrawn":95,"redraws":31,"sinceLastRedrawMs":76,"lastSkipReason":"interval","frozen":true,"last":true}
{"ok":true,"cmd":"get","var":"wrPosbar","bufPctRaw":93,"bufPctSmoothed":93,"bufPctDrawn":95,"redraws":31,"sinceLastRedrawMs":98,"lastSkipReason":"interval","frozen":true,"last":true}
{"ok":true,"cmd":"get","var":"wrPosbar","bufPctRaw":93,"bufPctSmoothed":93,"bufPctDrawn":95,"redraws":31,"sinceLastRedrawMs":121,"lastSkipReason":"interval","frozen":true,"last":true}
{"ok":true,"cmd":"get","var":"wrPosbar","bufPctRaw":93,"bufPctSmoothed":93,"bufPctDrawn":95,"redraws":31,"sinceLastRedrawMs":143,"lastSkipReason":"interval","frozen":true,"last":true}
{"ok":true,"cmd":"get","var":"wrPosbar","bufPctRaw":93,"bufPctSmoothed":93,"bufPctDrawn":95,"redraws":31,"sinceLastRedrawMs":165,"lastSkipReason":"interval","frozen":true,"last":true}
{"ok":true,"cmd":"get","var":"wrPosbar","bufPctRaw":93,"bufPctSmoothed":93,"bufPctDrawn":95,"redraws":31,"sinceLastRedrawMs":188,"lastSkipReason":"interval","frozen":true,"last":true}
{"ok":true,"cmd":"get","var":"wrPosbar","bufPctRaw":92,"bufPctSmoothed":92,"bufPctDrawn":95,"redraws":31,"sinceLastRedrawMs":10,"lastSkipReason":"interval","frozen":true,"last":true}
{"ok":true,"cmd":"get","var":"wrPosbar","bufPctRaw":92,"bufPctSmoothed":92,"bufPctDrawn":95,"redraws":31,"sinceLastRedrawMs":32,"lastSkipReason":"interval","frozen":true,"last":true}
{"ok":true,"cmd":"get","var":"wrPosbar","bufPctRaw":92,"bufPctSmoothed":92,"bufPctDrawn":95,"redraws":31,"sinceLastRedrawMs":54,"lastSkipReason":"interval","frozen":true,"last":true}
{"ok":true,"cmd":"get","var":"wrPosbar","bufPctRaw":92,"bufPctSmoothed":92,"bufPctDrawn":95,"redraws":31,"sinceLastRedrawMs":76,"lastSkipReason":"interval","frozen":true,"last":true}
{"ok":true,"cmd":"get","var":"wrPosbar","bufPctRaw":92,"bufPctSmoothed":92,"bufPctDrawn":95,"redraws":31,"sinceLastRedrawMs":98,"lastSkipReason":"interval","frozen":true,"last":true}
{"ok":true,"cmd":"get","var":"wrPosbar","bufPctRaw":92,"bufPctSmoothed":92,"bufPctDrawn":95,"redraws":31,"sinceLastRedrawMs":121,"lastSkipReason":"interval","frozen":true,"last":true}
{"ok":true,"cmd":"get","var":"wrPosbar","bufPctRaw":92,"bufPctSmoothed":92,"bufPctDrawn":95,"redraws":31,"sinceLastRedrawMs":143,"lastSkipReason":"interval","frozen":true,"last":true}
{"ok":true,"cmd":"get","var":"wrPosbar","bufPctRaw":92,"bufPctSmoothed":92,"bufPctDrawn":95,"redraws":31,"sinceLastRedrawMs":165,"lastSkipReason":"interval","frozen":true,"last":true}
{"ok":true,"cmd":"get","var":"wrPosbar","bufPctRaw":92,"bufPctSmoothed":92,"bufPctDrawn":95,"redraws":31,"sinceLastRedrawMs":187,"lastSkipReason":"interval","frozen":true,"last":true}
{"ok":true,"cmd":"get","var":"wrPosbar","bufPctRaw":91,"bufPctSmoothed":91,"bufPctDrawn":95,"redraws":31,"sinceLastRedrawMs":9,"lastSkipReason":"interval","frozen":true,"last":true}
{"ok":true,"cmd":"get","var":"wrPosbar","bufPctRaw":91,"bufPctSmoothed":91,"bufPctDrawn":95,"redraws":31,"sinceLastRedrawMs":32,"lastSkipReason":"interval","frozen":true,"last":true}
{"ok":true,"cmd":"get","var":"wrPosbar","bufPctRaw":91,"bufPctSmoothed":91,"bufPctDrawn":95,"redraws":31,"sinceLastRedrawMs":54,"lastSkipReason":"interval","frozen":true,"last":true}
{"ok":true,"cmd":"get","var":"wrPosbar","bufPctRaw":91,"bufPctSmoothed":91,"bufPctDrawn":95,"redraws":31,"sinceLastRedrawMs":76,"lastSkipReason":"interval","frozen":true,"last":true}
{"ok":true,"cmd":"get","var":"wrPosbar","bufPctRaw":91,"bufPctSmoothed":91,"bufPctDrawn":95,"redraws":31,"sinceLastRedrawMs":98,"lastSkipReason":"interval","frozen":true,"last":true}
{"ok":true,"cmd":"get","var":"wrPosbar","bufPctRaw":91,"bufPctSmoothed":91,"bufPctDrawn":95,"redraws":31,"sinceLastRedrawMs":120,"lastSkipReason":"interval","frozen":true,"last":true}
{"ok":true,"cmd":"get","var":"wrPosbar","bufPctRaw":91,"bufPctSmoothed":91,"bufPctDrawn":95,"redraws":31,"sinceLastRedrawMs":143,"lastSkipReason":"interval","frozen":true,"last":true}
{"ok":true,"cmd":"get","var":"wrPosbar","bufPctRaw":91,"bufPctSmoothed":91,"bufPctDrawn":95,"redraws":31,"sinceLastRedrawMs":165,"lastSkipReason":"interval","frozen":true,"last":true}
{"ok":true,"cmd":"get","var":"wrPosbar","bufPctRaw":91,"bufPctSmoothed":91,"bufPctDrawn":95,"redraws":31,"sinceLastRedrawMs":187,"lastSkipReason":"interval","frozen":true,"last":true}
{"ok":true,"cmd":"get","var":"wrPosbar","bufPctRaw":90,"bufPctSmoothed":90,"bufPctDrawn":95,"redraws":31,"sinceLastRedrawMs":8,"lastSkipReason":"interval","frozen":true,"last":true}
{"ok":true,"cmd":"get","var":"wrPosbar","bufPctRaw":90,"bufPctSmoothed":90,"bufPctDrawn":95,"redraws":31,"sinceLastRedrawMs":30,"lastSkipReason":"interval","frozen":true,"last":true}
{"ok":true,"cmd":"get","var":"wrPosbar","bufPctRaw":90,"bufPctSmoothed":90,"bufPctDrawn":95,"redraws":31,"sinceLastRedrawMs":53,"lastSkipReason":"interval","frozen":true,"last":true}
{"ok":true,"cmd":"get","var":"wrPosbar","bufPctRaw":90,"bufPctSmoothed":90,"bufPctDrawn":95,"redraws":31,"sinceLastRedrawMs":75,"lastSkipReason":"interval","frozen":true,"last":true}
{"ok":true,"cmd":"get","var":"wrPosbar","bufPctRaw":90,"bufPctSmoothed":90,"bufPctDrawn":95,"redraws":31,"sinceLastRedrawMs":98,"lastSkipReason":"interval","frozen":true,"last":true}
{"ok":true,"cmd":"get","var":"wrPosbar","bufPctRaw":90,"bufPctSmoothed":90,"bufPctDrawn":95,"redraws":31,"sinceLastRedrawMs":120,"lastSkipReason":"interval","frozen":true,"last":true}
{"ok":true,"cmd":"get","var":"wrPosbar","bufPctRaw":90,"bufPctSmoothed":90,"bufPctDrawn":95,"redraws":31,"sinceLastRedrawMs":142,"lastSkipReason":"interval","frozen":true,"last":true}
{"ok":true,"cmd":"get","var":"wrPosbar","bufPctRaw":90,"bufPctSmoothed":90,"bufPctDrawn":95,"redraws":31,"sinceLastRedrawMs":165,"lastSkipReason":"interval","frozen":true,"last":true}
{"ok":true,"cmd":"get","var":"wrPosbar","bufPctRaw":90,"bufPctSmoothed":90,"bufPctDrawn":95,"redraws":31,"sinceLastRedrawMs":187,"lastSkipReason":"interval","frozen":true,"last":true}
[I][webradio] audio_info: icy-name: Radio 10
[mbdbg] helix alloc: DecInfo=0x3ffef490(2000) FHdr=0x3ffefc60(44) SI=0x3ffefc8c(40) SFJS=0x3ffefcb4(36) Huff=0x3ffefcd8(4624) Deq=0x3fff0ee8(792) IMDCT=0x3fff1200(6944) Sub=0x3fff2d20(8708) FInfo=0x3fff4f24(28)
[I][webradio] audio_info: MP3Decoder has been initialized, free Heap: 49012 bytes
[membudget] CP2-decoder-init freeInt=49012 lfbInt=42996 freeDma=5868 lfbDma=2420 arenaHWM=23216
[W][perf] iter=54ms (worst path so far: app.tick:452ms)
{"ok":true,"cmd":"get","var":"wrPosbar","bufPctRaw":89,"bufPctSmoothed":89,"bufPctDrawn":95,"redraws":31,"sinceLastRedrawMs":64,"lastSkipReason":"interval","frozen":true,"last":true}
[I][webradio] audio_info: slow stream, dropouts are possible
[I][webradio] audio_info: stream ready
{"ok":true,"cmd":"get","var":"wrPosbar","bufPctRaw":89,"bufPctSmoothed":89,"bufPctDrawn":95,"redraws":31,"sinceLastRedrawMs":93,"lastSkipReason":"interval","frozen":true,"last":true}
[I][webradio] audio_info: syncword found at pos 0
[I][webradio] audio_info: Channels: 2
[I][webradio] audio_info: SampleRate: 44100
[I][webradio] audio_info: BitsPerSample: 16
[I][webradio] audio_info: BitRate: 128000
{"ok":true,"cmd":"get","var":"wrPosbar","bufPctRaw":89,"bufPctSmoothed":89,"bufPctDrawn":95,"redraws":31,"sinceLastRedrawMs":148,"lastSkipReason":"interval","frozen":true,"last":true}
[W][perf] iter=53ms (worst path so far: app.tick:452ms)
{"ok":true,"cmd":"get","var":"wrPosbar","bufPctRaw":89,"bufPctSmoothed":89,"bufPctDrawn":95,"redraws":31,"sinceLastRedrawMs":202,"lastSkipReason":"interval","frozen":true,"last":true}
{"ok":true,"cmd":"get","var":"wrPosbar","bufPctRaw":88,"bufPctSmoothed":89,"bufPctDrawn":95,"redraws":31,"sinceLastRedrawMs":25,"lastSkipReason":"interval","frozen":true,"last":true}
{"ok":true,"cmd":"get","var":"wrPosbar","bufPctRaw":88,"bufPctSmoothed":88,"bufPctDrawn":95,"redraws":31,"sinceLastRedrawMs":70,"lastSkipReason":"interval","frozen":true,"last":true}
{"ok":true,"cmd":"get","var":"wrPosbar","bufPctRaw":88,"bufPctSmoothed":88,"bufPctDrawn":95,"redraws":31,"sinceLastRedrawMs":108,"lastSkipReason":"interval","frozen":true,"last":true}
{"ok":true,"cmd":"get","var":"wrPosbar","bufPctRaw":88,"bufPctSmoothed":88,"bufPctDrawn":95,"redraws":31,"sinceLastRedrawMs":153,"lastSkipReason":"interval","frozen":true,"last":true}
{"ok":true,"cmd":"get","var":"wrPosbar","bufPctRaw":88,"bufPctSmoothed":88,"bufPctDrawn":95,"redraws":31,"sinceLastRedrawMs":185,"lastSkipReason":"interval","frozen":true,"last":true}
{"ok":true,"cmd":"get","var":"wrPosbar","bufPctRaw":87,"bufPctSmoothed":87,"bufPctDrawn":95,"redraws":31,"sinceLastRedrawMs":28,"lastSkipReason":"interval","frozen":true,"last":true}
{"ok":true,"cmd":"get","var":"wrPosbar","bufPctRaw":87,"bufPctSmoothed":87,"bufPctDrawn":95,"redraws":31,"sinceLastRedrawMs":74,"lastSkipReason":"interval","frozen":true,"last":true}
{"ok":true,"cmd":"get","var":"wrPosbar","bufPctRaw":87,"bufPctSmoothed":87,"bufPctDrawn":95,"redraws":31,"sinceLastRedrawMs":132,"lastSkipReason":"interval","frozen":true,"last":true}
{"ok":true,"cmd":"get","var":"wrPosbar","bufPctRaw":87,"bufPctSmoothed":87,"bufPctDrawn":95,"redraws":31,"sinceLastRedrawMs":185,"lastSkipReason":"interval","frozen":true,"last":true}
{"ok":true,"cmd":"get","var":"wrPosbar","bufPctRaw":86,"bufPctSmoothed":87,"bufPctDrawn":95,"redraws":31,"sinceLastRedrawMs":29,"lastSkipReason":"interval","frozen":true,"last":true}
{"ok":true,"cmd":"get","var":"wrPosbar","bufPctRaw":86,"bufPctSmoothed":86,"bufPctDrawn":95,"redraws":31,"sinceLastRedrawMs":80,"lastSkipReason":"interval","frozen":true,"last":true}
{"ok":true,"cmd":"get","var":"wrPosbar","bufPctRaw":86,"bufPctSmoothed":86,"bufPctDrawn":95,"redraws":31,"sinceLastRedrawMs":132,"lastSkipReason":"interval","frozen":true,"last":true}
{"ok":true,"cmd":"get","var":"wrPosbar","bufPctRaw":86,"bufPctSmoothed":86,"bufPctDrawn":95,"redraws":31,"sinceLastRedrawMs":186,"lastSkipReason":"interval","frozen":true,"last":true}
{"ok":true,"cmd":"get","var":"wrPosbar","bufPctRaw":85,"bufPctSmoothed":86,"bufPctDrawn":95,"redraws":31,"sinceLastRedrawMs":25,"lastSkipReason":"interval","frozen":true,"last":true}
{"ok":true,"cmd":"get","var":"wrPosbar","bufPctRaw":85,"bufPctSmoothed":85,"bufPctDrawn":95,"redraws":31,"sinceLastRedrawMs":77,"lastSkipReason":"interval","frozen":true,"last":true}
{"ok":true,"cmd":"get","var":"wrPosbar","bufPctRaw":85,"bufPctSmoothed":85,"bufPctDrawn":95,"redraws":31,"sinceLastRedrawMs":129,"lastSkipReason":"interval","frozen":true,"last":true}
{"ok":true,"cmd":"get","var":"wrPosbar","bufPctRaw":85,"bufPctSmoothed":85,"bufPctDrawn":95,"redraws":31,"sinceLastRedrawMs":181,"lastSkipReason":"interval","frozen":true,"last":true}
{"ok":true,"cmd":"get","var":"wrPosbar","bufPctRaw":84,"bufPctSmoothed":85,"bufPctDrawn":95,"redraws":31,"sinceLastRedrawMs":24,"lastSkipReason":"interval","frozen":true,"last":true}
{"ok":true,"cmd":"get","var":"wrPosbar","bufPctRaw":84,"bufPctSmoothed":84,"bufPctDrawn":95,"redraws":31,"sinceLastRedrawMs":77,"lastSkipReason":"interval","frozen":true,"last":true}
{"ok":true,"cmd":"get","var":"wrPosbar","bufPctRaw":84,"bufPctSmoothed":84,"bufPctDrawn":95,"redraws":31,"sinceLastRedrawMs":128,"lastSkipReason":"interval","frozen":true,"last":true}
{"ok":true,"cmd":"get","var":"wrPosbar","bufPctRaw":84,"bufPctSmoothed":84,"bufPctDrawn":95,"redraws":31,"sinceLastRedrawMs":180,"lastSkipReason":"interval","frozen":true,"last":true}
{"ok":true,"cmd":"get","var":"wrPosbar","bufPctRaw":83,"bufPctSmoothed":84,"bufPctDrawn":95,"redraws":31,"sinceLastRedrawMs":30,"lastSkipReason":"interval","frozen":true,"last":true}
{"ok":true,"cmd":"get","var":"wrPosbar","bufPctRaw":83,"bufPctSmoothed":83,"bufPctDrawn":95,"redraws":31,"sinceLastRedrawMs":82,"lastSkipReason":"interval","frozen":true,"last":true}
{"ok":true,"cmd":"get","var":"wrPosbar","bufPctRaw":83,"bufPctSmoothed":83,"bufPctDrawn":95,"redraws":31,"sinceLastRedrawMs":124,"lastSkipReason":"interval","frozen":true,"last":true}
{"ok":true,"cmd":"get","var":"wrPosbar","bufPctRaw":83,"bufPctSmoothed":83,"bufPctDrawn":95,"redraws":31,"sinceLastRedrawMs":159,"lastSkipReason":"interval","frozen":true,"last":true}
{"ok":true,"cmd":"get","var":"wrPosbar","bufPctRaw":83,"bufPctSmoothed":83,"bufPctDrawn":95,"redraws":31,"sinceLastRedrawMs":189,"lastSkipReason":"interval","frozen":true,"last":true}
{"ok":true,"cmd":"get","var":"wrPosbar","bufPctRaw":82,"bufPctSmoothed":83,"bufPctDrawn":95,"redraws":31,"sinceLastRedrawMs":28,"lastSkipReason":"interval","frozen":true,"last":true}
{"ok":true,"cmd":"get","var":"wrPosbar","bufPctRaw":82,"bufPctSmoothed":82,"bufPctDrawn":95,"redraws":31,"sinceLastRedrawMs":81,"lastSkipReason":"interval","frozen":true,"last":true}
{"ok":true,"cmd":"get","var":"wrPosbar","bufPctRaw":82,"bufPctSmoothed":82,"bufPctDrawn":95,"redraws":31,"sinceLastRedrawMs":132,"lastSkipReason":"interval","frozen":true,"last":true}
{"ok":true,"cmd":"get","var":"wrPosbar","bufPctRaw":82,"bufPctSmoothed":82,"bufPctDrawn":95,"redraws":31,"sinceLastRedrawMs":175,"lastSkipReason":"interval","frozen":true,"last":true}
{"ok":true,"cmd":"get","var":"wrPosbar","bufPctRaw":81,"bufPctSmoothed":82,"bufPctDrawn":95,"redraws":31,"sinceLastRedrawMs":5,"lastSkipReason":"frozen","frozen":true,"last":true}
{"ok":true,"cmd":"get","var":"wrPosbar","bufPctRaw":81,"bufPctSmoothed":81,"bufPctDrawn":95,"redraws":31,"sinceLastRedrawMs":28,"lastSkipReason":"interval","frozen":true,"last":true}
{"ok":true,"cmd":"get","var":"wrPosbar","bufPctRaw":81,"bufPctSmoothed":81,"bufPctDrawn":95,"redraws":31,"sinceLastRedrawMs":50,"lastSkipReason":"interval","frozen":true,"last":true}
{"ok":true,"cmd":"get","var":"wrPosbar","bufPctRaw":81,"bufPctSmoothed":81,"bufPctDrawn":95,"redraws":31,"sinceLastRedrawMs":73,"lastSkipReason":"interval","frozen":true,"last":true}
{"ok":true,"cmd":"get","var":"wrPosbar","bufPctRaw":81,"bufPctSmoothed":81,"bufPctDrawn":95,"redraws":31,"sinceLastRedrawMs":97,"lastSkipReason":"interval","frozen":true,"last":true}
{"ok":true,"cmd":"get","var":"wrPosbar","bufPctRaw":81,"bufPctSmoothed":81,"bufPctDrawn":95,"redraws":31,"sinceLastRedrawMs":121,"lastSkipReason":"interval","frozen":true,"last":true}
{"ok":true,"cmd":"get","var":"wrPosbar","bufPctRaw":81,"bufPctSmoothed":81,"bufPctDrawn":95,"redraws":31,"sinceLastRedrawMs":145,"lastSkipReason":"interval","frozen":true,"last":true}
{"ok":true,"cmd":"get","var":"wrPosbar","bufPctRaw":81,"bufPctSmoothed":81,"bufPctDrawn":95,"redraws":31,"sinceLastRedrawMs":197,"lastSkipReason":"interval","frozen":true,"last":true}
{"ok":true,"cmd":"get","var":"wrPosbar","bufPctRaw":80,"bufPctSmoothed":81,"bufPctDrawn":95,"redraws":31,"sinceLastRedrawMs":20,"lastSkipReason":"interval","frozen":true,"last":true}
{"ok":true,"cmd":"get","var":"wrPosbar","bufPctRaw":80,"bufPctSmoothed":80,"bufPctDrawn":95,"redraws":31,"sinceLastRedrawMs":69,"lastSkipReason":"interval","frozen":true,"last":true}
{"ok":true,"cmd":"get","var":"wrPosbar","bufPctRaw":80,"bufPctSmoothed":80,"bufPctDrawn":95,"redraws":31,"sinceLastRedrawMs":113,"lastSkipReason":"interval","frozen":true,"last":true}
{"ok":true,"cmd":"get","var":"wrPosbar","bufPctRaw":80,"bufPctSmoothed":80,"bufPctDrawn":95,"redraws":31,"sinceLastRedrawMs":162,"lastSkipReason":"interval","frozen":true,"last":true}
{"ok":true,"cmd":"get","var":"wrPosbar","bufPctRaw":79,"bufPctSmoothed":80,"bufPctDrawn":95,"redraws":31,"sinceLastRedrawMs":5,"lastSkipReason":"frozen","frozen":true,"last":true}
{"ok":true,"cmd":"get","var":"wrPosbar","bufPctRaw":79,"bufPctSmoothed":80,"bufPctDrawn":95,"redraws":31,"sinceLastRedrawMs":37,"lastSkipReason":"interval","frozen":true,"last":true}
{"ok":true,"cmd":"get","var":"wrPosbar","bufPctRaw":79,"bufPctSmoothed":79,"bufPctDrawn":95,"redraws":31,"sinceLastRedrawMs":85,"lastSkipReason":"interval","frozen":true,"last":true}
{"ok":true,"cmd":"get","var":"wrPosbar","bufPctRaw":79,"bufPctSmoothed":79,"bufPctDrawn":95,"redraws":31,"sinceLastRedrawMs":117,"lastSkipReason":"interval","frozen":true,"last":true}
{"ok":true,"cmd":"get","var":"wrPosbar","bufPctRaw":79,"bufPctSmoothed":79,"bufPctDrawn":95,"redraws":31,"sinceLastRedrawMs":162,"lastSkipReason":"interval","frozen":true,"last":true}
{"ok":true,"cmd":"get","var":"wrPosbar","bufPctRaw":79,"bufPctSmoothed":79,"bufPctDrawn":95,"redraws":31,"sinceLastRedrawMs":190,"lastSkipReason":"interval","frozen":true,"last":true}
{"ok":true,"cmd":"get","var":"wrPosbar","bufPctRaw":78,"bufPctSmoothed":79,"bufPctDrawn":93,"redraws":32,"sinceLastRedrawMs":28,"lastSkipReason":"interval","frozen":false,"last":true}
{"ok":true,"cmd":"get","var":"wrPosbar","bufPctRaw":78,"bufPctSmoothed":78,"bufPctDrawn":93,"redraws":32,"sinceLastRedrawMs":80,"lastSkipReason":"interval","frozen":false,"last":true}
{"ok":true,"cmd":"get","var":"wrPosbar","bufPctRaw":78,"bufPctSmoothed":78,"bufPctDrawn":93,"redraws":32,"sinceLastRedrawMs":133,"lastSkipReason":"interval","frozen":false,"last":true}
{"ok":true,"cmd":"get","var":"wrPosbar","bufPctRaw":78,"bufPctSmoothed":78,"bufPctDrawn":93,"redraws":32,"sinceLastRedrawMs":185,"lastSkipReason":"interval","frozen":false,"last":true}
{"ok":true,"cmd":"get","var":"wrPosbar","bufPctRaw":77,"bufPctSmoothed":78,"bufPctDrawn":91,"redraws":33,"sinceLastRedrawMs":19,"lastSkipReason":"interval","frozen":false,"last":true}
{"ok":true,"cmd":"get","var":"wrPosbar","bufPctRaw":77,"bufPctSmoothed":77,"bufPctDrawn":91,"redraws":33,"sinceLastRedrawMs":52,"lastSkipReason":"interval","frozen":false,"last":true}
{"ok":true,"cmd":"get","var":"wrPosbar","bufPctRaw":77,"bufPctSmoothed":77,"bufPctDrawn":91,"redraws":33,"sinceLastRedrawMs":105,"lastSkipReason":"interval","frozen":false,"last":true}
{"ok":true,"cmd":"get","var":"wrPosbar","bufPctRaw":77,"bufPctSmoothed":77,"bufPctDrawn":91,"redraws":33,"sinceLastRedrawMs":152,"lastSkipReason":"interval","frozen":false,"last":true}
{"ok":true,"cmd":"get","var":"wrPosbar","bufPctRaw":77,"bufPctSmoothed":77,"bufPctDrawn":91,"redraws":33,"sinceLastRedrawMs":185,"lastSkipReason":"interval","frozen":false,"last":true}
{"ok":true,"cmd":"get","var":"wrPosbar","bufPctRaw":76,"bufPctSmoothed":77,"bufPctDrawn":89,"redraws":34,"sinceLastRedrawMs":29,"lastSkipReason":"interval","frozen":false,"last":true}
{"ok":true,"cmd":"get","var":"wrPosbar","bufPctRaw":76,"bufPctSmoothed":76,"bufPctDrawn":89,"redraws":34,"sinceLastRedrawMs":80,"lastSkipReason":"interval","frozen":false,"last":true}
{"ok":true,"cmd":"get","var":"wrPosbar","bufPctRaw":76,"bufPctSmoothed":76,"bufPctDrawn":89,"redraws":34,"sinceLastRedrawMs":133,"lastSkipReason":"interval","frozen":false,"last":true}
{"ok":true,"cmd":"get","var":"wrPosbar","bufPctRaw":76,"bufPctSmoothed":76,"bufPctDrawn":89,"redraws":34,"sinceLastRedrawMs":186,"lastSkipReason":"interval","frozen":false,"last":true}
{"ok":true,"cmd":"get","var":"wrPosbar","bufPctRaw":75,"bufPctSmoothed":76,"bufPctDrawn":87,"redraws":35,"sinceLastRedrawMs":25,"lastSkipReason":"interval","frozen":false,"last":true}
{"ok":true,"cmd":"get","var":"wrPosbar","bufPctRaw":75,"bufPctSmoothed":75,"bufPctDrawn":87,"redraws":35,"sinceLastRedrawMs":78,"lastSkipReason":"interval","frozen":false,"last":true}
{"ok":true,"cmd":"get","var":"wrPosbar","bufPctRaw":75,"bufPctSmoothed":75,"bufPctDrawn":87,"redraws":35,"sinceLastRedrawMs":108,"lastSkipReason":"interval","frozen":false,"last":true}
{"ok":true,"cmd":"get","var":"wrPosbar","bufPctRaw":75,"bufPctSmoothed":75,"bufPctDrawn":87,"redraws":35,"sinceLastRedrawMs":134,"lastSkipReason":"interval","frozen":false,"last":true}
{"ok":true,"cmd":"get","var":"wrPosbar","bufPctRaw":75,"bufPctSmoothed":75,"bufPctDrawn":87,"redraws":35,"sinceLastRedrawMs":200,"lastSkipReason":"interval","frozen":false,"last":true}
{"ok":true,"cmd":"get","var":"wrPosbar","bufPctRaw":74,"bufPctSmoothed":75,"bufPctDrawn":85,"redraws":36,"sinceLastRedrawMs":24,"lastSkipReason":"interval","frozen":false,"last":true}
{"ok":true,"cmd":"get","var":"wrPosbar","bufPctRaw":74,"bufPctSmoothed":74,"bufPctDrawn":85,"redraws":36,"sinceLastRedrawMs":70,"lastSkipReason":"interval","frozen":false,"last":true}
{"ok":true,"cmd":"get","var":"wrPosbar","bufPctRaw":74,"bufPctSmoothed":74,"bufPctDrawn":85,"redraws":36,"sinceLastRedrawMs":116,"lastSkipReason":"interval","frozen":false,"last":true}
{"ok":true,"cmd":"get","var":"wrPosbar","bufPctRaw":74,"bufPctSmoothed":74,"bufPctDrawn":85,"redraws":36,"sinceLastRedrawMs":168,"lastSkipReason":"interval","frozen":false,"last":true}
{"ok":true,"cmd":"get","var":"wrPosbar","bufPctRaw":74,"bufPctSmoothed":74,"bufPctDrawn":85,"redraws":36,"sinceLastRedrawMs":214,"lastSkipReason":"interval","frozen":false,"last":true}
{"ok":true,"cmd":"get","var":"wrPosbar","bufPctRaw":73,"bufPctSmoothed":74,"bufPctDrawn":83,"redraws":37,"sinceLastRedrawMs":28,"lastSkipReason":"interval","frozen":false,"last":true}
{"ok":true,"cmd":"get","var":"wrPosbar","bufPctRaw":73,"bufPctSmoothed":73,"bufPctDrawn":83,"redraws":37,"sinceLastRedrawMs":81,"lastSkipReason":"interval","frozen":false,"last":true}
{"ok":true,"cmd":"get","var":"wrPosbar","bufPctRaw":73,"bufPctSmoothed":73,"bufPctDrawn":83,"redraws":37,"sinceLastRedrawMs":133,"lastSkipReason":"interval","frozen":false,"last":true}
{"ok":true,"cmd":"get","var":"wrPosbar","bufPctRaw":73,"bufPctSmoothed":73,"bufPctDrawn":83,"redraws":37,"sinceLastRedrawMs":176,"lastSkipReason":"interval","frozen":false,"last":true}
{"ok":true,"cmd":"get","var":"wrPosbar","bufPctRaw":72,"bufPctSmoothed":73,"bufPctDrawn":81,"redraws":38,"sinceLastRedrawMs":3,"lastSkipReason":"none","frozen":false,"last":true}
{"ok":true,"cmd":"get","var":"wrPosbar","bufPctRaw":72,"bufPctSmoothed":72,"bufPctDrawn":81,"redraws":38,"sinceLastRedrawMs":35,"lastSkipReason":"interval","frozen":false,"last":true}
{"ok":true,"cmd":"get","var":"wrPosbar","bufPctRaw":72,"bufPctSmoothed":72,"bufPctDrawn":81,"redraws":38,"sinceLastRedrawMs":82,"lastSkipReason":"interval","frozen":false,"last":true}
{"ok":true,"cmd":"get","var":"wrPosbar","bufPctRaw":72,"bufPctSmoothed":72,"bufPctDrawn":81,"redraws":38,"sinceLastRedrawMs":113,"lastSkipReason":"interval","frozen":false,"last":true}
{"ok":true,"cmd":"get","var":"wrPosbar","bufPctRaw":72,"bufPctSmoothed":72,"bufPctDrawn":81,"redraws":38,"sinceLastRedrawMs":158,"lastSkipReason":"interval","frozen":false,"last":true}
{"ok":true,"cmd":"get","var":"wrPosbar","bufPctRaw":72,"bufPctSmoothed":72,"bufPctDrawn":81,"redraws":38,"sinceLastRedrawMs":189,"lastSkipReason":"interval","frozen":false,"last":true}
{"ok":true,"cmd":"get","var":"wrPosbar","bufPctRaw":71,"bufPctSmoothed":71,"bufPctDrawn":79,"redraws":39,"sinceLastRedrawMs":24,"lastSkipReason":"interval","frozen":false,"last":true}
{"ok":true,"cmd":"get","var":"wrPosbar","bufPctRaw":71,"bufPctSmoothed":71,"bufPctDrawn":79,"redraws":39,"sinceLastRedrawMs":82,"lastSkipReason":"interval","frozen":false,"last":true}
{"ok":true,"cmd":"get","var":"wrPosbar","bufPctRaw":71,"bufPctSmoothed":71,"bufPctDrawn":79,"redraws":39,"sinceLastRedrawMs":134,"lastSkipReason":"interval","frozen":false,"last":true}
{"ok":true,"cmd":"get","var":"wrPosbar","bufPctRaw":71,"bufPctSmoothed":71,"bufPctDrawn":79,"redraws":39,"sinceLastRedrawMs":186,"lastSkipReason":"interval","frozen":false,"last":true}
{"ok":true,"cmd":"get","var":"wrPosbar","bufPctRaw":70,"bufPctSmoothed":71,"bufPctDrawn":77,"redraws":40,"sinceLastRedrawMs":24,"lastSkipReason":"interval","frozen":false,"last":true}
{"ok":true,"cmd":"get","var":"wrPosbar","bufPctRaw":70,"bufPctSmoothed":70,"bufPctDrawn":77,"redraws":40,"sinceLastRedrawMs":71,"lastSkipReason":"interval","frozen":false,"last":true}
{"ok":true,"cmd":"get","var":"wrPosbar","bufPctRaw":70,"bufPctSmoothed":70,"bufPctDrawn":77,"redraws":40,"sinceLastRedrawMs":120,"lastSkipReason":"interval","frozen":false,"last":true}
{"ok":true,"cmd":"get","var":"wrPosbar","bufPctRaw":70,"bufPctSmoothed":70,"bufPctDrawn":77,"redraws":40,"sinceLastRedrawMs":154,"lastSkipReason":"interval","frozen":false,"last":true}
{"ok":true,"cmd":"get","var":"wrPosbar","bufPctRaw":70,"bufPctSmoothed":70,"bufPctDrawn":77,"redraws":40,"sinceLastRedrawMs":183,"lastSkipReason":"interval","frozen":false,"last":true}
{"ok":true,"cmd":"get","var":"wrPosbar","bufPctRaw":69,"bufPctSmoothed":69,"bufPctDrawn":75,"redraws":41,"sinceLastRedrawMs":31,"lastSkipReason":"interval","frozen":false,"last":true}
{"ok":true,"cmd":"get","var":"wrPosbar","bufPctRaw":69,"bufPctSmoothed":69,"bufPctDrawn":75,"redraws":41,"sinceLastRedrawMs":83,"lastSkipReason":"interval","frozen":false,"last":true}
{"ok":true,"cmd":"get","var":"wrPosbar","bufPctRaw":69,"bufPctSmoothed":69,"bufPctDrawn":75,"redraws":41,"sinceLastRedrawMs":130,"lastSkipReason":"interval","frozen":false,"last":true}
{"ok":true,"cmd":"get","var":"wrPosbar","bufPctRaw":69,"bufPctSmoothed":69,"bufPctDrawn":75,"redraws":41,"sinceLastRedrawMs":187,"lastSkipReason":"interval","frozen":false,"last":true}
{"ok":true,"cmd":"get","var":"wrPosbar","bufPctRaw":68,"bufPctSmoothed":69,"bufPctDrawn":73,"redraws":42,"sinceLastRedrawMs":21,"lastSkipReason":"interval","frozen":false,"last":true}
{"ok":true,"cmd":"get","var":"wrPosbar","bufPctRaw":68,"bufPctSmoothed":68,"bufPctDrawn":73,"redraws":42,"sinceLastRedrawMs":79,"lastSkipReason":"interval","frozen":false,"last":true}
{"ok":true,"cmd":"get","var":"wrPosbar","bufPctRaw":68,"bufPctSmoothed":68,"bufPctDrawn":73,"redraws":42,"sinceLastRedrawMs":132,"lastSkipReason":"interval","frozen":false,"last":true}
{"ok":true,"cmd":"get","var":"wrPosbar","bufPctRaw":68,"bufPctSmoothed":68,"bufPctDrawn":73,"redraws":42,"sinceLastRedrawMs":184,"lastSkipReason":"interval","frozen":false,"last":true}
{"ok":true,"cmd":"get","var":"wrPosbar","bufPctRaw":67,"bufPctSmoothed":68,"bufPctDrawn":71,"redraws":43,"sinceLastRedrawMs":26,"lastSkipReason":"interval","frozen":false,"last":true}
{"ok":true,"cmd":"get","var":"wrPosbar","bufPctRaw":67,"bufPctSmoothed":67,"bufPctDrawn":71,"redraws":43,"sinceLastRedrawMs":74,"lastSkipReason":"interval","frozen":false,"last":true}
{"ok":true,"cmd":"get","var":"wrPosbar","bufPctRaw":67,"bufPctSmoothed":67,"bufPctDrawn":71,"redraws":43,"sinceLastRedrawMs":132,"lastSkipReason":"interval","frozen":false,"last":true}
{"ok":true,"cmd":"get","var":"wrPosbar","bufPctRaw":67,"bufPctSmoothed":67,"bufPctDrawn":71,"redraws":43,"sinceLastRedrawMs":183,"lastSkipReason":"interval","frozen":false,"last":true}
{"ok":true,"cmd":"get","var":"wrPosbar","bufPctRaw":66,"bufPctSmoothed":67,"bufPctDrawn":69,"redraws":44,"sinceLastRedrawMs":25,"lastSkipReason":"interval","frozen":false,"last":true}
{"ok":true,"cmd":"get","var":"wrPosbar","bufPctRaw":66,"bufPctSmoothed":66,"bufPctDrawn":69,"redraws":44,"sinceLastRedrawMs":77,"lastSkipReason":"interval","frozen":false,"last":true}
{"ok":true,"cmd":"get","var":"wrPosbar","bufPctRaw":66,"bufPctSmoothed":66,"bufPctDrawn":69,"redraws":44,"sinceLastRedrawMs":124,"lastSkipReason":"interval","frozen":false,"last":true}
{"ok":true,"cmd":"get","var":"wrPosbar","bufPctRaw":66,"bufPctSmoothed":66,"bufPctDrawn":69,"redraws":44,"sinceLastRedrawMs":172,"lastSkipReason":"interval","frozen":false,"last":true}
{"ok":true,"cmd":"get","var":"wrPosbar","bufPctRaw":65,"bufPctSmoothed":66,"bufPctDrawn":67,"redraws":45,"sinceLastRedrawMs":8,"lastSkipReason":"none","frozen":false,"last":true}
{"ok":true,"cmd":"get","var":"wrPosbar","bufPctRaw":65,"bufPctSmoothed":66,"bufPctDrawn":67,"redraws":45,"sinceLastRedrawMs":36,"lastSkipReason":"interval","frozen":false,"last":true}
{"ok":true,"cmd":"get","var":"wrPosbar","bufPctRaw":65,"bufPctSmoothed":65,"bufPctDrawn":67,"redraws":45,"sinceLastRedrawMs":86,"lastSkipReason":"interval","frozen":false,"last":true}
{"ok":true,"cmd":"get","var":"wrPosbar","bufPctRaw":65,"bufPctSmoothed":65,"bufPctDrawn":67,"redraws":45,"sinceLastRedrawMs":139,"lastSkipReason":"interval","frozen":false,"last":true}
{"ok":true,"cmd":"get","var":"wrPosbar","bufPctRaw":65,"bufPctSmoothed":65,"bufPctDrawn":67,"redraws":45,"sinceLastRedrawMs":192,"lastSkipReason":"interval","frozen":false,"last":true}
{"ok":true,"cmd":"get","var":"wrPosbar","bufPctRaw":64,"bufPctSmoothed":65,"bufPctDrawn":65,"redraws":46,"sinceLastRedrawMs":25,"lastSkipReason":"interval","frozen":false,"last":true}
{"ok":true,"cmd":"get","var":"wrPosbar","bufPctRaw":64,"bufPctSmoothed":64,"bufPctDrawn":65,"redraws":46,"sinceLastRedrawMs":70,"lastSkipReason":"interval","frozen":false,"last":true}
{"ok":true,"cmd":"get","var":"wrPosbar","bufPctRaw":64,"bufPctSmoothed":64,"bufPctDrawn":65,"redraws":46,"sinceLastRedrawMs":129,"lastSkipReason":"interval","frozen":false,"last":true}
{"ok":true,"cmd":"get","var":"wrPosbar","bufPctRaw":64,"bufPctSmoothed":64,"bufPctDrawn":65,"redraws":46,"sinceLastRedrawMs":181,"lastSkipReason":"interval","frozen":false,"last":true}
{"ok":true,"cmd":"get","var":"wrPosbar","bufPctRaw":63,"bufPctSmoothed":64,"bufPctDrawn":64,"redraws":47,"sinceLastRedrawMs":18,"lastSkipReason":"interval","frozen":false,"last":true}
{"ok":true,"cmd":"get","var":"wrPosbar","bufPctRaw":63,"bufPctSmoothed":63,"bufPctDrawn":64,"redraws":47,"sinceLastRedrawMs":53,"lastSkipReason":"interval","frozen":false,"last":true}
{"ok":true,"cmd":"get","var":"wrPosbar","bufPctRaw":63,"bufPctSmoothed":63,"bufPctDrawn":64,"redraws":47,"sinceLastRedrawMs":82,"lastSkipReason":"interval","frozen":false,"last":true}
{"ok":true,"cmd":"get","var":"wrPosbar","bufPctRaw":63,"bufPctSmoothed":63,"bufPctDrawn":64,"redraws":47,"sinceLastRedrawMs":133,"lastSkipReason":"interval","frozen":false,"last":true}
{"ok":true,"cmd":"get","var":"wrPosbar","bufPctRaw":63,"bufPctSmoothed":63,"bufPctDrawn":64,"redraws":47,"sinceLastRedrawMs":185,"lastSkipReason":"interval","frozen":false,"last":true}
{"ok":true,"cmd":"get","var":"wrPosbar","bufPctRaw":62,"bufPctSmoothed":63,"bufPctDrawn":63,"redraws":48,"sinceLastRedrawMs":8,"lastSkipReason":"interval","frozen":false,"last":true}
{"ok":true,"cmd":"get","var":"wrPosbar","bufPctRaw":62,"bufPctSmoothed":62,"bufPctDrawn":63,"redraws":48,"sinceLastRedrawMs":53,"lastSkipReason":"interval","frozen":false,"last":true}
{"ok":true,"cmd":"get","var":"wrPosbar","bufPctRaw":62,"bufPctSmoothed":62,"bufPctDrawn":63,"redraws":48,"sinceLastRedrawMs":85,"lastSkipReason":"interval","frozen":false,"last":true}
{"ok":true,"cmd":"get","var":"wrPosbar","bufPctRaw":62,"bufPctSmoothed":62,"bufPctDrawn":63,"redraws":48,"sinceLastRedrawMs":136,"lastSkipReason":"interval","frozen":false,"last":true}
{"ok":true,"cmd":"get","var":"wrPosbar","bufPctRaw":62,"bufPctSmoothed":62,"bufPctDrawn":63,"redraws":48,"sinceLastRedrawMs":187,"lastSkipReason":"interval","frozen":false,"last":true}
{"ok":true,"cmd":"get","var":"wrPosbar","bufPctRaw":61,"bufPctSmoothed":62,"bufPctDrawn":62,"redraws":49,"sinceLastRedrawMs":30,"lastSkipReason":"interval","frozen":false,"last":true}
{"ok":true,"cmd":"get","var":"wrPosbar","bufPctRaw":61,"bufPctSmoothed":61,"bufPctDrawn":62,"redraws":49,"sinceLastRedrawMs":62,"lastSkipReason":"interval","frozen":false,"last":true}
{"ok":true,"cmd":"get","var":"wrPosbar","bufPctRaw":61,"bufPctSmoothed":61,"bufPctDrawn":62,"redraws":49,"sinceLastRedrawMs":106,"lastSkipReason":"interval","frozen":false,"last":true}
{"ok":true,"cmd":"get","var":"wrPosbar","bufPctRaw":61,"bufPctSmoothed":61,"bufPctDrawn":62,"redraws":49,"sinceLastRedrawMs":137,"lastSkipReason":"interval","frozen":false,"last":true}
{"ok":true,"cmd":"get","var":"wrPosbar","bufPctRaw":61,"bufPctSmoothed":61,"bufPctDrawn":62,"redraws":49,"sinceLastRedrawMs":187,"lastSkipReason":"interval","frozen":false,"last":true}
{"ok":true,"cmd":"get","var":"wrPosbar","bufPctRaw":60,"bufPctSmoothed":61,"bufPctDrawn":61,"redraws":50,"sinceLastRedrawMs":28,"lastSkipReason":"interval","frozen":false,"last":true}
{"ok":true,"cmd":"get","var":"wrPosbar","bufPctRaw":60,"bufPctSmoothed":60,"bufPctDrawn":61,"redraws":50,"sinceLastRedrawMs":80,"lastSkipReason":"interval","frozen":false,"last":true}
{"ok":true,"cmd":"get","var":"wrPosbar","bufPctRaw":60,"bufPctSmoothed":60,"bufPctDrawn":61,"redraws":50,"sinceLastRedrawMs":128,"lastSkipReason":"interval","frozen":false,"last":true}
{"ok":true,"cmd":"get","var":"wrPosbar","bufPctRaw":60,"bufPctSmoothed":60,"bufPctDrawn":61,"redraws":50,"sinceLastRedrawMs":185,"lastSkipReason":"interval","frozen":false,"last":true}
{"ok":true,"cmd":"get","var":"wrPosbar","bufPctRaw":59,"bufPctSmoothed":60,"bufPctDrawn":60,"redraws":51,"sinceLastRedrawMs":28,"lastSkipReason":"interval","frozen":false,"last":true}
{"ok":true,"cmd":"get","var":"wrPosbar","bufPctRaw":59,"bufPctSmoothed":59,"bufPctDrawn":60,"redraws":51,"sinceLastRedrawMs":80,"lastSkipReason":"interval","frozen":false,"last":true}
{"ok":true,"cmd":"get","var":"wrPosbar","bufPctRaw":59,"bufPctSmoothed":59,"bufPctDrawn":60,"redraws":51,"sinceLastRedrawMs":133,"lastSkipReason":"interval","frozen":false,"last":true}
{"ok":true,"cmd":"get","var":"wrPosbar","bufPctRaw":59,"bufPctSmoothed":59,"bufPctDrawn":60,"redraws":51,"sinceLastRedrawMs":186,"lastSkipReason":"interval","frozen":false,"last":true}
{"ok":true,"cmd":"get","var":"wrPosbar","bufPctRaw":58,"bufPctSmoothed":59,"bufPctDrawn":59,"redraws":52,"sinceLastRedrawMs":23,"lastSkipReason":"interval","frozen":false,"last":true}
{"ok":true,"cmd":"get","var":"wrPosbar","bufPctRaw":58,"bufPctSmoothed":58,"bufPctDrawn":59,"redraws":52,"sinceLastRedrawMs":68,"lastSkipReason":"interval","frozen":false,"last":true}
{"ok":true,"cmd":"get","var":"wrPosbar","bufPctRaw":58,"bufPctSmoothed":58,"bufPctDrawn":59,"redraws":52,"sinceLastRedrawMs":104,"lastSkipReason":"interval","frozen":false,"last":true}
{"ok":true,"cmd":"get","var":"wrPosbar","bufPctRaw":58,"bufPctSmoothed":58,"bufPctDrawn":59,"redraws":52,"sinceLastRedrawMs":130,"lastSkipReason":"interval","frozen":false,"last":true}
{"ok":true,"cmd":"get","var":"wrPosbar","bufPctRaw":58,"bufPctSmoothed":58,"bufPctDrawn":59,"redraws":52,"sinceLastRedrawMs":173,"lastSkipReason":"interval","frozen":false,"last":true}
{"ok":true,"cmd":"get","var":"wrPosbar","bufPctRaw":57,"bufPctSmoothed":58,"bufPctDrawn":58,"redraws":53,"sinceLastRedrawMs":27,"lastSkipReason":"interval","frozen":false,"last":true}
{"ok":true,"cmd":"get","var":"wrPosbar","bufPctRaw":57,"bufPctSmoothed":57,"bufPctDrawn":58,"redraws":53,"sinceLastRedrawMs":79,"lastSkipReason":"interval","frozen":false,"last":true}
{"ok":true,"cmd":"get","var":"wrPosbar","bufPctRaw":57,"bufPctSmoothed":57,"bufPctDrawn":58,"redraws":53,"sinceLastRedrawMs":131,"lastSkipReason":"interval","frozen":false,"last":true}
{"ok":true,"cmd":"get","var":"wrPosbar","bufPctRaw":57,"bufPctSmoothed":57,"bufPctDrawn":58,"redraws":53,"sinceLastRedrawMs":184,"lastSkipReason":"interval","frozen":false,"last":true}
{"ok":true,"cmd":"get","var":"wrPosbar","bufPctRaw":56,"bufPctSmoothed":57,"bufPctDrawn":57,"redraws":54,"sinceLastRedrawMs":27,"lastSkipReason":"interval","frozen":false,"last":true}
{"ok":true,"cmd":"get","var":"wrPosbar","bufPctRaw":56,"bufPctSmoothed":56,"bufPctDrawn":57,"redraws":54,"sinceLastRedrawMs":79,"lastSkipReason":"interval","frozen":false,"last":true}
{"ok":true,"cmd":"get","var":"wrPosbar","bufPctRaw":56,"bufPctSmoothed":56,"bufPctDrawn":57,"redraws":54,"sinceLastRedrawMs":131,"lastSkipReason":"interval","frozen":false,"last":true}
{"ok":true,"cmd":"get","var":"wrPosbar","bufPctRaw":56,"bufPctSmoothed":56,"bufPctDrawn":57,"redraws":54,"sinceLastRedrawMs":185,"lastSkipReason":"interval","frozen":false,"last":true}
{"ok":true,"cmd":"get","var":"wrPosbar","bufPctRaw":55,"bufPctSmoothed":56,"bufPctDrawn":56,"redraws":55,"sinceLastRedrawMs":27,"lastSkipReason":"interval","frozen":false,"last":true}
{"ok":true,"cmd":"get","var":"wrPosbar","bufPctRaw":55,"bufPctSmoothed":56,"bufPctDrawn":56,"redraws":55,"sinceLastRedrawMs":58,"lastSkipReason":"interval","frozen":false,"last":true}
{"ok":true,"cmd":"get","var":"wrPosbar","bufPctRaw":55,"bufPctSmoothed":55,"bufPctDrawn":56,"redraws":55,"sinceLastRedrawMs":131,"lastSkipReason":"interval","frozen":false,"last":true}
{"ok":true,"cmd":"get","var":"wrPosbar","bufPctRaw":55,"bufPctSmoothed":55,"bufPctDrawn":56,"redraws":55,"sinceLastRedrawMs":184,"lastSkipReason":"interval","frozen":false,"last":true}
{"ok":true,"cmd":"get","var":"wrPosbar","bufPctRaw":54,"bufPctSmoothed":55,"bufPctDrawn":55,"redraws":56,"sinceLastRedrawMs":27,"lastSkipReason":"interval","frozen":false,"last":true}
{"ok":true,"cmd":"get","var":"wrPosbar","bufPctRaw":54,"bufPctSmoothed":54,"bufPctDrawn":55,"redraws":56,"sinceLastRedrawMs":78,"lastSkipReason":"interval","frozen":false,"last":true}
{"ok":true,"cmd":"get","var":"wrPosbar","bufPctRaw":54,"bufPctSmoothed":54,"bufPctDrawn":55,"redraws":56,"sinceLastRedrawMs":110,"lastSkipReason":"interval","frozen":false,"last":true}
{"ok":true,"cmd":"get","var":"wrPosbar","bufPctRaw":54,"bufPctSmoothed":54,"bufPctDrawn":55,"redraws":56,"sinceLastRedrawMs":155,"lastSkipReason":"interval","frozen":false,"last":true}
{"ok":true,"cmd":"get","var":"wrPosbar","bufPctRaw":54,"bufPctSmoothed":54,"bufPctDrawn":55,"redraws":56,"sinceLastRedrawMs":185,"lastSkipReason":"interval","frozen":false,"last":true}
{"ok":true,"cmd":"get","var":"wrPosbar","bufPctRaw":53,"bufPctSmoothed":53,"bufPctDrawn":54,"redraws":57,"sinceLastRedrawMs":30,"lastSkipReason":"interval","frozen":false,"last":true}
{"ok":true,"cmd":"get","var":"wrPosbar","bufPctRaw":53,"bufPctSmoothed":53,"bufPctDrawn":54,"redraws":57,"sinceLastRedrawMs":75,"lastSkipReason":"interval","frozen":false,"last":true}
{"ok":true,"cmd":"get","var":"wrPosbar","bufPctRaw":53,"bufPctSmoothed":53,"bufPctDrawn":54,"redraws":57,"sinceLastRedrawMs":111,"lastSkipReason":"interval","frozen":false,"last":true}
{"ok":true,"cmd":"get","var":"wrPosbar","bufPctRaw":53,"bufPctSmoothed":53,"bufPctDrawn":54,"redraws":57,"sinceLastRedrawMs":158,"lastSkipReason":"interval","frozen":false,"last":true}
{"ok":true,"cmd":"get","var":"wrPosbar","bufPctRaw":53,"bufPctSmoothed":53,"bufPctDrawn":54,"redraws":57,"sinceLastRedrawMs":191,"lastSkipReason":"interval","frozen":false,"last":true}
{"ok":true,"cmd":"get","var":"wrPosbar","bufPctRaw":52,"bufPctSmoothed":53,"bufPctDrawn":53,"redraws":58,"sinceLastRedrawMs":26,"lastSkipReason":"interval","frozen":false,"last":true}
{"ok":true,"cmd":"get","var":"wrPosbar","bufPctRaw":52,"bufPctSmoothed":52,"bufPctDrawn":53,"redraws":58,"sinceLastRedrawMs":79,"lastSkipReason":"interval","frozen":false,"last":true}
{"ok":true,"cmd":"get","var":"wrPosbar","bufPctRaw":52,"bufPctSmoothed":52,"bufPctDrawn":53,"redraws":58,"sinceLastRedrawMs":130,"lastSkipReason":"interval","frozen":false,"last":true}
{"ok":true,"cmd":"get","var":"wrPosbar","bufPctRaw":52,"bufPctSmoothed":52,"bufPctDrawn":53,"redraws":58,"sinceLastRedrawMs":183,"lastSkipReason":"interval","frozen":false,"last":true}
{"ok":true,"cmd":"get","var":"wrPosbar","bufPctRaw":51,"bufPctSmoothed":52,"bufPctDrawn":52,"redraws":59,"sinceLastRedrawMs":32,"lastSkipReason":"interval","frozen":false,"last":true}
{"ok":true,"cmd":"get","var":"wrPosbar","bufPctRaw":51,"bufPctSmoothed":51,"bufPctDrawn":52,"redraws":59,"sinceLastRedrawMs":82,"lastSkipReason":"interval","frozen":false,"last":true}
{"ok":true,"cmd":"get","var":"wrPosbar","bufPctRaw":51,"bufPctSmoothed":51,"bufPctDrawn":52,"redraws":59,"sinceLastRedrawMs":134,"lastSkipReason":"interval","frozen":false,"last":true}
{"ok":true,"cmd":"get","var":"wrPosbar","bufPctRaw":51,"bufPctSmoothed":51,"bufPctDrawn":52,"redraws":59,"sinceLastRedrawMs":187,"lastSkipReason":"interval","frozen":false,"last":true}
{"ok":true,"cmd":"get","var":"wrPosbar","bufPctRaw":50,"bufPctSmoothed":50,"bufPctDrawn":51,"redraws":60,"sinceLastRedrawMs":32,"lastSkipReason":"interval","frozen":false,"last":true}
{"ok":true,"cmd":"get","var":"wrPosbar","bufPctRaw":50,"bufPctSmoothed":50,"bufPctDrawn":51,"redraws":60,"sinceLastRedrawMs":82,"lastSkipReason":"interval","frozen":false,"last":true}
{"ok":true,"cmd":"get","var":"wrPosbar","bufPctRaw":50,"bufPctSmoothed":50,"bufPctDrawn":51,"redraws":60,"sinceLastRedrawMs":134,"lastSkipReason":"interval","frozen":false,"last":true}
{"ok":true,"cmd":"get","var":"wrPosbar","bufPctRaw":50,"bufPctSmoothed":50,"bufPctDrawn":51,"redraws":60,"sinceLastRedrawMs":187,"lastSkipReason":"interval","frozen":false,"last":true}
{"ok":true,"cmd":"get","var":"wrPosbar","bufPctRaw":49,"bufPctSmoothed":50,"bufPctDrawn":50,"redraws":61,"sinceLastRedrawMs":24,"lastSkipReason":"interval","frozen":false,"last":true}
{"ok":true,"cmd":"get","var":"wrPosbar","bufPctRaw":49,"bufPctSmoothed":49,"bufPctDrawn":50,"redraws":61,"sinceLastRedrawMs":70,"lastSkipReason":"interval","frozen":false,"last":true}
{"ok":true,"cmd":"get","var":"wrPosbar","bufPctRaw":49,"bufPctSmoothed":49,"bufPctDrawn":50,"redraws":61,"sinceLastRedrawMs":128,"lastSkipReason":"interval","frozen":false,"last":true}
{"ok":true,"cmd":"get","var":"wrPosbar","bufPctRaw":49,"bufPctSmoothed":49,"bufPctDrawn":50,"redraws":61,"sinceLastRedrawMs":181,"lastSkipReason":"interval","frozen":false,"last":true}
{"ok":true,"cmd":"get","var":"wrPosbar","bufPctRaw":48,"bufPctSmoothed":49,"bufPctDrawn":49,"redraws":62,"sinceLastRedrawMs":29,"lastSkipReason":"interval","frozen":false,"last":true}
{"ok":true,"cmd":"get","var":"wrPosbar","bufPctRaw":48,"bufPctSmoothed":48,"bufPctDrawn":49,"redraws":62,"sinceLastRedrawMs":80,"lastSkipReason":"interval","frozen":false,"last":true}
{"ok":true,"cmd":"get","var":"wrPosbar","bufPctRaw":48,"bufPctSmoothed":48,"bufPctDrawn":49,"redraws":62,"sinceLastRedrawMs":132,"lastSkipReason":"interval","frozen":false,"last":true}
{"ok":true,"cmd":"get","var":"wrPosbar","bufPctRaw":48,"bufPctSmoothed":48,"bufPctDrawn":49,"redraws":62,"sinceLastRedrawMs":185,"lastSkipReason":"interval","frozen":false,"last":true}
{"ok":true,"cmd":"get","var":"wrPosbar","bufPctRaw":47,"bufPctSmoothed":48,"bufPctDrawn":48,"redraws":63,"sinceLastRedrawMs":28,"lastSkipReason":"interval","frozen":false,"last":true}
{"ok":true,"cmd":"get","var":"wrPosbar","bufPctRaw":47,"bufPctSmoothed":47,"bufPctDrawn":48,"redraws":63,"sinceLastRedrawMs":59,"lastSkipReason":"interval","frozen":false,"last":true}
{"ok":true,"cmd":"get","var":"wrPosbar","bufPctRaw":47,"bufPctSmoothed":47,"bufPctDrawn":48,"redraws":63,"sinceLastRedrawMs":109,"lastSkipReason":"interval","frozen":false,"last":true}
{"ok":true,"cmd":"get","var":"wrPosbar","bufPctRaw":47,"bufPctSmoothed":47,"bufPctDrawn":48,"redraws":63,"sinceLastRedrawMs":157,"lastSkipReason":"interval","frozen":false,"last":true}
{"ok":true,"cmd":"get","var":"wrPosbar","bufPctRaw":47,"bufPctSmoothed":47,"bufPctDrawn":48,"redraws":63,"sinceLastRedrawMs":187,"lastSkipReason":"interval","frozen":false,"last":true}
{"ok":true,"cmd":"get","var":"wrPosbar","bufPctRaw":46,"bufPctSmoothed":46,"bufPctDrawn":47,"redraws":64,"sinceLastRedrawMs":30,"lastSkipReason":"interval","frozen":false,"last":true}
{"ok":true,"cmd":"get","var":"wrPosbar","bufPctRaw":46,"bufPctSmoothed":46,"bufPctDrawn":47,"redraws":64,"sinceLastRedrawMs":62,"lastSkipReason":"interval","frozen":false,"last":true}
{"ok":true,"cmd":"get","var":"wrPosbar","bufPctRaw":46,"bufPctSmoothed":46,"bufPctDrawn":47,"redraws":64,"sinceLastRedrawMs":108,"lastSkipReason":"interval","frozen":false,"last":true}
{"ok":true,"cmd":"get","var":"wrPosbar","bufPctRaw":46,"bufPctSmoothed":46,"bufPctDrawn":47,"redraws":64,"sinceLastRedrawMs":138,"lastSkipReason":"interval","frozen":false,"last":true}
{"ok":true,"cmd":"get","var":"wrPosbar","bufPctRaw":46,"bufPctSmoothed":46,"bufPctDrawn":47,"redraws":64,"sinceLastRedrawMs":177,"lastSkipReason":"interval","frozen":false,"last":true}
{"ok":true,"cmd":"get","var":"wrPosbar","bufPctRaw":45,"bufPctSmoothed":46,"bufPctDrawn":46,"redraws":65,"sinceLastRedrawMs":34,"lastSkipReason":"interval","frozen":false,"last":true}
{"ok":true,"cmd":"get","var":"wrPosbar","bufPctRaw":45,"bufPctSmoothed":45,"bufPctDrawn":46,"redraws":65,"sinceLastRedrawMs":85,"lastSkipReason":"interval","frozen":false,"last":true}
{"ok":true,"cmd":"get","var":"wrPosbar","bufPctRaw":45,"bufPctSmoothed":45,"bufPctDrawn":46,"redraws":65,"sinceLastRedrawMs":128,"lastSkipReason":"interval","frozen":false,"last":true}
{"ok":true,"cmd":"get","var":"wrPosbar","bufPctRaw":45,"bufPctSmoothed":45,"bufPctDrawn":46,"redraws":65,"sinceLastRedrawMs":166,"lastSkipReason":"interval","frozen":false,"last":true}
{"ok":true,"cmd":"get","var":"wrPosbar","bufPctRaw":44,"bufPctSmoothed":45,"bufPctDrawn":45,"redraws":66,"sinceLastRedrawMs":7,"lastSkipReason":"none","frozen":false,"last":true}
{"ok":true,"cmd":"get","var":"wrPosbar","bufPctRaw":44,"bufPctSmoothed":45,"bufPctDrawn":45,"redraws":66,"sinceLastRedrawMs":36,"lastSkipReason":"interval","frozen":false,"last":true}
{"ok":true,"cmd":"get","var":"wrPosbar","bufPctRaw":44,"bufPctSmoothed":44,"bufPctDrawn":45,"redraws":66,"sinceLastRedrawMs":86,"lastSkipReason":"interval","frozen":false,"last":true}
{"ok":true,"cmd":"get","var":"wrPosbar","bufPctRaw":44,"bufPctSmoothed":44,"bufPctDrawn":45,"redraws":66,"sinceLastRedrawMs":138,"lastSkipReason":"interval","frozen":false,"last":true}
{"ok":true,"cmd":"get","var":"wrPosbar","bufPctRaw":44,"bufPctSmoothed":44,"bufPctDrawn":45,"redraws":66,"sinceLastRedrawMs":190,"lastSkipReason":"interval","frozen":false,"last":true}
{"ok":true,"cmd":"get","var":"wrPosbar","bufPctRaw":43,"bufPctSmoothed":44,"bufPctDrawn":44,"redraws":67,"sinceLastRedrawMs":28,"lastSkipReason":"interval","frozen":false,"last":true}
{"ok":true,"cmd":"get","var":"wrPosbar","bufPctRaw":43,"bufPctSmoothed":43,"bufPctDrawn":44,"redraws":67,"sinceLastRedrawMs":81,"lastSkipReason":"interval","frozen":false,"last":true}
{"ok":true,"cmd":"get","var":"wrPosbar","bufPctRaw":43,"bufPctSmoothed":43,"bufPctDrawn":44,"redraws":67,"sinceLastRedrawMs":132,"lastSkipReason":"interval","frozen":false,"last":true}
{"ok":true,"cmd":"get","var":"wrPosbar","bufPctRaw":43,"bufPctSmoothed":43,"bufPctDrawn":44,"redraws":67,"sinceLastRedrawMs":165,"lastSkipReason":"interval","frozen":false,"last":true}
{"ok":true,"cmd":"get","var":"wrPosbar","bufPctRaw":42,"bufPctSmoothed":43,"bufPctDrawn":43,"redraws":68,"sinceLastRedrawMs":6,"lastSkipReason":"none","frozen":false,"last":true}
{"ok":true,"cmd":"get","var":"wrPosbar","bufPctRaw":42,"bufPctSmoothed":43,"bufPctDrawn":43,"redraws":68,"sinceLastRedrawMs":35,"lastSkipReason":"interval","frozen":false,"last":true}
{"ok":true,"cmd":"get","var":"wrPosbar","bufPctRaw":42,"bufPctSmoothed":42,"bufPctDrawn":43,"redraws":68,"sinceLastRedrawMs":85,"lastSkipReason":"interval","frozen":false,"last":true}
{"ok":true,"cmd":"get","var":"wrPosbar","bufPctRaw":42,"bufPctSmoothed":42,"bufPctDrawn":43,"redraws":68,"sinceLastRedrawMs":127,"lastSkipReason":"interval","frozen":false,"last":true}
{"ok":true,"cmd":"get","var":"wrPosbar","bufPctRaw":42,"bufPctSmoothed":42,"bufPctDrawn":43,"redraws":68,"sinceLastRedrawMs":165,"lastSkipReason":"interval","frozen":false,"last":true}
{"ok":true,"cmd":"get","var":"wrPosbar","bufPctRaw":42,"bufPctSmoothed":42,"bufPctDrawn":43,"redraws":68,"sinceLastRedrawMs":208,"lastSkipReason":"interval","frozen":false,"last":true}
{"ok":true,"cmd":"get","var":"wrPosbar","bufPctRaw":41,"bufPctSmoothed":42,"bufPctDrawn":42,"redraws":69,"sinceLastRedrawMs":8,"lastSkipReason":"interval","frozen":false,"last":true}
{"ok":true,"cmd":"get","var":"wrPosbar","bufPctRaw":41,"bufPctSmoothed":41,"bufPctDrawn":42,"redraws":69,"sinceLastRedrawMs":57,"lastSkipReason":"interval","frozen":false,"last":true}
{"ok":true,"cmd":"get","var":"wrPosbar","bufPctRaw":41,"bufPctSmoothed":41,"bufPctDrawn":42,"redraws":69,"sinceLastRedrawMs":111,"lastSkipReason":"interval","frozen":false,"last":true}
{"ok":true,"cmd":"get","var":"wrPosbar","bufPctRaw":41,"bufPctSmoothed":41,"bufPctDrawn":42,"redraws":69,"sinceLastRedrawMs":161,"lastSkipReason":"interval","frozen":false,"last":true}
{"ok":true,"cmd":"get","var":"wrPosbar","bufPctRaw":40,"bufPctSmoothed":41,"bufPctDrawn":41,"redraws":70,"sinceLastRedrawMs":8,"lastSkipReason":"none","frozen":false,"last":true}
{"ok":true,"cmd":"get","var":"wrPosbar","bufPctRaw":40,"bufPctSmoothed":40,"bufPctDrawn":41,"redraws":70,"sinceLastRedrawMs":59,"lastSkipReason":"interval","frozen":false,"last":true}
{"ok":true,"cmd":"get","var":"wrPosbar","bufPctRaw":40,"bufPctSmoothed":40,"bufPctDrawn":41,"redraws":70,"sinceLastRedrawMs":104,"lastSkipReason":"interval","frozen":false,"last":true}
{"ok":true,"cmd":"get","var":"wrPosbar","bufPctRaw":40,"bufPctSmoothed":40,"bufPctDrawn":41,"redraws":70,"sinceLastRedrawMs":138,"lastSkipReason":"interval","frozen":false,"last":true}
{"ok":true,"cmd":"get","var":"wrPosbar","bufPctRaw":40,"bufPctSmoothed":40,"bufPctDrawn":41,"redraws":70,"sinceLastRedrawMs":182,"lastSkipReason":"interval","frozen":false,"last":true}
{"ok":true,"cmd":"get","var":"wrPosbar","bufPctRaw":39,"bufPctSmoothed":40,"bufPctDrawn":40,"redraws":71,"sinceLastRedrawMs":8,"lastSkipReason":"none","frozen":false,"last":true}
{"ok":true,"cmd":"get","var":"wrPosbar","bufPctRaw":39,"bufPctSmoothed":39,"bufPctDrawn":40,"redraws":71,"sinceLastRedrawMs":57,"lastSkipReason":"interval","frozen":false,"last":true}
{"ok":true,"cmd":"get","var":"wrPosbar","bufPctRaw":39,"bufPctSmoothed":39,"bufPctDrawn":40,"redraws":71,"sinceLastRedrawMs":99,"lastSkipReason":"interval","frozen":false,"last":true}
{"ok":true,"cmd":"get","var":"wrPosbar","bufPctRaw":39,"bufPctSmoothed":39,"bufPctDrawn":40,"redraws":71,"sinceLastRedrawMs":137,"lastSkipReason":"interval","frozen":false,"last":true}
{"ok":true,"cmd":"get","var":"wrPosbar","bufPctRaw":39,"bufPctSmoothed":39,"bufPctDrawn":40,"redraws":71,"sinceLastRedrawMs":180,"lastSkipReason":"interval","frozen":false,"last":true}
{"ok":true,"cmd":"get","var":"wrPosbar","bufPctRaw":38,"bufPctSmoothed":39,"bufPctDrawn":39,"redraws":72,"sinceLastRedrawMs":6,"lastSkipReason":"none","frozen":false,"last":true}
{"ok":true,"cmd":"get","var":"wrPosbar","bufPctRaw":38,"bufPctSmoothed":38,"bufPctDrawn":39,"redraws":72,"sinceLastRedrawMs":57,"lastSkipReason":"interval","frozen":false,"last":true}
{"ok":true,"cmd":"get","var":"wrPosbar","bufPctRaw":38,"bufPctSmoothed":38,"bufPctDrawn":39,"redraws":72,"sinceLastRedrawMs":87,"lastSkipReason":"interval","frozen":false,"last":true}
{"ok":true,"cmd":"get","var":"wrPosbar","bufPctRaw":38,"bufPctSmoothed":38,"bufPctDrawn":39,"redraws":72,"sinceLastRedrawMs":133,"lastSkipReason":"interval","frozen":false,"last":true}
{"ok":true,"cmd":"get","var":"wrPosbar","bufPctRaw":38,"bufPctSmoothed":38,"bufPctDrawn":39,"redraws":72,"sinceLastRedrawMs":167,"lastSkipReason":"interval","frozen":false,"last":true}
{"ok":true,"cmd":"get","var":"wrPosbar","bufPctRaw":37,"bufPctSmoothed":38,"bufPctDrawn":38,"redraws":73,"sinceLastRedrawMs":7,"lastSkipReason":"none","frozen":false,"last":true}
{"ok":true,"cmd":"get","var":"wrPosbar","bufPctRaw":37,"bufPctSmoothed":37,"bufPctDrawn":38,"redraws":73,"sinceLastRedrawMs":58,"lastSkipReason":"interval","frozen":false,"last":true}
{"ok":true,"cmd":"get","var":"wrPosbar","bufPctRaw":37,"bufPctSmoothed":37,"bufPctDrawn":38,"redraws":73,"sinceLastRedrawMs":101,"lastSkipReason":"interval","frozen":false,"last":true}
{"ok":true,"cmd":"get","var":"wrPosbar","bufPctRaw":37,"bufPctSmoothed":37,"bufPctDrawn":38,"redraws":73,"sinceLastRedrawMs":135,"lastSkipReason":"interval","frozen":false,"last":true}
{"ok":true,"cmd":"get","var":"wrPosbar","bufPctRaw":37,"bufPctSmoothed":37,"bufPctDrawn":38,"redraws":73,"sinceLastRedrawMs":164,"lastSkipReason":"interval","frozen":false,"last":true}
{"ok":true,"cmd":"get","var":"wrPosbar","bufPctRaw":37,"bufPctSmoothed":37,"bufPctDrawn":38,"redraws":73,"sinceLastRedrawMs":209,"lastSkipReason":"interval","frozen":false,"last":true}
{"ok":true,"cmd":"get","var":"wrPosbar","bufPctRaw":36,"bufPctSmoothed":37,"bufPctDrawn":37,"redraws":74,"sinceLastRedrawMs":20,"lastSkipReason":"none","frozen":false,"last":true}
{"ok":true,"cmd":"get","var":"wrPosbar","bufPctRaw":36,"bufPctSmoothed":36,"bufPctDrawn":37,"redraws":74,"sinceLastRedrawMs":70,"lastSkipReason":"interval","frozen":false,"last":true}
{"ok":true,"cmd":"get","var":"wrPosbar","bufPctRaw":36,"bufPctSmoothed":36,"bufPctDrawn":37,"redraws":74,"sinceLastRedrawMs":102,"lastSkipReason":"interval","frozen":false,"last":true}
{"ok":true,"cmd":"get","var":"wrPosbar","bufPctRaw":36,"bufPctSmoothed":36,"bufPctDrawn":37,"redraws":74,"sinceLastRedrawMs":149,"lastSkipReason":"interval","frozen":false,"last":true}
{"ok":true,"cmd":"get","var":"wrPosbar","bufPctRaw":36,"bufPctSmoothed":36,"bufPctDrawn":37,"redraws":74,"sinceLastRedrawMs":202,"lastSkipReason":"interval","frozen":false,"last":true}
{"ok":true,"cmd":"get","var":"wrPosbar","bufPctRaw":35,"bufPctSmoothed":36,"bufPctDrawn":36,"redraws":75,"sinceLastRedrawMs":28,"lastSkipReason":"interval","frozen":false,"last":true}
{"ok":true,"cmd":"get","var":"wrPosbar","bufPctRaw":35,"bufPctSmoothed":35,"bufPctDrawn":36,"redraws":75,"sinceLastRedrawMs":59,"lastSkipReason":"interval","frozen":false,"last":true}
{"ok":true,"cmd":"get","var":"wrPosbar","bufPctRaw":35,"bufPctSmoothed":35,"bufPctDrawn":36,"redraws":75,"sinceLastRedrawMs":122,"lastSkipReason":"interval","frozen":false,"last":true}
{"ok":true,"cmd":"get","var":"wrPosbar","bufPctRaw":35,"bufPctSmoothed":35,"bufPctDrawn":36,"redraws":75,"sinceLastRedrawMs":158,"lastSkipReason":"interval","frozen":false,"last":true}
{"ok":true,"cmd":"get","var":"wrPosbar","bufPctRaw":35,"bufPctSmoothed":35,"bufPctDrawn":36,"redraws":75,"sinceLastRedrawMs":188,"lastSkipReason":"interval","frozen":false,"last":true}
{"ok":true,"cmd":"get","var":"wrPosbar","bufPctRaw":34,"bufPctSmoothed":35,"bufPctDrawn":35,"redraws":76,"sinceLastRedrawMs":18,"lastSkipReason":"interval","frozen":false,"last":true}
{"ok":true,"cmd":"get","var":"wrPosbar","bufPctRaw":34,"bufPctSmoothed":34,"bufPctDrawn":35,"redraws":76,"sinceLastRedrawMs":52,"lastSkipReason":"interval","frozen":false,"last":true}
{"ok":true,"cmd":"get","var":"wrPosbar","bufPctRaw":34,"bufPctSmoothed":34,"bufPctDrawn":35,"redraws":76,"sinceLastRedrawMs":80,"lastSkipReason":"interval","frozen":false,"last":true}
{"ok":true,"cmd":"get","var":"wrPosbar","bufPctRaw":34,"bufPctSmoothed":34,"bufPctDrawn":35,"redraws":76,"sinceLastRedrawMs":132,"lastSkipReason":"interval","frozen":false,"last":true}
{"ok":true,"cmd":"get","var":"wrPosbar","bufPctRaw":34,"bufPctSmoothed":34,"bufPctDrawn":35,"redraws":76,"sinceLastRedrawMs":186,"lastSkipReason":"interval","frozen":false,"last":true}
{"ok":true,"cmd":"get","var":"wrPosbar","bufPctRaw":33,"bufPctSmoothed":34,"bufPctDrawn":34,"redraws":77,"sinceLastRedrawMs":27,"lastSkipReason":"interval","frozen":false,"last":true}
{"ok":true,"cmd":"get","var":"wrPosbar","bufPctRaw":33,"bufPctSmoothed":33,"bufPctDrawn":34,"redraws":77,"sinceLastRedrawMs":79,"lastSkipReason":"interval","frozen":false,"last":true}
{"ok":true,"cmd":"get","var":"wrPosbar","bufPctRaw":33,"bufPctSmoothed":33,"bufPctDrawn":34,"redraws":77,"sinceLastRedrawMs":131,"lastSkipReason":"interval","frozen":false,"last":true}
{"ok":true,"cmd":"get","var":"wrPosbar","bufPctRaw":33,"bufPctSmoothed":33,"bufPctDrawn":34,"redraws":77,"sinceLastRedrawMs":184,"lastSkipReason":"interval","frozen":false,"last":true}
{"ok":true,"cmd":"get","var":"wrPosbar","bufPctRaw":32,"bufPctSmoothed":33,"bufPctDrawn":33,"redraws":78,"sinceLastRedrawMs":28,"lastSkipReason":"interval","frozen":false,"last":true}
{"ok":true,"cmd":"get","var":"wrPosbar","bufPctRaw":32,"bufPctSmoothed":32,"bufPctDrawn":33,"redraws":78,"sinceLastRedrawMs":74,"lastSkipReason":"interval","frozen":false,"last":true}
{"ok":true,"cmd":"get","var":"wrPosbar","bufPctRaw":32,"bufPctSmoothed":32,"bufPctDrawn":33,"redraws":78,"sinceLastRedrawMs":132,"lastSkipReason":"interval","frozen":false,"last":true}
{"ok":true,"cmd":"get","var":"wrPosbar","bufPctRaw":32,"bufPctSmoothed":32,"bufPctDrawn":33,"redraws":78,"sinceLastRedrawMs":184,"lastSkipReason":"interval","frozen":false,"last":true}
{"ok":true,"cmd":"get","var":"wrPosbar","bufPctRaw":31,"bufPctSmoothed":32,"bufPctDrawn":32,"redraws":79,"sinceLastRedrawMs":28,"lastSkipReason":"interval","frozen":false,"last":true}
{"ok":true,"cmd":"get","var":"wrPosbar","bufPctRaw":31,"bufPctSmoothed":31,"bufPctDrawn":32,"redraws":79,"sinceLastRedrawMs":80,"lastSkipReason":"interval","frozen":false,"last":true}
{"ok":true,"cmd":"get","var":"wrPosbar","bufPctRaw":31,"bufPctSmoothed":31,"bufPctDrawn":32,"redraws":79,"sinceLastRedrawMs":122,"lastSkipReason":"interval","frozen":false,"last":true}
{"ok":true,"cmd":"get","var":"wrPosbar","bufPctRaw":31,"bufPctSmoothed":31,"bufPctDrawn":32,"redraws":79,"sinceLastRedrawMs":157,"lastSkipReason":"interval","frozen":false,"last":true}
{"ok":true,"cmd":"get","var":"wrPosbar","bufPctRaw":31,"bufPctSmoothed":31,"bufPctDrawn":32,"redraws":79,"sinceLastRedrawMs":187,"lastSkipReason":"interval","frozen":false,"last":true}
{"ok":true,"cmd":"get","var":"wrPosbar","bufPctRaw":30,"bufPctSmoothed":31,"bufPctDrawn":31,"redraws":80,"sinceLastRedrawMs":5,"lastSkipReason":"none","frozen":false,"last":true}
{"ok":true,"cmd":"get","var":"wrPosbar","bufPctRaw":30,"bufPctSmoothed":30,"bufPctDrawn":31,"redraws":80,"sinceLastRedrawMs":51,"lastSkipReason":"interval","frozen":false,"last":true}
{"ok":true,"cmd":"get","var":"wrPosbar","bufPctRaw":30,"bufPctSmoothed":30,"bufPctDrawn":31,"redraws":80,"sinceLastRedrawMs":83,"lastSkipReason":"interval","frozen":false,"last":true}
{"ok":true,"cmd":"get","var":"wrPosbar","bufPctRaw":30,"bufPctSmoothed":30,"bufPctDrawn":31,"redraws":80,"sinceLastRedrawMs":131,"lastSkipReason":"interval","frozen":false,"last":true}
{"ok":true,"cmd":"get","var":"wrPosbar","bufPctRaw":30,"bufPctSmoothed":30,"bufPctDrawn":31,"redraws":80,"sinceLastRedrawMs":183,"lastSkipReason":"interval","frozen":false,"last":true}
{"ok":true,"cmd":"get","var":"wrPosbar","bufPctRaw":29,"bufPctSmoothed":30,"bufPctDrawn":30,"redraws":81,"sinceLastRedrawMs":28,"lastSkipReason":"interval","frozen":false,"last":true}
{"ok":true,"cmd":"get","var":"wrPosbar","bufPctRaw":29,"bufPctSmoothed":29,"bufPctDrawn":30,"redraws":81,"sinceLastRedrawMs":74,"lastSkipReason":"interval","frozen":false,"last":true}
{"ok":true,"cmd":"get","var":"wrPosbar","bufPctRaw":29,"bufPctSmoothed":29,"bufPctDrawn":30,"redraws":81,"sinceLastRedrawMs":123,"lastSkipReason":"interval","frozen":false,"last":true}
{"ok":true,"cmd":"get","var":"wrPosbar","bufPctRaw":29,"bufPctSmoothed":29,"bufPctDrawn":30,"redraws":81,"sinceLastRedrawMs":159,"lastSkipReason":"interval","frozen":false,"last":true}
{"ok":true,"cmd":"get","var":"wrPosbar","bufPctRaw":29,"bufPctSmoothed":29,"bufPctDrawn":30,"redraws":81,"sinceLastRedrawMs":187,"lastSkipReason":"interval","frozen":false,"last":true}
{"ok":true,"cmd":"get","var":"wrPosbar","bufPctRaw":28,"bufPctSmoothed":29,"bufPctDrawn":29,"redraws":82,"sinceLastRedrawMs":25,"lastSkipReason":"interval","frozen":false,"last":true}
{"ok":true,"cmd":"get","var":"wrPosbar","bufPctRaw":28,"bufPctSmoothed":28,"bufPctDrawn":29,"redraws":82,"sinceLastRedrawMs":77,"lastSkipReason":"interval","frozen":false,"last":true}
{"ok":true,"cmd":"get","var":"wrPosbar","bufPctRaw":28,"bufPctSmoothed":28,"bufPctDrawn":29,"redraws":82,"sinceLastRedrawMs":119,"lastSkipReason":"interval","frozen":false,"last":true}
{"ok":true,"cmd":"get","var":"wrPosbar","bufPctRaw":28,"bufPctSmoothed":28,"bufPctDrawn":29,"redraws":82,"sinceLastRedrawMs":154,"lastSkipReason":"interval","frozen":false,"last":true}
{"ok":true,"cmd":"get","var":"wrPosbar","bufPctRaw":28,"bufPctSmoothed":28,"bufPctDrawn":29,"redraws":82,"sinceLastRedrawMs":184,"lastSkipReason":"interval","frozen":false,"last":true}
{"ok":true,"cmd":"get","var":"wrPosbar","bufPctRaw":27,"bufPctSmoothed":28,"bufPctDrawn":28,"redraws":83,"sinceLastRedrawMs":28,"lastSkipReason":"interval","frozen":false,"last":true}
{"ok":true,"cmd":"get","var":"wrPosbar","bufPctRaw":27,"bufPctSmoothed":27,"bufPctDrawn":28,"redraws":83,"sinceLastRedrawMs":80,"lastSkipReason":"interval","frozen":false,"last":true}
{"ok":true,"cmd":"get","var":"wrPosbar","bufPctRaw":27,"bufPctSmoothed":27,"bufPctDrawn":28,"redraws":83,"sinceLastRedrawMs":110,"lastSkipReason":"interval","frozen":false,"last":true}
{"ok":true,"cmd":"get","var":"wrPosbar","bufPctRaw":27,"bufPctSmoothed":27,"bufPctDrawn":28,"redraws":83,"sinceLastRedrawMs":158,"lastSkipReason":"interval","frozen":false,"last":true}
{"ok":true,"cmd":"get","var":"wrPosbar","bufPctRaw":27,"bufPctSmoothed":27,"bufPctDrawn":28,"redraws":83,"sinceLastRedrawMs":186,"lastSkipReason":"interval","frozen":false,"last":true}
{"ok":true,"cmd":"get","var":"wrPosbar","bufPctRaw":26,"bufPctSmoothed":27,"bufPctDrawn":27,"redraws":84,"sinceLastRedrawMs":5,"lastSkipReason":"none","frozen":false,"last":true}
{"ok":true,"cmd":"get","var":"wrPosbar","bufPctRaw":26,"bufPctSmoothed":26,"bufPctDrawn":27,"redraws":84,"sinceLastRedrawMs":51,"lastSkipReason":"interval","frozen":false,"last":true}
{"ok":true,"cmd":"get","var":"wrPosbar","bufPctRaw":26,"bufPctSmoothed":26,"bufPctDrawn":27,"redraws":84,"sinceLastRedrawMs":82,"lastSkipReason":"interval","frozen":false,"last":true}
{"ok":true,"cmd":"get","var":"wrPosbar","bufPctRaw":26,"bufPctSmoothed":26,"bufPctDrawn":27,"redraws":84,"sinceLastRedrawMs":131,"lastSkipReason":"interval","frozen":false,"last":true}
{"ok":true,"cmd":"get","var":"wrPosbar","bufPctRaw":26,"bufPctSmoothed":26,"bufPctDrawn":27,"redraws":84,"sinceLastRedrawMs":183,"lastSkipReason":"interval","frozen":false,"last":true}
{"ok":true,"cmd":"get","var":"wrPosbar","bufPctRaw":25,"bufPctSmoothed":25,"bufPctDrawn":26,"redraws":85,"sinceLastRedrawMs":30,"lastSkipReason":"interval","frozen":false,"last":true}
{"ok":true,"cmd":"get","var":"wrPosbar","bufPctRaw":25,"bufPctSmoothed":25,"bufPctDrawn":26,"redraws":85,"sinceLastRedrawMs":59,"lastSkipReason":"interval","frozen":false,"last":true}
{"ok":true,"cmd":"get","var":"wrPosbar","bufPctRaw":25,"bufPctSmoothed":25,"bufPctDrawn":26,"redraws":85,"sinceLastRedrawMs":106,"lastSkipReason":"interval","frozen":false,"last":true}
{"ok":true,"cmd":"get","var":"wrPosbar","bufPctRaw":25,"bufPctSmoothed":25,"bufPctDrawn":26,"redraws":85,"sinceLastRedrawMs":138,"lastSkipReason":"interval","frozen":false,"last":true}
{"ok":true,"cmd":"get","var":"wrPosbar","bufPctRaw":25,"bufPctSmoothed":25,"bufPctDrawn":26,"redraws":85,"sinceLastRedrawMs":190,"lastSkipReason":"interval","frozen":false,"last":true}
{"ok":true,"cmd":"get","var":"wrPosbar","bufPctRaw":24,"bufPctSmoothed":24,"bufPctDrawn":25,"redraws":86,"sinceLastRedrawMs":29,"lastSkipReason":"interval","frozen":false,"last":true}
{"ok":true,"cmd":"get","var":"wrPosbar","bufPctRaw":24,"bufPctSmoothed":24,"bufPctDrawn":25,"redraws":86,"sinceLastRedrawMs":72,"lastSkipReason":"interval","frozen":false,"last":true}
{"ok":true,"cmd":"get","var":"wrPosbar","bufPctRaw":24,"bufPctSmoothed":24,"bufPctDrawn":25,"redraws":86,"sinceLastRedrawMs":110,"lastSkipReason":"interval","frozen":false,"last":true}
{"ok":true,"cmd":"get","var":"wrPosbar","bufPctRaw":24,"bufPctSmoothed":24,"bufPctDrawn":25,"redraws":86,"sinceLastRedrawMs":140,"lastSkipReason":"interval","frozen":false,"last":true}
{"ok":true,"cmd":"get","var":"wrPosbar","bufPctRaw":24,"bufPctSmoothed":24,"bufPctDrawn":25,"redraws":86,"sinceLastRedrawMs":186,"lastSkipReason":"interval","frozen":false,"last":true}
{"ok":true,"cmd":"get","var":"wrPosbar","bufPctRaw":23,"bufPctSmoothed":24,"bufPctDrawn":24,"redraws":87,"sinceLastRedrawMs":24,"lastSkipReason":"interval","frozen":false,"last":true}
{"ok":true,"cmd":"get","var":"wrPosbar","bufPctRaw":23,"bufPctSmoothed":23,"bufPctDrawn":24,"redraws":87,"sinceLastRedrawMs":84,"lastSkipReason":"interval","frozen":false,"last":true}
{"ok":true,"cmd":"get","var":"wrPosbar","bufPctRaw":23,"bufPctSmoothed":23,"bufPctDrawn":24,"redraws":87,"sinceLastRedrawMs":134,"lastSkipReason":"interval","frozen":false,"last":true}
{"ok":true,"cmd":"get","var":"wrPosbar","bufPctRaw":23,"bufPctSmoothed":23,"bufPctDrawn":24,"redraws":87,"sinceLastRedrawMs":186,"lastSkipReason":"interval","frozen":false,"last":true}
{"ok":true,"cmd":"get","var":"wrPosbar","bufPctRaw":22,"bufPctSmoothed":23,"bufPctDrawn":23,"redraws":88,"sinceLastRedrawMs":25,"lastSkipReason":"interval","frozen":false,"last":true}
{"ok":true,"cmd":"get","var":"wrPosbar","bufPctRaw":22,"bufPctSmoothed":22,"bufPctDrawn":23,"redraws":88,"sinceLastRedrawMs":77,"lastSkipReason":"interval","frozen":false,"last":true}
{"ok":true,"cmd":"get","var":"wrPosbar","bufPctRaw":22,"bufPctSmoothed":22,"bufPctDrawn":23,"redraws":88,"sinceLastRedrawMs":106,"lastSkipReason":"interval","frozen":false,"last":true}
{"ok":true,"cmd":"get","var":"wrPosbar","bufPctRaw":22,"bufPctSmoothed":22,"bufPctDrawn":23,"redraws":88,"sinceLastRedrawMs":153,"lastSkipReason":"interval","frozen":false,"last":true}
{"ok":true,"cmd":"get","var":"wrPosbar","bufPctRaw":22,"bufPctSmoothed":22,"bufPctDrawn":23,"redraws":88,"sinceLastRedrawMs":184,"lastSkipReason":"interval","frozen":false,"last":true}
{"ok":true,"cmd":"get","var":"wrPosbar","bufPctRaw":21,"bufPctSmoothed":21,"bufPctDrawn":22,"redraws":89,"sinceLastRedrawMs":29,"lastSkipReason":"interval","frozen":false,"last":true}
{"ok":true,"cmd":"get","var":"wrPosbar","bufPctRaw":21,"bufPctSmoothed":21,"bufPctDrawn":22,"redraws":89,"sinceLastRedrawMs":82,"lastSkipReason":"interval","frozen":false,"last":true}
{"ok":true,"cmd":"get","var":"wrPosbar","bufPctRaw":21,"bufPctSmoothed":21,"bufPctDrawn":22,"redraws":89,"sinceLastRedrawMs":134,"lastSkipReason":"interval","frozen":false,"last":true}
{"ok":true,"cmd":"get","var":"wrPosbar","bufPctRaw":21,"bufPctSmoothed":21,"bufPctDrawn":22,"redraws":89,"sinceLastRedrawMs":186,"lastSkipReason":"interval","frozen":false,"last":true}
{"ok":true,"cmd":"get","var":"wrPosbar","bufPctRaw":20,"bufPctSmoothed":21,"bufPctDrawn":21,"redraws":90,"sinceLastRedrawMs":19,"lastSkipReason":"interval","frozen":false,"last":true}
{"ok":true,"cmd":"get","var":"wrPosbar","bufPctRaw":20,"bufPctSmoothed":20,"bufPctDrawn":21,"redraws":90,"sinceLastRedrawMs":70,"lastSkipReason":"interval","frozen":false,"last":true}
{"ok":true,"cmd":"get","var":"wrPosbar","bufPctRaw":20,"bufPctSmoothed":20,"bufPctDrawn":21,"redraws":90,"sinceLastRedrawMs":108,"lastSkipReason":"interval","frozen":false,"last":true}
{"ok":true,"cmd":"get","var":"wrPosbar","bufPctRaw":20,"bufPctSmoothed":20,"bufPctDrawn":21,"redraws":90,"sinceLastRedrawMs":132,"lastSkipReason":"interval","frozen":false,"last":true}
{"ok":true,"cmd":"get","var":"wrPosbar","bufPctRaw":20,"bufPctSmoothed":20,"bufPctDrawn":21,"redraws":90,"sinceLastRedrawMs":184,"lastSkipReason":"interval","frozen":false,"last":true}
{"ok":true,"cmd":"get","var":"wrPosbar","bufPctRaw":19,"bufPctSmoothed":20,"bufPctDrawn":20,"redraws":91,"sinceLastRedrawMs":27,"lastSkipReason":"interval","frozen":false,"last":true}
{"ok":true,"cmd":"get","var":"wrPosbar","bufPctRaw":19,"bufPctSmoothed":19,"bufPctDrawn":20,"redraws":91,"sinceLastRedrawMs":58,"lastSkipReason":"interval","frozen":false,"last":true}
{"ok":true,"cmd":"get","var":"wrPosbar","bufPctRaw":19,"bufPctSmoothed":19,"bufPctDrawn":20,"redraws":91,"sinceLastRedrawMs":99,"lastSkipReason":"interval","frozen":false,"last":true}
{"ok":true,"cmd":"get","var":"wrPosbar","bufPctRaw":19,"bufPctSmoothed":19,"bufPctDrawn":20,"redraws":91,"sinceLastRedrawMs":132,"lastSkipReason":"interval","frozen":false,"last":true}
{"ok":true,"cmd":"get","var":"wrPosbar","bufPctRaw":19,"bufPctSmoothed":19,"bufPctDrawn":20,"redraws":91,"sinceLastRedrawMs":163,"lastSkipReason":"interval","frozen":false,"last":true}
{"ok":true,"cmd":"get","var":"wrPosbar","bufPctRaw":18,"bufPctSmoothed":19,"bufPctDrawn":19,"redraws":92,"sinceLastRedrawMs":7,"lastSkipReason":"none","frozen":false,"last":true}
{"ok":true,"cmd":"get","var":"wrPosbar","bufPctRaw":18,"bufPctSmoothed":19,"bufPctDrawn":19,"redraws":92,"sinceLastRedrawMs":33,"lastSkipReason":"interval","frozen":false,"last":true}
{"ok":true,"cmd":"get","var":"wrPosbar","bufPctRaw":18,"bufPctSmoothed":18,"bufPctDrawn":19,"redraws":92,"sinceLastRedrawMs":86,"lastSkipReason":"interval","frozen":false,"last":true}
{"ok":true,"cmd":"get","var":"wrPosbar","bufPctRaw":18,"bufPctSmoothed":18,"bufPctDrawn":19,"redraws":92,"sinceLastRedrawMs":131,"lastSkipReason":"interval","frozen":false,"last":true}
{"ok":true,"cmd":"get","var":"wrPosbar","bufPctRaw":18,"bufPctSmoothed":18,"bufPctDrawn":19,"redraws":92,"sinceLastRedrawMs":164,"lastSkipReason":"interval","frozen":false,"last":true}
{"ok":true,"cmd":"get","var":"wrPosbar","bufPctRaw":18,"bufPctSmoothed":18,"bufPctDrawn":19,"redraws":92,"sinceLastRedrawMs":192,"lastSkipReason":"interval","frozen":false,"last":true}
{"ok":true,"cmd":"get","var":"wrPosbar","bufPctRaw":17,"bufPctSmoothed":18,"bufPctDrawn":18,"redraws":93,"sinceLastRedrawMs":26,"lastSkipReason":"interval","frozen":false,"last":true}
{"ok":true,"cmd":"get","var":"wrPosbar","bufPctRaw":17,"bufPctSmoothed":17,"bufPctDrawn":18,"redraws":93,"sinceLastRedrawMs":81,"lastSkipReason":"interval","frozen":false,"last":true}
{"ok":true,"cmd":"get","var":"wrPosbar","bufPctRaw":17,"bufPctSmoothed":17,"bufPctDrawn":18,"redraws":93,"sinceLastRedrawMs":131,"lastSkipReason":"interval","frozen":false,"last":true}
{"ok":true,"cmd":"get","var":"wrPosbar","bufPctRaw":17,"bufPctSmoothed":17,"bufPctDrawn":18,"redraws":93,"sinceLastRedrawMs":174,"lastSkipReason":"interval","frozen":false,"last":true}
{"ok":true,"cmd":"get","var":"wrPosbar","bufPctRaw":16,"bufPctSmoothed":17,"bufPctDrawn":17,"redraws":94,"sinceLastRedrawMs":6,"lastSkipReason":"none","frozen":false,"last":true}
{"ok":true,"cmd":"get","var":"wrPosbar","bufPctRaw":16,"bufPctSmoothed":17,"bufPctDrawn":17,"redraws":94,"sinceLastRedrawMs":33,"lastSkipReason":"interval","frozen":false,"last":true}
{"ok":true,"cmd":"get","var":"wrPosbar","bufPctRaw":16,"bufPctSmoothed":16,"bufPctDrawn":17,"redraws":94,"sinceLastRedrawMs":85,"lastSkipReason":"interval","frozen":false,"last":true}
{"ok":true,"cmd":"get","var":"wrPosbar","bufPctRaw":16,"bufPctSmoothed":16,"bufPctDrawn":17,"redraws":94,"sinceLastRedrawMs":137,"lastSkipReason":"interval","frozen":false,"last":true}
{"ok":true,"cmd":"get","var":"wrPosbar","bufPctRaw":16,"bufPctSmoothed":16,"bufPctDrawn":17,"redraws":94,"sinceLastRedrawMs":167,"lastSkipReason":"interval","frozen":false,"last":true}
{"ok":true,"cmd":"get","var":"wrPosbar","bufPctRaw":15,"bufPctSmoothed":16,"bufPctDrawn":16,"redraws":95,"sinceLastRedrawMs":3,"lastSkipReason":"none","frozen":false,"last":true}
{"ok":true,"cmd":"get","var":"wrPosbar","bufPctRaw":15,"bufPctSmoothed":16,"bufPctDrawn":16,"redraws":95,"sinceLastRedrawMs":31,"lastSkipReason":"interval","frozen":false,"last":true}
{"ok":true,"cmd":"get","var":"wrPosbar","bufPctRaw":15,"bufPctSmoothed":15,"bufPctDrawn":16,"redraws":95,"sinceLastRedrawMs":82,"lastSkipReason":"interval","frozen":false,"last":true}
{"ok":true,"cmd":"get","var":"wrPosbar","bufPctRaw":15,"bufPctSmoothed":15,"bufPctDrawn":16,"redraws":95,"sinceLastRedrawMs":135,"lastSkipReason":"interval","frozen":false,"last":true}
{"ok":true,"cmd":"get","var":"wrPosbar","bufPctRaw":15,"bufPctSmoothed":15,"bufPctDrawn":16,"redraws":95,"sinceLastRedrawMs":186,"lastSkipReason":"interval","frozen":false,"last":true}
{"ok":true,"cmd":"get","var":"wrPosbar","bufPctRaw":14,"bufPctSmoothed":15,"bufPctDrawn":15,"redraws":96,"sinceLastRedrawMs":7,"lastSkipReason":"interval","frozen":false,"last":true}
{"ok":true,"cmd":"get","var":"wrPosbar","bufPctRaw":14,"bufPctSmoothed":14,"bufPctDrawn":15,"redraws":96,"sinceLastRedrawMs":52,"lastSkipReason":"interval","frozen":false,"last":true}
{"ok":true,"cmd":"get","var":"wrPosbar","bufPctRaw":14,"bufPctSmoothed":14,"bufPctDrawn":15,"redraws":96,"sinceLastRedrawMs":83,"lastSkipReason":"interval","frozen":false,"last":true}
[I][hb] display=winamp wifi=rssi(-48) disc=1 heap=52k maxAlloc=41k stack_hwm=12224b uptime=00:01:04 poll=0/0 last=0 block_max=0ms loop_max=467ms slow=app.tick:452ms last_poll_age_ms=0 next_poll_in_ms=5000 last_render_age_ms=17305 build=Aug  6 2026-14:20:4
{"ok":true,"cmd":"get","var":"wrPosbar","bufPctRaw":14,"bufPctSmoothed":14,"bufPctDrawn":15,"redraws":96,"sinceLastRedrawMs":160,"lastSkipReason":"interval","frozen":false,"last":true}
{"ok":true,"cmd":"get","var":"wrPosbar","bufPctRaw":14,"bufPctSmoothed":14,"bufPctDrawn":15,"redraws":96,"sinceLastRedrawMs":187,"lastSkipReason":"interval","frozen":false,"last":true}
{"ok":true,"cmd":"get","var":"wrPosbar","bufPctRaw":13,"bufPctSmoothed":14,"bufPctDrawn":14,"redraws":97,"sinceLastRedrawMs":26,"lastSkipReason":"interval","frozen":false,"last":true}
{"ok":true,"cmd":"get","var":"wrPosbar","bufPctRaw":13,"bufPctSmoothed":13,"bufPctDrawn":14,"redraws":97,"sinceLastRedrawMs":74,"lastSkipReason":"interval","frozen":false,"last":true}
{"ok":true,"cmd":"get","var":"wrPosbar","bufPctRaw":13,"bufPctSmoothed":13,"bufPctDrawn":14,"redraws":97,"sinceLastRedrawMs":131,"lastSkipReason":"interval","frozen":false,"last":true}
{"ok":true,"cmd":"get","var":"wrPosbar","bufPctRaw":13,"bufPctSmoothed":13,"bufPctDrawn":14,"redraws":97,"sinceLastRedrawMs":174,"lastSkipReason":"interval","frozen":false,"last":true}
{"ok":true,"cmd":"get","var":"wrPosbar","bufPctRaw":12,"bufPctSmoothed":13,"bufPctDrawn":13,"redraws":98,"sinceLastRedrawMs":3,"lastSkipReason":"none","frozen":false,"last":true}
{"ok":true,"cmd":"get","var":"wrPosbar","bufPctRaw":12,"bufPctSmoothed":13,"bufPctDrawn":13,"redraws":98,"sinceLastRedrawMs":32,"lastSkipReason":"interval","frozen":false,"last":true}
{"ok":true,"cmd":"get","var":"wrPosbar","bufPctRaw":12,"bufPctSmoothed":12,"bufPctDrawn":13,"redraws":98,"sinceLastRedrawMs":83,"lastSkipReason":"interval","frozen":false,"last":true}
{"ok":true,"cmd":"get","var":"wrPosbar","bufPctRaw":12,"bufPctSmoothed":12,"bufPctDrawn":13,"redraws":98,"sinceLastRedrawMs":136,"lastSkipReason":"interval","frozen":false,"last":true}
{"ok":true,"cmd":"get","var":"wrPosbar","bufPctRaw":12,"bufPctSmoothed":12,"bufPctDrawn":13,"redraws":98,"sinceLastRedrawMs":187,"lastSkipReason":"interval","frozen":false,"last":true}
{"ok":true,"cmd":"get","var":"wrPosbar","bufPctRaw":11,"bufPctSmoothed":12,"bufPctDrawn":12,"redraws":99,"sinceLastRedrawMs":22,"lastSkipReason":"interval","frozen":false,"last":true}
{"ok":true,"cmd":"get","var":"wrPosbar","bufPctRaw":11,"bufPctSmoothed":11,"bufPctDrawn":12,"redraws":99,"sinceLastRedrawMs":72,"lastSkipReason":"interval","frozen":false,"last":true}
{"ok":true,"cmd":"get","var":"wrPosbar","bufPctRaw":11,"bufPctSmoothed":11,"bufPctDrawn":12,"redraws":99,"sinceLastRedrawMs":106,"lastSkipReason":"interval","frozen":false,"last":true}
{"ok":true,"cmd":"get","var":"wrPosbar","bufPctRaw":11,"bufPctSmoothed":11,"bufPctDrawn":12,"redraws":99,"sinceLastRedrawMs":136,"lastSkipReason":"interval","frozen":false,"last":true}
{"ok":true,"cmd":"get","var":"wrPosbar","bufPctRaw":11,"bufPctSmoothed":11,"bufPctDrawn":12,"redraws":99,"sinceLastRedrawMs":186,"lastSkipReason":"interval","frozen":false,"last":true}
{"ok":true,"cmd":"get","var":"wrPosbar","bufPctRaw":10,"bufPctSmoothed":11,"bufPctDrawn":11,"redraws":100,"sinceLastRedrawMs":24,"lastSkipReason":"interval","frozen":false,"last":true}
{"ok":true,"cmd":"get","var":"wrPosbar","bufPctRaw":10,"bufPctSmoothed":10,"bufPctDrawn":11,"redraws":100,"sinceLastRedrawMs":71,"lastSkipReason":"interval","frozen":false,"last":true}
{"ok":true,"cmd":"get","var":"wrPosbar","bufPctRaw":10,"bufPctSmoothed":10,"bufPctDrawn":11,"redraws":100,"sinceLastRedrawMs":129,"lastSkipReason":"interval","frozen":false,"last":true}
{"ok":true,"cmd":"get","var":"wrPosbar","bufPctRaw":10,"bufPctSmoothed":10,"bufPctDrawn":11,"redraws":100,"sinceLastRedrawMs":181,"lastSkipReason":"interval","frozen":false,"last":true}
{"ok":true,"cmd":"get","var":"wrPosbar","bufPctRaw":9,"bufPctSmoothed":10,"bufPctDrawn":10,"redraws":101,"sinceLastRedrawMs":27,"lastSkipReason":"interval","frozen":false,"last":true}
{"ok":true,"cmd":"get","var":"wrPosbar","bufPctRaw":9,"bufPctSmoothed":9,"bufPctDrawn":10,"redraws":101,"sinceLastRedrawMs":79,"lastSkipReason":"interval","frozen":false,"last":true}
{"ok":true,"cmd":"get","var":"wrPosbar","bufPctRaw":9,"bufPctSmoothed":9,"bufPctDrawn":10,"redraws":101,"sinceLastRedrawMs":133,"lastSkipReason":"interval","frozen":false,"last":true}
{"ok":true,"cmd":"get","var":"wrPosbar","bufPctRaw":9,"bufPctSmoothed":9,"bufPctDrawn":10,"redraws":101,"sinceLastRedrawMs":184,"lastSkipReason":"interval","frozen":false,"last":true}
{"ok":true,"cmd":"get","var":"wrPosbar","bufPctRaw":8,"bufPctSmoothed":9,"bufPctDrawn":9,"redraws":102,"sinceLastRedrawMs":30,"lastSkipReason":"interval","frozen":false,"last":true}
{"ok":true,"cmd":"get","var":"wrPosbar","bufPctRaw":8,"bufPctSmoothed":8,"bufPctDrawn":9,"redraws":102,"sinceLastRedrawMs":82,"lastSkipReason":"interval","frozen":false,"last":true}
{"ok":true,"cmd":"get","var":"wrPosbar","bufPctRaw":8,"bufPctSmoothed":8,"bufPctDrawn":9,"redraws":102,"sinceLastRedrawMs":135,"lastSkipReason":"interval","frozen":false,"last":true}
{"ok":true,"cmd":"get","var":"wrPosbar","bufPctRaw":8,"bufPctSmoothed":8,"bufPctDrawn":9,"redraws":102,"sinceLastRedrawMs":189,"lastSkipReason":"interval","frozen":false,"last":true}
{"ok":true,"cmd":"get","var":"wrPosbar","bufPctRaw":7,"bufPctSmoothed":8,"bufPctDrawn":8,"redraws":103,"sinceLastRedrawMs":26,"lastSkipReason":"interval","frozen":false,"last":true}
{"ok":true,"cmd":"get","var":"wrPosbar","bufPctRaw":7,"bufPctSmoothed":7,"bufPctDrawn":8,"redraws":103,"sinceLastRedrawMs":73,"lastSkipReason":"interval","frozen":false,"last":true}
{"ok":true,"cmd":"get","var":"wrPosbar","bufPctRaw":7,"bufPctSmoothed":7,"bufPctDrawn":8,"redraws":103,"sinceLastRedrawMs":121,"lastSkipReason":"interval","frozen":false,"last":true}
{"ok":true,"cmd":"get","var":"wrPosbar","bufPctRaw":7,"bufPctSmoothed":7,"bufPctDrawn":8,"redraws":103,"sinceLastRedrawMs":155,"lastSkipReason":"interval","frozen":false,"last":true}
{"ok":true,"cmd":"get","var":"wrPosbar","bufPctRaw":6,"bufPctSmoothed":7,"bufPctDrawn":7,"redraws":104,"sinceLastRedrawMs":7,"lastSkipReason":"none","frozen":false,"last":true}
{"ok":true,"cmd":"get","var":"wrPosbar","bufPctRaw":6,"bufPctSmoothed":7,"bufPctDrawn":7,"redraws":104,"sinceLastRedrawMs":39,"lastSkipReason":"interval","frozen":false,"last":true}
{"ok":true,"cmd":"get","var":"wrPosbar","bufPctRaw":6,"bufPctSmoothed":6,"bufPctDrawn":7,"redraws":104,"sinceLastRedrawMs":86,"lastSkipReason":"interval","frozen":false,"last":true}
{"ok":true,"cmd":"get","var":"wrPosbar","bufPctRaw":6,"bufPctSmoothed":6,"bufPctDrawn":7,"redraws":104,"sinceLastRedrawMs":140,"lastSkipReason":"interval","frozen":false,"last":true}
{"ok":true,"cmd":"get","var":"wrPosbar","bufPctRaw":6,"bufPctSmoothed":6,"bufPctDrawn":7,"redraws":104,"sinceLastRedrawMs":191,"lastSkipReason":"interval","frozen":false,"last":true}
{"ok":true,"cmd":"get","var":"wrPosbar","bufPctRaw":5,"bufPctSmoothed":6,"bufPctDrawn":6,"redraws":105,"sinceLastRedrawMs":25,"lastSkipReason":"interval","frozen":false,"last":true}
{"ok":true,"cmd":"get","var":"wrPosbar","bufPctRaw":5,"bufPctSmoothed":6,"bufPctDrawn":6,"redraws":105,"sinceLastRedrawMs":59,"lastSkipReason":"interval","frozen":false,"last":true}
{"ok":true,"cmd":"get","var":"wrPosbar","bufPctRaw":5,"bufPctSmoothed":5,"bufPctDrawn":6,"redraws":105,"sinceLastRedrawMs":84,"lastSkipReason":"interval","frozen":false,"last":true}
{"ok":true,"cmd":"get","var":"wrPosbar","bufPctRaw":5,"bufPctSmoothed":5,"bufPctDrawn":6,"redraws":105,"sinceLastRedrawMs":114,"lastSkipReason":"interval","frozen":false,"last":true}
{"ok":true,"cmd":"get","var":"wrPosbar","bufPctRaw":5,"bufPctSmoothed":5,"bufPctDrawn":6,"redraws":105,"sinceLastRedrawMs":161,"lastSkipReason":"interval","frozen":false,"last":true}
{"ok":true,"cmd":"get","var":"wrPosbar","bufPctRaw":5,"bufPctSmoothed":5,"bufPctDrawn":6,"redraws":105,"sinceLastRedrawMs":189,"lastSkipReason":"interval","frozen":false,"last":true}
{"ok":true,"cmd":"get","var":"wrPosbar","bufPctRaw":4,"bufPctSmoothed":5,"bufPctDrawn":5,"redraws":106,"sinceLastRedrawMs":28,"lastSkipReason":"interval","frozen":false,"last":true}
{"ok":true,"cmd":"get","var":"wrPosbar","bufPctRaw":4,"bufPctSmoothed":4,"bufPctDrawn":5,"redraws":106,"sinceLastRedrawMs":80,"lastSkipReason":"interval","frozen":false,"last":true}
{"ok":true,"cmd":"get","var":"wrPosbar","bufPctRaw":4,"bufPctSmoothed":4,"bufPctDrawn":5,"redraws":106,"sinceLastRedrawMs":133,"lastSkipReason":"interval","frozen":false,"last":true}
{"ok":true,"cmd":"get","var":"wrPosbar","bufPctRaw":4,"bufPctSmoothed":4,"bufPctDrawn":5,"redraws":106,"sinceLastRedrawMs":179,"lastSkipReason":"interval","frozen":false,"last":true}
{"ok":true,"cmd":"get","var":"wrPosbar","bufPctRaw":3,"bufPctSmoothed":4,"bufPctDrawn":4,"redraws":107,"sinceLastRedrawMs":19,"lastSkipReason":"interval","frozen":false,"last":true}
{"ok":true,"cmd":"get","var":"wrPosbar","bufPctRaw":3,"bufPctSmoothed":3,"bufPctDrawn":4,"redraws":107,"sinceLastRedrawMs":56,"lastSkipReason":"interval","frozen":false,"last":true}
{"ok":true,"cmd":"get","var":"wrPosbar","bufPctRaw":3,"bufPctSmoothed":3,"bufPctDrawn":4,"redraws":107,"sinceLastRedrawMs":80,"lastSkipReason":"interval","frozen":false,"last":true}
{"ok":true,"cmd":"get","var":"wrPosbar","bufPctRaw":3,"bufPctSmoothed":3,"bufPctDrawn":4,"redraws":107,"sinceLastRedrawMs":133,"lastSkipReason":"interval","frozen":false,"last":true}
{"ok":true,"cmd":"get","var":"wrPosbar","bufPctRaw":3,"bufPctSmoothed":3,"bufPctDrawn":4,"redraws":107,"sinceLastRedrawMs":185,"lastSkipReason":"interval","frozen":false,"last":true}
{"ok":true,"cmd":"get","var":"wrPosbar","bufPctRaw":2,"bufPctSmoothed":3,"bufPctDrawn":3,"redraws":108,"sinceLastRedrawMs":6,"lastSkipReason":"interval","frozen":false,"last":true}
{"ok":true,"cmd":"get","var":"wrPosbar","bufPctRaw":2,"bufPctSmoothed":2,"bufPctDrawn":3,"redraws":108,"sinceLastRedrawMs":53,"lastSkipReason":"interval","frozen":false,"last":true}
{"ok":true,"cmd":"get","var":"wrPosbar","bufPctRaw":2,"bufPctSmoothed":2,"bufPctDrawn":3,"redraws":108,"sinceLastRedrawMs":82,"lastSkipReason":"interval","frozen":false,"last":true}
{"ok":true,"cmd":"get","var":"wrPosbar","bufPctRaw":2,"bufPctSmoothed":2,"bufPctDrawn":3,"redraws":108,"sinceLastRedrawMs":133,"lastSkipReason":"interval","frozen":false,"last":true}
{"ok":true,"cmd":"get","var":"wrPosbar","bufPctRaw":2,"bufPctSmoothed":2,"bufPctDrawn":3,"redraws":108,"sinceLastRedrawMs":186,"lastSkipReason":"interval","frozen":false,"last":true}
{"ok":true,"cmd":"get","var":"wrPosbar","bufPctRaw":1,"bufPctSmoothed":2,"bufPctDrawn":2,"redraws":109,"sinceLastRedrawMs":28,"lastSkipReason":"interval","frozen":false,"last":true}
{"ok":true,"cmd":"get","var":"wrPosbar","bufPctRaw":1,"bufPctSmoothed":1,"bufPctDrawn":2,"redraws":109,"sinceLastRedrawMs":80,"lastSkipReason":"interval","frozen":false,"last":true}
{"ok":true,"cmd":"get","var":"wrPosbar","bufPctRaw":1,"bufPctSmoothed":1,"bufPctDrawn":2,"redraws":109,"sinceLastRedrawMs":133,"lastSkipReason":"interval","frozen":false,"last":true}
{"ok":true,"cmd":"get","var":"wrPosbar","bufPctRaw":1,"bufPctSmoothed":1,"bufPctDrawn":2,"redraws":109,"sinceLastRedrawMs":163,"lastSkipReason":"interval","frozen":false,"last":true}
{"ok":true,"cmd":"get","var":"wrPosbar","bufPctRaw":0,"bufPctSmoothed":1,"bufPctDrawn":1,"redraws":110,"sinceLastRedrawMs":7,"lastSkipReason":"none","frozen":false,"last":true}
{"ok":true,"cmd":"get","var":"wrPosbar","bufPctRaw":0,"bufPctSmoothed":1,"bufPctDrawn":1,"redraws":110,"sinceLastRedrawMs":34,"lastSkipReason":"interval","frozen":false,"last":true}
{"ok":true,"cmd":"get","var":"wrPosbar","bufPctRaw":0,"bufPctSmoothed":0,"bufPctDrawn":1,"redraws":110,"sinceLastRedrawMs":86,"lastSkipReason":"interval","frozen":false,"last":true}
{"ok":true,"cmd":"get","var":"wrPosbar","bufPctRaw":0,"bufPctSmoothed":0,"bufPctDrawn":1,"redraws":110,"sinceLastRedrawMs":129,"lastSkipReason":"interval","frozen":false,"last":true}
{"ok":true,"cmd":"get","var":"wrPosbar","bufPctRaw":0,"bufPctSmoothed":0,"bufPctDrawn":1,"redraws":110,"sinceLastRedrawMs":163,"lastSkipReason":"interval","frozen":false,"last":true}
{"ok":true,"cmd":"get","var":"wrPosbar","bufPctRaw":0,"bufPctSmoothed":0,"bufPctDrawn":1,"redraws":110,"sinceLastRedrawMs":191,"lastSkipReason":"interval","frozen":false,"last":true}
{"ok":true,"cmd":"get","var":"wrPosbar","bufPctRaw":0,"bufPctSmoothed":0,"bufPctDrawn":0,"redraws":111,"sinceLastRedrawMs":6,"lastSkipReason":"none","frozen":false,"last":true}
{"ok":true,"cmd":"get","var":"wrPosbar","bufPctRaw":0,"bufPctSmoothed":0,"bufPctDrawn":0,"redraws":111,"sinceLastRedrawMs":55,"lastSkipReason":"interval","frozen":false,"last":true}
{"ok":true,"cmd":"get","var":"wrPosbar","bufPctRaw":0,"bufPctSmoothed":0,"bufPctDrawn":0,"redraws":111,"sinceLastRedrawMs":82,"lastSkipReason":"interval","frozen":false,"last":true}
{"ok":true,"cmd":"set","var":"wrPosbarSimDrain","val":"0"}
{"ok":true,"cmd":"get","var":"wrPosbar","bufPctRaw":72,"bufPctSmoothed":51,"bufPctDrawn":0,"redraws":111,"sinceLastRedrawMs":157,"lastSkipReason":"interval","frozen":false,"last":true}
{"ok":true,"cmd":"get","var":"wrPosbar","bufPctRaw":78,"bufPctSmoothed":59,"bufPctDrawn":0,"redraws":111,"sinceLastRedrawMs":188,"lastSkipReason":"interval","frozen":false,"last":true}
{"ok":true,"cmd":"get","var":"wrPosbar","bufPctRaw":75,"bufPctSmoothed":73,"bufPctDrawn":2,"redraws":112,"sinceLastRedrawMs":30,"lastSkipReason":"interval","frozen":false,"last":true}
{"ok":true,"cmd":"get","var":"wrPosbar","bufPctRaw":61,"bufPctSmoothed":68,"bufPctDrawn":2,"redraws":112,"sinceLastRedrawMs":82,"lastSkipReason":"interval","frozen":false,"last":true}
{"ok":true,"cmd":"get","var":"wrPosbar","bufPctRaw":71,"bufPctSmoothed":70,"bufPctDrawn":2,"redraws":112,"sinceLastRedrawMs":135,"lastSkipReason":"interval","frozen":false,"last":true}
{"ok":true,"cmd":"get","var":"wrPosbar","bufPctRaw":87,"bufPctSmoothed":74,"bufPctDrawn":2,"redraws":112,"sinceLastRedrawMs":165,"lastSkipReason":"interval","frozen":false,"last":true}
{"ok":true,"cmd":"get","var":"wrPosbar","bufPctRaw":80,"bufPctSmoothed":77,"bufPctDrawn":2,"redraws":112,"sinceLastRedrawMs":206,"lastSkipReason":"interval","frozen":false,"last":true}
{"ok":true,"cmd":"get","var":"wrPosbar","bufPctRaw":67,"bufPctSmoothed":75,"bufPctDrawn":4,"redraws":113,"sinceLastRedrawMs":8,"lastSkipReason":"none","frozen":false,"last":true}
{"ok":true,"cmd":"get","var":"wrPosbar","bufPctRaw":77,"bufPctSmoothed":79,"bufPctDrawn":4,"redraws":113,"sinceLastRedrawMs":57,"lastSkipReason":"interval","frozen":false,"last":true}
{"ok":true,"cmd":"get","var":"wrPosbar","bufPctRaw":63,"bufPctSmoothed":73,"bufPctDrawn":4,"redraws":113,"sinceLastRedrawMs":109,"lastSkipReason":"interval","frozen":false,"last":true}
{"ok":true,"cmd":"get","var":"wrPosbar","bufPctRaw":73,"bufPctSmoothed":75,"bufPctDrawn":4,"redraws":113,"sinceLastRedrawMs":162,"lastSkipReason":"interval","frozen":false,"last":true}
{"ok":true,"cmd":"get","var":"wrPosbar","bufPctRaw":66,"bufPctSmoothed":72,"bufPctDrawn":4,"redraws":113,"sinceLastRedrawMs":192,"lastSkipReason":"interval","frozen":false,"last":true}
{"ok":true,"cmd":"get","var":"wrPosbar","bufPctRaw":100,"bufPctSmoothed":83,"bufPctDrawn":6,"redraws":114,"sinceLastRedrawMs":26,"lastSkipReason":"interval","frozen":false,"last":true}
{"ok":true,"cmd":"get","var":"wrPosbar","bufPctRaw":92,"bufPctSmoothed":86,"bufPctDrawn":6,"redraws":114,"sinceLastRedrawMs":56,"lastSkipReason":"interval","frozen":false,"last":true}
{"ok":true,"cmd":"get","var":"wrPosbar","bufPctRaw":93,"bufPctSmoothed":92,"bufPctDrawn":6,"redraws":114,"sinceLastRedrawMs":106,"lastSkipReason":"interval","frozen":false,"last":true}
{"ok":true,"cmd":"get","var":"wrPosbar","bufPctRaw":93,"bufPctSmoothed":94,"bufPctDrawn":6,"redraws":114,"sinceLastRedrawMs":159,"lastSkipReason":"interval","frozen":false,"last":true}
{"ok":true,"cmd":"get","var":"wrPosbar","bufPctRaw":93,"bufPctSmoothed":96,"bufPctDrawn":8,"redraws":115,"sinceLastRedrawMs":13,"lastSkipReason":"none","frozen":false,"last":true}
{"ok":true,"cmd":"get","var":"wrPosbar","bufPctRaw":93,"bufPctSmoothed":96,"bufPctDrawn":8,"redraws":115,"sinceLastRedrawMs":63,"lastSkipReason":"interval","frozen":false,"last":true}
{"ok":true,"cmd":"get","var":"wrPosbar","bufPctRaw":93,"bufPctSmoothed":97,"bufPctDrawn":8,"redraws":115,"sinceLastRedrawMs":115,"lastSkipReason":"interval","frozen":false,"last":true}
{"ok":true,"cmd":"get","var":"wrPosbar","bufPctRaw":93,"bufPctSmoothed":97,"bufPctDrawn":8,"redraws":115,"sinceLastRedrawMs":168,"lastSkipReason":"interval","frozen":false,"last":true}
{"ok":true,"cmd":"get","var":"wrPosbar","bufPctRaw":93,"bufPctSmoothed":96,"bufPctDrawn":10,"redraws":116,"sinceLastRedrawMs":11,"lastSkipReason":"none","frozen":false,"last":true}
{"ok":true,"cmd":"get","var":"wrPosbar","bufPctRaw":93,"bufPctSmoothed":96,"bufPctDrawn":10,"redraws":116,"sinceLastRedrawMs":62,"lastSkipReason":"interval","frozen":false,"last":true}
{"ok":true,"cmd":"get","var":"wrPosbar","bufPctRaw":86,"bufPctSmoothed":93,"bufPctDrawn":10,"redraws":116,"sinceLastRedrawMs":115,"lastSkipReason":"interval","frozen":false,"last":true}
{"ok":true,"cmd":"get","var":"wrPosbar","bufPctRaw":73,"bufPctSmoothed":85,"bufPctDrawn":10,"redraws":116,"sinceLastRedrawMs":167,"lastSkipReason":"interval","frozen":false,"last":true}
{"ok":true,"cmd":"get","var":"wrPosbar","bufPctRaw":60,"bufPctSmoothed":75,"bufPctDrawn":12,"redraws":117,"sinceLastRedrawMs":12,"lastSkipReason":"none","frozen":false,"last":true}
{"ok":true,"cmd":"get","var":"wrPosbar","bufPctRaw":54,"bufPctSmoothed":67,"bufPctDrawn":12,"redraws":117,"sinceLastRedrawMs":57,"lastSkipReason":"interval","frozen":false,"last":true}
{"ok":true,"cmd":"get","var":"wrPosbar","bufPctRaw":100,"bufPctSmoothed":79,"bufPctDrawn":12,"redraws":117,"sinceLastRedrawMs":92,"lastSkipReason":"interval","frozen":false,"last":true}
{"ok":true,"cmd":"get","var":"wrPosbar","bufPctRaw":100,"bufPctSmoothed":92,"bufPctDrawn":12,"redraws":117,"sinceLastRedrawMs":135,"lastSkipReason":"interval","frozen":false,"last":true}
{"ok":true,"cmd":"get","var":"wrPosbar","bufPctRaw":100,"bufPctSmoothed":94,"bufPctDrawn":12,"redraws":117,"sinceLastRedrawMs":170,"lastSkipReason":"interval","frozen":false,"last":true}
{"ok":true,"cmd":"get","var":"wrPosbar","bufPctRaw":93,"bufPctSmoothed":95,"bufPctDrawn":14,"redraws":118,"sinceLastRedrawMs":13,"lastSkipReason":"none","frozen":false,"last":true}
{"ok":true,"cmd":"get","var":"wrPosbar","bufPctRaw":93,"bufPctSmoothed":96,"bufPctDrawn":14,"redraws":118,"sinceLastRedrawMs":63,"lastSkipReason":"interval","frozen":false,"last":true}
{"ok":true,"cmd":"get","var":"wrPosbar","bufPctRaw":93,"bufPctSmoothed":97,"bufPctDrawn":14,"redraws":118,"sinceLastRedrawMs":115,"lastSkipReason":"interval","frozen":false,"last":true}
{"ok":true,"cmd":"get","var":"wrPosbar","bufPctRaw":93,"bufPctSmoothed":97,"bufPctDrawn":14,"redraws":118,"sinceLastRedrawMs":168,"lastSkipReason":"interval","frozen":false,"last":true}
{"ok":true,"cmd":"get","var":"wrPosbar","bufPctRaw":93,"bufPctSmoothed":96,"bufPctDrawn":16,"redraws":119,"sinceLastRedrawMs":11,"lastSkipReason":"none","frozen":false,"last":true}
{"ok":true,"cmd":"get","var":"wrPosbar","bufPctRaw":100,"bufPctSmoothed":97,"bufPctDrawn":16,"redraws":119,"sinceLastRedrawMs":53,"lastSkipReason":"interval","frozen":false,"last":true}
{"ok":true,"cmd":"get","var":"wrPosbar","bufPctRaw":93,"bufPctSmoothed":96,"bufPctDrawn":16,"redraws":119,"sinceLastRedrawMs":86,"lastSkipReason":"interval","frozen":false,"last":true}
{"ok":true,"cmd":"get","var":"wrPosbar","bufPctRaw":87,"bufPctSmoothed":92,"bufPctDrawn":16,"redraws":119,"sinceLastRedrawMs":118,"lastSkipReason":"interval","frozen":false,"last":true}
{"ok":true,"cmd":"get","var":"wrPosbar","bufPctRaw":73,"bufPctSmoothed":82,"bufPctDrawn":16,"redraws":119,"sinceLastRedrawMs":167,"lastSkipReason":"interval","frozen":false,"last":true}
{"ok":true,"cmd":"get","var":"wrPosbar","bufPctRaw":60,"bufPctSmoothed":74,"bufPctDrawn":18,"redraws":120,"sinceLastRedrawMs":12,"lastSkipReason":"none","frozen":false,"last":true}
{"ok":true,"cmd":"get","var":"wrPosbar","bufPctRaw":54,"bufPctSmoothed":64,"bufPctDrawn":18,"redraws":120,"sinceLastRedrawMs":57,"lastSkipReason":"interval","frozen":false,"last":true}
{"ok":true,"cmd":"get","var":"wrPosbar","bufPctRaw":34,"bufPctSmoothed":51,"bufPctDrawn":18,"redraws":120,"sinceLastRedrawMs":115,"lastSkipReason":"interval","frozen":false,"last":true}
{"ok":true,"cmd":"get","var":"wrPosbar","bufPctRaw":21,"bufPctSmoothed":39,"bufPctDrawn":18,"redraws":120,"sinceLastRedrawMs":168,"lastSkipReason":"interval","frozen":false,"last":true}
{"ok":true,"cmd":"get","var":"wrPosbar","bufPctRaw":60,"bufPctSmoothed":47,"bufPctDrawn":20,"redraws":121,"sinceLastRedrawMs":4,"lastSkipReason":"none","frozen":false,"last":true}
{"ok":true,"cmd":"get","var":"wrPosbar","bufPctRaw":88,"bufPctSmoothed":57,"bufPctDrawn":20,"redraws":121,"sinceLastRedrawMs":49,"lastSkipReason":"interval","frozen":false,"last":true}
{"ok":true,"cmd":"get","var":"wrPosbar","bufPctRaw":93,"bufPctSmoothed":77,"bufPctDrawn":20,"redraws":121,"sinceLastRedrawMs":94,"lastSkipReason":"interval","frozen":false,"last":true}
[I][webradio] HEAP play free=48996 min=44448
{"ok":true,"cmd":"get","var":"wrPosbar","bufPctRaw":93,"bufPctSmoothed":86,"bufPctDrawn":20,"redraws":121,"sinceLastRedrawMs":143,"lastSkipReason":"interval","frozen":false,"last":true}
{"ok":true,"cmd":"get","var":"wrPosbar","bufPctRaw":100,"bufPctSmoothed":91,"bufPctDrawn":20,"redraws":121,"sinceLastRedrawMs":172,"lastSkipReason":"interval","frozen":false,"last":true}
{"ok":true,"cmd":"get","var":"wrPosbar","bufPctRaw":100,"bufPctSmoothed":93,"bufPctDrawn":20,"redraws":121,"sinceLastRedrawMs":201,"lastSkipReason":"interval","frozen":false,"last":true}
{"ok":true,"cmd":"get","var":"wrPosbar","bufPctRaw":93,"bufPctSmoothed":96,"bufPctDrawn":22,"redraws":122,"sinceLastRedrawMs":26,"lastSkipReason":"interval","frozen":false,"last":true}
{"ok":true,"cmd":"get","var":"wrPosbar","bufPctRaw":100,"bufPctSmoothed":97,"bufPctDrawn":22,"redraws":122,"sinceLastRedrawMs":73,"lastSkipReason":"interval","frozen":false,"last":true}
{"ok":true,"cmd":"get","var":"wrPosbar","bufPctRaw":93,"bufPctSmoothed":95,"bufPctDrawn":22,"redraws":122,"sinceLastRedrawMs":108,"lastSkipReason":"interval","frozen":false,"last":true}
{"ok":true,"cmd":"get","var":"wrPosbar","bufPctRaw":93,"bufPctSmoothed":96,"bufPctDrawn":22,"redraws":122,"sinceLastRedrawMs":158,"lastSkipReason":"interval","frozen":false,"last":true}
{"ok":true,"cmd":"get","var":"wrPosbar","bufPctRaw":93,"bufPctSmoothed":96,"bufPctDrawn":24,"redraws":123,"sinceLastRedrawMs":6,"lastSkipReason":"none","frozen":false,"last":true}
{"ok":true,"cmd":"get","var":"wrPosbar","bufPctRaw":100,"bufPctSmoothed":97,"bufPctDrawn":24,"redraws":123,"sinceLastRedrawMs":48,"lastSkipReason":"interval","frozen":false,"last":true}
{"ok":true,"cmd":"get","var":"wrPosbar","bufPctRaw":93,"bufPctSmoothed":96,"bufPctDrawn":24,"redraws":123,"sinceLastRedrawMs":81,"lastSkipReason":"interval","frozen":false,"last":true}
{"ok":true,"cmd":"get","var":"wrPosbar","bufPctRaw":93,"bufPctSmoothed":95,"bufPctDrawn":24,"redraws":123,"sinceLastRedrawMs":111,"lastSkipReason":"interval","frozen":false,"last":true}
{"ok":true,"cmd":"get","var":"wrPosbar","bufPctRaw":100,"bufPctSmoothed":96,"bufPctDrawn":24,"redraws":123,"sinceLastRedrawMs":140,"lastSkipReason":"interval","frozen":false,"last":true}
{"ok":true,"cmd":"get","var":"wrPosbar","bufPctRaw":93,"bufPctSmoothed":97,"bufPctDrawn":24,"redraws":123,"sinceLastRedrawMs":186,"lastSkipReason":"interval","frozen":false,"last":true}
{"ok":true,"cmd":"get","var":"wrPosbar","bufPctRaw":100,"bufPctSmoothed":97,"bufPctDrawn":26,"redraws":124,"sinceLastRedrawMs":11,"lastSkipReason":"interval","frozen":false,"last":true}
{"ok":true,"cmd":"get","var":"wrPosbar","bufPctRaw":93,"bufPctSmoothed":96,"bufPctDrawn":26,"redraws":124,"sinceLastRedrawMs":59,"lastSkipReason":"interval","frozen":false,"last":true}
{"ok":true,"cmd":"get","var":"wrPosbar","bufPctRaw":93,"bufPctSmoothed":96,"bufPctDrawn":26,"redraws":124,"sinceLastRedrawMs":111,"lastSkipReason":"interval","frozen":false,"last":true}
{"ok":true,"cmd":"get","var":"wrPosbar","bufPctRaw":93,"bufPctSmoothed":96,"bufPctDrawn":26,"redraws":124,"sinceLastRedrawMs":164,"lastSkipReason":"interval","frozen":false,"last":true}
{"ok":true,"cmd":"get","var":"wrPosbar","bufPctRaw":93,"bufPctSmoothed":96,"bufPctDrawn":28,"redraws":125,"sinceLastRedrawMs":8,"lastSkipReason":"none","frozen":false,"last":true}
{"ok":true,"cmd":"get","var":"wrPosbar","bufPctRaw":93,"bufPctSmoothed":96,"bufPctDrawn":28,"redraws":125,"sinceLastRedrawMs":59,"lastSkipReason":"interval","frozen":false,"last":true}
{"ok":true,"cmd":"get","var":"wrPosbar","bufPctRaw":100,"bufPctSmoothed":97,"bufPctDrawn":28,"redraws":125,"sinceLastRedrawMs":91,"lastSkipReason":"interval","frozen":false,"last":true}
{"ok":true,"cmd":"get","var":"wrPosbar","bufPctRaw":93,"bufPctSmoothed":97,"bufPctDrawn":28,"redraws":125,"sinceLastRedrawMs":137,"lastSkipReason":"interval","frozen":false,"last":true}
{"ok":true,"cmd":"get","var":"wrPosbar","bufPctRaw":93,"bufPctSmoothed":95,"bufPctDrawn":28,"redraws":125,"sinceLastRedrawMs":166,"lastSkipReason":"interval","frozen":false,"last":true}
ets Jul 29 2019 12:21:46

rst:0x1 (POWERON_RESET),boot:0x13 (SPI_FAST_FLASH_BOOT)
configsip: 0, SPIWP:0xee
clk_drv:0x00,q_drv:0x00,d_drv:0x00,cs0_drv:0x00,hd_drv:0x00,wp_drv:0x00
mode:DIO, clock div:2
load:0x3fff0030,len:1184
load:0x40078000,len:13232
load:0x40080400,len:3028
entry 0x400805e4
[membudget] boot-baseline freeInt=204444 lfbInt=110580 freeDma=161300 lfbDma=110580
[boot] git=3ce7812+ elf=1a5be47c build=Aug  6 2026 14:20:45
cyd display setup
winamp display setup

Initialisation done.
SettingsStorage: loaded
TouchCalStorage: loaded xMin=223 xMax=3582 yMin=196 yMax=3890
[D][chrome] drawVolume pct=-1 keyframe=NONE
reading config file
opened config file
parsed json
config loaded: clientId=db…e0 (len=32) clientSecret=b9…63 (len=32) refreshToken=AQ…ng (len=131)
[wifi-ev] t=681 ev=0 EV
ets Jul 29 2019 12:21:46

rst:0x1 (POWERON_RESET),boot:0x13 (SPI_FAST_FLASH_BOOT)
configsip: 0, SPIWP:0xee
clk_drv:0x00,q_drv:0x00,d_drv:0x00,cs0_drv:0x00,hd_drv:0x00,wp_drv:0x00
mode:DIO, clock div:2
load:0x3fff0030,len:1184
load:0x40078000,len:13232
load:0x40080400,len:3028
entry 0x400805e4
[membudget] boot-baseline freeInt=204444 lfbInt=110580 freeDma=161300 lfbDma=110580
[boot] git=3ce7812+ elf=1a5be47c build=Aug  6 2026 14:20:45
cyd display setup
winamp display setup

Initialisation done.
SettingsStorage: loaded
TouchCalStorage: loaded xMin=223 xMax=3582 yMin=196 yMax=3890
[D][chrome] drawVolume pct=-1 keyframe=NONE
reading config file
opened config file
parsed json
config loaded: clientId=db…e0 (len=32) clientSecret=b9…63 (len=32) refreshToken=AQ…ng (len=131)
[wifi-ev] t=681 ev=0 EV
[wifi-ev] t=756 ev=2 STA_START
[wifi-ev] t=797 ev=5 STA_DISCONNECTED reason=202
[wifi-ev] t=871 ev=4 STA_CONNECTED
[wifi-ev] t=1420 ev=7 STA_GOT_IP ip=192.168.1.181
IP address: 192.168.1.181
udget] post-wifi freeInt=148492 lfbInt=102388 freeDma=105484 lfbDma=102388
[time] synced epoch=1786023624 in 2752ms
[boot] spotify=idle (playerMode=webradio) — refresh deferred to first toggle
[I][spotify.task] task started; pinned core=1 stack=10240B period=5000ms
[I][spotify.task] begin ok — handle=0x3ffe94d8 startIdle=1
[membudget] post-spotifyTask freeInt=135904 lfbInt=90100 freeDma=92760 lfbDma=90100
[membudget] post-dataTask freeInt=121048 lfbInt=73716 freeDma=77904 lfbDma=73716
[I][dataTask] task started stack=14336B
[D][chrome] drawVolume pct=-1 keyframe=NONE
[shell] leaving 0  heap=121048 maxAlloc=73716 minFree=120928
[I][webradio] HEAP init free=120644 min=120624
[I][webradio] HEAP pre-fetch free=120644 min=120624
[shell] entered 11  heap=120644 maxAlloc=73716 minFree=120624
[shell] switch 0->11 suspend=1ms wipe=27ms init=1ms taskbar=25ms total=54ms
[membudget] post-init-idle freeInt=120644 lfbInt=73716 freeDma=77500 lfbDma=73716
{"ok":true,"cmd":"get","var":"variant","spotify":"on","last":true}
i(-51) disc=1 heap=117k maxAlloc=71k stack_hwm=17580b uptime=00:00:04 poll=0/0 last=0 block_max=0ms loop_max=0ms slow=shell.switch:54ms last_poll_age_ms=0 next_poll_in_ms=5000 last_render_age_ms=80 build=Aug  6 2026-14:20:45
[D][chrome] drawVolume pct=-1 keyframe=NONE
[D][chrome] drawVolume pct=100 keyframe=4
[W][perf] iter=87ms (worst path so far: app.tick:60ms)
{"ok":true,"cmd":"get","var":"playerMode","val":1,"name":"WebRadio","last":true}
{"ok":true,"cmd":"get","var":"heap","freeInt":56404,"lfbInt":42996,"freeDma":13260,"lfbDma":11764,"last":true}
{"ok":true,"cmd":"info","git":"3ce7812+","elf":"1a5be47c","build":"Aug  6 2026 14:20:45","heap":56404,"isPlaying":false,"progressMs":0,"durationMs":0,"volumePct":-1,"shuffle":false,"repeat":2,"consecutiveFailures":0}
{"ok":true,"cmd":"get","var":"appId","id":11,"name":"WebRadio","last":true}
{"ok":true,"cmd":"get","var":"appId","id":11,"name":"WebRadio","last":true}
{"ok":true,"cmd":"get","var":"wrCount","count":0,"pending":1,"last":true}
{"ok":true,"cmd":"set","var":"bgPoll","val":"0"}
{"ok":true,"cmd":"get","var":"wrCount","count":0,"pending":1,"last":true}
{"ok":true,"cmd":"get","var":"wrCount","count":0,"pending":1,"last":true}
[I][dataTask.webradio] GET mirror=all.api.radio-browser.info code=200 elapsed=3426ms
[D][dataTask.webradio] url=https://all.api.radio-browser.info/json/stations/search?countrycode=NL&codec=MP3&hidebroken=true&order=votes&reverse=true&limit=30&offset=30&bitrateMax=128
{"ok":true,"cmd":"get","var":"wrCount","count":0,"pending":1,"last":true}
{"ok":true,"cmd":"get","var":"wrCount","count":0,"pending":1,"last":true}
[I][dataTask.webradio] GET mirror=all.api.radio-browser.info code=200 elapsed=3390ms
[I][dataTask.webradio] ok mirror=all.api.radio-browser.info country=NL count=30
[D][dataTask.webradio] heap free=74k maxBlk=23k
[I][webradio] HEAP post-fetch free=119608 min=55508
[I][webradio] stations loaded count=30 country=NL
[I][spotify.tls] tls yield — resumed
[D][chrome] drawVolume pct=100 keyframe=4
[D][chrome] drawVolume pct=100 keyframe=4
[W][perf] iter=79ms (worst path so far: app.tick:77ms)
{"ok":true,"cmd":"get","var":"wrCount","count":30,"pending":0,"last":true}
{"ok":true,"cmd":"get","var":"wrCount","count":30,"pending":0,"last":true}
{"ok":true,"cmd":"set","var":"bgPoll","val":"1"}
{"ok":true,"cmd":"get","var":"wrState","state":0,"last":true}
{"ok":true,"cmd":"get","var":"wrState","state":0,"last":true}
{"ok":true,"cmd":"get","var":"wrState","state":0,"last":true}
{"ok":true,"cmd":"get","var":"wrState","state":0,"last":true}
{"ok":true,"cmd":"get","var":"wrState","state":0,"last":true}
{"ok":true,"cmd":"get","var":"wrState","state":0,"last":true}
{"ok":true,"cmd":"get","var":"wrState","state":0,"last":true}
{"ok":true,"cmd":"get","var":"wrState","state":0,"last":true}
{"ok":true,"cmd":"get","var":"wrState","state":0,"last":true}
{"ok":true,"cmd":"get","var":"wrState","state":0,"last":true}
{"ok":true,"cmd":"get","var":"wrState","state":0,"last":true}
[I][hb] display=winamp wifi=rssi(-50) disc=1 heap=117k maxAlloc=41k stack_hwm=12972b uptime=00:00:34 poll=0/0 last=0 block_max=0ms loop_max=87ms slow=app.tick:77ms last_poll_age_ms=0 next_poll_in_ms=5000 last_render_age_ms=21940 build=Aug  6 2026-14:20:45
{"ok":true,"cmd":"get","var":"wrState","state":0,"last":true}
{"ok":true,"cmd":"get","var":"wrState","state":0,"last":true}
{"ok":true,"cmd":"get","var":"heap","freeInt":120024,"lfbInt":42996,"freeDma":76880,"lfbDma":42996,"last":true}
{"ok":true,"cmd":"get","var":"backoff","consecutiveFailures":0,"nextPollMs":5000,"last":true}
{"ok":true,"cmd":"get","var":"dataq","ms":39372,"queueWaiting":0,"pendingMask":0,"inFlight":-1,"inFlightMs":4360,"wrPhase":2,"wrPhaseMs":12412,"wrEnqueues":1,"wrDrops":0,"yieldCount":0,"tlsStopped":false,"spAct":2,"spActMs":38925,"last":true}
[I][webradio] play idx=0 name=Radio 10 url=http://playerservices.streamtheworld.com/api/livestream-redirect/RADIO10.mp3
[I][spotify.tls] tls yield — client stopped
[membudget] TASK-267 _play pre-acquire lfbInt=42996 freeInt=120024
[membudget] TASK-267 arena acquire=24576B lfbBefore=42996 OK
[membudget] arena init base=0x3ffef490 cap=24576
[membudget] CP0-pre-audio-init freeDma=52288 lfbDma=18420
[I][wrpump] created stack=8192B prio=2 core=1
[I][webradio] HEAP pre-connect free=64744 min=55508 maxAlloc=42996
[membudget] CP1-pre-connect skip=0 freeInt=64744 lfbInt=42996 freeDma=21600 lfbDma=18420
{"ok":true,"cmd":"set","var":"wrPlay","val":"0"}
[I][webradio] audio_info: PSRAM not found, inputBufferSize: 6399 bytes
[I][webradio] audio_info: buffers freed, free Heap: 56408 bytes
[I][webradio] audio_info: Connect to new host: "http://playerservices.streamtheworld.com/api/livestream-redirect/RADIO10.mp3"
[D][chrome] drawVolume pct=100 keyframe=4
[D][chrome] drawVolume pct=100 keyframe=4
[I][webradio] audio_info: Connection has been established in 36 ms, free Heap: 55292 bytes
[W][perf] iter=164ms (worst path so far: app.tick:98ms)
{"ok":true,"cmd":"get","var":"wrState","state":1,"last":true}
[I][webradio] HEAP play free=54036 min=53288
[I][webradio] audio_info: redirect to new host "http://25583.live.streamtheworld.com:80/RADIO10.mp3"
[I][webradio] audio_info: buffers freed, free Heap: 56196 bytes
[I][webradio] audio_info: Connect to new host: "http://25583.live.streamtheworld.com:80/RADIO10.mp3"
[D][chrome] drawVolume pct=100 keyframe=4
[D][chrome] drawVolume pct=100 keyframe=4
[W][perf] iter=106ms (worst path so far: app.tick:102ms)
[I][webradio] audio_info: Connection has been established in 76 ms, free Heap: 55352 bytes
[W][perf] iter=53ms (worst path so far: wr.pump:121ms)
[W][perf] iter=54ms (worst path so far: wr.pump:121ms)
[W][perf] iter=54ms (worst path so far: wr.pump:121ms)
[W][perf] iter=54ms (worst path so far: wr.pump:121ms)
[W][perf] iter=54ms (worst path so far: wr.pump:121ms)
[W][perf] iter=54ms (worst path so far: wr.pump:121ms)
[W][perf] iter=54ms (worst path so far: wr.pump:121ms)
[W][perf] iter=54ms (worst path so far: wr.pump:121ms)
[W][perf] iter=54ms (worst path so far: wr.pump:121ms)
[W][perf] iter=54ms (worst path so far: wr.pump:121ms)
[W][perf] iter=54ms (worst path so far: wr.pump:121ms)
[W][perf] iter=54ms (worst path so far: wr.pump:121ms)
[W][perf] iter=55ms (worst path so far: wr.pump:121ms)
[W][perf] iter=54ms (worst path so far: wr.pump:121ms)
[W][perf] iter=54ms (worst path so far: wr.pump:121ms)
[W][perf] iter=54ms (worst path so far: wr.pump:121ms)
[W][perf] iter=54ms (worst path so far: wr.pump:121ms)
[W][perf] iter=54ms (worst path so far: wr.pump:121ms)
[W][perf] iter=54ms (worst path so far: wr.pump:121ms)
[W][perf] iter=54ms (worst path so far: wr.pump:121ms)
[W][perf] iter=54ms (worst path so far: wr.pump:121ms)
{"ok":true,"cmd":"get","var":"wrState","state":2,"last":true}
[W][perf] iter=56ms (worst path so far: wr.pump:121ms)
{"ok":true,"cmd":"set","var":"wrBufPct","val":"37"}
[W][perf] iter=57ms (worst path so far: wr.pump:121ms)
{"ok":true,"cmd":"get","var":"wrPosbar","bufPctRaw":0,"bufPctSmoothed":30,"bufPctDrawn":35,"redraws":1,"sinceLastRedrawMs":52,"lastSkipReason":"none","frozen":false,"last":true}
[W][perf] iter=66ms (worst path so far: wr.pump:121ms)
{"ok":true,"cmd":"set","var":"wrPosbarSimDrain","val":"80,4"}
[W][perf] iter=56ms (worst path so far: wr.pump:121ms)
{"ok":true,"cmd":"get","var":"wrPosbar","bufPctRaw":80,"bufPctSmoothed":35,"bufPctDrawn":35,"redraws":1,"sinceLastRedrawMs":175,"lastSkipReason":"interval","frozen":false,"last":true}
[W][perf] iter=66ms (worst path so far: wr.pump:121ms)
{"ok":true,"cmd":"get","var":"wrPosbar","bufPctRaw":80,"bufPctSmoothed":44,"bufPctDrawn":35,"redraws":1,"sinceLastRedrawMs":240,"lastSkipReason":"interval","frozen":false,"last":true}
[W][perf] iter=66ms (worst path so far: wr.pump:121ms)
{"ok":true,"cmd":"get","var":"wrPosbar","bufPctRaw":80,"bufPctSmoothed":51,"bufPctDrawn":37,"redraws":2,"sinceLastRedrawMs":52,"lastSkipReason":"none","frozen":false,"last":true}
[W][perf] iter=66ms (worst path so far: wr.pump:121ms)
{"ok":true,"cmd":"get","var":"wrPosbar","bufPctRaw":76,"bufPctSmoothed":56,"bufPctDrawn":37,"redraws":2,"sinceLastRedrawMs":118,"lastSkipReason":"interval","frozen":false,"last":true}
[W][perf] iter=66ms (worst path so far: wr.pump:121ms)
{"ok":true,"cmd":"get","var":"wrPosbar","bufPctRaw":76,"bufPctSmoothed":60,"bufPctDrawn":37,"redraws":2,"sinceLastRedrawMs":184,"lastSkipReason":"interval","frozen":false,"last":true}
[W][perf] iter=66ms (worst path so far: wr.pump:121ms)
{"ok":true,"cmd":"get","var":"wrPosbar","bufPctRaw":76,"bufPctSmoothed":63,"bufPctDrawn":37,"redraws":2,"sinceLastRedrawMs":250,"lastSkipReason":"interval","frozen":false,"last":true}
[W][perf] iter=66ms (worst path so far: wr.pump:121ms)
{"ok":true,"cmd":"get","var":"wrPosbar","bufPctRaw":76,"bufPctSmoothed":66,"bufPctDrawn":39,"redraws":3,"sinceLastRedrawMs":52,"lastSkipReason":"none","frozen":false,"last":true}
[W][perf] iter=66ms (worst path so far: wr.pump:121ms)
{"ok":true,"cmd":"get","var":"wrPosbar","bufPctRaw":72,"bufPctSmoothed":67,"bufPctDrawn":39,"redraws":3,"sinceLastRedrawMs":118,"lastSkipReason":"interval","frozen":false,"last":true}
[W][perf] iter=66ms (worst path so far: wr.pump:121ms)
{"ok":true,"cmd":"get","var":"wrPosbar","bufPctRaw":72,"bufPctSmoothed":68,"bufPctDrawn":39,"redraws":3,"sinceLastRedrawMs":184,"lastSkipReason":"interval","frozen":false,"last":true}
[W][perf] iter=66ms (worst path so far: wr.pump:121ms)
{"ok":true,"cmd":"get","var":"wrPosbar","bufPctRaw":72,"bufPctSmoothed":69,"bufPctDrawn":39,"redraws":3,"sinceLastRedrawMs":250,"lastSkipReason":"interval","frozen":false,"last":true}
[W][perf] iter=66ms (worst path so far: wr.pump:121ms)
{"ok":true,"cmd":"get","var":"wrPosbar","bufPctRaw":72,"bufPctSmoothed":69,"bufPctDrawn":41,"redraws":4,"sinceLastRedrawMs":52,"lastSkipReason":"none","frozen":false,"last":true}
[W][perf] iter=66ms (worst path so far: wr.pump:121ms)
{"ok":true,"cmd":"get","var":"wrPosbar","bufPctRaw":68,"bufPctSmoothed":69,"bufPctDrawn":41,"redraws":4,"sinceLastRedrawMs":118,"lastSkipReason":"interval","frozen":false,"last":true}
[W][perf] iter=66ms (worst path so far: wr.pump:121ms)
{"ok":true,"cmd":"get","var":"wrPosbar","bufPctRaw":68,"bufPctSmoothed":69,"bufPctDrawn":41,"redraws":4,"sinceLastRedrawMs":185,"lastSkipReason":"interval","frozen":false,"last":true}
[W][perf] iter=66ms (worst path so far: wr.pump:121ms)
{"ok":true,"cmd":"get","var":"wrPosbar","bufPctRaw":68,"bufPctSmoothed":69,"bufPctDrawn":41,"redraws":4,"sinceLastRedrawMs":250,"lastSkipReason":"interval","frozen":false,"last":true}
[W][perf] iter=66ms (worst path so far: wr.pump:121ms)
{"ok":true,"cmd":"get","var":"wrPosbar","bufPctRaw":68,"bufPctSmoothed":69,"bufPctDrawn":43,"redraws":5,"sinceLastRedrawMs":52,"lastSkipReason":"none","frozen":false,"last":true}
[W][perf] iter=66ms (worst path so far: wr.pump:121ms)
{"ok":true,"cmd":"get","var":"wrPosbar","bufPctRaw":64,"bufPctSmoothed":68,"bufPctDrawn":43,"redraws":5,"sinceLastRedrawMs":118,"lastSkipReason":"interval","frozen":false,"last":true}
[W][perf] iter=66ms (worst path so far: wr.pump:121ms)
{"ok":true,"cmd":"get","var":"wrPosbar","bufPctRaw":64,"bufPctSmoothed":67,"bufPctDrawn":43,"redraws":5,"sinceLastRedrawMs":184,"lastSkipReason":"interval","frozen":false,"last":true}
[W][perf] iter=66ms (worst path so far: wr.pump:121ms)
{"ok":true,"cmd":"get","var":"wrPosbar","bufPctRaw":64,"bufPctSmoothed":66,"bufPctDrawn":43,"redraws":5,"sinceLastRedrawMs":250,"lastSkipReason":"interval","frozen":false,"last":true}
{"ok":true,"cmd":"get","var":"wrPosbar","bufPctRaw":60,"bufPctSmoothed":61,"bufPctDrawn":45,"redraws":6,"sinceLastRedrawMs":10,"lastSkipReason":"interval","frozen":false,"last":true}
{"ok":true,"cmd":"get","var":"wrPosbar","bufPctRaw":60,"bufPctSmoothed":60,"bufPctDrawn":45,"redraws":6,"sinceLastRedrawMs":32,"lastSkipReason":"interval","frozen":false,"last":true}
{"ok":true,"cmd":"get","var":"wrPosbar","bufPctRaw":60,"bufPctSmoothed":60,"bufPctDrawn":45,"redraws":6,"sinceLastRedrawMs":54,"lastSkipReason":"interval","frozen":false,"last":true}
{"ok":true,"cmd":"get","var":"wrPosbar","bufPctRaw":60,"bufPctSmoothed":60,"bufPctDrawn":45,"redraws":6,"sinceLastRedrawMs":76,"lastSkipReason":"interval","frozen":false,"last":true}
{"ok":true,"cmd":"get","var":"wrPosbar","bufPctRaw":60,"bufPctSmoothed":60,"bufPctDrawn":45,"redraws":6,"sinceLastRedrawMs":98,"lastSkipReason":"interval","frozen":false,"last":true}
{"ok":true,"cmd":"get","var":"wrPosbar","bufPctRaw":60,"bufPctSmoothed":60,"bufPctDrawn":45,"redraws":6,"sinceLastRedrawMs":120,"lastSkipReason":"interval","frozen":false,"last":true}
{"ok":true,"cmd":"get","var":"wrPosbar","bufPctRaw":60,"bufPctSmoothed":60,"bufPctDrawn":45,"redraws":6,"sinceLastRedrawMs":142,"lastSkipReason":"interval","frozen":false,"last":true}
{"ok":true,"cmd":"get","var":"wrPosbar","bufPctRaw":60,"bufPctSmoothed":60,"bufPctDrawn":45,"redraws":6,"sinceLastRedrawMs":164,"lastSkipReason":"interval","frozen":false,"last":true}
{"ok":true,"cmd":"get","var":"wrPosbar","bufPctRaw":60,"bufPctSmoothed":60,"bufPctDrawn":45,"redraws":6,"sinceLastRedrawMs":186,"lastSkipReason":"interval","frozen":false,"last":true}
{"ok":true,"cmd":"get","var":"wrPosbar","bufPctRaw":56,"bufPctSmoothed":57,"bufPctDrawn":47,"redraws":7,"sinceLastRedrawMs":8,"lastSkipReason":"interval","frozen":false,"last":true}
{"ok":true,"cmd":"get","var":"wrPosbar","bufPctRaw":56,"bufPctSmoothed":56,"bufPctDrawn":47,"redraws":7,"sinceLastRedrawMs":30,"lastSkipReason":"interval","frozen":false,"last":true}
{"ok":true,"cmd":"get","var":"wrPosbar","bufPctRaw":56,"bufPctSmoothed":56,"bufPctDrawn":47,"redraws":7,"sinceLastRedrawMs":52,"lastSkipReason":"interval","frozen":false,"last":true}
{"ok":true,"cmd":"get","var":"wrPosbar","bufPctRaw":56,"bufPctSmoothed":56,"bufPctDrawn":47,"redraws":7,"sinceLastRedrawMs":74,"lastSkipReason":"interval","frozen":false,"last":true}
{"ok":true,"cmd":"get","var":"wrPosbar","bufPctRaw":56,"bufPctSmoothed":56,"bufPctDrawn":47,"redraws":7,"sinceLastRedrawMs":96,"lastSkipReason":"interval","frozen":false,"last":true}
{"ok":true,"cmd":"get","var":"wrPosbar","bufPctRaw":56,"bufPctSmoothed":56,"bufPctDrawn":47,"redraws":7,"sinceLastRedrawMs":118,"lastSkipReason":"interval","frozen":false,"last":true}
{"ok":true,"cmd":"get","var":"wrPosbar","bufPctRaw":56,"bufPctSmoothed":56,"bufPctDrawn":47,"redraws":7,"sinceLastRedrawMs":140,"lastSkipReason":"interval","frozen":false,"last":true}
{"ok":true,"cmd":"get","var":"wrPosbar","bufPctRaw":56,"bufPctSmoothed":56,"bufPctDrawn":47,"redraws":7,"sinceLastRedrawMs":162,"lastSkipReason":"interval","frozen":false,"last":true}
{"ok":true,"cmd":"get","var":"wrPosbar","bufPctRaw":56,"bufPctSmoothed":56,"bufPctDrawn":47,"redraws":7,"sinceLastRedrawMs":184,"lastSkipReason":"interval","frozen":false,"last":true}
{"ok":true,"cmd":"get","var":"wrPosbar","bufPctRaw":52,"bufPctSmoothed":54,"bufPctDrawn":49,"redraws":8,"sinceLastRedrawMs":6,"lastSkipReason":"interval","frozen":false,"last":true}
{"ok":true,"cmd":"get","var":"wrPosbar","bufPctRaw":52,"bufPctSmoothed":52,"bufPctDrawn":49,"redraws":8,"sinceLastRedrawMs":28,"lastSkipReason":"interval","frozen":false,"last":true}
{"ok":true,"cmd":"get","var":"wrPosbar","bufPctRaw":52,"bufPctSmoothed":52,"bufPctDrawn":49,"redraws":8,"sinceLastRedrawMs":50,"lastSkipReason":"interval","frozen":false,"last":true}
{"ok":true,"cmd":"get","var":"wrPosbar","bufPctRaw":52,"bufPctSmoothed":52,"bufPctDrawn":49,"redraws":8,"sinceLastRedrawMs":72,"lastSkipReason":"interval","frozen":false,"last":true}
{"ok":true,"cmd":"get","var":"wrPosbar","bufPctRaw":52,"bufPctSmoothed":52,"bufPctDrawn":49,"redraws":8,"sinceLastRedrawMs":94,"lastSkipReason":"interval","frozen":false,"last":true}
{"ok":true,"cmd":"get","var":"wrPosbar","bufPctRaw":52,"bufPctSmoothed":52,"bufPctDrawn":49,"redraws":8,"sinceLastRedrawMs":116,"lastSkipReason":"interval","frozen":false,"last":true}
{"ok":true,"cmd":"get","var":"wrPosbar","bufPctRaw":52,"bufPctSmoothed":52,"bufPctDrawn":49,"redraws":8,"sinceLastRedrawMs":138,"lastSkipReason":"interval","frozen":false,"last":true}
{"ok":true,"cmd":"get","var":"wrPosbar","bufPctRaw":52,"bufPctSmoothed":52,"bufPctDrawn":49,"redraws":8,"sinceLastRedrawMs":160,"lastSkipReason":"interval","frozen":false,"last":true}
{"ok":true,"cmd":"get","var":"wrPosbar","bufPctRaw":52,"bufPctSmoothed":52,"bufPctDrawn":49,"redraws":8,"sinceLastRedrawMs":182,"lastSkipReason":"interval","frozen":false,"last":true}
{"ok":true,"cmd":"get","var":"wrPosbar","bufPctRaw":52,"bufPctSmoothed":52,"bufPctDrawn":51,"redraws":9,"sinceLastRedrawMs":3,"lastSkipReason":"none","frozen":false,"last":true}
{"ok":true,"cmd":"get","var":"wrPosbar","bufPctRaw":48,"bufPctSmoothed":49,"bufPctDrawn":51,"redraws":9,"sinceLastRedrawMs":24,"lastSkipReason":"interval","frozen":false,"last":true}
{"ok":true,"cmd":"get","var":"wrPosbar","bufPctRaw":48,"bufPctSmoothed":48,"bufPctDrawn":51,"redraws":9,"sinceLastRedrawMs":46,"lastSkipReason":"interval","frozen":false,"last":true}
{"ok":true,"cmd":"get","var":"wrPosbar","bufPctRaw":48,"bufPctSmoothed":48,"bufPctDrawn":51,"redraws":9,"sinceLastRedrawMs":68,"lastSkipReason":"interval","frozen":false,"last":true}
{"ok":true,"cmd":"get","var":"wrPosbar","bufPctRaw":48,"bufPctSmoothed":48,"bufPctDrawn":51,"redraws":9,"sinceLastRedrawMs":90,"lastSkipReason":"interval","frozen":false,"last":true}
{"ok":true,"cmd":"get","var":"wrPosbar","bufPctRaw":48,"bufPctSmoothed":48,"bufPctDrawn":51,"redraws":9,"sinceLastRedrawMs":113,"lastSkipReason":"interval","frozen":false,"last":true}
{"ok":true,"cmd":"get","var":"wrPosbar","bufPctRaw":48,"bufPctSmoothed":48,"bufPctDrawn":51,"redraws":9,"sinceLastRedrawMs":135,"lastSkipReason":"interval","frozen":false,"last":true}
{"ok":true,"cmd":"get","var":"wrPosbar","bufPctRaw":48,"bufPctSmoothed":48,"bufPctDrawn":51,"redraws":9,"sinceLastRedrawMs":157,"lastSkipReason":"interval","frozen":false,"last":true}
{"ok":true,"cmd":"get","var":"wrPosbar","bufPctRaw":48,"bufPctSmoothed":48,"bufPctDrawn":51,"redraws":9,"sinceLastRedrawMs":180,"lastSkipReason":"interval","frozen":false,"last":true}
{"ok":true,"cmd":"get","var":"wrPosbar","bufPctRaw":48,"bufPctSmoothed":48,"bufPctDrawn":49,"redraws":10,"sinceLastRedrawMs":2,"lastSkipReason":"none","frozen":false,"last":true}
{"ok":true,"cmd":"get","var":"wrPosbar","bufPctRaw":44,"bufPctSmoothed":45,"bufPctDrawn":49,"redraws":10,"sinceLastRedrawMs":24,"lastSkipReason":"interval","frozen":false,"last":true}
{"ok":true,"cmd":"get","var":"wrPosbar","bufPctRaw":44,"bufPctSmoothed":44,"bufPctDrawn":49,"redraws":10,"sinceLastRedrawMs":47,"lastSkipReason":"interval","frozen":false,"last":true}
{"ok":true,"cmd":"get","var":"wrPosbar","bufPctRaw":44,"bufPctSmoothed":44,"bufPctDrawn":49,"redraws":10,"sinceLastRedrawMs":69,"lastSkipReason":"interval","frozen":false,"last":true}
{"ok":true,"cmd":"get","var":"wrPosbar","bufPctRaw":44,"bufPctSmoothed":44,"bufPctDrawn":49,"redraws":10,"sinceLastRedrawMs":91,"lastSkipReason":"interval","frozen":false,"last":true}
{"ok":true,"cmd":"get","var":"wrPosbar","bufPctRaw":44,"bufPctSmoothed":44,"bufPctDrawn":49,"redraws":10,"sinceLastRedrawMs":113,"lastSkipReason":"interval","frozen":false,"last":true}
{"ok":true,"cmd":"get","var":"wrPosbar","bufPctRaw":44,"bufPctSmoothed":44,"bufPctDrawn":49,"redraws":10,"sinceLastRedrawMs":135,"lastSkipReason":"interval","frozen":false,"last":true}
{"ok":true,"cmd":"get","var":"wrPosbar","bufPctRaw":44,"bufPctSmoothed":44,"bufPctDrawn":49,"redraws":10,"sinceLastRedrawMs":157,"lastSkipReason":"interval","frozen":false,"last":true}
{"ok":true,"cmd":"get","var":"wrPosbar","bufPctRaw":44,"bufPctSmoothed":44,"bufPctDrawn":49,"redraws":10,"sinceLastRedrawMs":179,"lastSkipReason":"interval","frozen":false,"last":true}
{"ok":true,"cmd":"get","var":"wrPosbar","bufPctRaw":44,"bufPctSmoothed":44,"bufPctDrawn":47,"redraws":11,"sinceLastRedrawMs":2,"lastSkipReason":"none","frozen":false,"last":true}
{"ok":true,"cmd":"get","var":"wrPosbar","bufPctRaw":40,"bufPctSmoothed":41,"bufPctDrawn":47,"redraws":11,"sinceLastRedrawMs":24,"lastSkipReason":"interval","frozen":false,"last":true}
{"ok":true,"cmd":"get","var":"wrPosbar","bufPctRaw":40,"bufPctSmoothed":40,"bufPctDrawn":47,"redraws":11,"sinceLastRedrawMs":46,"lastSkipReason":"interval","frozen":false,"last":true}
{"ok":true,"cmd":"get","var":"wrPosbar","bufPctRaw":40,"bufPctSmoothed":40,"bufPctDrawn":47,"redraws":11,"sinceLastRedrawMs":68,"lastSkipReason":"interval","frozen":false,"last":true}
{"ok":true,"cmd":"get","var":"wrPosbar","bufPctRaw":40,"bufPctSmoothed":40,"bufPctDrawn":47,"redraws":11,"sinceLastRedrawMs":90,"lastSkipReason":"interval","frozen":false,"last":true}
{"ok":true,"cmd":"get","var":"wrPosbar","bufPctRaw":40,"bufPctSmoothed":40,"bufPctDrawn":47,"redraws":11,"sinceLastRedrawMs":112,"lastSkipReason":"interval","frozen":false,"last":true}
{"ok":true,"cmd":"get","var":"wrPosbar","bufPctRaw":40,"bufPctSmoothed":40,"bufPctDrawn":47,"redraws":11,"sinceLastRedrawMs":135,"lastSkipReason":"interval","frozen":false,"last":true}
{"ok":true,"cmd":"get","var":"wrPosbar","bufPctRaw":40,"bufPctSmoothed":40,"bufPctDrawn":47,"redraws":11,"sinceLastRedrawMs":157,"lastSkipReason":"interval","frozen":false,"last":true}
{"ok":true,"cmd":"get","var":"wrPosbar","bufPctRaw":40,"bufPctSmoothed":40,"bufPctDrawn":47,"redraws":11,"sinceLastRedrawMs":181,"lastSkipReason":"interval","frozen":false,"last":true}
{"ok":true,"cmd":"get","var":"wrPosbar","bufPctRaw":40,"bufPctSmoothed":40,"bufPctDrawn":45,"redraws":12,"sinceLastRedrawMs":5,"lastSkipReason":"interval","frozen":false,"last":true}
{"ok":true,"cmd":"get","var":"wrPosbar","bufPctRaw":36,"bufPctSmoothed":37,"bufPctDrawn":45,"redraws":12,"sinceLastRedrawMs":27,"lastSkipReason":"interval","frozen":false,"last":true}
{"ok":true,"cmd":"get","var":"wrPosbar","bufPctRaw":36,"bufPctSmoothed":36,"bufPctDrawn":45,"redraws":12,"sinceLastRedrawMs":49,"lastSkipReason":"interval","frozen":false,"last":true}
{"ok":true,"cmd":"get","var":"wrPosbar","bufPctRaw":36,"bufPctSmoothed":36,"bufPctDrawn":45,"redraws":12,"sinceLastRedrawMs":71,"lastSkipReason":"interval","frozen":false,"last":true}
{"ok":true,"cmd":"get","var":"wrPosbar","bufPctRaw":36,"bufPctSmoothed":36,"bufPctDrawn":45,"redraws":12,"sinceLastRedrawMs":93,"lastSkipReason":"interval","frozen":false,"last":true}
{"ok":true,"cmd":"get","var":"wrPosbar","bufPctRaw":36,"bufPctSmoothed":36,"bufPctDrawn":45,"redraws":12,"sinceLastRedrawMs":115,"lastSkipReason":"interval","frozen":false,"last":true}
{"ok":true,"cmd":"get","var":"wrPosbar","bufPctRaw":36,"bufPctSmoothed":36,"bufPctDrawn":45,"redraws":12,"sinceLastRedrawMs":137,"lastSkipReason":"interval","frozen":false,"last":true}
{"ok":true,"cmd":"get","var":"wrPosbar","bufPctRaw":36,"bufPctSmoothed":36,"bufPctDrawn":45,"redraws":12,"sinceLastRedrawMs":159,"lastSkipReason":"interval","frozen":false,"last":true}
{"ok":true,"cmd":"get","var":"wrPosbar","bufPctRaw":36,"bufPctSmoothed":36,"bufPctDrawn":45,"redraws":12,"sinceLastRedrawMs":181,"lastSkipReason":"interval","frozen":false,"last":true}
{"ok":true,"cmd":"get","var":"wrPosbar","bufPctRaw":36,"bufPctSmoothed":36,"bufPctDrawn":43,"redraws":13,"sinceLastRedrawMs":3,"lastSkipReason":"interval","frozen":false,"last":true}
{"ok":true,"cmd":"get","var":"wrPosbar","bufPctRaw":32,"bufPctSmoothed":33,"bufPctDrawn":43,"redraws":13,"sinceLastRedrawMs":25,"lastSkipReason":"interval","frozen":false,"last":true}
{"ok":true,"cmd":"get","var":"wrPosbar","bufPctRaw":32,"bufPctSmoothed":32,"bufPctDrawn":43,"redraws":13,"sinceLastRedrawMs":47,"lastSkipReason":"interval","frozen":false,"last":true}
{"ok":true,"cmd":"get","var":"wrPosbar","bufPctRaw":32,"bufPctSmoothed":32,"bufPctDrawn":43,"redraws":13,"sinceLastRedrawMs":69,"lastSkipReason":"interval","frozen":false,"last":true}
{"ok":true,"cmd":"get","var":"wrPosbar","bufPctRaw":32,"bufPctSmoothed":32,"bufPctDrawn":43,"redraws":13,"sinceLastRedrawMs":91,"lastSkipReason":"interval","frozen":false,"last":true}
{"ok":true,"cmd":"get","var":"wrPosbar","bufPctRaw":32,"bufPctSmoothed":32,"bufPctDrawn":43,"redraws":13,"sinceLastRedrawMs":113,"lastSkipReason":"interval","frozen":false,"last":true}
{"ok":true,"cmd":"get","var":"wrPosbar","bufPctRaw":32,"bufPctSmoothed":32,"bufPctDrawn":43,"redraws":13,"sinceLastRedrawMs":135,"lastSkipReason":"interval","frozen":false,"last":true}
{"ok":true,"cmd":"get","var":"wrPosbar","bufPctRaw":32,"bufPctSmoothed":32,"bufPctDrawn":43,"redraws":13,"sinceLastRedrawMs":157,"lastSkipReason":"interval","frozen":false,"last":true}
[W][webradio] stream dead (isRunning=0 for 1637ms, bufStalled for 5006ms) — stop + resume Spotify TLS
[I][webradio] stall idx=0 — retrying once
[I][spotify.tls] tls yield — resumed
[D][chrome] drawVolume pct=100 keyframe=4
[D][chrome] drawVolume pct=100 keyframe=4
[W][perf] iter=93ms (worst path so far: wr.pump:2501ms)
{"ok":true,"cmd":"get","var":"wrPosbar","bufPctRaw":32,"bufPctSmoothed":32,"bufPctDrawn":43,"redraws":13,"sinceLastRedrawMs":251,"lastSkipReason":"interval","frozen":false,"last":true}
[I][webradio] play idx=0 name=Radio 10 url=http://playerservices.streamtheworld.com/api/livestream-redirect/RADIO10.mp3
[I][spotify.tls] tls yield — client stopped
[membudget] TASK-267 _play pre-acquire lfbInt=42996 freeInt=56228
[I][webradio] HEAP pre-connect free=56228 min=45720 maxAlloc=42996
[membudget] CP1-pre-connect skip=0 freeInt=56228 lfbInt=42996 freeDma=13084 lfbDma=10228
[W][perf] iter=471ms (worst path so far: wr.pump:2501ms)
[I][webradio] audio_info: buffers freed, free Heap: 56228 bytes
[I][webradio] audio_info: Connect to new host: "http://playerservices.streamtheworld.com/api/livestream-redirect/RADIO10.mp3"
{"ok":true,"cmd":"get","var":"wrPosbar","bufPctRaw":0,"bufPctSmoothed":32,"bufPctDrawn":43,"redraws":13,"sinceLastRedrawMs":722,"lastSkipReason":"interval","frozen":false,"last":true}
[I][webradio] audio_info: Connection has been established in 19 ms, free Heap: 55280 bytes
[D][chrome] drawVolume pct=100 keyframe=4
[D][chrome] drawVolume pct=100 keyframe=4
[I][webradio] audio_info: redirect to new host "http://19993.live.streamtheworld.com:80/RADIO10.mp3"
[I][webradio] audio_info: buffers freed, free Heap: 55620 bytes
[I][webradio] audio_info: Connect to new host: "http://19993.live.streamtheworld.com:80/RADIO10.mp3"
[W][perf] iter=147ms (worst path so far: wr.pump:2501ms)
{"ok":true,"cmd":"get","var":"wrPosbar","bufPctRaw":0,"bufPctSmoothed":32,"bufPctDrawn":43,"redraws":13,"sinceLastRedrawMs":869,"lastSkipReason":"interval","frozen":false,"last":true}
[I][webradio] audio_info: Connection has been established in 42 ms, free Heap: 55356 bytes
[D][chrome] drawVolume pct=100 keyframe=4
[D][chrome] drawVolume pct=100 keyframe=4
[W][perf] iter=109ms (worst path so far: wr.pump:2501ms)
{"ok":true,"cmd":"get","var":"wrPosbar","bufPctRaw":0,"bufPctSmoothed":0,"bufPctDrawn":0,"redraws":13,"sinceLastRedrawMs":94,"lastSkipReason":"converged","frozen":false,"last":true}
{"ok":true,"cmd":"get","var":"wrPosbar","bufPctRaw":0,"bufPctSmoothed":0,"bufPctDrawn":0,"redraws":13,"sinceLastRedrawMs":119,"lastSkipReason":"interval","frozen":false,"last":true}
{"ok":true,"cmd":"get","var":"wrPosbar","bufPctRaw":0,"bufPctSmoothed":0,"bufPctDrawn":0,"redraws":13,"sinceLastRedrawMs":141,"lastSkipReason":"interval","frozen":false,"last":true}
{"ok":true,"cmd":"set","var":"wrBufPct","val":"95"}
{"ok":true,"cmd":"set","var":"wrPosbarSimDrain","val":"95,1"}
{"ok":true,"cmd":"get","var":"wrPosbar","bufPctRaw":95,"bufPctSmoothed":81,"bufPctDrawn":95,"redraws":13,"sinceLastRedrawMs":187,"lastSkipReason":"interval","frozen":false,"last":true}
{"ok":true,"cmd":"get","var":"wrPosbar","bufPctRaw":95,"bufPctSmoothed":89,"bufPctDrawn":93,"redraws":14,"sinceLastRedrawMs":10,"lastSkipReason":"interval","frozen":false,"last":true}
{"ok":true,"cmd":"get","var":"wrPosbar","bufPctRaw":95,"bufPctSmoothed":94,"bufPctDrawn":93,"redraws":14,"sinceLastRedrawMs":32,"lastSkipReason":"interval","frozen":false,"last":true}
{"ok":true,"cmd":"get","var":"wrPosbar","bufPctRaw":95,"bufPctSmoothed":95,"bufPctDrawn":93,"redraws":14,"sinceLastRedrawMs":54,"lastSkipReason":"interval","frozen":false,"last":true}
{"ok":true,"cmd":"get","var":"wrPosbar","bufPctRaw":95,"bufPctSmoothed":95,"bufPctDrawn":93,"redraws":14,"sinceLastRedrawMs":76,"lastSkipReason":"interval","frozen":false,"last":true}
{"ok":true,"cmd":"get","var":"wrPosbar","bufPctRaw":95,"bufPctSmoothed":95,"bufPctDrawn":93,"redraws":14,"sinceLastRedrawMs":98,"lastSkipReason":"interval","frozen":false,"last":true}
{"ok":true,"cmd":"get","var":"wrPosbar","bufPctRaw":95,"bufPctSmoothed":95,"bufPctDrawn":93,"redraws":14,"sinceLastRedrawMs":120,"lastSkipReason":"interval","frozen":false,"last":true}
{"ok":true,"cmd":"get","var":"wrPosbar","bufPctRaw":95,"bufPctSmoothed":95,"bufPctDrawn":93,"redraws":14,"sinceLastRedrawMs":142,"lastSkipReason":"interval","frozen":false,"last":true}
{"ok":true,"cmd":"get","var":"wrPosbar","bufPctRaw":95,"bufPctSmoothed":95,"bufPctDrawn":93,"redraws":14,"sinceLastRedrawMs":164,"lastSkipReason":"interval","frozen":false,"last":true}
{"ok":true,"cmd":"get","var":"wrPosbar","bufPctRaw":94,"bufPctSmoothed":94,"bufPctDrawn":93,"redraws":14,"sinceLastRedrawMs":186,"lastSkipReason":"interval","frozen":false,"last":true}
{"ok":true,"cmd":"get","var":"wrPosbar","bufPctRaw":94,"bufPctSmoothed":94,"bufPctDrawn":94,"redraws":15,"sinceLastRedrawMs":9,"lastSkipReason":"interval","frozen":true,"last":true}
{"ok":true,"cmd":"get","var":"wrPosbar","bufPctRaw":94,"bufPctSmoothed":94,"bufPctDrawn":94,"redraws":15,"sinceLastRedrawMs":31,"lastSkipReason":"interval","frozen":true,"last":true}
{"ok":true,"cmd":"get","var":"wrPosbar","bufPctRaw":94,"bufPctSmoothed":94,"bufPctDrawn":94,"redraws":15,"sinceLastRedrawMs":53,"lastSkipReason":"interval","frozen":true,"last":true}
{"ok":true,"cmd":"get","var":"wrPosbar","bufPctRaw":94,"bufPctSmoothed":94,"bufPctDrawn":94,"redraws":15,"sinceLastRedrawMs":75,"lastSkipReason":"interval","frozen":true,"last":true}
{"ok":true,"cmd":"get","var":"wrPosbar","bufPctRaw":94,"bufPctSmoothed":94,"bufPctDrawn":94,"redraws":15,"sinceLastRedrawMs":97,"lastSkipReason":"interval","frozen":true,"last":true}
{"ok":true,"cmd":"get","var":"wrPosbar","bufPctRaw":94,"bufPctSmoothed":94,"bufPctDrawn":94,"redraws":15,"sinceLastRedrawMs":120,"lastSkipReason":"interval","frozen":true,"last":true}
{"ok":true,"cmd":"get","var":"wrPosbar","bufPctRaw":94,"bufPctSmoothed":94,"bufPctDrawn":94,"redraws":15,"sinceLastRedrawMs":144,"lastSkipReason":"interval","frozen":true,"last":true}
{"ok":true,"cmd":"get","var":"wrPosbar","bufPctRaw":94,"bufPctSmoothed":94,"bufPctDrawn":94,"redraws":15,"sinceLastRedrawMs":166,"lastSkipReason":"interval","frozen":true,"last":true}
{"ok":true,"cmd":"get","var":"wrPosbar","bufPctRaw":93,"bufPctSmoothed":93,"bufPctDrawn":94,"redraws":15,"sinceLastRedrawMs":190,"lastSkipReason":"interval","frozen":true,"last":true}
{"ok":true,"cmd":"get","var":"wrPosbar","bufPctRaw":93,"bufPctSmoothed":93,"bufPctDrawn":94,"redraws":15,"sinceLastRedrawMs":9,"lastSkipReason":"interval","frozen":true,"last":true}
{"ok":true,"cmd":"get","var":"wrPosbar","bufPctRaw":93,"bufPctSmoothed":93,"bufPctDrawn":94,"redraws":15,"sinceLastRedrawMs":31,"lastSkipReason":"interval","frozen":true,"last":true}
{"ok":true,"cmd":"get","var":"wrPosbar","bufPctRaw":93,"bufPctSmoothed":93,"bufPctDrawn":94,"redraws":15,"sinceLastRedrawMs":53,"lastSkipReason":"interval","frozen":true,"last":true}
{"ok":true,"cmd":"get","var":"wrPosbar","bufPctRaw":93,"bufPctSmoothed":93,"bufPctDrawn":94,"redraws":15,"sinceLastRedrawMs":75,"lastSkipReason":"interval","frozen":true,"last":true}
{"ok":true,"cmd":"get","var":"wrPosbar","bufPctRaw":93,"bufPctSmoothed":93,"bufPctDrawn":94,"redraws":15,"sinceLastRedrawMs":97,"lastSkipReason":"interval","frozen":true,"last":true}
{"ok":true,"cmd":"get","var":"wrPosbar","bufPctRaw":93,"bufPctSmoothed":93,"bufPctDrawn":94,"redraws":15,"sinceLastRedrawMs":120,"lastSkipReason":"interval","frozen":true,"last":true}
{"ok":true,"cmd":"get","var":"wrPosbar","bufPctRaw":93,"bufPctSmoothed":93,"bufPctDrawn":94,"redraws":15,"sinceLastRedrawMs":142,"lastSkipReason":"interval","frozen":true,"last":true}
[W][perf] iter=53ms (worst path so far: wr.pump:2501ms)
{"ok":true,"cmd":"get","var":"wrPosbar","bufPctRaw":93,"bufPctSmoothed":93,"bufPctDrawn":94,"redraws":15,"sinceLastRedrawMs":217,"lastSkipReason":"interval","frozen":true,"last":true}
[W][perf] iter=67ms (worst path so far: wr.pump:2501ms)
{"ok":true,"cmd":"get","var":"wrPosbar","bufPctRaw":92,"bufPctSmoothed":93,"bufPctDrawn":94,"redraws":15,"sinceLastRedrawMs":52,"lastSkipReason":"frozen","frozen":true,"last":true}
[W][perf] iter=66ms (worst path so far: wr.pump:2501ms)
{"ok":true,"cmd":"get","var":"wrPosbar","bufPctRaw":92,"bufPctSmoothed":93,"bufPctDrawn":94,"redraws":15,"sinceLastRedrawMs":119,"lastSkipReason":"interval","frozen":true,"last":true}
[W][perf] iter=66ms (worst path so far: wr.pump:2501ms)
{"ok":true,"cmd":"get","var":"wrPosbar","bufPctRaw":92,"bufPctSmoothed":93,"bufPctDrawn":94,"redraws":15,"sinceLastRedrawMs":185,"lastSkipReason":"interval","frozen":true,"last":true}
[W][perf] iter=66ms (worst path so far: wr.pump:2501ms)
{"ok":true,"cmd":"get","var":"wrPosbar","bufPctRaw":92,"bufPctSmoothed":92,"bufPctDrawn":94,"redraws":15,"sinceLastRedrawMs":251,"lastSkipReason":"interval","frozen":true,"last":true}
[W][perf] iter=66ms (worst path so far: wr.pump:2501ms)
{"ok":true,"cmd":"get","var":"wrPosbar","bufPctRaw":91,"bufPctSmoothed":92,"bufPctDrawn":94,"redraws":15,"sinceLastRedrawMs":51,"lastSkipReason":"frozen","frozen":true,"last":true}
[W][perf] iter=66ms (worst path so far: wr.pump:2501ms)
{"ok":true,"cmd":"get","var":"wrPosbar","bufPctRaw":91,"bufPctSmoothed":92,"bufPctDrawn":94,"redraws":15,"sinceLastRedrawMs":118,"lastSkipReason":"interval","frozen":true,"last":true}
[W][perf] iter=66ms (worst path so far: wr.pump:2501ms)
{"ok":true,"cmd":"get","var":"wrPosbar","bufPctRaw":91,"bufPctSmoothed":92,"bufPctDrawn":94,"redraws":15,"sinceLastRedrawMs":184,"lastSkipReason":"interval","frozen":true,"last":true}
[W][perf] iter=66ms (worst path so far: wr.pump:2501ms)
{"ok":true,"cmd":"get","var":"wrPosbar","bufPctRaw":91,"bufPctSmoothed":92,"bufPctDrawn":94,"redraws":15,"sinceLastRedrawMs":250,"lastSkipReason":"interval","frozen":true,"last":true}
[W][perf] iter=66ms (worst path so far: wr.pump:2501ms)
{"ok":true,"cmd":"get","var":"wrPosbar","bufPctRaw":90,"bufPctSmoothed":91,"bufPctDrawn":94,"redraws":15,"sinceLastRedrawMs":52,"lastSkipReason":"frozen","frozen":true,"last":true}
[W][perf] iter=66ms (worst path so far: wr.pump:2501ms)
{"ok":true,"cmd":"get","var":"wrPosbar","bufPctRaw":90,"bufPctSmoothed":91,"bufPctDrawn":94,"redraws":15,"sinceLastRedrawMs":118,"lastSkipReason":"interval","frozen":true,"last":true}
[W][perf] iter=66ms (worst path so far: wr.pump:2501ms)
{"ok":true,"cmd":"get","var":"wrPosbar","bufPctRaw":90,"bufPctSmoothed":91,"bufPctDrawn":94,"redraws":15,"sinceLastRedrawMs":183,"lastSkipReason":"interval","frozen":true,"last":true}
[W][perf] iter=66ms (worst path so far: wr.pump:2501ms)
{"ok":true,"cmd":"get","var":"wrPosbar","bufPctRaw":90,"bufPctSmoothed":91,"bufPctDrawn":94,"redraws":15,"sinceLastRedrawMs":250,"lastSkipReason":"interval","frozen":true,"last":true}
[W][perf] iter=68ms (worst path so far: wr.pump:2501ms)
{"ok":true,"cmd":"get","var":"wrPosbar","bufPctRaw":89,"bufPctSmoothed":90,"bufPctDrawn":94,"redraws":15,"sinceLastRedrawMs":53,"lastSkipReason":"frozen","frozen":true,"last":true}
[W][perf] iter=66ms (worst path so far: wr.pump:2501ms)
{"ok":true,"cmd":"get","var":"wrPosbar","bufPctRaw":89,"bufPctSmoothed":90,"bufPctDrawn":94,"redraws":15,"sinceLastRedrawMs":119,"lastSkipReason":"interval","frozen":true,"last":true}
[W][perf] iter=66ms (worst path so far: wr.pump:2501ms)
{"ok":true,"cmd":"get","var":"wrPosbar","bufPctRaw":89,"bufPctSmoothed":90,"bufPctDrawn":94,"redraws":15,"sinceLastRedrawMs":185,"lastSkipReason":"interval","frozen":true,"last":true}
[W][perf] iter=66ms (worst path so far: wr.pump:2501ms)
{"ok":true,"cmd":"get","var":"wrPosbar","bufPctRaw":89,"bufPctSmoothed":90,"bufPctDrawn":94,"redraws":15,"sinceLastRedrawMs":251,"lastSkipReason":"interval","frozen":true,"last":true}
[W][perf] iter=66ms (worst path so far: wr.pump:2501ms)
{"ok":true,"cmd":"get","var":"wrPosbar","bufPctRaw":88,"bufPctSmoothed":89,"bufPctDrawn":94,"redraws":15,"sinceLastRedrawMs":52,"lastSkipReason":"frozen","frozen":true,"last":true}
[W][perf] iter=66ms (worst path so far: wr.pump:2501ms)
{"ok":true,"cmd":"get","var":"wrPosbar","bufPctRaw":88,"bufPctSmoothed":89,"bufPctDrawn":94,"redraws":15,"sinceLastRedrawMs":118,"lastSkipReason":"interval","frozen":true,"last":true}
[W][perf] iter=66ms (worst path so far: wr.pump:2501ms)
{"ok":true,"cmd":"get","var":"wrPosbar","bufPctRaw":88,"bufPctSmoothed":89,"bufPctDrawn":94,"redraws":15,"sinceLastRedrawMs":184,"lastSkipReason":"interval","frozen":true,"last":true}
[W][perf] iter=66ms (worst path so far: wr.pump:2501ms)
{"ok":true,"cmd":"get","var":"wrPosbar","bufPctRaw":88,"bufPctSmoothed":89,"bufPctDrawn":94,"redraws":15,"sinceLastRedrawMs":250,"lastSkipReason":"interval","frozen":true,"last":true}
[W][perf] iter=66ms (worst path so far: wr.pump:2501ms)
{"ok":true,"cmd":"get","var":"wrPosbar","bufPctRaw":87,"bufPctSmoothed":88,"bufPctDrawn":94,"redraws":15,"sinceLastRedrawMs":52,"lastSkipReason":"frozen","frozen":true,"last":true}
[W][perf] iter=66ms (worst path so far: wr.pump:2501ms)
{"ok":true,"cmd":"get","var":"wrPosbar","bufPctRaw":87,"bufPctSmoothed":88,"bufPctDrawn":94,"redraws":15,"sinceLastRedrawMs":118,"lastSkipReason":"interval","frozen":true,"last":true}
[W][perf] iter=66ms (worst path so far: wr.pump:2501ms)
{"ok":true,"cmd":"get","var":"wrPosbar","bufPctRaw":87,"bufPctSmoothed":88,"bufPctDrawn":94,"redraws":15,"sinceLastRedrawMs":184,"lastSkipReason":"interval","frozen":true,"last":true}
[W][perf] iter=66ms (worst path so far: wr.pump:2501ms)
{"ok":true,"cmd":"get","var":"wrPosbar","bufPctRaw":87,"bufPctSmoothed":88,"bufPctDrawn":94,"redraws":15,"sinceLastRedrawMs":250,"lastSkipReason":"interval","frozen":true,"last":true}
[W][perf] iter=66ms (worst path so far: wr.pump:2501ms)
{"ok":true,"cmd":"get","var":"wrPosbar","bufPctRaw":86,"bufPctSmoothed":87,"bufPctDrawn":94,"redraws":15,"sinceLastRedrawMs":52,"lastSkipReason":"frozen","frozen":true,"last":true}
[W][perf] iter=66ms (worst path so far: wr.pump:2501ms)
{"ok":true,"cmd":"get","var":"wrPosbar","bufPctRaw":86,"bufPctSmoothed":87,"bufPctDrawn":94,"redraws":15,"sinceLastRedrawMs":118,"lastSkipReason":"interval","frozen":true,"last":true}
[W][perf] iter=66ms (worst path so far: wr.pump:2501ms)
{"ok":true,"cmd":"get","var":"wrPosbar","bufPctRaw":86,"bufPctSmoothed":87,"bufPctDrawn":94,"redraws":15,"sinceLastRedrawMs":184,"lastSkipReason":"interval","frozen":true,"last":true}
[W][perf] iter=66ms (worst path so far: wr.pump:2501ms)
{"ok":true,"cmd":"get","var":"wrPosbar","bufPctRaw":86,"bufPctSmoothed":87,"bufPctDrawn":94,"redraws":15,"sinceLastRedrawMs":250,"lastSkipReason":"interval","frozen":true,"last":true}
[W][perf] iter=66ms (worst path so far: wr.pump:2501ms)
{"ok":true,"cmd":"get","var":"wrPosbar","bufPctRaw":85,"bufPctSmoothed":86,"bufPctDrawn":94,"redraws":15,"sinceLastRedrawMs":52,"lastSkipReason":"frozen","frozen":true,"last":true}
[W][perf] iter=66ms (worst path so far: wr.pump:2501ms)
{"ok":true,"cmd":"get","var":"wrPosbar","bufPctRaw":85,"bufPctSmoothed":86,"bufPctDrawn":94,"redraws":15,"sinceLastRedrawMs":118,"lastSkipReason":"interval","frozen":true,"last":true}
[W][perf] iter=66ms (worst path so far: wr.pump:2501ms)
{"ok":true,"cmd":"get","var":"wrPosbar","bufPctRaw":85,"bufPctSmoothed":86,"bufPctDrawn":94,"redraws":15,"sinceLastRedrawMs":184,"lastSkipReason":"interval","frozen":true,"last":true}
[W][perf] iter=66ms (worst path so far: wr.pump:2501ms)
{"ok":true,"cmd":"get","var":"wrPosbar","bufPctRaw":85,"bufPctSmoothed":86,"bufPctDrawn":94,"redraws":15,"sinceLastRedrawMs":250,"lastSkipReason":"interval","frozen":true,"last":true}
[W][perf] iter=66ms (worst path so far: wr.pump:2501ms)
{"ok":true,"cmd":"get","var":"wrPosbar","bufPctRaw":84,"bufPctSmoothed":85,"bufPctDrawn":94,"redraws":15,"sinceLastRedrawMs":52,"lastSkipReason":"frozen","frozen":true,"last":true}
[W][perf] iter=66ms (worst path so far: wr.pump:2501ms)
{"ok":true,"cmd":"get","var":"wrPosbar","bufPctRaw":84,"bufPctSmoothed":85,"bufPctDrawn":94,"redraws":15,"sinceLastRedrawMs":118,"lastSkipReason":"interval","frozen":true,"last":true}
[W][perf] iter=66ms (worst path so far: wr.pump:2501ms)
{"ok":true,"cmd":"get","var":"wrPosbar","bufPctRaw":84,"bufPctSmoothed":85,"bufPctDrawn":94,"redraws":15,"sinceLastRedrawMs":184,"lastSkipReason":"interval","frozen":true,"last":true}
[W][perf] iter=66ms (worst path so far: wr.pump:2501ms)
{"ok":true,"cmd":"get","var":"wrPosbar","bufPctRaw":84,"bufPctSmoothed":85,"bufPctDrawn":94,"redraws":15,"sinceLastRedrawMs":250,"lastSkipReason":"interval","frozen":true,"last":true}
[W][perf] iter=66ms (worst path so far: wr.pump:2501ms)
{"ok":true,"cmd":"get","var":"wrPosbar","bufPctRaw":83,"bufPctSmoothed":84,"bufPctDrawn":94,"redraws":15,"sinceLastRedrawMs":52,"lastSkipReason":"frozen","frozen":true,"last":true}
{"ok":true,"cmd":"get","var":"wrPosbar","bufPctRaw":83,"bufPctSmoothed":83,"bufPctDrawn":94,"redraws":15,"sinceLastRedrawMs":76,"lastSkipReason":"interval","frozen":true,"last":true}
{"ok":true,"cmd":"get","var":"wrPosbar","bufPctRaw":83,"bufPctSmoothed":83,"bufPctDrawn":94,"redraws":15,"sinceLastRedrawMs":98,"lastSkipReason":"interval","frozen":true,"last":true}
{"ok":true,"cmd":"get","var":"wrPosbar","bufPctRaw":83,"bufPctSmoothed":83,"bufPctDrawn":94,"redraws":15,"sinceLastRedrawMs":121,"lastSkipReason":"interval","frozen":true,"last":true}
{"ok":true,"cmd":"get","var":"wrPosbar","bufPctRaw":83,"bufPctSmoothed":83,"bufPctDrawn":94,"redraws":15,"sinceLastRedrawMs":143,"lastSkipReason":"interval","frozen":true,"last":true}
{"ok":true,"cmd":"get","var":"wrPosbar","bufPctRaw":83,"bufPctSmoothed":83,"bufPctDrawn":94,"redraws":15,"sinceLastRedrawMs":167,"lastSkipReason":"interval","frozen":true,"last":true}
{"ok":true,"cmd":"get","var":"wrPosbar","bufPctRaw":83,"bufPctSmoothed":83,"bufPctDrawn":94,"redraws":15,"sinceLastRedrawMs":189,"lastSkipReason":"interval","frozen":true,"last":true}
{"ok":true,"cmd":"get","var":"wrPosbar","bufPctRaw":82,"bufPctSmoothed":82,"bufPctDrawn":94,"redraws":15,"sinceLastRedrawMs":10,"lastSkipReason":"interval","frozen":true,"last":true}
{"ok":true,"cmd":"get","var":"wrPosbar","bufPctRaw":82,"bufPctSmoothed":82,"bufPctDrawn":94,"redraws":15,"sinceLastRedrawMs":32,"lastSkipReason":"interval","frozen":true,"last":true}
{"ok":true,"cmd":"get","var":"wrPosbar","bufPctRaw":82,"bufPctSmoothed":82,"bufPctDrawn":94,"redraws":15,"sinceLastRedrawMs":55,"lastSkipReason":"interval","frozen":true,"last":true}
{"ok":true,"cmd":"get","var":"wrPosbar","bufPctRaw":82,"bufPctSmoothed":82,"bufPctDrawn":94,"redraws":15,"sinceLastRedrawMs":77,"lastSkipReason":"interval","frozen":true,"last":true}
{"ok":true,"cmd":"get","var":"wrPosbar","bufPctRaw":82,"bufPctSmoothed":82,"bufPctDrawn":94,"redraws":15,"sinceLastRedrawMs":99,"lastSkipReason":"interval","frozen":true,"last":true}
{"ok":true,"cmd":"get","var":"wrPosbar","bufPctRaw":82,"bufPctSmoothed":82,"bufPctDrawn":94,"redraws":15,"sinceLastRedrawMs":121,"lastSkipReason":"interval","frozen":true,"last":true}
{"ok":true,"cmd":"get","var":"wrPosbar","bufPctRaw":82,"bufPctSmoothed":82,"bufPctDrawn":94,"redraws":15,"sinceLastRedrawMs":143,"lastSkipReason":"interval","frozen":true,"last":true}
{"ok":true,"cmd":"get","var":"wrPosbar","bufPctRaw":82,"bufPctSmoothed":82,"bufPctDrawn":94,"redraws":15,"sinceLastRedrawMs":165,"lastSkipReason":"interval","frozen":true,"last":true}
{"ok":true,"cmd":"get","var":"wrPosbar","bufPctRaw":82,"bufPctSmoothed":82,"bufPctDrawn":94,"redraws":15,"sinceLastRedrawMs":188,"lastSkipReason":"interval","frozen":true,"last":true}
{"ok":true,"cmd":"get","var":"wrPosbar","bufPctRaw":81,"bufPctSmoothed":81,"bufPctDrawn":94,"redraws":15,"sinceLastRedrawMs":9,"lastSkipReason":"interval","frozen":true,"last":true}
{"ok":true,"cmd":"get","var":"wrPosbar","bufPctRaw":81,"bufPctSmoothed":81,"bufPctDrawn":94,"redraws":15,"sinceLastRedrawMs":31,"lastSkipReason":"interval","frozen":true,"last":true}
{"ok":true,"cmd":"get","var":"wrPosbar","bufPctRaw":81,"bufPctSmoothed":81,"bufPctDrawn":94,"redraws":15,"sinceLastRedrawMs":53,"lastSkipReason":"interval","frozen":true,"last":true}
{"ok":true,"cmd":"get","var":"wrPosbar","bufPctRaw":81,"bufPctSmoothed":81,"bufPctDrawn":94,"redraws":15,"sinceLastRedrawMs":75,"lastSkipReason":"interval","frozen":true,"last":true}
{"ok":true,"cmd":"get","var":"wrPosbar","bufPctRaw":81,"bufPctSmoothed":81,"bufPctDrawn":94,"redraws":15,"sinceLastRedrawMs":97,"lastSkipReason":"interval","frozen":true,"last":true}
{"ok":true,"cmd":"get","var":"wrPosbar","bufPctRaw":81,"bufPctSmoothed":81,"bufPctDrawn":94,"redraws":15,"sinceLastRedrawMs":119,"lastSkipReason":"interval","frozen":true,"last":true}
{"ok":true,"cmd":"get","var":"wrPosbar","bufPctRaw":81,"bufPctSmoothed":81,"bufPctDrawn":94,"redraws":15,"sinceLastRedrawMs":141,"lastSkipReason":"interval","frozen":true,"last":true}
{"ok":true,"cmd":"get","var":"wrPosbar","bufPctRaw":81,"bufPctSmoothed":81,"bufPctDrawn":94,"redraws":15,"sinceLastRedrawMs":163,"lastSkipReason":"interval","frozen":true,"last":true}
{"ok":true,"cmd":"get","var":"wrPosbar","bufPctRaw":81,"bufPctSmoothed":81,"bufPctDrawn":94,"redraws":15,"sinceLastRedrawMs":185,"lastSkipReason":"interval","frozen":true,"last":true}
{"ok":true,"cmd":"get","var":"wrPosbar","bufPctRaw":80,"bufPctSmoothed":80,"bufPctDrawn":94,"redraws":15,"sinceLastRedrawMs":7,"lastSkipReason":"interval","frozen":true,"last":true}
{"ok":true,"cmd":"get","var":"wrPosbar","bufPctRaw":80,"bufPctSmoothed":80,"bufPctDrawn":94,"redraws":15,"sinceLastRedrawMs":29,"lastSkipReason":"interval","frozen":true,"last":true}
{"ok":true,"cmd":"get","var":"wrPosbar","bufPctRaw":80,"bufPctSmoothed":80,"bufPctDrawn":94,"redraws":15,"sinceLastRedrawMs":51,"lastSkipReason":"interval","frozen":true,"last":true}
{"ok":true,"cmd":"get","var":"wrPosbar","bufPctRaw":80,"bufPctSmoothed":80,"bufPctDrawn":94,"redraws":15,"sinceLastRedrawMs":73,"lastSkipReason":"interval","frozen":true,"last":true}
{"ok":true,"cmd":"get","var":"wrPosbar","bufPctRaw":80,"bufPctSmoothed":80,"bufPctDrawn":94,"redraws":15,"sinceLastRedrawMs":95,"lastSkipReason":"interval","frozen":true,"last":true}
{"ok":true,"cmd":"get","var":"wrPosbar","bufPctRaw":80,"bufPctSmoothed":80,"bufPctDrawn":94,"redraws":15,"sinceLastRedrawMs":117,"lastSkipReason":"interval","frozen":true,"last":true}
{"ok":true,"cmd":"get","var":"wrPosbar","bufPctRaw":80,"bufPctSmoothed":80,"bufPctDrawn":94,"redraws":15,"sinceLastRedrawMs":139,"lastSkipReason":"interval","frozen":true,"last":true}
{"ok":true,"cmd":"get","var":"wrPosbar","bufPctRaw":80,"bufPctSmoothed":80,"bufPctDrawn":94,"redraws":15,"sinceLastRedrawMs":161,"lastSkipReason":"interval","frozen":true,"last":true}
{"ok":true,"cmd":"get","var":"wrPosbar","bufPctRaw":80,"bufPctSmoothed":80,"bufPctDrawn":94,"redraws":15,"sinceLastRedrawMs":183,"lastSkipReason":"interval","frozen":true,"last":true}
{"ok":true,"cmd":"get","var":"wrPosbar","bufPctRaw":79,"bufPctSmoothed":79,"bufPctDrawn":94,"redraws":15,"sinceLastRedrawMs":5,"lastSkipReason":"interval","frozen":true,"last":true}
{"ok":true,"cmd":"get","var":"wrPosbar","bufPctRaw":79,"bufPctSmoothed":79,"bufPctDrawn":94,"redraws":15,"sinceLastRedrawMs":27,"lastSkipReason":"interval","frozen":true,"last":true}
{"ok":true,"cmd":"get","var":"wrPosbar","bufPctRaw":79,"bufPctSmoothed":79,"bufPctDrawn":94,"redraws":15,"sinceLastRedrawMs":49,"lastSkipReason":"interval","frozen":true,"last":true}
{"ok":true,"cmd":"get","var":"wrPosbar","bufPctRaw":79,"bufPctSmoothed":79,"bufPctDrawn":94,"redraws":15,"sinceLastRedrawMs":71,"lastSkipReason":"interval","frozen":true,"last":true}
{"ok":true,"cmd":"get","var":"wrPosbar","bufPctRaw":79,"bufPctSmoothed":79,"bufPctDrawn":94,"redraws":15,"sinceLastRedrawMs":93,"lastSkipReason":"interval","frozen":true,"last":true}
{"ok":true,"cmd":"get","var":"wrPosbar","bufPctRaw":79,"bufPctSmoothed":79,"bufPctDrawn":94,"redraws":15,"sinceLastRedrawMs":115,"lastSkipReason":"interval","frozen":true,"last":true}
{"ok":true,"cmd":"get","var":"wrPosbar","bufPctRaw":79,"bufPctSmoothed":79,"bufPctDrawn":94,"redraws":15,"sinceLastRedrawMs":137,"lastSkipReason":"interval","frozen":true,"last":true}
{"ok":true,"cmd":"get","var":"wrPosbar","bufPctRaw":79,"bufPctSmoothed":79,"bufPctDrawn":94,"redraws":15,"sinceLastRedrawMs":159,"lastSkipReason":"interval","frozen":true,"last":true}
{"ok":true,"cmd":"get","var":"wrPosbar","bufPctRaw":79,"bufPctSmoothed":79,"bufPctDrawn":94,"redraws":15,"sinceLastRedrawMs":181,"lastSkipReason":"interval","frozen":true,"last":true}
{"ok":true,"cmd":"get","var":"wrPosbar","bufPctRaw":78,"bufPctSmoothed":79,"bufPctDrawn":92,"redraws":16,"sinceLastRedrawMs":3,"lastSkipReason":"interval","frozen":false,"last":true}
{"ok":true,"cmd":"get","var":"wrPosbar","bufPctRaw":78,"bufPctSmoothed":78,"bufPctDrawn":92,"redraws":16,"sinceLastRedrawMs":26,"lastSkipReason":"interval","frozen":false,"last":true}
{"ok":true,"cmd":"get","var":"wrPosbar","bufPctRaw":78,"bufPctSmoothed":78,"bufPctDrawn":92,"redraws":16,"sinceLastRedrawMs":48,"lastSkipReason":"interval","frozen":false,"last":true}
{"ok":true,"cmd":"get","var":"wrPosbar","bufPctRaw":78,"bufPctSmoothed":78,"bufPctDrawn":92,"redraws":16,"sinceLastRedrawMs":70,"lastSkipReason":"interval","frozen":false,"last":true}
{"ok":true,"cmd":"get","var":"wrPosbar","bufPctRaw":78,"bufPctSmoothed":78,"bufPctDrawn":92,"redraws":16,"sinceLastRedrawMs":92,"lastSkipReason":"interval","frozen":false,"last":true}
{"ok":true,"cmd":"get","var":"wrPosbar","bufPctRaw":78,"bufPctSmoothed":78,"bufPctDrawn":92,"redraws":16,"sinceLastRedrawMs":114,"lastSkipReason":"interval","frozen":false,"last":true}
{"ok":true,"cmd":"get","var":"wrPosbar","bufPctRaw":78,"bufPctSmoothed":78,"bufPctDrawn":92,"redraws":16,"sinceLastRedrawMs":137,"lastSkipReason":"interval","frozen":false,"last":true}
{"ok":true,"cmd":"get","var":"wrPosbar","bufPctRaw":78,"bufPctSmoothed":78,"bufPctDrawn":92,"redraws":16,"sinceLastRedrawMs":159,"lastSkipReason":"interval","frozen":false,"last":true}
{"ok":true,"cmd":"get","var":"wrPosbar","bufPctRaw":78,"bufPctSmoothed":78,"bufPctDrawn":92,"redraws":16,"sinceLastRedrawMs":183,"lastSkipReason":"interval","frozen":false,"last":true}
{"ok":true,"cmd":"get","var":"wrPosbar","bufPctRaw":77,"bufPctSmoothed":77,"bufPctDrawn":90,"redraws":17,"sinceLastRedrawMs":7,"lastSkipReason":"interval","frozen":false,"last":true}
{"ok":true,"cmd":"get","var":"wrPosbar","bufPctRaw":77,"bufPctSmoothed":77,"bufPctDrawn":90,"redraws":17,"sinceLastRedrawMs":29,"lastSkipReason":"interval","frozen":false,"last":true}
{"ok":true,"cmd":"get","var":"wrPosbar","bufPctRaw":77,"bufPctSmoothed":77,"bufPctDrawn":90,"redraws":17,"sinceLastRedrawMs":51,"lastSkipReason":"interval","frozen":false,"last":true}
{"ok":true,"cmd":"get","var":"wrPosbar","bufPctRaw":77,"bufPctSmoothed":77,"bufPctDrawn":90,"redraws":17,"sinceLastRedrawMs":73,"lastSkipReason":"interval","frozen":false,"last":true}
{"ok":true,"cmd":"get","var":"wrPosbar","bufPctRaw":77,"bufPctSmoothed":77,"bufPctDrawn":90,"redraws":17,"sinceLastRedrawMs":95,"lastSkipReason":"interval","frozen":false,"last":true}
{"ok":true,"cmd":"get","var":"wrPosbar","bufPctRaw":77,"bufPctSmoothed":77,"bufPctDrawn":90,"redraws":17,"sinceLastRedrawMs":117,"lastSkipReason":"interval","frozen":false,"last":true}
{"ok":true,"cmd":"get","var":"wrPosbar","bufPctRaw":77,"bufPctSmoothed":77,"bufPctDrawn":90,"redraws":17,"sinceLastRedrawMs":140,"lastSkipReason":"interval","frozen":false,"last":true}
{"ok":true,"cmd":"get","var":"wrPosbar","bufPctRaw":77,"bufPctSmoothed":77,"bufPctDrawn":90,"redraws":17,"sinceLastRedrawMs":162,"lastSkipReason":"interval","frozen":false,"last":true}
{"ok":true,"cmd":"get","var":"wrPosbar","bufPctRaw":77,"bufPctSmoothed":77,"bufPctDrawn":90,"redraws":17,"sinceLastRedrawMs":184,"lastSkipReason":"interval","frozen":false,"last":true}
{"ok":true,"cmd":"get","var":"wrPosbar","bufPctRaw":76,"bufPctSmoothed":76,"bufPctDrawn":88,"redraws":18,"sinceLastRedrawMs":6,"lastSkipReason":"interval","frozen":false,"last":true}
{"ok":true,"cmd":"get","var":"wrPosbar","bufPctRaw":76,"bufPctSmoothed":76,"bufPctDrawn":88,"redraws":18,"sinceLastRedrawMs":28,"lastSkipReason":"interval","frozen":false,"last":true}
{"ok":true,"cmd":"get","var":"wrPosbar","bufPctRaw":76,"bufPctSmoothed":76,"bufPctDrawn":88,"redraws":18,"sinceLastRedrawMs":50,"lastSkipReason":"interval","frozen":false,"last":true}
{"ok":true,"cmd":"get","var":"wrPosbar","bufPctRaw":76,"bufPctSmoothed":76,"bufPctDrawn":88,"redraws":18,"sinceLastRedrawMs":72,"lastSkipReason":"interval","frozen":false,"last":true}
{"ok":true,"cmd":"get","var":"wrPosbar","bufPctRaw":76,"bufPctSmoothed":76,"bufPctDrawn":88,"redraws":18,"sinceLastRedrawMs":95,"lastSkipReason":"interval","frozen":false,"last":true}
{"ok":true,"cmd":"get","var":"wrPosbar","bufPctRaw":76,"bufPctSmoothed":76,"bufPctDrawn":88,"redraws":18,"sinceLastRedrawMs":117,"lastSkipReason":"interval","frozen":false,"last":true}
{"ok":true,"cmd":"get","var":"wrPosbar","bufPctRaw":76,"bufPctSmoothed":76,"bufPctDrawn":88,"redraws":18,"sinceLastRedrawMs":139,"lastSkipReason":"interval","frozen":false,"last":true}
{"ok":true,"cmd":"get","var":"wrPosbar","bufPctRaw":76,"bufPctSmoothed":76,"bufPctDrawn":88,"redraws":18,"sinceLastRedrawMs":161,"lastSkipReason":"interval","frozen":false,"last":true}
{"ok":true,"cmd":"get","var":"wrPosbar","bufPctRaw":76,"bufPctSmoothed":76,"bufPctDrawn":88,"redraws":18,"sinceLastRedrawMs":187,"lastSkipReason":"interval","frozen":false,"last":true}
{"ok":true,"cmd":"get","var":"wrPosbar","bufPctRaw":75,"bufPctSmoothed":75,"bufPctDrawn":86,"redraws":19,"sinceLastRedrawMs":9,"lastSkipReason":"interval","frozen":false,"last":true}
{"ok":true,"cmd":"get","var":"wrPosbar","bufPctRaw":75,"bufPctSmoothed":75,"bufPctDrawn":86,"redraws":19,"sinceLastRedrawMs":31,"lastSkipReason":"interval","frozen":false,"last":true}
{"ok":true,"cmd":"get","var":"wrPosbar","bufPctRaw":75,"bufPctSmoothed":75,"bufPctDrawn":86,"redraws":19,"sinceLastRedrawMs":53,"lastSkipReason":"interval","frozen":false,"last":true}
{"ok":true,"cmd":"get","var":"wrPosbar","bufPctRaw":75,"bufPctSmoothed":75,"bufPctDrawn":86,"redraws":19,"sinceLastRedrawMs":75,"lastSkipReason":"interval","frozen":false,"last":true}
{"ok":true,"cmd":"get","var":"wrPosbar","bufPctRaw":75,"bufPctSmoothed":75,"bufPctDrawn":86,"redraws":19,"sinceLastRedrawMs":97,"lastSkipReason":"interval","frozen":false,"last":true}
{"ok":true,"cmd":"get","var":"wrPosbar","bufPctRaw":75,"bufPctSmoothed":75,"bufPctDrawn":86,"redraws":19,"sinceLastRedrawMs":119,"lastSkipReason":"interval","frozen":false,"last":true}
{"ok":true,"cmd":"get","var":"wrPosbar","bufPctRaw":75,"bufPctSmoothed":75,"bufPctDrawn":86,"redraws":19,"sinceLastRedrawMs":141,"lastSkipReason":"interval","frozen":false,"last":true}
{"ok":true,"cmd":"get","var":"wrPosbar","bufPctRaw":75,"bufPctSmoothed":75,"bufPctDrawn":86,"redraws":19,"sinceLastRedrawMs":163,"lastSkipReason":"interval","frozen":false,"last":true}
[W][webradio] stream dead (isRunning=0 for 1783ms, bufStalled for 5000ms) — stop + resume Spotify TLS
[I][webradio] auto-skip 1/30 from idx=0
[I][spotify.tls] tls yield — resumed
[D][chrome] drawVolume pct=100 keyframe=4
[D][chrome] drawVolume pct=100 keyframe=4
[W][perf] iter=80ms (worst path so far: wr.pump:2502ms)
{"ok":true,"cmd":"get","var":"wrPosbar","bufPctRaw":75,"bufPctSmoothed":75,"bufPctDrawn":86,"redraws":19,"sinceLastRedrawMs":262,"lastSkipReason":"interval","frozen":false,"last":true}
[I][webradio] play idx=1 name=Sky Radio 80's Hits url=http://playerservices.streamtheworld.com/api/livestream-redirect/SRGSTR04.mp3
[I][spotify.tls] tls yield — client stopped
[membudget] TASK-267 _play pre-acquire lfbInt=42996 freeInt=56228
[I][webradio] HEAP pre-connect free=56228 min=45588 maxAlloc=42996
[membudget] CP1-pre-connect skip=1 freeInt=56228 lfbInt=42996 freeDma=13084 lfbDma=10228
[W][perf] iter=454ms (worst path so far: wr.pump:2502ms)
[I][webradio] audio_info: buffers freed, free Heap: 56228 bytes
[I][webradio] audio_info: Connect to new host: "http://playerservices.streamtheworld.com/api/livestream-redirect/SRGSTR04.mp3"
{"ok":true,"cmd":"get","var":"wrPosbar","bufPctRaw":0,"bufPctSmoothed":75,"bufPctDrawn":86,"redraws":19,"sinceLastRedrawMs":716,"lastSkipReason":"interval","frozen":false,"last":true}
[I][webradio] audio_info: Connection has been established in 18 ms, free Heap: 55280 bytes
[I][webradio] audio_info: redirect to new host "http://22343.live.streamtheworld.com:80/SRGSTR04.mp3"
[I][webradio] audio_info: buffers freed, free Heap: 56196 bytes
[I][webradio] audio_info: Connect to new host: "http://22343.live.streamtheworld.com:80/SRGSTR04.mp3"
[D][chrome] drawVolume pct=100 keyframe=4
[D][chrome] drawVolume pct=100 keyframe=4
[W][perf] iter=159ms (worst path so far: wr.pump:2502ms)
{"ok":true,"cmd":"get","var":"wrPosbar","bufPctRaw":0,"bufPctSmoothed":75,"bufPctDrawn":86,"redraws":19,"sinceLastRedrawMs":878,"lastSkipReason":"interval","frozen":false,"last":true}
[I][webradio] audio_info: Connection has been established in 46 ms, free Heap: 55132 bytes
{"ok":true,"cmd":"get","var":"wrPosbar","bufPctRaw":0,"bufPctSmoothed":75,"bufPctDrawn":86,"redraws":19,"sinceLastRedrawMs":902,"lastSkipReason":"interval","frozen":false,"last":true}
[D][chrome] drawVolume pct=100 keyframe=4
[D][chrome] drawVolume pct=100 keyframe=4
[W][perf] iter=115ms (worst path so far: wr.pump:2502ms)
{"ok":true,"cmd":"get","var":"wrPosbar","bufPctRaw":0,"bufPctSmoothed":0,"bufPctDrawn":0,"redraws":19,"sinceLastRedrawMs":74,"lastSkipReason":"converged","frozen":false,"last":true}
{"ok":true,"cmd":"get","var":"wrPosbar","bufPctRaw":0,"bufPctSmoothed":0,"bufPctDrawn":0,"redraws":19,"sinceLastRedrawMs":100,"lastSkipReason":"interval","frozen":false,"last":true}
{"ok":true,"cmd":"get","var":"wrPosbar","bufPctRaw":0,"bufPctSmoothed":0,"bufPctDrawn":0,"redraws":19,"sinceLastRedrawMs":122,"lastSkipReason":"interval","frozen":false,"last":true}
{"ok":true,"cmd":"set","var":"wrPosbarSimDrain","val":"0"}
{"ok":true,"cmd":"get","var":"wrPosbar","bufPctRaw":0,"bufPctSmoothed":0,"bufPctDrawn":0,"redraws":19,"sinceLastRedrawMs":158,"lastSkipReason":"interval","frozen":false,"last":true}
{"ok":true,"cmd":"get","var":"wrPosbar","bufPctRaw":0,"bufPctSmoothed":0,"bufPctDrawn":0,"redraws":19,"sinceLastRedrawMs":180,"lastSkipReason":"interval","frozen":false,"last":true}
{"ok":true,"cmd":"get","var":"wrPosbar","bufPctRaw":0,"bufPctSmoothed":0,"bufPctDrawn":0,"redraws":19,"sinceLastRedrawMs":3,"lastSkipReason":"interval","frozen":false,"last":true}
{"ok":true,"cmd":"get","var":"wrPosbar","bufPctRaw":0,"bufPctSmoothed":0,"bufPctDrawn":0,"redraws":19,"sinceLastRedrawMs":24,"lastSkipReason":"interval","frozen":false,"last":true}
{"ok":true,"cmd":"get","var":"wrPosbar","bufPctRaw":0,"bufPctSmoothed":0,"bufPctDrawn":0,"redraws":19,"sinceLastRedrawMs":46,"lastSkipReason":"interval","frozen":false,"last":true}
{"ok":true,"cmd":"get","var":"wrPosbar","bufPctRaw":0,"bufPctSmoothed":0,"bufPctDrawn":0,"redraws":19,"sinceLastRedrawMs":68,"lastSkipReason":"interval","frozen":false,"last":true}
{"ok":true,"cmd":"get","var":"wrPosbar","bufPctRaw":0,"bufPctSmoothed":0,"bufPctDrawn":0,"redraws":19,"sinceLastRedrawMs":90,"lastSkipReason":"interval","frozen":false,"last":true}
{"ok":true,"cmd":"get","var":"wrPosbar","bufPctRaw":0,"bufPctSmoothed":0,"bufPctDrawn":0,"redraws":19,"sinceLastRedrawMs":112,"lastSkipReason":"interval","frozen":false,"last":true}
{"ok":true,"cmd":"get","var":"wrPosbar","bufPctRaw":0,"bufPctSmoothed":0,"bufPctDrawn":0,"redraws":19,"sinceLastRedrawMs":135,"lastSkipReason":"interval","frozen":false,"last":true}
{"ok":true,"cmd":"get","var":"wrPosbar","bufPctRaw":0,"bufPctSmoothed":0,"bufPctDrawn":0,"redraws":19,"sinceLastRedrawMs":158,"lastSkipReason":"interval","frozen":false,"last":true}
{"ok":true,"cmd":"get","var":"wrPosbar","bufPctRaw":0,"bufPctSmoothed":0,"bufPctDrawn":0,"redraws":19,"sinceLastRedrawMs":180,"lastSkipReason":"interval","frozen":false,"last":true}
{"ok":true,"cmd":"get","var":"wrPosbar","bufPctRaw":0,"bufPctSmoothed":0,"bufPctDrawn":0,"redraws":19,"sinceLastRedrawMs":2,"lastSkipReason":"interval","frozen":false,"last":true}
{"ok":true,"cmd":"get","var":"wrPosbar","bufPctRaw":0,"bufPctSmoothed":0,"bufPctDrawn":0,"redraws":19,"sinceLastRedrawMs":24,"lastSkipReason":"interval","frozen":false,"last":true}
{"ok":true,"cmd":"get","var":"wrPosbar","bufPctRaw":0,"bufPctSmoothed":0,"bufPctDrawn":0,"redraws":19,"sinceLastRedrawMs":46,"lastSkipReason":"interval","frozen":false,"last":true}
{"ok":true,"cmd":"get","var":"wrPosbar","bufPctRaw":0,"bufPctSmoothed":0,"bufPctDrawn":0,"redraws":19,"sinceLastRedrawMs":67,"lastSkipReason":"interval","frozen":false,"last":true}
{"ok":true,"cmd":"get","var":"wrPosbar","bufPctRaw":0,"bufPctSmoothed":0,"bufPctDrawn":0,"redraws":19,"sinceLastRedrawMs":89,"lastSkipReason":"interval","frozen":false,"last":true}
{"ok":true,"cmd":"get","var":"wrPosbar","bufPctRaw":0,"bufPctSmoothed":0,"bufPctDrawn":0,"redraws":19,"sinceLastRedrawMs":111,"lastSkipReason":"interval","frozen":false,"last":true}
{"ok":true,"cmd":"get","var":"wrPosbar","bufPctRaw":0,"bufPctSmoothed":0,"bufPctDrawn":0,"redraws":19,"sinceLastRedrawMs":133,"lastSkipReason":"interval","frozen":false,"last":true}
{"ok":true,"cmd":"get","var":"wrPosbar","bufPctRaw":0,"bufPctSmoothed":0,"bufPctDrawn":0,"redraws":19,"sinceLastRedrawMs":155,"lastSkipReason":"interval","frozen":false,"last":true}
{"ok":true,"cmd":"get","var":"wrPosbar","bufPctRaw":0,"bufPctSmoothed":0,"bufPctDrawn":0,"redraws":19,"sinceLastRedrawMs":177,"lastSkipReason":"interval","frozen":false,"last":true}
{"ok":true,"cmd":"get","var":"wrPosbar","bufPctRaw":0,"bufPctSmoothed":0,"bufPctDrawn":0,"redraws":19,"sinceLastRedrawMs":199,"lastSkipReason":"interval","frozen":false,"last":true}
{"ok":true,"cmd":"get","var":"wrPosbar","bufPctRaw":0,"bufPctSmoothed":0,"bufPctDrawn":0,"redraws":19,"sinceLastRedrawMs":10,"lastSkipReason":"interval","frozen":false,"last":true}
{"ok":true,"cmd":"get","var":"wrPosbar","bufPctRaw":0,"bufPctSmoothed":0,"bufPctDrawn":0,"redraws":19,"sinceLastRedrawMs":33,"lastSkipReason":"interval","frozen":false,"last":true}
{"ok":true,"cmd":"get","var":"wrPosbar","bufPctRaw":0,"bufPctSmoothed":0,"bufPctDrawn":0,"redraws":19,"sinceLastRedrawMs":55,"lastSkipReason":"interval","frozen":false,"last":true}
{"ok":true,"cmd":"get","var":"wrPosbar","bufPctRaw":0,"bufPctSmoothed":0,"bufPctDrawn":0,"redraws":19,"sinceLastRedrawMs":77,"lastSkipReason":"interval","frozen":false,"last":true}
{"ok":true,"cmd":"get","var":"wrPosbar","bufPctRaw":0,"bufPctSmoothed":0,"bufPctDrawn":0,"redraws":19,"sinceLastRedrawMs":99,"lastSkipReason":"interval","frozen":false,"last":true}
{"ok":true,"cmd":"get","var":"wrPosbar","bufPctRaw":0,"bufPctSmoothed":0,"bufPctDrawn":0,"redraws":19,"sinceLastRedrawMs":121,"lastSkipReason":"interval","frozen":false,"last":true}
{"ok":true,"cmd":"get","var":"wrPosbar","bufPctRaw":0,"bufPctSmoothed":0,"bufPctDrawn":0,"redraws":19,"sinceLastRedrawMs":143,"lastSkipReason":"interval","frozen":false,"last":true}
[W][perf] iter=65ms (worst path so far: wr.pump:2502ms)
{"ok":true,"cmd":"get","var":"wrPosbar","bufPctRaw":0,"bufPctSmoothed":0,"bufPctDrawn":0,"redraws":19,"sinceLastRedrawMs":209,"lastSkipReason":"interval","frozen":false,"last":true}
[W][perf] iter=67ms (worst path so far: wr.pump:2502ms)
{"ok":true,"cmd":"get","var":"wrPosbar","bufPctRaw":0,"bufPctSmoothed":0,"bufPctDrawn":0,"redraws":19,"sinceLastRedrawMs":52,"lastSkipReason":"converged","frozen":false,"last":true}
[W][perf] iter=67ms (worst path so far: wr.pump:2502ms)
{"ok":true,"cmd":"get","var":"wrPosbar","bufPctRaw":0,"bufPctSmoothed":0,"bufPctDrawn":0,"redraws":19,"sinceLastRedrawMs":120,"lastSkipReason":"interval","frozen":false,"last":true}
[W][perf] iter=66ms (worst path so far: wr.pump:2502ms)
{"ok":true,"cmd":"get","var":"wrPosbar","bufPctRaw":0,"bufPctSmoothed":0,"bufPctDrawn":0,"redraws":19,"sinceLastRedrawMs":185,"lastSkipReason":"interval","frozen":false,"last":true}
[W][perf] iter=66ms (worst path so far: wr.pump:2502ms)
{"ok":true,"cmd":"get","var":"wrPosbar","bufPctRaw":0,"bufPctSmoothed":0,"bufPctDrawn":0,"redraws":19,"sinceLastRedrawMs":52,"lastSkipReason":"converged","frozen":false,"last":true}
[W][perf] iter=66ms (worst path so far: wr.pump:2502ms)
{"ok":true,"cmd":"get","var":"wrPosbar","bufPctRaw":0,"bufPctSmoothed":0,"bufPctDrawn":0,"redraws":19,"sinceLastRedrawMs":118,"lastSkipReason":"interval","frozen":false,"last":true}
[W][perf] iter=66ms (worst path so far: wr.pump:2502ms)
{"ok":true,"cmd":"get","var":"wrPosbar","bufPctRaw":0,"bufPctSmoothed":0,"bufPctDrawn":0,"redraws":19,"sinceLastRedrawMs":184,"lastSkipReason":"interval","frozen":false,"last":true}
[W][perf] iter=66ms (worst path so far: wr.pump:2502ms)
{"ok":true,"cmd":"get","var":"wrPosbar","bufPctRaw":0,"bufPctSmoothed":0,"bufPctDrawn":0,"redraws":19,"sinceLastRedrawMs":250,"lastSkipReason":"interval","frozen":false,"last":true}
[W][perf] iter=66ms (worst path so far: wr.pump:2502ms)
{"ok":true,"cmd":"get","var":"wrPosbar","bufPctRaw":0,"bufPctSmoothed":0,"bufPctDrawn":0,"redraws":19,"sinceLastRedrawMs":52,"lastSkipReason":"converged","frozen":false,"last":true}
[W][perf] iter=67ms (worst path so far: wr.pump:2502ms)
{"ok":true,"cmd":"get","var":"wrPosbar","bufPctRaw":0,"bufPctSmoothed":0,"bufPctDrawn":0,"redraws":19,"sinceLastRedrawMs":119,"lastSkipReason":"interval","frozen":false,"last":true}
[W][perf] iter=66ms (worst path so far: wr.pump:2502ms)
{"ok":true,"cmd":"get","var":"wrPosbar","bufPctRaw":0,"bufPctSmoothed":0,"bufPctDrawn":0,"redraws":19,"sinceLastRedrawMs":185,"lastSkipReason":"interval","frozen":false,"last":true}
[W][perf] iter=66ms (worst path so far: wr.pump:2502ms)
{"ok":true,"cmd":"get","var":"wrPosbar","bufPctRaw":0,"bufPctSmoothed":0,"bufPctDrawn":0,"redraws":19,"sinceLastRedrawMs":251,"lastSkipReason":"interval","frozen":false,"last":true}
[W][perf] iter=68ms (worst path so far: wr.pump:2502ms)
{"ok":true,"cmd":"get","var":"wrPosbar","bufPctRaw":0,"bufPctSmoothed":0,"bufPctDrawn":0,"redraws":19,"sinceLastRedrawMs":52,"lastSkipReason":"converged","frozen":false,"last":true}
[W][perf] iter=66ms (worst path so far: wr.pump:2502ms)
{"ok":true,"cmd":"get","var":"wrPosbar","bufPctRaw":0,"bufPctSmoothed":0,"bufPctDrawn":0,"redraws":19,"sinceLastRedrawMs":118,"lastSkipReason":"interval","frozen":false,"last":true}
[W][perf] iter=66ms (worst path so far: wr.pump:2502ms)
{"ok":true,"cmd":"get","var":"wrPosbar","bufPctRaw":0,"bufPctSmoothed":0,"bufPctDrawn":0,"redraws":19,"sinceLastRedrawMs":184,"lastSkipReason":"interval","frozen":false,"last":true}
[W][perf] iter=66ms (worst path so far: wr.pump:2502ms)
{"ok":true,"cmd":"get","var":"wrPosbar","bufPctRaw":0,"bufPctSmoothed":0,"bufPctDrawn":0,"redraws":19,"sinceLastRedrawMs":250,"lastSkipReason":"interval","frozen":false,"last":true}
[W][perf] iter=66ms (worst path so far: wr.pump:2502ms)
{"ok":true,"cmd":"get","var":"wrPosbar","bufPctRaw":0,"bufPctSmoothed":0,"bufPctDrawn":0,"redraws":19,"sinceLastRedrawMs":52,"lastSkipReason":"converged","frozen":false,"last":true}
[W][perf] iter=66ms (worst path so far: wr.pump:2502ms)
{"ok":true,"cmd":"get","var":"wrPosbar","bufPctRaw":0,"bufPctSmoothed":0,"bufPctDrawn":0,"redraws":19,"sinceLastRedrawMs":118,"lastSkipReason":"interval","frozen":false,"last":true}
[W][perf] iter=66ms (worst path so far: wr.pump:2502ms)
{"ok":true,"cmd":"get","var":"wrPosbar","bufPctRaw":0,"bufPctSmoothed":0,"bufPctDrawn":0,"redraws":19,"sinceLastRedrawMs":184,"lastSkipReason":"interval","frozen":false,"last":true}
[W][perf] iter=66ms (worst path so far: wr.pump:2502ms)
{"ok":true,"cmd":"get","var":"wrPosbar","bufPctRaw":0,"bufPctSmoothed":0,"bufPctDrawn":0,"redraws":19,"sinceLastRedrawMs":250,"lastSkipReason":"interval","frozen":false,"last":true}
[W][perf] iter=66ms (worst path so far: wr.pump:2502ms)
{"ok":true,"cmd":"get","var":"wrPosbar","bufPctRaw":0,"bufPctSmoothed":0,"bufPctDrawn":0,"redraws":19,"sinceLastRedrawMs":52,"lastSkipReason":"converged","frozen":false,"last":true}
[W][perf] iter=66ms (worst path so far: wr.pump:2502ms)
{"ok":true,"cmd":"get","var":"wrPosbar","bufPctRaw":0,"bufPctSmoothed":0,"bufPctDrawn":0,"redraws":19,"sinceLastRedrawMs":118,"lastSkipReason":"interval","frozen":false,"last":true}
[W][perf] iter=66ms (worst path so far: wr.pump:2502ms)
{"ok":true,"cmd":"get","var":"wrPosbar","bufPctRaw":0,"bufPctSmoothed":0,"bufPctDrawn":0,"redraws":19,"sinceLastRedrawMs":184,"lastSkipReason":"interval","frozen":false,"last":true}
[W][perf] iter=66ms (worst path so far: wr.pump:2502ms)
{"ok":true,"cmd":"get","var":"wrPosbar","bufPctRaw":0,"bufPctSmoothed":0,"bufPctDrawn":0,"redraws":19,"sinceLastRedrawMs":250,"lastSkipReason":"interval","frozen":false,"last":true}
[W][perf] iter=66ms (worst path so far: wr.pump:2502ms)
{"ok":true,"cmd":"get","var":"wrPosbar","bufPctRaw":0,"bufPctSmoothed":0,"bufPctDrawn":0,"redraws":19,"sinceLastRedrawMs":52,"lastSkipReason":"converged","frozen":false,"last":true}
[W][perf] iter=66ms (worst path so far: wr.pump:2502ms)
{"ok":true,"cmd":"get","var":"wrPosbar","bufPctRaw":0,"bufPctSmoothed":0,"bufPctDrawn":0,"redraws":19,"sinceLastRedrawMs":118,"lastSkipReason":"interval","frozen":false,"last":true}
[W][perf] iter=66ms (worst path so far: wr.pump:2502ms)
{"ok":true,"cmd":"get","var":"wrPosbar","bufPctRaw":0,"bufPctSmoothed":0,"bufPctDrawn":0,"redraws":19,"sinceLastRedrawMs":184,"lastSkipReason":"interval","frozen":false,"last":true}
[W][perf] iter=66ms (worst path so far: wr.pump:2502ms)
{"ok":true,"cmd":"get","var":"wrPosbar","bufPctRaw":0,"bufPctSmoothed":0,"bufPctDrawn":0,"redraws":19,"sinceLastRedrawMs":250,"lastSkipReason":"interval","frozen":false,"last":true}
[W][perf] iter=66ms (worst path so far: wr.pump:2502ms)
{"ok":true,"cmd":"get","var":"wrPosbar","bufPctRaw":0,"bufPctSmoothed":0,"bufPctDrawn":0,"redraws":19,"sinceLastRedrawMs":53,"lastSkipReason":"converged","frozen":false,"last":true}
[W][perf] iter=66ms (worst path so far: wr.pump:2502ms)
{"ok":true,"cmd":"get","var":"wrPosbar","bufPctRaw":0,"bufPctSmoothed":0,"bufPctDrawn":0,"redraws":19,"sinceLastRedrawMs":119,"lastSkipReason":"interval","frozen":false,"last":true}
[W][perf] iter=66ms (worst path so far: wr.pump:2502ms)
{"ok":true,"cmd":"get","var":"wrPosbar","bufPctRaw":0,"bufPctSmoothed":0,"bufPctDrawn":0,"redraws":19,"sinceLastRedrawMs":185,"lastSkipReason":"interval","frozen":false,"last":true}
[W][perf] iter=66ms (worst path so far: wr.pump:2502ms)
{"ok":true,"cmd":"get","var":"wrPosbar","bufPctRaw":0,"bufPctSmoothed":0,"bufPctDrawn":0,"redraws":19,"sinceLastRedrawMs":251,"lastSkipReason":"interval","frozen":false,"last":true}
[W][perf] iter=66ms (worst path so far: wr.pump:2502ms)
{"ok":true,"cmd":"get","var":"wrPosbar","bufPctRaw":0,"bufPctSmoothed":0,"bufPctDrawn":0,"redraws":19,"sinceLastRedrawMs":52,"lastSkipReason":"converged","frozen":false,"last":true}
[W][perf] iter=66ms (worst path so far: wr.pump:2502ms)
{"ok":true,"cmd":"get","var":"wrPosbar","bufPctRaw":0,"bufPctSmoothed":0,"bufPctDrawn":0,"redraws":19,"sinceLastRedrawMs":118,"lastSkipReason":"interval","frozen":false,"last":true}
[W][perf] iter=66ms (worst path so far: wr.pump:2502ms)
{"ok":true,"cmd":"get","var":"wrPosbar","bufPctRaw":0,"bufPctSmoothed":0,"bufPctDrawn":0,"redraws":19,"sinceLastRedrawMs":184,"lastSkipReason":"interval","frozen":false,"last":true}
[W][perf] iter=66ms (worst path so far: wr.pump:2502ms)
{"ok":true,"cmd":"get","var":"wrPosbar","bufPctRaw":0,"bufPctSmoothed":0,"bufPctDrawn":0,"redraws":19,"sinceLastRedrawMs":250,"lastSkipReason":"interval","frozen":false,"last":true}
ets Jul 29 2019 12:21:46

rst:0x1 (POWERON_RESET),boot:0x13 (SPI_FAST_FLASH_BOOT)
configsip: 0, SPIWP:0xee
clk_drv:0x00,q_drv:0x00,d_drv:0x00,cs0_drv:0x00,hd_drv:0x00,wp_drv:0x00
mode:DIO, clock div:2
load:0x3fff0030,len:1184
load:0x40078000,len:13232
load:0x40080400,len:3028
entry 0x400805e4
[membudget] boot-baseline freeInt=204444 lfbInt=110580 freeDma=161300 lfbDma=110580
[boot] git=3ce7812+ elf=1a5be47c build=Aug  6 2026 14:20:45
cyd display setup
winamp display setup

Initialisation done.
SettingsStorage: loaded
TouchCalStorage: loaded xMin=223 xMax=3582 yMin=196 yMax=3890
[D][chrome] drawVolume pct=-1 keyframe=NONE
reading config file
opened config file
parsed json
config loaded: clientId=db…e0 (len=32) clientSecret=b9…63 (len=32) refreshToken=AQ…ng (len=131)
[wifi-ev] t=681 ev=0 EV
[wifi-ev] t=756 ev=2 STA_START
[wifi-ev] t=796 ev=5 STA_DISCONNECTED reason=202
[wifi-ev] t=872 ev=4 STA_CONNECTED
[wifi-ev] t=1426 ev=7 STA_GOT_IP ip=192.168.1.181
IP address: 192.168.1.181
udget] post-wifi freeInt=148628 lfbInt=102388 freeDma=105484 lfbDma=102388
[time] synced epoch=1786023718 in 4653ms
[boot] spotify=idle (playerMode=webradio) — refresh deferred to first toggle
[I][spotify.task] task started; pinned core=1 stack=10240B period=5000ms
[I][spotify.task] begin ok — handle=0x3ffe94d0 startIdle=1
[membudget] post-spotifyTask freeInt=135912 lfbInt=90100 freeDma=92768 lfbDma=90100
[membudget] post-dataTask freeInt=121056 lfbInt=73716 freeDma=77912 lfbDma=73716
[I][dataTask] task started stack=14336B
[D][chrome] drawVolume pct=-1 keyframe=NONE
[shell] leaving 0  heap=121056 maxAlloc=73716 minFree=120936
[I][webradio] HEAP init free=120652 min=120632
[I][webradio] HEAP pre-fetch free=120652 min=120632
[shell] entered 11  heap=120652 maxAlloc=73716 minFree=120632
[shell] switch 0->11 suspend=1ms wipe=27ms init=0ms taskbar=26ms total=54ms
[membudget] post-init-idle freeInt=120652 lfbInt=73716 freeDma=77508 lfbDma=73716
{"ok":true,"cmd":"get","var":"variant","spotify":"on","last":true}
i(-49) disc=1 heap=117k maxAlloc=71k stack_hwm=17580b uptime=00:00:06 poll=0/0 last=0 block_max=0ms loop_max=0ms slow=shell.switch:54ms last_poll_age_ms=0 next_poll_in_ms=5000 last_render_age_ms=80 build=Aug  6 2026-14:20:45
[D][chrome] drawVolume pct=-1 keyframe=NONE
[D][chrome] drawVolume pct=100 keyframe=4
[W][perf] iter=85ms (worst path so far: app.tick:60ms)
{"ok":true,"cmd":"get","var":"playerMode","val":1,"name":"WebRadio","last":true}
{"ok":true,"cmd":"get","var":"heap","freeInt":56588,"lfbInt":42996,"freeDma":13444,"lfbDma":11252,"last":true}
{"ok":true,"cmd":"info","git":"3ce7812+","elf":"1a5be47c","build":"Aug  6 2026 14:20:45","heap":56588,"isPlaying":false,"progressMs":0,"durationMs":0,"volumePct":-1,"shuffle":false,"repeat":2,"consecutiveFailures":0}
{"ok":true,"cmd":"get","var":"appId","id":11,"name":"WebRadio","last":true}
{"ok":true,"cmd":"get","var":"appId","id":11,"name":"WebRadio","last":true}
{"ok":true,"cmd":"get","var":"wrCount","count":0,"pending":1,"last":true}
{"ok":true,"cmd":"set","var":"bgPoll","val":"0"}
{"ok":true,"cmd":"get","var":"wrCount","count":0,"pending":1,"last":true}
{"ok":true,"cmd":"get","var":"wrCount","count":0,"pending":1,"last":true}
[I][dataTask.webradio] GET mirror=all.api.radio-browser.info code=200 elapsed=3504ms
[D][dataTask.webradio] url=https://all.api.radio-browser.info/json/stations/search?countrycode=NL&codec=MP3&hidebroken=true&order=votes&reverse=true&limit=30&offset=30&bitrateMax=128
{"ok":true,"cmd":"get","var":"wrCount","count":0,"pending":1,"last":true}
{"ok":true,"cmd":"get","var":"wrCount","count":0,"pending":1,"last":true}
[I][dataTask.webradio] GET mirror=all.api.radio-browser.info code=200 elapsed=3446ms
[I][dataTask.webradio] ok mirror=all.api.radio-browser.info country=NL count=30
[I][webradio] HEAP post-fetch free=119600 min=55484
[I][webradio] stations loaded count=30 country=NL
[D][dataTask.webradio] heap free=74k maxBlk=21k
[I][spotify.tls] tls yield — resumed
[D][chrome] drawVolume pct=100 keyframe=4
[D][chrome] drawVolume pct=100 keyframe=4
[W][perf] iter=81ms (worst path so far: app.tick:78ms)
{"ok":true,"cmd":"get","var":"wrCount","count":30,"pending":0,"last":true}
{"ok":true,"cmd":"get","var":"wrCount","count":30,"pending":0,"last":true}
{"ok":true,"cmd":"set","var":"bgPoll","val":"1"}
{"ok":true,"cmd":"get","var":"wrState","state":0,"last":true}
{"ok":true,"cmd":"get","var":"wrState","state":0,"last":true}
{"ok":true,"cmd":"get","var":"wrState","state":0,"last":true}
{"ok":true,"cmd":"get","var":"wrState","state":0,"last":true}
{"ok":true,"cmd":"get","var":"wrState","state":0,"last":true}
{"ok":true,"cmd":"get","var":"wrState","state":0,"last":true}
{"ok":true,"cmd":"get","var":"wrState","state":0,"last":true}
{"ok":true,"cmd":"get","var":"wrState","state":0,"last":true}
{"ok":true,"cmd":"get","var":"wrState","state":0,"last":true}
{"ok":true,"cmd":"get","var":"wrState","state":0,"last":true}
{"ok":true,"cmd":"get","var":"wrState","state":0,"last":true}
[I][hb] display=winamp wifi=rssi(-48) disc=1 heap=117k maxAlloc=41k stack_hwm=12972b uptime=00:00:36 poll=0/0 last=0 block_max=0ms loop_max=85ms slow=app.tick:78ms last_poll_age_ms=0 next_poll_in_ms=5000 last_render_age_ms=21803 build=Aug  6 2026-14:20:45
{"ok":true,"cmd":"get","var":"wrState","state":0,"last":true}
{"ok":true,"cmd":"get","var":"wrState","state":0,"last":true}
{"ok":true,"cmd":"get","var":"heap","freeInt":120016,"lfbInt":42996,"freeDma":76872,"lfbDma":42996,"last":true}
{"ok":true,"cmd":"get","var":"backoff","consecutiveFailures":0,"nextPollMs":5000,"last":true}
{"ok":true,"cmd":"get","var":"dataq","ms":41271,"queueWaiting":0,"pendingMask":0,"inFlight":-1,"inFlightMs":6259,"wrPhase":2,"wrPhaseMs":14449,"wrEnqueues":1,"wrDrops":0,"yieldCount":0,"tlsStopped":false,"spAct":2,"spActMs":40973,"last":true}
[I][webradio] play idx=0 name=Radio 10 url=http://playerservices.streamtheworld.com/api/livestream-redirect/RADIO10.mp3
[I][spotify.tls] tls yield — client stopped
[membudget] TASK-267 _play pre-acquire lfbInt=42996 freeInt=120016
[membudget] TASK-267 arena acquire=24576B lfbBefore=42996 OK
[membudget] arena init base=0x3ffef4b8 cap=24576
[membudget] CP0-pre-audio-init freeDma=52280 lfbDma=18420
[I][wrpump] created stack=8192B prio=2 core=1
[I][webradio] HEAP pre-connect free=64740 min=55484 maxAlloc=42996
[membudget] CP1-pre-connect skip=0 freeInt=64740 lfbInt=42996 freeDma=21596 lfbDma=10228
{"ok":true,"cmd":"set","var":"wrPlay","val":"0"}
[I][webradio] audio_info: PSRAM not found, inputBufferSize: 6399 bytes
[I][webradio] audio_info: buffers freed, free Heap: 56396 bytes
[I][webradio] audio_info: Connect to new host: "http://playerservices.streamtheworld.com/api/livestream-redirect/RADIO10.mp3"
[D][chrome] drawVolume pct=100 keyframe=4
[D][chrome] drawVolume pct=100 keyframe=4
[I][webradio] audio_info: Connection has been established in 49 ms, free Heap: 55292 bytes
[W][perf] iter=312ms (worst path so far: app.tick:98ms)
{"ok":true,"cmd":"get","var":"wrState","state":1,"last":true}
[I][webradio] HEAP play free=54036 min=52644
[D][chrome] drawVolume pct=100 keyframe=4
[D][chrome] drawVolume pct=100 keyframe=4
[I][webradio] audio_info: redirect to new host "http://28983.live.streamtheworld.com:80/RADIO10.mp3"
[I][webradio] audio_info: buffers freed, free Heap: 55824 bytes
[I][webradio] audio_info: Connect to new host: "http://28983.live.streamtheworld.com:80/RADIO10.mp3"
[W][perf] iter=106ms (worst path so far: app.tick:101ms)
[I][webradio] audio_info: Connection has been established in 41 ms, free Heap: 55360 bytes
[I][webradio] audio_info: icy-name: Radio 10
[mbdbg] arena FIRST alloc: base=0x3ffef4b8 cap=24576 req=2000
[mbdbg] helix alloc: DecInfo=0x3ffef4b8(2000) FHdr=0x3ffefc88(44) SI=0x3ffefcb4(40) SFJS=0x3ffefcdc(36) Huff=0x3ffefd00(4624) Deq=0x3fff0f10(792) IMDCT=0x3fff1228(6944) Sub=0x3fff2d48(8708) FInfo=0x3fff4f4c(28)
[I][webradio] audio_info: MP3Decoder has been initialized, free Heap: 49028 bytes
[membudget] CP2-decoder-init freeInt=49028 lfbInt=42996 freeDma=5884 lfbDma=3444 arenaHWM=23216
[W][perf] iter=53ms (worst path so far: app.tick:101ms)[I][webradio] audio_info: stream ready

[I][webradio] audio_info: syncword found at pos 0
[I][webradio] audio_info: Channels: 2
[I][webradio] audio_info: SampleRate: 44100
[I][webradio] audio_info: BitsPerSample: 16
[I][webradio] audio_info: BitRate: 128000
[I][webradio] audio_info: StreamTitle='George Baker Selection - Little Green Bag'
[D][webradio] ICY: George Baker Selection - Little Green Bag
{"ok":true,"cmd":"get","var":"wrState","state":2,"last":true}
{"ok":true,"cmd":"set","var":"wrBufPct","val":"37"}
{"ok":true,"cmd":"get","var":"wrPosbar","bufPctRaw":93,"bufPctSmoothed":66,"bufPctDrawn":39,"redraws":7,"sinceLastRedrawMs":5,"lastSkipReason":"none","frozen":false,"last":true}
{"ok":true,"cmd":"set","var":"wrPosbarSimDrain","val":"80,4"}
{"ok":true,"cmd":"get","var":"wrPosbar","bufPctRaw":80,"bufPctSmoothed":81,"bufPctDrawn":39,"redraws":7,"sinceLastRedrawMs":81,"lastSkipReason":"interval","frozen":false,"last":true}
{"ok":true,"cmd":"get","var":"wrPosbar","bufPctRaw":80,"bufPctSmoothed":80,"bufPctDrawn":39,"redraws":7,"sinceLastRedrawMs":110,"lastSkipReason":"interval","frozen":false,"last":true}
{"ok":true,"cmd":"get","var":"wrPosbar","bufPctRaw":80,"bufPctSmoothed":80,"bufPctDrawn":39,"redraws":7,"sinceLastRedrawMs":150,"lastSkipReason":"interval","frozen":false,"last":true}
{"ok":true,"cmd":"get","var":"wrPosbar","bufPctRaw":80,"bufPctSmoothed":80,"bufPctDrawn":39,"redraws":7,"sinceLastRedrawMs":188,"lastSkipReason":"interval","frozen":false,"last":true}
{"ok":true,"cmd":"get","var":"wrPosbar","bufPctRaw":80,"bufPctSmoothed":80,"bufPctDrawn":41,"redraws":8,"sinceLastRedrawMs":29,"lastSkipReason":"interval","frozen":false,"last":true}
{"ok":true,"cmd":"get","var":"wrPosbar","bufPctRaw":76,"bufPctSmoothed":79,"bufPctDrawn":41,"redraws":8,"sinceLastRedrawMs":58,"lastSkipReason":"interval","frozen":false,"last":true}
{"ok":true,"cmd":"get","var":"wrPosbar","bufPctRaw":76,"bufPctSmoothed":77,"bufPctDrawn":41,"redraws":8,"sinceLastRedrawMs":99,"lastSkipReason":"interval","frozen":false,"last":true}
{"ok":true,"cmd":"get","var":"wrPosbar","bufPctRaw":76,"bufPctSmoothed":77,"bufPctDrawn":41,"redraws":8,"sinceLastRedrawMs":133,"lastSkipReason":"interval","frozen":false,"last":true}
{"ok":true,"cmd":"get","var":"wrPosbar","bufPctRaw":76,"bufPctSmoothed":77,"bufPctDrawn":41,"redraws":8,"sinceLastRedrawMs":185,"lastSkipReason":"interval","frozen":false,"last":true}
{"ok":true,"cmd":"get","var":"wrPosbar","bufPctRaw":76,"bufPctSmoothed":76,"bufPctDrawn":43,"redraws":9,"sinceLastRedrawMs":26,"lastSkipReason":"interval","frozen":false,"last":true}
{"ok":true,"cmd":"get","var":"wrPosbar","bufPctRaw":72,"bufPctSmoothed":75,"bufPctDrawn":43,"redraws":9,"sinceLastRedrawMs":59,"lastSkipReason":"interval","frozen":false,"last":true}
{"ok":true,"cmd":"get","var":"wrPosbar","bufPctRaw":72,"bufPctSmoothed":74,"bufPctDrawn":43,"redraws":9,"sinceLastRedrawMs":101,"lastSkipReason":"interval","frozen":false,"last":true}
{"ok":true,"cmd":"get","var":"wrPosbar","bufPctRaw":72,"bufPctSmoothed":73,"bufPctDrawn":43,"redraws":9,"sinceLastRedrawMs":141,"lastSkipReason":"interval","frozen":false,"last":true}
{"ok":true,"cmd":"get","var":"wrPosbar","bufPctRaw":72,"bufPctSmoothed":72,"bufPctDrawn":43,"redraws":9,"sinceLastRedrawMs":168,"lastSkipReason":"interval","frozen":false,"last":true}
{"ok":true,"cmd":"get","var":"wrPosbar","bufPctRaw":72,"bufPctSmoothed":72,"bufPctDrawn":45,"redraws":10,"sinceLastRedrawMs":6,"lastSkipReason":"none","frozen":false,"last":true}
{"ok":true,"cmd":"get","var":"wrPosbar","bufPctRaw":72,"bufPctSmoothed":72,"bufPctDrawn":45,"redraws":10,"sinceLastRedrawMs":50,"lastSkipReason":"interval","frozen":false,"last":true}
{"ok":true,"cmd":"get","var":"wrPosbar","bufPctRaw":68,"bufPctSmoothed":71,"bufPctDrawn":45,"redraws":10,"sinceLastRedrawMs":86,"lastSkipReason":"interval","frozen":false,"last":true}
{"ok":true,"cmd":"get","var":"wrPosbar","bufPctRaw":68,"bufPctSmoothed":69,"bufPctDrawn":45,"redraws":10,"sinceLastRedrawMs":134,"lastSkipReason":"interval","frozen":false,"last":true}
{"ok":true,"cmd":"get","var":"wrPosbar","bufPctRaw":68,"bufPctSmoothed":69,"bufPctDrawn":45,"redraws":10,"sinceLastRedrawMs":165,"lastSkipReason":"interval","frozen":false,"last":true}
{"ok":true,"cmd":"get","var":"wrPosbar","bufPctRaw":68,"bufPctSmoothed":68,"bufPctDrawn":47,"redraws":11,"sinceLastRedrawMs":7,"lastSkipReason":"none","frozen":false,"last":true}
{"ok":true,"cmd":"get","var":"wrPosbar","bufPctRaw":68,"bufPctSmoothed":68,"bufPctDrawn":47,"redraws":11,"sinceLastRedrawMs":58,"lastSkipReason":"interval","frozen":false,"last":true}
{"ok":true,"cmd":"get","var":"wrPosbar","bufPctRaw":64,"bufPctSmoothed":66,"bufPctDrawn":47,"redraws":11,"sinceLastRedrawMs":110,"lastSkipReason":"interval","frozen":false,"last":true}
{"ok":true,"cmd":"get","var":"wrPosbar","bufPctRaw":64,"bufPctSmoothed":66,"bufPctDrawn":47,"redraws":11,"sinceLastRedrawMs":156,"lastSkipReason":"interval","frozen":false,"last":true}
{"ok":true,"cmd":"get","var":"wrPosbar","bufPctRaw":64,"bufPctSmoothed":65,"bufPctDrawn":47,"redraws":11,"sinceLastRedrawMs":205,"lastSkipReason":"interval","frozen":false,"last":true}
{"ok":true,"cmd":"get","var":"wrPosbar","bufPctRaw":64,"bufPctSmoothed":64,"bufPctDrawn":49,"redraws":12,"sinceLastRedrawMs":26,"lastSkipReason":"interval","frozen":false,"last":true}
{"ok":true,"cmd":"get","var":"wrPosbar","bufPctRaw":64,"bufPctSmoothed":64,"bufPctDrawn":49,"redraws":12,"sinceLastRedrawMs":73,"lastSkipReason":"interval","frozen":false,"last":true}
{"ok":true,"cmd":"get","var":"wrPosbar","bufPctRaw":60,"bufPctSmoothed":63,"bufPctDrawn":49,"redraws":12,"sinceLastRedrawMs":104,"lastSkipReason":"interval","frozen":false,"last":true}
{"ok":true,"cmd":"get","var":"wrPosbar","bufPctRaw":60,"bufPctSmoothed":61,"bufPctDrawn":49,"redraws":12,"sinceLastRedrawMs":153,"lastSkipReason":"interval","frozen":false,"last":true}
{"ok":true,"cmd":"get","var":"wrPosbar","bufPctRaw":60,"bufPctSmoothed":61,"bufPctDrawn":49,"redraws":12,"sinceLastRedrawMs":184,"lastSkipReason":"interval","frozen":false,"last":true}
{"ok":true,"cmd":"get","var":"wrPosbar","bufPctRaw":60,"bufPctSmoothed":60,"bufPctDrawn":51,"redraws":13,"sinceLastRedrawMs":25,"lastSkipReason":"interval","frozen":false,"last":true}
{"ok":true,"cmd":"get","var":"wrPosbar","bufPctRaw":60,"bufPctSmoothed":60,"bufPctDrawn":51,"redraws":13,"sinceLastRedrawMs":56,"lastSkipReason":"interval","frozen":false,"last":true}
{"ok":true,"cmd":"get","var":"wrPosbar","bufPctRaw":60,"bufPctSmoothed":60,"bufPctDrawn":51,"redraws":13,"sinceLastRedrawMs":100,"lastSkipReason":"interval","frozen":false,"last":true}
{"ok":true,"cmd":"get","var":"wrPosbar","bufPctRaw":56,"bufPctSmoothed":59,"bufPctDrawn":51,"redraws":13,"sinceLastRedrawMs":151,"lastSkipReason":"interval","frozen":false,"last":true}
{"ok":true,"cmd":"get","var":"wrPosbar","bufPctRaw":56,"bufPctSmoothed":58,"bufPctDrawn":51,"redraws":13,"sinceLastRedrawMs":187,"lastSkipReason":"interval","frozen":false,"last":true}
{"ok":true,"cmd":"get","var":"wrPosbar","bufPctRaw":56,"bufPctSmoothed":57,"bufPctDrawn":53,"redraws":14,"sinceLastRedrawMs":27,"lastSkipReason":"interval","frozen":false,"last":true}
{"ok":true,"cmd":"get","var":"wrPosbar","bufPctRaw":56,"bufPctSmoothed":57,"bufPctDrawn":53,"redraws":14,"sinceLastRedrawMs":58,"lastSkipReason":"interval","frozen":false,"last":true}
{"ok":true,"cmd":"get","var":"wrPosbar","bufPctRaw":56,"bufPctSmoothed":56,"bufPctDrawn":53,"redraws":14,"sinceLastRedrawMs":108,"lastSkipReason":"interval","frozen":false,"last":true}
{"ok":true,"cmd":"get","var":"wrPosbar","bufPctRaw":52,"bufPctSmoothed":55,"bufPctDrawn":53,"redraws":14,"sinceLastRedrawMs":155,"lastSkipReason":"interval","frozen":false,"last":true}
{"ok":true,"cmd":"get","var":"wrPosbar","bufPctRaw":52,"bufPctSmoothed":54,"bufPctDrawn":53,"redraws":14,"sinceLastRedrawMs":206,"lastSkipReason":"interval","frozen":false,"last":true}
{"ok":true,"cmd":"get","var":"wrPosbar","bufPctRaw":52,"bufPctSmoothed":53,"bufPctDrawn":53,"redraws":14,"sinceLastRedrawMs":4,"lastSkipReason":"converged","frozen":false,"last":true}
{"ok":true,"cmd":"get","var":"wrPosbar","bufPctRaw":52,"bufPctSmoothed":53,"bufPctDrawn":53,"redraws":14,"sinceLastRedrawMs":35,"lastSkipReason":"interval","frozen":false,"last":true}
{"ok":true,"cmd":"get","var":"wrPosbar","bufPctRaw":52,"bufPctSmoothed":52,"bufPctDrawn":53,"redraws":14,"sinceLastRedrawMs":86,"lastSkipReason":"interval","frozen":false,"last":true}
{"ok":true,"cmd":"get","var":"wrPosbar","bufPctRaw":48,"bufPctSmoothed":50,"bufPctDrawn":53,"redraws":14,"sinceLastRedrawMs":137,"lastSkipReason":"interval","frozen":false,"last":true}
{"ok":true,"cmd":"get","var":"wrPosbar","bufPctRaw":48,"bufPctSmoothed":49,"bufPctDrawn":53,"redraws":14,"sinceLastRedrawMs":190,"lastSkipReason":"interval","frozen":false,"last":true}
{"ok":true,"cmd":"get","var":"wrPosbar","bufPctRaw":48,"bufPctSmoothed":49,"bufPctDrawn":51,"redraws":15,"sinceLastRedrawMs":19,"lastSkipReason":"none","frozen":false,"last":true}
{"ok":true,"cmd":"get","var":"wrPosbar","bufPctRaw":48,"bufPctSmoothed":48,"bufPctDrawn":51,"redraws":15,"sinceLastRedrawMs":55,"lastSkipReason":"interval","frozen":false,"last":true}
{"ok":true,"cmd":"get","var":"wrPosbar","bufPctRaw":48,"bufPctSmoothed":48,"bufPctDrawn":51,"redraws":15,"sinceLastRedrawMs":101,"lastSkipReason":"interval","frozen":false,"last":true}
{"ok":true,"cmd":"get","var":"wrPosbar","bufPctRaw":44,"bufPctSmoothed":47,"bufPctDrawn":51,"redraws":15,"sinceLastRedrawMs":131,"lastSkipReason":"interval","frozen":false,"last":true}
{"ok":true,"cmd":"get","var":"wrPosbar","bufPctRaw":44,"bufPctSmoothed":45,"bufPctDrawn":51,"redraws":15,"sinceLastRedrawMs":181,"lastSkipReason":"interval","frozen":false,"last":true}
{"ok":true,"cmd":"get","var":"wrPosbar","bufPctRaw":44,"bufPctSmoothed":45,"bufPctDrawn":49,"redraws":16,"sinceLastRedrawMs":27,"lastSkipReason":"interval","frozen":false,"last":true}
[W][perf] iter=52ms (worst path so far: app.tick:101ms)
{"ok":true,"cmd":"get","var":"wrPosbar","bufPctRaw":44,"bufPctSmoothed":44,"bufPctDrawn":49,"redraws":16,"sinceLastRedrawMs":81,"lastSkipReason":"interval","frozen":false,"last":true}
{"ok":true,"cmd":"get","var":"wrPosbar","bufPctRaw":40,"bufPctSmoothed":43,"bufPctDrawn":49,"redraws":16,"sinceLastRedrawMs":132,"lastSkipReason":"interval","frozen":false,"last":true}
{"ok":true,"cmd":"get","var":"wrPosbar","bufPctRaw":40,"bufPctSmoothed":41,"bufPctDrawn":49,"redraws":16,"sinceLastRedrawMs":184,"lastSkipReason":"interval","frozen":false,"last":true}
{"ok":true,"cmd":"get","var":"wrPosbar","bufPctRaw":40,"bufPctSmoothed":41,"bufPctDrawn":47,"redraws":17,"sinceLastRedrawMs":22,"lastSkipReason":"interval","frozen":false,"last":true}
{"ok":true,"cmd":"get","var":"wrPosbar","bufPctRaw":40,"bufPctSmoothed":40,"bufPctDrawn":47,"redraws":17,"sinceLastRedrawMs":75,"lastSkipReason":"interval","frozen":false,"last":true}
{"ok":true,"cmd":"get","var":"wrPosbar","bufPctRaw":36,"bufPctSmoothed":39,"bufPctDrawn":47,"redraws":17,"sinceLastRedrawMs":126,"lastSkipReason":"interval","frozen":false,"last":true}
{"ok":true,"cmd":"get","var":"wrPosbar","bufPctRaw":36,"bufPctSmoothed":39,"bufPctDrawn":47,"redraws":17,"sinceLastRedrawMs":157,"lastSkipReason":"interval","frozen":false,"last":true}
{"ok":true,"cmd":"get","var":"wrPosbar","bufPctRaw":36,"bufPctSmoothed":37,"bufPctDrawn":47,"redraws":17,"sinceLastRedrawMs":202,"lastSkipReason":"interval","frozen":false,"last":true}
{"ok":true,"cmd":"get","var":"wrPosbar","bufPctRaw":36,"bufPctSmoothed":37,"bufPctDrawn":45,"redraws":18,"sinceLastRedrawMs":7,"lastSkipReason":"interval","frozen":false,"last":true}
{"ok":true,"cmd":"get","var":"wrPosbar","bufPctRaw":36,"bufPctSmoothed":36,"bufPctDrawn":45,"redraws":18,"sinceLastRedrawMs":57,"lastSkipReason":"interval","frozen":false,"last":true}
{"ok":true,"cmd":"get","var":"wrPosbar","bufPctRaw":32,"bufPctSmoothed":35,"bufPctDrawn":45,"redraws":18,"sinceLastRedrawMs":110,"lastSkipReason":"interval","frozen":false,"last":true}
{"ok":true,"cmd":"get","var":"wrPosbar","bufPctRaw":32,"bufPctSmoothed":34,"bufPctDrawn":45,"redraws":18,"sinceLastRedrawMs":161,"lastSkipReason":"interval","frozen":false,"last":true}
{"ok":true,"cmd":"get","var":"wrPosbar","bufPctRaw":32,"bufPctSmoothed":34,"bufPctDrawn":45,"redraws":18,"sinceLastRedrawMs":207,"lastSkipReason":"interval","frozen":false,"last":true}
{"ok":true,"cmd":"get","var":"wrPosbar","bufPctRaw":32,"bufPctSmoothed":33,"bufPctDrawn":43,"redraws":19,"sinceLastRedrawMs":6,"lastSkipReason":"none","frozen":false,"last":true}
{"ok":true,"cmd":"get","var":"wrPosbar","bufPctRaw":32,"bufPctSmoothed":33,"bufPctDrawn":43,"redraws":19,"sinceLastRedrawMs":35,"lastSkipReason":"interval","frozen":false,"last":true}
{"ok":true,"cmd":"get","var":"wrPosbar","bufPctRaw":32,"bufPctSmoothed":32,"bufPctDrawn":43,"redraws":19,"sinceLastRedrawMs":79,"lastSkipReason":"interval","frozen":false,"last":true}
{"ok":true,"cmd":"get","var":"wrPosbar","bufPctRaw":28,"bufPctSmoothed":31,"bufPctDrawn":43,"redraws":19,"sinceLastRedrawMs":131,"lastSkipReason":"interval","frozen":false,"last":true}
{"ok":true,"cmd":"get","var":"wrPosbar","bufPctRaw":28,"bufPctSmoothed":29,"bufPctDrawn":43,"redraws":19,"sinceLastRedrawMs":180,"lastSkipReason":"interval","frozen":false,"last":true}
{"ok":true,"cmd":"get","var":"wrPosbar","bufPctRaw":28,"bufPctSmoothed":29,"bufPctDrawn":41,"redraws":20,"sinceLastRedrawMs":23,"lastSkipReason":"interval","frozen":false,"last":true}
[W][perf] iter=53ms (worst path so far: app.tick:101ms)
{"ok":true,"cmd":"get","var":"wrPosbar","bufPctRaw":28,"bufPctSmoothed":29,"bufPctDrawn":41,"redraws":20,"sinceLastRedrawMs":63,"lastSkipReason":"interval","frozen":false,"last":true}
{"ok":true,"cmd":"get","var":"wrPosbar","bufPctRaw":24,"bufPctSmoothed":28,"bufPctDrawn":41,"redraws":20,"sinceLastRedrawMs":109,"lastSkipReason":"interval","frozen":false,"last":true}
{"ok":true,"cmd":"get","var":"wrPosbar","bufPctRaw":24,"bufPctSmoothed":26,"bufPctDrawn":41,"redraws":20,"sinceLastRedrawMs":140,"lastSkipReason":"interval","frozen":false,"last":true}
{"ok":true,"cmd":"get","var":"wrPosbar","bufPctRaw":24,"bufPctSmoothed":24,"bufPctDrawn":41,"redraws":20,"sinceLastRedrawMs":189,"lastSkipReason":"interval","frozen":false,"last":true}
{"ok":true,"cmd":"get","var":"wrPosbar","bufPctRaw":24,"bufPctSmoothed":24,"bufPctDrawn":39,"redraws":21,"sinceLastRedrawMs":9,"lastSkipReason":"interval","frozen":false,"last":true}
{"ok":true,"cmd":"get","var":"wrPosbar","bufPctRaw":24,"bufPctSmoothed":24,"bufPctDrawn":39,"redraws":21,"sinceLastRedrawMs":54,"lastSkipReason":"interval","frozen":false,"last":true}
{"ok":true,"cmd":"get","var":"wrPosbar","bufPctRaw":24,"bufPctSmoothed":24,"bufPctDrawn":39,"redraws":21,"sinceLastRedrawMs":101,"lastSkipReason":"interval","frozen":false,"last":true}
{"ok":true,"cmd":"get","var":"wrPosbar","bufPctRaw":20,"bufPctSmoothed":23,"bufPctDrawn":39,"redraws":21,"sinceLastRedrawMs":134,"lastSkipReason":"interval","frozen":false,"last":true}
{"ok":true,"cmd":"get","var":"wrPosbar","bufPctRaw":20,"bufPctSmoothed":22,"bufPctDrawn":39,"redraws":21,"sinceLastRedrawMs":186,"lastSkipReason":"interval","frozen":false,"last":true}
{"ok":true,"cmd":"get","var":"wrPosbar","bufPctRaw":20,"bufPctSmoothed":21,"bufPctDrawn":37,"redraws":22,"sinceLastRedrawMs":24,"lastSkipReason":"interval","frozen":false,"last":true}
{"ok":true,"cmd":"get","var":"wrPosbar","bufPctRaw":20,"bufPctSmoothed":21,"bufPctDrawn":37,"redraws":22,"sinceLastRedrawMs":76,"lastSkipReason":"interval","frozen":false,"last":true}
{"ok":true,"cmd":"get","var":"wrPosbar","bufPctRaw":16,"bufPctSmoothed":20,"bufPctDrawn":37,"redraws":22,"sinceLastRedrawMs":128,"lastSkipReason":"interval","frozen":false,"last":true}
{"ok":true,"cmd":"get","var":"wrPosbar","bufPctRaw":16,"bufPctSmoothed":19,"bufPctDrawn":37,"redraws":22,"sinceLastRedrawMs":158,"lastSkipReason":"interval","frozen":false,"last":true}
{"ok":true,"cmd":"get","var":"wrPosbar","bufPctRaw":16,"bufPctSmoothed":17,"bufPctDrawn":37,"redraws":22,"sinceLastRedrawMs":200,"lastSkipReason":"interval","frozen":false,"last":true}
{"ok":true,"cmd":"get","var":"wrPosbar","bufPctRaw":16,"bufPctSmoothed":17,"bufPctDrawn":35,"redraws":23,"sinceLastRedrawMs":7,"lastSkipReason":"none","frozen":false,"last":true}
{"ok":true,"cmd":"get","var":"wrPosbar","bufPctRaw":16,"bufPctSmoothed":16,"bufPctDrawn":35,"redraws":23,"sinceLastRedrawMs":58,"lastSkipReason":"interval","frozen":false,"last":true}
{"ok":true,"cmd":"get","var":"wrPosbar","bufPctRaw":16,"bufPctSmoothed":16,"bufPctDrawn":35,"redraws":23,"sinceLastRedrawMs":89,"lastSkipReason":"interval","frozen":false,"last":true}
{"ok":true,"cmd":"get","var":"wrPosbar","bufPctRaw":12,"bufPctSmoothed":14,"bufPctDrawn":35,"redraws":23,"sinceLastRedrawMs":134,"lastSkipReason":"interval","frozen":false,"last":true}
{"ok":true,"cmd":"get","var":"wrPosbar","bufPctRaw":12,"bufPctSmoothed":13,"bufPctDrawn":35,"redraws":23,"sinceLastRedrawMs":165,"lastSkipReason":"interval","frozen":false,"last":true}
{"ok":true,"cmd":"get","var":"wrPosbar","bufPctRaw":12,"bufPctSmoothed":12,"bufPctDrawn":33,"redraws":24,"sinceLastRedrawMs":5,"lastSkipReason":"none","frozen":false,"last":true}
{"ok":true,"cmd":"get","var":"wrPosbar","bufPctRaw":12,"bufPctSmoothed":12,"bufPctDrawn":33,"redraws":24,"sinceLastRedrawMs":56,"lastSkipReason":"interval","frozen":false,"last":true}
{"ok":true,"cmd":"get","var":"wrPosbar","bufPctRaw":8,"bufPctSmoothed":11,"bufPctDrawn":33,"redraws":24,"sinceLastRedrawMs":108,"lastSkipReason":"interval","frozen":false,"last":true}
{"ok":true,"cmd":"get","var":"wrPosbar","bufPctRaw":8,"bufPctSmoothed":10,"bufPctDrawn":33,"redraws":24,"sinceLastRedrawMs":160,"lastSkipReason":"interval","frozen":false,"last":true}
{"ok":true,"cmd":"get","var":"wrPosbar","bufPctRaw":8,"bufPctSmoothed":9,"bufPctDrawn":31,"redraws":25,"sinceLastRedrawMs":11,"lastSkipReason":"none","frozen":false,"last":true}
{"ok":true,"cmd":"get","var":"wrPosbar","bufPctRaw":8,"bufPctSmoothed":9,"bufPctDrawn":31,"redraws":25,"sinceLastRedrawMs":40,"lastSkipReason":"interval","frozen":false,"last":true}
{"ok":true,"cmd":"get","var":"wrPosbar","bufPctRaw":8,"bufPctSmoothed":9,"bufPctDrawn":31,"redraws":25,"sinceLastRedrawMs":86,"lastSkipReason":"interval","frozen":false,"last":true}
{"ok":true,"cmd":"get","var":"wrPosbar","bufPctRaw":4,"bufPctSmoothed":7,"bufPctDrawn":31,"redraws":25,"sinceLastRedrawMs":116,"lastSkipReason":"interval","frozen":false,"last":true}
{"ok":true,"cmd":"get","var":"wrPosbar","bufPctRaw":4,"bufPctSmoothed":5,"bufPctDrawn":31,"redraws":25,"sinceLastRedrawMs":157,"lastSkipReason":"interval","frozen":false,"last":true}
{"ok":true,"cmd":"get","var":"wrPosbar","bufPctRaw":4,"bufPctSmoothed":5,"bufPctDrawn":31,"redraws":25,"sinceLastRedrawMs":194,"lastSkipReason":"interval","frozen":false,"last":true}
{"ok":true,"cmd":"get","var":"wrPosbar","bufPctRaw":4,"bufPctSmoothed":4,"bufPctDrawn":29,"redraws":26,"sinceLastRedrawMs":11,"lastSkipReason":"interval","frozen":false,"last":true}
{"ok":true,"cmd":"get","var":"wrPosbar","bufPctRaw":4,"bufPctSmoothed":4,"bufPctDrawn":29,"redraws":26,"sinceLastRedrawMs":58,"lastSkipReason":"interval","frozen":false,"last":true}
{"ok":true,"cmd":"get","var":"wrPosbar","bufPctRaw":0,"bufPctSmoothed":3,"bufPctDrawn":29,"redraws":26,"sinceLastRedrawMs":110,"lastSkipReason":"interval","frozen":false,"last":true}
{"ok":true,"cmd":"get","var":"wrPosbar","bufPctRaw":0,"bufPctSmoothed":2,"bufPctDrawn":29,"redraws":26,"sinceLastRedrawMs":163,"lastSkipReason":"interval","frozen":false,"last":true}
{"ok":true,"cmd":"get","var":"wrPosbar","bufPctRaw":0,"bufPctSmoothed":1,"bufPctDrawn":29,"redraws":26,"sinceLastRedrawMs":209,"lastSkipReason":"interval","frozen":false,"last":true}
{"ok":true,"cmd":"get","var":"wrPosbar","bufPctRaw":0,"bufPctSmoothed":1,"bufPctDrawn":27,"redraws":27,"sinceLastRedrawMs":17,"lastSkipReason":"none","frozen":false,"last":true}
{"ok":true,"cmd":"get","var":"wrPosbar","bufPctRaw":0,"bufPctSmoothed":1,"bufPctDrawn":27,"redraws":27,"sinceLastRedrawMs":50,"lastSkipReason":"interval","frozen":false,"last":true}
{"ok":true,"cmd":"get","var":"wrPosbar","bufPctRaw":0,"bufPctSmoothed":1,"bufPctDrawn":27,"redraws":27,"sinceLastRedrawMs":80,"lastSkipReason":"interval","frozen":false,"last":true}
{"ok":true,"cmd":"get","var":"wrPosbar","bufPctRaw":0,"bufPctSmoothed":0,"bufPctDrawn":27,"redraws":27,"sinceLastRedrawMs":121,"lastSkipReason":"interval","frozen":false,"last":true}
[W][perf] iter=51ms (worst path so far: app.tick:101ms)
{"ok":true,"cmd":"get","var":"wrPosbar","bufPctRaw":0,"bufPctSmoothed":0,"bufPctDrawn":27,"redraws":27,"sinceLastRedrawMs":160,"lastSkipReason":"interval","frozen":false,"last":true}
{"ok":true,"cmd":"get","var":"wrPosbar","bufPctRaw":0,"bufPctSmoothed":0,"bufPctDrawn":25,"redraws":28,"sinceLastRedrawMs":4,"lastSkipReason":"none","frozen":false,"last":true}
{"ok":true,"cmd":"get","var":"wrPosbar","bufPctRaw":0,"bufPctSmoothed":0,"bufPctDrawn":25,"redraws":28,"sinceLastRedrawMs":48,"lastSkipReason":"interval","frozen":false,"last":true}
{"ok":true,"cmd":"get","var":"wrPosbar","bufPctRaw":0,"bufPctSmoothed":0,"bufPctDrawn":25,"redraws":28,"sinceLastRedrawMs":82,"lastSkipReason":"interval","frozen":false,"last":true}
{"ok":true,"cmd":"get","var":"wrPosbar","bufPctRaw":0,"bufPctSmoothed":0,"bufPctDrawn":25,"redraws":28,"sinceLastRedrawMs":112,"lastSkipReason":"interval","frozen":false,"last":true}
{"ok":true,"cmd":"get","var":"wrPosbar","bufPctRaw":0,"bufPctSmoothed":0,"bufPctDrawn":25,"redraws":28,"sinceLastRedrawMs":158,"lastSkipReason":"interval","frozen":false,"last":true}
{"ok":true,"cmd":"get","var":"wrPosbar","bufPctRaw":0,"bufPctSmoothed":0,"bufPctDrawn":25,"redraws":28,"sinceLastRedrawMs":191,"lastSkipReason":"interval","frozen":false,"last":true}
{"ok":true,"cmd":"get","var":"wrPosbar","bufPctRaw":0,"bufPctSmoothed":0,"bufPctDrawn":23,"redraws":29,"sinceLastRedrawMs":27,"lastSkipReason":"interval","frozen":false,"last":true}
{"ok":true,"cmd":"get","var":"wrPosbar","bufPctRaw":0,"bufPctSmoothed":0,"bufPctDrawn":23,"redraws":29,"sinceLastRedrawMs":80,"lastSkipReason":"interval","frozen":false,"last":true}
{"ok":true,"cmd":"get","var":"wrPosbar","bufPctRaw":0,"bufPctSmoothed":0,"bufPctDrawn":23,"redraws":29,"sinceLastRedrawMs":131,"lastSkipReason":"interval","frozen":false,"last":true}
{"ok":true,"cmd":"get","var":"wrPosbar","bufPctRaw":0,"bufPctSmoothed":0,"bufPctDrawn":23,"redraws":29,"sinceLastRedrawMs":183,"lastSkipReason":"interval","frozen":false,"last":true}
{"ok":true,"cmd":"get","var":"wrPosbar","bufPctRaw":0,"bufPctSmoothed":0,"bufPctDrawn":21,"redraws":30,"sinceLastRedrawMs":28,"lastSkipReason":"interval","frozen":false,"last":true}
[W][perf] iter=52ms (worst path so far: app.tick:101ms)
{"ok":true,"cmd":"get","var":"wrPosbar","bufPctRaw":0,"bufPctSmoothed":0,"bufPctDrawn":21,"redraws":30,"sinceLastRedrawMs":81,"lastSkipReason":"interval","frozen":false,"last":true}
{"ok":true,"cmd":"get","var":"wrPosbar","bufPctRaw":0,"bufPctSmoothed":0,"bufPctDrawn":21,"redraws":30,"sinceLastRedrawMs":132,"lastSkipReason":"interval","frozen":false,"last":true}
{"ok":true,"cmd":"get","var":"wrPosbar","bufPctRaw":0,"bufPctSmoothed":0,"bufPctDrawn":21,"redraws":30,"sinceLastRedrawMs":184,"lastSkipReason":"interval","frozen":false,"last":true}
[W][perf] iter=53ms (worst path so far: app.tick:101ms)
{"ok":true,"cmd":"get","var":"wrPosbar","bufPctRaw":0,"bufPctSmoothed":0,"bufPctDrawn":19,"redraws":31,"sinceLastRedrawMs":23,"lastSkipReason":"none","frozen":false,"last":true}
{"ok":true,"cmd":"get","var":"wrPosbar","bufPctRaw":0,"bufPctSmoothed":0,"bufPctDrawn":19,"redraws":31,"sinceLastRedrawMs":72,"lastSkipReason":"interval","frozen":false,"last":true}
{"ok":true,"cmd":"get","var":"wrPosbar","bufPctRaw":0,"bufPctSmoothed":0,"bufPctDrawn":19,"redraws":31,"sinceLastRedrawMs":125,"lastSkipReason":"interval","frozen":false,"last":true}
{"ok":true,"cmd":"get","var":"wrPosbar","bufPctRaw":0,"bufPctSmoothed":0,"bufPctDrawn":19,"redraws":31,"sinceLastRedrawMs":176,"lastSkipReason":"interval","frozen":false,"last":true}
{"ok":true,"cmd":"get","var":"wrPosbar","bufPctRaw":0,"bufPctSmoothed":0,"bufPctDrawn":17,"redraws":32,"sinceLastRedrawMs":22,"lastSkipReason":"interval","frozen":false,"last":true}
{"ok":true,"cmd":"get","var":"wrPosbar","bufPctRaw":0,"bufPctSmoothed":0,"bufPctDrawn":17,"redraws":32,"sinceLastRedrawMs":75,"lastSkipReason":"interval","frozen":false,"last":true}
{"ok":true,"cmd":"get","var":"wrPosbar","bufPctRaw":0,"bufPctSmoothed":0,"bufPctDrawn":17,"redraws":32,"sinceLastRedrawMs":126,"lastSkipReason":"interval","frozen":false,"last":true}
{"ok":true,"cmd":"get","var":"wrPosbar","bufPctRaw":0,"bufPctSmoothed":0,"bufPctDrawn":17,"redraws":32,"sinceLastRedrawMs":157,"lastSkipReason":"interval","frozen":false,"last":true}
{"ok":true,"cmd":"get","var":"wrPosbar","bufPctRaw":0,"bufPctSmoothed":0,"bufPctDrawn":17,"redraws":32,"sinceLastRedrawMs":202,"lastSkipReason":"interval","frozen":false,"last":true}
{"ok":true,"cmd":"get","var":"wrPosbar","bufPctRaw":0,"bufPctSmoothed":0,"bufPctDrawn":15,"redraws":33,"sinceLastRedrawMs":6,"lastSkipReason":"none","frozen":false,"last":true}
{"ok":true,"cmd":"get","var":"wrPosbar","bufPctRaw":0,"bufPctSmoothed":0,"bufPctDrawn":15,"redraws":33,"sinceLastRedrawMs":57,"lastSkipReason":"interval","frozen":false,"last":true}
[W][perf] iter=52ms (worst path so far: app.tick:101ms)
{"ok":true,"cmd":"get","var":"wrPosbar","bufPctRaw":0,"bufPctSmoothed":0,"bufPctDrawn":15,"redraws":33,"sinceLastRedrawMs":110,"lastSkipReason":"interval","frozen":false,"last":true}
{"ok":true,"cmd":"get","var":"wrPosbar","bufPctRaw":0,"bufPctSmoothed":0,"bufPctDrawn":15,"redraws":33,"sinceLastRedrawMs":161,"lastSkipReason":"interval","frozen":false,"last":true}
{"ok":true,"cmd":"get","var":"wrPosbar","bufPctRaw":0,"bufPctSmoothed":0,"bufPctDrawn":13,"redraws":34,"sinceLastRedrawMs":7,"lastSkipReason":"none","frozen":false,"last":true}
{"ok":true,"cmd":"get","var":"wrPosbar","bufPctRaw":0,"bufPctSmoothed":0,"bufPctDrawn":13,"redraws":34,"sinceLastRedrawMs":58,"lastSkipReason":"interval","frozen":false,"last":true}
{"ok":true,"cmd":"get","var":"wrPosbar","bufPctRaw":0,"bufPctSmoothed":0,"bufPctDrawn":13,"redraws":34,"sinceLastRedrawMs":104,"lastSkipReason":"interval","frozen":false,"last":true}
[W][perf] iter=51ms (worst path so far: app.tick:101ms)
{"ok":true,"cmd":"get","var":"wrPosbar","bufPctRaw":0,"bufPctSmoothed":0,"bufPctDrawn":13,"redraws":34,"sinceLastRedrawMs":156,"lastSkipReason":"interval","frozen":false,"last":true}
{"ok":true,"cmd":"get","var":"wrPosbar","bufPctRaw":0,"bufPctSmoothed":0,"bufPctDrawn":13,"redraws":34,"sinceLastRedrawMs":186,"lastSkipReason":"interval","frozen":false,"last":true}
{"ok":true,"cmd":"get","var":"wrPosbar","bufPctRaw":0,"bufPctSmoothed":0,"bufPctDrawn":11,"redraws":35,"sinceLastRedrawMs":7,"lastSkipReason":"interval","frozen":false,"last":true}
{"ok":true,"cmd":"get","var":"wrPosbar","bufPctRaw":0,"bufPctSmoothed":0,"bufPctDrawn":11,"redraws":35,"sinceLastRedrawMs":57,"lastSkipReason":"interval","frozen":false,"last":true}
[W][perf] iter=52ms (worst path so far: app.tick:101ms)
{"ok":true,"cmd":"get","var":"wrPosbar","bufPctRaw":0,"bufPctSmoothed":0,"bufPctDrawn":11,"redraws":35,"sinceLastRedrawMs":110,"lastSkipReason":"interval","frozen":false,"last":true}
{"ok":true,"cmd":"get","var":"wrPosbar","bufPctRaw":0,"bufPctSmoothed":0,"bufPctDrawn":11,"redraws":35,"sinceLastRedrawMs":161,"lastSkipReason":"interval","frozen":false,"last":true}
{"ok":true,"cmd":"get","var":"wrPosbar","bufPctRaw":0,"bufPctSmoothed":0,"bufPctDrawn":9,"redraws":36,"sinceLastRedrawMs":12,"lastSkipReason":"none","frozen":false,"last":true}
{"ok":true,"cmd":"get","var":"wrPosbar","bufPctRaw":0,"bufPctSmoothed":0,"bufPctDrawn":9,"redraws":36,"sinceLastRedrawMs":42,"lastSkipReason":"interval","frozen":false,"last":true}
{"ok":true,"cmd":"get","var":"wrPosbar","bufPctRaw":0,"bufPctSmoothed":0,"bufPctDrawn":9,"redraws":36,"sinceLastRedrawMs":87,"lastSkipReason":"interval","frozen":false,"last":true}
{"ok":true,"cmd":"get","var":"wrPosbar","bufPctRaw":0,"bufPctSmoothed":0,"bufPctDrawn":9,"redraws":36,"sinceLastRedrawMs":115,"lastSkipReason":"interval","frozen":false,"last":true}
{"ok":true,"cmd":"get","var":"wrPosbar","bufPctRaw":0,"bufPctSmoothed":0,"bufPctDrawn":9,"redraws":36,"sinceLastRedrawMs":167,"lastSkipReason":"interval","frozen":false,"last":true}
{"ok":true,"cmd":"get","var":"wrPosbar","bufPctRaw":0,"bufPctSmoothed":0,"bufPctDrawn":9,"redraws":36,"sinceLastRedrawMs":215,"lastSkipReason":"interval","frozen":false,"last":true}
{"ok":true,"cmd":"get","var":"wrPosbar","bufPctRaw":0,"bufPctSmoothed":0,"bufPctDrawn":7,"redraws":37,"sinceLastRedrawMs":19,"lastSkipReason":"interval","frozen":false,"last":true}
{"ok":true,"cmd":"get","var":"wrPosbar","bufPctRaw":0,"bufPctSmoothed":0,"bufPctDrawn":7,"redraws":37,"sinceLastRedrawMs":56,"lastSkipReason":"interval","frozen":false,"last":true}
{"ok":true,"cmd":"get","var":"wrPosbar","bufPctRaw":0,"bufPctSmoothed":0,"bufPctDrawn":7,"redraws":37,"sinceLastRedrawMs":84,"lastSkipReason":"interval","frozen":false,"last":true}
{"ok":true,"cmd":"get","var":"wrPosbar","bufPctRaw":0,"bufPctSmoothed":0,"bufPctDrawn":7,"redraws":37,"sinceLastRedrawMs":133,"lastSkipReason":"interval","frozen":false,"last":true}
{"ok":true,"cmd":"get","var":"wrPosbar","bufPctRaw":0,"bufPctSmoothed":0,"bufPctDrawn":7,"redraws":37,"sinceLastRedrawMs":186,"lastSkipReason":"interval","frozen":false,"last":true}
{"ok":true,"cmd":"get","var":"wrPosbar","bufPctRaw":0,"bufPctSmoothed":0,"bufPctDrawn":5,"redraws":38,"sinceLastRedrawMs":31,"lastSkipReason":"interval","frozen":false,"last":true}
{"ok":true,"cmd":"get","var":"wrPosbar","bufPctRaw":0,"bufPctSmoothed":0,"bufPctDrawn":5,"redraws":38,"sinceLastRedrawMs":82,"lastSkipReason":"interval","frozen":false,"last":true}
{"ok":true,"cmd":"get","var":"wrPosbar","bufPctRaw":0,"bufPctSmoothed":0,"bufPctDrawn":5,"redraws":38,"sinceLastRedrawMs":114,"lastSkipReason":"interval","frozen":false,"last":true}
{"ok":true,"cmd":"get","var":"wrPosbar","bufPctRaw":0,"bufPctSmoothed":0,"bufPctDrawn":5,"redraws":38,"sinceLastRedrawMs":158,"lastSkipReason":"interval","frozen":false,"last":true}
{"ok":true,"cmd":"get","var":"wrPosbar","bufPctRaw":0,"bufPctSmoothed":0,"bufPctDrawn":5,"redraws":38,"sinceLastRedrawMs":188,"lastSkipReason":"interval","frozen":false,"last":true}
{"ok":true,"cmd":"get","var":"wrPosbar","bufPctRaw":0,"bufPctSmoothed":0,"bufPctDrawn":3,"redraws":39,"sinceLastRedrawMs":20,"lastSkipReason":"interval","frozen":false,"last":true}
{"ok":true,"cmd":"get","var":"wrPosbar","bufPctRaw":0,"bufPctSmoothed":0,"bufPctDrawn":3,"redraws":39,"sinceLastRedrawMs":56,"lastSkipReason":"interval","frozen":false,"last":true}
{"ok":true,"cmd":"get","var":"wrPosbar","bufPctRaw":0,"bufPctSmoothed":0,"bufPctDrawn":3,"redraws":39,"sinceLastRedrawMs":87,"lastSkipReason":"interval","frozen":false,"last":true}
{"ok":true,"cmd":"get","var":"wrPosbar","bufPctRaw":0,"bufPctSmoothed":0,"bufPctDrawn":3,"redraws":39,"sinceLastRedrawMs":134,"lastSkipReason":"interval","frozen":false,"last":true}
{"ok":true,"cmd":"get","var":"wrPosbar","bufPctRaw":0,"bufPctSmoothed":0,"bufPctDrawn":3,"redraws":39,"sinceLastRedrawMs":180,"lastSkipReason":"interval","frozen":false,"last":true}
[W][perf] iter=51ms (worst path so far: app.tick:101ms)
{"ok":true,"cmd":"get","var":"wrPosbar","bufPctRaw":0,"bufPctSmoothed":0,"bufPctDrawn":1,"redraws":40,"sinceLastRedrawMs":17,"lastSkipReason":"none","frozen":false,"last":true}
{"ok":true,"cmd":"get","var":"wrPosbar","bufPctRaw":0,"bufPctSmoothed":0,"bufPctDrawn":1,"redraws":40,"sinceLastRedrawMs":55,"lastSkipReason":"interval","frozen":false,"last":true}
{"ok":true,"cmd":"get","var":"wrPosbar","bufPctRaw":0,"bufPctSmoothed":0,"bufPctDrawn":1,"redraws":40,"sinceLastRedrawMs":102,"lastSkipReason":"interval","frozen":false,"last":true}
{"ok":true,"cmd":"get","var":"wrPosbar","bufPctRaw":0,"bufPctSmoothed":0,"bufPctDrawn":1,"redraws":40,"sinceLastRedrawMs":132,"lastSkipReason":"interval","frozen":false,"last":true}
{"ok":true,"cmd":"get","var":"wrPosbar","bufPctRaw":0,"bufPctSmoothed":0,"bufPctDrawn":1,"redraws":40,"sinceLastRedrawMs":182,"lastSkipReason":"interval","frozen":false,"last":true}
{"ok":true,"cmd":"get","var":"wrPosbar","bufPctRaw":0,"bufPctSmoothed":0,"bufPctDrawn":0,"redraws":41,"sinceLastRedrawMs":28,"lastSkipReason":"interval","frozen":false,"last":true}
[W][perf] iter=52ms (worst path so far: app.tick:101ms)
{"ok":true,"cmd":"get","var":"wrPosbar","bufPctRaw":0,"bufPctSmoothed":0,"bufPctDrawn":0,"redraws":41,"sinceLastRedrawMs":81,"lastSkipReason":"interval","frozen":false,"last":true}
{"ok":true,"cmd":"get","var":"wrPosbar","bufPctRaw":0,"bufPctSmoothed":0,"bufPctDrawn":0,"redraws":41,"sinceLastRedrawMs":132,"lastSkipReason":"interval","frozen":false,"last":true}
{"ok":true,"cmd":"set","var":"wrBufPct","val":"95"}
{"ok":true,"cmd":"set","var":"wrPosbarSimDrain","val":"95,1"}
{"ok":true,"cmd":"get","var":"wrPosbar","bufPctRaw":95,"bufPctSmoothed":95,"bufPctDrawn":96,"redraws":42,"sinceLastRedrawMs":51,"lastSkipReason":"interval","frozen":true,"last":true}
{"ok":true,"cmd":"get","var":"wrPosbar","bufPctRaw":95,"bufPctSmoothed":95,"bufPctDrawn":96,"redraws":42,"sinceLastRedrawMs":82,"lastSkipReason":"interval","frozen":true,"last":true}
{"ok":true,"cmd":"get","var":"wrPosbar","bufPctRaw":95,"bufPctSmoothed":95,"bufPctDrawn":96,"redraws":42,"sinceLastRedrawMs":122,"lastSkipReason":"interval","frozen":true,"last":true}
[W][perf] iter=52ms (worst path so far: app.tick:101ms)
{"ok":true,"cmd":"get","var":"wrPosbar","bufPctRaw":95,"bufPctSmoothed":95,"bufPctDrawn":96,"redraws":42,"sinceLastRedrawMs":162,"lastSkipReason":"interval","frozen":true,"last":true}
{"ok":true,"cmd":"get","var":"wrPosbar","bufPctRaw":95,"bufPctSmoothed":95,"bufPctDrawn":96,"redraws":42,"sinceLastRedrawMs":5,"lastSkipReason":"frozen","frozen":true,"last":true}
{"ok":true,"cmd":"get","var":"wrPosbar","bufPctRaw":94,"bufPctSmoothed":95,"bufPctDrawn":96,"redraws":42,"sinceLastRedrawMs":36,"lastSkipReason":"interval","frozen":true,"last":true}
{"ok":true,"cmd":"get","var":"wrPosbar","bufPctRaw":94,"bufPctSmoothed":94,"bufPctDrawn":96,"redraws":42,"sinceLastRedrawMs":63,"lastSkipReason":"interval","frozen":true,"last":true}
{"ok":true,"cmd":"get","var":"wrPosbar","bufPctRaw":94,"bufPctSmoothed":94,"bufPctDrawn":96,"redraws":42,"sinceLastRedrawMs":112,"lastSkipReason":"interval","frozen":true,"last":true}
{"ok":true,"cmd":"get","var":"wrPosbar","bufPctRaw":94,"bufPctSmoothed":94,"bufPctDrawn":96,"redraws":42,"sinceLastRedrawMs":144,"lastSkipReason":"interval","frozen":true,"last":true}
{"ok":true,"cmd":"get","var":"wrPosbar","bufPctRaw":94,"bufPctSmoothed":94,"bufPctDrawn":96,"redraws":42,"sinceLastRedrawMs":190,"lastSkipReason":"interval","frozen":true,"last":true}
{"ok":true,"cmd":"get","var":"wrPosbar","bufPctRaw":93,"bufPctSmoothed":94,"bufPctDrawn":96,"redraws":42,"sinceLastRedrawMs":31,"lastSkipReason":"interval","frozen":true,"last":true}
{"ok":true,"cmd":"get","var":"wrPosbar","bufPctRaw":93,"bufPctSmoothed":93,"bufPctDrawn":96,"redraws":42,"sinceLastRedrawMs":82,"lastSkipReason":"interval","frozen":true,"last":true}
{"ok":true,"cmd":"get","var":"wrPosbar","bufPctRaw":93,"bufPctSmoothed":93,"bufPctDrawn":96,"redraws":42,"sinceLastRedrawMs":113,"lastSkipReason":"interval","frozen":true,"last":true}
{"ok":true,"cmd":"get","var":"wrPosbar","bufPctRaw":93,"bufPctSmoothed":93,"bufPctDrawn":96,"redraws":42,"sinceLastRedrawMs":162,"lastSkipReason":"interval","frozen":true,"last":true}
{"ok":true,"cmd":"get","var":"wrPosbar","bufPctRaw":93,"bufPctSmoothed":93,"bufPctDrawn":96,"redraws":42,"sinceLastRedrawMs":189,"lastSkipReason":"interval","frozen":true,"last":true}
{"ok":true,"cmd":"get","var":"wrPosbar","bufPctRaw":93,"bufPctSmoothed":93,"bufPctDrawn":96,"redraws":42,"sinceLastRedrawMs":5,"lastSkipReason":"interval","frozen":true,"last":true}
{"ok":true,"cmd":"get","var":"wrPosbar","bufPctRaw":92,"bufPctSmoothed":92,"bufPctDrawn":96,"redraws":42,"sinceLastRedrawMs":51,"lastSkipReason":"interval","frozen":true,"last":true}
{"ok":true,"cmd":"get","var":"wrPosbar","bufPctRaw":92,"bufPctSmoothed":92,"bufPctDrawn":96,"redraws":42,"sinceLastRedrawMs":82,"lastSkipReason":"interval","frozen":true,"last":true}
{"ok":true,"cmd":"get","var":"wrPosbar","bufPctRaw":92,"bufPctSmoothed":92,"bufPctDrawn":96,"redraws":42,"sinceLastRedrawMs":131,"lastSkipReason":"interval","frozen":true,"last":true}
{"ok":true,"cmd":"get","var":"wrPosbar","bufPctRaw":92,"bufPctSmoothed":92,"bufPctDrawn":96,"redraws":42,"sinceLastRedrawMs":183,"lastSkipReason":"interval","frozen":true,"last":true}
{"ok":true,"cmd":"get","var":"wrPosbar","bufPctRaw":91,"bufPctSmoothed":92,"bufPctDrawn":96,"redraws":42,"sinceLastRedrawMs":24,"lastSkipReason":"interval","frozen":true,"last":true}
{"ok":true,"cmd":"get","var":"wrPosbar","bufPctRaw":91,"bufPctSmoothed":92,"bufPctDrawn":96,"redraws":42,"sinceLastRedrawMs":55,"lastSkipReason":"interval","frozen":true,"last":true}
{"ok":true,"cmd":"get","var":"wrPosbar","bufPctRaw":91,"bufPctSmoothed":91,"bufPctDrawn":96,"redraws":42,"sinceLastRedrawMs":101,"lastSkipReason":"interval","frozen":true,"last":true}
{"ok":true,"cmd":"get","var":"wrPosbar","bufPctRaw":91,"bufPctSmoothed":91,"bufPctDrawn":96,"redraws":42,"sinceLastRedrawMs":130,"lastSkipReason":"interval","frozen":true,"last":true}
{"ok":true,"cmd":"get","var":"wrPosbar","bufPctRaw":91,"bufPctSmoothed":91,"bufPctDrawn":96,"redraws":42,"sinceLastRedrawMs":183,"lastSkipReason":"interval","frozen":true,"last":true}
{"ok":true,"cmd":"get","var":"wrPosbar","bufPctRaw":90,"bufPctSmoothed":91,"bufPctDrawn":96,"redraws":42,"sinceLastRedrawMs":27,"lastSkipReason":"interval","frozen":true,"last":true}
[W][perf] iter=52ms (worst path so far: app.tick:101ms)
{"ok":true,"cmd":"get","var":"wrPosbar","bufPctRaw":90,"bufPctSmoothed":91,"bufPctDrawn":96,"redraws":42,"sinceLastRedrawMs":81,"lastSkipReason":"interval","frozen":true,"last":true}
{"ok":true,"cmd":"get","var":"wrPosbar","bufPctRaw":90,"bufPctSmoothed":90,"bufPctDrawn":96,"redraws":42,"sinceLastRedrawMs":132,"lastSkipReason":"interval","frozen":true,"last":true}
{"ok":true,"cmd":"get","var":"wrPosbar","bufPctRaw":90,"bufPctSmoothed":90,"bufPctDrawn":96,"redraws":42,"sinceLastRedrawMs":184,"lastSkipReason":"interval","frozen":true,"last":true}
{"ok":true,"cmd":"get","var":"wrPosbar","bufPctRaw":90,"bufPctSmoothed":90,"bufPctDrawn":96,"redraws":42,"sinceLastRedrawMs":17,"lastSkipReason":"frozen","frozen":true,"last":true}
{"ok":true,"cmd":"get","var":"wrPosbar","bufPctRaw":89,"bufPctSmoothed":90,"bufPctDrawn":96,"redraws":42,"sinceLastRedrawMs":75,"lastSkipReason":"interval","frozen":true,"last":true}
{"ok":true,"cmd":"get","var":"wrPosbar","bufPctRaw":89,"bufPctSmoothed":89,"bufPctDrawn":96,"redraws":42,"sinceLastRedrawMs":126,"lastSkipReason":"interval","frozen":true,"last":true}
{"ok":true,"cmd":"get","var":"wrPosbar","bufPctRaw":89,"bufPctSmoothed":89,"bufPctDrawn":96,"redraws":42,"sinceLastRedrawMs":178,"lastSkipReason":"interval","frozen":true,"last":true}
{"ok":true,"cmd":"get","var":"wrPosbar","bufPctRaw":89,"bufPctSmoothed":89,"bufPctDrawn":96,"redraws":42,"sinceLastRedrawMs":22,"lastSkipReason":"interval","frozen":true,"last":true}
{"ok":true,"cmd":"get","var":"wrPosbar","bufPctRaw":88,"bufPctSmoothed":89,"bufPctDrawn":96,"redraws":42,"sinceLastRedrawMs":75,"lastSkipReason":"interval","frozen":true,"last":true}
{"ok":true,"cmd":"get","var":"wrPosbar","bufPctRaw":88,"bufPctSmoothed":88,"bufPctDrawn":96,"redraws":42,"sinceLastRedrawMs":128,"lastSkipReason":"interval","frozen":true,"last":true}
{"ok":true,"cmd":"get","var":"wrPosbar","bufPctRaw":88,"bufPctSmoothed":88,"bufPctDrawn":96,"redraws":42,"sinceLastRedrawMs":179,"lastSkipReason":"interval","frozen":true,"last":true}
[W][perf] iter=53ms (worst path so far: app.tick:101ms)
{"ok":true,"cmd":"get","var":"wrPosbar","bufPctRaw":88,"bufPctSmoothed":88,"bufPctDrawn":96,"redraws":42,"sinceLastRedrawMs":11,"lastSkipReason":"frozen","frozen":true,"last":true}
{"ok":true,"cmd":"get","var":"wrPosbar","bufPctRaw":87,"bufPctSmoothed":88,"bufPctDrawn":96,"redraws":42,"sinceLastRedrawMs":62,"lastSkipReason":"interval","frozen":true,"last":true}
{"ok":true,"cmd":"get","var":"wrPosbar","bufPctRaw":87,"bufPctSmoothed":87,"bufPctDrawn":96,"redraws":42,"sinceLastRedrawMs":109,"lastSkipReason":"interval","frozen":true,"last":true}
[W][perf] iter=51ms (worst path so far: app.tick:101ms)
{"ok":true,"cmd":"get","var":"wrPosbar","bufPctRaw":87,"bufPctSmoothed":87,"bufPctDrawn":96,"redraws":42,"sinceLastRedrawMs":160,"lastSkipReason":"interval","frozen":true,"last":true}
{"ok":true,"cmd":"get","var":"wrPosbar","bufPctRaw":87,"bufPctSmoothed":87,"bufPctDrawn":96,"redraws":42,"sinceLastRedrawMs":190,"lastSkipReason":"interval","frozen":true,"last":true}
{"ok":true,"cmd":"get","var":"wrPosbar","bufPctRaw":87,"bufPctSmoothed":87,"bufPctDrawn":96,"redraws":42,"sinceLastRedrawMs":7,"lastSkipReason":"interval","frozen":true,"last":true}
{"ok":true,"cmd":"get","var":"wrPosbar","bufPctRaw":86,"bufPctSmoothed":86,"bufPctDrawn":96,"redraws":42,"sinceLastRedrawMs":58,"lastSkipReason":"interval","frozen":true,"last":true}
{"ok":true,"cmd":"get","var":"wrPosbar","bufPctRaw":86,"bufPctSmoothed":86,"bufPctDrawn":96,"redraws":42,"sinceLastRedrawMs":109,"lastSkipReason":"interval","frozen":true,"last":true}
{"ok":true,"cmd":"get","var":"wrPosbar","bufPctRaw":86,"bufPctSmoothed":86,"bufPctDrawn":96,"redraws":42,"sinceLastRedrawMs":161,"lastSkipReason":"interval","frozen":true,"last":true}
{"ok":true,"cmd":"get","var":"wrPosbar","bufPctRaw":86,"bufPctSmoothed":86,"bufPctDrawn":96,"redraws":42,"sinceLastRedrawMs":6,"lastSkipReason":"frozen","frozen":true,"last":true}
{"ok":true,"cmd":"get","var":"wrPosbar","bufPctRaw":85,"bufPctSmoothed":85,"bufPctDrawn":96,"redraws":42,"sinceLastRedrawMs":53,"lastSkipReason":"interval","frozen":true,"last":true}
{"ok":true,"cmd":"get","var":"wrPosbar","bufPctRaw":85,"bufPctSmoothed":85,"bufPctDrawn":96,"redraws":42,"sinceLastRedrawMs":101,"lastSkipReason":"interval","frozen":true,"last":true}
{"ok":true,"cmd":"get","var":"wrPosbar","bufPctRaw":85,"bufPctSmoothed":85,"bufPctDrawn":96,"redraws":42,"sinceLastRedrawMs":138,"lastSkipReason":"interval","frozen":true,"last":true}
{"ok":true,"cmd":"get","var":"wrPosbar","bufPctRaw":85,"bufPctSmoothed":85,"bufPctDrawn":96,"redraws":42,"sinceLastRedrawMs":166,"lastSkipReason":"interval","frozen":true,"last":true}
{"ok":true,"cmd":"get","var":"wrPosbar","bufPctRaw":85,"bufPctSmoothed":85,"bufPctDrawn":96,"redraws":42,"sinceLastRedrawMs":10,"lastSkipReason":"frozen","frozen":true,"last":true}
{"ok":true,"cmd":"get","var":"wrPosbar","bufPctRaw":84,"bufPctSmoothed":85,"bufPctDrawn":96,"redraws":42,"sinceLastRedrawMs":64,"lastSkipReason":"interval","frozen":true,"last":true}
{"ok":true,"cmd":"get","var":"wrPosbar","bufPctRaw":84,"bufPctSmoothed":84,"bufPctDrawn":96,"redraws":42,"sinceLastRedrawMs":115,"lastSkipReason":"interval","frozen":true,"last":true}
{"ok":true,"cmd":"get","var":"wrPosbar","bufPctRaw":84,"bufPctSmoothed":84,"bufPctDrawn":96,"redraws":42,"sinceLastRedrawMs":167,"lastSkipReason":"interval","frozen":true,"last":true}
{"ok":true,"cmd":"get","var":"wrPosbar","bufPctRaw":84,"bufPctSmoothed":84,"bufPctDrawn":96,"redraws":42,"sinceLastRedrawMs":215,"lastSkipReason":"interval","frozen":true,"last":true}
{"ok":true,"cmd":"get","var":"wrPosbar","bufPctRaw":83,"bufPctSmoothed":83,"bufPctDrawn":96,"redraws":42,"sinceLastRedrawMs":33,"lastSkipReason":"interval","frozen":true,"last":true}
{"ok":true,"cmd":"get","var":"wrPosbar","bufPctRaw":83,"bufPctSmoothed":83,"bufPctDrawn":96,"redraws":42,"sinceLastRedrawMs":85,"lastSkipReason":"interval","frozen":true,"last":true}
[W][perf] iter=52ms (worst path so far: app.tick:101ms)
{"ok":true,"cmd":"get","var":"wrPosbar","bufPctRaw":83,"bufPctSmoothed":83,"bufPctDrawn":96,"redraws":42,"sinceLastRedrawMs":138,"lastSkipReason":"interval","frozen":true,"last":true}
{"ok":true,"cmd":"get","var":"wrPosbar","bufPctRaw":83,"bufPctSmoothed":83,"bufPctDrawn":96,"redraws":42,"sinceLastRedrawMs":189,"lastSkipReason":"interval","frozen":true,"last":true}
{"ok":true,"cmd":"get","var":"wrPosbar","bufPctRaw":82,"bufPctSmoothed":83,"bufPctDrawn":96,"redraws":42,"sinceLastRedrawMs":30,"lastSkipReason":"interval","frozen":true,"last":true}
{"ok":true,"cmd":"get","var":"wrPosbar","bufPctRaw":82,"bufPctSmoothed":82,"bufPctDrawn":96,"redraws":42,"sinceLastRedrawMs":82,"lastSkipReason":"interval","frozen":true,"last":true}
{"ok":true,"cmd":"get","var":"wrPosbar","bufPctRaw":82,"bufPctSmoothed":82,"bufPctDrawn":96,"redraws":42,"sinceLastRedrawMs":112,"lastSkipReason":"interval","frozen":true,"last":true}
{"ok":true,"cmd":"get","var":"wrPosbar","bufPctRaw":82,"bufPctSmoothed":82,"bufPctDrawn":96,"redraws":42,"sinceLastRedrawMs":158,"lastSkipReason":"interval","frozen":true,"last":true}
{"ok":true,"cmd":"get","var":"wrPosbar","bufPctRaw":82,"bufPctSmoothed":82,"bufPctDrawn":96,"redraws":42,"sinceLastRedrawMs":190,"lastSkipReason":"interval","frozen":true,"last":true}
{"ok":true,"cmd":"get","var":"wrPosbar","bufPctRaw":81,"bufPctSmoothed":82,"bufPctDrawn":96,"redraws":42,"sinceLastRedrawMs":28,"lastSkipReason":"interval","frozen":true,"last":true}
{"ok":true,"cmd":"get","var":"wrPosbar","bufPctRaw":81,"bufPctSmoothed":81,"bufPctDrawn":96,"redraws":42,"sinceLastRedrawMs":58,"lastSkipReason":"interval","frozen":true,"last":true}
{"ok":true,"cmd":"get","var":"wrPosbar","bufPctRaw":81,"bufPctSmoothed":81,"bufPctDrawn":96,"redraws":42,"sinceLastRedrawMs":109,"lastSkipReason":"interval","frozen":true,"last":true}
{"ok":true,"cmd":"get","var":"wrPosbar","bufPctRaw":81,"bufPctSmoothed":81,"bufPctDrawn":96,"redraws":42,"sinceLastRedrawMs":151,"lastSkipReason":"interval","frozen":true,"last":true}
{"ok":true,"cmd":"get","var":"wrPosbar","bufPctRaw":81,"bufPctSmoothed":81,"bufPctDrawn":96,"redraws":42,"sinceLastRedrawMs":186,"lastSkipReason":"interval","frozen":true,"last":true}
{"ok":true,"cmd":"get","var":"wrPosbar","bufPctRaw":80,"bufPctSmoothed":80,"bufPctDrawn":96,"redraws":42,"sinceLastRedrawMs":30,"lastSkipReason":"interval","frozen":true,"last":true}
{"ok":true,"cmd":"get","var":"wrPosbar","bufPctRaw":80,"bufPctSmoothed":80,"bufPctDrawn":96,"redraws":42,"sinceLastRedrawMs":82,"lastSkipReason":"interval","frozen":true,"last":true}
{"ok":true,"cmd":"get","var":"wrPosbar","bufPctRaw":80,"bufPctSmoothed":80,"bufPctDrawn":96,"redraws":42,"sinceLastRedrawMs":134,"lastSkipReason":"interval","frozen":true,"last":true}
[W][perf] iter=52ms (worst path so far: app.tick:101ms)
{"ok":true,"cmd":"get","var":"wrPosbar","bufPctRaw":80,"bufPctSmoothed":80,"bufPctDrawn":96,"redraws":42,"sinceLastRedrawMs":187,"lastSkipReason":"interval","frozen":true,"last":true}
{"ok":true,"cmd":"get","var":"wrPosbar","bufPctRaw":79,"bufPctSmoothed":79,"bufPctDrawn":96,"redraws":42,"sinceLastRedrawMs":30,"lastSkipReason":"interval","frozen":true,"last":true}
{"ok":true,"cmd":"get","var":"wrPosbar","bufPctRaw":79,"bufPctSmoothed":79,"bufPctDrawn":96,"redraws":42,"sinceLastRedrawMs":82,"lastSkipReason":"interval","frozen":true,"last":true}
{"ok":true,"cmd":"get","var":"wrPosbar","bufPctRaw":79,"bufPctSmoothed":79,"bufPctDrawn":96,"redraws":42,"sinceLastRedrawMs":134,"lastSkipReason":"interval","frozen":true,"last":true}
{"ok":true,"cmd":"get","var":"wrPosbar","bufPctRaw":79,"bufPctSmoothed":79,"bufPctDrawn":96,"redraws":42,"sinceLastRedrawMs":186,"lastSkipReason":"interval","frozen":true,"last":true}
[W][perf] iter=53ms (worst path so far: app.tick:101ms)
{"ok":true,"cmd":"get","var":"wrPosbar","bufPctRaw":78,"bufPctSmoothed":79,"bufPctDrawn":94,"redraws":43,"sinceLastRedrawMs":8,"lastSkipReason":"none","frozen":false,"last":true}
{"ok":true,"cmd":"get","var":"wrPosbar","bufPctRaw":78,"bufPctSmoothed":79,"bufPctDrawn":94,"redraws":43,"sinceLastRedrawMs":59,"lastSkipReason":"interval","frozen":false,"last":true}
{"ok":true,"cmd":"get","var":"wrPosbar","bufPctRaw":78,"bufPctSmoothed":78,"bufPctDrawn":94,"redraws":43,"sinceLastRedrawMs":111,"lastSkipReason":"interval","frozen":false,"last":true}
{"ok":true,"cmd":"get","var":"wrPosbar","bufPctRaw":78,"bufPctSmoothed":78,"bufPctDrawn":94,"redraws":43,"sinceLastRedrawMs":142,"lastSkipReason":"interval","frozen":false,"last":true}
{"ok":true,"cmd":"get","var":"wrPosbar","bufPctRaw":78,"bufPctSmoothed":78,"bufPctDrawn":94,"redraws":43,"sinceLastRedrawMs":187,"lastSkipReason":"interval","frozen":false,"last":true}
{"ok":true,"cmd":"get","var":"wrPosbar","bufPctRaw":77,"bufPctSmoothed":78,"bufPctDrawn":92,"redraws":44,"sinceLastRedrawMs":8,"lastSkipReason":"interval","frozen":false,"last":true}
{"ok":true,"cmd":"get","var":"wrPosbar","bufPctRaw":77,"bufPctSmoothed":77,"bufPctDrawn":92,"redraws":44,"sinceLastRedrawMs":57,"lastSkipReason":"interval","frozen":false,"last":true}
{"ok":true,"cmd":"get","var":"wrPosbar","bufPctRaw":77,"bufPctSmoothed":77,"bufPctDrawn":92,"redraws":44,"sinceLastRedrawMs":109,"lastSkipReason":"interval","frozen":false,"last":true}
{"ok":true,"cmd":"get","var":"wrPosbar","bufPctRaw":77,"bufPctSmoothed":77,"bufPctDrawn":92,"redraws":44,"sinceLastRedrawMs":161,"lastSkipReason":"interval","frozen":false,"last":true}
{"ok":true,"cmd":"get","var":"wrPosbar","bufPctRaw":77,"bufPctSmoothed":77,"bufPctDrawn":92,"redraws":44,"sinceLastRedrawMs":208,"lastSkipReason":"interval","frozen":false,"last":true}
{"ok":true,"cmd":"get","var":"wrPosbar","bufPctRaw":76,"bufPctSmoothed":77,"bufPctDrawn":90,"redraws":45,"sinceLastRedrawMs":30,"lastSkipReason":"interval","frozen":false,"last":true}
{"ok":true,"cmd":"get","var":"wrPosbar","bufPctRaw":76,"bufPctSmoothed":76,"bufPctDrawn":90,"redraws":45,"sinceLastRedrawMs":78,"lastSkipReason":"interval","frozen":false,"last":true}
{"ok":true,"cmd":"get","var":"wrPosbar","bufPctRaw":76,"bufPctSmoothed":76,"bufPctDrawn":90,"redraws":45,"sinceLastRedrawMs":128,"lastSkipReason":"interval","frozen":false,"last":true}
{"ok":true,"cmd":"get","var":"wrPosbar","bufPctRaw":76,"bufPctSmoothed":76,"bufPctDrawn":90,"redraws":45,"sinceLastRedrawMs":158,"lastSkipReason":"interval","frozen":false,"last":true}
{"ok":true,"cmd":"get","var":"wrPosbar","bufPctRaw":76,"bufPctSmoothed":76,"bufPctDrawn":90,"redraws":45,"sinceLastRedrawMs":189,"lastSkipReason":"interval","frozen":false,"last":true}
{"ok":true,"cmd":"get","var":"wrPosbar","bufPctRaw":75,"bufPctSmoothed":75,"bufPctDrawn":88,"redraws":46,"sinceLastRedrawMs":31,"lastSkipReason":"interval","frozen":false,"last":true}
{"ok":true,"cmd":"get","var":"wrPosbar","bufPctRaw":75,"bufPctSmoothed":75,"bufPctDrawn":88,"redraws":46,"sinceLastRedrawMs":82,"lastSkipReason":"interval","frozen":false,"last":true}
{"ok":true,"cmd":"get","var":"wrPosbar","bufPctRaw":75,"bufPctSmoothed":75,"bufPctDrawn":88,"redraws":46,"sinceLastRedrawMs":125,"lastSkipReason":"interval","frozen":false,"last":true}
[W][perf] iter=51ms (worst path so far: app.tick:101ms)
{"ok":true,"cmd":"get","var":"wrPosbar","bufPctRaw":75,"bufPctSmoothed":75,"bufPctDrawn":88,"redraws":46,"sinceLastRedrawMs":163,"lastSkipReason":"interval","frozen":false,"last":true}
{"ok":true,"cmd":"get","var":"wrPosbar","bufPctRaw":75,"bufPctSmoothed":75,"bufPctDrawn":88,"redraws":46,"sinceLastRedrawMs":192,"lastSkipReason":"interval","frozen":false,"last":true}
{"ok":true,"cmd":"get","var":"wrPosbar","bufPctRaw":74,"bufPctSmoothed":75,"bufPctDrawn":86,"redraws":47,"sinceLastRedrawMs":25,"lastSkipReason":"interval","frozen":false,"last":true}
{"ok":true,"cmd":"get","var":"wrPosbar","bufPctRaw":74,"bufPctSmoothed":74,"bufPctDrawn":86,"redraws":47,"sinceLastRedrawMs":66,"lastSkipReason":"interval","frozen":false,"last":true}
{"ok":true,"cmd":"get","var":"wrPosbar","bufPctRaw":74,"bufPctSmoothed":74,"bufPctDrawn":86,"redraws":47,"sinceLastRedrawMs":103,"lastSkipReason":"interval","frozen":false,"last":true}
{"ok":true,"cmd":"get","var":"wrPosbar","bufPctRaw":74,"bufPctSmoothed":74,"bufPctDrawn":86,"redraws":47,"sinceLastRedrawMs":131,"lastSkipReason":"interval","frozen":false,"last":true}
{"ok":true,"cmd":"get","var":"wrPosbar","bufPctRaw":74,"bufPctSmoothed":74,"bufPctDrawn":86,"redraws":47,"sinceLastRedrawMs":180,"lastSkipReason":"interval","frozen":false,"last":true}
{"ok":true,"cmd":"get","var":"wrPosbar","bufPctRaw":73,"bufPctSmoothed":74,"bufPctDrawn":84,"redraws":48,"sinceLastRedrawMs":27,"lastSkipReason":"interval","frozen":false,"last":true}
{"ok":true,"cmd":"get","var":"wrPosbar","bufPctRaw":73,"bufPctSmoothed":73,"bufPctDrawn":84,"redraws":48,"sinceLastRedrawMs":79,"lastSkipReason":"interval","frozen":false,"last":true}
{"ok":true,"cmd":"get","var":"wrPosbar","bufPctRaw":73,"bufPctSmoothed":73,"bufPctDrawn":84,"redraws":48,"sinceLastRedrawMs":109,"lastSkipReason":"interval","frozen":false,"last":true}
{"ok":true,"cmd":"get","var":"wrPosbar","bufPctRaw":73,"bufPctSmoothed":73,"bufPctDrawn":84,"redraws":48,"sinceLastRedrawMs":178,"lastSkipReason":"interval","frozen":false,"last":true}
{"ok":true,"cmd":"get","var":"wrPosbar","bufPctRaw":72,"bufPctSmoothed":73,"bufPctDrawn":82,"redraws":49,"sinceLastRedrawMs":23,"lastSkipReason":"interval","frozen":false,"last":true}
{"ok":true,"cmd":"get","var":"wrPosbar","bufPctRaw":72,"bufPctSmoothed":73,"bufPctDrawn":82,"redraws":49,"sinceLastRedrawMs":57,"lastSkipReason":"interval","frozen":false,"last":true}
{"ok":true,"cmd":"get","var":"wrPosbar","bufPctRaw":72,"bufPctSmoothed":72,"bufPctDrawn":82,"redraws":49,"sinceLastRedrawMs":86,"lastSkipReason":"interval","frozen":false,"last":true}
{"ok":true,"cmd":"get","var":"wrPosbar","bufPctRaw":72,"bufPctSmoothed":72,"bufPctDrawn":82,"redraws":49,"sinceLastRedrawMs":134,"lastSkipReason":"interval","frozen":false,"last":true}
{"ok":true,"cmd":"get","var":"wrPosbar","bufPctRaw":72,"bufPctSmoothed":72,"bufPctDrawn":82,"redraws":49,"sinceLastRedrawMs":179,"lastSkipReason":"interval","frozen":false,"last":true}
{"ok":true,"cmd":"get","var":"wrPosbar","bufPctRaw":71,"bufPctSmoothed":72,"bufPctDrawn":80,"redraws":50,"sinceLastRedrawMs":19,"lastSkipReason":"none","frozen":false,"last":true}
{"ok":true,"cmd":"get","var":"wrPosbar","bufPctRaw":71,"bufPctSmoothed":71,"bufPctDrawn":80,"redraws":50,"sinceLastRedrawMs":69,"lastSkipReason":"interval","frozen":false,"last":true}
{"ok":true,"cmd":"get","var":"wrPosbar","bufPctRaw":71,"bufPctSmoothed":71,"bufPctDrawn":80,"redraws":50,"sinceLastRedrawMs":106,"lastSkipReason":"interval","frozen":false,"last":true}
{"ok":true,"cmd":"get","var":"wrPosbar","bufPctRaw":71,"bufPctSmoothed":71,"bufPctDrawn":80,"redraws":50,"sinceLastRedrawMs":150,"lastSkipReason":"interval","frozen":false,"last":true}
{"ok":true,"cmd":"get","var":"wrPosbar","bufPctRaw":71,"bufPctSmoothed":71,"bufPctDrawn":80,"redraws":50,"sinceLastRedrawMs":184,"lastSkipReason":"interval","frozen":false,"last":true}
{"ok":true,"cmd":"get","var":"wrPosbar","bufPctRaw":70,"bufPctSmoothed":70,"bufPctDrawn":78,"redraws":51,"sinceLastRedrawMs":30,"lastSkipReason":"interval","frozen":false,"last":true}
{"ok":true,"cmd":"get","var":"wrPosbar","bufPctRaw":70,"bufPctSmoothed":70,"bufPctDrawn":78,"redraws":51,"sinceLastRedrawMs":61,"lastSkipReason":"interval","frozen":false,"last":true}
{"ok":true,"cmd":"get","var":"wrPosbar","bufPctRaw":70,"bufPctSmoothed":70,"bufPctDrawn":78,"redraws":51,"sinceLastRedrawMs":106,"lastSkipReason":"interval","frozen":false,"last":true}
{"ok":true,"cmd":"get","var":"wrPosbar","bufPctRaw":70,"bufPctSmoothed":70,"bufPctDrawn":78,"redraws":51,"sinceLastRedrawMs":139,"lastSkipReason":"interval","frozen":false,"last":true}
{"ok":true,"cmd":"get","var":"wrPosbar","bufPctRaw":70,"bufPctSmoothed":70,"bufPctDrawn":78,"redraws":51,"sinceLastRedrawMs":186,"lastSkipReason":"interval","frozen":false,"last":true}
{"ok":true,"cmd":"get","var":"wrPosbar","bufPctRaw":69,"bufPctSmoothed":70,"bufPctDrawn":76,"redraws":52,"sinceLastRedrawMs":18,"lastSkipReason":"none","frozen":false,"last":true}
{"ok":true,"cmd":"get","var":"wrPosbar","bufPctRaw":69,"bufPctSmoothed":70,"bufPctDrawn":76,"redraws":52,"sinceLastRedrawMs":52,"lastSkipReason":"interval","frozen":false,"last":true}
{"ok":true,"cmd":"get","var":"wrPosbar","bufPctRaw":69,"bufPctSmoothed":69,"bufPctDrawn":76,"redraws":52,"sinceLastRedrawMs":83,"lastSkipReason":"interval","frozen":false,"last":true}
{"ok":true,"cmd":"get","var":"wrPosbar","bufPctRaw":69,"bufPctSmoothed":69,"bufPctDrawn":76,"redraws":52,"sinceLastRedrawMs":131,"lastSkipReason":"interval","frozen":false,"last":true}
{"ok":true,"cmd":"get","var":"wrPosbar","bufPctRaw":69,"bufPctSmoothed":69,"bufPctDrawn":76,"redraws":52,"sinceLastRedrawMs":181,"lastSkipReason":"interval","frozen":false,"last":true}
{"ok":true,"cmd":"get","var":"wrPosbar","bufPctRaw":68,"bufPctSmoothed":69,"bufPctDrawn":74,"redraws":53,"sinceLastRedrawMs":24,"lastSkipReason":"interval","frozen":false,"last":true}
{"ok":true,"cmd":"get","var":"wrPosbar","bufPctRaw":68,"bufPctSmoothed":69,"bufPctDrawn":74,"redraws":53,"sinceLastRedrawMs":69,"lastSkipReason":"interval","frozen":false,"last":true}
{"ok":true,"cmd":"get","var":"wrPosbar","bufPctRaw":68,"bufPctSmoothed":68,"bufPctDrawn":74,"redraws":53,"sinceLastRedrawMs":101,"lastSkipReason":"interval","frozen":false,"last":true}
{"ok":true,"cmd":"get","var":"wrPosbar","bufPctRaw":68,"bufPctSmoothed":68,"bufPctDrawn":74,"redraws":53,"sinceLastRedrawMs":130,"lastSkipReason":"interval","frozen":false,"last":true}
{"ok":true,"cmd":"get","var":"wrPosbar","bufPctRaw":68,"bufPctSmoothed":68,"bufPctDrawn":74,"redraws":53,"sinceLastRedrawMs":159,"lastSkipReason":"interval","frozen":false,"last":true}
{"ok":true,"cmd":"get","var":"wrPosbar","bufPctRaw":68,"bufPctSmoothed":68,"bufPctDrawn":74,"redraws":53,"sinceLastRedrawMs":204,"lastSkipReason":"interval","frozen":false,"last":true}
{"ok":true,"cmd":"get","var":"wrPosbar","bufPctRaw":67,"bufPctSmoothed":68,"bufPctDrawn":72,"redraws":54,"sinceLastRedrawMs":26,"lastSkipReason":"interval","frozen":false,"last":true}
{"ok":true,"cmd":"get","var":"wrPosbar","bufPctRaw":67,"bufPctSmoothed":67,"bufPctDrawn":72,"redraws":54,"sinceLastRedrawMs":78,"lastSkipReason":"interval","frozen":false,"last":true}
{"ok":true,"cmd":"get","var":"wrPosbar","bufPctRaw":67,"bufPctSmoothed":67,"bufPctDrawn":72,"redraws":54,"sinceLastRedrawMs":111,"lastSkipReason":"interval","frozen":false,"last":true}
{"ok":true,"cmd":"get","var":"wrPosbar","bufPctRaw":67,"bufPctSmoothed":67,"bufPctDrawn":72,"redraws":54,"sinceLastRedrawMs":163,"lastSkipReason":"interval","frozen":false,"last":true}
{"ok":true,"cmd":"get","var":"wrPosbar","bufPctRaw":66,"bufPctSmoothed":67,"bufPctDrawn":70,"redraws":55,"sinceLastRedrawMs":12,"lastSkipReason":"none","frozen":false,"last":true}
{"ok":true,"cmd":"get","var":"wrPosbar","bufPctRaw":66,"bufPctSmoothed":67,"bufPctDrawn":70,"redraws":55,"sinceLastRedrawMs":63,"lastSkipReason":"interval","frozen":false,"last":true}
{"ok":true,"cmd":"get","var":"wrPosbar","bufPctRaw":66,"bufPctSmoothed":66,"bufPctDrawn":70,"redraws":55,"sinceLastRedrawMs":111,"lastSkipReason":"interval","frozen":false,"last":true}
{"ok":true,"cmd":"get","var":"wrPosbar","bufPctRaw":66,"bufPctSmoothed":66,"bufPctDrawn":70,"redraws":55,"sinceLastRedrawMs":167,"lastSkipReason":"interval","frozen":false,"last":true}
{"ok":true,"cmd":"get","var":"wrPosbar","bufPctRaw":65,"bufPctSmoothed":66,"bufPctDrawn":68,"redraws":56,"sinceLastRedrawMs":11,"lastSkipReason":"none","frozen":false,"last":true}
{"ok":true,"cmd":"get","var":"wrPosbar","bufPctRaw":65,"bufPctSmoothed":65,"bufPctDrawn":68,"redraws":56,"sinceLastRedrawMs":63,"lastSkipReason":"interval","frozen":false,"last":true}
[W][perf] iter=52ms (worst path so far: app.tick:101ms)
{"ok":true,"cmd":"get","var":"wrPosbar","bufPctRaw":65,"bufPctSmoothed":65,"bufPctDrawn":68,"redraws":56,"sinceLastRedrawMs":115,"lastSkipReason":"interval","frozen":false,"last":true}
{"ok":true,"cmd":"get","var":"wrPosbar","bufPctRaw":65,"bufPctSmoothed":65,"bufPctDrawn":68,"redraws":56,"sinceLastRedrawMs":166,"lastSkipReason":"interval","frozen":false,"last":true}
{"ok":true,"cmd":"get","var":"wrPosbar","bufPctRaw":64,"bufPctSmoothed":65,"bufPctDrawn":66,"redraws":57,"sinceLastRedrawMs":12,"lastSkipReason":"none","frozen":false,"last":true}
{"ok":true,"cmd":"get","var":"wrPosbar","bufPctRaw":64,"bufPctSmoothed":65,"bufPctDrawn":66,"redraws":57,"sinceLastRedrawMs":42,"lastSkipReason":"interval","frozen":false,"last":true}
{"ok":true,"cmd":"get","var":"wrPosbar","bufPctRaw":64,"bufPctSmoothed":64,"bufPctDrawn":66,"redraws":57,"sinceLastRedrawMs":87,"lastSkipReason":"interval","frozen":false,"last":true}
{"ok":true,"cmd":"get","var":"wrPosbar","bufPctRaw":64,"bufPctSmoothed":64,"bufPctDrawn":66,"redraws":57,"sinceLastRedrawMs":119,"lastSkipReason":"interval","frozen":false,"last":true}
{"ok":true,"cmd":"get","var":"wrPosbar","bufPctRaw":64,"bufPctSmoothed":64,"bufPctDrawn":66,"redraws":57,"sinceLastRedrawMs":167,"lastSkipReason":"interval","frozen":false,"last":true}
{"ok":true,"cmd":"get","var":"wrPosbar","bufPctRaw":63,"bufPctSmoothed":64,"bufPctDrawn":64,"redraws":58,"sinceLastRedrawMs":13,"lastSkipReason":"none","frozen":false,"last":true}
{"ok":true,"cmd":"get","var":"wrPosbar","bufPctRaw":63,"bufPctSmoothed":64,"bufPctDrawn":64,"redraws":58,"sinceLastRedrawMs":63,"lastSkipReason":"interval","frozen":false,"last":true}
{"ok":true,"cmd":"get","var":"wrPosbar","bufPctRaw":63,"bufPctSmoothed":63,"bufPctDrawn":64,"redraws":58,"sinceLastRedrawMs":108,"lastSkipReason":"interval","frozen":false,"last":true}
{"ok":true,"cmd":"get","var":"wrPosbar","bufPctRaw":63,"bufPctSmoothed":63,"bufPctDrawn":64,"redraws":58,"sinceLastRedrawMs":139,"lastSkipReason":"interval","frozen":false,"last":true}
{"ok":true,"cmd":"get","var":"wrPosbar","bufPctRaw":63,"bufPctSmoothed":63,"bufPctDrawn":64,"redraws":58,"sinceLastRedrawMs":171,"lastSkipReason":"interval","frozen":false,"last":true}
{"ok":true,"cmd":"get","var":"wrPosbar","bufPctRaw":63,"bufPctSmoothed":63,"bufPctDrawn":64,"redraws":58,"sinceLastRedrawMs":215,"lastSkipReason":"interval","frozen":false,"last":true}
[W][perf] iter=66ms (worst path so far: app.tick:101ms)
{"ok":true,"cmd":"get","var":"wrPosbar","bufPctRaw":62,"bufPctSmoothed":63,"bufPctDrawn":63,"redraws":59,"sinceLastRedrawMs":20,"lastSkipReason":"none","frozen":false,"last":true}
{"ok":true,"cmd":"get","var":"wrPosbar","bufPctRaw":62,"bufPctSmoothed":62,"bufPctDrawn":63,"redraws":59,"sinceLastRedrawMs":77,"lastSkipReason":"interval","frozen":false,"last":true}
{"ok":true,"cmd":"get","var":"wrPosbar","bufPctRaw":62,"bufPctSmoothed":62,"bufPctDrawn":63,"redraws":59,"sinceLastRedrawMs":107,"lastSkipReason":"interval","frozen":false,"last":true}
{"ok":true,"cmd":"get","var":"wrPosbar","bufPctRaw":62,"bufPctSmoothed":62,"bufPctDrawn":63,"redraws":59,"sinceLastRedrawMs":153,"lastSkipReason":"interval","frozen":false,"last":true}
{"ok":true,"cmd":"get","var":"wrPosbar","bufPctRaw":62,"bufPctSmoothed":62,"bufPctDrawn":63,"redraws":59,"sinceLastRedrawMs":183,"lastSkipReason":"interval","frozen":false,"last":true}
{"ok":true,"cmd":"get","var":"wrPosbar","bufPctRaw":61,"bufPctSmoothed":61,"bufPctDrawn":62,"redraws":60,"sinceLastRedrawMs":20,"lastSkipReason":"interval","frozen":false,"last":true}
[W][perf] iter=51ms (worst path so far: app.tick:101ms)
{"ok":true,"cmd":"get","var":"wrPosbar","bufPctRaw":61,"bufPctSmoothed":61,"bufPctDrawn":62,"redraws":60,"sinceLastRedrawMs":72,"lastSkipReason":"interval","frozen":false,"last":true}
{"ok":true,"cmd":"get","var":"wrPosbar","bufPctRaw":61,"bufPctSmoothed":61,"bufPctDrawn":62,"redraws":60,"sinceLastRedrawMs":111,"lastSkipReason":"interval","frozen":false,"last":true}
{"ok":true,"cmd":"get","var":"wrPosbar","bufPctRaw":61,"bufPctSmoothed":61,"bufPctDrawn":62,"redraws":60,"sinceLastRedrawMs":158,"lastSkipReason":"interval","frozen":false,"last":true}
{"ok":true,"cmd":"get","var":"wrPosbar","bufPctRaw":61,"bufPctSmoothed":61,"bufPctDrawn":62,"redraws":60,"sinceLastRedrawMs":190,"lastSkipReason":"interval","frozen":false,"last":true}
{"ok":true,"cmd":"get","var":"wrPosbar","bufPctRaw":60,"bufPctSmoothed":61,"bufPctDrawn":61,"redraws":61,"sinceLastRedrawMs":29,"lastSkipReason":"interval","frozen":false,"last":true}
{"ok":true,"cmd":"get","var":"wrPosbar","bufPctRaw":60,"bufPctSmoothed":60,"bufPctDrawn":61,"redraws":61,"sinceLastRedrawMs":76,"lastSkipReason":"interval","frozen":false,"last":true}
{"ok":true,"cmd":"get","var":"wrPosbar","bufPctRaw":60,"bufPctSmoothed":60,"bufPctDrawn":61,"redraws":61,"sinceLastRedrawMs":110,"lastSkipReason":"interval","frozen":false,"last":true}
{"ok":true,"cmd":"get","var":"wrPosbar","bufPctRaw":60,"bufPctSmoothed":60,"bufPctDrawn":61,"redraws":61,"sinceLastRedrawMs":136,"lastSkipReason":"interval","frozen":false,"last":true}
{"ok":true,"cmd":"get","var":"wrPosbar","bufPctRaw":60,"bufPctSmoothed":60,"bufPctDrawn":61,"redraws":61,"sinceLastRedrawMs":163,"lastSkipReason":"interval","frozen":false,"last":true}
{"ok":true,"cmd":"get","var":"wrPosbar","bufPctRaw":59,"bufPctSmoothed":60,"bufPctDrawn":60,"redraws":62,"sinceLastRedrawMs":8,"lastSkipReason":"none","frozen":false,"last":true}
{"ok":true,"cmd":"get","var":"wrPosbar","bufPctRaw":59,"bufPctSmoothed":60,"bufPctDrawn":60,"redraws":62,"sinceLastRedrawMs":37,"lastSkipReason":"interval","frozen":false,"last":true}
{"ok":true,"cmd":"get","var":"wrPosbar","bufPctRaw":59,"bufPctSmoothed":59,"bufPctDrawn":60,"redraws":62,"sinceLastRedrawMs":87,"lastSkipReason":"interval","frozen":false,"last":true}
{"ok":true,"cmd":"get","var":"wrPosbar","bufPctRaw":59,"bufPctSmoothed":59,"bufPctDrawn":60,"redraws":62,"sinceLastRedrawMs":139,"lastSkipReason":"interval","frozen":false,"last":true}
[W][perf] iter=52ms (worst path so far: app.tick:101ms)
{"ok":true,"cmd":"get","var":"wrPosbar","bufPctRaw":59,"bufPctSmoothed":59,"bufPctDrawn":60,"redraws":62,"sinceLastRedrawMs":192,"lastSkipReason":"interval","frozen":false,"last":true}
{"ok":true,"cmd":"get","var":"wrPosbar","bufPctRaw":58,"bufPctSmoothed":59,"bufPctDrawn":59,"redraws":63,"sinceLastRedrawMs":26,"lastSkipReason":"interval","frozen":false,"last":true}
{"ok":true,"cmd":"get","var":"wrPosbar","bufPctRaw":58,"bufPctSmoothed":58,"bufPctDrawn":59,"redraws":63,"sinceLastRedrawMs":72,"lastSkipReason":"interval","frozen":false,"last":true}
[W][perf] iter=51ms (worst path so far: app.tick:101ms)
{"ok":true,"cmd":"get","var":"wrPosbar","bufPctRaw":58,"bufPctSmoothed":58,"bufPctDrawn":59,"redraws":63,"sinceLastRedrawMs":110,"lastSkipReason":"interval","frozen":false,"last":true}
{"ok":true,"cmd":"get","var":"wrPosbar","bufPctRaw":58,"bufPctSmoothed":58,"bufPctDrawn":59,"redraws":63,"sinceLastRedrawMs":158,"lastSkipReason":"interval","frozen":false,"last":true}
{"ok":true,"cmd":"get","var":"wrPosbar","bufPctRaw":58,"bufPctSmoothed":58,"bufPctDrawn":59,"redraws":63,"sinceLastRedrawMs":189,"lastSkipReason":"interval","frozen":false,"last":true}
{"ok":true,"cmd":"get","var":"wrPosbar","bufPctRaw":57,"bufPctSmoothed":58,"bufPctDrawn":58,"redraws":64,"sinceLastRedrawMs":28,"lastSkipReason":"interval","frozen":false,"last":true}
{"ok":true,"cmd":"get","var":"wrPosbar","bufPctRaw":57,"bufPctSmoothed":57,"bufPctDrawn":58,"redraws":64,"sinceLastRedrawMs":77,"lastSkipReason":"interval","frozen":false,"last":true}
{"ok":true,"cmd":"get","var":"wrPosbar","bufPctRaw":57,"bufPctSmoothed":57,"bufPctDrawn":58,"redraws":64,"sinceLastRedrawMs":123,"lastSkipReason":"interval","frozen":false,"last":true}
[W][perf] iter=52ms (worst path so far: app.tick:101ms)
{"ok":true,"cmd":"get","var":"wrPosbar","bufPctRaw":57,"bufPctSmoothed":57,"bufPctDrawn":58,"redraws":64,"sinceLastRedrawMs":161,"lastSkipReason":"interval","frozen":false,"last":true}
{"ok":true,"cmd":"get","var":"wrPosbar","bufPctRaw":56,"bufPctSmoothed":57,"bufPctDrawn":57,"redraws":65,"sinceLastRedrawMs":7,"lastSkipReason":"none","frozen":false,"last":true}
{"ok":true,"cmd":"get","var":"wrPosbar","bufPctRaw":56,"bufPctSmoothed":57,"bufPctDrawn":57,"redraws":65,"sinceLastRedrawMs":37,"lastSkipReason":"interval","frozen":false,"last":true}
{"ok":true,"cmd":"get","var":"wrPosbar","bufPctRaw":56,"bufPctSmoothed":56,"bufPctDrawn":57,"redraws":65,"sinceLastRedrawMs":86,"lastSkipReason":"interval","frozen":false,"last":true}
{"ok":true,"cmd":"get","var":"wrPosbar","bufPctRaw":56,"bufPctSmoothed":56,"bufPctDrawn":57,"redraws":65,"sinceLastRedrawMs":138,"lastSkipReason":"interval","frozen":false,"last":true}
{"ok":true,"cmd":"get","var":"wrPosbar","bufPctRaw":56,"bufPctSmoothed":56,"bufPctDrawn":57,"redraws":65,"sinceLastRedrawMs":190,"lastSkipReason":"interval","frozen":false,"last":true}
{"ok":true,"cmd":"get","var":"wrPosbar","bufPctRaw":55,"bufPctSmoothed":56,"bufPctDrawn":56,"redraws":66,"sinceLastRedrawMs":18,"lastSkipReason":"none","frozen":false,"last":true}
{"ok":true,"cmd":"get","var":"wrPosbar","bufPctRaw":55,"bufPctSmoothed":56,"bufPctDrawn":56,"redraws":66,"sinceLastRedrawMs":52,"lastSkipReason":"interval","frozen":false,"last":true}
{"ok":true,"cmd":"get","var":"wrPosbar","bufPctRaw":55,"bufPctSmoothed":55,"bufPctDrawn":56,"redraws":66,"sinceLastRedrawMs":103,"lastSkipReason":"interval","frozen":false,"last":true}
{"ok":true,"cmd":"get","var":"wrPosbar","bufPctRaw":55,"bufPctSmoothed":55,"bufPctDrawn":56,"redraws":66,"sinceLastRedrawMs":152,"lastSkipReason":"interval","frozen":false,"last":true}
{"ok":true,"cmd":"get","var":"wrPosbar","bufPctRaw":55,"bufPctSmoothed":55,"bufPctDrawn":56,"redraws":66,"sinceLastRedrawMs":184,"lastSkipReason":"interval","frozen":false,"last":true}
{"ok":true,"cmd":"get","var":"wrPosbar","bufPctRaw":54,"bufPctSmoothed":55,"bufPctDrawn":55,"redraws":67,"sinceLastRedrawMs":28,"lastSkipReason":"interval","frozen":false,"last":true}
{"ok":true,"cmd":"get","var":"wrPosbar","bufPctRaw":54,"bufPctSmoothed":54,"bufPctDrawn":55,"redraws":67,"sinceLastRedrawMs":59,"lastSkipReason":"interval","frozen":false,"last":true}
{"ok":true,"cmd":"get","var":"wrPosbar","bufPctRaw":54,"bufPctSmoothed":54,"bufPctDrawn":55,"redraws":67,"sinceLastRedrawMs":109,"lastSkipReason":"interval","frozen":false,"last":true}
{"ok":true,"cmd":"get","var":"wrPosbar","bufPctRaw":54,"bufPctSmoothed":54,"bufPctDrawn":55,"redraws":67,"sinceLastRedrawMs":157,"lastSkipReason":"interval","frozen":false,"last":true}
{"ok":true,"cmd":"get","var":"wrPosbar","bufPctRaw":54,"bufPctSmoothed":54,"bufPctDrawn":55,"redraws":67,"sinceLastRedrawMs":205,"lastSkipReason":"interval","frozen":false,"last":true}
{"ok":true,"cmd":"get","var":"wrPosbar","bufPctRaw":53,"bufPctSmoothed":54,"bufPctDrawn":54,"redraws":68,"sinceLastRedrawMs":8,"lastSkipReason":"none","frozen":false,"last":true}
{"ok":true,"cmd":"get","var":"wrPosbar","bufPctRaw":53,"bufPctSmoothed":53,"bufPctDrawn":54,"redraws":68,"sinceLastRedrawMs":59,"lastSkipReason":"interval","frozen":false,"last":true}
{"ok":true,"cmd":"get","var":"wrPosbar","bufPctRaw":53,"bufPctSmoothed":53,"bufPctDrawn":54,"redraws":68,"sinceLastRedrawMs":105,"lastSkipReason":"interval","frozen":false,"last":true}
{"ok":true,"cmd":"get","var":"wrPosbar","bufPctRaw":53,"bufPctSmoothed":53,"bufPctDrawn":54,"redraws":68,"sinceLastRedrawMs":140,"lastSkipReason":"interval","frozen":false,"last":true}
{"ok":true,"cmd":"get","var":"wrPosbar","bufPctRaw":53,"bufPctSmoothed":53,"bufPctDrawn":54,"redraws":68,"sinceLastRedrawMs":187,"lastSkipReason":"interval","frozen":false,"last":true}
{"ok":true,"cmd":"get","var":"wrPosbar","bufPctRaw":52,"bufPctSmoothed":53,"bufPctDrawn":53,"redraws":69,"sinceLastRedrawMs":4,"lastSkipReason":"none","frozen":false,"last":true}
{"ok":true,"cmd":"get","var":"wrPosbar","bufPctRaw":52,"bufPctSmoothed":52,"bufPctDrawn":53,"redraws":69,"sinceLastRedrawMs":53,"lastSkipReason":"interval","frozen":false,"last":true}
{"ok":true,"cmd":"get","var":"wrPosbar","bufPctRaw":52,"bufPctSmoothed":52,"bufPctDrawn":53,"redraws":69,"sinceLastRedrawMs":104,"lastSkipReason":"interval","frozen":false,"last":true}
{"ok":true,"cmd":"get","var":"wrPosbar","bufPctRaw":52,"bufPctSmoothed":52,"bufPctDrawn":53,"redraws":69,"sinceLastRedrawMs":133,"lastSkipReason":"interval","frozen":false,"last":true}
{"ok":true,"cmd":"get","var":"wrPosbar","bufPctRaw":52,"bufPctSmoothed":52,"bufPctDrawn":53,"redraws":69,"sinceLastRedrawMs":163,"lastSkipReason":"interval","frozen":false,"last":true}
{"ok":true,"cmd":"get","var":"wrPosbar","bufPctRaw":51,"bufPctSmoothed":52,"bufPctDrawn":52,"redraws":70,"sinceLastRedrawMs":8,"lastSkipReason":"none","frozen":false,"last":true}
{"ok":true,"cmd":"get","var":"wrPosbar","bufPctRaw":51,"bufPctSmoothed":52,"bufPctDrawn":52,"redraws":70,"sinceLastRedrawMs":59,"lastSkipReason":"interval","frozen":false,"last":true}
{"ok":true,"cmd":"get","var":"wrPosbar","bufPctRaw":51,"bufPctSmoothed":51,"bufPctDrawn":52,"redraws":70,"sinceLastRedrawMs":111,"lastSkipReason":"interval","frozen":false,"last":true}
{"ok":true,"cmd":"get","var":"wrPosbar","bufPctRaw":51,"bufPctSmoothed":51,"bufPctDrawn":52,"redraws":70,"sinceLastRedrawMs":141,"lastSkipReason":"interval","frozen":false,"last":true}
{"ok":true,"cmd":"get","var":"wrPosbar","bufPctRaw":51,"bufPctSmoothed":51,"bufPctDrawn":52,"redraws":70,"sinceLastRedrawMs":192,"lastSkipReason":"interval","frozen":false,"last":true}
{"ok":true,"cmd":"get","var":"wrPosbar","bufPctRaw":50,"bufPctSmoothed":51,"bufPctDrawn":51,"redraws":71,"sinceLastRedrawMs":8,"lastSkipReason":"none","frozen":false,"last":true}
{"ok":true,"cmd":"get","var":"wrPosbar","bufPctRaw":50,"bufPctSmoothed":50,"bufPctDrawn":51,"redraws":71,"sinceLastRedrawMs":59,"lastSkipReason":"interval","frozen":false,"last":true}
{"ok":true,"cmd":"get","var":"wrPosbar","bufPctRaw":50,"bufPctSmoothed":50,"bufPctDrawn":51,"redraws":71,"sinceLastRedrawMs":112,"lastSkipReason":"interval","frozen":false,"last":true}
{"ok":true,"cmd":"get","var":"wrPosbar","bufPctRaw":50,"bufPctSmoothed":50,"bufPctDrawn":51,"redraws":71,"sinceLastRedrawMs":163,"lastSkipReason":"interval","frozen":false,"last":true}
{"ok":true,"cmd":"get","var":"wrPosbar","bufPctRaw":49,"bufPctSmoothed":50,"bufPctDrawn":50,"redraws":72,"sinceLastRedrawMs":11,"lastSkipReason":"none","frozen":false,"last":true}
{"ok":true,"cmd":"get","var":"wrPosbar","bufPctRaw":49,"bufPctSmoothed":50,"bufPctDrawn":50,"redraws":72,"sinceLastRedrawMs":53,"lastSkipReason":"interval","frozen":false,"last":true}
{"ok":true,"cmd":"get","var":"wrPosbar","bufPctRaw":49,"bufPctSmoothed":49,"bufPctDrawn":50,"redraws":72,"sinceLastRedrawMs":92,"lastSkipReason":"interval","frozen":false,"last":true}
{"ok":true,"cmd":"get","var":"wrPosbar","bufPctRaw":49,"bufPctSmoothed":49,"bufPctDrawn":50,"redraws":72,"sinceLastRedrawMs":138,"lastSkipReason":"interval","frozen":false,"last":true}
{"ok":true,"cmd":"get","var":"wrPosbar","bufPctRaw":49,"bufPctSmoothed":49,"bufPctDrawn":50,"redraws":72,"sinceLastRedrawMs":168,"lastSkipReason":"interval","frozen":false,"last":true}
{"ok":true,"cmd":"get","var":"wrPosbar","bufPctRaw":48,"bufPctSmoothed":49,"bufPctDrawn":49,"redraws":73,"sinceLastRedrawMs":12,"lastSkipReason":"none","frozen":false,"last":true}
{"ok":true,"cmd":"get","var":"wrPosbar","bufPctRaw":48,"bufPctSmoothed":49,"bufPctDrawn":49,"redraws":73,"sinceLastRedrawMs":41,"lastSkipReason":"interval","frozen":false,"last":true}
{"ok":true,"cmd":"get","var":"wrPosbar","bufPctRaw":48,"bufPctSmoothed":49,"bufPctDrawn":49,"redraws":73,"sinceLastRedrawMs":105,"lastSkipReason":"interval","frozen":false,"last":true}
{"ok":true,"cmd":"get","var":"wrPosbar","bufPctRaw":48,"bufPctSmoothed":48,"bufPctDrawn":49,"redraws":73,"sinceLastRedrawMs":139,"lastSkipReason":"interval","frozen":false,"last":true}
{"ok":true,"cmd":"get","var":"wrPosbar","bufPctRaw":48,"bufPctSmoothed":48,"bufPctDrawn":49,"redraws":73,"sinceLastRedrawMs":169,"lastSkipReason":"interval","frozen":false,"last":true}
{"ok":true,"cmd":"get","var":"wrPosbar","bufPctRaw":47,"bufPctSmoothed":48,"bufPctDrawn":48,"redraws":74,"sinceLastRedrawMs":6,"lastSkipReason":"none","frozen":false,"last":true}
{"ok":true,"cmd":"get","var":"wrPosbar","bufPctRaw":47,"bufPctSmoothed":47,"bufPctDrawn":48,"redraws":74,"sinceLastRedrawMs":56,"lastSkipReason":"interval","frozen":false,"last":true}
{"ok":true,"cmd":"get","var":"wrPosbar","bufPctRaw":47,"bufPctSmoothed":47,"bufPctDrawn":48,"redraws":74,"sinceLastRedrawMs":109,"lastSkipReason":"interval","frozen":false,"last":true}
{"ok":true,"cmd":"get","var":"wrPosbar","bufPctRaw":47,"bufPctSmoothed":47,"bufPctDrawn":48,"redraws":74,"sinceLastRedrawMs":162,"lastSkipReason":"interval","frozen":false,"last":true}
{"ok":true,"cmd":"get","var":"wrPosbar","bufPctRaw":46,"bufPctSmoothed":47,"bufPctDrawn":47,"redraws":75,"sinceLastRedrawMs":3,"lastSkipReason":"none","frozen":false,"last":true}
{"ok":true,"cmd":"get","var":"wrPosbar","bufPctRaw":46,"bufPctSmoothed":47,"bufPctDrawn":47,"redraws":75,"sinceLastRedrawMs":54,"lastSkipReason":"interval","frozen":false,"last":true}
{"ok":true,"cmd":"get","var":"wrPosbar","bufPctRaw":46,"bufPctSmoothed":46,"bufPctDrawn":47,"redraws":75,"sinceLastRedrawMs":99,"lastSkipReason":"interval","frozen":false,"last":true}
{"ok":true,"cmd":"get","var":"wrPosbar","bufPctRaw":46,"bufPctSmoothed":46,"bufPctDrawn":47,"redraws":75,"sinceLastRedrawMs":149,"lastSkipReason":"interval","frozen":false,"last":true}
{"ok":true,"cmd":"get","var":"wrPosbar","bufPctRaw":46,"bufPctSmoothed":46,"bufPctDrawn":47,"redraws":75,"sinceLastRedrawMs":187,"lastSkipReason":"interval","frozen":false,"last":true}
{"ok":true,"cmd":"get","var":"wrPosbar","bufPctRaw":45,"bufPctSmoothed":46,"bufPctDrawn":46,"redraws":76,"sinceLastRedrawMs":23,"lastSkipReason":"interval","frozen":false,"last":true}
{"ok":true,"cmd":"get","var":"wrPosbar","bufPctRaw":45,"bufPctSmoothed":45,"bufPctDrawn":46,"redraws":76,"sinceLastRedrawMs":76,"lastSkipReason":"interval","frozen":false,"last":true}
{"ok":true,"cmd":"get","var":"wrPosbar","bufPctRaw":45,"bufPctSmoothed":45,"bufPctDrawn":46,"redraws":76,"sinceLastRedrawMs":122,"lastSkipReason":"interval","frozen":false,"last":true}
[W][perf] iter=51ms (worst path so far: app.tick:101ms)
{"ok":true,"cmd":"get","var":"wrPosbar","bufPctRaw":45,"bufPctSmoothed":45,"bufPctDrawn":46,"redraws":76,"sinceLastRedrawMs":159,"lastSkipReason":"interval","frozen":false,"last":true}
{"ok":true,"cmd":"get","var":"wrPosbar","bufPctRaw":45,"bufPctSmoothed":45,"bufPctDrawn":46,"redraws":76,"sinceLastRedrawMs":208,"lastSkipReason":"interval","frozen":false,"last":true}
{"ok":true,"cmd":"get","var":"wrPosbar","bufPctRaw":44,"bufPctSmoothed":45,"bufPctDrawn":45,"redraws":77,"sinceLastRedrawMs":26,"lastSkipReason":"interval","frozen":false,"last":true}
{"ok":true,"cmd":"get","var":"wrPosbar","bufPctRaw":44,"bufPctSmoothed":44,"bufPctDrawn":45,"redraws":77,"sinceLastRedrawMs":79,"lastSkipReason":"interval","frozen":false,"last":true}
{"ok":true,"cmd":"get","var":"wrPosbar","bufPctRaw":44,"bufPctSmoothed":44,"bufPctDrawn":45,"redraws":77,"sinceLastRedrawMs":130,"lastSkipReason":"interval","frozen":false,"last":true}
{"ok":true,"cmd":"get","var":"wrPosbar","bufPctRaw":44,"bufPctSmoothed":44,"bufPctDrawn":45,"redraws":77,"sinceLastRedrawMs":176,"lastSkipReason":"interval","frozen":false,"last":true}
[W][perf] iter=52ms (worst path so far: app.tick:101ms)
{"ok":true,"cmd":"get","var":"wrPosbar","bufPctRaw":43,"bufPctSmoothed":44,"bufPctDrawn":44,"redraws":78,"sinceLastRedrawMs":19,"lastSkipReason":"none","frozen":false,"last":true}
{"ok":true,"cmd":"get","var":"wrPosbar","bufPctRaw":43,"bufPctSmoothed":44,"bufPctDrawn":44,"redraws":78,"sinceLastRedrawMs":55,"lastSkipReason":"interval","frozen":false,"last":true}
{"ok":true,"cmd":"get","var":"wrPosbar","bufPctRaw":43,"bufPctSmoothed":43,"bufPctDrawn":44,"redraws":78,"sinceLastRedrawMs":101,"lastSkipReason":"interval","frozen":false,"last":true}
{"ok":true,"cmd":"get","var":"wrPosbar","bufPctRaw":43,"bufPctSmoothed":43,"bufPctDrawn":44,"redraws":78,"sinceLastRedrawMs":133,"lastSkipReason":"interval","frozen":false,"last":true}
{"ok":true,"cmd":"get","var":"wrPosbar","bufPctRaw":43,"bufPctSmoothed":43,"bufPctDrawn":44,"redraws":78,"sinceLastRedrawMs":181,"lastSkipReason":"interval","frozen":false,"last":true}
{"ok":true,"cmd":"get","var":"wrPosbar","bufPctRaw":42,"bufPctSmoothed":43,"bufPctDrawn":43,"redraws":79,"sinceLastRedrawMs":6,"lastSkipReason":"interval","frozen":false,"last":true}
{"ok":true,"cmd":"get","var":"wrPosbar","bufPctRaw":42,"bufPctSmoothed":42,"bufPctDrawn":43,"redraws":79,"sinceLastRedrawMs":54,"lastSkipReason":"interval","frozen":false,"last":true}
{"ok":true,"cmd":"get","var":"wrPosbar","bufPctRaw":42,"bufPctSmoothed":42,"bufPctDrawn":43,"redraws":79,"sinceLastRedrawMs":82,"lastSkipReason":"interval","frozen":false,"last":true}
{"ok":true,"cmd":"get","var":"wrPosbar","bufPctRaw":42,"bufPctSmoothed":42,"bufPctDrawn":43,"redraws":79,"sinceLastRedrawMs":122,"lastSkipReason":"interval","frozen":false,"last":true}
{"ok":true,"cmd":"get","var":"wrPosbar","bufPctRaw":42,"bufPctSmoothed":42,"bufPctDrawn":43,"redraws":79,"sinceLastRedrawMs":156,"lastSkipReason":"interval","frozen":false,"last":true}
{"ok":true,"cmd":"get","var":"wrPosbar","bufPctRaw":42,"bufPctSmoothed":42,"bufPctDrawn":43,"redraws":79,"sinceLastRedrawMs":187,"lastSkipReason":"interval","frozen":false,"last":true}
{"ok":true,"cmd":"get","var":"wrPosbar","bufPctRaw":41,"bufPctSmoothed":42,"bufPctDrawn":42,"redraws":80,"sinceLastRedrawMs":25,"lastSkipReason":"interval","frozen":false,"last":true}
{"ok":true,"cmd":"get","var":"wrPosbar","bufPctRaw":41,"bufPctSmoothed":41,"bufPctDrawn":42,"redraws":80,"sinceLastRedrawMs":77,"lastSkipReason":"interval","frozen":false,"last":true}
{"ok":true,"cmd":"get","var":"wrPosbar","bufPctRaw":41,"bufPctSmoothed":41,"bufPctDrawn":42,"redraws":80,"sinceLastRedrawMs":129,"lastSkipReason":"interval","frozen":false,"last":true}
{"ok":true,"cmd":"get","var":"wrPosbar","bufPctRaw":41,"bufPctSmoothed":41,"bufPctDrawn":42,"redraws":80,"sinceLastRedrawMs":183,"lastSkipReason":"interval","frozen":false,"last":true}
{"ok":true,"cmd":"get","var":"wrPosbar","bufPctRaw":40,"bufPctSmoothed":41,"bufPctDrawn":41,"redraws":81,"sinceLastRedrawMs":26,"lastSkipReason":"interval","frozen":false,"last":true}
{"ok":true,"cmd":"get","var":"wrPosbar","bufPctRaw":40,"bufPctSmoothed":40,"bufPctDrawn":41,"redraws":81,"sinceLastRedrawMs":78,"lastSkipReason":"interval","frozen":false,"last":true}
{"ok":true,"cmd":"get","var":"wrPosbar","bufPctRaw":40,"bufPctSmoothed":40,"bufPctDrawn":41,"redraws":81,"sinceLastRedrawMs":130,"lastSkipReason":"interval","frozen":false,"last":true}
[W][perf] iter=52ms (worst path so far: app.tick:101ms)
{"ok":true,"cmd":"get","var":"wrPosbar","bufPctRaw":40,"bufPctSmoothed":40,"bufPctDrawn":41,"redraws":81,"sinceLastRedrawMs":183,"lastSkipReason":"interval","frozen":false,"last":true}
{"ok":true,"cmd":"get","var":"wrPosbar","bufPctRaw":39,"bufPctSmoothed":40,"bufPctDrawn":40,"redraws":82,"sinceLastRedrawMs":22,"lastSkipReason":"interval","frozen":false,"last":true}
{"ok":true,"cmd":"get","var":"wrPosbar","bufPctRaw":39,"bufPctSmoothed":40,"bufPctDrawn":40,"redraws":82,"sinceLastRedrawMs":53,"lastSkipReason":"interval","frozen":false,"last":true}
{"ok":true,"cmd":"get","var":"wrPosbar","bufPctRaw":39,"bufPctSmoothed":39,"bufPctDrawn":40,"redraws":82,"sinceLastRedrawMs":84,"lastSkipReason":"interval","frozen":false,"last":true}
{"ok":true,"cmd":"get","var":"wrPosbar","bufPctRaw":39,"bufPctSmoothed":39,"bufPctDrawn":40,"redraws":82,"sinceLastRedrawMs":134,"lastSkipReason":"interval","frozen":false,"last":true}
{"ok":true,"cmd":"get","var":"wrPosbar","bufPctRaw":39,"bufPctSmoothed":39,"bufPctDrawn":40,"redraws":82,"sinceLastRedrawMs":175,"lastSkipReason":"interval","frozen":false,"last":true}
{"ok":true,"cmd":"get","var":"wrPosbar","bufPctRaw":39,"bufPctSmoothed":39,"bufPctDrawn":40,"redraws":82,"sinceLastRedrawMs":210,"lastSkipReason":"interval","frozen":false,"last":true}
{"ok":true,"cmd":"get","var":"wrPosbar","bufPctRaw":38,"bufPctSmoothed":39,"bufPctDrawn":39,"redraws":83,"sinceLastRedrawMs":24,"lastSkipReason":"interval","frozen":false,"last":true}
{"ok":true,"cmd":"get","var":"wrPosbar","bufPctRaw":38,"bufPctSmoothed":38,"bufPctDrawn":39,"redraws":83,"sinceLastRedrawMs":59,"lastSkipReason":"interval","frozen":false,"last":true}
{"ok":true,"cmd":"get","var":"wrPosbar","bufPctRaw":38,"bufPctSmoothed":38,"bufPctDrawn":39,"redraws":83,"sinceLastRedrawMs":105,"lastSkipReason":"interval","frozen":false,"last":true}
{"ok":true,"cmd":"get","var":"wrPosbar","bufPctRaw":38,"bufPctSmoothed":38,"bufPctDrawn":39,"redraws":83,"sinceLastRedrawMs":151,"lastSkipReason":"interval","frozen":false,"last":true}
{"ok":true,"cmd":"get","var":"wrPosbar","bufPctRaw":38,"bufPctSmoothed":38,"bufPctDrawn":39,"redraws":83,"sinceLastRedrawMs":209,"lastSkipReason":"interval","frozen":false,"last":true}
{"ok":true,"cmd":"get","var":"wrPosbar","bufPctRaw":37,"bufPctSmoothed":38,"bufPctDrawn":38,"redraws":84,"sinceLastRedrawMs":23,"lastSkipReason":"interval","frozen":false,"last":true}
{"ok":true,"cmd":"get","var":"wrPosbar","bufPctRaw":37,"bufPctSmoothed":37,"bufPctDrawn":38,"redraws":84,"sinceLastRedrawMs":70,"lastSkipReason":"interval","frozen":false,"last":true}
{"ok":true,"cmd":"get","var":"wrPosbar","bufPctRaw":37,"bufPctSmoothed":37,"bufPctDrawn":38,"redraws":84,"sinceLastRedrawMs":103,"lastSkipReason":"interval","frozen":false,"last":true}
{"ok":true,"cmd":"get","var":"wrPosbar","bufPctRaw":37,"bufPctSmoothed":37,"bufPctDrawn":38,"redraws":84,"sinceLastRedrawMs":133,"lastSkipReason":"interval","frozen":false,"last":true}
{"ok":true,"cmd":"get","var":"wrPosbar","bufPctRaw":37,"bufPctSmoothed":37,"bufPctDrawn":38,"redraws":84,"sinceLastRedrawMs":183,"lastSkipReason":"interval","frozen":false,"last":true}
{"ok":true,"cmd":"get","var":"wrPosbar","bufPctRaw":36,"bufPctSmoothed":37,"bufPctDrawn":37,"redraws":85,"sinceLastRedrawMs":26,"lastSkipReason":"interval","frozen":false,"last":true}
{"ok":true,"cmd":"get","var":"wrPosbar","bufPctRaw":36,"bufPctSmoothed":36,"bufPctDrawn":37,"redraws":85,"sinceLastRedrawMs":78,"lastSkipReason":"interval","frozen":false,"last":true}
{"ok":true,"cmd":"get","var":"wrPosbar","bufPctRaw":36,"bufPctSmoothed":36,"bufPctDrawn":37,"redraws":85,"sinceLastRedrawMs":130,"lastSkipReason":"interval","frozen":false,"last":true}
{"ok":true,"cmd":"get","var":"wrPosbar","bufPctRaw":36,"bufPctSmoothed":36,"bufPctDrawn":37,"redraws":85,"sinceLastRedrawMs":182,"lastSkipReason":"interval","frozen":false,"last":true}
{"ok":true,"cmd":"get","var":"wrPosbar","bufPctRaw":35,"bufPctSmoothed":36,"bufPctDrawn":36,"redraws":86,"sinceLastRedrawMs":27,"lastSkipReason":"interval","frozen":false,"last":true}
{"ok":true,"cmd":"get","var":"wrPosbar","bufPctRaw":35,"bufPctSmoothed":35,"bufPctDrawn":36,"redraws":86,"sinceLastRedrawMs":79,"lastSkipReason":"interval","frozen":false,"last":true}
{"ok":true,"cmd":"get","var":"wrPosbar","bufPctRaw":35,"bufPctSmoothed":35,"bufPctDrawn":36,"redraws":86,"sinceLastRedrawMs":109,"lastSkipReason":"interval","frozen":false,"last":true}
{"ok":true,"cmd":"get","var":"wrPosbar","bufPctRaw":35,"bufPctSmoothed":35,"bufPctDrawn":36,"redraws":86,"sinceLastRedrawMs":159,"lastSkipReason":"interval","frozen":false,"last":true}
{"ok":true,"cmd":"get","var":"wrPosbar","bufPctRaw":35,"bufPctSmoothed":35,"bufPctDrawn":36,"redraws":86,"sinceLastRedrawMs":186,"lastSkipReason":"interval","frozen":false,"last":true}
{"ok":true,"cmd":"get","var":"wrPosbar","bufPctRaw":34,"bufPctSmoothed":35,"bufPctDrawn":35,"redraws":87,"sinceLastRedrawMs":20,"lastSkipReason":"interval","frozen":false,"last":true}
{"ok":true,"cmd":"get","var":"wrPosbar","bufPctRaw":34,"bufPctSmoothed":34,"bufPctDrawn":35,"redraws":87,"sinceLastRedrawMs":69,"lastSkipReason":"interval","frozen":false,"last":true}
{"ok":true,"cmd":"get","var":"wrPosbar","bufPctRaw":34,"bufPctSmoothed":34,"bufPctDrawn":35,"redraws":87,"sinceLastRedrawMs":107,"lastSkipReason":"interval","frozen":false,"last":true}
{"ok":true,"cmd":"get","var":"wrPosbar","bufPctRaw":34,"bufPctSmoothed":34,"bufPctDrawn":35,"redraws":87,"sinceLastRedrawMs":155,"lastSkipReason":"interval","frozen":false,"last":true}
{"ok":true,"cmd":"get","var":"wrPosbar","bufPctRaw":34,"bufPctSmoothed":34,"bufPctDrawn":35,"redraws":87,"sinceLastRedrawMs":185,"lastSkipReason":"interval","frozen":false,"last":true}
{"ok":true,"cmd":"get","var":"wrPosbar","bufPctRaw":33,"bufPctSmoothed":34,"bufPctDrawn":34,"redraws":88,"sinceLastRedrawMs":27,"lastSkipReason":"interval","frozen":false,"last":true}
{"ok":true,"cmd":"get","var":"wrPosbar","bufPctRaw":33,"bufPctSmoothed":33,"bufPctDrawn":34,"redraws":88,"sinceLastRedrawMs":73,"lastSkipReason":"interval","frozen":false,"last":true}
{"ok":true,"cmd":"get","var":"wrPosbar","bufPctRaw":33,"bufPctSmoothed":33,"bufPctDrawn":34,"redraws":88,"sinceLastRedrawMs":122,"lastSkipReason":"interval","frozen":false,"last":true}
{"ok":true,"cmd":"get","var":"wrPosbar","bufPctRaw":33,"bufPctSmoothed":33,"bufPctDrawn":34,"redraws":88,"sinceLastRedrawMs":159,"lastSkipReason":"interval","frozen":false,"last":true}
{"ok":true,"cmd":"get","var":"wrPosbar","bufPctRaw":33,"bufPctSmoothed":33,"bufPctDrawn":34,"redraws":88,"sinceLastRedrawMs":186,"lastSkipReason":"interval","frozen":false,"last":true}
{"ok":true,"cmd":"get","var":"wrPosbar","bufPctRaw":32,"bufPctSmoothed":33,"bufPctDrawn":33,"redraws":89,"sinceLastRedrawMs":27,"lastSkipReason":"interval","frozen":false,"last":true}
{"ok":true,"cmd":"get","var":"wrPosbar","bufPctRaw":32,"bufPctSmoothed":32,"bufPctDrawn":33,"redraws":89,"sinceLastRedrawMs":80,"lastSkipReason":"interval","frozen":false,"last":true}
{"ok":true,"cmd":"get","var":"wrPosbar","bufPctRaw":32,"bufPctSmoothed":32,"bufPctDrawn":33,"redraws":89,"sinceLastRedrawMs":132,"lastSkipReason":"interval","frozen":false,"last":true}
{"ok":true,"cmd":"get","var":"wrPosbar","bufPctRaw":32,"bufPctSmoothed":32,"bufPctDrawn":33,"redraws":89,"sinceLastRedrawMs":175,"lastSkipReason":"interval","frozen":false,"last":true}
{"ok":true,"cmd":"get","var":"wrPosbar","bufPctRaw":31,"bufPctSmoothed":32,"bufPctDrawn":32,"redraws":90,"sinceLastRedrawMs":3,"lastSkipReason":"none","frozen":false,"last":true}
{"ok":true,"cmd":"get","var":"wrPosbar","bufPctRaw":31,"bufPctSmoothed":31,"bufPctDrawn":32,"redraws":90,"sinceLastRedrawMs":51,"lastSkipReason":"interval","frozen":false,"last":true}
{"ok":true,"cmd":"get","var":"wrPosbar","bufPctRaw":31,"bufPctSmoothed":31,"bufPctDrawn":32,"redraws":90,"sinceLastRedrawMs":82,"lastSkipReason":"interval","frozen":false,"last":true}
{"ok":true,"cmd":"get","var":"wrPosbar","bufPctRaw":31,"bufPctSmoothed":31,"bufPctDrawn":32,"redraws":90,"sinceLastRedrawMs":131,"lastSkipReason":"interval","frozen":false,"last":true}
{"ok":true,"cmd":"get","var":"wrPosbar","bufPctRaw":31,"bufPctSmoothed":31,"bufPctDrawn":32,"redraws":90,"sinceLastRedrawMs":183,"lastSkipReason":"interval","frozen":false,"last":true}
{"ok":true,"cmd":"get","var":"wrPosbar","bufPctRaw":30,"bufPctSmoothed":31,"bufPctDrawn":31,"redraws":91,"sinceLastRedrawMs":24,"lastSkipReason":"interval","frozen":false,"last":true}
{"ok":true,"cmd":"get","var":"wrPosbar","bufPctRaw":30,"bufPctSmoothed":31,"bufPctDrawn":31,"redraws":91,"sinceLastRedrawMs":70,"lastSkipReason":"interval","frozen":false,"last":true}
{"ok":true,"cmd":"get","var":"wrPosbar","bufPctRaw":30,"bufPctSmoothed":30,"bufPctDrawn":31,"redraws":91,"sinceLastRedrawMs":129,"lastSkipReason":"interval","frozen":false,"last":true}
{"ok":true,"cmd":"get","var":"wrPosbar","bufPctRaw":30,"bufPctSmoothed":30,"bufPctDrawn":31,"redraws":91,"sinceLastRedrawMs":161,"lastSkipReason":"interval","frozen":false,"last":true}
{"ok":true,"cmd":"get","var":"wrPosbar","bufPctRaw":29,"bufPctSmoothed":30,"bufPctDrawn":30,"redraws":92,"sinceLastRedrawMs":4,"lastSkipReason":"none","frozen":false,"last":true}
{"ok":true,"cmd":"get","var":"wrPosbar","bufPctRaw":29,"bufPctSmoothed":30,"bufPctDrawn":30,"redraws":92,"sinceLastRedrawMs":30,"lastSkipReason":"interval","frozen":false,"last":true}
{"ok":true,"cmd":"get","var":"wrPosbar","bufPctRaw":29,"bufPctSmoothed":29,"bufPctDrawn":30,"redraws":92,"sinceLastRedrawMs":81,"lastSkipReason":"interval","frozen":false,"last":true}
{"ok":true,"cmd":"get","var":"wrPosbar","bufPctRaw":29,"bufPctSmoothed":29,"bufPctDrawn":30,"redraws":92,"sinceLastRedrawMs":112,"lastSkipReason":"interval","frozen":false,"last":true}
{"ok":true,"cmd":"get","var":"wrPosbar","bufPctRaw":29,"bufPctSmoothed":29,"bufPctDrawn":30,"redraws":92,"sinceLastRedrawMs":157,"lastSkipReason":"interval","frozen":false,"last":true}
{"ok":true,"cmd":"get","var":"wrPosbar","bufPctRaw":29,"bufPctSmoothed":29,"bufPctDrawn":30,"redraws":92,"sinceLastRedrawMs":187,"lastSkipReason":"interval","frozen":false,"last":true}
{"ok":true,"cmd":"get","var":"wrPosbar","bufPctRaw":28,"bufPctSmoothed":28,"bufPctDrawn":29,"redraws":93,"sinceLastRedrawMs":30,"lastSkipReason":"interval","frozen":false,"last":true}
{"ok":true,"cmd":"get","var":"wrPosbar","bufPctRaw":28,"bufPctSmoothed":28,"bufPctDrawn":29,"redraws":93,"sinceLastRedrawMs":82,"lastSkipReason":"interval","frozen":false,"last":true}
{"ok":true,"cmd":"get","var":"wrPosbar","bufPctRaw":28,"bufPctSmoothed":28,"bufPctDrawn":29,"redraws":93,"sinceLastRedrawMs":134,"lastSkipReason":"interval","frozen":false,"last":true}
{"ok":true,"cmd":"get","var":"wrPosbar","bufPctRaw":28,"bufPctSmoothed":28,"bufPctDrawn":29,"redraws":93,"sinceLastRedrawMs":186,"lastSkipReason":"interval","frozen":false,"last":true}
{"ok":true,"cmd":"get","var":"wrPosbar","bufPctRaw":27,"bufPctSmoothed":28,"bufPctDrawn":28,"redraws":94,"sinceLastRedrawMs":27,"lastSkipReason":"interval","frozen":false,"last":true}
{"ok":true,"cmd":"get","var":"wrPosbar","bufPctRaw":27,"bufPctSmoothed":27,"bufPctDrawn":28,"redraws":94,"sinceLastRedrawMs":74,"lastSkipReason":"interval","frozen":false,"last":true}
{"ok":true,"cmd":"get","var":"wrPosbar","bufPctRaw":27,"bufPctSmoothed":27,"bufPctDrawn":28,"redraws":94,"sinceLastRedrawMs":123,"lastSkipReason":"interval","frozen":false,"last":true}
{"ok":true,"cmd":"get","var":"wrPosbar","bufPctRaw":27,"bufPctSmoothed":27,"bufPctDrawn":28,"redraws":94,"sinceLastRedrawMs":161,"lastSkipReason":"interval","frozen":false,"last":true}
{"ok":true,"cmd":"get","var":"wrPosbar","bufPctRaw":26,"bufPctSmoothed":27,"bufPctDrawn":27,"redraws":95,"sinceLastRedrawMs":7,"lastSkipReason":"none","frozen":false,"last":true}
{"ok":true,"cmd":"get","var":"wrPosbar","bufPctRaw":26,"bufPctSmoothed":27,"bufPctDrawn":27,"redraws":95,"sinceLastRedrawMs":36,"lastSkipReason":"interval","frozen":false,"last":true}
{"ok":true,"cmd":"get","var":"wrPosbar","bufPctRaw":26,"bufPctSmoothed":26,"bufPctDrawn":27,"redraws":95,"sinceLastRedrawMs":87,"lastSkipReason":"interval","frozen":false,"last":true}
{"ok":true,"cmd":"get","var":"wrPosbar","bufPctRaw":26,"bufPctSmoothed":26,"bufPctDrawn":27,"redraws":95,"sinceLastRedrawMs":138,"lastSkipReason":"interval","frozen":false,"last":true}
{"ok":true,"cmd":"get","var":"wrPosbar","bufPctRaw":26,"bufPctSmoothed":26,"bufPctDrawn":27,"redraws":95,"sinceLastRedrawMs":181,"lastSkipReason":"interval","frozen":false,"last":true}
{"ok":true,"cmd":"get","var":"wrPosbar","bufPctRaw":25,"bufPctSmoothed":26,"bufPctDrawn":26,"redraws":96,"sinceLastRedrawMs":8,"lastSkipReason":"none","frozen":false,"last":true}
[I][hb] display=winamp wifi=rssi(-49) disc=1 heap=49k maxAlloc=41k stack_hwm=12224b uptime=00:01:06 poll=0/0 last=0 block_max=0ms loop_max=312ms slow=app.tick:101ms last_poll_age_ms=0 next_poll_in_ms=5000 last_render_age_ms=24653 build=Aug  6 2026-14:20:4
[W][perf] iter=52ms (worst path so far: wr.pump:18ms)
{"ok":true,"cmd":"get","var":"wrPosbar","bufPctRaw":25,"bufPctSmoothed":26,"bufPctDrawn":26,"redraws":96,"sinceLastRedrawMs":59,"lastSkipReason":"interval","frozen":false,"last":true}
[W][perf] iter=55ms (worst path so far: app.tick:23ms)
{"ok":true,"cmd":"get","var":"wrPosbar","bufPctRaw":25,"bufPctSmoothed":26,"bufPctDrawn":26,"redraws":96,"sinceLastRedrawMs":115,"lastSkipReason":"interval","frozen":false,"last":true}
{"ok":true,"cmd":"get","var":"wrPosbar","bufPctRaw":25,"bufPctSmoothed":25,"bufPctDrawn":26,"redraws":96,"sinceLastRedrawMs":162,"lastSkipReason":"interval","frozen":false,"last":true}
{"ok":true,"cmd":"get","var":"wrPosbar","bufPctRaw":25,"bufPctSmoothed":25,"bufPctDrawn":26,"redraws":96,"sinceLastRedrawMs":193,"lastSkipReason":"interval","frozen":false,"last":true}
{"ok":true,"cmd":"get","var":"wrPosbar","bufPctRaw":24,"bufPctSmoothed":25,"bufPctDrawn":25,"redraws":97,"sinceLastRedrawMs":28,"lastSkipReason":"interval","frozen":false,"last":true}
{"ok":true,"cmd":"get","var":"wrPosbar","bufPctRaw":24,"bufPctSmoothed":24,"bufPctDrawn":25,"redraws":97,"sinceLastRedrawMs":75,"lastSkipReason":"interval","frozen":false,"last":true}
{"ok":true,"cmd":"get","var":"wrPosbar","bufPctRaw":24,"bufPctSmoothed":24,"bufPctDrawn":25,"redraws":97,"sinceLastRedrawMs":133,"lastSkipReason":"interval","frozen":false,"last":true}
{"ok":true,"cmd":"get","var":"wrPosbar","bufPctRaw":24,"bufPctSmoothed":24,"bufPctDrawn":25,"redraws":97,"sinceLastRedrawMs":178,"lastSkipReason":"interval","frozen":false,"last":true}
{"ok":true,"cmd":"get","var":"wrPosbar","bufPctRaw":23,"bufPctSmoothed":24,"bufPctDrawn":24,"redraws":98,"sinceLastRedrawMs":9,"lastSkipReason":"interval","frozen":false,"last":true}
{"ok":true,"cmd":"get","var":"wrPosbar","bufPctRaw":23,"bufPctSmoothed":23,"bufPctDrawn":24,"redraws":98,"sinceLastRedrawMs":38,"lastSkipReason":"interval","frozen":false,"last":true}
{"ok":true,"cmd":"get","var":"wrPosbar","bufPctRaw":23,"bufPctSmoothed":23,"bufPctDrawn":24,"redraws":98,"sinceLastRedrawMs":85,"lastSkipReason":"interval","frozen":false,"last":true}
{"ok":true,"cmd":"get","var":"wrPosbar","bufPctRaw":23,"bufPctSmoothed":23,"bufPctDrawn":24,"redraws":98,"sinceLastRedrawMs":139,"lastSkipReason":"interval","frozen":false,"last":true}
{"ok":true,"cmd":"get","var":"wrPosbar","bufPctRaw":23,"bufPctSmoothed":23,"bufPctDrawn":24,"redraws":98,"sinceLastRedrawMs":189,"lastSkipReason":"interval","frozen":false,"last":true}
{"ok":true,"cmd":"get","var":"wrPosbar","bufPctRaw":22,"bufPctSmoothed":23,"bufPctDrawn":23,"redraws":99,"sinceLastRedrawMs":3,"lastSkipReason":"none","frozen":false,"last":true}
{"ok":true,"cmd":"get","var":"wrPosbar","bufPctRaw":22,"bufPctSmoothed":22,"bufPctDrawn":23,"redraws":99,"sinceLastRedrawMs":66,"lastSkipReason":"interval","frozen":false,"last":true}
{"ok":true,"cmd":"get","var":"wrPosbar","bufPctRaw":22,"bufPctSmoothed":22,"bufPctDrawn":23,"redraws":99,"sinceLastRedrawMs":100,"lastSkipReason":"interval","frozen":false,"last":true}
{"ok":true,"cmd":"get","var":"wrPosbar","bufPctRaw":22,"bufPctSmoothed":22,"bufPctDrawn":23,"redraws":99,"sinceLastRedrawMs":152,"lastSkipReason":"interval","frozen":false,"last":true}
{"ok":true,"cmd":"get","var":"wrPosbar","bufPctRaw":22,"bufPctSmoothed":22,"bufPctDrawn":23,"redraws":99,"sinceLastRedrawMs":185,"lastSkipReason":"interval","frozen":false,"last":true}
{"ok":true,"cmd":"get","var":"wrPosbar","bufPctRaw":21,"bufPctSmoothed":22,"bufPctDrawn":22,"redraws":100,"sinceLastRedrawMs":28,"lastSkipReason":"interval","frozen":false,"last":true}
{"ok":true,"cmd":"get","var":"wrPosbar","bufPctRaw":21,"bufPctSmoothed":21,"bufPctDrawn":22,"redraws":100,"sinceLastRedrawMs":62,"lastSkipReason":"interval","frozen":false,"last":true}
{"ok":true,"cmd":"get","var":"wrPosbar","bufPctRaw":21,"bufPctSmoothed":21,"bufPctDrawn":22,"redraws":100,"sinceLastRedrawMs":133,"lastSkipReason":"interval","frozen":false,"last":true}
{"ok":true,"cmd":"get","var":"wrPosbar","bufPctRaw":21,"bufPctSmoothed":21,"bufPctDrawn":22,"redraws":100,"sinceLastRedrawMs":179,"lastSkipReason":"interval","frozen":false,"last":true}
[W][perf] iter=52ms (worst path so far: app.tick:24ms)
{"ok":true,"cmd":"get","var":"wrPosbar","bufPctRaw":20,"bufPctSmoothed":21,"bufPctDrawn":21,"redraws":101,"sinceLastRedrawMs":19,"lastSkipReason":"none","frozen":false,"last":true}
{"ok":true,"cmd":"get","var":"wrPosbar","bufPctRaw":20,"bufPctSmoothed":21,"bufPctDrawn":21,"redraws":101,"sinceLastRedrawMs":54,"lastSkipReason":"interval","frozen":false,"last":true}
{"ok":true,"cmd":"get","var":"wrPosbar","bufPctRaw":20,"bufPctSmoothed":20,"bufPctDrawn":21,"redraws":101,"sinceLastRedrawMs":102,"lastSkipReason":"interval","frozen":false,"last":true}
{"ok":true,"cmd":"get","var":"wrPosbar","bufPctRaw":20,"bufPctSmoothed":20,"bufPctDrawn":21,"redraws":101,"sinceLastRedrawMs":131,"lastSkipReason":"interval","frozen":false,"last":true}
{"ok":true,"cmd":"get","var":"wrPosbar","bufPctRaw":20,"bufPctSmoothed":20,"bufPctDrawn":21,"redraws":101,"sinceLastRedrawMs":181,"lastSkipReason":"interval","frozen":false,"last":true}
{"ok":true,"cmd":"get","var":"wrPosbar","bufPctRaw":19,"bufPctSmoothed":20,"bufPctDrawn":20,"redraws":102,"sinceLastRedrawMs":7,"lastSkipReason":"interval","frozen":false,"last":true}
{"ok":true,"cmd":"get","var":"wrPosbar","bufPctRaw":19,"bufPctSmoothed":19,"bufPctDrawn":20,"redraws":102,"sinceLastRedrawMs":56,"lastSkipReason":"interval","frozen":false,"last":true}
{"ok":true,"cmd":"get","var":"wrPosbar","bufPctRaw":19,"bufPctSmoothed":19,"bufPctDrawn":20,"redraws":102,"sinceLastRedrawMs":84,"lastSkipReason":"interval","frozen":false,"last":true}
{"ok":true,"cmd":"get","var":"wrPosbar","bufPctRaw":19,"bufPctSmoothed":19,"bufPctDrawn":20,"redraws":102,"sinceLastRedrawMs":133,"lastSkipReason":"interval","frozen":false,"last":true}
{"ok":true,"cmd":"get","var":"wrPosbar","bufPctRaw":19,"bufPctSmoothed":19,"bufPctDrawn":20,"redraws":102,"sinceLastRedrawMs":185,"lastSkipReason":"interval","frozen":false,"last":true}
{"ok":true,"cmd":"get","var":"wrPosbar","bufPctRaw":18,"bufPctSmoothed":19,"bufPctDrawn":19,"redraws":103,"sinceLastRedrawMs":23,"lastSkipReason":"interval","frozen":false,"last":true}
{"ok":true,"cmd":"get","var":"wrPosbar","bufPctRaw":18,"bufPctSmoothed":18,"bufPctDrawn":19,"redraws":103,"sinceLastRedrawMs":75,"lastSkipReason":"interval","frozen":false,"last":true}
{"ok":true,"cmd":"get","var":"wrPosbar","bufPctRaw":18,"bufPctSmoothed":18,"bufPctDrawn":19,"redraws":103,"sinceLastRedrawMs":128,"lastSkipReason":"interval","frozen":false,"last":true}
{"ok":true,"cmd":"get","var":"wrPosbar","bufPctRaw":18,"bufPctSmoothed":18,"bufPctDrawn":19,"redraws":103,"sinceLastRedrawMs":158,"lastSkipReason":"interval","frozen":false,"last":true}
{"ok":true,"cmd":"get","var":"wrPosbar","bufPctRaw":18,"bufPctSmoothed":18,"bufPctDrawn":19,"redraws":103,"sinceLastRedrawMs":204,"lastSkipReason":"interval","frozen":false,"last":true}
{"ok":true,"cmd":"get","var":"wrPosbar","bufPctRaw":17,"bufPctSmoothed":18,"bufPctDrawn":18,"redraws":104,"sinceLastRedrawMs":4,"lastSkipReason":"none","frozen":false,"last":true}
{"ok":true,"cmd":"get","var":"wrPosbar","bufPctRaw":17,"bufPctSmoothed":17,"bufPctDrawn":18,"redraws":104,"sinceLastRedrawMs":53,"lastSkipReason":"interval","frozen":false,"last":true}
{"ok":true,"cmd":"get","var":"wrPosbar","bufPctRaw":17,"bufPctSmoothed":17,"bufPctDrawn":18,"redraws":104,"sinceLastRedrawMs":106,"lastSkipReason":"interval","frozen":false,"last":true}
[W][perf] iter=52ms (worst path so far: app.tick:24ms)
{"ok":true,"cmd":"get","var":"wrPosbar","bufPctRaw":17,"bufPctSmoothed":17,"bufPctDrawn":18,"redraws":104,"sinceLastRedrawMs":159,"lastSkipReason":"interval","frozen":false,"last":true}
{"ok":true,"cmd":"get","var":"wrPosbar","bufPctRaw":16,"bufPctSmoothed":17,"bufPctDrawn":17,"redraws":105,"sinceLastRedrawMs":10,"lastSkipReason":"none","frozen":false,"last":true}
{"ok":true,"cmd":"get","var":"wrPosbar","bufPctRaw":16,"bufPctSmoothed":16,"bufPctDrawn":17,"redraws":105,"sinceLastRedrawMs":61,"lastSkipReason":"interval","frozen":false,"last":true}
{"ok":true,"cmd":"get","var":"wrPosbar","bufPctRaw":16,"bufPctSmoothed":16,"bufPctDrawn":17,"redraws":105,"sinceLastRedrawMs":114,"lastSkipReason":"interval","frozen":false,"last":true}
{"ok":true,"cmd":"get","var":"wrPosbar","bufPctRaw":16,"bufPctSmoothed":16,"bufPctDrawn":17,"redraws":105,"sinceLastRedrawMs":167,"lastSkipReason":"interval","frozen":false,"last":true}
{"ok":true,"cmd":"get","var":"wrPosbar","bufPctRaw":15,"bufPctSmoothed":16,"bufPctDrawn":16,"redraws":106,"sinceLastRedrawMs":8,"lastSkipReason":"none","frozen":false,"last":true}
{"ok":true,"cmd":"get","var":"wrPosbar","bufPctRaw":15,"bufPctSmoothed":16,"bufPctDrawn":16,"redraws":106,"sinceLastRedrawMs":56,"lastSkipReason":"interval","frozen":false,"last":true}
{"ok":true,"cmd":"get","var":"wrPosbar","bufPctRaw":15,"bufPctSmoothed":15,"bufPctDrawn":16,"redraws":106,"sinceLastRedrawMs":112,"lastSkipReason":"interval","frozen":false,"last":true}
{"ok":true,"cmd":"get","var":"wrPosbar","bufPctRaw":15,"bufPctSmoothed":15,"bufPctDrawn":16,"redraws":106,"sinceLastRedrawMs":164,"lastSkipReason":"interval","frozen":false,"last":true}
{"ok":true,"cmd":"get","var":"wrPosbar","bufPctRaw":15,"bufPctSmoothed":15,"bufPctDrawn":16,"redraws":106,"sinceLastRedrawMs":211,"lastSkipReason":"interval","frozen":false,"last":true}
{"ok":true,"cmd":"get","var":"wrPosbar","bufPctRaw":14,"bufPctSmoothed":15,"bufPctDrawn":15,"redraws":107,"sinceLastRedrawMs":3,"lastSkipReason":"none","frozen":false,"last":true}
{"ok":true,"cmd":"get","var":"wrPosbar","bufPctRaw":14,"bufPctSmoothed":14,"bufPctDrawn":15,"redraws":107,"sinceLastRedrawMs":30,"lastSkipReason":"interval","frozen":false,"last":true}
{"ok":true,"cmd":"get","var":"wrPosbar","bufPctRaw":14,"bufPctSmoothed":14,"bufPctDrawn":15,"redraws":107,"sinceLastRedrawMs":80,"lastSkipReason":"interval","frozen":false,"last":true}
{"ok":true,"cmd":"get","var":"wrPosbar","bufPctRaw":14,"bufPctSmoothed":14,"bufPctDrawn":15,"redraws":107,"sinceLastRedrawMs":130,"lastSkipReason":"interval","frozen":false,"last":true}
{"ok":true,"cmd":"get","var":"wrPosbar","bufPctRaw":14,"bufPctSmoothed":14,"bufPctDrawn":15,"redraws":107,"sinceLastRedrawMs":162,"lastSkipReason":"interval","frozen":false,"last":true}
{"ok":true,"cmd":"get","var":"wrPosbar","bufPctRaw":13,"bufPctSmoothed":14,"bufPctDrawn":14,"redraws":108,"sinceLastRedrawMs":3,"lastSkipReason":"none","frozen":false,"last":true}
{"ok":true,"cmd":"get","var":"wrPosbar","bufPctRaw":13,"bufPctSmoothed":13,"bufPctDrawn":14,"redraws":108,"sinceLastRedrawMs":29,"lastSkipReason":"interval","frozen":false,"last":true}
{"ok":true,"cmd":"get","var":"wrPosbar","bufPctRaw":13,"bufPctSmoothed":13,"bufPctDrawn":14,"redraws":108,"sinceLastRedrawMs":79,"lastSkipReason":"interval","frozen":false,"last":true}
{"ok":true,"cmd":"get","var":"wrPosbar","bufPctRaw":13,"bufPctSmoothed":13,"bufPctDrawn":14,"redraws":108,"sinceLastRedrawMs":132,"lastSkipReason":"interval","frozen":false,"last":true}
{"ok":true,"cmd":"get","var":"wrPosbar","bufPctRaw":13,"bufPctSmoothed":13,"bufPctDrawn":14,"redraws":108,"sinceLastRedrawMs":183,"lastSkipReason":"interval","frozen":false,"last":true}
{"ok":true,"cmd":"get","var":"wrPosbar","bufPctRaw":12,"bufPctSmoothed":13,"bufPctDrawn":13,"redraws":109,"sinceLastRedrawMs":23,"lastSkipReason":"interval","frozen":false,"last":true}
{"ok":true,"cmd":"get","var":"wrPosbar","bufPctRaw":12,"bufPctSmoothed":12,"bufPctDrawn":13,"redraws":109,"sinceLastRedrawMs":76,"lastSkipReason":"interval","frozen":false,"last":true}
{"ok":true,"cmd":"get","var":"wrPosbar","bufPctRaw":12,"bufPctSmoothed":12,"bufPctDrawn":13,"redraws":109,"sinceLastRedrawMs":124,"lastSkipReason":"interval","frozen":false,"last":true}
{"ok":true,"cmd":"get","var":"wrPosbar","bufPctRaw":12,"bufPctSmoothed":12,"bufPctDrawn":13,"redraws":109,"sinceLastRedrawMs":171,"lastSkipReason":"interval","frozen":false,"last":true}
[W][perf] iter=51ms (worst path so far: app.tick:24ms)
{"ok":true,"cmd":"get","var":"wrPosbar","bufPctRaw":11,"bufPctSmoothed":12,"bufPctDrawn":12,"redraws":110,"sinceLastRedrawMs":20,"lastSkipReason":"none","frozen":false,"last":true}
{"ok":true,"cmd":"get","var":"wrPosbar","bufPctRaw":11,"bufPctSmoothed":11,"bufPctDrawn":12,"redraws":110,"sinceLastRedrawMs":69,"lastSkipReason":"interval","frozen":false,"last":true}
{"ok":true,"cmd":"get","var":"wrPosbar","bufPctRaw":11,"bufPctSmoothed":11,"bufPctDrawn":12,"redraws":110,"sinceLastRedrawMs":108,"lastSkipReason":"interval","frozen":false,"last":true}
{"ok":true,"cmd":"get","var":"wrPosbar","bufPctRaw":11,"bufPctSmoothed":11,"bufPctDrawn":12,"redraws":110,"sinceLastRedrawMs":157,"lastSkipReason":"interval","frozen":false,"last":true}
{"ok":true,"cmd":"get","var":"wrPosbar","bufPctRaw":11,"bufPctSmoothed":11,"bufPctDrawn":12,"redraws":110,"sinceLastRedrawMs":185,"lastSkipReason":"interval","frozen":false,"last":true}
{"ok":true,"cmd":"get","var":"wrPosbar","bufPctRaw":10,"bufPctSmoothed":10,"bufPctDrawn":11,"redraws":111,"sinceLastRedrawMs":29,"lastSkipReason":"interval","frozen":false,"last":true}
{"ok":true,"cmd":"get","var":"wrPosbar","bufPctRaw":10,"bufPctSmoothed":10,"bufPctDrawn":11,"redraws":111,"sinceLastRedrawMs":60,"lastSkipReason":"interval","frozen":false,"last":true}
{"ok":true,"cmd":"get","var":"wrPosbar","bufPctRaw":10,"bufPctSmoothed":10,"bufPctDrawn":11,"redraws":111,"sinceLastRedrawMs":106,"lastSkipReason":"interval","frozen":false,"last":true}
{"ok":true,"cmd":"get","var":"wrPosbar","bufPctRaw":10,"bufPctSmoothed":10,"bufPctDrawn":11,"redraws":111,"sinceLastRedrawMs":137,"lastSkipReason":"interval","frozen":false,"last":true}
{"ok":true,"cmd":"get","var":"wrPosbar","bufPctRaw":10,"bufPctSmoothed":10,"bufPctDrawn":11,"redraws":111,"sinceLastRedrawMs":186,"lastSkipReason":"interval","frozen":false,"last":true}
{"ok":true,"cmd":"get","var":"wrPosbar","bufPctRaw":9,"bufPctSmoothed":10,"bufPctDrawn":10,"redraws":112,"sinceLastRedrawMs":3,"lastSkipReason":"none","frozen":false,"last":true}
{"ok":true,"cmd":"get","var":"wrPosbar","bufPctRaw":9,"bufPctSmoothed":9,"bufPctDrawn":10,"redraws":112,"sinceLastRedrawMs":47,"lastSkipReason":"interval","frozen":false,"last":true}
{"ok":true,"cmd":"get","var":"wrPosbar","bufPctRaw":9,"bufPctSmoothed":9,"bufPctDrawn":10,"redraws":112,"sinceLastRedrawMs":94,"lastSkipReason":"interval","frozen":false,"last":true}
{"ok":true,"cmd":"get","var":"wrPosbar","bufPctRaw":9,"bufPctSmoothed":9,"bufPctDrawn":10,"redraws":112,"sinceLastRedrawMs":129,"lastSkipReason":"interval","frozen":false,"last":true}
{"ok":true,"cmd":"get","var":"wrPosbar","bufPctRaw":9,"bufPctSmoothed":9,"bufPctDrawn":10,"redraws":112,"sinceLastRedrawMs":180,"lastSkipReason":"interval","frozen":false,"last":true}
{"ok":true,"cmd":"get","var":"wrPosbar","bufPctRaw":8,"bufPctSmoothed":9,"bufPctDrawn":9,"redraws":113,"sinceLastRedrawMs":18,"lastSkipReason":"none","frozen":false,"last":true}
[W][perf] iter=51ms (worst path so far: app.tick:24ms)
{"ok":true,"cmd":"get","var":"wrPosbar","bufPctRaw":8,"bufPctSmoothed":9,"bufPctDrawn":9,"redraws":113,"sinceLastRedrawMs":69,"lastSkipReason":"interval","frozen":false,"last":true}
{"ok":true,"cmd":"get","var":"wrPosbar","bufPctRaw":8,"bufPctSmoothed":9,"bufPctDrawn":9,"redraws":113,"sinceLastRedrawMs":100,"lastSkipReason":"interval","frozen":false,"last":true}
{"ok":true,"cmd":"get","var":"wrPosbar","bufPctRaw":8,"bufPctSmoothed":8,"bufPctDrawn":9,"redraws":113,"sinceLastRedrawMs":130,"lastSkipReason":"interval","frozen":false,"last":true}
{"ok":true,"cmd":"get","var":"wrPosbar","bufPctRaw":8,"bufPctSmoothed":8,"bufPctDrawn":9,"redraws":113,"sinceLastRedrawMs":183,"lastSkipReason":"interval","frozen":false,"last":true}
{"ok":true,"cmd":"get","var":"wrPosbar","bufPctRaw":7,"bufPctSmoothed":8,"bufPctDrawn":8,"redraws":114,"sinceLastRedrawMs":28,"lastSkipReason":"interval","frozen":false,"last":true}
{"ok":true,"cmd":"get","var":"wrPosbar","bufPctRaw":7,"bufPctSmoothed":7,"bufPctDrawn":8,"redraws":114,"sinceLastRedrawMs":80,"lastSkipReason":"interval","frozen":false,"last":true}
{"ok":true,"cmd":"get","var":"wrPosbar","bufPctRaw":7,"bufPctSmoothed":7,"bufPctDrawn":8,"redraws":114,"sinceLastRedrawMs":134,"lastSkipReason":"interval","frozen":false,"last":true}
{"ok":true,"cmd":"get","var":"wrPosbar","bufPctRaw":7,"bufPctSmoothed":7,"bufPctDrawn":8,"redraws":114,"sinceLastRedrawMs":185,"lastSkipReason":"interval","frozen":false,"last":true}
{"ok":true,"cmd":"get","var":"wrPosbar","bufPctRaw":6,"bufPctSmoothed":7,"bufPctDrawn":7,"redraws":115,"sinceLastRedrawMs":23,"lastSkipReason":"interval","frozen":false,"last":true}
[W][perf] iter=51ms (worst path so far: app.tick:24ms)
{"ok":true,"cmd":"get","var":"wrPosbar","bufPctRaw":6,"bufPctSmoothed":7,"bufPctDrawn":7,"redraws":115,"sinceLastRedrawMs":61,"lastSkipReason":"interval","frozen":false,"last":true}
{"ok":true,"cmd":"get","var":"wrPosbar","bufPctRaw":6,"bufPctSmoothed":6,"bufPctDrawn":7,"redraws":115,"sinceLastRedrawMs":89,"lastSkipReason":"interval","frozen":false,"last":true}
{"ok":true,"cmd":"get","var":"wrPosbar","bufPctRaw":6,"bufPctSmoothed":6,"bufPctDrawn":7,"redraws":115,"sinceLastRedrawMs":138,"lastSkipReason":"interval","frozen":false,"last":true}
{"ok":true,"cmd":"get","var":"wrPosbar","bufPctRaw":6,"bufPctSmoothed":6,"bufPctDrawn":7,"redraws":115,"sinceLastRedrawMs":189,"lastSkipReason":"interval","frozen":false,"last":true}
{"ok":true,"cmd":"get","var":"wrPosbar","bufPctRaw":5,"bufPctSmoothed":6,"bufPctDrawn":6,"redraws":116,"sinceLastRedrawMs":28,"lastSkipReason":"interval","frozen":false,"last":true}
{"ok":true,"cmd":"get","var":"wrPosbar","bufPctRaw":5,"bufPctSmoothed":5,"bufPctDrawn":6,"redraws":116,"sinceLastRedrawMs":80,"lastSkipReason":"interval","frozen":false,"last":true}
[W][perf] iter=52ms (worst path so far: app.tick:24ms)
{"ok":true,"cmd":"get","var":"wrPosbar","bufPctRaw":5,"bufPctSmoothed":5,"bufPctDrawn":6,"redraws":116,"sinceLastRedrawMs":134,"lastSkipReason":"interval","frozen":false,"last":true}
{"ok":true,"cmd":"get","var":"wrPosbar","bufPctRaw":5,"bufPctSmoothed":5,"bufPctDrawn":6,"redraws":116,"sinceLastRedrawMs":185,"lastSkipReason":"interval","frozen":false,"last":true}
{"ok":true,"cmd":"get","var":"wrPosbar","bufPctRaw":4,"bufPctSmoothed":5,"bufPctDrawn":5,"redraws":117,"sinceLastRedrawMs":30,"lastSkipReason":"interval","frozen":false,"last":true}
{"ok":true,"cmd":"get","var":"wrPosbar","bufPctRaw":4,"bufPctSmoothed":4,"bufPctDrawn":5,"redraws":117,"sinceLastRedrawMs":78,"lastSkipReason":"interval","frozen":false,"last":true}
{"ok":true,"cmd":"get","var":"wrPosbar","bufPctRaw":4,"bufPctSmoothed":4,"bufPctDrawn":5,"redraws":117,"sinceLastRedrawMs":136,"lastSkipReason":"interval","frozen":false,"last":true}
{"ok":true,"cmd":"get","var":"wrPosbar","bufPctRaw":4,"bufPctSmoothed":4,"bufPctDrawn":5,"redraws":117,"sinceLastRedrawMs":187,"lastSkipReason":"interval","frozen":false,"last":true}
{"ok":true,"cmd":"get","var":"wrPosbar","bufPctRaw":3,"bufPctSmoothed":4,"bufPctDrawn":4,"redraws":118,"sinceLastRedrawMs":18,"lastSkipReason":"none","frozen":false,"last":true}
{"ok":true,"cmd":"get","var":"wrPosbar","bufPctRaw":3,"bufPctSmoothed":4,"bufPctDrawn":4,"redraws":118,"sinceLastRedrawMs":55,"lastSkipReason":"interval","frozen":false,"last":true}
{"ok":true,"cmd":"get","var":"wrPosbar","bufPctRaw":3,"bufPctSmoothed":3,"bufPctDrawn":4,"redraws":118,"sinceLastRedrawMs":82,"lastSkipReason":"interval","frozen":false,"last":true}
{"ok":true,"cmd":"get","var":"wrPosbar","bufPctRaw":3,"bufPctSmoothed":3,"bufPctDrawn":4,"redraws":118,"sinceLastRedrawMs":130,"lastSkipReason":"interval","frozen":false,"last":true}
{"ok":true,"cmd":"get","var":"wrPosbar","bufPctRaw":3,"bufPctSmoothed":3,"bufPctDrawn":4,"redraws":118,"sinceLastRedrawMs":183,"lastSkipReason":"interval","frozen":false,"last":true}
{"ok":true,"cmd":"get","var":"wrPosbar","bufPctRaw":2,"bufPctSmoothed":3,"bufPctDrawn":3,"redraws":119,"sinceLastRedrawMs":24,"lastSkipReason":"interval","frozen":false,"last":true}
[W][perf] iter=53ms (worst path so far: app.tick:26ms)
{"ok":true,"cmd":"get","var":"wrPosbar","bufPctRaw":2,"bufPctSmoothed":3,"bufPctDrawn":3,"redraws":119,"sinceLastRedrawMs":78,"lastSkipReason":"interval","frozen":false,"last":true}
{"ok":true,"cmd":"get","var":"wrPosbar","bufPctRaw":2,"bufPctSmoothed":2,"bufPctDrawn":3,"redraws":119,"sinceLastRedrawMs":129,"lastSkipReason":"interval","frozen":false,"last":true}
{"ok":true,"cmd":"get","var":"wrPosbar","bufPctRaw":2,"bufPctSmoothed":2,"bufPctDrawn":3,"redraws":119,"sinceLastRedrawMs":159,"lastSkipReason":"interval","frozen":false,"last":true}
{"ok":true,"cmd":"get","var":"wrPosbar","bufPctRaw":1,"bufPctSmoothed":2,"bufPctDrawn":2,"redraws":120,"sinceLastRedrawMs":6,"lastSkipReason":"none","frozen":false,"last":true}
{"ok":true,"cmd":"get","var":"wrPosbar","bufPctRaw":1,"bufPctSmoothed":2,"bufPctDrawn":2,"redraws":120,"sinceLastRedrawMs":35,"lastSkipReason":"interval","frozen":false,"last":true}
{"ok":true,"cmd":"get","var":"wrPosbar","bufPctRaw":1,"bufPctSmoothed":1,"bufPctDrawn":2,"redraws":120,"sinceLastRedrawMs":63,"lastSkipReason":"interval","frozen":false,"last":true}
{"ok":true,"cmd":"get","var":"wrPosbar","bufPctRaw":1,"bufPctSmoothed":1,"bufPctDrawn":2,"redraws":120,"sinceLastRedrawMs":111,"lastSkipReason":"interval","frozen":false,"last":true}
{"ok":true,"cmd":"get","var":"wrPosbar","bufPctRaw":1,"bufPctSmoothed":1,"bufPctDrawn":2,"redraws":120,"sinceLastRedrawMs":144,"lastSkipReason":"interval","frozen":false,"last":true}
{"ok":true,"cmd":"get","var":"wrPosbar","bufPctRaw":1,"bufPctSmoothed":1,"bufPctDrawn":2,"redraws":120,"sinceLastRedrawMs":190,"lastSkipReason":"interval","frozen":false,"last":true}
{"ok":true,"cmd":"get","var":"wrPosbar","bufPctRaw":0,"bufPctSmoothed":1,"bufPctDrawn":1,"redraws":121,"sinceLastRedrawMs":5,"lastSkipReason":"interval","frozen":false,"last":true}
{"ok":true,"cmd":"get","var":"wrPosbar","bufPctRaw":0,"bufPctSmoothed":0,"bufPctDrawn":1,"redraws":121,"sinceLastRedrawMs":30,"lastSkipReason":"interval","frozen":false,"last":true}
[I][webradio] HEAP play free=49028 min=44408
{"ok":true,"cmd":"get","var":"wrPosbar","bufPctRaw":0,"bufPctSmoothed":0,"bufPctDrawn":1,"redraws":121,"sinceLastRedrawMs":80,"lastSkipReason":"interval","frozen":false,"last":true}
{"ok":true,"cmd":"get","var":"wrPosbar","bufPctRaw":0,"bufPctSmoothed":0,"bufPctDrawn":1,"redraws":121,"sinceLastRedrawMs":112,"lastSkipReason":"interval","frozen":false,"last":true}
{"ok":true,"cmd":"get","var":"wrPosbar","bufPctRaw":0,"bufPctSmoothed":0,"bufPctDrawn":1,"redraws":121,"sinceLastRedrawMs":161,"lastSkipReason":"interval","frozen":false,"last":true}
[W][perf] iter=51ms (worst path so far: app.tick:26ms)
{"ok":true,"cmd":"get","var":"wrPosbar","bufPctRaw":0,"bufPctSmoothed":0,"bufPctDrawn":0,"redraws":122,"sinceLastRedrawMs":4,"lastSkipReason":"none","frozen":false,"last":true}
{"ok":true,"cmd":"get","var":"wrPosbar","bufPctRaw":0,"bufPctSmoothed":0,"bufPctDrawn":0,"redraws":122,"sinceLastRedrawMs":52,"lastSkipReason":"interval","frozen":false,"last":true}
{"ok":true,"cmd":"get","var":"wrPosbar","bufPctRaw":0,"bufPctSmoothed":0,"bufPctDrawn":0,"redraws":122,"sinceLastRedrawMs":83,"lastSkipReason":"interval","frozen":false,"last":true}
{"ok":true,"cmd":"set","var":"wrPosbarSimDrain","val":"0"}
{"ok":true,"cmd":"get","var":"wrPosbar","bufPctRaw":93,"bufPctSmoothed":19,"bufPctDrawn":0,"redraws":122,"sinceLastRedrawMs":158,"lastSkipReason":"interval","frozen":false,"last":true}
{"ok":true,"cmd":"get","var":"wrPosbar","bufPctRaw":100,"bufPctSmoothed":47,"bufPctDrawn":0,"redraws":122,"sinceLastRedrawMs":204,"lastSkipReason":"interval","frozen":false,"last":true}
{"ok":true,"cmd":"get","var":"wrPosbar","bufPctRaw":93,"bufPctSmoothed":56,"bufPctDrawn":2,"redraws":123,"sinceLastRedrawMs":8,"lastSkipReason":"none","frozen":false,"last":true}
{"ok":true,"cmd":"get","var":"wrPosbar","bufPctRaw":100,"bufPctSmoothed":65,"bufPctDrawn":2,"redraws":123,"sinceLastRedrawMs":58,"lastSkipReason":"interval","frozen":false,"last":true}
{"ok":true,"cmd":"get","var":"wrPosbar","bufPctRaw":93,"bufPctSmoothed":80,"bufPctDrawn":2,"redraws":123,"sinceLastRedrawMs":112,"lastSkipReason":"interval","frozen":false,"last":true}
{"ok":true,"cmd":"get","var":"wrPosbar","bufPctRaw":93,"bufPctSmoothed":88,"bufPctDrawn":2,"redraws":123,"sinceLastRedrawMs":164,"lastSkipReason":"interval","frozen":false,"last":true}
{"ok":true,"cmd":"get","var":"wrPosbar","bufPctRaw":93,"bufPctSmoothed":91,"bufPctDrawn":4,"redraws":124,"sinceLastRedrawMs":12,"lastSkipReason":"none","frozen":false,"last":true}
{"ok":true,"cmd":"get","var":"wrPosbar","bufPctRaw":93,"bufPctSmoothed":93,"bufPctDrawn":4,"redraws":124,"sinceLastRedrawMs":62,"lastSkipReason":"interval","frozen":false,"last":true}
{"ok":true,"cmd":"get","var":"wrPosbar","bufPctRaw":93,"bufPctSmoothed":94,"bufPctDrawn":4,"redraws":124,"sinceLastRedrawMs":115,"lastSkipReason":"interval","frozen":false,"last":true}
{"ok":true,"cmd":"get","var":"wrPosbar","bufPctRaw":93,"bufPctSmoothed":95,"bufPctDrawn":4,"redraws":124,"sinceLastRedrawMs":167,"lastSkipReason":"interval","frozen":false,"last":true}
{"ok":true,"cmd":"get","var":"wrPosbar","bufPctRaw":100,"bufPctSmoothed":96,"bufPctDrawn":4,"redraws":124,"sinceLastRedrawMs":197,"lastSkipReason":"interval","frozen":false,"last":true}
[W][perf] iter=54ms (worst path so far: app.tick:26ms)
{"ok":true,"cmd":"get","var":"wrPosbar","bufPctRaw":100,"bufPctSmoothed":97,"bufPctDrawn":6,"redraws":125,"sinceLastRedrawMs":21,"lastSkipReason":"none","frozen":false,"last":true}
{"ok":true,"cmd":"get","var":"wrPosbar","bufPctRaw":93,"bufPctSmoothed":97,"bufPctDrawn":6,"redraws":125,"sinceLastRedrawMs":78,"lastSkipReason":"interval","frozen":false,"last":true}
{"ok":true,"cmd":"get","var":"wrPosbar","bufPctRaw":100,"bufPctSmoothed":98,"bufPctDrawn":6,"redraws":125,"sinceLastRedrawMs":124,"lastSkipReason":"interval","frozen":false,"last":true}
{"ok":true,"cmd":"get","var":"wrPosbar","bufPctRaw":100,"bufPctSmoothed":98,"bufPctDrawn":6,"redraws":125,"sinceLastRedrawMs":158,"lastSkipReason":"interval","frozen":false,"last":true}
{"ok":true,"cmd":"get","var":"wrPosbar","bufPctRaw":93,"bufPctSmoothed":98,"bufPctDrawn":8,"redraws":126,"sinceLastRedrawMs":6,"lastSkipReason":"none","frozen":false,"last":true}
{"ok":true,"cmd":"get","var":"wrPosbar","bufPctRaw":93,"bufPctSmoothed":96,"bufPctDrawn":8,"redraws":126,"sinceLastRedrawMs":34,"lastSkipReason":"interval","frozen":false,"last":true}
{"ok":true,"cmd":"get","var":"wrPosbar","bufPctRaw":100,"bufPctSmoothed":98,"bufPctDrawn":8,"redraws":126,"sinceLastRedrawMs":74,"lastSkipReason":"interval","frozen":false,"last":true}
{"ok":true,"cmd":"get","var":"wrPosbar","bufPctRaw":93,"bufPctSmoothed":97,"bufPctDrawn":8,"redraws":126,"sinceLastRedrawMs":113,"lastSkipReason":"interval","frozen":false,"last":true}
{"ok":true,"cmd":"get","var":"wrPosbar","bufPctRaw":93,"bufPctSmoothed":97,"bufPctDrawn":8,"redraws":126,"sinceLastRedrawMs":161,"lastSkipReason":"interval","frozen":false,"last":true}
{"ok":true,"cmd":"get","var":"wrPosbar","bufPctRaw":93,"bufPctSmoothed":96,"bufPctDrawn":8,"redraws":126,"sinceLastRedrawMs":191,"lastSkipReason":"interval","frozen":false,"last":true}
[W][perf] iter=51ms (worst path so far: app.tick:27ms)
{"ok":true,"cmd":"get","var":"wrPosbar","bufPctRaw":93,"bufPctSmoothed":95,"bufPctDrawn":10,"redraws":127,"sinceLastRedrawMs":12,"lastSkipReason":"none","frozen":false,"last":true}
{"ok":true,"cmd":"get","var":"wrPosbar","bufPctRaw":100,"bufPctSmoothed":97,"bufPctDrawn":10,"redraws":127,"sinceLastRedrawMs":59,"lastSkipReason":"interval","frozen":false,"last":true}
{"ok":true,"cmd":"get","var":"wrPosbar","bufPctRaw":93,"bufPctSmoothed":97,"bufPctDrawn":10,"redraws":127,"sinceLastRedrawMs":115,"lastSkipReason":"interval","frozen":false,"last":true}
{"ok":true,"cmd":"get","var":"wrPosbar","bufPctRaw":96,"bufPctSmoothed":97,"bufPctDrawn":10,"redraws":127,"sinceLastRedrawMs":145,"lastSkipReason":"interval","frozen":false,"last":true}
{"ok":true,"cmd":"get","var":"wrPosbar","bufPctRaw":93,"bufPctSmoothed":97,"bufPctDrawn":10,"redraws":127,"sinceLastRedrawMs":191,"lastSkipReason":"interval","frozen":false,"last":true}
{"ok":true,"cmd":"get","var":"wrPosbar","bufPctRaw":93,"bufPctSmoothed":96,"bufPctDrawn":12,"redraws":128,"sinceLastRedrawMs":7,"lastSkipReason":"none","frozen":false,"last":true}
{"ok":true,"cmd":"get","var":"wrPosbar","bufPctRaw":93,"bufPctSmoothed":97,"bufPctDrawn":12,"redraws":128,"sinceLastRedrawMs":59,"lastSkipReason":"interval","frozen":false,"last":true}
{"ok":true,"cmd":"get","var":"wrPosbar","bufPctRaw":93,"bufPctSmoothed":97,"bufPctDrawn":12,"redraws":128,"sinceLastRedrawMs":110,"lastSkipReason":"interval","frozen":false,"last":true}
{"ok":true,"cmd":"get","var":"wrPosbar","bufPctRaw":93,"bufPctSmoothed":96,"bufPctDrawn":12,"redraws":128,"sinceLastRedrawMs":162,"lastSkipReason":"interval","frozen":false,"last":true}
{"ok":true,"cmd":"get","var":"wrPosbar","bufPctRaw":100,"bufPctSmoothed":97,"bufPctDrawn":12,"redraws":128,"sinceLastRedrawMs":193,"lastSkipReason":"interval","frozen":false,"last":true}
{"ok":true,"cmd":"get","var":"wrPosbar","bufPctRaw":93,"bufPctSmoothed":97,"bufPctDrawn":14,"redraws":129,"sinceLastRedrawMs":25,"lastSkipReason":"interval","frozen":false,"last":true}
{"ok":true,"cmd":"get","var":"wrPosbar","bufPctRaw":100,"bufPctSmoothed":96,"bufPctDrawn":14,"redraws":129,"sinceLastRedrawMs":57,"lastSkipReason":"interval","frozen":false,"last":true}
{"ok":true,"cmd":"get","var":"wrPosbar","bufPctRaw":93,"bufPctSmoothed":97,"bufPctDrawn":14,"redraws":129,"sinceLastRedrawMs":107,"lastSkipReason":"interval","frozen":false,"last":true}
{"ok":true,"cmd":"get","var":"wrPosbar","bufPctRaw":93,"bufPctSmoothed":97,"bufPctDrawn":14,"redraws":129,"sinceLastRedrawMs":159,"lastSkipReason":"interval","frozen":false,"last":true}
{"ok":true,"cmd":"get","var":"wrPosbar","bufPctRaw":93,"bufPctSmoothed":97,"bufPctDrawn":16,"redraws":130,"sinceLastRedrawMs":7,"lastSkipReason":"none","frozen":false,"last":true}
{"ok":true,"cmd":"get","var":"wrPosbar","bufPctRaw":100,"bufPctSmoothed":98,"bufPctDrawn":16,"redraws":130,"sinceLastRedrawMs":53,"lastSkipReason":"interval","frozen":false,"last":true}
{"ok":true,"cmd":"get","var":"wrPosbar","bufPctRaw":93,"bufPctSmoothed":97,"bufPctDrawn":16,"redraws":130,"sinceLastRedrawMs":111,"lastSkipReason":"interval","frozen":false,"last":true}
{"ok":true,"cmd":"get","var":"wrPosbar","bufPctRaw":100,"bufPctSmoothed":98,"bufPctDrawn":16,"redraws":130,"sinceLastRedrawMs":157,"lastSkipReason":"interval","frozen":false,"last":true}
{"ok":true,"cmd":"get","var":"wrPosbar","bufPctRaw":100,"bufPctSmoothed":98,"bufPctDrawn":16,"redraws":130,"sinceLastRedrawMs":192,"lastSkipReason":"interval","frozen":false,"last":true}
{"ok":true,"cmd":"get","var":"wrPosbar","bufPctRaw":100,"bufPctSmoothed":98,"bufPctDrawn":18,"redraws":131,"sinceLastRedrawMs":9,"lastSkipReason":"interval","frozen":false,"last":true}
{"ok":true,"cmd":"get","var":"wrPosbar","bufPctRaw":93,"bufPctSmoothed":97,"bufPctDrawn":18,"redraws":131,"sinceLastRedrawMs":57,"lastSkipReason":"interval","frozen":false,"last":true}
{"ok":true,"cmd":"get","var":"wrPosbar","bufPctRaw":100,"bufPctSmoothed":98,"bufPctDrawn":18,"redraws":131,"sinceLastRedrawMs":104,"lastSkipReason":"interval","frozen":false,"last":true}
{"ok":true,"cmd":"get","var":"wrPosbar","bufPctRaw":93,"bufPctSmoothed":98,"bufPctDrawn":18,"redraws":131,"sinceLastRedrawMs":162,"lastSkipReason":"interval","frozen":false,"last":true}
{"ok":true,"cmd":"get","var":"wrPosbar","bufPctRaw":100,"bufPctSmoothed":98,"bufPctDrawn":18,"redraws":131,"sinceLastRedrawMs":208,"lastSkipReason":"interval","frozen":false,"last":true}
{"ok":true,"cmd":"get","var":"wrPosbar","bufPctRaw":93,"bufPctSmoothed":97,"bufPctDrawn":20,"redraws":132,"sinceLastRedrawMs":32,"lastSkipReason":"interval","frozen":false,"last":true}
{"ok":true,"cmd":"get","var":"wrPosbar","bufPctRaw":93,"bufPctSmoothed":96,"bufPctDrawn":20,"redraws":132,"sinceLastRedrawMs":85,"lastSkipReason":"interval","frozen":false,"last":true}
{"ok":true,"cmd":"get","var":"wrPosbar","bufPctRaw":93,"bufPctSmoothed":96,"bufPctDrawn":20,"redraws":132,"sinceLastRedrawMs":138,"lastSkipReason":"interval","frozen":false,"last":true}
{"ok":true,"cmd":"get","var":"wrPosbar","bufPctRaw":93,"bufPctSmoothed":96,"bufPctDrawn":20,"redraws":132,"sinceLastRedrawMs":189,"lastSkipReason":"interval","frozen":false,"last":true}
{"ok":true,"cmd":"get","var":"wrPosbar","bufPctRaw":100,"bufPctSmoothed":97,"bufPctDrawn":22,"redraws":133,"sinceLastRedrawMs":5,"lastSkipReason":"none","frozen":false,"last":true}
{"ok":true,"cmd":"get","var":"wrPosbar","bufPctRaw":100,"bufPctSmoothed":97,"bufPctDrawn":22,"redraws":133,"sinceLastRedrawMs":70,"lastSkipReason":"interval","frozen":false,"last":true}
[W][perf] iter=52ms (worst path so far: app.tick:27ms)
{"ok":true,"cmd":"get","var":"wrPosbar","bufPctRaw":100,"bufPctSmoothed":98,"bufPctDrawn":22,"redraws":133,"sinceLastRedrawMs":124,"lastSkipReason":"interval","frozen":false,"last":true}
{"ok":true,"cmd":"get","var":"wrPosbar","bufPctRaw":100,"bufPctSmoothed":98,"bufPctDrawn":22,"redraws":133,"sinceLastRedrawMs":174,"lastSkipReason":"interval","frozen":false,"last":true}
{"ok":true,"cmd":"get","var":"wrPosbar","bufPctRaw":100,"bufPctSmoothed":99,"bufPctDrawn":24,"redraws":134,"sinceLastRedrawMs":4,"lastSkipReason":"none","frozen":false,"last":true}
{"ok":true,"cmd":"get","var":"wrPosbar","bufPctRaw":93,"bufPctSmoothed":98,"bufPctDrawn":24,"redraws":134,"sinceLastRedrawMs":50,"lastSkipReason":"interval","frozen":false,"last":true}
{"ok":true,"cmd":"get","var":"wrPosbar","bufPctRaw":100,"bufPctSmoothed":98,"bufPctDrawn":24,"redraws":134,"sinceLastRedrawMs":80,"lastSkipReason":"interval","frozen":false,"last":true}
{"ok":true,"cmd":"get","var":"wrPosbar","bufPctRaw":93,"bufPctSmoothed":97,"bufPctDrawn":24,"redraws":134,"sinceLastRedrawMs":129,"lastSkipReason":"interval","frozen":false,"last":true}
{"ok":true,"cmd":"get","var":"wrPosbar","bufPctRaw":100,"bufPctSmoothed":98,"bufPctDrawn":24,"redraws":134,"sinceLastRedrawMs":160,"lastSkipReason":"interval","frozen":false,"last":true}
{"ok":true,"cmd":"get","var":"wrPosbar","bufPctRaw":93,"bufPctSmoothed":97,"bufPctDrawn":26,"redraws":135,"sinceLastRedrawMs":6,"lastSkipReason":"none","frozen":false,"last":true}
{"ok":true,"cmd":"get","var":"wrPosbar","bufPctRaw":93,"bufPctSmoothed":96,"bufPctDrawn":26,"redraws":135,"sinceLastRedrawMs":36,"lastSkipReason":"interval","frozen":false,"last":true}
{"ok":true,"cmd":"get","var":"wrPosbar","bufPctRaw":93,"bufPctSmoothed":97,"bufPctDrawn":26,"redraws":135,"sinceLastRedrawMs":86,"lastSkipReason":"interval","frozen":false,"last":true}
{"ok":true,"cmd":"get","var":"wrPosbar","bufPctRaw":93,"bufPctSmoothed":97,"bufPctDrawn":26,"redraws":135,"sinceLastRedrawMs":138,"lastSkipReason":"interval","frozen":false,"last":true}
{"ok":true,"cmd":"get","var":"wrPosbar","bufPctRaw":93,"bufPctSmoothed":97,"bufPctDrawn":26,"redraws":135,"sinceLastRedrawMs":190,"lastSkipReason":"interval","frozen":false,"last":true}
{"ok":true,"cmd":"get","var":"wrPosbar","bufPctRaw":100,"bufPctSmoothed":97,"bufPctDrawn":28,"redraws":136,"sinceLastRedrawMs":19,"lastSkipReason":"none","frozen":false,"last":true}
{"ok":true,"cmd":"get","var":"wrPosbar","bufPctRaw":93,"bufPctSmoothed":96,"bufPctDrawn":28,"redraws":136,"sinceLastRedrawMs":76,"lastSkipReason":"interval","frozen":false,"last":true}
{"ok":true,"cmd":"get","var":"wrPosbar","bufPctRaw":100,"bufPctSmoothed":98,"bufPctDrawn":28,"redraws":136,"sinceLastRedrawMs":123,"lastSkipReason":"interval","frozen":false,"last":true}
