1785966602.194|ets Jul 29 2019 12:21:46
1785966602.199|rst:0x1 (POWERON_RESET),boot:0x13 (SPI_FAST_FLASH_BOOT)
1785966602.202|configsip: 0, SPIWP:0xee
1785966602.208|clk_drv:0x00,q_drv:0x00,d_drv:0x00,cs0_drv:0x00,hd_drv:0x00,wp_drv:0x00
1785966602.210|mode:DIO, clock div:2
1785966602.213|load:0x3fff0030,len:1184
1785966602.216|load:0x40078000,len:13232
1785966602.216|load:0x40080400,len:3028
1785966602.219|entry 0x400805e4
1785966602.984|[membudget] boot-baseline freeInt=204452 lfbInt=110580 freeDma=161308 lfbDma=110580
1785966602.989|[boot] git=dd54a9c+ elf=fdcee265 build=Aug  5 2026 22:49:22
1785966602.991|cyd display setup
1785966603.295|winamp display setup
1785966603.411|Initialisation done.
1785966603.448|SettingsStorage: loaded
1785966603.487|TouchCalStorage: loaded xMin=223 xMax=3582 yMin=196 yMax=3890
1785966603.549|[D][chrome] drawVolume pct=-1 keyframe=NONE
1785966603.564|reading config file
1785966603.566|opened config file
1785966603.566|parsed json
1785966603.575|config loaded: clientId=db…e0 (len=32) clientSecret=b9…63 (len=32) refreshToken=AQ…ng (len=131)
1785966603.594|[wifi-ev] t=682 ev=0 EV
1785966603.669|[wifi-ev] t=756 ev=2 STA_START
1785966603.724|[wifi-ev] t=809 ev=5 STA_DISCONNECTED reason=202
1785966603.835|[wifi-ev] t=921 ev=4 STA_CONNECTED
1785966604.374|[wifi-ev] t=1459 ev=7 STA_GOT_IP ip=192.168.1.181
1785966604.383|IP address: 192.168.1.181
1785966604.391|[membudget] post-wifi freeInt=148644 lfbInt=102388 freeDma=105500 lfbDma=102388
1785966607.591|[time] synced epoch=1785966607 in 3203ms
1785966607.597|[boot] spotify=idle (playerMode=webradio) — refresh deferred to first toggle
1785966607.605|[I][spotify.task] task started; pinned core=1 stack=10240B period=5000ms
1785966607.608|[I][spotify.task] begin ok — handle=0x3ffe9574 startIdle=1
1785966607.617|[membudget] post-spotifyTask freeInt=135908 lfbInt=90100 freeDma=92764 lfbDma=90100
1785966607.625|[membudget] post-dataTask freeInt=121052 lfbInt=73716 freeDma=77908 lfbDma=73716
1785966607.628|[I][dataTask] task started stack=14336B
1785966607.681|[D][chrome] drawVolume pct=-1 keyframe=NONE
1785966607.696|[shell] leaving 0  heap=121052 maxAlloc=73716 minFree=118628
1785966607.722|[I][webradio] HEAP init free=120648 min=118628
1785966607.727|[I][webradio] HEAP pre-fetch free=120648 min=118628
1785966607.732|[shell] entered 11  heap=120648 maxAlloc=73716 minFree=118628
1785966607.751|[shell] switch 0->11 suspend=1ms wipe=26ms init=1ms taskbar=25ms total=53ms
1785966607.756|[membudget] post-init-idle freeInt=120648 lfbInt=73716 freeDma=77504 lfbDma=73716
1785966607.764|{"ok":true,"cmd":"get","var":"appId","id":11,"name":"WebRadio","last":true}
1785966607.770|{"ok":true,"cmd":"get","var":"appId","id":11,"name":"WebRadio","last":true}
1785966607.793|[I][hb] display=winamp wifi=rssi(-52) disc=1 heap=117k maxAlloc=71k stack_hwm=17580b uptime=00:00:04 poll=0/0 last=0 block_max=0ms loop_max=0ms slow=shell.switch:53ms last_poll_age_ms=0 next_poll_in_ms=5000 last_render_age_ms=91 build=Aug  5 2026-22:49:22
1785966607.829|[D][chrome] drawVolume pct=-1 keyframe=NONE
1785966607.833|[D][chrome] drawVolume pct=100 keyframe=4
1785966607.858|[W][perf] iter=97ms (worst path so far: app.tick:60ms)
1785966608.106|[I][spotify.tls] hard reset — stopping client
1785966608.109|[I][spotify.tls] tls yield — client stopped
1785966608.115|[D][dataTask.webradio] heap free=75k maxBlk=71k
1785966608.131|[D][dataTask.webradio] url=https://all.api.radio-browser.info/json/stations/search?countrycode=NL&codec=MP3&hidebroken=true&order=votes&reverse=true&limit=30&offset=0&bitrateMax=128
1785966608.208|{"ok":true,"cmd":"get","var":"appId","id":11,"name":"WebRadio","last":true}
1785966608.216|{"ok":true,"cmd":"switchApp","id":11}
1785966608.228|{"ok":true,"cmd":"get","var":"wrCount","count":0,"pending":1,"last":true}
1785966610.243|{"ok":true,"cmd":"get","var":"wrCount","count":0,"pending":1,"last":true}
1785966612.054|[I][dataTask.webradio] GET mirror=all.api.radio-browser.info code=200 elapsed=3920ms
1785966612.262|{"ok":true,"cmd":"get","var":"wrCount","count":0,"pending":1,"last":true}
1785966612.477|[D][dataTask.webradio] url=https://all.api.radio-browser.info/json/stations/search?countrycode=NL&codec=MP3&hidebroken=true&order=votes&reverse=true&limit=30&offset=30&bitrateMax=128
1785966614.277|{"ok":true,"cmd":"get","var":"wrCount","count":0,"pending":1,"last":true}
1785966616.294|{"ok":true,"cmd":"get","var":"wrCount","count":0,"pending":1,"last":true}
1785966616.301|[I][dataTask.webradio] GET mirror=all.api.radio-browser.info code=200 elapsed=3815ms
1785966616.744|[I][dataTask.webradio] ok mirror=all.api.radio-browser.info country=NL count=30
1785966616.747|[D][dataTask.webradio] heap free=74k maxBlk=41k
1785966616.752|[I][webradio] HEAP post-fetch free=119592 min=53920
1785966616.758|[I][webradio] stations loaded count=30 country=NL
1785966616.761|[I][spotify.tls] tls yield — resumed
1785966616.787|[D][chrome] drawVolume pct=100 keyframe=4
1785966616.791|[D][chrome] drawVolume pct=100 keyframe=4
1785966616.821|[W][perf] iter=80ms (worst path so far: app.tick:78ms)
1785966618.308|{"ok":true,"cmd":"get","var":"wrCount","count":30,"pending":0,"last":true}
1785966618.320|{"ok":true,"cmd":"get","var":"wrCount","count":30,"pending":0,"last":true}
1785966618.342|{"ok":true,"cmd":"get","var":"wrStation","idx":0,"name":"Radio 10","bitrate":128,"url":"http://playerservices.streamtheworld.com/api/livestream-redirect/RADIO10.mp3","last":true}
1785966618.365|{"ok":true,"cmd":"get","var":"wrStation","idx":1,"name":"Sky Radio 80's Hits","bitrate":128,"url":"http://playerservices.streamtheworld.com/api/livestream-redirect/SRGSTR04.mp3","last":true}
1785966618.383|{"ok":true,"cmd":"get","var":"wrStation","idx":2,"name":"SLAM!","bitrate":128,"url":"http://stream.slam.nl/slam","last":true}
1785966618.403|{"ok":true,"cmd":"get","var":"wrStation","idx":3,"name":"Concertzender Baroque","bitrate":128,"url":"http://streams.greenhost.nl:8080/barok","last":true}
1785966618.424|{"ok":true,"cmd":"get","var":"wrStation","idx":4,"name":"Radio 10 60's & 70's Hits","bitrate":128,"url":"http://22333.live.streamtheworld.com:3690/TLPSTR18_SC","last":true}
1785966618.447|{"ok":true,"cmd":"get","var":"wrStation","idx":5,"name":"Sky Radio Christmas","bitrate":128,"url":"http://playerservices.streamtheworld.com/api/livestream-redirect/SRGSTR08.mp3","last":true}
1785966618.466|{"ok":true,"cmd":"get","var":"wrStation","idx":6,"name":"SLAM! Non Stop","bitrate":128,"url":"http://stream.radiocorp.nl/web10_mp3","last":true}
1785966618.486|{"ok":true,"cmd":"get","var":"wrStation","idx":7,"name":"100% NL","bitrate":128,"url":"http://stream.100p.nl/100pctnl.mp3","last":true}
1785966618.505|{"ok":true,"cmd":"get","var":"wrStation","idx":8,"name":"Concertzender Oude Muziek","bitrate":128,"url":"http://streams.greenhost.nl:8080/oudemuziek","last":true}
1785966618.525|{"ok":true,"cmd":"get","var":"wrStation","idx":9,"name":"The Great American Songbook","bitrate":128,"url":"http://tgas.dyndns.org:8001/;","last":true}
1785966618.548|{"ok":true,"cmd":"get","var":"wrStation","idx":10,"name":"Sky Radio 101 FM","bitrate":128,"url":"http://playerservices.streamtheworld.com/api/livestream-redirect/SKYRADIO.mp3","last":true}
1785966618.570|{"ok":true,"cmd":"get","var":"wrStation","idx":11,"name":"Radio 538","bitrate":128,"url":"http://playerservices.streamtheworld.com/api/livestream-redirect/RADIO538.mp3","last":true}
1785966618.591|{"ok":true,"cmd":"get","var":"wrStation","idx":12,"name":"Sky Radio 90's Hits","bitrate":128,"url":"http://22343.live.streamtheworld.com:80/SRGSTR05.mp3","last":true}
1785966618.612|{"ok":true,"cmd":"get","var":"wrStation","idx":13,"name":"Concertzender Geen dag zonder Bach","bitrate":128,"url":"http://streams.greenhost.nl:8080/bach","last":true}
1785966618.630|{"ok":true,"cmd":"get","var":"wrStation","idx":14,"name":"Slam! Mixmarathon","bitrate":128,"url":"http://stream.radiocorp.nl/web13_mp3","last":true}
1785966618.653|{"ok":true,"cmd":"get","var":"wrStation","idx":15,"name":"538 Dance Departmetn","bitrate":128,"url":"http://playerservices.streamtheworld.com/api/livestream-redirect/TLPSTR01.mp3","last":true}
1785966618.673|{"ok":true,"cmd":"get","var":"wrStation","idx":16,"name":"Radio 538 Ibiza","bitrate":128,"url":"http://22323.live.streamtheworld.com/TLPSTR19_SC","last":true}
1785966618.693|{"ok":true,"cmd":"get","var":"wrStation","idx":17,"name":"Radio 538 Nonstop","bitrate":128,"url":"http://25303.live.streamtheworld.com/TLPSTR09_SC","last":true}
1785966618.714|{"ok":true,"cmd":"get","var":"wrStation","idx":18,"name":"Concertzender Gregoriaans","bitrate":128,"url":"http://streams.greenhost.nl:8080/gregoriaans","last":true}
1785966618.735|{"ok":true,"cmd":"get","var":"wrStation","idx":19,"name":"Radio 538 Party","bitrate":128,"url":"http://28973.live.streamtheworld.com/TLPSTR16_SC","last":true}
1785966618.755|{"ok":true,"cmd":"get","var":"wrStation","idx":20,"name":"Radio Caroline 319 Gold","bitrate":128,"url":"http://www.rmgoldserver.eu:8313/","last":true}
1785966618.775|{"ok":true,"cmd":"get","var":"wrStation","idx":21,"name":"RTV Oost Radio","bitrate":128,"url":"http://streams.rtvoost.nl/audio/oost/mp3","last":true}
1785966618.796|{"ok":true,"cmd":"get","var":"wrStation","idx":22,"name":"Concertzender De Muzikant","bitrate":128,"url":"http://streams.greenhost.nl:8080/amateurmuziek","last":true}
1785966618.815|{"ok":true,"cmd":"get","var":"wrStation","idx":23,"name":"SLAM! DANCE CLASSICS","bitrate":128,"url":"http://stream.slam.nl/WEB15_MP3","last":true}
1785966618.838|{"ok":true,"cmd":"get","var":"wrStation","idx":24,"name":"538 Non-Stop","bitrate":128,"url":"http://playerservices.streamtheworld.com/api/livestream-redirect/TLPSTR09.mp3","last":true}
1785966618.859|{"ok":true,"cmd":"get","var":"wrStation","idx":25,"name":"Concertzender Geen dag zonder Bach","bitrate":128,"url":"http://streams.greenhost.nl:8080/bach","last":true}
1785966618.878|{"ok":true,"cmd":"get","var":"wrStation","idx":26,"name":"Coastline","bitrate":128,"url":"http://81.169.223.8/","last":true}
1785966618.901|{"ok":true,"cmd":"get","var":"wrStation","idx":27,"name":"RADIO 10 TOP 4000","bitrate":128,"url":"http://playerservices.streamtheworld.com/api/livestream-redirect/TLPSTR24.mp3","last":true}
1785966618.924|{"ok":true,"cmd":"get","var":"wrStation","idx":28,"name":"Sky Radio Nice & Easy","bitrate":128,"url":"http://playerservices.streamtheworld.com/api/livestream-redirect/SRGSTR07.mp3","last":true}
1785966618.945|{"ok":true,"cmd":"get","var":"wrStation","idx":29,"name":"Radio Noordvaarder Angel Healing","bitrate":128,"url":"http://www1.radionoordvaarder.nl:8000/;","last":true}
1785966618.960|{"ok":true,"cmd":"get","var":"wrSkip","autoSkip":1,"tried":0,"retries":0,"settled":0,"pending":0,"last":true}
1785966618.971|{"ok":true,"cmd":"set","var":"wrAutoSkip","val":"1"}
1785966618.986|{"ok":true,"cmd":"get","var":"wrSkip","autoSkip":1,"tried":0,"retries":0,"settled":0,"pending":0,"last":true}
1785966619.001|[I][webradio] play idx=0 name=INJECTED url=http://stream.slam.nl/WEB15_MP3
1785966619.266|[I][spotify.tls] tls yield — client stopped
1785966619.271|[membudget] TASK-267 _play pre-acquire lfbInt=42996 freeInt=120024
1785966619.277|[membudget] TASK-267 arena acquire=24576B lfbBefore=42996 OK
1785966619.279|[membudget] arena init base=0x3ffef4c8 cap=24576
1785966619.286|[membudget] CP0-pre-audio-init freeDma=52288 lfbDma=18420
1785966619.291|[I][wrpump] created stack=8192B prio=2 core=1
1785966619.298|[I][webradio] HEAP pre-connect free=64752 min=53920 maxAlloc=42996
1785966619.305|[membudget] CP1-pre-connect skip=0 freeInt=64752 lfbInt=42996 freeDma=21608 lfbDma=18420
1785966619.310|{"ok":true,"cmd":"set","var":"wrUrl","val":"http://stream.slam.nl/WEB15_MP3"}
1785966619.317|[I][webradio] audio_info: PSRAM not found, inputBufferSize: 6399 bytes
1785966619.328|[I][webradio] audio_info: buffers freed, free Heap: 56320 bytes
1785966619.337|[I][webradio] audio_info: Connect to new host: "http://stream.slam.nl/WEB15_MP3"
1785966619.378|[D][chrome] drawVolume pct=100 keyframe=4
1785966619.382|[D][chrome] drawVolume pct=100 keyframe=4
1785966619.410|[W][perf] iter=411ms (worst path so far: app.tick:78ms)
1785966619.435|[I][webradio] audio_info: Connection has been established in 91 ms, free Heap: 55432 bytes
1785966619.462|[I][webradio] audio_info: chunked data transfer
1785966619.471|[I][webradio] audio_info: redirect to new host "http://22713.live.streamtheworld.com/WEB15_MP3_SC"
1785966619.484|[I][webradio] audio_info: buffers freed, free Heap: 55844 bytes
1785966619.497|[I][webradio] audio_info: Connect to new host: "http://22713.live.streamtheworld.com/WEB15_MP3_SC"
1785966619.499|[D][chrome] drawVolume pct=100 keyframe=4
1785966619.503|[D][chrome] drawVolume pct=100 keyframe=4
1785966619.532|[W][perf] iter=97ms (worst path so far: wr.connect:131ms)
1785966619.546|[I][webradio] audio_info: Connection has been established in 46 ms, free Heap: 55144 bytes
1785966620.575|[I][webradio] audio_info: icy-name: SLAM! 00's
1785966620.580|[mbdbg] arena FIRST alloc: base=0x3ffef4c8 cap=24576 req=2000
1785966620.597|[mbdbg] helix alloc: DecInfo=0x3ffef4c8(2000) FHdr=0x3ffefc98(44) SI=0x3ffefcc4(40) SFJS=0x3ffefcec(36) Huff=0x3ffefd10(4624) Deq=0x3fff0f20(792) IMDCT=0x3fff1238(6944) Sub=0x3fff2d58(8708) FInfo=0x3fff4f5c(28)
1785966620.605|[I][webradio] audio_info: MP3Decoder has been initialized, free Heap: 49200 bytes
1785966620.613|[membudget] CP2-decoder-init freeInt=49200 lfbInt=42996 freeDma=6056 lfbDma=2292 arenaHWM=23216
1785966620.622|[W][perf] iter=52ms (worst path so far: wr.connect:131ms)[I][webradio] audio_info: stream ready
1785966620.627|[I][webradio] audio_info: syncword found at pos 0
1785966620.640|[I][webradio] audio_info: Channels: 2
1785966620.643|[I][webradio] audio_info: SampleRate: 44100
1785966620.645|[I][webradio] audio_info: BitsPerSample: 16
1785966620.651|[I][webradio] audio_info: BitRate: 128000
1785966621.616|[I][webradio] audio_info: slow stream, dropouts are possible
1785966622.616|[I][webradio] audio_info: slow stream, dropouts are possible
1785966623.617|[I][webradio] audio_info: slow stream, dropouts are possible
1785966624.618|[I][webradio] audio_info: slow stream, dropouts are possible
1785966625.619|[I][webradio] audio_info: slow stream, dropouts are possible
1785966625.769|[W][webradio] stream dead (isRunning=1 for 0ms, bufStalled for 5000ms) — stop + resume Spotify TLS
1785966625.772|[I][webradio] stall idx=0 — retrying once
1785966625.776|[I][spotify.tls] tls yield — resumed
1785966625.808|[D][chrome] drawVolume pct=100 keyframe=4
1785966625.813|[D][chrome] drawVolume pct=100 keyframe=4
1785966625.837|[W][perf] iter=74ms (worst path so far: wr.connect:131ms)
1785966625.845|[I][webradio] play idx=0 name=INJECTED url=http://stream.slam.nl/WEB15_MP3
1785966626.277|[I][spotify.tls] tls yield — client stopped
1785966626.282|[membudget] TASK-267 _play pre-acquire lfbInt=42996 freeInt=49124
1785966626.288|[I][webradio] HEAP pre-connect free=49124 min=46800 maxAlloc=42996
1785966626.296|[membudget] CP1-pre-connect skip=0 freeInt=49124 lfbInt=42996 freeDma=5980 lfbDma=2292
1785966626.301|[W][perf] iter=461ms (worst path so far: app.tick:459ms)
1785966626.322|[I][webradio] audio_info: buffers freed, free Heap: 50792 bytes
1785966626.330|[I][webradio] audio_info: Connect to new host: "http://stream.slam.nl/WEB15_MP3"
1785966626.359|[D][chrome] drawVolume pct=100 keyframe=4
1785966626.362|[D][chrome] drawVolume pct=100 keyframe=4
1785966626.372|[I][webradio] audio_info: Connection has been established in 35 ms, free Heap: 50176 bytes
1785966626.393|[W][perf] iter=93ms (worst path so far: app.tick:459ms)
1785966626.398|[I][webradio] audio_info: chunked data transfer
1785966626.406|[I][webradio] audio_info: redirect to new host "http://22333.live.streamtheworld.com/WEB15_MP3_SC"
1785966626.420|[I][webradio] audio_info: buffers freed, free Heap: 50580 bytes
1785966626.430|[I][webradio] audio_info: Connect to new host: "http://22333.live.streamtheworld.com/WEB15_MP3_SC"
1785966626.479|[I][webradio] audio_info: Connection has been established in 44 ms, free Heap: 49908 bytes
1785966626.494|[D][chrome] drawVolume pct=100 keyframe=4
1785966626.498|[D][chrome] drawVolume pct=100 keyframe=4
1785966626.525|[W][perf] iter=131ms (worst path so far: app.tick:459ms)
1785966627.283|[I][webradio] audio_info: icy-name: SLAM! 00's
1785966627.302|[mbdbg] helix alloc: DecInfo=0x3ffef4c8(2000) FHdr=0x3ffefc98(44) SI=0x3ffefcc4(40) SFJS=0x3ffefcec(36) Huff=0x3ffefd10(4624) Deq=0x3fff0f20(792) IMDCT=0x3fff1238(6944) Sub=0x3fff2d58(8708) FInfo=0x3fff4f5c(28)
1785966627.308|[I][webradio] audio_info: MP3Decoder has been initialized, free Heap: 48696 bytes
1785966627.316|[membudget] CP2-decoder-init freeInt=48696 lfbInt=42996 freeDma=5552 lfbDma=3700 arenaHWM=23216
1785966627.322|[W][perf] iter=52ms (worst path so far: app.tick:459ms)
1785966627.327|[I][webradio] audio_info: slow stream, dropouts are possible
1785966628.324|[I][webradio] audio_info: slow stream, dropouts are possible
1785966629.324|[I][webradio] audio_info: slow stream, dropouts are possible
1785966630.326|[I][webradio] audio_info: slow stream, dropouts are possible
1785966631.326|[I][webradio] audio_info: slow stream, dropouts are possible
1785966632.328|[W][webradio] stream dead (isRunning=1 for 0ms, bufStalled for 5000ms) — stop + resume Spotify TLS
1785966632.331|[W][webradio] auto-skip exhausted — no playable station
1785966632.336|[I][spotify.tls] tls yield — resumed
1785966632.367|[D][chrome] drawVolume pct=100 keyframe=4
1785966632.371|[D][chrome] drawVolume pct=100 keyframe=4
1785966632.398|[W][perf] iter=74ms (worst path so far: app.tick:459ms)
1785966637.791|[I][hb] display=winamp wifi=rssi(-53) disc=1 heap=47k maxAlloc=41k stack_hwm=12908b uptime=00:00:34 poll=0/0 last=0 block_max=0ms loop_max=461ms slow=app.tick:459ms last_poll_age_ms=0 next_poll_in_ms=5000 last_render_age_ms=5404 build=Aug  5 2026-22:49:22
1785966655.841|[I][webradio] terminal retry — re-arming scan idx=0
1785966655.848|[I][webradio] play idx=0 name=INJECTED url=http://stream.slam.nl/WEB15_MP3
1785966656.336|[I][spotify.tls] tls yield — client stopped
1785966656.342|[membudget] TASK-267 _play pre-acquire lfbInt=42996 freeInt=51364
1785966656.348|[I][webradio] HEAP pre-connect free=51364 min=45908 maxAlloc=42996
1785966656.356|[membudget] CP1-pre-connect skip=0 freeInt=51364 lfbInt=42996 freeDma=8220 lfbDma=4596
1785966656.360|[W][perf] iter=518ms (worst path so far: app.tick:516ms)
1785966656.379|[I][webradio] audio_info: buffers freed, free Heap: 55760 bytes
1785966656.388|[I][webradio] audio_info: Connect to new host: "http://stream.slam.nl/WEB15_MP3"
1785966656.415|[D][chrome] drawVolume pct=100 keyframe=4
1785966656.419|[D][chrome] drawVolume pct=100 keyframe=4
1785966656.444|[I][webradio] audio_info: Connection has been established in 49 ms, free Heap: 54792 bytes
1785966656.449|[W][perf] iter=88ms (worst path so far: app.tick:516ms)
1785966656.452|[I][webradio] HEAP play free=53600 min=45908
1785966656.471|[I][webradio] audio_info: chunked data transfer
1785966656.480|[I][webradio] audio_info: redirect to new host "http://22353.live.streamtheworld.com/WEB15_MP3_SC"
1785966656.493|[I][webradio] audio_info: buffers freed, free Heap: 55388 bytes
1785966656.503|[I][webradio] audio_info: Connect to new host: "http://22353.live.streamtheworld.com/WEB15_MP3_SC"
1785966656.514|[D][chrome] drawVolume pct=100 keyframe=4
1785966656.518|[D][chrome] drawVolume pct=100 keyframe=4
1785966656.547|[W][perf] iter=98ms (worst path so far: app.tick:516ms)
1785966656.556|[I][webradio] audio_info: Connection has been established in 43 ms, free Heap: 54560 bytes
1785966657.455|[W][perf] iter=53ms (worst path so far: app.tick:516ms)
1785966657.509|[W][perf] iter=54ms (worst path so far: app.tick:516ms)
1785966657.563|[W][perf] iter=54ms (worst path so far: app.tick:516ms)
1785966657.617|[W][perf] iter=54ms (worst path so far: app.tick:516ms)
1785966657.672|[W][perf] iter=54ms (worst path so far: app.tick:516ms)
1785966657.725|[W][perf] iter=54ms (worst path so far: app.tick:516ms)
1785966657.779|[W][perf] iter=54ms (worst path so far: app.tick:516ms)
1785966657.833|[W][perf] iter=54ms (worst path so far: app.tick:516ms)
1785966657.887|[W][perf] iter=54ms (worst path so far: app.tick:516ms)
1785966657.941|[W][perf] iter=54ms (worst path so far: app.tick:516ms)
1785966657.995|[W][perf] iter=54ms (worst path so far: app.tick:516ms)
1785966658.050|[W][perf] iter=54ms (worst path so far: app.tick:516ms)
1785966658.105|[W][perf] iter=56ms (worst path so far: app.tick:516ms)
1785966658.159|[W][perf] iter=54ms (worst path so far: app.tick:516ms)
1785966658.214|[W][perf] iter=54ms (worst path so far: app.tick:516ms)
1785966658.267|[W][perf] iter=54ms (worst path so far: app.tick:516ms)
1785966658.321|[W][perf] iter=54ms (worst path so far: app.tick:516ms)
1785966658.375|[W][perf] iter=54ms (worst path so far: app.tick:516ms)
1785966658.429|[W][perf] iter=54ms (worst path so far: app.tick:516ms)
1785966658.483|[W][perf] iter=54ms (worst path so far: app.tick:516ms)
1785966658.537|[W][perf] iter=54ms (worst path so far: app.tick:516ms)
1785966658.591|[W][perf] iter=54ms (worst path so far: app.tick:516ms)
1785966658.645|[W][perf] iter=54ms (worst path so far: app.tick:516ms)
1785966658.699|[W][perf] iter=54ms (worst path so far: app.tick:516ms)
1785966658.753|[W][perf] iter=54ms (worst path so far: app.tick:516ms)
1785966658.807|[W][perf] iter=54ms (worst path so far: app.tick:516ms)
1785966658.862|[W][perf] iter=54ms (worst path so far: app.tick:516ms)
1785966658.916|[W][perf] iter=54ms (worst path so far: app.tick:516ms)
1785966658.969|[W][perf] iter=54ms (worst path so far: app.tick:516ms)
1785966659.023|[W][perf] iter=54ms (worst path so far: app.tick:516ms)
1785966659.077|[W][perf] iter=54ms (worst path so far: app.tick:516ms)
1785966659.131|[W][perf] iter=54ms (worst path so far: app.tick:516ms)
1785966659.185|[W][perf] iter=54ms (worst path so far: app.tick:516ms)
1785966659.240|[W][perf] iter=54ms (worst path so far: app.tick:516ms)
1785966659.293|[W][perf] iter=54ms (worst path so far: app.tick:516ms)
1785966659.347|[W][perf] iter=54ms (worst path so far: app.tick:516ms)
1785966659.402|[W][perf] iter=54ms (worst path so far: app.tick:516ms)
1785966659.455|[W][perf] iter=54ms (worst path so far: app.tick:516ms)
1785966659.509|[W][perf] iter=54ms (worst path so far: app.tick:516ms)
1785966659.563|[W][perf] iter=54ms (worst path so far: app.tick:516ms)
1785966659.617|[W][perf] iter=54ms (worst path so far: app.tick:516ms)
1785966659.672|[W][perf] iter=54ms (worst path so far: app.tick:516ms)
1785966659.725|[W][perf] iter=54ms (worst path so far: app.tick:516ms)
1785966659.780|[W][perf] iter=54ms (worst path so far: app.tick:516ms)
1785966659.833|[W][perf] iter=54ms (worst path so far: app.tick:516ms)
1785966659.887|[W][perf] iter=54ms (worst path so far: app.tick:516ms)
1785966661.454|[W][webradio] stream dead (isRunning=0 for 1614ms, bufStalled for 5000ms) — stop + resume Spotify TLS
1785966661.458|[I][webradio] stall idx=0 — retrying once
1785966661.463|[I][spotify.tls] tls yield — resumed
1785966661.494|[D][chrome] drawVolume pct=100 keyframe=4
1785966661.499|[D][chrome] drawVolume pct=100 keyframe=4
1785966661.523|[W][perf] iter=74ms (worst path so far: wr.pump:2501ms)
1785966661.531|[I][webradio] play idx=0 name=INJECTED url=http://stream.slam.nl/WEB15_MP3
1785966661.966|[I][spotify.tls] tls yield — client stopped
1785966661.970|[membudget] TASK-267 _play pre-acquire lfbInt=42996 freeInt=55544
1785966661.976|[I][webradio] HEAP pre-connect free=55544 min=44592 maxAlloc=42996
1785966661.984|[membudget] CP1-pre-connect skip=0 freeInt=55544 lfbInt=42996 freeDma=12400 lfbDma=10228
1785966661.990|[W][perf] iter=464ms (worst path so far: wr.pump:2501ms)
1785966662.003|[I][webradio] audio_info: buffers freed, free Heap: 55544 bytes
1785966662.012|[I][webradio] audio_info: Connect to new host: "http://stream.slam.nl/WEB15_MP3"
1785966662.048|[I][webradio] audio_info: Connection has been established in 30 ms, free Heap: 54760 bytes
1785966662.053|[D][chrome] drawVolume pct=100 keyframe=4
1785966662.057|[D][chrome] drawVolume pct=100 keyframe=4
1785966662.074|[I][webradio] audio_info: chunked data transfer
1785966662.084|[I][webradio] audio_info: redirect to new host "http://22533.live.streamtheworld.com/WEB15_MP3_SC"
1785966662.096|[I][webradio] audio_info: buffers freed, free Heap: 55172 bytes
1785966662.106|[I][webradio] audio_info: Connect to new host: "http://22533.live.streamtheworld.com/WEB15_MP3_SC"
1785966662.111|[W][perf] iter=114ms (worst path so far: wr.pump:2501ms)
1785966662.150|[I][webradio] audio_info: Connection has been established in 38 ms, free Heap: 54336 bytes
1785966662.184|[D][chrome] drawVolume pct=100 keyframe=4
1785966662.188|[D][chrome] drawVolume pct=100 keyframe=4
1785966662.215|[W][perf] iter=104ms (worst path so far: wr.pump:2501ms)
1785966663.406|[I][webradio] audio_info: icy-name: SLAM! 00's
1785966663.426|[mbdbg] helix alloc: DecInfo=0x3ffef4c8(2000) FHdr=0x3ffefc98(44) SI=0x3ffefcc4(40) SFJS=0x3ffefcec(36) Huff=0x3ffefd10(4624) Deq=0x3fff0f20(792) IMDCT=0x3fff1238(6944) Sub=0x3fff2d58(8708) FInfo=0x3fff4f5c(28)
1785966663.431|[I][webradio] audio_info: MP3Decoder has been initialized, free Heap: 47984 bytes
1785966663.440|[membudget] CP2-decoder-init freeInt=47984 lfbInt=42996 freeDma=4840 lfbDma=2292 arenaHWM=23216
1785966663.445|[W][perf] iter=53ms (worst path so far: wr.pump:2501ms)
1785966663.451|[I][webradio] audio_info: slow stream, dropouts are possible
1785966663.454|[I][webradio] audio_info: stream ready
1785966663.458|[I][webradio] audio_info: syncword found at pos 0
1785966663.478|[I][webradio] audio_info: Channels: 2
1785966663.480|[I][webradio] audio_info: SampleRate: 44100
1785966663.483|[I][webradio] audio_info: BitsPerSample: 16
1785966663.488|[I][webradio] audio_info: BitRate: 128000
1785966664.085|[I][webradio] audio_info: StreamTitle='Britney Spears - Toxic'
1785966664.090|[D][webradio] ICY: Britney Spears - Toxic
1785966667.807|[I][hb] display=winamp wifi=rssi(-59) disc=1 heap=47k maxAlloc=41k stack_hwm=12908b uptime=00:01:04 poll=0/0 last=0 block_max=0ms loop_max=518ms slow=wr.pump:2501ms last_poll_age_ms=0 next_poll_in_ms=5000 last_render_age_ms=5595 build=Aug  5 2026-22:49:22
1785966667.820|[W][perf] iter=51ms (worst path so far: wr.pump:21ms)
1785966670.494|[I][webradio] audio_info: slow stream, dropouts are possible
1785966671.495|[I][webradio] audio_info: slow stream, dropouts are possible
1785966672.496|[I][webradio] audio_info: slow stream, dropouts are possible
1785966673.497|[I][webradio] audio_info: slow stream, dropouts are possible
1785966674.497|[I][webradio] audio_info: slow stream, dropouts are possible
1785966675.218|[W][webradio] stream dead (isRunning=1 for 0ms, bufStalled for 5000ms) — stop + resume Spotify TLS
1785966675.222|[I][webradio] stall idx=0 — retrying once
1785966675.225|[I][spotify.tls] tls yield — resumed
1785966675.259|[D][chrome] drawVolume pct=100 keyframe=4
1785966675.263|[D][chrome] drawVolume pct=100 keyframe=4
1785966675.287|[W][perf] iter=75ms (worst path so far: app.tick:74ms)
1785966675.295|[I][webradio] play idx=0 name=INJECTED url=http://stream.slam.nl/WEB15_MP3
1785966675.725|[I][spotify.tls] tls yield — client stopped
1785966675.731|[membudget] TASK-267 _play pre-acquire lfbInt=42996 freeInt=48044
1785966675.736|[I][webradio] HEAP pre-connect free=48044 min=44592 maxAlloc=42996
1785966675.744|[membudget] CP1-pre-connect skip=0 freeInt=48044 lfbInt=42996 freeDma=4900 lfbDma=1652
1785966675.749|[W][perf] iter=459ms (worst path so far: app.tick:457ms)
1785966675.769|[I][webradio] audio_info: buffers freed, free Heap: 49704 bytes
1785966675.778|[I][webradio] audio_info: Connect to new host: "http://stream.slam.nl/WEB15_MP3"
1785966675.804|[D][chrome] drawVolume pct=100 keyframe=4
1785966675.808|[D][chrome] drawVolume pct=100 keyframe=4
1785966675.834|[W][perf] iter=85ms (worst path so far: app.tick:457ms)
1785966676.137|[I][webradio] audio_info: Connection has been established in 352 ms, free Heap: 49064 bytes
1785966676.163|[I][webradio] audio_info: chunked data transfer
1785966676.173|[I][webradio] audio_info: redirect to new host "http://29023.live.streamtheworld.com/WEB15_MP3_SC"
1785966676.185|[I][webradio] audio_info: buffers freed, free Heap: 49488 bytes
1785966676.197|[I][webradio] audio_info: Connect to new host: "http://29023.live.streamtheworld.com/WEB15_MP3_SC"
1785966676.200|[D][chrome] drawVolume pct=100 keyframe=4
1785966676.204|[D][chrome] drawVolume pct=100 keyframe=4
1785966676.230|[W][perf] iter=91ms (worst path so far: app.tick:457ms)
1785966676.284|[W][perf] iter=55ms (worst path so far: app.tick:457ms)
1785966676.338|[W][perf] iter=54ms (worst path so far: app.tick:457ms)
1785966676.348|[I][webradio] audio_info: Connection has been established in 145 ms, free Heap: 48648 bytes
1785966677.375|[I][webradio] audio_info: icy-name: SLAM! 00's
1785966677.393|[mbdbg] helix alloc: DecInfo=0x3ffef4c8(2000) FHdr=0x3ffefc98(44) SI=0x3ffefcc4(40) SFJS=0x3ffefcec(36) Huff=0x3ffefd10(4624) Deq=0x3fff0f20(792) IMDCT=0x3fff1238(6944) Sub=0x3fff2d58(8708) FInfo=0x3fff4f5c(28)
1785966677.399|[I][webradio] audio_info: MP3Decoder has been initialized, free Heap: 47448 bytes
1785966677.408|[membudget] CP2-decoder-init freeInt=47448 lfbInt=42996 freeDma=4304 lfbDma=3060 arenaHWM=23216
1785966677.413|[W][perf] iter=53ms (worst path so far: app.tick:457ms)
1785966677.418|[I][webradio] audio_info: slow stream, dropouts are possible
1785966678.414|[I][webradio] audio_info: slow stream, dropouts are possible
1785966679.417|[I][webradio] audio_info: slow stream, dropouts are possible
1785966680.418|[I][webradio] audio_info: slow stream, dropouts are possible
1785966681.420|[I][webradio] audio_info: slow stream, dropouts are possible
1785966682.420|[W][webradio] stream dead (isRunning=1 for 0ms, bufStalled for 5000ms) — stop + resume Spotify TLS
1785966682.423|[W][webradio] auto-skip exhausted — no playable station
1785966682.428|[I][spotify.tls] tls yield — resumed
1785966682.459|[D][chrome] drawVolume pct=100 keyframe=4
1785966682.463|[D][chrome] drawVolume pct=100 keyframe=4
1785966682.489|[W][perf] iter=75ms (worst path so far: app.tick:457ms)
1785966697.800|[I][hb] display=winamp wifi=rssi(-58) disc=1 heap=44k maxAlloc=41k stack_hwm=12908b uptime=00:01:34 poll=0/0 last=0 block_max=0ms loop_max=459ms slow=app.tick:457ms last_poll_age_ms=0 next_poll_in_ms=5000 last_render_age_ms=15320 build=Aug  5 2026-22:49:2
1785966705.291|[I][webradio] terminal retry — re-arming scan idx=0
1785966705.298|[I][webradio] play idx=0 name=INJECTED url=http://stream.slam.nl/WEB15_MP3
1785966705.425|[I][spotify.tls] tls yield — client stopped
1785966705.430|[membudget] TASK-267 _play pre-acquire lfbInt=42996 freeInt=45892
1785966705.436|[I][webradio] HEAP pre-connect free=45892 min=44512 maxAlloc=42996
1785966705.444|[membudget] CP1-pre-connect skip=0 freeInt=45892 lfbInt=42996 freeDma=2748 lfbDma=1204
1785966705.449|[W][perf] iter=157ms (worst path so far: app.tick:156ms)
1785966705.468|[I][webradio] audio_info: buffers freed, free Heap: 55096 bytes
1785966705.477|[I][webradio] audio_info: Connect to new host: "http://stream.slam.nl/WEB15_MP3"
1785966705.507|[D][chrome] drawVolume pct=100 keyframe=4
1785966705.515|[I][webradio] audio_info: Connection has been established in 29 ms, free Heap: 54124 bytes
1785966705.518|[D][chrome] drawVolume pct=100 keyframe=4
1785966705.540|[I][webradio] audio_info: chunked data transfer
1785966705.549|[I][webradio] audio_info: redirect to new host "http://22333.live.streamtheworld.com/WEB15_MP3_SC"
1785966705.562|[I][webradio] audio_info: buffers freed, free Heap: 54724 bytes
1785966705.572|[I][webradio] audio_info: Connect to new host: "http://22333.live.streamtheworld.com/WEB15_MP3_SC"
1785966705.576|[W][perf] iter=116ms (worst path so far: app.tick:156ms)
1785966705.582|[I][webradio] HEAP play free=53872 min=44512
1785966705.608|[I][webradio] audio_info: Connection has been established in 30 ms, free Heap: 53892 bytes
1785966705.643|[D][chrome] drawVolume pct=100 keyframe=4
1785966705.647|[D][chrome] drawVolume pct=100 keyframe=4
1785966705.673|[W][perf] iter=97ms (worst path so far: app.tick:156ms)
1785966706.458|[W][perf] iter=52ms (worst path so far: app.tick:156ms)
1785966706.512|[W][perf] iter=54ms (worst path so far: app.tick:156ms)
1785966706.566|[W][perf] iter=54ms (worst path so far: app.tick:156ms)
1785966706.620|[W][perf] iter=54ms (worst path so far: app.tick:156ms)
1785966706.674|[W][perf] iter=54ms (worst path so far: app.tick:156ms)
1785966706.728|[W][perf] iter=54ms (worst path so far: app.tick:156ms)
1785966706.782|[W][perf] iter=54ms (worst path so far: app.tick:156ms)
1785966706.836|[W][perf] iter=54ms (worst path so far: app.tick:156ms)
1785966706.890|[W][perf] iter=54ms (worst path so far: app.tick:156ms)
1785966706.944|[W][perf] iter=54ms (worst path so far: app.tick:156ms)
1785966706.999|[W][perf] iter=54ms (worst path so far: app.tick:156ms)
1785966707.052|[W][perf] iter=54ms (worst path so far: app.tick:156ms)
1785966707.106|[W][perf] iter=54ms (worst path so far: app.tick:156ms)
1785966707.160|[W][perf] iter=54ms (worst path so far: app.tick:156ms)
1785966707.215|[W][perf] iter=55ms (worst path so far: app.tick:156ms)
1785966707.269|[W][perf] iter=54ms (worst path so far: app.tick:156ms)
1785966707.323|[W][perf] iter=54ms (worst path so far: app.tick:156ms)
1785966707.377|[W][perf] iter=54ms (worst path so far: app.tick:156ms)
1785966707.431|[W][perf] iter=54ms (worst path so far: app.tick:156ms)
1785966707.485|[W][perf] iter=54ms (worst path so far: app.tick:156ms)
1785966707.539|[W][perf] iter=54ms (worst path so far: app.tick:156ms)
1785966707.593|[W][perf] iter=54ms (worst path so far: app.tick:156ms)
1785966707.647|[W][perf] iter=54ms (worst path so far: app.tick:156ms)
1785966707.701|[W][perf] iter=54ms (worst path so far: app.tick:156ms)
1785966707.755|[W][perf] iter=54ms (worst path so far: app.tick:156ms)
1785966707.810|[W][perf] iter=54ms (worst path so far: app.tick:156ms)
1785966707.863|[W][perf] iter=54ms (worst path so far: app.tick:156ms)
1785966707.917|[W][perf] iter=54ms (worst path so far: app.tick:156ms)
1785966707.972|[W][perf] iter=54ms (worst path so far: app.tick:156ms)
1785966708.025|[W][perf] iter=54ms (worst path so far: app.tick:156ms)
1785966708.079|[W][perf] iter=54ms (worst path so far: app.tick:156ms)
1785966708.133|[W][perf] iter=54ms (worst path so far: app.tick:156ms)
1785966708.187|[W][perf] iter=54ms (worst path so far: app.tick:156ms)
1785966708.241|[W][perf] iter=54ms (worst path so far: app.tick:156ms)
1785966708.295|[W][perf] iter=54ms (worst path so far: app.tick:156ms)
1785966708.349|[W][perf] iter=54ms (worst path so far: app.tick:156ms)
1785966708.403|[W][perf] iter=54ms (worst path so far: app.tick:156ms)
1785966708.457|[W][perf] iter=54ms (worst path so far: app.tick:156ms)
1785966708.511|[W][perf] iter=54ms (worst path so far: app.tick:156ms)
1785966708.565|[W][perf] iter=54ms (worst path so far: app.tick:156ms)
1785966708.619|[W][perf] iter=54ms (worst path so far: app.tick:156ms)
1785966708.673|[W][perf] iter=54ms (worst path so far: app.tick:156ms)
1785966708.727|[W][perf] iter=54ms (worst path so far: app.tick:156ms)
1785966708.781|[W][perf] iter=54ms (worst path so far: app.tick:156ms)
1785966708.835|[W][perf] iter=54ms (worst path so far: app.tick:156ms)
1785966708.889|[W][perf] iter=54ms (worst path so far: app.tick:156ms)
1785966710.582|[W][webradio] stream dead (isRunning=0 for 1740ms, bufStalled for 5000ms) — stop + resume Spotify TLS
1785966710.586|[I][webradio] stall idx=0 — retrying once
1785966710.593|[I][spotify.tls] tls yield — resumed
1785966710.622|[D][chrome] drawVolume pct=100 keyframe=4
1785966710.626|[D][chrome] drawVolume pct=100 keyframe=4
1785966710.651|[W][perf] iter=74ms (worst path so far: wr.pump:2501ms)
1785966710.658|[I][webradio] play idx=0 name=INJECTED url=http://stream.slam.nl/WEB15_MP3
1785966711.095|[I][spotify.tls] tls yield — client stopped
1785966711.100|[membudget] TASK-267 _play pre-acquire lfbInt=42996 freeInt=54872
1785966711.106|[I][webradio] HEAP pre-connect free=54872 min=44228 maxAlloc=42996
1785966711.114|[membudget] CP1-pre-connect skip=0 freeInt=54872 lfbInt=42996 freeDma=11728 lfbDma=10228
1785966711.119|[W][perf] iter=466ms (worst path so far: wr.pump:2501ms)
1785966711.135|[I][webradio] audio_info: buffers freed, free Heap: 54872 bytes
1785966711.143|[I][webradio] audio_info: Connect to new host: "http://stream.slam.nl/WEB15_MP3"
1785966711.177|[I][webradio] audio_info: Connection has been established in 28 ms, free Heap: 53880 bytes
1785966711.183|[D][chrome] drawVolume pct=100 keyframe=4
1785966711.186|[D][chrome] drawVolume pct=100 keyframe=4
1785966711.204|[I][webradio] audio_info: chunked data transfer
1785966711.213|[I][webradio] audio_info: redirect to new host "http://22353.live.streamtheworld.com/WEB15_MP3_SC"
1785966711.226|[I][webradio] audio_info: buffers freed, free Heap: 54488 bytes
1785966711.237|[I][webradio] audio_info: Connect to new host: "http://22353.live.streamtheworld.com/WEB15_MP3_SC"
1785966711.242|[W][perf] iter=116ms (worst path so far: wr.pump:2501ms)
1785966711.289|[I][webradio] audio_info: Connection has been established in 47 ms, free Heap: 53604 bytes
1785966711.324|[D][chrome] drawVolume pct=100 keyframe=4
1785966711.328|[D][chrome] drawVolume pct=100 keyframe=4
1785966711.355|[W][perf] iter=114ms (worst path so far: wr.pump:2501ms)
1785966712.225|[W][perf] iter=53ms (worst path so far: wr.pump:2501ms)
1785966712.279|[W][perf] iter=54ms (worst path so far: wr.pump:2501ms)
1785966712.333|[W][perf] iter=54ms (worst path so far: wr.pump:2501ms)
1785966712.387|[W][perf] iter=54ms (worst path so far: wr.pump:2501ms)
1785966712.441|[W][perf] iter=54ms (worst path so far: wr.pump:2501ms)
1785966712.495|[W][perf] iter=54ms (worst path so far: wr.pump:2501ms)
1785966712.549|[W][perf] iter=54ms (worst path so far: wr.pump:2501ms)
1785966712.603|[W][perf] iter=54ms (worst path so far: wr.pump:2501ms)
1785966712.657|[W][perf] iter=54ms (worst path so far: wr.pump:2501ms)
1785966712.711|[W][perf] iter=54ms (worst path so far: wr.pump:2501ms)
1785966712.765|[W][perf] iter=54ms (worst path so far: wr.pump:2501ms)
1785966712.819|[W][perf] iter=54ms (worst path so far: wr.pump:2501ms)
1785966712.873|[W][perf] iter=54ms (worst path so far: wr.pump:2501ms)
1785966712.928|[W][perf] iter=55ms (worst path so far: wr.pump:2501ms)
1785966712.983|[W][perf] iter=54ms (worst path so far: wr.pump:2501ms)
1785966713.036|[W][perf] iter=54ms (worst path so far: wr.pump:2501ms)
1785966713.090|[W][perf] iter=54ms (worst path so far: wr.pump:2501ms)
1785966713.144|[W][perf] iter=54ms (worst path so far: wr.pump:2501ms)
1785966713.198|[W][perf] iter=54ms (worst path so far: wr.pump:2501ms)
1785966713.252|[W][perf] iter=54ms (worst path so far: wr.pump:2501ms)
1785966713.306|[W][perf] iter=54ms (worst path so far: wr.pump:2501ms)
1785966713.360|[W][perf] iter=54ms (worst path so far: wr.pump:2501ms)
1785966713.414|[W][perf] iter=54ms (worst path so far: wr.pump:2501ms)
1785966713.468|[W][perf] iter=54ms (worst path so far: wr.pump:2501ms)
1785966713.522|[W][perf] iter=54ms (worst path so far: wr.pump:2501ms)
1785966713.576|[W][perf] iter=54ms (worst path so far: wr.pump:2501ms)
1785966713.630|[W][perf] iter=54ms (worst path so far: wr.pump:2501ms)
1785966713.684|[W][perf] iter=54ms (worst path so far: wr.pump:2501ms)
1785966713.738|[W][perf] iter=54ms (worst path so far: wr.pump:2501ms)
1785966713.792|[W][perf] iter=54ms (worst path so far: wr.pump:2501ms)
1785966713.846|[W][perf] iter=54ms (worst path so far: wr.pump:2501ms)
1785966713.900|[W][perf] iter=54ms (worst path so far: wr.pump:2501ms)
1785966713.954|[W][perf] iter=54ms (worst path so far: wr.pump:2501ms)
1785966714.008|[W][perf] iter=54ms (worst path so far: wr.pump:2501ms)
1785966714.062|[W][perf] iter=54ms (worst path so far: wr.pump:2501ms)
1785966714.116|[W][perf] iter=54ms (worst path so far: wr.pump:2501ms)
1785966714.170|[W][perf] iter=54ms (worst path so far: wr.pump:2501ms)
1785966714.224|[W][perf] iter=54ms (worst path so far: wr.pump:2501ms)
1785966714.278|[W][perf] iter=54ms (worst path so far: wr.pump:2501ms)
1785966714.332|[W][perf] iter=54ms (worst path so far: wr.pump:2501ms)
1785966714.386|[W][perf] iter=54ms (worst path so far: wr.pump:2501ms)
1785966714.440|[W][perf] iter=54ms (worst path so far: wr.pump:2501ms)
1785966714.494|[W][perf] iter=54ms (worst path so far: wr.pump:2501ms)
1785966714.548|[W][perf] iter=54ms (worst path so far: wr.pump:2501ms)
1785966714.602|[W][perf] iter=54ms (worst path so far: wr.pump:2501ms)
1785966714.656|[W][perf] iter=54ms (worst path so far: wr.pump:2501ms)
1785966716.247|[W][webradio] stream dead (isRunning=0 for 1637ms, bufStalled for 5000ms) — stop + resume Spotify TLS
1785966716.254|[W][webradio] auto-skip exhausted — no playable station
1785966716.256|[I][spotify.tls] tls yield — resumed
1785966716.287|[D][chrome] drawVolume pct=100 keyframe=4
1785966716.291|[D][chrome] drawVolume pct=100 keyframe=4
1785966716.317|[W][perf] iter=74ms (worst path so far: wr.pump:2501ms)
1785966727.798|[I][hb] display=winamp wifi=rssi(-58) disc=1 heap=53k maxAlloc=41k stack_hwm=12908b uptime=00:02:04 poll=0/0 last=0 block_max=0ms loop_max=466ms slow=wr.pump:2501ms last_poll_age_ms=0 next_poll_in_ms=5000 last_render_age_ms=11492 build=Aug  5 2026-22:49:2
1785966740.655|[I][webradio] terminal retry — re-arming scan idx=0
1785966740.662|[I][webradio] play idx=0 name=INJECTED url=http://stream.slam.nl/WEB15_MP3
1785966740.757|[I][spotify.tls] tls yield — client stopped
1785966740.763|[membudget] TASK-267 _play pre-acquire lfbInt=42996 freeInt=54872
1785966740.768|[I][webradio] HEAP pre-connect free=54872 min=44004 maxAlloc=42996
1785966740.777|[membudget] CP1-pre-connect skip=0 freeInt=54872 lfbInt=42996 freeDma=11728 lfbDma=10228
1785966740.782|[W][perf] iter=126ms (worst path so far: app.tick:125ms)
1785966740.797|[I][webradio] audio_info: buffers freed, free Heap: 54872 bytes
1785966740.807|[I][webradio] audio_info: Connect to new host: "http://stream.slam.nl/WEB15_MP3"
1785966740.841|[I][webradio] audio_info: Connection has been established in 29 ms, free Heap: 53880 bytes
1785966740.846|[D][chrome] drawVolume pct=100 keyframe=4
1785966740.850|[D][chrome] drawVolume pct=100 keyframe=4
1785966740.869|[I][webradio] audio_info: chunked data transfer
1785966740.879|[I][webradio] audio_info: redirect to new host "http://22713.live.streamtheworld.com/WEB15_MP3_SC"
1785966740.891|[I][webradio] audio_info: buffers freed, free Heap: 54492 bytes
1785966740.902|[I][webradio] audio_info: Connect to new host: "http://22713.live.streamtheworld.com/WEB15_MP3_SC"
1785966740.906|[W][perf] iter=116ms (worst path so far: app.tick:125ms)
1785966740.911|[I][webradio] HEAP play free=53796 min=44004
1785966740.937|[I][webradio] audio_info: Connection has been established in 31 ms, free Heap: 53820 bytes
1785966740.973|[D][chrome] drawVolume pct=100 keyframe=4
1785966740.977|[D][chrome] drawVolume pct=100 keyframe=4
1785966741.004|[W][perf] iter=98ms (worst path so far: app.tick:125ms)
1785966741.821|[I][webradio] audio_info: icy-name: SLAM! 00's
1785966741.841|[mbdbg] helix alloc: DecInfo=0x3ffef4c8(2000) FHdr=0x3ffefc98(44) SI=0x3ffefcc4(40) SFJS=0x3ffefcec(36) Huff=0x3ffefd10(4624) Deq=0x3fff0f20(792) IMDCT=0x3fff1238(6944) Sub=0x3fff2d58(8708) FInfo=0x3fff4f5c(28)
1785966741.846|[I][webradio] audio_info: MP3Decoder has been initialized, free Heap: 47472 bytes
1785966741.855|[membudget] CP2-decoder-init freeInt=47472 lfbInt=42996 freeDma=4328 lfbDma=2164 arenaHWM=23216
1785966741.860|[W][perf] iter=53ms (worst path so far: app.tick:125ms)
1785966741.866|[I][webradio] audio_info: slow stream, dropouts are possible
1785966741.869|[I][webradio] audio_info: stream ready
1785966741.873|[I][webradio] audio_info: syncword found at pos 0
1785966741.891|[I][webradio] audio_info: Channels: 2
1785966741.894|[I][webradio] audio_info: SampleRate: 44100
1785966741.896|[I][webradio] audio_info: BitsPerSample: 16
1785966741.902|[I][webradio] audio_info: BitRate: 128000
1785966742.862|[I][webradio] audio_info: slow stream, dropouts are possible
1785966742.908|[I][webradio] audio_info: StreamTitle='Britney Spears - Toxic'
1785966742.927|[D][webradio] ICY: Britney Spears - Toxic
1785966754.134|[I][webradio] audio_info: StreamTitle='Bob Sinclar & Gary Pine - Love Generation'
1785966754.140|[D][webradio] ICY: Bob Sinclar & Gary Pine - Love Generation
1785966757.810|[I][hb] display=winamp wifi=rssi(-59) disc=1 heap=46k maxAlloc=41k stack_hwm=12908b uptime=00:02:34 poll=0/0 last=0 block_max=0ms loop_max=126ms slow=app.tick:125ms last_poll_age_ms=0 next_poll_in_ms=5000 last_render_age_ms=16812 build=Aug  5 2026-22:49:2
1785966767.254|[I][webradio] audio_info: slow stream, dropouts are possible
1785966768.256|[I][webradio] audio_info: slow stream, dropouts are possible
1785966769.256|[I][webradio] audio_info: slow stream, dropouts are possible
1785966770.257|[I][webradio] audio_info: slow stream, dropouts are possible
1785966770.912|[I][webradio] HEAP play free=47596 min=44004
1785966771.258|[I][webradio] audio_info: slow stream, dropouts are possible
1785966772.029|[W][webradio] stream dead (isRunning=1 for 0ms, bufStalled for 5000ms) — stop + resume Spotify TLS
1785966772.032|[I][webradio] stall idx=0 — retrying once
1785966772.036|[I][spotify.tls] tls yield — resumed
1785966772.070|[D][chrome] drawVolume pct=100 keyframe=4
1785966772.074|[D][chrome] drawVolume pct=100 keyframe=4
1785966772.099|[W][perf] iter=76ms (worst path so far: app.tick:75ms)
1785966772.106|[I][webradio] play idx=0 name=INJECTED url=http://stream.slam.nl/WEB15_MP3
1785966772.535|[I][spotify.tls] tls yield — client stopped
1785966772.541|[membudget] TASK-267 _play pre-acquire lfbInt=42996 freeInt=47596
1785966772.546|[I][webradio] HEAP pre-connect free=47596 min=44004 maxAlloc=42996
1785966772.555|[membudget] CP1-pre-connect skip=0 freeInt=47596 lfbInt=42996 freeDma=4452 lfbDma=1652
1785966772.560|[W][perf] iter=458ms (worst path so far: app.tick:456ms)
1785966772.579|[I][webradio] audio_info: buffers freed, free Heap: 49264 bytes
1785966772.588|[I][webradio] audio_info: Connect to new host: "http://stream.slam.nl/WEB15_MP3"
1785966772.614|[D][chrome] drawVolume pct=100 keyframe=4
1785966772.618|[D][chrome] drawVolume pct=100 keyframe=4
1785966772.644|[W][perf] iter=85ms (worst path so far: app.tick:456ms)
1785966772.954|[I][webradio] audio_info: Connection has been established in 358 ms, free Heap: 48616 bytes
1785966772.977|[I][webradio] audio_info: chunked data transfer
1785966772.987|[I][webradio] audio_info: redirect to new host "http://22673.live.streamtheworld.com/WEB15_MP3_SC"
1785966773.000|[I][webradio] audio_info: buffers freed, free Heap: 49024 bytes
1785966773.010|[I][webradio] audio_info: Connect to new host: "http://22673.live.streamtheworld.com/WEB15_MP3_SC"
1785966773.016|[D][chrome] drawVolume pct=100 keyframe=4
1785966773.020|[D][chrome] drawVolume pct=100 keyframe=4
1785966773.050|[W][perf] iter=94ms (worst path so far: app.tick:456ms)
1785966773.058|[I][webradio] audio_info: Connection has been established in 42 ms, free Heap: 48196 bytes
1785966773.906|[I][webradio] audio_info: icy-name: SLAM! 00's
1785966773.925|[mbdbg] helix alloc: DecInfo=0x3ffef4c8(2000) FHdr=0x3ffefc98(44) SI=0x3ffefcc4(40) SFJS=0x3ffefcec(36) Huff=0x3ffefd10(4624) Deq=0x3fff0f20(792) IMDCT=0x3fff1238(6944) Sub=0x3fff2d58(8708) FInfo=0x3fff4f5c(28)
1785966773.930|[I][webradio] audio_info: MP3Decoder has been initialized, free Heap: 46984 bytes
1785966773.939|[membudget] CP2-decoder-init freeInt=46984 lfbInt=42996 freeDma=3840 lfbDma=3060 arenaHWM=23216
1785966773.944|[W][perf] iter=53ms (worst path so far: app.tick:456ms)
1785966773.949|[I][webradio] audio_info: slow stream, dropouts are possible
1785966774.945|[I][webradio] audio_info: slow stream, dropouts are possible
1785966775.946|[I][webradio] audio_info: slow stream, dropouts are possible
1785966776.947|[I][webradio] audio_info: slow stream, dropouts are possible
1785966777.949|[I][webradio] audio_info: slow stream, dropouts are possible
1785966778.950|[W][webradio] stream dead (isRunning=1 for 0ms, bufStalled for 5000ms) — stop + resume Spotify TLS
1785966778.953|[W][webradio] auto-skip exhausted — no playable station
1785966778.959|[I][spotify.tls] tls yield — resumed
1785966778.989|[D][chrome] drawVolume pct=100 keyframe=4
1785966778.993|[D][chrome] drawVolume pct=100 keyframe=4
1785966779.020|[W][perf] iter=74ms (worst path so far: app.tick:456ms)
1785966787.804|[I][hb] display=winamp wifi=rssi(-57) disc=1 heap=49k maxAlloc=41k stack_hwm=12908b uptime=00:03:04 poll=0/0 last=0 block_max=0ms loop_max=458ms slow=app.tick:456ms last_poll_age_ms=0 next_poll_in_ms=5000 last_render_age_ms=8795 build=Aug  5 2026-22:49:22
1785966802.102|[I][webradio] terminal retry — re-arming scan idx=0
1785966802.110|[I][webradio] play idx=0 name=INJECTED url=http://stream.slam.nl/WEB15_MP3
1785966802.457|[I][spotify.tls] tls yield — client stopped
1785966802.463|[membudget] TASK-267 _play pre-acquire lfbInt=42996 freeInt=46188
1785966802.468|[I][webradio] HEAP pre-connect free=46188 min=44004 maxAlloc=42996
1785966802.476|[membudget] CP1-pre-connect skip=0 freeInt=46188 lfbInt=42996 freeDma=3044 lfbDma=1332
1785966802.481|[W][perf] iter=378ms (worst path so far: app.tick:377ms)
1785966802.503|[I][webradio] audio_info: buffers freed, free Heap: 55320 bytes
1785966802.512|[I][webradio] audio_info: Connect to new host: "http://stream.slam.nl/WEB15_MP3"
1785966802.538|[D][chrome] drawVolume pct=100 keyframe=4
1785966802.542|[D][chrome] drawVolume pct=100 keyframe=4
1785966802.567|[W][perf] iter=86ms (worst path so far: app.tick:377ms)
1785966802.602|[I][webradio] audio_info: Connection has been established in 85 ms, free Heap: 54528 bytes
1785966802.608|[I][webradio] HEAP play free=53136 min=44004
1785966802.627|[I][webradio] audio_info: chunked data transfer
1785966802.637|[I][webradio] audio_info: redirect to new host "http://22333.live.streamtheworld.com/WEB15_MP3_SC"
1785966802.650|[I][webradio] audio_info: buffers freed, free Heap: 54948 bytes
1785966802.660|[I][webradio] audio_info: Connect to new host: "http://22333.live.streamtheworld.com/WEB15_MP3_SC"
1785966802.666|[D][chrome] drawVolume pct=100 keyframe=4
1785966802.670|[D][chrome] drawVolume pct=100 keyframe=4
1785966802.701|[I][webradio] audio_info: Connection has been established in 37 ms, free Heap: 54132 bytes
1785966802.707|[W][perf] iter=98ms (worst path so far: app.tick:377ms)
1785966803.597|[W][perf] iter=53ms (worst path so far: app.tick:377ms)
1785966803.651|[W][perf] iter=54ms (worst path so far: app.tick:377ms)
1785966803.705|[W][perf] iter=54ms (worst path so far: app.tick:377ms)
1785966803.758|[W][perf] iter=54ms (worst path so far: app.tick:377ms)
1785966803.813|[W][perf] iter=54ms (worst path so far: app.tick:377ms)
1785966803.867|[W][perf] iter=54ms (worst path so far: app.tick:377ms)
1785966803.921|[W][perf] iter=54ms (worst path so far: app.tick:377ms)
1785966803.975|[W][perf] iter=54ms (worst path so far: app.tick:377ms)
1785966804.028|[W][perf] iter=54ms (worst path so far: app.tick:377ms)
1785966804.083|[W][perf] iter=54ms (worst path so far: app.tick:377ms)
1785966804.137|[W][perf] iter=54ms (worst path so far: app.tick:377ms)
1785966804.191|[W][perf] iter=54ms (worst path so far: app.tick:377ms)
1785966804.246|[W][perf] iter=55ms (worst path so far: app.tick:377ms)
1785966804.300|[W][perf] iter=54ms (worst path so far: app.tick:377ms)
1785966804.354|[W][perf] iter=54ms (worst path so far: app.tick:377ms)
1785966804.408|[W][perf] iter=54ms (worst path so far: app.tick:377ms)
1785966804.461|[W][perf] iter=54ms (worst path so far: app.tick:377ms)
1785966804.516|[W][perf] iter=54ms (worst path so far: app.tick:377ms)
1785966804.569|[W][perf] iter=54ms (worst path so far: app.tick:377ms)
1785966804.624|[W][perf] iter=54ms (worst path so far: app.tick:377ms)
1785966804.678|[W][perf] iter=54ms (worst path so far: app.tick:377ms)
1785966804.732|[W][perf] iter=54ms (worst path so far: app.tick:377ms)
1785966804.785|[W][perf] iter=54ms (worst path so far: app.tick:377ms)
1785966804.840|[W][perf] iter=54ms (worst path so far: app.tick:377ms)
1785966804.894|[W][perf] iter=54ms (worst path so far: app.tick:377ms)
1785966804.948|[W][perf] iter=54ms (worst path so far: app.tick:377ms)
1785966805.001|[W][perf] iter=54ms (worst path so far: app.tick:377ms)
1785966805.056|[W][perf] iter=54ms (worst path so far: app.tick:377ms)
1785966805.109|[W][perf] iter=54ms (worst path so far: app.tick:377ms)
1785966805.164|[W][perf] iter=54ms (worst path so far: app.tick:377ms)
1785966805.219|[W][perf] iter=54ms (worst path so far: app.tick:377ms)
1785966805.271|[W][perf] iter=54ms (worst path so far: app.tick:377ms)
1785966805.325|[W][perf] iter=54ms (worst path so far: app.tick:377ms)
1785966805.379|[W][perf] iter=54ms (worst path so far: app.tick:377ms)
1785966805.434|[W][perf] iter=54ms (worst path so far: app.tick:377ms)
1785966805.487|[W][perf] iter=54ms (worst path so far: app.tick:377ms)
1785966805.541|[W][perf] iter=54ms (worst path so far: app.tick:377ms)
1785966805.595|[W][perf] iter=54ms (worst path so far: app.tick:377ms)
1785966805.650|[W][perf] iter=54ms (worst path so far: app.tick:377ms)
1785966805.703|[W][perf] iter=54ms (worst path so far: app.tick:377ms)
1785966805.758|[W][perf] iter=54ms (worst path so far: app.tick:377ms)
1785966805.812|[W][perf] iter=54ms (worst path so far: app.tick:377ms)
1785966805.866|[W][perf] iter=54ms (worst path so far: app.tick:377ms)
1785966805.919|[W][perf] iter=54ms (worst path so far: app.tick:377ms)
1785966805.974|[W][perf] iter=54ms (worst path so far: app.tick:377ms)
1785966806.028|[W][perf] iter=54ms (worst path so far: app.tick:377ms)
1785966807.610|[W][webradio] stream dead (isRunning=0 for 1629ms, bufStalled for 5000ms) — stop + resume Spotify TLS
1785966807.614|[I][webradio] stall idx=0 — retrying once
1785966807.621|[I][spotify.tls] tls yield — resumed
1785966807.650|[D][chrome] drawVolume pct=100 keyframe=4
1785966807.653|[D][chrome] drawVolume pct=100 keyframe=4
1785966807.678|[W][perf] iter=74ms (worst path so far: wr.pump:2501ms)
1785966807.687|[I][webradio] play idx=0 name=INJECTED url=http://stream.slam.nl/WEB15_MP3
1785966808.123|[I][spotify.tls] tls yield — client stopped
1785966808.128|[membudget] TASK-267 _play pre-acquire lfbInt=42996 freeInt=55096
1785966808.133|[I][webradio] HEAP pre-connect free=55096 min=44004 maxAlloc=42996
1785966808.142|[membudget] CP1-pre-connect skip=0 freeInt=55096 lfbInt=42996 freeDma=11952 lfbDma=10228
1785966808.147|[W][perf] iter=466ms (worst path so far: wr.pump:2501ms)
1785966808.161|[I][webradio] audio_info: buffers freed, free Heap: 55096 bytes
1785966808.170|[I][webradio] audio_info: Connect to new host: "http://stream.slam.nl/WEB15_MP3"
1785966808.205|[I][webradio] audio_info: Connection has been established in 29 ms, free Heap: 54312 bytes
1785966808.210|[D][chrome] drawVolume pct=100 keyframe=4
1785966808.214|[D][chrome] drawVolume pct=100 keyframe=4
1785966808.231|[I][webradio] audio_info: chunked data transfer
1785966808.240|[I][webradio] audio_info: redirect to new host "http://22673.live.streamtheworld.com/WEB15_MP3_SC"
1785966808.253|[I][webradio] audio_info: buffers freed, free Heap: 54724 bytes
1785966808.264|[I][webradio] audio_info: Connect to new host: "http://22673.live.streamtheworld.com/WEB15_MP3_SC"
1785966808.269|[W][perf] iter=115ms (worst path so far: wr.pump:2501ms)
1785966808.292|[I][webradio] audio_info: Connection has been established in 23 ms, free Heap: 54044 bytes
1785966808.328|[D][chrome] drawVolume pct=100 keyframe=4
1785966808.331|[D][chrome] drawVolume pct=100 keyframe=4
1785966808.357|[W][perf] iter=90ms (worst path so far: wr.pump:2501ms)
1785966809.540|[I][webradio] audio_info: icy-name: SLAM! 00's
1785966809.560|[mbdbg] helix alloc: DecInfo=0x3ffef4c8(2000) FHdr=0x3ffefc98(44) SI=0x3ffefcc4(40) SFJS=0x3ffefcec(36) Huff=0x3ffefd10(4624) Deq=0x3fff0f20(792) IMDCT=0x3fff1238(6944) Sub=0x3fff2d58(8708) FInfo=0x3fff4f5c(28)
1785966809.565|[I][webradio] audio_info: MP3Decoder has been initialized, free Heap: 47692 bytes
1785966809.574|[membudget] CP2-decoder-init freeInt=47692 lfbInt=42996 freeDma=4548 lfbDma=2164 arenaHWM=23216
1785966809.579|[W][perf] iter=52ms (worst path so far: wr.pump:2501ms)
1785966809.585|[I][webradio] audio_info: slow stream, dropouts are possible
1785966809.588|[I][webradio] audio_info: stream ready
1785966809.592|[I][webradio] audio_info: syncword found at pos 0
1785966809.603|[I][webradio] audio_info: Channels: 2
1785966809.606|[I][webradio] audio_info: SampleRate: 44100
1785966809.609|[I][webradio] audio_info: BitsPerSample: 16
1785966809.614|[I][webradio] audio_info: BitRate: 128000
1785966810.213|[I][webradio] audio_info: StreamTitle='Bob Sinclar & Gary Pine - Love Generation'
1785966810.219|[D][webradio] ICY: Bob Sinclar & Gary Pine - Love Generation
1785966817.830|[I][hb] display=winamp wifi=rssi(-53) disc=1 heap=46k maxAlloc=41k stack_hwm=12908b uptime=00:03:34 poll=0/0 last=0 block_max=0ms loop_max=466ms slow=wr.pump:2501ms last_poll_age_ms=0 next_poll_in_ms=5000 last_render_age_ms=9459 build=Aug  5 2026-22:49:22
1785966832.621|[I][webradio] HEAP play free=46424 min=44004
1785966840.075|[I][webradio] audio_info: slow stream, dropouts are possible
1785966847.832|[I][hb] display=winamp wifi=rssi(-54) disc=1 heap=47k maxAlloc=41k stack_hwm=12908b uptime=00:04:04 poll=0/0 last=0 block_max=0ms loop_max=48ms slow=app.tick:23ms last_poll_age_ms=0 next_poll_in_ms=5000 last_render_age_ms=39469 build=Aug  5 2026-22:49:22
1785966862.620|[I][webradio] HEAP play free=46652 min=44004
1785966877.842|[I][hb] display=winamp wifi=rssi(-54) disc=1 heap=47k maxAlloc=41k stack_hwm=12908b uptime=00:04:34 poll=0/0 last=0 block_max=0ms loop_max=46ms slow=app.tick:26ms last_poll_age_ms=0 next_poll_in_ms=5000 last_render_age_ms=69469 build=Aug  5 2026-22:49:22
1785966892.622|[I][webradio] HEAP play free=46652 min=44004
1785966907.831|[I][hb] display=winamp wifi=rssi(-53) disc=1 heap=47k maxAlloc=41k stack_hwm=12908b uptime=00:05:04 poll=0/0 last=0 block_max=0ms loop_max=50ms slow=app.tick:23ms last_poll_age_ms=0 next_poll_in_ms=5000 last_render_age_ms=99473 build=Aug  5 2026-22:49:22
1785966909.376|{"ok":true,"cmd":"get","var":"wrState","state":2,"last":true}
1785966919.407|{"ok":true,"cmd":"get","var":"wrState","state":2,"last":true}
1785966919.436|{"ok":true,"cmd":"get","var":"wrIdx","idx":0,"last":true}
1785966922.622|[I][webradio] HEAP play free=46872 min=44004
1785966937.847|[I][hb] display=winamp wifi=rssi(-54) disc=1 heap=49k maxAlloc=41k stack_hwm=12908b uptime=00:05:34 poll=0/0 last=0 block_max=0ms loop_max=47ms slow=wr.pump:23ms last_poll_age_ms=0 next_poll_in_ms=5000 last_render_age_ms=129473 build=Aug  5 2026-22:49:22
1785966939.469|{"ok":true,"cmd":"get","var":"wrState","state":2,"last":true}
1785966952.614|[I][webradio] audio_info: StreamTitle='Audio Bullys Feat Nancy Sinatra - Shot Me Down'
1785966952.621|[D][webradio] ICY: Audio Bullys Feat Nancy Sinatra - Shot Me Down
1785966952.636|[I][webradio] HEAP play free=49040 min=44004
1785966967.833|[I][hb] display=winamp wifi=rssi(-55) disc=1 heap=49k maxAlloc=41k stack_hwm=12908b uptime=00:06:04 poll=0/0 last=0 block_max=0ms loop_max=46ms slow=app.tick:24ms last_poll_age_ms=0 next_poll_in_ms=5000 last_render_age_ms=159473 build=Aug  5 2026-22:49:22
1785966969.489|{"ok":true,"cmd":"get","var":"wrState","state":2,"last":true}
1785966982.641|[I][webradio] HEAP play free=49040 min=44004
1785966997.822|[I][hb] display=winamp wifi=rssi(-55) disc=1 heap=46k maxAlloc=41k stack_hwm=12908b uptime=00:06:34 poll=0/0 last=0 block_max=0ms loop_max=49ms slow=app.tick:26ms last_poll_age_ms=0 next_poll_in_ms=5000 last_render_age_ms=189473 build=Aug  5 2026-22:49:22
1785966999.524|{"ok":true,"cmd":"get","var":"wrState","state":2,"last":true}
1785967012.641|[I][webradio] HEAP play free=50752 min=44004
1785967027.834|[I][hb] display=winamp wifi=rssi(-55) disc=1 heap=46k maxAlloc=41k stack_hwm=12908b uptime=00:07:04 poll=0/0 last=0 block_max=0ms loop_max=28ms slow=app.tick:26ms last_poll_age_ms=0 next_poll_in_ms=5000 last_render_age_ms=219479 build=Aug  5 2026-22:49:22
1785967029.565|{"ok":true,"cmd":"get","var":"wrState","state":2,"last":true}
1785967042.649|[I][webradio] HEAP play free=50752 min=44004
1785967057.842|[I][hb] display=winamp wifi=rssi(-54) disc=1 heap=47k maxAlloc=41k stack_hwm=12908b uptime=00:07:34 poll=0/0 last=0 block_max=0ms loop_max=47ms slow=wr.pump:23ms last_poll_age_ms=0 next_poll_in_ms=5000 last_render_age_ms=249491 build=Aug  5 2026-22:49:22
1785967057.854|[W][perf] iter=51ms (worst path so far: wr.pump:21ms)
1785967059.605|{"ok":true,"cmd":"get","var":"wrState","state":2,"last":true}
1785967072.653|[I][webradio] HEAP play free=47360 min=44004
1785967087.841|[I][hb] display=winamp wifi=rssi(-55) disc=1 heap=47k maxAlloc=41k stack_hwm=12908b uptime=00:08:04 poll=0/0 last=0 block_max=0ms loop_max=51ms slow=wr.pump:23ms last_poll_age_ms=0 next_poll_in_ms=5000 last_render_age_ms=279491 build=Aug  5 2026-22:49:22
1785967089.621|{"ok":true,"cmd":"get","var":"wrState","state":2,"last":true}
1785967102.654|[I][webradio] HEAP play free=49064 min=44004
1785967117.856|[I][hb] display=winamp wifi=rssi(-55) disc=1 heap=47k maxAlloc=41k stack_hwm=12908b uptime=00:08:34 poll=0/0 last=0 block_max=0ms loop_max=25ms slow=wr.pump:23ms last_poll_age_ms=0 next_poll_in_ms=5000 last_render_age_ms=309498 build=Aug  5 2026-22:49:22
1785967119.657|{"ok":true,"cmd":"get","var":"wrState","state":2,"last":true}
1785967132.660|[I][webradio] HEAP play free=49072 min=44004
1785967142.624|[I][webradio] audio_info: StreamTitle='Jennifer Lopez - Love Don't Cost A Thing'
1785967142.630|[D][webradio] ICY: Jennifer Lopez - Love Don't Cost A Thing
1785967147.867|[I][hb] display=winamp wifi=rssi(-55) disc=1 heap=49k maxAlloc=41k stack_hwm=12908b uptime=00:09:04 poll=0/0 last=0 block_max=0ms loop_max=46ms slow=wr.pump:23ms last_poll_age_ms=0 next_poll_in_ms=5000 last_render_age_ms=339510 build=Aug  5 2026-22:49:22
1785967149.677|{"ok":true,"cmd":"get","var":"wrState","state":2,"last":true}
1785967162.675|[I][webradio] HEAP play free=49064 min=44004
1785967177.878|[I][hb] display=winamp wifi=rssi(-52) disc=1 heap=46k maxAlloc=41k stack_hwm=12908b uptime=00:09:34 poll=0/0 last=0 block_max=0ms loop_max=45ms slow=app.tick:25ms last_poll_age_ms=0 next_poll_in_ms=5000 last_render_age_ms=369511 build=Aug  5 2026-22:49:22
1785967179.713|{"ok":true,"cmd":"get","var":"wrState","state":2,"last":true}
1785967192.675|[I][webradio] HEAP play free=50572 min=44004
1785967207.868|[I][hb] display=winamp wifi=rssi(-54) disc=1 heap=47k maxAlloc=41k stack_hwm=12908b uptime=00:10:04 poll=0/0 last=0 block_max=0ms loop_max=50ms slow=wr.pump:23ms last_poll_age_ms=0 next_poll_in_ms=5000 last_render_age_ms=399515 build=Aug  5 2026-22:49:22
1785967209.732|{"ok":true,"cmd":"get","var":"wrState","state":2,"last":true}
1785967219.759|{"ok":true,"cmd":"get","var":"wrState","state":2,"last":true}
1785967219.784|{"ok":true,"cmd":"get","var":"wrIdx","idx":0,"last":true}
1785967222.676|[I][webradio] HEAP play free=47352 min=44004
1785967237.884|[I][hb] display=winamp wifi=rssi(-53) disc=1 heap=47k maxAlloc=41k stack_hwm=12908b uptime=00:10:34 poll=0/0 last=0 block_max=0ms loop_max=46ms slow=wr.pump:23ms last_poll_age_ms=0 next_poll_in_ms=5000 last_render_age_ms=429526 build=Aug  5 2026-22:49:22
1785967239.819|{"ok":true,"cmd":"get","var":"wrState","state":2,"last":true}
1785967252.686|[I][webradio] HEAP play free=47352 min=44004
1785967267.873|[I][hb] display=winamp wifi=rssi(-55) disc=1 heap=47k maxAlloc=41k stack_hwm=12908b uptime=00:11:04 poll=0/0 last=0 block_max=0ms loop_max=48ms slow=wr.pump:23ms last_poll_age_ms=0 next_poll_in_ms=5000 last_render_age_ms=459526 build=Aug  5 2026-22:49:22
1785967269.841|{"ok":true,"cmd":"get","var":"wrState","state":2,"last":true}
1785967282.686|[I][webradio] HEAP play free=49072 min=44004
1785967297.885|[I][hb] display=winamp wifi=rssi(-54) disc=1 heap=46k maxAlloc=41k stack_hwm=12908b uptime=00:11:34 poll=0/0 last=0 block_max=0ms loop_max=25ms slow=wr.pump:23ms last_poll_age_ms=0 next_poll_in_ms=5000 last_render_age_ms=489537 build=Aug  5 2026-22:49:22
1785967299.875|{"ok":true,"cmd":"get","var":"wrState","state":2,"last":true}
1785967312.691|[I][webradio] HEAP play free=49064 min=44004
1785967327.900|[I][hb] display=winamp wifi=rssi(-55) disc=1 heap=46k maxAlloc=41k stack_hwm=12908b uptime=00:12:04 poll=0/0 last=0 block_max=0ms loop_max=45ms slow=wr.pump:22ms last_poll_age_ms=0 next_poll_in_ms=5000 last_render_age_ms=519545 build=Aug  5 2026-22:49:22
1785967329.914|{"ok":true,"cmd":"get","var":"wrState","state":2,"last":true}
1785967342.703|[I][webradio] HEAP play free=49064 min=44004
1785967357.889|[I][hb] display=winamp wifi=rssi(-54) disc=1 heap=47k maxAlloc=41k stack_hwm=12908b uptime=00:12:34 poll=0/0 last=0 block_max=0ms loop_max=46ms slow=app.tick:27ms last_poll_age_ms=0 next_poll_in_ms=5000 last_render_age_ms=549546 build=Aug  5 2026-22:49:22
1785967357.940|{"ok":true,"cmd":"get","var":"wrState","state":2,"last":true}
1785967372.703|[I][webradio] HEAP play free=47344 min=44004
1785967375.604|[I][webradio] audio_info: StreamTitle='LMC Vs U2 - Take Me To The Clouds Above'
1785967375.609|[D][webradio] ICY: LMC Vs U2 - Take Me To The Clouds Above
1785967387.899|[I][hb] display=winamp wifi=rssi(-54) disc=1 heap=47k maxAlloc=41k stack_hwm=12908b uptime=00:13:04 poll=0/0 last=0 block_max=0ms loop_max=28ms slow=app.tick:26ms last_poll_age_ms=0 next_poll_in_ms=5000 last_render_age_ms=579551 build=Aug  5 2026-22:49:22
1785967387.961|{"ok":true,"cmd":"get","var":"wrState","state":2,"last":true}
1785967402.712|[I][webradio] HEAP play free=47344 min=44004
1785967417.906|[I][hb] display=winamp wifi=rssi(-54) disc=1 heap=47k maxAlloc=41k stack_hwm=12908b uptime=00:13:34 poll=0/0 last=0 block_max=0ms loop_max=47ms slow=wr.pump:23ms last_poll_age_ms=0 next_poll_in_ms=5000 last_render_age_ms=609562 build=Aug  5 2026-22:49:22
1785967417.999|{"ok":true,"cmd":"get","var":"wrState","state":2,"last":true}
1785967432.710|[I][webradio] HEAP play free=49048 min=44004
1785967432.739|[I][webradio] audio_info: slow stream, dropouts are possible
1785967447.922|[I][hb] display=winamp wifi=rssi(-55) disc=1 heap=47k maxAlloc=41k stack_hwm=12908b uptime=00:14:04 poll=0/0 last=0 block_max=0ms loop_max=49ms slow=wr.pump:23ms last_poll_age_ms=0 next_poll_in_ms=5000 last_render_age_ms=639574 build=Aug  5 2026-22:49:22
1785967448.032|{"ok":true,"cmd":"get","var":"wrState","state":2,"last":true}
1785967462.713|[I][webradio] HEAP play free=47344 min=44004
1785967477.934|[I][hb] display=winamp wifi=rssi(-54) disc=1 heap=47k maxAlloc=41k stack_hwm=12908b uptime=00:14:35 poll=0/0 last=0 block_max=0ms loop_max=48ms slow=wr.pump:23ms last_poll_age_ms=0 next_poll_in_ms=5000 last_render_age_ms=669585 build=Aug  5 2026-22:49:22
1785967477.960|[W][perf] iter=54ms (worst path so far: wr.pump:21ms)
1785967478.063|{"ok":true,"cmd":"get","var":"wrState","state":2,"last":true}
1785967492.717|[I][webradio] HEAP play free=47360 min=44004
1785967507.925|[I][hb] display=winamp wifi=rssi(-55) disc=1 heap=46k maxAlloc=41k stack_hwm=12908b uptime=00:15:05 poll=0/0 last=0 block_max=0ms loop_max=54ms slow=app.tick:26ms last_poll_age_ms=0 next_poll_in_ms=5000 last_render_age_ms=699585 build=Aug  5 2026-22:49:22
1785967508.089|{"ok":true,"cmd":"get","var":"wrState","state":2,"last":true}
1785967518.012|[I][webradio] audio_info: StreamTitle='Galleon - So I Begin'
1785967518.017|[D][webradio] ICY: Galleon - So I Begin
1785967520.104|{"ok":true,"cmd":"get","var":"wrState","state":2,"last":true}
1785967520.128|{"ok":true,"cmd":"get","var":"wrIdx","idx":0,"last":true}
1785967522.730|[I][webradio] HEAP play free=49072 min=44004
1785967537.939|[I][hb] display=winamp wifi=rssi(-54) disc=1 heap=46k maxAlloc=41k stack_hwm=12908b uptime=00:15:35 poll=0/0 last=0 block_max=0ms loop_max=25ms slow=wr.pump:23ms last_poll_age_ms=0 next_poll_in_ms=5000 last_render_age_ms=729591 build=Aug  5 2026-22:49:22
1785967538.154|{"ok":true,"cmd":"get","var":"wrState","state":2,"last":true}
1785967552.730|[I][webradio] HEAP play free=49064 min=44004
1785967567.946|[I][hb] display=winamp wifi=rssi(-54) disc=1 heap=46k maxAlloc=41k stack_hwm=12908b uptime=00:16:05 poll=0/0 last=0 block_max=0ms loop_max=47ms slow=wr.pump:22ms last_poll_age_ms=0 next_poll_in_ms=5000 last_render_age_ms=759604 build=Aug  5 2026-22:49:22
1785967568.194|{"ok":true,"cmd":"get","var":"wrState","state":2,"last":true}
1785967582.743|[I][webradio] HEAP play free=47352 min=44004
1785967597.964|[I][hb] display=winamp wifi=rssi(-54) disc=1 heap=47k maxAlloc=41k stack_hwm=12908b uptime=00:16:35 poll=0/0 last=0 block_max=0ms loop_max=48ms slow=app.tick:26ms last_poll_age_ms=0 next_poll_in_ms=5000 last_render_age_ms=789605 build=Aug  5 2026-22:49:22
1785967598.234|{"ok":true,"cmd":"get","var":"wrState","state":2,"last":true}
1785967612.749|[I][webradio] HEAP play free=47360 min=44004
1785967627.955|[I][hb] display=winamp wifi=rssi(-54) disc=1 heap=47k maxAlloc=41k stack_hwm=12908b uptime=00:17:05 poll=0/0 last=0 block_max=0ms loop_max=50ms slow=wr.pump:23ms last_poll_age_ms=0 next_poll_in_ms=5000 last_render_age_ms=819609 build=Aug  5 2026-22:49:22
1785967628.264|{"ok":true,"cmd":"get","var":"wrState","state":2,"last":true}
1785967642.747|[I][webradio] HEAP play free=47352 min=44004
1785967657.971|[I][hb] display=winamp wifi=rssi(-54) disc=1 heap=49k maxAlloc=41k stack_hwm=12908b uptime=00:17:35 poll=0/0 last=0 block_max=0ms loop_max=47ms slow=wr.pump:23ms last_poll_age_ms=0 next_poll_in_ms=5000 last_render_age_ms=849609 build=Aug  5 2026-22:49:22
1785967658.286|{"ok":true,"cmd":"get","var":"wrState","state":2,"last":true}
1785967672.753|[I][webradio] HEAP play free=49072 min=44004
1785967687.960|[I][hb] display=winamp wifi=rssi(-54) disc=1 heap=46k maxAlloc=41k stack_hwm=12908b uptime=00:18:05 poll=0/0 last=0 block_max=0ms loop_max=48ms slow=wr.pump:23ms last_poll_age_ms=0 next_poll_in_ms=5000 last_render_age_ms=879615 build=Aug  5 2026-22:49:22
1785967688.321|{"ok":true,"cmd":"get","var":"wrState","state":2,"last":true}
1785967702.765|[I][webradio] HEAP play free=49064 min=44004
1785967717.973|[I][hb] display=winamp wifi=rssi(-54) disc=1 heap=46k maxAlloc=41k stack_hwm=12908b uptime=00:18:35 poll=0/0 last=0 block_max=0ms loop_max=45ms slow=wr.pump:23ms last_poll_age_ms=0 next_poll_in_ms=5000 last_render_age_ms=909626 build=Aug  5 2026-22:49:22
1785967718.343|{"ok":true,"cmd":"get","var":"wrState","state":2,"last":true}
1785967732.778|[I][webradio] HEAP play free=49072 min=44004
1785967747.986|[I][hb] display=winamp wifi=rssi(-55) disc=1 heap=47k maxAlloc=41k stack_hwm=12908b uptime=00:19:05 poll=0/0 last=0 block_max=0ms loop_max=47ms slow=app.tick:23ms last_poll_age_ms=0 next_poll_in_ms=5000 last_render_age_ms=939639 build=Aug  5 2026-22:49:22
1785967748.384|{"ok":true,"cmd":"get","var":"wrState","state":2,"last":true}
1785967762.791|[I][webradio] HEAP play free=47352 min=44004
1785967769.023|[I][webradio] audio_info: StreamTitle='The Underdog Project Vs. Sunclub - Summer Jam 2003'
1785967769.030|[D][webradio] ICY: The Underdog Project Vs. Sunclub - Summer Jam 2003
1785967777.975|[I][hb] display=winamp wifi=rssi(-54) disc=1 heap=47k maxAlloc=41k stack_hwm=12908b uptime=00:19:35 poll=0/0 last=0 block_max=0ms loop_max=50ms slow=app.tick:26ms last_poll_age_ms=0 next_poll_in_ms=5000 last_render_age_ms=969639 build=Aug  5 2026-22:49:22
1785967778.423|{"ok":true,"cmd":"get","var":"wrState","state":2,"last":true}
1785967792.791|[I][webradio] HEAP play free=47352 min=44004
1785967807.993|[I][hb] display=winamp wifi=rssi(-54) disc=1 heap=47k maxAlloc=41k stack_hwm=12908b uptime=00:20:05 poll=0/0 last=0 block_max=0ms loop_max=26ms slow=wr.pump:23ms last_poll_age_ms=0 next_poll_in_ms=5000 last_render_age_ms=999644 build=Aug  5 2026-22:49:22
1785967808.463|{"ok":true,"cmd":"get","var":"wrState","state":2,"last":true}
1785967820.480|{"ok":true,"cmd":"get","var":"wrState","state":2,"last":true}
1785967820.503|{"ok":true,"cmd":"get","var":"wrIdx","idx":0,"last":true}
1785967822.799|[I][webradio] HEAP play free=49064 min=44004
1785967837.980|[I][hb] display=winamp wifi=rssi(-54) disc=1 heap=49k maxAlloc=41k stack_hwm=12908b uptime=00:20:35 poll=0/0 last=0 block_max=0ms loop_max=47ms slow=wr.pump:23ms last_poll_age_ms=0 next_poll_in_ms=5000 last_render_age_ms=1029645 build=Aug  5 2026-22:49:22
1785967838.530|{"ok":true,"cmd":"get","var":"wrState","state":2,"last":true}
1785967852.805|[I][webradio] HEAP play free=49072 min=44004
1785967867.990|[I][hb] display=winamp wifi=rssi(-54) disc=1 heap=46k maxAlloc=41k stack_hwm=12908b uptime=00:21:05 poll=0/0 last=0 block_max=0ms loop_max=25ms slow=wr.pump:23ms last_poll_age_ms=0 next_poll_in_ms=5000 last_render_age_ms=1059645 build=Aug  5 2026-22:49:22
1785967868.568|{"ok":true,"cmd":"get","var":"wrState","state":2,"last":true}
1785967882.807|[I][webradio] HEAP play free=49064 min=44004
1785967897.980|[I][hb] display=winamp wifi=rssi(-54) disc=1 heap=46k maxAlloc=41k stack_hwm=12908b uptime=00:21:35 poll=0/0 last=0 block_max=0ms loop_max=49ms slow=app.tick:26ms last_poll_age_ms=0 next_poll_in_ms=5000 last_render_age_ms=1089645 build=Aug  5 2026-22:49:2
1785967898.587|{"ok":true,"cmd":"get","var":"wrState","state":2,"last":true}
1785967912.819|[I][webradio] HEAP play free=47148 min=44004
1785967927.991|[I][hb] display=winamp wifi=rssi(-54) disc=1 heap=46k maxAlloc=41k stack_hwm=12908b uptime=00:22:05 poll=0/0 last=0 block_max=0ms loop_max=25ms slow=wr.pump:23ms last_poll_age_ms=0 next_poll_in_ms=5000 last_render_age_ms=1119650 build=Aug  5 2026-22:49:22
1785967928.602|{"ok":true,"cmd":"get","var":"wrState","state":2,"last":true}
1785967942.829|[I][webradio] HEAP play free=47352 min=44004
1785967958.007|[I][hb] display=winamp wifi=rssi(-55) disc=1 heap=47k maxAlloc=41k stack_hwm=12908b uptime=00:22:35 poll=0/0 last=0 block_max=0ms loop_max=47ms slow=app.tick:23ms last_poll_age_ms=0 next_poll_in_ms=5000 last_render_age_ms=1149663 build=Aug  5 2026-22:49:2
1785967958.014|[W][perf] iter=51ms (worst path so far: wr.pump:21ms)
1785967958.631|{"ok":true,"cmd":"get","var":"wrState","state":2,"last":true}
1785967972.839|[I][webradio] HEAP play free=47352 min=44004
1785967988.015|[I][hb] display=winamp wifi=rssi(-54) disc=1 heap=47k maxAlloc=41k stack_hwm=12908b uptime=00:23:05 poll=0/0 last=0 block_max=0ms loop_max=51ms slow=wr.pump:23ms last_poll_age_ms=0 next_poll_in_ms=5000 last_render_age_ms=1179664 build=Aug  5 2026-22:49:22
1785967988.652|{"ok":true,"cmd":"get","var":"wrState","state":2,"last":true}
1785967997.015|[I][webradio] audio_info: StreamTitle='Armand Van Helden - My My My'
1785967997.019|[D][webradio] ICY: Armand Van Helden - My My My
1785968002.851|[I][webradio] HEAP play free=49064 min=44004
1785968018.006|[I][hb] display=winamp wifi=rssi(-54) disc=1 heap=46k maxAlloc=41k stack_hwm=12908b uptime=00:23:35 poll=0/0 last=0 block_max=0ms loop_max=50ms slow=wr.pump:22ms last_poll_age_ms=0 next_poll_in_ms=5000 last_render_age_ms=1209674 build=Aug  5 2026-22:49:22
1785968018.693|{"ok":true,"cmd":"get","var":"wrState","state":2,"last":true}
1785968032.852|[I][webradio] HEAP play free=49072 min=44004
1785968048.018|[I][hb] display=winamp wifi=rssi(-54) disc=1 heap=46k maxAlloc=41k stack_hwm=12908b uptime=00:24:05 poll=0/0 last=0 block_max=0ms loop_max=45ms slow=wr.pump:23ms last_poll_age_ms=0 next_poll_in_ms=5000 last_render_age_ms=1239682 build=Aug  5 2026-22:49:22
1785968048.733|{"ok":true,"cmd":"get","var":"wrState","state":2,"last":true}
1785968062.863|[I][webradio] HEAP play free=47352 min=44004
1785968078.012|[I][hb] display=winamp wifi=rssi(-54) disc=1 heap=46k maxAlloc=41k stack_hwm=12908b uptime=00:24:35 poll=0/0 last=0 block_max=0ms loop_max=49ms slow=wr.pump:23ms last_poll_age_ms=0 next_poll_in_ms=5000 last_render_age_ms=1269682 build=Aug  5 2026-22:49:22
1785968078.773|{"ok":true,"cmd":"get","var":"wrState","state":2,"last":true}
1785968092.871|[I][webradio] HEAP play free=47352 min=44004
1785968108.027|[I][hb] display=winamp wifi=rssi(-54) disc=1 heap=47k maxAlloc=41k stack_hwm=12908b uptime=00:25:05 poll=0/0 last=0 block_max=0ms loop_max=25ms slow=wr.pump:23ms last_poll_age_ms=0 next_poll_in_ms=5000 last_render_age_ms=1299687 build=Aug  5 2026-22:49:22
1785968108.808|{"ok":true,"cmd":"get","var":"wrState","state":2,"last":true}
1785968120.829|{"ok":true,"cmd":"get","var":"wrState","state":2,"last":true}
1785968120.857|{"ok":true,"cmd":"get","var":"wrIdx","idx":0,"last":true}
1785968122.883|[I][webradio] HEAP play free=47352 min=44004
1785968138.032|[I][hb] display=winamp wifi=rssi(-54) disc=1 heap=47k maxAlloc=41k stack_hwm=12908b uptime=00:25:35 poll=0/0 last=0 block_max=0ms loop_max=48ms slow=wr.pump:23ms last_poll_age_ms=0 next_poll_in_ms=5000 last_render_age_ms=1329697 build=Aug  5 2026-22:49:22
1785968138.878|{"ok":true,"cmd":"get","var":"wrState","state":2,"last":true}
1785968152.895|[I][webradio] HEAP play free=48460 min=44004
1785968168.032|[I][hb] display=winamp wifi=rssi(-54) disc=1 heap=47k maxAlloc=41k stack_hwm=12908b uptime=00:26:05 poll=0/0 last=0 block_max=0ms loop_max=49ms slow=wr.pump:23ms last_poll_age_ms=0 next_poll_in_ms=5000 last_render_age_ms=1359697 build=Aug  5 2026-22:49:22
1785968168.913|{"ok":true,"cmd":"get","var":"wrState","state":2,"last":true}
1785968182.895|[I][webradio] HEAP play free=49072 min=44004
1785968186.996|[I][webradio] audio_info: StreamTitle='The Ones - Flawless'
1785968186.999|[D][webradio] ICY: The Ones - Flawless
1785968198.043|[I][hb] display=winamp wifi=rssi(-54) disc=1 heap=46k maxAlloc=41k stack_hwm=12908b uptime=00:26:35 poll=0/0 last=0 block_max=0ms loop_max=30ms slow=wr.pump:23ms last_poll_age_ms=0 next_poll_in_ms=5000 last_render_age_ms=1389709 build=Aug  5 2026-22:49:22
1785968198.934|{"ok":true,"cmd":"get","var":"wrState","state":2,"last":true}
1785968212.906|[I][webradio] HEAP play free=50776 min=44004
1785968228.056|[I][hb] display=winamp wifi=rssi(-55) disc=1 heap=46k maxAlloc=41k stack_hwm=12908b uptime=00:27:05 poll=0/0 last=0 block_max=0ms loop_max=46ms slow=wr.pump:22ms last_poll_age_ms=0 next_poll_in_ms=5000 last_render_age_ms=1419720 build=Aug  5 2026-22:49:22
1785968228.976|{"ok":true,"cmd":"get","var":"wrState","state":2,"last":true}
1785968242.912|[I][webradio] HEAP play free=49064 min=44004
1785968258.067|[I][hb] display=winamp wifi=rssi(-54) disc=1 heap=46k maxAlloc=41k stack_hwm=12908b uptime=00:27:35 poll=0/0 last=0 block_max=0ms loop_max=45ms slow=app.tick:26ms last_poll_age_ms=0 next_poll_in_ms=5000 last_render_age_ms=1449733 build=Aug  5 2026-22:49:2
1785968259.015|{"ok":true,"cmd":"get","var":"wrState","state":2,"last":true}
1785968272.914|[I][webradio] HEAP play free=50580 min=44004
1785968288.076|[I][hb] display=winamp wifi=rssi(-54) disc=1 heap=46k maxAlloc=41k stack_hwm=12908b uptime=00:28:05 poll=0/0 last=0 block_max=0ms loop_max=46ms slow=wr.pump:22ms last_poll_age_ms=0 next_poll_in_ms=5000 last_render_age_ms=1479744 build=Aug  5 2026-22:49:22
1785968289.056|{"ok":true,"cmd":"get","var":"wrState","state":2,"last":true}
1785968302.916|[I][webradio] HEAP play free=47352 min=44004
1785968318.073|[I][hb] display=winamp wifi=rssi(-54) disc=1 heap=47k maxAlloc=41k stack_hwm=12908b uptime=00:28:35 poll=0/0 last=0 block_max=0ms loop_max=49ms slow=wr.pump:23ms last_poll_age_ms=0 next_poll_in_ms=5000 last_render_age_ms=1509744 build=Aug  5 2026-22:49:22
1785968319.095|{"ok":true,"cmd":"get","var":"wrState","state":2,"last":true}
1785968332.932|[I][webradio] HEAP play free=47352 min=44004
1785968348.083|[I][hb] display=winamp wifi=rssi(-53) disc=1 heap=47k maxAlloc=41k stack_hwm=12908b uptime=00:29:05 poll=0/0 last=0 block_max=0ms loop_max=26ms slow=wr.pump:23ms last_poll_age_ms=0 next_poll_in_ms=5000 last_render_age_ms=1539750 build=Aug  5 2026-22:49:22
1785968349.109|{"ok":true,"cmd":"get","var":"wrState","state":2,"last":true}
1785968357.417|[I][webradio] audio_info: StreamTitle='Dante Thomas & Pras Michel - Miss California'
1785968357.424|[D][webradio] ICY: Dante Thomas & Pras Michel - Miss California
1785968362.945|[I][webradio] HEAP play free=49064 min=44004
1785968378.096|[I][hb] display=winamp wifi=rssi(-54) disc=1 heap=47k maxAlloc=41k stack_hwm=12908b uptime=00:29:35 poll=0/0 last=0 block_max=0ms loop_max=47ms slow=wr.pump:22ms last_poll_age_ms=0 next_poll_in_ms=5000 last_render_age_ms=1569762 build=Aug  5 2026-22:49:22
1785968379.124|{"ok":true,"cmd":"get","var":"wrState","state":2,"last":true}
1785968392.956|[I][webradio] HEAP play free=49064 min=44004
1785968408.089|[I][hb] display=winamp wifi=rssi(-53) disc=1 heap=46k maxAlloc=41k stack_hwm=12908b uptime=00:30:05 poll=0/0 last=0 block_max=0ms loop_max=50ms slow=app.tick:24ms last_poll_age_ms=0 next_poll_in_ms=5000 last_render_age_ms=1599762 build=Aug  5 2026-22:49:2
1785968409.163|{"ok":true,"cmd":"get","var":"wrState","state":2,"last":true}
1785968421.180|{"ok":true,"cmd":"get","var":"wrState","state":2,"last":true}
1785968421.204|{"ok":true,"cmd":"get","var":"wrIdx","idx":0,"last":true}
1785968422.960|[I][webradio] HEAP play free=50776 min=44004
1785968438.099|[I][hb] display=winamp wifi=rssi(-54) disc=1 heap=46k maxAlloc=41k stack_hwm=12908b uptime=00:30:35 poll=0/0 last=0 block_max=0ms loop_max=37ms slow=wr.pump:23ms last_poll_age_ms=0 next_poll_in_ms=5000 last_render_age_ms=1629768 build=Aug  5 2026-22:49:22
1785968439.228|{"ok":true,"cmd":"get","var":"wrState","state":2,"last":true}
1785968452.960|[I][webradio] HEAP play free=49072 min=44004
1785968468.110|[I][hb] display=winamp wifi=rssi(-54) disc=1 heap=46k maxAlloc=41k stack_hwm=12908b uptime=00:31:05 poll=0/0 last=0 block_max=0ms loop_max=47ms slow=wr.pump:23ms last_poll_age_ms=0 next_poll_in_ms=5000 last_render_age_ms=1659775 build=Aug  5 2026-22:49:22
1785968468.117|[W][perf] iter=51ms (worst path so far: wr.pump:21ms)
1785968469.264|{"ok":true,"cmd":"get","var":"wrState","state":2,"last":true}
1785968482.973|[I][webradio] HEAP play free=47352 min=44004
1785968498.115|[I][hb] display=winamp wifi=rssi(-54) disc=1 heap=46k maxAlloc=41k stack_hwm=12908b uptime=00:31:35 poll=0/0 last=0 block_max=0ms loop_max=51ms slow=wr.pump:23ms last_poll_age_ms=0 next_poll_in_ms=5000 last_render_age_ms=1689776 build=Aug  5 2026-22:49:22
1785968499.285|{"ok":true,"cmd":"get","var":"wrState","state":2,"last":true}
1785968512.984|[I][webradio] HEAP play free=47160 min=44004
1785968528.110|[I][hb] display=winamp wifi=rssi(-54) disc=1 heap=46k maxAlloc=41k stack_hwm=12908b uptime=00:32:05 poll=0/0 last=0 block_max=0ms loop_max=50ms slow=wr.pump:22ms last_poll_age_ms=0 next_poll_in_ms=5000 last_render_age_ms=1719781 build=Aug  5 2026-22:49:22
1785968529.320|{"ok":true,"cmd":"get","var":"wrState","state":2,"last":true}
1785968542.998|[I][webradio] HEAP play free=48872 min=44004
1785968558.126|[I][hb] display=winamp wifi=rssi(-54) disc=1 heap=47k maxAlloc=41k stack_hwm=12908b uptime=00:32:35 poll=0/0 last=0 block_max=0ms loop_max=47ms slow=wr.pump:22ms last_poll_age_ms=0 next_poll_in_ms=5000 last_render_age_ms=1749793 build=Aug  5 2026-22:49:22
1785968559.360|{"ok":true,"cmd":"get","var":"wrState","state":2,"last":true}
1785968572.995|[I][webradio] HEAP play free=48872 min=44004
1785968588.134|[I][hb] display=winamp wifi=rssi(-54) disc=1 heap=47k maxAlloc=41k stack_hwm=12908b uptime=00:33:05 poll=0/0 last=0 block_max=0ms loop_max=50ms slow=wr.pump:23ms last_poll_age_ms=0 next_poll_in_ms=5000 last_render_age_ms=1779794 build=Aug  5 2026-22:49:22
1785968589.395|{"ok":true,"cmd":"get","var":"wrState","state":2,"last":true}
1785968603.000|[I][webradio] HEAP play free=48864 min=44004
1785968607.845|[I][webradio] audio_info: StreamTitle='Sonique - It Feels So Good'
1785968607.848|[D][webradio] ICY: Sonique - It Feels So Good
1785968618.128|[I][hb] display=winamp wifi=rssi(-54) disc=1 heap=49k maxAlloc=41k stack_hwm=12908b uptime=00:33:35 poll=0/0 last=0 block_max=0ms loop_max=50ms slow=wr.pump:23ms last_poll_age_ms=0 next_poll_in_ms=5000 last_render_age_ms=1809804 build=Aug  5 2026-22:49:22
1785968619.415|{"ok":true,"cmd":"get","var":"wrState","state":2,"last":true}
1785968633.005|[I][webradio] HEAP play free=48864 min=44004
1785968648.138|[I][hb] display=winamp wifi=rssi(-53) disc=1 heap=46k maxAlloc=41k stack_hwm=12908b uptime=00:34:05 poll=0/0 last=0 block_max=0ms loop_max=45ms slow=wr.pump:26ms last_poll_age_ms=0 next_poll_in_ms=5000 last_render_age_ms=1839809 build=Aug  5 2026-22:49:22
1785968649.450|{"ok":true,"cmd":"get","var":"wrState","state":2,"last":true}
1785968663.009|[I][webradio] HEAP play free=50372 min=44004
1785968678.148|[I][hb] display=winamp wifi=rssi(-53) disc=1 heap=46k maxAlloc=41k stack_hwm=12908b uptime=00:34:35 poll=0/0 last=0 block_max=0ms loop_max=47ms slow=wr.pump:23ms last_poll_age_ms=0 next_poll_in_ms=5000 last_render_age_ms=1869821 build=Aug  5 2026-22:49:22
1785968679.481|{"ok":true,"cmd":"get","var":"wrState","state":2,"last":true}
1785968693.010|[I][webradio] HEAP play free=47152 min=44004
1785968696.370|[I][webradio] audio_info: slow stream, dropouts are possible
1785968708.160|[I][hb] display=winamp wifi=rssi(-54) disc=1 heap=46k maxAlloc=41k stack_hwm=12908b uptime=00:35:05 poll=0/0 last=0 block_max=0ms loop_max=47ms slow=app.tick:27ms last_poll_age_ms=0 next_poll_in_ms=5000 last_render_age_ms=1899832 build=Aug  5 2026-22:49:2
1785968708.166|[W][perf] iter=51ms (worst path so far: wr.pump:20ms)
1785968709.499|{"ok":true,"cmd":"get","var":"wrState","state":2,"last":true}
1785968721.513|{"ok":true,"cmd":"get","var":"wrState","state":2,"last":true}
1785968721.536|{"ok":true,"cmd":"get","var":"wrIdx","idx":0,"last":true}
1785968723.021|[I][webradio] HEAP play free=47152 min=44004
1785968738.171|[I][hb] display=winamp wifi=rssi(-54) disc=1 heap=47k maxAlloc=41k stack_hwm=12908b uptime=00:35:35 poll=0/0 last=0 block_max=0ms loop_max=51ms slow=wr.pump:23ms last_poll_age_ms=0 next_poll_in_ms=5000 last_render_age_ms=1929832 build=Aug  5 2026-22:49:22
1785968739.561|{"ok":true,"cmd":"get","var":"wrState","state":2,"last":true}
1785968753.032|[I][webradio] HEAP play free=47152 min=44004
1785968768.159|[I][hb] display=winamp wifi=rssi(-53) disc=1 heap=47k maxAlloc=41k stack_hwm=12908b uptime=00:36:05 poll=0/0 last=0 block_max=0ms loop_max=47ms slow=wr.pump:23ms last_poll_age_ms=0 next_poll_in_ms=5000 last_render_age_ms=1959835 build=Aug  5 2026-22:49:22
1785968769.581|{"ok":true,"cmd":"get","var":"wrState","state":2,"last":true}
1785968783.045|[I][webradio] HEAP play free=48872 min=44004
1785968798.168|[I][hb] display=winamp wifi=rssi(-54) disc=1 heap=47k maxAlloc=41k stack_hwm=12908b uptime=00:36:35 poll=0/0 last=0 block_max=0ms loop_max=46ms slow=wr.pump:23ms last_poll_age_ms=0 next_poll_in_ms=5000 last_render_age_ms=1989845 build=Aug  5 2026-22:49:22
1785968798.183|[W][perf] iter=52ms (worst path so far: wr.pump:21ms)
1785968799.618|{"ok":true,"cmd":"get","var":"wrState","state":2,"last":true}
1785968812.967|[I][webradio] audio_info: StreamTitle='Solid Sessions - Janeiro'
1785968812.985|[D][webradio] ICY: Solid Sessions - Janeiro
1785968813.045|[I][webradio] HEAP play free=48864 min=44004
1785968828.171|[I][hb] display=winamp wifi=rssi(-53) disc=1 heap=49k maxAlloc=41k stack_hwm=12908b uptime=00:37:05 poll=0/0 last=0 block_max=0ms loop_max=52ms slow=wr.pump:23ms last_poll_age_ms=0 next_poll_in_ms=5000 last_render_age_ms=2019845 build=Aug  5 2026-22:49:22
1785968829.658|{"ok":true,"cmd":"get","var":"wrState","state":2,"last":true}
1785968843.058|[I][webradio] HEAP play free=47152 min=44004
1785968858.176|[I][hb] display=winamp wifi=rssi(-54) disc=1 heap=46k maxAlloc=41k stack_hwm=12908b uptime=00:37:35 poll=0/0 last=0 block_max=0ms loop_max=28ms slow=wr.pump:23ms last_poll_age_ms=0 next_poll_in_ms=5000 last_render_age_ms=2049856 build=Aug  5 2026-22:49:22
1785968859.699|{"ok":true,"cmd":"get","var":"wrState","state":2,"last":true}
1785968873.064|[I][webradio] HEAP play free=47152 min=44004
1785968888.192|[I][hb] display=winamp wifi=rssi(-54) disc=1 heap=46k maxAlloc=41k stack_hwm=12908b uptime=00:38:05 poll=0/0 last=0 block_max=0ms loop_max=45ms slow=wr.pump:23ms last_poll_age_ms=0 next_poll_in_ms=5000 last_render_age_ms=2079863 build=Aug  5 2026-22:49:22
1785968889.733|{"ok":true,"cmd":"get","var":"wrState","state":2,"last":true}
1785968903.076|[I][webradio] HEAP play free=47152 min=44004
1785968918.181|[I][hb] display=winamp wifi=rssi(-53) disc=1 heap=47k maxAlloc=41k stack_hwm=12908b uptime=00:38:35 poll=0/0 last=0 block_max=0ms loop_max=46ms slow=wr.pump:23ms last_poll_age_ms=0 next_poll_in_ms=5000 last_render_age_ms=2109863 build=Aug  5 2026-22:49:22
1785968919.751|{"ok":true,"cmd":"get","var":"wrState","state":2,"last":true}
1785968927.468|[I][webradio] audio_info: slow stream, dropouts are possible
1785968933.083|[I][webradio] HEAP play free=47152 min=44004
1785968948.186|[I][hb] display=winamp wifi=rssi(-54) disc=1 heap=46k maxAlloc=41k stack_hwm=12908b uptime=00:39:05 poll=0/0 last=0 block_max=0ms loop_max=27ms slow=wr.pump:23ms last_poll_age_ms=0 next_poll_in_ms=5000 last_render_age_ms=2139868 build=Aug  5 2026-22:49:22
1785968949.784|{"ok":true,"cmd":"get","var":"wrState","state":2,"last":true}
1785968963.097|[I][webradio] HEAP play free=48864 min=44004
1785968978.197|[I][hb] display=winamp wifi=rssi(-54) disc=1 heap=47k maxAlloc=41k stack_hwm=12908b uptime=00:39:35 poll=0/0 last=0 block_max=0ms loop_max=28ms slow=wr.pump:23ms last_poll_age_ms=0 next_poll_in_ms=5000 last_render_age_ms=2169875 build=Aug  5 2026-22:49:22
1785968979.824|{"ok":true,"cmd":"get","var":"wrState","state":2,"last":true}
1785968993.094|[I][webradio] HEAP play free=48872 min=44004
1785969008.205|[I][hb] display=winamp wifi=rssi(-54) disc=1 heap=47k maxAlloc=41k stack_hwm=12908b uptime=00:40:05 poll=0/0 last=0 block_max=0ms loop_max=46ms slow=wr.pump:23ms last_poll_age_ms=0 next_poll_in_ms=5000 last_render_age_ms=2199886 build=Aug  5 2026-22:49:22
1785969008.559|[I][webradio] audio_info: StreamTitle='Eminem - Lose Yourself'
1785969008.565|[D][webradio] ICY: Eminem - Lose Yourself
1785969009.859|{"ok":true,"cmd":"get","var":"wrState","state":2,"last":true}
1785969021.881|{"ok":true,"cmd":"get","var":"wrState","state":2,"last":true}
1785969021.905|{"ok":true,"cmd":"get","var":"wrIdx","idx":0,"last":true}
1785969023.099|[I][webradio] HEAP play free=48864 min=44004
1785969038.203|[I][hb] display=winamp wifi=rssi(-53) disc=1 heap=47k maxAlloc=41k stack_hwm=12908b uptime=00:40:35 poll=0/0 last=0 block_max=0ms loop_max=48ms slow=wr.pump:23ms last_poll_age_ms=0 next_poll_in_ms=5000 last_render_age_ms=2229886 build=Aug  5 2026-22:49:22
1785969039.929|{"ok":true,"cmd":"get","var":"wrState","state":2,"last":true}
1785969053.098|[I][webradio] HEAP play free=50584 min=44004
1785969068.215|[I][hb] display=winamp wifi=rssi(-54) disc=1 heap=46k maxAlloc=41k stack_hwm=12908b uptime=00:41:05 poll=0/0 last=0 block_max=0ms loop_max=28ms slow=app.tick:26ms last_poll_age_ms=0 next_poll_in_ms=5000 last_render_age_ms=2259897 build=Aug  5 2026-22:49:2
1785969069.949|{"ok":true,"cmd":"get","var":"wrState","state":2,"last":true}
1785969083.103|[I][webradio] HEAP play free=47152 min=44004
1785969098.223|[I][hb] display=winamp wifi=rssi(-53) disc=1 heap=46k maxAlloc=41k stack_hwm=12908b uptime=00:41:35 poll=0/0 last=0 block_max=0ms loop_max=45ms slow=wr.pump:23ms last_poll_age_ms=0 next_poll_in_ms=5000 last_render_age_ms=2289905 build=Aug  5 2026-22:49:22
1785969099.986|{"ok":true,"cmd":"get","var":"wrState","state":2,"last":true}
1785969113.116|[I][webradio] HEAP play free=47152 min=44004
1785969128.218|[I][hb] display=winamp wifi=rssi(-54) disc=1 heap=47k maxAlloc=41k stack_hwm=12908b uptime=00:42:05 poll=0/0 last=0 block_max=0ms loop_max=46ms slow=wr.pump:23ms last_poll_age_ms=0 next_poll_in_ms=5000 last_render_age_ms=2319906 build=Aug  5 2026-22:49:22
1785969130.026|{"ok":true,"cmd":"get","var":"wrState","state":2,"last":true}
1785969143.128|[I][webradio] HEAP play free=48872 min=44004
1785969158.231|[I][hb] display=winamp wifi=rssi(-54) disc=1 heap=47k maxAlloc=41k stack_hwm=12908b uptime=00:42:35 poll=0/0 last=0 block_max=0ms loop_max=25ms slow=wr.pump:23ms last_poll_age_ms=0 next_poll_in_ms=5000 last_render_age_ms=2349912 build=Aug  5 2026-22:49:22
1785969160.066|{"ok":true,"cmd":"get","var":"wrState","state":2,"last":true}
1785969173.127|[I][webradio] HEAP play free=48872 min=44004
1785969188.240|[I][hb] display=winamp wifi=rssi(-54) disc=1 heap=47k maxAlloc=41k stack_hwm=12908b uptime=00:43:05 poll=0/0 last=0 block_max=0ms loop_max=47ms slow=wr.pump:22ms last_poll_age_ms=0 next_poll_in_ms=5000 last_render_age_ms=2379921 build=Aug  5 2026-22:49:22
1785969190.106|{"ok":true,"cmd":"get","var":"wrState","state":2,"last":true}
1785969203.131|[I][webradio] HEAP play free=48864 min=44004
1785969218.242|[I][hb] display=winamp wifi=rssi(-53) disc=1 heap=49k maxAlloc=41k stack_hwm=12908b uptime=00:43:35 poll=0/0 last=0 block_max=0ms loop_max=49ms slow=app.tick:26ms last_poll_age_ms=0 next_poll_in_ms=5000 last_render_age_ms=2409921 build=Aug  5 2026-22:49:2
1785969220.136|{"ok":true,"cmd":"get","var":"wrState","state":2,"last":true}
1785969233.131|[I][webradio] HEAP play free=50584 min=44004
1785969248.247|[I][hb] display=winamp wifi=rssi(-53) disc=1 heap=45k maxAlloc=41k stack_hwm=12908b uptime=00:44:05 poll=0/0 last=0 block_max=0ms loop_max=39ms slow=wr.pump:23ms last_poll_age_ms=0 next_poll_in_ms=5000 last_render_age_ms=2439934 build=Aug  5 2026-22:49:22
1785969250.158|{"ok":true,"cmd":"get","var":"wrState","state":2,"last":true}
1785969263.137|[I][webradio] HEAP play free=47152 min=44004
1785969278.255|[I][hb] display=winamp wifi=rssi(-53) disc=1 heap=46k maxAlloc=41k stack_hwm=12908b uptime=00:44:35 poll=0/0 last=0 block_max=0ms loop_max=44ms slow=wr.pump:22ms last_poll_age_ms=0 next_poll_in_ms=5000 last_render_age_ms=2469939 build=Aug  5 2026-22:49:22
1785969280.178|{"ok":true,"cmd":"get","var":"wrState","state":2,"last":true}
1785969289.554|[I][webradio] audio_info: StreamTitle='Roger Sanchez - Another Chance'
1785969289.558|[D][webradio] ICY: Roger Sanchez - Another Chance
1785969292.095|[I][webradio] audio_info: slow stream, dropouts are possible
1785969293.146|[I][webradio] HEAP play free=48572 min=44004
1785969308.269|[I][hb] display=winamp wifi=rssi(-54) disc=1 heap=47k maxAlloc=41k stack_hwm=12908b uptime=00:45:05 poll=0/0 last=0 block_max=0ms loop_max=47ms slow=wr.pump:23ms last_poll_age_ms=0 next_poll_in_ms=5000 last_render_age_ms=2499953 build=Aug  5 2026-22:49:22
1785969310.210|{"ok":true,"cmd":"get","var":"wrState","state":2,"last":true}
1785969322.225|{"ok":true,"cmd":"get","var":"wrState","state":2,"last":true}
1785969322.251|{"ok":true,"cmd":"get","var":"wrIdx","idx":0,"last":true}
1785969323.159|[I][webradio] HEAP play free=48872 min=44004
1785969338.286|[I][hb] display=winamp wifi=rssi(-55) disc=1 heap=47k maxAlloc=41k stack_hwm=12908b uptime=00:45:35 poll=0/0 last=0 block_max=0ms loop_max=47ms slow=wr.pump:23ms last_poll_age_ms=0 next_poll_in_ms=5000 last_render_age_ms=2529964 build=Aug  5 2026-22:49:22
1785969340.279|{"ok":true,"cmd":"get","var":"wrState","state":2,"last":true}
1785969353.170|[I][webradio] HEAP play free=48872 min=44004
1785969368.293|[I][hb] display=winamp wifi=rssi(-54) disc=1 heap=47k maxAlloc=41k stack_hwm=12908b uptime=00:46:05 poll=0/0 last=0 block_max=0ms loop_max=47ms slow=wr.pump:23ms last_poll_age_ms=0 next_poll_in_ms=5000 last_render_age_ms=2559965 build=Aug  5 2026-22:49:22
1785969370.315|{"ok":true,"cmd":"get","var":"wrState","state":2,"last":true}
1785969383.170|[I][webradio] HEAP play free=48896 min=44004
1785969398.298|[I][hb] display=winamp wifi=rssi(-53) disc=1 heap=47k maxAlloc=41k stack_hwm=12908b uptime=00:46:35 poll=0/0 last=0 block_max=0ms loop_max=50ms slow=wr.pump:23ms last_poll_age_ms=0 next_poll_in_ms=5000 last_render_age_ms=2589966 build=Aug  5 2026-22:49:22
1785969398.306|[W][perf] iter=54ms (worst path so far: wr.pump:22ms)
1785969398.335|{"ok":true,"cmd":"get","var":"wrState","state":2,"last":true}
1785969413.171|[I][webradio] HEAP play free=50468 min=44004
1785969428.288|[I][hb] display=winamp wifi=rssi(-54) disc=1 heap=47k maxAlloc=41k stack_hwm=12908b uptime=00:47:05 poll=0/0 last=0 block_max=0ms loop_max=54ms slow=app.tick:26ms last_poll_age_ms=0 next_poll_in_ms=5000 last_render_age_ms=2619970 build=Aug  5 2026-22:49:2
1785969428.297|[W][perf] iter=53ms (worst path so far: wr.pump:21ms)
1785969428.375|{"ok":true,"cmd":"get","var":"wrState","state":2,"last":true}
1785969443.184|[I][webradio] HEAP play free=47160 min=44004
1785969458.278|[I][hb] display=winamp wifi=rssi(-53) disc=1 heap=46k maxAlloc=41k stack_hwm=12908b uptime=00:47:35 poll=0/0 last=0 block_max=0ms loop_max=53ms slow=app.tick:24ms last_poll_age_ms=0 next_poll_in_ms=5000 last_render_age_ms=2649971 build=Aug  5 2026-22:49:2
1785969458.414|{"ok":true,"cmd":"get","var":"wrState","state":2,"last":true}
1785969473.186|[I][webradio] HEAP play free=47160 min=44004
1785969487.956|[I][webradio] audio_info: StreamTitle='Safri Duo - Samb-Adagio'
1785969487.961|[D][webradio] ICY: Safri Duo - Samb-Adagio
1785969488.289|[I][hb] display=winamp wifi=rssi(-54) disc=1 heap=46k maxAlloc=41k stack_hwm=12908b uptime=00:48:05 poll=0/0 last=0 block_max=0ms loop_max=25ms slow=wr.pump:23ms last_poll_age_ms=0 next_poll_in_ms=5000 last_render_age_ms=2679975 build=Aug  5 2026-22:49:22
1785969488.453|{"ok":true,"cmd":"get","var":"wrState","state":2,"last":true}
1785969503.187|[I][webradio] HEAP play free=48864 min=44004
1785969518.298|[I][hb] display=winamp wifi=rssi(-54) disc=1 heap=47k maxAlloc=41k stack_hwm=12908b uptime=00:48:35 poll=0/0 last=0 block_max=0ms loop_max=47ms slow=wr.pump:23ms last_poll_age_ms=0 next_poll_in_ms=5000 last_render_age_ms=2709987 build=Aug  5 2026-22:49:22
1785969518.495|{"ok":true,"cmd":"get","var":"wrState","state":2,"last":true}
1785969533.192|[I][webradio] HEAP play free=48864 min=44004
1785969548.295|[I][hb] display=winamp wifi=rssi(-53) disc=1 heap=47k maxAlloc=41k stack_hwm=12908b uptime=00:49:05 poll=0/0 last=0 block_max=0ms loop_max=47ms slow=app.tick:26ms last_poll_age_ms=0 next_poll_in_ms=5000 last_render_age_ms=2739987 build=Aug  5 2026-22:49:2
1785969548.514|{"ok":true,"cmd":"get","var":"wrState","state":2,"last":true}
1785969563.203|[I][webradio] HEAP play free=48872 min=44004
1785969578.306|[I][hb] display=winamp wifi=rssi(-53) disc=1 heap=47k maxAlloc=41k stack_hwm=12908b uptime=00:49:35 poll=0/0 last=0 block_max=0ms loop_max=25ms slow=wr.pump:23ms last_poll_age_ms=0 next_poll_in_ms=5000 last_render_age_ms=2769992 build=Aug  5 2026-22:49:22
1785969578.546|{"ok":true,"cmd":"get","var":"wrState","state":2,"last":true}
1785969593.204|[I][webradio] HEAP play free=50584 min=44004
1785969608.322|[I][hb] display=winamp wifi=rssi(-53) disc=1 heap=49k maxAlloc=41k stack_hwm=12908b uptime=00:50:05 poll=0/0 last=0 block_max=0ms loop_max=48ms slow=wr.pump:22ms last_poll_age_ms=0 next_poll_in_ms=5000 last_render_age_ms=2799993 build=Aug  5 2026-22:49:22
1785969608.565|{"ok":true,"cmd":"get","var":"wrState","state":2,"last":true}
1785969622.590|{"ok":true,"cmd":"get","var":"wrState","state":2,"last":true}
1785969622.616|{"ok":true,"cmd":"get","var":"wrIdx","idx":0,"last":true}
1785969623.207|[I][webradio] HEAP play free=47152 min=44004
1785969638.312|[I][hb] display=winamp wifi=rssi(-53) disc=1 heap=46k maxAlloc=41k stack_hwm=12908b uptime=00:50:35 poll=0/0 last=0 block_max=0ms loop_max=47ms slow=app.tick:25ms last_poll_age_ms=0 next_poll_in_ms=5000 last_render_age_ms=2829999 build=Aug  5 2026-22:49:2
1785969638.630|{"ok":true,"cmd":"get","var":"wrState","state":2,"last":true}
1785969653.220|[I][webradio] HEAP play free=47152 min=44004
1785969668.323|[I][hb] display=winamp wifi=rssi(-54) disc=1 heap=46k maxAlloc=41k stack_hwm=12908b uptime=00:51:05 poll=0/0 last=0 block_max=0ms loop_max=44ms slow=wr.pump:23ms last_poll_age_ms=0 next_poll_in_ms=5000 last_render_age_ms=2860010 build=Aug  5 2026-22:49:22
1785969668.662|{"ok":true,"cmd":"get","var":"wrState","state":2,"last":true}
1785969680.948|[I][webradio] audio_info: StreamTitle='Pussycat Dolls & Busta Rhymes - Don't Cha'
1785969680.955|[D][webradio] ICY: Pussycat Dolls & Busta Rhymes - Don't Cha
1785969683.221|[I][webradio] HEAP play free=48864 min=44004
1785969698.339|[I][hb] display=winamp wifi=rssi(-53) disc=1 heap=47k maxAlloc=41k stack_hwm=12908b uptime=00:51:35 poll=0/0 last=0 block_max=0ms loop_max=47ms slow=wr.pump:22ms last_poll_age_ms=0 next_poll_in_ms=5000 last_render_age_ms=2890024 build=Aug  5 2026-22:49:22
1785969698.683|{"ok":true,"cmd":"get","var":"wrState","state":2,"last":true}
1785969713.225|[I][webradio] HEAP play free=48872 min=44004
1785969728.350|[I][hb] display=winamp wifi=rssi(-54) disc=1 heap=47k maxAlloc=41k stack_hwm=12908b uptime=00:52:05 poll=0/0 last=0 block_max=0ms loop_max=47ms slow=wr.pump:23ms last_poll_age_ms=0 next_poll_in_ms=5000 last_render_age_ms=2920024 build=Aug  5 2026-22:49:22
1785969728.357|[W][perf] iter=51ms (worst path so far: wr.pump:21ms)
1785969728.700|{"ok":true,"cmd":"get","var":"wrState","state":2,"last":true}
1785969743.234|[I][webradio] HEAP play free=48864 min=44004
1785969758.344|[I][hb] display=winamp wifi=rssi(-54) disc=1 heap=47k maxAlloc=41k stack_hwm=12908b uptime=00:52:35 poll=0/0 last=0 block_max=0ms loop_max=51ms slow=wr.pump:23ms last_poll_age_ms=0 next_poll_in_ms=5000 last_render_age_ms=2950029 build=Aug  5 2026-22:49:22
1785969758.737|{"ok":true,"cmd":"get","var":"wrState","state":2,"last":true}
1785969773.236|[I][webradio] HEAP play free=47160 min=44004
1785969788.355|[I][hb] display=winamp wifi=rssi(-54) disc=1 heap=47k maxAlloc=41k stack_hwm=12908b uptime=00:53:05 poll=0/0 last=0 block_max=0ms loop_max=49ms slow=wr.pump:23ms last_poll_age_ms=0 next_poll_in_ms=5000 last_render_age_ms=2980029 build=Aug  5 2026-22:49:22
1785969788.770|{"ok":true,"cmd":"get","var":"wrState","state":2,"last":true}
1785969803.240|[I][webradio] HEAP play free=47152 min=44004
1785969818.343|[I][hb] display=winamp wifi=rssi(-53) disc=1 heap=46k maxAlloc=41k stack_hwm=12908b uptime=00:53:35 poll=0/0 last=0 block_max=0ms loop_max=47ms slow=app.tick:26ms last_poll_age_ms=0 next_poll_in_ms=5000 last_render_age_ms=3010033 build=Aug  5 2026-22:49:2
1785969818.792|{"ok":true,"cmd":"get","var":"wrState","state":2,"last":true}
1785969833.252|[I][webradio] HEAP play free=47152 min=44004
1785969848.355|[I][hb] display=winamp wifi=rssi(-54) disc=1 heap=46k maxAlloc=41k stack_hwm=12908b uptime=00:54:05 poll=0/0 last=0 block_max=0ms loop_max=46ms slow=wr.pump:23ms last_poll_age_ms=0 next_poll_in_ms=5000 last_render_age_ms=3040046 build=Aug  5 2026-22:49:22
1785969848.832|{"ok":true,"cmd":"get","var":"wrState","state":2,"last":true}
1785969863.252|[I][webradio] HEAP play free=48864 min=44004
1785969878.372|[I][hb] display=winamp wifi=rssi(-53) disc=1 heap=47k maxAlloc=41k stack_hwm=12908b uptime=00:54:35 poll=0/0 last=0 block_max=0ms loop_max=48ms slow=wr.pump:23ms last_poll_age_ms=0 next_poll_in_ms=5000 last_render_age_ms=3070058 build=Aug  5 2026-22:49:22
1785969878.872|{"ok":true,"cmd":"get","var":"wrState","state":2,"last":true}
1785969893.256|[I][webradio] HEAP play free=48872 min=44004
1785969908.360|[I][hb] display=winamp wifi=rssi(-53) disc=1 heap=47k maxAlloc=41k stack_hwm=12908b uptime=00:55:05 poll=0/0 last=0 block_max=0ms loop_max=48ms slow=wr.pump:23ms last_poll_age_ms=0 next_poll_in_ms=5000 last_render_age_ms=3100058 build=Aug  5 2026-22:49:22
1785969908.913|{"ok":true,"cmd":"get","var":"wrState","state":2,"last":true}
1785969922.945|{"ok":true,"cmd":"get","var":"wrState","state":2,"last":true}
1785969922.966|{"ok":true,"cmd":"get","var":"wrIdx","idx":0,"last":true}
1785969923.256|[I][webradio] HEAP play free=50576 min=44004
1785969932.945|[I][webradio] audio_info: StreamTitle='Barthezz - On The Move'
1785969932.951|[D][webradio] ICY: Barthezz - On The Move
1785969938.368|[I][hb] display=winamp wifi=rssi(-54) disc=1 heap=47k maxAlloc=41k stack_hwm=12908b uptime=00:55:35 poll=0/0 last=0 block_max=0ms loop_max=26ms slow=wr.pump:23ms last_poll_age_ms=0 next_poll_in_ms=5000 last_render_age_ms=3130063 build=Aug  5 2026-22:49:22
1785969938.381|[W][perf] iter=52ms (worst path so far: wr.pump:18ms)
1785969938.995|{"ok":true,"cmd":"get","var":"wrState","state":2,"last":true}
1785969953.266|[I][webradio] HEAP play free=47152 min=44004
1785969968.387|[I][hb] display=winamp wifi=rssi(-53) disc=1 heap=46k maxAlloc=41k stack_hwm=12908b uptime=00:56:05 poll=0/0 last=0 block_max=0ms loop_max=52ms slow=wr.pump:23ms last_poll_age_ms=0 next_poll_in_ms=5000 last_render_age_ms=3160063 build=Aug  5 2026-22:49:22
1785969969.019|{"ok":true,"cmd":"get","var":"wrState","state":2,"last":true}
1785969983.272|[I][webradio] HEAP play free=47152 min=44004
1785969998.375|[I][hb] display=winamp wifi=rssi(-54) disc=1 heap=46k maxAlloc=41k stack_hwm=12908b uptime=00:56:35 poll=0/0 last=0 block_max=0ms loop_max=48ms slow=wr.pump:23ms last_poll_age_ms=0 next_poll_in_ms=5000 last_render_age_ms=3190064 build=Aug  5 2026-22:49:22
1785969999.037|{"ok":true,"cmd":"get","var":"wrState","state":2,"last":true}
1785970013.285|[I][webradio] HEAP play free=48864 min=44004
1785970028.365|[I][hb] display=winamp wifi=rssi(-54) disc=1 heap=47k maxAlloc=41k stack_hwm=12908b uptime=00:57:05 poll=0/0 last=0 block_max=0ms loop_max=47ms slow=wr.pump:23ms last_poll_age_ms=0 next_poll_in_ms=5000 last_render_age_ms=3220064 build=Aug  5 2026-22:49:22
1785970029.074|{"ok":true,"cmd":"get","var":"wrState","state":2,"last":true}
1785970043.286|[I][webradio] HEAP play free=48872 min=44004
1785970058.376|[I][hb] display=winamp wifi=rssi(-54) disc=1 heap=47k maxAlloc=41k stack_hwm=12908b uptime=00:57:35 poll=0/0 last=0 block_max=0ms loop_max=37ms slow=app.tick:24ms last_poll_age_ms=0 next_poll_in_ms=5000 last_render_age_ms=3250071 build=Aug  5 2026-22:49:2
1785970059.102|{"ok":true,"cmd":"get","var":"wrState","state":2,"last":true}
1785970073.294|[I][webradio] HEAP play free=48856 min=44004
1785970088.383|[I][hb] display=winamp wifi=rssi(-54) disc=1 heap=47k maxAlloc=41k stack_hwm=12908b uptime=00:58:05 poll=0/0 last=0 block_max=0ms loop_max=47ms slow=wr.pump:23ms last_poll_age_ms=0 next_poll_in_ms=5000 last_render_age_ms=3280081 build=Aug  5 2026-22:49:22
1785970089.131|{"ok":true,"cmd":"get","var":"wrState","state":2,"last":true}
1785970103.294|[I][webradio] HEAP play free=50584 min=44004
1785970118.392|[I][hb] display=winamp wifi=rssi(-54) disc=1 heap=49k maxAlloc=41k stack_hwm=12908b uptime=00:58:35 poll=0/0 last=0 block_max=0ms loop_max=47ms slow=wr.pump:23ms last_poll_age_ms=0 next_poll_in_ms=5000 last_render_age_ms=3310088 build=Aug  5 2026-22:49:22
1785970119.150|{"ok":true,"cmd":"get","var":"wrState","state":2,"last":true}
1785970128.945|[I][webradio] audio_info: StreamTitle='Benassi Bros. Feat. Dhany - Hit My Heart'
1785970128.951|[D][webradio] ICY: Benassi Bros. Feat. Dhany - Hit My Heart
1785970133.298|[I][webradio] HEAP play free=47152 min=44004
1785970148.398|[I][hb] display=winamp wifi=rssi(-53) disc=1 heap=45k maxAlloc=41k stack_hwm=12908b uptime=00:59:05 poll=0/0 last=0 block_max=0ms loop_max=29ms slow=wr.pump:23ms last_poll_age_ms=0 next_poll_in_ms=5000 last_render_age_ms=3340099 build=Aug  5 2026-22:49:22
1785970149.188|{"ok":true,"cmd":"get","var":"wrState","state":2,"last":true}
1785970163.296|[I][webradio] HEAP play free=47152 min=44004
1785970178.407|[I][hb] display=winamp wifi=rssi(-54) disc=1 heap=46k maxAlloc=41k stack_hwm=12908b uptime=00:59:35 poll=0/0 last=0 block_max=0ms loop_max=45ms slow=wr.pump:23ms last_poll_age_ms=0 next_poll_in_ms=5000 last_render_age_ms=3370106 build=Aug  5 2026-22:49:22
1785970178.419|[W][perf] iter=52ms (worst path so far: wr.pump:21ms)
1785970179.207|{"ok":true,"cmd":"get","var":"wrState","state":2,"last":true}
1785970193.307|[I][webradio] HEAP play free=48872 min=44004
1785970208.403|[I][hb] display=winamp wifi=rssi(-53) disc=1 heap=47k maxAlloc=41k stack_hwm=12908b uptime=01:00:05 poll=0/0 last=0 block_max=0ms loop_max=52ms slow=app.tick:26ms last_poll_age_ms=0 next_poll_in_ms=5000 last_render_age_ms=3400107 build=Aug  5 2026-22:49:2
1785970209.243|{"ok":true,"cmd":"get","var":"wrState","state":2,"last":true}
1785970223.272|{"ok":true,"cmd":"get","var":"wrState","state":2,"last":true}
1785970223.294|{"ok":true,"cmd":"get","var":"wrIdx","idx":0,"last":true}
1785970223.311|[I][webradio] HEAP play free=48864 min=44004
1785970238.414|[I][hb] display=winamp wifi=rssi(-53) disc=1 heap=47k maxAlloc=41k stack_hwm=12908b uptime=01:00:35 poll=0/0 last=0 block_max=0ms loop_max=25ms slow=wr.pump:23ms last_poll_age_ms=0 next_poll_in_ms=5000 last_render_age_ms=3430112 build=Aug  5 2026-22:49:22
1785970239.328|{"ok":true,"cmd":"get","var":"wrState","state":2,"last":true}
1785970253.311|[I][webradio] HEAP play free=48872 min=44004
1785970268.422|[I][hb] display=winamp wifi=rssi(-53) disc=1 heap=47k maxAlloc=41k stack_hwm=12908b uptime=01:01:05 poll=0/0 last=0 block_max=0ms loop_max=47ms slow=wr.pump:23ms last_poll_age_ms=0 next_poll_in_ms=5000 last_render_age_ms=3460123 build=Aug  5 2026-22:49:22
1785970268.435|[W][perf] iter=51ms (worst path so far: wr.pump:21ms)
1785970269.349|{"ok":true,"cmd":"get","var":"wrState","state":2,"last":true}
1785970283.321|[I][webradio] HEAP play free=48872 min=44004
1785970298.419|[I][hb] display=winamp wifi=rssi(-54) disc=1 heap=47k maxAlloc=41k stack_hwm=12908b uptime=01:01:35 poll=0/0 last=0 block_max=0ms loop_max=51ms slow=app.tick:26ms last_poll_age_ms=0 next_poll_in_ms=5000 last_render_age_ms=3490123 build=Aug  5 2026-22:49:2
1785970299.391|{"ok":true,"cmd":"get","var":"wrState","state":2,"last":true}
1785970313.327|[I][webradio] HEAP play free=48864 min=44004
1785970328.435|[I][hb] display=winamp wifi=rssi(-54) disc=1 heap=47k maxAlloc=41k stack_hwm=12908b uptime=01:02:05 poll=0/0 last=0 block_max=0ms loop_max=26ms slow=wr.pump:23ms last_poll_age_ms=0 next_poll_in_ms=5000 last_render_age_ms=3520129 build=Aug  5 2026-22:49:22
1785970329.431|{"ok":true,"cmd":"get","var":"wrState","state":2,"last":true}
1785970338.001|[I][webradio] audio_info: StreamTitle='Usher, Lil Jon & Ludacris - Yeah!'
1785970338.006|[D][webradio] ICY: Usher, Lil Jon & Ludacris - Yeah!
1785970343.327|[I][webradio] HEAP play free=47152 min=44004
1785970358.433|[I][hb] display=winamp wifi=rssi(-54) disc=1 heap=47k maxAlloc=41k stack_hwm=12908b uptime=01:02:35 poll=0/0 last=0 block_max=0ms loop_max=47ms slow=wr.pump:23ms last_poll_age_ms=0 next_poll_in_ms=5000 last_render_age_ms=3550130 build=Aug  5 2026-22:49:22
1785970358.459|[W][perf] iter=70ms (worst path so far: app.tick:22ms)
1785970359.459|{"ok":true,"cmd":"get","var":"wrState","state":2,"last":true}
1785970373.329|[I][webradio] HEAP play free=50468 min=44004
1785970388.447|[I][hb] display=winamp wifi=rssi(-53) disc=1 heap=49k maxAlloc=41k stack_hwm=12908b uptime=01:03:05 poll=0/0 last=0 block_max=0ms loop_max=70ms slow=wr.pump:23ms last_poll_age_ms=0 next_poll_in_ms=5000 last_render_age_ms=3580134 build=Aug  5 2026-22:49:22
1785970389.494|{"ok":true,"cmd":"get","var":"wrState","state":2,"last":true}
1785970403.332|[I][webradio] HEAP play free=47152 min=44004
1785970418.434|[I][hb] display=winamp wifi=rssi(-54) disc=1 heap=46k maxAlloc=41k stack_hwm=12908b uptime=01:03:35 poll=0/0 last=0 block_max=0ms loop_max=48ms slow=wr.pump:22ms last_poll_age_ms=0 next_poll_in_ms=5000 last_render_age_ms=3610136 build=Aug  5 2026-22:49:22
1785970419.515|{"ok":true,"cmd":"get","var":"wrState","state":2,"last":true}
1785970433.331|[I][webradio] HEAP play free=47152 min=44004
1785970448.434|[I][hb] display=winamp wifi=rssi(-54) disc=1 heap=47k maxAlloc=41k stack_hwm=12908b uptime=01:04:05 poll=0/0 last=0 block_max=0ms loop_max=47ms slow=wr.pump:23ms last_poll_age_ms=0 next_poll_in_ms=5000 last_render_age_ms=3640141 build=Aug  5 2026-22:49:22
1785970449.534|{"ok":true,"cmd":"get","var":"wrState","state":2,"last":true}
1785970463.342|[I][webradio] HEAP play free=47152 min=44004
1785970478.441|[I][hb] display=winamp wifi=rssi(-53) disc=1 heap=46k maxAlloc=41k stack_hwm=12908b uptime=01:04:35 poll=0/0 last=0 block_max=0ms loop_max=25ms slow=wr.pump:23ms last_poll_age_ms=0 next_poll_in_ms=5000 last_render_age_ms=3670146 build=Aug  5 2026-22:49:22
1785970479.554|{"ok":true,"cmd":"get","var":"wrState","state":2,"last":true}
1785970493.344|[I][webradio] HEAP play free=48872 min=44004
1785970508.454|[I][hb] display=winamp wifi=rssi(-54) disc=1 heap=46k maxAlloc=41k stack_hwm=12908b uptime=01:05:05 poll=0/0 last=0 block_max=0ms loop_max=49ms slow=wr.pump:22ms last_poll_age_ms=0 next_poll_in_ms=5000 last_render_age_ms=3700146 build=Aug  5 2026-22:49:22
1785970509.590|{"ok":true,"cmd":"get","var":"wrState","state":2,"last":true}
1785970523.348|[I][webradio] HEAP play free=48864 min=44004
1785970523.619|{"ok":true,"cmd":"get","var":"wrState","state":2,"last":true}
1785970523.643|{"ok":true,"cmd":"get","var":"wrIdx","idx":0,"last":true}
1785970538.446|[I][hb] display=winamp wifi=rssi(-54) disc=1 heap=47k maxAlloc=41k stack_hwm=12908b uptime=01:05:35 poll=0/0 last=0 block_max=0ms loop_max=48ms slow=app.tick:26ms last_poll_age_ms=0 next_poll_in_ms=5000 last_render_age_ms=3730149 build=Aug  5 2026-22:49:2
1785970539.673|{"ok":true,"cmd":"get","var":"wrState","state":2,"last":true}
1785970553.359|[I][webradio] HEAP play free=48872 min=44004
1785970568.442|[I][hb] display=winamp wifi=rssi(-53) disc=1 heap=47k maxAlloc=41k stack_hwm=12908b uptime=01:06:05 poll=0/0 last=0 block_max=0ms loop_max=50ms slow=wr.pump:23ms last_poll_age_ms=0 next_poll_in_ms=5000 last_render_age_ms=3760149 build=Aug  5 2026-22:49:22
1785970569.694|{"ok":true,"cmd":"get","var":"wrState","state":2,"last":true}
1785970583.361|[I][webradio] HEAP play free=50576 min=44004
1785970591.501|[I][webradio] audio_info: StreamTitle='Bomfunk Mc's - Freestyler'
1785970591.505|[D][webradio] ICY: Bomfunk Mc's - Freestyler
1785970593.397|[I][webradio] audio_info: slow stream, dropouts are possible
1785970594.398|[I][webradio] audio_info: slow stream, dropouts are possible
1785970595.399|[I][webradio] audio_info: slow stream, dropouts are possible
1785970596.399|[I][webradio] audio_info: slow stream, dropouts are possible
1785970596.780|[W][webradio] stream dead (isRunning=1 for 0ms, bufStalled for 5000ms) — stop + resume Spotify TLS
1785970596.783|[I][webradio] stall idx=0 — retrying once
1785970596.787|[I][spotify.tls] tls yield — resumed
1785970596.821|[D][chrome] drawVolume pct=100 keyframe=4
1785970596.825|[D][chrome] drawVolume pct=100 keyframe=4
1785970596.850|[W][perf] iter=76ms (worst path so far: app.tick:75ms)
1785970596.857|[I][webradio] play idx=0 name=INJECTED url=http://stream.slam.nl/WEB15_MP3
1785970597.287|[I][spotify.tls] tls yield — client stopped
1785970597.292|[membudget] TASK-267 _play pre-acquire lfbInt=42996 freeInt=47032
1785970597.298|[I][webradio] HEAP pre-connect free=47032 min=44004 maxAlloc=42996
1785970597.306|[membudget] CP1-pre-connect skip=0 freeInt=47032 lfbInt=42996 freeDma=3888 lfbDma=1588
1785970597.311|[W][perf] iter=459ms (worst path so far: app.tick:457ms)
1785970597.330|[I][webradio] audio_info: buffers freed, free Heap: 48700 bytes
1785970597.339|[I][webradio] audio_info: Connect to new host: "http://stream.slam.nl/WEB15_MP3"
1785970597.366|[D][chrome] drawVolume pct=100 keyframe=4
1785970597.370|[D][chrome] drawVolume pct=100 keyframe=4
1785970597.396|[W][perf] iter=85ms (worst path so far: app.tick:457ms)
1785970597.707|[I][webradio] audio_info: Connection has been established in 359 ms, free Heap: 48040 bytes
1785970597.733|[I][webradio] audio_info: chunked data transfer
1785970597.741|[I][webradio] audio_info: redirect to new host "http://25223.live.streamtheworld.com/WEB15_MP3_SC"
1785970597.755|[I][webradio] audio_info: buffers freed, free Heap: 48444 bytes
1785970597.765|[I][webradio] audio_info: Connect to new host: "http://25223.live.streamtheworld.com/WEB15_MP3_SC"
1785970597.771|[D][chrome] drawVolume pct=100 keyframe=4
1785970597.776|[D][chrome] drawVolume pct=100 keyframe=4
1785970597.803|[W][perf] iter=96ms (worst path so far: app.tick:457ms)
1785970597.859|[W][perf] iter=55ms (worst path so far: app.tick:457ms)
1785970597.913|[W][perf] iter=54ms (worst path so far: app.tick:457ms)
1785970597.967|[W][perf] iter=54ms (worst path so far: app.tick:457ms)
1785970598.020|[W][perf] iter=54ms (worst path so far: app.tick:457ms)
1785970598.075|[W][perf] iter=54ms (worst path so far: app.tick:457ms)
1785970598.129|[W][perf] iter=54ms (worst path so far: app.tick:457ms)
1785970598.182|[W][perf] iter=54ms (worst path so far: app.tick:457ms)
1785970598.237|[W][perf] iter=54ms (worst path so far: app.tick:457ms)
1785970598.291|[W][perf] iter=54ms (worst path so far: app.tick:457ms)
1785970598.344|[W][perf] iter=54ms (worst path so far: app.tick:457ms)
1785970598.398|[W][perf] iter=54ms (worst path so far: app.tick:457ms)
1785970598.451|[W][perf] iter=54ms (worst path so far: app.tick:457ms)
1785970598.475|[I][hb] display=winamp wifi=rssi(-54) disc=1 heap=46k maxAlloc=41k stack_hwm=12908b uptime=01:06:35 poll=0/0 last=0 block_max=0ms loop_max=459ms slow=app.tick:457ms last_poll_age_ms=0 next_poll_in_ms=5000 last_render_age_ms=681 build=Aug  5 2026-22:49:22
1785970598.530|[W][perf] iter=77ms (worst path so far: app.tick:53ms)
1785970598.584|[W][perf] iter=54ms (worst path so far: app.tick:53ms)
1785970598.637|[W][perf] iter=54ms (worst path so far: app.tick:53ms)
1785970598.691|[W][perf] iter=54ms (worst path so far: app.tick:53ms)
1785970598.745|[W][perf] iter=54ms (worst path so far: app.tick:53ms)
1785970598.799|[W][perf] iter=54ms (worst path so far: app.tick:53ms)
1785970598.854|[W][perf] iter=54ms (worst path so far: app.tick:53ms)
1785970598.908|[W][perf] iter=54ms (worst path so far: app.tick:53ms)
1785970598.962|[W][perf] iter=54ms (worst path so far: app.tick:53ms)
1785970599.015|[W][perf] iter=54ms (worst path so far: app.tick:53ms)
1785970599.069|[W][perf] iter=54ms (worst path so far: app.tick:53ms)
1785970599.123|[W][perf] iter=54ms (worst path so far: app.tick:53ms)
1785970599.177|[W][perf] iter=54ms (worst path so far: app.tick:53ms)
1785970599.232|[W][perf] iter=54ms (worst path so far: app.tick:53ms)
1785970599.286|[W][perf] iter=54ms (worst path so far: app.tick:53ms)
1785970599.340|[W][perf] iter=55ms (worst path so far: app.tick:53ms)
1785970599.394|[W][perf] iter=54ms (worst path so far: app.tick:53ms)
1785970599.448|[W][perf] iter=54ms (worst path so far: app.tick:53ms)
1785970599.503|[W][perf] iter=54ms (worst path so far: app.tick:53ms)
1785970599.556|[W][perf] iter=54ms (worst path so far: app.tick:53ms)
1785970599.611|[W][perf] iter=54ms (worst path so far: app.tick:53ms)
1785970599.665|[W][perf] iter=54ms (worst path so far: app.tick:53ms)
1785970599.719|[W][perf] iter=54ms (worst path so far: app.tick:53ms)
1785970599.772|[W][perf] iter=54ms (worst path so far: app.tick:53ms)
1785970599.827|[W][perf] iter=54ms (worst path so far: app.tick:53ms)
1785970599.880|[W][perf] iter=54ms (worst path so far: app.tick:53ms)
1785970599.934|[W][perf] iter=54ms (worst path so far: app.tick:53ms)
1785970599.988|[W][perf] iter=54ms (worst path so far: app.tick:53ms)
1785970600.042|[W][perf] iter=54ms (worst path so far: app.tick:53ms)
1785970600.096|[W][perf] iter=54ms (worst path so far: app.tick:53ms)
1785970600.150|[W][perf] iter=54ms (worst path so far: app.tick:53ms)
1785970600.204|[W][perf] iter=54ms (worst path so far: app.tick:53ms)
1785970600.258|[W][perf] iter=54ms (worst path so far: app.tick:53ms)
1785970600.312|[W][perf] iter=54ms (worst path so far: app.tick:53ms)
1785970600.366|[W][perf] iter=54ms (worst path so far: app.tick:53ms)
1785970600.421|[W][perf] iter=54ms (worst path so far: app.tick:53ms)
1785970600.475|[W][perf] iter=54ms (worst path so far: app.tick:53ms)
1785970600.528|[W][perf] iter=54ms (worst path so far: app.tick:53ms)
1785970600.583|[W][perf] iter=54ms (worst path so far: app.tick:53ms)
1785970600.636|[W][perf] iter=54ms (worst path so far: app.tick:53ms)
1785970600.690|[W][perf] iter=54ms (worst path so far: app.tick:53ms)
1785970600.744|[W][perf] iter=54ms (worst path so far: app.tick:53ms)
1785970600.799|[W][perf] iter=54ms (worst path so far: app.tick:53ms)
1785970600.853|[W][perf] iter=54ms (worst path so far: app.tick:53ms)
1785970600.906|[W][perf] iter=54ms (worst path so far: app.tick:53ms)
1785970600.960|[W][perf] iter=54ms (worst path so far: app.tick:53ms)
1785970601.014|[W][perf] iter=54ms (worst path so far: app.tick:53ms)
1785970601.068|[W][perf] iter=54ms (worst path so far: app.tick:53ms)
1785970601.122|[W][perf] iter=54ms (worst path so far: app.tick:53ms)
1785970601.176|[W][perf] iter=54ms (worst path so far: app.tick:53ms)
1785970601.230|[W][perf] iter=54ms (worst path so far: app.tick:53ms)
1785970601.285|[W][perf] iter=54ms (worst path so far: app.tick:53ms)
1785970601.338|[W][perf] iter=54ms (worst path so far: app.tick:53ms)
1785970601.393|[W][perf] iter=54ms (worst path so far: app.tick:53ms)
1785970601.446|[W][perf] iter=54ms (worst path so far: app.tick:53ms)
1785970601.500|[W][perf] iter=54ms (worst path so far: app.tick:53ms)
1785970601.555|[W][perf] iter=54ms (worst path so far: app.tick:53ms)
1785970601.608|[W][perf] iter=54ms (worst path so far: app.tick:53ms)
1785970601.662|[W][perf] iter=54ms (worst path so far: app.tick:53ms)
1785970601.716|[W][perf] iter=54ms (worst path so far: app.tick:53ms)
1785970601.770|[W][perf] iter=54ms (worst path so far: app.tick:53ms)
1785970601.825|[W][perf] iter=54ms (worst path so far: app.tick:53ms)
1785970601.879|[W][perf] iter=54ms (worst path so far: app.tick:53ms)
1785970601.932|[W][perf] iter=54ms (worst path so far: app.tick:53ms)
1785970601.986|[W][perf] iter=54ms (worst path so far: app.tick:53ms)
1785970602.040|[W][perf] iter=54ms (worst path so far: app.tick:53ms)
1785970602.094|[W][perf] iter=54ms (worst path so far: app.tick:53ms)
1785970602.148|[W][perf] iter=54ms (worst path so far: app.tick:53ms)
1785970602.203|[W][perf] iter=54ms (worst path so far: app.tick:53ms)
1785970602.256|[W][perf] iter=54ms (worst path so far: app.tick:53ms)
1785970602.310|[W][perf] iter=54ms (worst path so far: app.tick:53ms)
1785970602.365|[W][perf] iter=54ms (worst path so far: app.tick:53ms)
1785970602.418|[W][perf] iter=54ms (worst path so far: app.tick:53ms)
1785970602.473|[W][perf] iter=54ms (worst path so far: app.tick:53ms)
1785970602.527|[W][perf] iter=54ms (worst path so far: app.tick:53ms)
1785970602.580|[W][perf] iter=54ms (worst path so far: app.tick:53ms)
1785970602.634|[W][perf] iter=54ms (worst path so far: app.tick:53ms)
1785970602.688|[W][perf] iter=54ms (worst path so far: app.tick:53ms)
1785970602.742|[W][perf] iter=54ms (worst path so far: app.tick:53ms)
1785970602.791|[I][webradio] audio_info: Request http://25223.live.streamtheworld.com/WEB15_MP3_SC failed!
1785970602.802|[W][webradio] stream dead (isRunning=0 for 54ms, bufStalled for 5037ms) — stop + resume Spotify TLS
1785970602.806|[W][webradio] auto-skip exhausted — no playable station
1785970602.812|[I][spotify.tls] tls yield — resumed
1785970602.834|[D][chrome] drawVolume pct=100 keyframe=4
1785970602.837|[D][chrome] drawVolume pct=100 keyframe=4
1785970602.863|[W][perf] iter=121ms (worst path so far: wr.pump:5060ms)
1785970602.866|[D][webradio] ICY:
1785970626.854|[I][webradio] terminal retry — re-arming scan idx=0
1785970626.861|[I][webradio] play idx=0 name=INJECTED url=http://stream.slam.nl/WEB15_MP3
1785970627.312|[I][spotify.tls] tls yield — client stopped
1785970627.318|[membudget] TASK-267 _play pre-acquire lfbInt=42996 freeInt=55792
1785970627.323|[I][webradio] HEAP pre-connect free=55792 min=44004 maxAlloc=42996
1785970627.332|[membudget] CP1-pre-connect skip=0 freeInt=55792 lfbInt=42996 freeDma=12648 lfbDma=10228
1785970627.337|[W][perf] iter=482ms (worst path so far: wr.pump:5060ms)
1785970627.352|[I][webradio] audio_info: buffers freed, free Heap: 55792 bytes
1785970627.361|[I][webradio] audio_info: Connect to new host: "http://stream.slam.nl/WEB15_MP3"
1785970627.396|[I][webradio] audio_info: Connection has been established in 30 ms, free Heap: 55024 bytes
1785970627.402|[D][chrome] drawVolume pct=100 keyframe=4
1785970627.405|[D][chrome] drawVolume pct=100 keyframe=4
1785970627.426|[I][webradio] audio_info: chunked data transfer
1785970627.435|[I][webradio] audio_info: redirect to new host "http://29003.live.streamtheworld.com/WEB15_MP3_SC"
1785970627.447|[I][webradio] audio_info: buffers freed, free Heap: 55420 bytes
1785970627.457|[I][webradio] audio_info: Connect to new host: "http://29003.live.streamtheworld.com/WEB15_MP3_SC"
1785970627.460|[W][perf] iter=116ms (worst path so far: wr.pump:5060ms)
1785970627.466|[I][webradio] HEAP play free=55072 min=44004
1785970627.503|[I][webradio] audio_info: Connection has been established in 40 ms, free Heap: 54368 bytes
1785970627.537|[D][chrome] drawVolume pct=100 keyframe=4
1785970627.542|[D][chrome] drawVolume pct=100 keyframe=4
1785970627.569|[W][perf] iter=105ms (worst path so far: wr.pump:5060ms)
1785970628.473|[I][hb] display=winamp wifi=rssi(-53) disc=1 heap=53k maxAlloc=41k stack_hwm=12908b uptime=01:07:05 poll=0/0 last=0 block_max=0ms loop_max=482ms slow=wr.pump:5060ms last_poll_age_ms=0 next_poll_in_ms=5000 last_render_age_ms=914 build=Aug  5 2026-22:49:22
1785970628.874|[I][webradio] audio_info: icy-name: SLAM! 00's
1785970628.893|[mbdbg] helix alloc: DecInfo=0x3ffef4c8(2000) FHdr=0x3ffefc98(44) SI=0x3ffefcc4(40) SFJS=0x3ffefcec(36) Huff=0x3ffefd10(4624) Deq=0x3fff0f20(792) IMDCT=0x3fff1238(6944) Sub=0x3fff2d58(8708) FInfo=0x3fff4f5c(28)
1785970628.899|[I][webradio] audio_info: MP3Decoder has been initialized, free Heap: 48248 bytes
1785970628.907|[membudget] CP2-decoder-init freeInt=48248 lfbInt=42996 freeDma=5104 lfbDma=2292 arenaHWM=23216
1785970628.914|[W][perf] iter=53ms (worst path so far: app.tick:50ms)
1785970628.918|[I][webradio] audio_info: slow stream, dropouts are possible
1785970628.921|[I][webradio] audio_info: stream ready
1785970628.926|[I][webradio] audio_info: syncword found at pos 0
1785970628.935|[I][webradio] audio_info: Channels: 2
1785970628.938|[I][webradio] audio_info: SampleRate: 44100
1785970628.941|[I][webradio] audio_info: BitsPerSample: 16
1785970628.946|[I][webradio] audio_info: BitRate: 128000
1785970629.545|[I][webradio] audio_info: StreamTitle='Bomfunk Mc's - Freestyler'
1785970629.549|[D][webradio] ICY: Bomfunk Mc's - Freestyler
1785970631.926|[I][webradio] audio_info: slow stream, dropouts are possible
1785970632.927|[I][webradio] audio_info: slow stream, dropouts are possible
1785970633.927|[I][webradio] audio_info: slow stream, dropouts are possible
1785970634.928|[I][webradio] audio_info: slow stream, dropouts are possible
1785970635.929|[I][webradio] audio_info: slow stream, dropouts are possible
1785970636.449|[W][webradio] stream dead (isRunning=1 for 0ms, bufStalled for 5000ms) — stop + resume Spotify TLS
1785970636.453|[I][webradio] stall idx=0 — retrying once
1785970636.464|[I][spotify.tls] tls yield — resumed
1785970636.491|[D][chrome] drawVolume pct=100 keyframe=4
1785970636.494|[D][chrome] drawVolume pct=100 keyframe=4
1785970636.520|[W][perf] iter=76ms (worst path so far: app.tick:75ms)
1785970636.527|[I][webradio] play idx=0 name=INJECTED url=http://stream.slam.nl/WEB15_MP3
1785970636.965|[I][spotify.tls] tls yield — client stopped
1785970636.971|[membudget] TASK-267 _play pre-acquire lfbInt=42996 freeInt=47968
1785970636.977|[I][webradio] HEAP pre-connect free=47968 min=44004 maxAlloc=42996
1785970636.985|[membudget] CP1-pre-connect skip=0 freeInt=47968 lfbInt=42996 freeDma=4824 lfbDma=1652
1785970636.990|[W][perf] iter=468ms (worst path so far: app.tick:466ms)
1785970637.009|[I][webradio] audio_info: buffers freed, free Heap: 49620 bytes
1785970637.019|[I][webradio] audio_info: Connect to new host: "http://stream.slam.nl/WEB15_MP3"
1785970637.045|[D][chrome] drawVolume pct=100 keyframe=4
1785970637.049|[D][chrome] drawVolume pct=100 keyframe=4
1785970637.075|[W][perf] iter=85ms (worst path so far: app.tick:466ms)
1785970639.044|[I][webradio] audio_info: Connection has been established in 2018 ms, free Heap: 48580 bytes
1785970639.068|[I][webradio] audio_info: chunked data transfer
1785970639.077|[I][webradio] audio_info: redirect to new host "http://28973.live.streamtheworld.com/WEB15_MP3_SC"
1785970639.090|[I][webradio] audio_info: buffers freed, free Heap: 49400 bytes
1785970639.100|[I][webradio] audio_info: Connect to new host: "http://28973.live.streamtheworld.com/WEB15_MP3_SC"
1785970639.106|[D][chrome] drawVolume pct=100 keyframe=4
1785970639.110|[D][chrome] drawVolume pct=100 keyframe=4
1785970639.139|[W][perf] iter=94ms (worst path so far: wr.connect:2056ms)
1785970639.158|[I][webradio] audio_info: Connection has been established in 52 ms, free Heap: 48568 bytes
1785970640.024|[W][perf] iter=53ms (worst path so far: wr.connect:2056ms)
1785970640.077|[W][perf] iter=54ms (worst path so far: wr.connect:2056ms)
1785970640.131|[W][perf] iter=54ms (worst path so far: wr.connect:2056ms)
1785970640.185|[W][perf] iter=54ms (worst path so far: wr.connect:2056ms)
1785970640.239|[W][perf] iter=54ms (worst path so far: wr.connect:2056ms)
1785970640.293|[W][perf] iter=54ms (worst path so far: wr.connect:2056ms)
1785970640.348|[W][perf] iter=54ms (worst path so far: wr.connect:2056ms)
1785970640.401|[W][perf] iter=54ms (worst path so far: wr.connect:2056ms)
1785970640.455|[W][perf] iter=54ms (worst path so far: wr.connect:2056ms)
1785970640.509|[W][perf] iter=54ms (worst path so far: wr.connect:2056ms)
1785970640.563|[W][perf] iter=54ms (worst path so far: wr.connect:2056ms)
1785970640.617|[W][perf] iter=54ms (worst path so far: wr.connect:2056ms)
1785970640.673|[W][perf] iter=55ms (worst path so far: wr.connect:2056ms)
1785970640.726|[W][perf] iter=54ms (worst path so far: wr.connect:2056ms)
1785970640.780|[W][perf] iter=54ms (worst path so far: wr.connect:2056ms)
1785970640.834|[W][perf] iter=54ms (worst path so far: wr.connect:2056ms)
1785970640.888|[W][perf] iter=54ms (worst path so far: wr.connect:2056ms)
1785970640.942|[W][perf] iter=54ms (worst path so far: wr.connect:2056ms)
1785970640.996|[W][perf] iter=54ms (worst path so far: wr.connect:2056ms)
1785970641.050|[W][perf] iter=54ms (worst path so far: wr.connect:2056ms)
1785970641.104|[W][perf] iter=54ms (worst path so far: wr.connect:2056ms)
1785970641.159|[W][perf] iter=54ms (worst path so far: wr.connect:2056ms)
1785970641.212|[W][perf] iter=54ms (worst path so far: wr.connect:2056ms)
1785970641.266|[W][perf] iter=54ms (worst path so far: wr.connect:2056ms)
1785970641.320|[W][perf] iter=54ms (worst path so far: wr.connect:2056ms)
1785970641.374|[W][perf] iter=54ms (worst path so far: wr.connect:2056ms)
1785970641.428|[W][perf] iter=54ms (worst path so far: wr.connect:2056ms)
1785970641.483|[W][perf] iter=54ms (worst path so far: wr.connect:2056ms)
1785970641.536|[W][perf] iter=54ms (worst path so far: wr.connect:2056ms)
1785970641.590|[W][perf] iter=54ms (worst path so far: wr.connect:2056ms)
1785970641.644|[W][perf] iter=54ms (worst path so far: wr.connect:2056ms)
1785970641.698|[W][perf] iter=54ms (worst path so far: wr.connect:2056ms)
1785970641.753|[W][perf] iter=54ms (worst path so far: wr.connect:2056ms)
1785970641.806|[W][perf] iter=54ms (worst path so far: wr.connect:2056ms)
1785970641.860|[W][perf] iter=54ms (worst path so far: wr.connect:2056ms)
1785970641.914|[W][perf] iter=54ms (worst path so far: wr.connect:2056ms)
1785970641.968|[W][perf] iter=54ms (worst path so far: wr.connect:2056ms)
1785970642.022|[W][perf] iter=54ms (worst path so far: wr.connect:2056ms)
1785970642.076|[W][perf] iter=54ms (worst path so far: wr.connect:2056ms)
1785970642.130|[W][perf] iter=54ms (worst path so far: wr.connect:2056ms)
1785970642.184|[W][perf] iter=54ms (worst path so far: wr.connect:2056ms)
1785970642.238|[W][perf] iter=54ms (worst path so far: wr.connect:2056ms)
1785970642.292|[W][perf] iter=54ms (worst path so far: wr.connect:2056ms)
1785970642.346|[W][perf] iter=54ms (worst path so far: wr.connect:2056ms)
1785970642.400|[W][perf] iter=54ms (worst path so far: wr.connect:2056ms)
1785970642.455|[W][perf] iter=54ms (worst path so far: wr.connect:2056ms)
1785970644.050|[W][webradio] stream dead (isRunning=0 for 1643ms, bufStalled for 5000ms) — stop + resume Spotify TLS
1785970644.058|[W][webradio] auto-skip exhausted — no playable station
1785970644.060|[I][spotify.tls] tls yield — resumed
1785970644.089|[D][chrome] drawVolume pct=100 keyframe=4
1785970644.093|[D][chrome] drawVolume pct=100 keyframe=4
1785970644.119|[W][perf] iter=74ms (worst path so far: wr.pump:2501ms)
1785970658.471|[I][hb] display=winamp wifi=rssi(-54) disc=1 heap=54k maxAlloc=41k stack_hwm=12908b uptime=01:07:35 poll=0/0 last=0 block_max=0ms loop_max=468ms slow=wr.pump:2501ms last_poll_age_ms=0 next_poll_in_ms=5000 last_render_age_ms=14362 build=Aug  5 2026-22:49:2
1785970666.523|[I][webradio] terminal retry — re-arming scan idx=0
1785970666.530|[I][webradio] play idx=0 name=INJECTED url=http://stream.slam.nl/WEB15_MP3
1785970666.561|[I][spotify.tls] tls yield — client stopped
1785970666.566|[membudget] TASK-267 _play pre-acquire lfbInt=42996 freeInt=55344
1785970666.572|[I][webradio] HEAP pre-connect free=55344 min=43708 maxAlloc=42996
1785970666.580|[membudget] CP1-pre-connect skip=0 freeInt=55344 lfbInt=42996 freeDma=12200 lfbDma=9716
1785970666.585|[W][perf] iter=61ms (worst path so far: app.tick:60ms)
1785970666.601|[I][webradio] audio_info: buffers freed, free Heap: 55344 bytes
1785970666.609|[I][webradio] audio_info: Connect to new host: "http://stream.slam.nl/WEB15_MP3"
1785970666.641|[D][chrome] drawVolume pct=100 keyframe=4
1785970666.650|[I][webradio] audio_info: Connection has been established in 32 ms, free Heap: 54564 bytes
1785970666.655|[D][chrome] drawVolume pct=100 keyframe=4
1785970666.675|[I][webradio] audio_info: chunked data transfer
1785970666.684|[I][webradio] audio_info: redirect to new host "http://22353.live.streamtheworld.com/WEB15_MP3_SC"
1785970666.699|[I][webradio] audio_info: buffers freed, free Heap: 54972 bytes
1785970666.709|[I][webradio] audio_info: Connect to new host: "http://22353.live.streamtheworld.com/WEB15_MP3_SC"
1785970666.712|[W][perf] iter=116ms (worst path so far: app.tick:98ms)
1785970666.717|[I][webradio] HEAP play free=54784 min=43708
1785970666.755|[I][webradio] audio_info: Connection has been established in 42 ms, free Heap: 54304 bytes
1785970666.790|[D][chrome] drawVolume pct=100 keyframe=4
1785970666.794|[D][chrome] drawVolume pct=100 keyframe=4
1785970666.822|[W][perf] iter=108ms (worst path so far: app.tick:106ms)
1785970667.503|[W][perf] iter=53ms (worst path so far: app.tick:106ms)
1785970667.557|[W][perf] iter=54ms (worst path so far: app.tick:106ms)
1785970667.611|[W][perf] iter=54ms (worst path so far: app.tick:106ms)
1785970667.665|[W][perf] iter=54ms (worst path so far: app.tick:106ms)
1785970667.719|[W][perf] iter=54ms (worst path so far: app.tick:106ms)
1785970667.774|[W][perf] iter=54ms (worst path so far: app.tick:106ms)
1785970667.827|[W][perf] iter=54ms (worst path so far: app.tick:106ms)
1785970667.881|[W][perf] iter=54ms (worst path so far: app.tick:106ms)
1785970667.935|[W][perf] iter=54ms (worst path so far: app.tick:106ms)
1785970667.990|[W][perf] iter=54ms (worst path so far: app.tick:106ms)
1785970668.043|[W][perf] iter=54ms (worst path so far: app.tick:106ms)
1785970668.097|[W][perf] iter=54ms (worst path so far: app.tick:106ms)
1785970668.151|[W][perf] iter=54ms (worst path so far: app.tick:106ms)
1785970668.205|[W][perf] iter=54ms (worst path so far: app.tick:106ms)
1785970668.259|[W][perf] iter=54ms (worst path so far: app.tick:106ms)
1785970668.313|[W][perf] iter=54ms (worst path so far: app.tick:106ms)
1785970668.369|[W][perf] iter=56ms (worst path so far: app.tick:106ms)
1785970668.423|[W][perf] iter=54ms (worst path so far: app.tick:106ms)
1785970668.477|[W][perf] iter=54ms (worst path so far: app.tick:106ms)
1785970668.531|[W][perf] iter=54ms (worst path so far: app.tick:106ms)
1785970668.586|[W][perf] iter=54ms (worst path so far: app.tick:106ms)
1785970668.640|[W][perf] iter=54ms (worst path so far: app.tick:106ms)
1785970668.693|[W][perf] iter=54ms (worst path so far: app.tick:106ms)
1785970668.747|[W][perf] iter=54ms (worst path so far: app.tick:106ms)
1785970668.801|[W][perf] iter=54ms (worst path so far: app.tick:106ms)
1785970668.855|[W][perf] iter=54ms (worst path so far: app.tick:106ms)
1785970668.909|[W][perf] iter=54ms (worst path so far: app.tick:106ms)
1785970668.963|[W][perf] iter=54ms (worst path so far: app.tick:106ms)
1785970669.018|[W][perf] iter=54ms (worst path so far: app.tick:106ms)
1785970669.072|[W][perf] iter=54ms (worst path so far: app.tick:106ms)
1785970669.125|[W][perf] iter=54ms (worst path so far: app.tick:106ms)
1785970669.179|[W][perf] iter=54ms (worst path so far: app.tick:106ms)
1785970669.234|[W][perf] iter=54ms (worst path so far: app.tick:106ms)
1785970669.287|[W][perf] iter=54ms (worst path so far: app.tick:106ms)
1785970669.341|[W][perf] iter=54ms (worst path so far: app.tick:106ms)
1785970669.395|[W][perf] iter=54ms (worst path so far: app.tick:106ms)
1785970669.450|[W][perf] iter=54ms (worst path so far: app.tick:106ms)
1785970669.503|[W][perf] iter=54ms (worst path so far: app.tick:106ms)
1785970669.558|[W][perf] iter=54ms (worst path so far: app.tick:106ms)
1785970669.611|[W][perf] iter=54ms (worst path so far: app.tick:106ms)
1785970669.666|[W][perf] iter=54ms (worst path so far: app.tick:106ms)
1785970669.720|[W][perf] iter=54ms (worst path so far: app.tick:106ms)
1785970669.773|[W][perf] iter=54ms (worst path so far: app.tick:106ms)
1785970669.827|[W][perf] iter=54ms (worst path so far: app.tick:106ms)
1785970669.881|[W][perf] iter=54ms (worst path so far: app.tick:106ms)
1785970669.935|[W][perf] iter=54ms (worst path so far: app.tick:106ms)
1785970671.719|[W][webradio] stream dead (isRunning=0 for 1830ms, bufStalled for 5000ms) — stop + resume Spotify TLS
1785970671.722|[I][webradio] stall idx=0 — retrying once
1785970671.731|[I][spotify.tls] tls yield — resumed
1785970671.758|[D][chrome] drawVolume pct=100 keyframe=4
1785970671.762|[D][chrome] drawVolume pct=100 keyframe=4
1785970671.786|[W][perf] iter=74ms (worst path so far: wr.pump:2501ms)
1785970671.794|[I][webradio] play idx=0 name=INJECTED url=http://stream.slam.nl/WEB15_MP3
1785970672.232|[I][spotify.tls] tls yield — client stopped
1785970672.237|[membudget] TASK-267 _play pre-acquire lfbInt=42996 freeInt=55120
1785970672.243|[I][webradio] HEAP pre-connect free=55120 min=43708 maxAlloc=42996
1785970672.252|[membudget] CP1-pre-connect skip=0 freeInt=55120 lfbInt=42996 freeDma=11976 lfbDma=9716
1785970672.256|[W][perf] iter=467ms (worst path so far: wr.pump:2501ms)
1785970672.272|[I][webradio] audio_info: buffers freed, free Heap: 55120 bytes
1785970672.280|[I][webradio] audio_info: Connect to new host: "http://stream.slam.nl/WEB15_MP3"
1785970672.313|[D][chrome] drawVolume pct=100 keyframe=4
1785970672.317|[D][chrome] drawVolume pct=100 keyframe=4
1785970672.345|[I][webradio] audio_info: Connection has been established in 59 ms, free Heap: 54324 bytes
1785970672.352|[W][perf] iter=91ms (worst path so far: wr.pump:2501ms)
1785970672.375|[I][webradio] audio_info: chunked data transfer
1785970672.385|[I][webradio] audio_info: redirect to new host "http://22673.live.streamtheworld.com/WEB15_MP3_SC"
1785970672.397|[I][webradio] audio_info: buffers freed, free Heap: 54740 bytes
1785970672.407|[I][webradio] audio_info: Connect to new host: "http://22673.live.streamtheworld.com/WEB15_MP3_SC"
1785970672.414|[D][chrome] drawVolume pct=100 keyframe=4
1785970672.418|[D][chrome] drawVolume pct=100 keyframe=4
1785970672.447|[W][perf] iter=99ms (worst path so far: wr.pump:2501ms)
1785970672.459|[I][webradio] audio_info: Connection has been established in 45 ms, free Heap: 54032 bytes
1785970673.419|[I][webradio] audio_info: icy-name: SLAM! 00's
1785970673.439|[mbdbg] helix alloc: DecInfo=0x3ffef4c8(2000) FHdr=0x3ffefc98(44) SI=0x3ffefcc4(40) SFJS=0x3ffefcec(36) Huff=0x3ffefd10(4624) Deq=0x3fff0f20(792) IMDCT=0x3fff1238(6944) Sub=0x3fff2d58(8708) FInfo=0x3fff4f5c(28)
1785970673.445|[I][webradio] audio_info: MP3Decoder has been initialized, free Heap: 47724 bytes
1785970673.453|[membudget] CP2-decoder-init freeInt=47692 lfbInt=42996 freeDma=4548 lfbDma=1844 arenaHWM=23216
1785970673.459|[W][perf] iter=52ms (worst path so far: wr.pump:2501ms)
1785970673.461|[I][webradio] audio_info: stream ready
1785970673.467|[I][webradio] audio_info: syncword found at pos 0
1785970673.480|[I][webradio] audio_info: Channels: 2
1785970673.484|[I][webradio] audio_info: SampleRate: 44100
1785970673.486|[I][webradio] audio_info: BitsPerSample: 16
1785970673.491|[I][webradio] audio_info: BitRate: 128000
1785970674.090|[I][webradio] audio_info: StreamTitle='Bomfunk Mc's - Freestyler'
1785970674.094|[D][webradio] ICY: Bomfunk Mc's - Freestyler
1785970678.520|[I][webradio] audio_info: slow stream, dropouts are possible
1785970679.521|[I][webradio] audio_info: slow stream, dropouts are possible
1785970680.522|[I][webradio] audio_info: slow stream, dropouts are possible
1785970681.523|[I][webradio] audio_info: slow stream, dropouts are possible
1785970682.453|[W][webradio] stream dead (isRunning=1 for 0ms, bufStalled for 5000ms) — stop + resume Spotify TLS
1785970682.456|[W][webradio] auto-skip exhausted — no playable station
1785970682.461|[I][spotify.tls] tls yield — resumed
1785970682.495|[D][chrome] drawVolume pct=100 keyframe=4
1785970682.498|[D][chrome] drawVolume pct=100 keyframe=4
1785970682.525|[W][perf] iter=76ms (worst path so far: wr.pump:2501ms)
1785970688.470|[I][hb] display=winamp wifi=rssi(-53) disc=1 heap=46k maxAlloc=41k stack_hwm=12908b uptime=01:08:05 poll=0/0 last=0 block_max=0ms loop_max=467ms slow=wr.pump:2501ms last_poll_age_ms=0 next_poll_in_ms=5000 last_render_age_ms=5956 build=Aug  5 2026-22:49:22
1785970701.790|[I][webradio] terminal retry — re-arming scan idx=0
1785970701.798|[I][webradio] play idx=0 name=INJECTED url=http://stream.slam.nl/WEB15_MP3
1785970701.960|[I][spotify.tls] tls yield — client stopped
1785970701.965|[membudget] TASK-267 _play pre-acquire lfbInt=42996 freeInt=45964
1785970701.970|[I][webradio] HEAP pre-connect free=45964 min=43708 maxAlloc=42996
1785970701.979|[membudget] CP1-pre-connect skip=0 freeInt=45964 lfbInt=42996 freeDma=2820 lfbDma=1652
1785970701.984|[W][perf] iter=192ms (worst path so far: app.tick:191ms)
1785970702.004|[I][webradio] audio_info: buffers freed, free Heap: 54884 bytes
1785970702.012|[I][webradio] audio_info: Connect to new host: "http://stream.slam.nl/WEB15_MP3"
1785970702.042|[D][chrome] drawVolume pct=100 keyframe=4
1785970702.050|[I][webradio] audio_info: Connection has been established in 30 ms, free Heap: 53892 bytes
1785970702.054|[D][chrome] drawVolume pct=100 keyframe=4
1785970702.074|[I][webradio] audio_info: chunked data transfer
1785970702.083|[I][webradio] audio_info: redirect to new host "http://22713.live.streamtheworld.com/WEB15_MP3_SC"
1785970702.095|[I][webradio] audio_info: buffers freed, free Heap: 54512 bytes
1785970702.106|[I][webradio] audio_info: Connect to new host: "http://22713.live.streamtheworld.com/WEB15_MP3_SC"
1785970702.109|[W][perf] iter=118ms (worst path so far: app.tick:191ms)
1785970702.114|[I][webradio] HEAP play free=54172 min=43708
1785970702.150|[I][webradio] audio_info: Connection has been established in 38 ms, free Heap: 53672 bytes
1785970702.183|[D][chrome] drawVolume pct=100 keyframe=4
1785970702.187|[D][chrome] drawVolume pct=100 keyframe=4
1785970702.214|[W][perf] iter=104ms (worst path so far: app.tick:191ms)
1785970703.323|[W][perf] iter=53ms (worst path so far: app.tick:191ms)
1785970703.377|[W][perf] iter=54ms (worst path so far: app.tick:191ms)
1785970703.431|[W][perf] iter=54ms (worst path so far: app.tick:191ms)
1785970703.484|[W][perf] iter=54ms (worst path so far: app.tick:191ms)
1785970703.539|[W][perf] iter=54ms (worst path so far: app.tick:191ms)
1785970703.592|[W][perf] iter=54ms (worst path so far: app.tick:191ms)
1785970703.647|[W][perf] iter=54ms (worst path so far: app.tick:191ms)
1785970703.701|[W][perf] iter=54ms (worst path so far: app.tick:191ms)
1785970703.756|[W][perf] iter=55ms (worst path so far: app.tick:191ms)
1785970703.810|[W][perf] iter=54ms (worst path so far: app.tick:191ms)
1785970703.864|[W][perf] iter=54ms (worst path so far: app.tick:191ms)
1785970703.918|[W][perf] iter=54ms (worst path so far: app.tick:191ms)
1785970703.972|[W][perf] iter=54ms (worst path so far: app.tick:191ms)
1785970704.026|[W][perf] iter=54ms (worst path so far: app.tick:191ms)
1785970704.079|[W][perf] iter=54ms (worst path so far: app.tick:191ms)
1785970704.134|[W][perf] iter=54ms (worst path so far: app.tick:191ms)
1785970704.188|[W][perf] iter=54ms (worst path so far: app.tick:191ms)
1785970704.242|[W][perf] iter=54ms (worst path so far: app.tick:191ms)
1785970704.295|[W][perf] iter=54ms (worst path so far: app.tick:191ms)
1785970704.349|[W][perf] iter=54ms (worst path so far: app.tick:191ms)
1785970704.404|[W][perf] iter=54ms (worst path so far: app.tick:191ms)
1785970704.458|[W][perf] iter=54ms (worst path so far: app.tick:191ms)
1785970704.511|[W][perf] iter=54ms (worst path so far: app.tick:191ms)
1785970704.567|[W][perf] iter=54ms (worst path so far: app.tick:191ms)
1785970704.620|[W][perf] iter=54ms (worst path so far: app.tick:191ms)
1785970704.674|[W][perf] iter=54ms (worst path so far: app.tick:191ms)
1785970704.728|[W][perf] iter=54ms (worst path so far: app.tick:191ms)
1785970704.782|[W][perf] iter=54ms (worst path so far: app.tick:191ms)
1785970704.836|[W][perf] iter=54ms (worst path so far: app.tick:191ms)
1785970704.890|[W][perf] iter=54ms (worst path so far: app.tick:191ms)
1785970704.944|[W][perf] iter=54ms (worst path so far: app.tick:191ms)
1785970704.998|[W][perf] iter=54ms (worst path so far: app.tick:191ms)
1785970705.052|[W][perf] iter=54ms (worst path so far: app.tick:191ms)
1785970705.105|[W][perf] iter=54ms (worst path so far: app.tick:191ms)
1785970705.159|[W][perf] iter=54ms (worst path so far: app.tick:191ms)
1785970705.214|[W][perf] iter=54ms (worst path so far: app.tick:191ms)
1785970705.268|[W][perf] iter=54ms (worst path so far: app.tick:191ms)
1785970705.322|[W][perf] iter=54ms (worst path so far: app.tick:191ms)
1785970705.376|[W][perf] iter=54ms (worst path so far: app.tick:191ms)
1785970705.430|[W][perf] iter=54ms (worst path so far: app.tick:191ms)
1785970705.483|[W][perf] iter=54ms (worst path so far: app.tick:191ms)
1785970705.538|[W][perf] iter=54ms (worst path so far: app.tick:191ms)
1785970705.592|[W][perf] iter=54ms (worst path so far: app.tick:191ms)
1785970705.646|[W][perf] iter=54ms (worst path so far: app.tick:191ms)
1785970705.700|[W][perf] iter=54ms (worst path so far: app.tick:191ms)
1785970705.754|[W][perf] iter=54ms (worst path so far: app.tick:191ms)
1785970707.116|[W][webradio] stream dead (isRunning=0 for 1409ms, bufStalled for 5000ms) — stop + resume Spotify TLS
1785970707.119|[I][webradio] stall idx=0 — retrying once
1785970707.127|[I][spotify.tls] tls yield — resumed
1785970707.155|[D][chrome] drawVolume pct=100 keyframe=4
1785970707.159|[D][chrome] drawVolume pct=100 keyframe=4
1785970707.184|[W][perf] iter=74ms (worst path so far: wr.pump:2503ms)
1785970707.192|[I][webradio] play idx=0 name=INJECTED url=http://stream.slam.nl/WEB15_MP3
1785970707.629|[I][spotify.tls] tls yield — client stopped
1785970707.634|[membudget] TASK-267 _play pre-acquire lfbInt=42996 freeInt=54672
1785970707.640|[I][webradio] HEAP pre-connect free=54672 min=43708 maxAlloc=42996
1785970707.648|[membudget] CP1-pre-connect skip=0 freeInt=54672 lfbInt=42996 freeDma=11528 lfbDma=9716
1785970707.653|[W][perf] iter=466ms (worst path so far: wr.pump:2503ms)
1785970707.667|[I][webradio] audio_info: buffers freed, free Heap: 54672 bytes
1785970707.676|[I][webradio] audio_info: Connect to new host: "http://stream.slam.nl/WEB15_MP3"
1785970707.706|[D][chrome] drawVolume pct=100 keyframe=4
1785970707.710|[D][chrome] drawVolume pct=100 keyframe=4
1785970707.722|[I][webradio] audio_info: Connection has been established in 39 ms, free Heap: 53876 bytes
1785970707.742|[W][perf] iter=89ms (worst path so far: wr.pump:2503ms)
1785970707.751|[I][webradio] audio_info: chunked data transfer
1785970707.760|[I][webradio] audio_info: redirect to new host "http://22533.live.streamtheworld.com/WEB15_MP3_SC"
1785970707.772|[I][webradio] audio_info: buffers freed, free Heap: 54292 bytes
1785970707.784|[I][webradio] audio_info: Connect to new host: "http://22533.live.streamtheworld.com/WEB15_MP3_SC"
1785970707.825|[I][webradio] audio_info: Connection has been established in 37 ms, free Heap: 53244 bytes
1785970707.844|[D][chrome] drawVolume pct=100 keyframe=4
1785970707.848|[D][chrome] drawVolume pct=100 keyframe=4
1785970707.875|[W][perf] iter=132ms (worst path so far: wr.pump:2503ms)
1785970708.633|[I][webradio] audio_info: icy-name: SLAM! 00's
1785970708.652|[mbdbg] helix alloc: DecInfo=0x3ffef4c8(2000) FHdr=0x3ffefc98(44) SI=0x3ffefcc4(40) SFJS=0x3ffefcec(36) Huff=0x3ffefd10(4624) Deq=0x3fff0f20(792) IMDCT=0x3fff1238(6944) Sub=0x3fff2d58(8708) FInfo=0x3fff4f5c(28)
1785970708.658|[I][webradio] audio_info: MP3Decoder has been initialized, free Heap: 47096 bytes
1785970708.666|[membudget] CP2-decoder-init freeInt=47096 lfbInt=42996 freeDma=3952 lfbDma=1652 arenaHWM=23216
1785970708.672|[W][perf] iter=53ms (worst path so far: wr.pump:2503ms)
1785970708.677|[I][webradio] audio_info: slow stream, dropouts are possible
1785970708.680|[I][webradio] audio_info: stream ready
1785970708.684|[I][webradio] audio_info: syncword found at pos 0
1785970708.696|[I][webradio] audio_info: Channels: 2
1785970708.698|[I][webradio] audio_info: SampleRate: 44100
1785970708.702|[I][webradio] audio_info: BitsPerSample: 16
1785970708.707|[I][webradio] audio_info: BitRate: 128000
1785970709.305|[I][webradio] audio_info: StreamTitle='Bomfunk Mc's - Freestyler'
1785970709.309|[D][webradio] ICY: Bomfunk Mc's - Freestyler
1785970712.708|[I][webradio] audio_info: slow stream, dropouts are possible
1785970713.708|[I][webradio] audio_info: slow stream, dropouts are possible
1785970714.710|[I][webradio] audio_info: slow stream, dropouts are possible
1785970715.711|[I][webradio] audio_info: slow stream, dropouts are possible
1785970716.711|[I][webradio] audio_info: slow stream, dropouts are possible
1785970716.994|[W][webradio] stream dead (isRunning=1 for 0ms, bufStalled for 5000ms) — stop + resume Spotify TLS
1785970716.996|[W][webradio] auto-skip exhausted — no playable station
1785970717.001|[I][spotify.tls] tls yield — resumed
1785970717.035|[D][chrome] drawVolume pct=100 keyframe=4
1785970717.038|[D][chrome] drawVolume pct=100 keyframe=4
1785970717.064|[W][perf] iter=75ms (worst path so far: wr.pump:2503ms)
1785970718.470|[I][hb] display=winamp wifi=rssi(-53) disc=1 heap=45k maxAlloc=41k stack_hwm=12908b uptime=01:08:35 poll=0/0 last=0 block_max=0ms loop_max=466ms slow=wr.pump:2503ms last_poll_age_ms=0 next_poll_in_ms=5000 last_render_age_ms=1416 build=Aug  5 2026-22:49:22
1785970737.188|[I][webradio] terminal retry — re-arming scan idx=0
1785970737.195|[I][webradio] play idx=0 name=INJECTED url=http://stream.slam.nl/WEB15_MP3
1785970737.499|[I][spotify.tls] tls yield — client stopped
1785970737.504|[membudget] TASK-267 _play pre-acquire lfbInt=42996 freeInt=45464
1785970737.510|[I][webradio] HEAP pre-connect free=45464 min=43708 maxAlloc=42996
1785970737.518|[membudget] CP1-pre-connect skip=0 freeInt=45464 lfbInt=42996 freeDma=2320 lfbDma=1652
1785970737.523|[W][perf] iter=334ms (worst path so far: app.tick:333ms)
1785970737.541|[I][webradio] audio_info: buffers freed, free Heap: 54672 bytes
1785970737.550|[I][webradio] audio_info: Connect to new host: "http://stream.slam.nl/WEB15_MP3"
1785970737.580|[D][chrome] drawVolume pct=100 keyframe=4
1785970737.588|[I][webradio] audio_info: Connection has been established in 31 ms, free Heap: 53688 bytes
1785970737.592|[D][chrome] drawVolume pct=100 keyframe=4
1785970737.615|[I][webradio] audio_info: chunked data transfer
1785970737.624|[I][webradio] audio_info: redirect to new host "http://22333.live.streamtheworld.com/WEB15_MP3_SC"
1785970737.636|[I][webradio] audio_info: buffers freed, free Heap: 54292 bytes
1785970737.647|[I][webradio] audio_info: Connect to new host: "http://22333.live.streamtheworld.com/WEB15_MP3_SC"
1785970737.650|[W][perf] iter=99ms (worst path so far: app.tick:333ms)
1785970737.655|[I][webradio] HEAP play free=54100 min=43708
1785970737.707|[I][webradio] audio_info: Connection has been established in 53 ms, free Heap: 53388 bytes
1785970737.741|[D][chrome] drawVolume pct=100 keyframe=4
1785970737.745|[D][chrome] drawVolume pct=100 keyframe=4
1785970737.772|[W][perf] iter=119ms (worst path so far: app.tick:333ms)
1785970738.506|[W][perf] iter=53ms (worst path so far: app.tick:333ms)
1785970738.560|[W][perf] iter=54ms (worst path so far: app.tick:333ms)
1785970738.614|[W][perf] iter=54ms (worst path so far: app.tick:333ms)
1785970738.668|[W][perf] iter=54ms (worst path so far: app.tick:333ms)
1785970738.722|[W][perf] iter=54ms (worst path so far: app.tick:333ms)
1785970738.776|[W][perf] iter=54ms (worst path so far: app.tick:333ms)
1785970738.830|[W][perf] iter=54ms (worst path so far: app.tick:333ms)
1785970738.884|[W][perf] iter=54ms (worst path so far: app.tick:333ms)
1785970738.938|[W][perf] iter=54ms (worst path so far: app.tick:333ms)
1785970738.992|[W][perf] iter=54ms (worst path so far: app.tick:333ms)
1785970739.046|[W][perf] iter=54ms (worst path so far: app.tick:333ms)
1785970739.100|[W][perf] iter=54ms (worst path so far: app.tick:333ms)
1785970739.155|[W][perf] iter=54ms (worst path so far: app.tick:333ms)
1785970739.208|[W][perf] iter=54ms (worst path so far: app.tick:333ms)
1785970739.262|[W][perf] iter=54ms (worst path so far: app.tick:333ms)
1785970739.317|[W][perf] iter=55ms (worst path so far: app.tick:333ms)
1785970739.372|[W][perf] iter=54ms (worst path so far: app.tick:333ms)
1785970739.425|[W][perf] iter=54ms (worst path so far: app.tick:333ms)
1785970739.479|[W][perf] iter=54ms (worst path so far: app.tick:333ms)
1785970739.533|[W][perf] iter=54ms (worst path so far: app.tick:333ms)
1785970739.587|[W][perf] iter=54ms (worst path so far: app.tick:333ms)
1785970739.641|[W][perf] iter=54ms (worst path so far: app.tick:333ms)
1785970739.695|[W][perf] iter=54ms (worst path so far: app.tick:333ms)
1785970739.749|[W][perf] iter=54ms (worst path so far: app.tick:333ms)
1785970739.804|[W][perf] iter=54ms (worst path so far: app.tick:333ms)
1785970739.857|[W][perf] iter=54ms (worst path so far: app.tick:333ms)
1785970739.911|[W][perf] iter=54ms (worst path so far: app.tick:333ms)
1785970739.965|[W][perf] iter=54ms (worst path so far: app.tick:333ms)
1785970740.019|[W][perf] iter=54ms (worst path so far: app.tick:333ms)
1785970740.073|[W][perf] iter=54ms (worst path so far: app.tick:333ms)
1785970740.127|[W][perf] iter=54ms (worst path so far: app.tick:333ms)
1785970740.181|[W][perf] iter=54ms (worst path so far: app.tick:333ms)
1785970740.235|[W][perf] iter=54ms (worst path so far: app.tick:333ms)
1785970740.289|[W][perf] iter=54ms (worst path so far: app.tick:333ms)
1785970740.343|[W][perf] iter=54ms (worst path so far: app.tick:333ms)
1785970740.398|[W][perf] iter=54ms (worst path so far: app.tick:333ms)
1785970740.451|[W][perf] iter=54ms (worst path so far: app.tick:333ms)
1785970740.505|[W][perf] iter=54ms (worst path so far: app.tick:333ms)
1785970740.559|[W][perf] iter=54ms (worst path so far: app.tick:333ms)
1785970740.613|[W][perf] iter=54ms (worst path so far: app.tick:333ms)
1785970740.667|[W][perf] iter=54ms (worst path so far: app.tick:333ms)
1785970740.722|[W][perf] iter=54ms (worst path so far: app.tick:333ms)
1785970740.775|[W][perf] iter=54ms (worst path so far: app.tick:333ms)
1785970740.829|[W][perf] iter=54ms (worst path so far: app.tick:333ms)
1785970740.883|[W][perf] iter=54ms (worst path so far: app.tick:333ms)
1785970740.937|[W][perf] iter=54ms (worst path so far: app.tick:333ms)
1785970742.659|[W][webradio] stream dead (isRunning=0 for 1768ms, bufStalled for 5000ms) — stop + resume Spotify TLS
1785970742.663|[I][webradio] stall idx=0 — retrying once
1785970742.667|[I][spotify.tls] tls yield — resumed
1785970742.698|[D][chrome] drawVolume pct=100 keyframe=4
1785970742.701|[D][chrome] drawVolume pct=100 keyframe=4
1785970742.726|[W][perf] iter=74ms (worst path so far: wr.pump:2502ms)
1785970742.734|[I][webradio] play idx=0 name=INJECTED url=http://stream.slam.nl/WEB15_MP3
1785970743.168|[I][spotify.tls] tls yield — client stopped
1785970743.174|[membudget] TASK-267 _play pre-acquire lfbInt=42996 freeInt=54448
1785970743.180|[I][webradio] HEAP pre-connect free=54448 min=43708 maxAlloc=42996
1785970743.187|[membudget] CP1-pre-connect skip=0 freeInt=54448 lfbInt=42996 freeDma=11304 lfbDma=9716
1785970743.192|[W][perf] iter=463ms (worst path so far: wr.pump:2502ms)
1785970743.207|[I][webradio] audio_info: buffers freed, free Heap: 54448 bytes
1785970743.216|[I][webradio] audio_info: Connect to new host: "http://stream.slam.nl/WEB15_MP3"
1785970743.246|[D][chrome] drawVolume pct=100 keyframe=4
1785970743.250|[D][chrome] drawVolume pct=100 keyframe=4
1785970743.276|[W][perf] iter=83ms (worst path so far: wr.pump:2502ms)
1785970743.312|[I][webradio] audio_info: Connection has been established in 88 ms, free Heap: 53456 bytes
1785970743.336|[I][webradio] audio_info: chunked data transfer
1785970743.346|[I][webradio] audio_info: redirect to new host "http://29023.live.streamtheworld.com/WEB15_MP3_SC"
1785970743.359|[I][webradio] audio_info: buffers freed, free Heap: 54068 bytes
1785970743.369|[I][webradio] audio_info: Connect to new host: "http://29023.live.streamtheworld.com/WEB15_MP3_SC"
1785970743.374|[D][chrome] drawVolume pct=100 keyframe=4
1785970743.378|[D][chrome] drawVolume pct=100 keyframe=4
1785970743.408|[W][perf] iter=95ms (worst path so far: wr.pump:2502ms)
1785970743.420|[I][webradio] audio_info: Connection has been established in 45 ms, free Heap: 53392 bytes
1785970744.388|[I][webradio] audio_info: icy-name: SLAM! 00's
1785970744.407|[mbdbg] helix alloc: DecInfo=0x3ffef4c8(2000) FHdr=0x3ffefc98(44) SI=0x3ffefcc4(40) SFJS=0x3ffefcec(36) Huff=0x3ffefd10(4624) Deq=0x3fff0f20(792) IMDCT=0x3fff1238(6944) Sub=0x3fff2d58(8708) FInfo=0x3fff4f5c(28)
1785970744.413|[I][webradio] audio_info: MP3Decoder has been initialized, free Heap: 47060 bytes
1785970744.422|[membudget] CP2-decoder-init freeInt=47060 lfbInt=42996 freeDma=3916 lfbDma=1844 arenaHWM=23216
1785970744.427|[W][perf] iter=52ms (worst path so far: wr.pump:2502ms)
1785970744.433|[I][webradio] audio_info: slow stream, dropouts are possible
1785970744.435|[I][webradio] audio_info: stream ready
1785970744.440|[I][webradio] audio_info: syncword found at pos 0
1785970744.449|[I][webradio] audio_info: Channels: 2
1785970744.452|[I][webradio] audio_info: SampleRate: 44100
1785970744.455|[I][webradio] audio_info: BitsPerSample: 16
1785970744.460|[I][webradio] audio_info: BitRate: 128000
1785970745.059|[I][webradio] audio_info: StreamTitle='Bomfunk Mc's - Freestyler'
1785970745.063|[D][webradio] ICY: Bomfunk Mc's - Freestyler
1785970748.470|[I][hb] display=winamp wifi=rssi(-53) disc=1 heap=44k maxAlloc=41k stack_hwm=12908b uptime=01:09:05 poll=0/0 last=0 block_max=0ms loop_max=463ms slow=wr.pump:2502ms last_poll_age_ms=0 next_poll_in_ms=5000 last_render_age_ms=5075 build=Aug  5 2026-22:49:22
1785970748.485|[I][webradio] audio_info: slow stream, dropouts are possible
1785970749.487|[I][webradio] audio_info: slow stream, dropouts are possible
1785970750.488|[I][webradio] audio_info: slow stream, dropouts are possible
1785970751.489|[I][webradio] audio_info: slow stream, dropouts are possible
1785970752.490|[I][webradio] audio_info: slow stream, dropouts are possible
1785970753.340|[W][webradio] stream dead (isRunning=1 for 0ms, bufStalled for 5000ms) — stop + resume Spotify TLS
1785970753.343|[W][webradio] auto-skip exhausted — no playable station
1785970753.348|[I][spotify.tls] tls yield — resumed
1785970753.381|[D][chrome] drawVolume pct=100 keyframe=4
1785970753.385|[D][chrome] drawVolume pct=100 keyframe=4
1785970753.412|[W][perf] iter=75ms (worst path so far: app.tick:74ms)
1785970772.731|[I][webradio] terminal retry — re-arming scan idx=0
1785970772.738|[I][webradio] play idx=0 name=INJECTED url=http://stream.slam.nl/WEB15_MP3
1785970772.847|[I][spotify.tls] tls yield — client stopped
1785970772.852|[membudget] TASK-267 _play pre-acquire lfbInt=42996 freeInt=52644
1785970772.857|[I][webradio] HEAP pre-connect free=52644 min=43708 maxAlloc=42996
1785970772.866|[membudget] CP1-pre-connect skip=0 freeInt=52644 lfbInt=42996 freeDma=9500 lfbDma=6644
1785970772.871|[W][perf] iter=139ms (worst path so far: app.tick:138ms)
1785970772.891|[I][webradio] audio_info: buffers freed, free Heap: 54300 bytes
1785970772.900|[I][webradio] audio_info: Connect to new host: "http://stream.slam.nl/WEB15_MP3"
1785970772.927|[D][chrome] drawVolume pct=100 keyframe=4
1785970772.931|[D][chrome] drawVolume pct=100 keyframe=4
1785970772.956|[W][perf] iter=86ms (worst path so far: app.tick:138ms)
1785970773.214|[I][webradio] audio_info: Connection has been established in 309 ms, free Heap: 53864 bytes
1785970773.221|[I][webradio] HEAP play free=52136 min=43708
1785970773.250|[I][webradio] audio_info: chunked data transfer
1785970773.259|[I][webradio] audio_info: redirect to new host "http://28973.live.streamtheworld.com/WEB15_MP3_SC"
1785970773.272|[I][webradio] audio_info: buffers freed, free Heap: 54292 bytes
1785970773.283|[I][webradio] audio_info: Connect to new host: "http://28973.live.streamtheworld.com/WEB15_MP3_SC"
1785970773.285|[D][chrome] drawVolume pct=100 keyframe=4
1785970773.289|[D][chrome] drawVolume pct=100 keyframe=4
1785970773.322|[I][webradio] audio_info: Connection has been established in 34 ms, free Heap: 53616 bytes
1785970773.328|[W][perf] iter=105ms (worst path so far: wr.connect:345ms)
1785970774.245|[I][webradio] audio_info: icy-name: SLAM! 00's
1785970774.265|[mbdbg] helix alloc: DecInfo=0x3ffef4c8(2000) FHdr=0x3ffefc98(44) SI=0x3ffefcc4(40) SFJS=0x3ffefcec(36) Huff=0x3ffefd10(4624) Deq=0x3fff0f20(792) IMDCT=0x3fff1238(6944) Sub=0x3fff2d58(8708) FInfo=0x3fff4f5c(28)
1785970774.271|[I][webradio] audio_info: MP3Decoder has been initialized, free Heap: 47284 bytes
1785970774.279|[membudget] CP2-decoder-init freeInt=47284 lfbInt=42996 freeDma=4140 lfbDma=1780 arenaHWM=23216
1785970774.284|[W][perf] iter=53ms (worst path so far: wr.connect:345ms)
1785970774.291|[I][webradio] audio_info: slow stream, dropouts are possible
1785970774.293|[I][webradio] audio_info: stream ready
1785970774.298|[I][webradio] audio_info: syncword found at pos 0
1785970774.310|[I][webradio] audio_info: Channels: 2
1785970774.313|[I][webradio] audio_info: SampleRate: 44100
1785970774.315|[I][webradio] audio_info: BitsPerSample: 16
1785970774.320|[I][webradio] audio_info: BitRate: 128000
1785970774.920|[I][webradio] audio_info: StreamTitle='Supafly Vs Fishbowl - Let's Get Down'
1785970774.941|[D][webradio] ICY: Supafly Vs Fishbowl - Let's Get Down
1785970778.493|[I][hb] display=winamp wifi=rssi(-53) disc=1 heap=43k maxAlloc=41k stack_hwm=12908b uptime=01:09:35 poll=0/0 last=0 block_max=0ms loop_max=139ms slow=wr.connect:345ms last_poll_age_ms=0 next_poll_in_ms=5000 last_render_age_ms=5178 build=Aug  5 2026-22:49:
1785970803.219|[I][webradio] HEAP play free=47724 min=43348
1785970808.498|[I][hb] display=winamp wifi=rssi(-53) disc=1 heap=44k maxAlloc=41k stack_hwm=12908b uptime=01:10:05 poll=0/0 last=0 block_max=0ms loop_max=43ms slow=wr.pump:23ms last_poll_age_ms=0 next_poll_in_ms=5000 last_render_age_ms=35180 build=Aug  5 2026-22:49:22
1785970823.783|{"ok":true,"cmd":"get","var":"wrState","state":2,"last":true}
1785970823.805|{"ok":true,"cmd":"get","var":"wrIdx","idx":0,"last":true}
1785970833.235|[I][webradio] HEAP play free=46460 min=43348
1785970838.508|[I][hb] display=winamp wifi=rssi(-54) disc=1 heap=45k maxAlloc=41k stack_hwm=12908b uptime=01:10:35 poll=0/0 last=0 block_max=0ms loop_max=46ms slow=wr.pump:22ms last_poll_age_ms=0 next_poll_in_ms=5000 last_render_age_ms=65192 build=Aug  5 2026-22:49:22
1785970863.242|[I][webradio] HEAP play free=46672 min=43348
1785970868.524|[I][hb] display=winamp wifi=rssi(-54) disc=1 heap=47k maxAlloc=41k stack_hwm=12908b uptime=01:11:05 poll=0/0 last=0 block_max=0ms loop_max=47ms slow=wr.pump:23ms last_poll_age_ms=0 next_poll_in_ms=5000 last_render_age_ms=95205 build=Aug  5 2026-22:49:22
1785970868.531|[W][perf] iter=51ms (worst path so far: wr.pump:20ms)
1785970869.839|{"ok":true,"cmd":"get","var":"wrState","state":2,"last":true}
1785970893.257|[I][webradio] HEAP play free=48620 min=43348
1785970898.534|[I][hb] display=winamp wifi=rssi(-54) disc=1 heap=47k maxAlloc=41k stack_hwm=12908b uptime=01:11:35 poll=0/0 last=0 block_max=0ms loop_max=51ms slow=app.tick:24ms last_poll_age_ms=0 next_poll_in_ms=5000 last_render_age_ms=125206 build=Aug  5 2026-22:49:22
1785970899.874|{"ok":true,"cmd":"get","var":"wrState","state":2,"last":true}
1785970923.255|[I][webradio] HEAP play free=48844 min=43348
1785970928.525|[I][hb] display=winamp wifi=rssi(-54) disc=1 heap=47k maxAlloc=41k stack_hwm=12908b uptime=01:12:05 poll=0/0 last=0 block_max=0ms loop_max=50ms slow=wr.pump:22ms last_poll_age_ms=0 next_poll_in_ms=5000 last_render_age_ms=155211 build=Aug  5 2026-22:49:22
1785970929.907|{"ok":true,"cmd":"get","var":"wrState","state":2,"last":true}
1785970953.259|[I][webradio] HEAP play free=48844 min=43348
1785970958.542|[I][hb] display=winamp wifi=rssi(-54) disc=1 heap=46k maxAlloc=41k stack_hwm=12908b uptime=01:12:35 poll=0/0 last=0 block_max=0ms loop_max=47ms slow=wr.pump:23ms last_poll_age_ms=0 next_poll_in_ms=5000 last_render_age_ms=185227 build=Aug  5 2026-22:49:22
1785970959.930|{"ok":true,"cmd":"get","var":"wrState","state":2,"last":true}
1785970962.307|[I][webradio] audio_info: StreamTitle='Mylo - Drop The Pressure'
1785970962.310|[D][webradio] ICY: Mylo - Drop The Pressure
1785970983.259|[I][webradio] HEAP play free=50564 min=43348
1785970988.554|[I][hb] display=winamp wifi=rssi(-54) disc=1 heap=46k maxAlloc=41k stack_hwm=12908b uptime=01:13:05 poll=0/0 last=0 block_max=0ms loop_max=49ms slow=wr.pump:23ms last_poll_age_ms=0 next_poll_in_ms=5000 last_render_age_ms=215240 build=Aug  5 2026-22:49:22
1785970989.969|{"ok":true,"cmd":"get","var":"wrState","state":2,"last":true}
1785970995.161|[I][webradio] audio_info: slow stream, dropouts are possible
1785970996.161|[I][webradio] audio_info: slow stream, dropouts are possible
1785970997.163|[I][webradio] audio_info: slow stream, dropouts are possible
1785970998.164|[I][webradio] audio_info: slow stream, dropouts are possible
1785970999.141|[W][webradio] stream dead (isRunning=1 for 0ms, bufStalled for 5000ms) — stop + resume Spotify TLS
1785970999.144|[I][webradio] stall idx=0 — retrying once
1785970999.148|[I][spotify.tls] tls yield — resumed
1785970999.183|[D][chrome] drawVolume pct=100 keyframe=4
1785970999.186|[D][chrome] drawVolume pct=100 keyframe=4
1785970999.212|[W][perf] iter=76ms (worst path so far: app.tick:75ms)
1785970999.219|[I][webradio] play idx=0 name=INJECTED url=http://stream.slam.nl/WEB15_MP3
1785970999.651|[I][spotify.tls] tls yield — client stopped
1785970999.656|[membudget] TASK-267 _play pre-acquire lfbInt=42996 freeInt=47020
1785970999.661|[I][webradio] HEAP pre-connect free=47020 min=43348 maxAlloc=42996
1785970999.669|[membudget] CP1-pre-connect skip=0 freeInt=47020 lfbInt=42996 freeDma=3876 lfbDma=1588
1785970999.674|[W][perf] iter=460ms (worst path so far: app.tick:458ms)
1785970999.694|[I][webradio] audio_info: buffers freed, free Heap: 48676 bytes
1785970999.702|[I][webradio] audio_info: Connect to new host: "http://stream.slam.nl/WEB15_MP3"
1785970999.730|[D][chrome] drawVolume pct=100 keyframe=4
1785970999.733|[D][chrome] drawVolume pct=100 keyframe=4
1785970999.759|[W][perf] iter=85ms (worst path so far: app.tick:458ms)
1785971000.043|[I][webradio] audio_info: Connection has been established in 333 ms, free Heap: 48052 bytes
1785971000.071|[I][webradio] audio_info: chunked data transfer
1785971000.080|[I][webradio] audio_info: redirect to new host "http://25223.live.streamtheworld.com/WEB15_MP3_SC"
1785971000.093|[I][webradio] audio_info: buffers freed, free Heap: 48452 bytes
1785971000.104|[I][webradio] audio_info: Connect to new host: "http://25223.live.streamtheworld.com/WEB15_MP3_SC"
1785971000.107|[D][chrome] drawVolume pct=100 keyframe=4
1785971000.111|[D][chrome] drawVolume pct=100 keyframe=4
1785971000.139|[W][perf] iter=97ms (worst path so far: app.tick:458ms)
1785971000.193|[W][perf] iter=54ms (worst path so far: app.tick:458ms)
1785971000.247|[W][perf] iter=54ms (worst path so far: app.tick:458ms)
1785971000.302|[W][perf] iter=54ms (worst path so far: app.tick:458ms)
1785971000.355|[W][perf] iter=54ms (worst path so far: app.tick:458ms)
1785971000.410|[W][perf] iter=54ms (worst path so far: app.tick:458ms)
1785971000.464|[W][perf] iter=54ms (worst path so far: app.tick:458ms)
1785971000.517|[W][perf] iter=54ms (worst path so far: app.tick:458ms)
1785971000.571|[W][perf] iter=54ms (worst path so far: app.tick:458ms)
1785971000.625|[W][perf] iter=54ms (worst path so far: app.tick:458ms)
1785971000.679|[W][perf] iter=54ms (worst path so far: app.tick:458ms)
1785971000.733|[W][perf] iter=54ms (worst path so far: app.tick:458ms)
1785971000.787|[W][perf] iter=54ms (worst path so far: app.tick:458ms)
1785971000.841|[W][perf] iter=54ms (worst path so far: app.tick:458ms)
1785971000.895|[W][perf] iter=54ms (worst path so far: app.tick:458ms)
1785971000.950|[W][perf] iter=54ms (worst path so far: app.tick:458ms)
1785971001.004|[W][perf] iter=54ms (worst path so far: app.tick:458ms)
1785971001.057|[W][perf] iter=54ms (worst path so far: app.tick:458ms)
1785971001.111|[W][perf] iter=54ms (worst path so far: app.tick:458ms)
1785971001.165|[W][perf] iter=54ms (worst path so far: app.tick:458ms)
1785971001.219|[W][perf] iter=54ms (worst path so far: app.tick:458ms)
1785971001.273|[W][perf] iter=54ms (worst path so far: app.tick:458ms)
1785971001.328|[W][perf] iter=54ms (worst path so far: app.tick:458ms)
1785971001.381|[W][perf] iter=54ms (worst path so far: app.tick:458ms)
1785971001.435|[W][perf] iter=54ms (worst path so far: app.tick:458ms)
1785971001.489|[W][perf] iter=54ms (worst path so far: app.tick:458ms)
1785971001.543|[W][perf] iter=54ms (worst path so far: app.tick:458ms)
1785971001.597|[W][perf] iter=54ms (worst path so far: app.tick:458ms)
1785971001.651|[W][perf] iter=54ms (worst path so far: app.tick:458ms)
1785971001.706|[W][perf] iter=55ms (worst path so far: app.tick:458ms)
1785971001.760|[W][perf] iter=54ms (worst path so far: app.tick:458ms)
1785971001.814|[W][perf] iter=54ms (worst path so far: app.tick:458ms)
1785971001.868|[W][perf] iter=54ms (worst path so far: app.tick:458ms)
1785971001.922|[W][perf] iter=54ms (worst path so far: app.tick:458ms)
1785971001.976|[W][perf] iter=54ms (worst path so far: app.tick:458ms)
1785971002.030|[W][perf] iter=54ms (worst path so far: app.tick:458ms)
1785971002.084|[W][perf] iter=54ms (worst path so far: app.tick:458ms)
1785971002.138|[W][perf] iter=54ms (worst path so far: app.tick:458ms)
1785971002.193|[W][perf] iter=54ms (worst path so far: app.tick:458ms)
1785971002.246|[W][perf] iter=54ms (worst path so far: app.tick:458ms)
1785971002.301|[W][perf] iter=54ms (worst path so far: app.tick:458ms)
1785971002.355|[W][perf] iter=54ms (worst path so far: app.tick:458ms)
1785971002.408|[W][perf] iter=54ms (worst path so far: app.tick:458ms)
1785971002.463|[W][perf] iter=54ms (worst path so far: app.tick:458ms)
1785971002.516|[W][perf] iter=54ms (worst path so far: app.tick:458ms)
1785971002.570|[W][perf] iter=54ms (worst path so far: app.tick:458ms)
1785971002.624|[W][perf] iter=54ms (worst path so far: app.tick:458ms)
1785971002.678|[W][perf] iter=54ms (worst path so far: app.tick:458ms)
1785971002.732|[W][perf] iter=54ms (worst path so far: app.tick:458ms)
1785971002.786|[W][perf] iter=54ms (worst path so far: app.tick:458ms)
1785971002.840|[W][perf] iter=54ms (worst path so far: app.tick:458ms)
1785971002.894|[W][perf] iter=54ms (worst path so far: app.tick:458ms)
1785971002.948|[W][perf] iter=54ms (worst path so far: app.tick:458ms)
1785971003.002|[W][perf] iter=54ms (worst path so far: app.tick:458ms)
1785971003.056|[W][perf] iter=54ms (worst path so far: app.tick:458ms)
1785971003.093|[I][webradio] audio_info: Connection has been established in 2984 ms, free Heap: 54760 bytes
1785971004.109|[I][webradio] audio_info: icy-name: SLAM! 00's
1785971004.128|[mbdbg] helix alloc: DecInfo=0x3ffef4c8(2000) FHdr=0x3ffefc98(44) SI=0x3ffefcc4(40) SFJS=0x3ffefcec(36) Huff=0x3ffefd10(4624) Deq=0x3fff0f20(792) IMDCT=0x3fff1238(6944) Sub=0x3fff2d58(8708) FInfo=0x3fff4f5c(28)
1785971004.134|[I][webradio] audio_info: MP3Decoder has been initialized, free Heap: 53744 bytes
1785971004.142|[membudget] CP2-decoder-init freeInt=53744 lfbInt=42996 freeDma=10600 lfbDma=6132 arenaHWM=23216
1785971004.148|[W][perf] iter=52ms (worst path so far: wr.pump:3024ms)
1785971004.153|[I][webradio] audio_info: slow stream, dropouts are possible
1785971004.340|[I][webradio] audio_info: stream ready
1785971004.347|[I][webradio] audio_info: syncword found at pos 0
1785971004.363|[I][webradio] audio_info: Channels: 2
1785971004.365|[I][webradio] audio_info: SampleRate: 44100
1785971004.367|[I][webradio] audio_info: BitsPerSample: 16
1785971004.372|[I][webradio] audio_info: BitRate: 128000
1785971005.149|[I][webradio] audio_info: slow stream, dropouts are possible
1785971006.150|[I][webradio] audio_info: slow stream, dropouts are possible
1785971007.151|[I][webradio] audio_info: slow stream, dropouts are possible
1785971008.152|[I][webradio] audio_info: slow stream, dropouts are possible
1785971009.153|[I][webradio] audio_info: slow stream, dropouts are possible
1785971009.678|[W][webradio] stream dead (isRunning=1 for 0ms, bufStalled for 5000ms) — stop + resume Spotify TLS
1785971009.680|[W][webradio] auto-skip exhausted — no playable station
1785971009.685|[I][spotify.tls] tls yield — resumed
1785971009.717|[D][chrome] drawVolume pct=100 keyframe=4
1785971009.720|[D][chrome] drawVolume pct=100 keyframe=4
1785971009.747|[W][perf] iter=74ms (worst path so far: wr.pump:3024ms)
1785971018.541|[I][hb] display=winamp wifi=rssi(-54) disc=1 heap=47k maxAlloc=41k stack_hwm=12908b uptime=01:13:35 poll=0/0 last=0 block_max=0ms loop_max=460ms slow=wr.pump:3024ms last_poll_age_ms=0 next_poll_in_ms=5000 last_render_age_ms=8805 build=Aug  5 2026-22:49:22
1785971029.216|[I][webradio] terminal retry — re-arming scan idx=0
1785971029.223|[I][webradio] play idx=0 name=INJECTED url=http://stream.slam.nl/WEB15_MP3
1785971029.684|[I][spotify.tls] tls yield — client stopped
1785971029.690|[membudget] TASK-267 _play pre-acquire lfbInt=42996 freeInt=49004
1785971029.695|[I][webradio] HEAP pre-connect free=49004 min=43348 maxAlloc=42996
1785971029.704|[membudget] CP1-pre-connect skip=0 freeInt=49004 lfbInt=42996 freeDma=5860 lfbDma=2292
1785971029.708|[W][perf] iter=492ms (worst path so far: app.tick:491ms)
1785971029.730|[I][webradio] audio_info: buffers freed, free Heap: 55784 bytes
1785971029.738|[I][webradio] audio_info: Connect to new host: "http://stream.slam.nl/WEB15_MP3"
1785971029.765|[D][chrome] drawVolume pct=100 keyframe=4
1785971029.769|[D][chrome] drawVolume pct=100 keyframe=4
1785971029.777|[I][webradio] audio_info: Connection has been established in 32 ms, free Heap: 55000 bytes
1785971029.799|[W][perf] iter=92ms (worst path so far: app.tick:491ms)
1785971029.804|[I][webradio] audio_info: chunked data transfer
1785971029.812|[I][webradio] audio_info: redirect to new host "http://25223.live.streamtheworld.com/WEB15_MP3_SC"
1785971029.827|[I][webradio] audio_info: buffers freed, free Heap: 55420 bytes
1785971029.837|[I][webradio] audio_info: Connect to new host: "http://25223.live.streamtheworld.com/WEB15_MP3_SC"
1785971029.841|[I][webradio] HEAP play free=55176 min=43348
1785971029.866|[I][webradio] audio_info: Connection has been established in 24 ms, free Heap: 54600 bytes
1785971029.901|[D][chrome] drawVolume pct=100 keyframe=4
1785971029.905|[D][chrome] drawVolume pct=100 keyframe=4
1785971029.932|[W][perf] iter=131ms (worst path so far: app.tick:491ms)
1785971030.603|[W][perf] iter=52ms (worst path so far: app.tick:491ms)
1785971030.658|[W][perf] iter=54ms (worst path so far: app.tick:491ms)
1785971030.712|[W][perf] iter=54ms (worst path so far: app.tick:491ms)
1785971030.765|[W][perf] iter=54ms (worst path so far: app.tick:491ms)
1785971030.819|[W][perf] iter=54ms (worst path so far: app.tick:491ms)
1785971030.873|[W][perf] iter=54ms (worst path so far: app.tick:491ms)
1785971030.928|[W][perf] iter=54ms (worst path so far: app.tick:491ms)
1785971030.981|[W][perf] iter=54ms (worst path so far: app.tick:491ms)
1785971031.035|[W][perf] iter=54ms (worst path so far: app.tick:491ms)
1785971031.089|[W][perf] iter=54ms (worst path so far: app.tick:491ms)
1785971031.144|[W][perf] iter=54ms (worst path so far: app.tick:491ms)
1785971031.197|[W][perf] iter=54ms (worst path so far: app.tick:491ms)
1785971031.251|[W][perf] iter=54ms (worst path so far: app.tick:491ms)
1785971031.306|[W][perf] iter=54ms (worst path so far: app.tick:491ms)
1785971031.360|[W][perf] iter=54ms (worst path so far: app.tick:491ms)
1785971031.414|[W][perf] iter=54ms (worst path so far: app.tick:491ms)
1785971031.469|[W][perf] iter=56ms (worst path so far: app.tick:491ms)
1785971031.523|[W][perf] iter=54ms (worst path so far: app.tick:491ms)
1785971031.577|[W][perf] iter=54ms (worst path so far: app.tick:491ms)
1785971031.631|[W][perf] iter=54ms (worst path so far: app.tick:491ms)
1785971031.685|[W][perf] iter=54ms (worst path so far: app.tick:491ms)
1785971031.739|[W][perf] iter=54ms (worst path so far: app.tick:491ms)
1785971031.793|[W][perf] iter=54ms (worst path so far: app.tick:491ms)
1785971031.847|[W][perf] iter=54ms (worst path so far: app.tick:491ms)
1785971031.901|[W][perf] iter=54ms (worst path so far: app.tick:491ms)
1785971031.956|[W][perf] iter=54ms (worst path so far: app.tick:491ms)
1785971032.009|[W][perf] iter=54ms (worst path so far: app.tick:491ms)
1785971032.064|[W][perf] iter=54ms (worst path so far: app.tick:491ms)
1785971032.117|[W][perf] iter=54ms (worst path so far: app.tick:491ms)
1785971032.172|[W][perf] iter=54ms (worst path so far: app.tick:491ms)
1785971032.226|[W][perf] iter=54ms (worst path so far: app.tick:491ms)
1785971032.279|[W][perf] iter=54ms (worst path so far: app.tick:491ms)
1785971032.333|[W][perf] iter=54ms (worst path so far: app.tick:491ms)
1785971032.387|[W][perf] iter=54ms (worst path so far: app.tick:491ms)
1785971032.441|[W][perf] iter=54ms (worst path so far: app.tick:491ms)
1785971032.495|[W][perf] iter=54ms (worst path so far: app.tick:491ms)
1785971032.550|[W][perf] iter=54ms (worst path so far: app.tick:491ms)
1785971032.603|[W][perf] iter=54ms (worst path so far: app.tick:491ms)
1785971032.657|[W][perf] iter=54ms (worst path so far: app.tick:491ms)
1785971032.712|[W][perf] iter=54ms (worst path so far: app.tick:491ms)
1785971032.765|[W][perf] iter=54ms (worst path so far: app.tick:491ms)
1785971032.820|[W][perf] iter=54ms (worst path so far: app.tick:491ms)
1785971032.873|[W][perf] iter=54ms (worst path so far: app.tick:491ms)
1785971032.927|[W][perf] iter=54ms (worst path so far: app.tick:491ms)
1785971032.982|[W][perf] iter=54ms (worst path so far: app.tick:491ms)
1785971033.035|[W][perf] iter=54ms (worst path so far: app.tick:491ms)
1785971034.813|[W][webradio] stream dead (isRunning=0 for 1824ms, bufStalled for 5000ms) — stop + resume Spotify TLS
1785971034.816|[I][webradio] stall idx=0 — retrying once
1785971034.820|[I][spotify.tls] tls yield — resumed
1785971034.853|[D][chrome] drawVolume pct=100 keyframe=4
1785971034.856|[D][chrome] drawVolume pct=100 keyframe=4
1785971034.880|[W][perf] iter=74ms (worst path so far: wr.pump:2503ms)
1785971034.888|[I][webradio] play idx=0 name=INJECTED url=http://stream.slam.nl/WEB15_MP3
1785971035.320|[I][spotify.tls] tls yield — client stopped
1785971035.326|[membudget] TASK-267 _play pre-acquire lfbInt=42996 freeInt=55568
1785971035.332|[I][webradio] HEAP pre-connect free=55568 min=43348 maxAlloc=42996
1785971035.340|[membudget] CP1-pre-connect skip=0 freeInt=55568 lfbInt=42996 freeDma=12424 lfbDma=9716
1785971035.345|[W][perf] iter=462ms (worst path so far: wr.pump:2503ms)
1785971035.360|[I][webradio] audio_info: buffers freed, free Heap: 55568 bytes
1785971035.369|[I][webradio] audio_info: Connect to new host: "http://stream.slam.nl/WEB15_MP3"
1785971035.404|[I][webradio] audio_info: Connection has been established in 29 ms, free Heap: 54580 bytes
1785971035.409|[D][chrome] drawVolume pct=100 keyframe=4
1785971035.413|[D][chrome] drawVolume pct=100 keyframe=4
1785971035.430|[I][webradio] audio_info: chunked data transfer
1785971035.440|[I][webradio] audio_info: redirect to new host "http://22333.live.streamtheworld.com/WEB15_MP3_SC"
1785971035.452|[I][webradio] audio_info: buffers freed, free Heap: 55188 bytes
1785971035.463|[I][webradio] audio_info: Connect to new host: "http://22333.live.streamtheworld.com/WEB15_MP3_SC"
1785971035.467|[W][perf] iter=115ms (worst path so far: wr.pump:2503ms)
1785971035.493|[I][webradio] audio_info: Connection has been established in 25 ms, free Heap: 54520 bytes
1785971035.527|[D][chrome] drawVolume pct=100 keyframe=4
1785971035.531|[D][chrome] drawVolume pct=100 keyframe=4
1785971035.559|[W][perf] iter=93ms (worst path so far: wr.pump:2503ms)
1785971036.307|[W][perf] iter=51ms (worst path so far: wr.pump:2503ms)
1785971036.361|[W][perf] iter=54ms (worst path so far: wr.pump:2503ms)
1785971036.415|[W][perf] iter=54ms (worst path so far: wr.pump:2503ms)
1785971036.469|[W][perf] iter=54ms (worst path so far: wr.pump:2503ms)
1785971036.523|[W][perf] iter=54ms (worst path so far: wr.pump:2503ms)
1785971036.576|[W][perf] iter=54ms (worst path so far: wr.pump:2503ms)
1785971036.631|[W][perf] iter=54ms (worst path so far: wr.pump:2503ms)
1785971036.684|[W][perf] iter=54ms (worst path so far: wr.pump:2503ms)
1785971036.738|[W][perf] iter=54ms (worst path so far: wr.pump:2503ms)
1785971036.792|[W][perf] iter=54ms (worst path so far: wr.pump:2503ms)
1785971036.846|[W][perf] iter=54ms (worst path so far: wr.pump:2503ms)
1785971036.900|[W][perf] iter=54ms (worst path so far: wr.pump:2503ms)
1785971036.954|[W][perf] iter=54ms (worst path so far: wr.pump:2503ms)
1785971037.008|[W][perf] iter=54ms (worst path so far: wr.pump:2503ms)
1785971037.062|[W][perf] iter=54ms (worst path so far: wr.pump:2503ms)
1785971037.117|[W][perf] iter=55ms (worst path so far: wr.pump:2503ms)
1785971037.172|[W][perf] iter=54ms (worst path so far: wr.pump:2503ms)
1785971037.226|[W][perf] iter=54ms (worst path so far: wr.pump:2503ms)
1785971037.280|[W][perf] iter=54ms (worst path so far: wr.pump:2503ms)
1785971037.333|[W][perf] iter=54ms (worst path so far: wr.pump:2503ms)
1785971037.387|[W][perf] iter=54ms (worst path so far: wr.pump:2503ms)
1785971037.441|[W][perf] iter=54ms (worst path so far: wr.pump:2503ms)
1785971037.496|[W][perf] iter=54ms (worst path so far: wr.pump:2503ms)
1785971037.549|[W][perf] iter=54ms (worst path so far: wr.pump:2503ms)
1785971037.603|[W][perf] iter=54ms (worst path so far: wr.pump:2503ms)
1785971037.657|[W][perf] iter=54ms (worst path so far: wr.pump:2503ms)
1785971037.711|[W][perf] iter=54ms (worst path so far: wr.pump:2503ms)
1785971037.765|[W][perf] iter=54ms (worst path so far: wr.pump:2503ms)
1785971037.819|[W][perf] iter=54ms (worst path so far: wr.pump:2503ms)
1785971037.874|[W][perf] iter=54ms (worst path so far: wr.pump:2503ms)
1785971037.928|[W][perf] iter=54ms (worst path so far: wr.pump:2503ms)
1785971037.982|[W][perf] iter=54ms (worst path so far: wr.pump:2503ms)
1785971038.035|[W][perf] iter=54ms (worst path so far: wr.pump:2503ms)
1785971038.089|[W][perf] iter=54ms (worst path so far: wr.pump:2503ms)
1785971038.143|[W][perf] iter=54ms (worst path so far: wr.pump:2503ms)
1785971038.197|[W][perf] iter=54ms (worst path so far: wr.pump:2503ms)
1785971038.251|[W][perf] iter=54ms (worst path so far: wr.pump:2503ms)
1785971038.306|[W][perf] iter=54ms (worst path so far: wr.pump:2503ms)
1785971038.359|[W][perf] iter=54ms (worst path so far: wr.pump:2503ms)
1785971038.413|[W][perf] iter=54ms (worst path so far: wr.pump:2503ms)
1785971038.468|[W][perf] iter=54ms (worst path so far: wr.pump:2503ms)
1785971038.521|[W][perf] iter=54ms (worst path so far: wr.pump:2503ms)
1785971038.576|[W][perf] iter=54ms (worst path so far: wr.pump:2503ms)
1785971038.630|[W][perf] iter=54ms (worst path so far: wr.pump:2503ms)
1785971038.684|[W][perf] iter=54ms (worst path so far: wr.pump:2503ms)
1785971038.737|[W][perf] iter=54ms (worst path so far: wr.pump:2503ms)
1785971040.472|[W][webradio] stream dead (isRunning=0 for 1781ms, bufStalled for 5000ms) — stop + resume Spotify TLS
1785971040.476|[W][webradio] auto-skip exhausted — no playable station
1785971040.485|[I][spotify.tls] tls yield — resumed
1785971040.511|[D][chrome] drawVolume pct=100 keyframe=4
1785971040.515|[D][chrome] drawVolume pct=100 keyframe=4
1785971040.541|[W][perf] iter=74ms (worst path so far: wr.pump:2503ms)
1785971048.541|[I][hb] display=winamp wifi=rssi(-54) disc=1 heap=54k maxAlloc=41k stack_hwm=12908b uptime=01:14:05 poll=0/0 last=0 block_max=0ms loop_max=492ms slow=wr.pump:2503ms last_poll_age_ms=0 next_poll_in_ms=5000 last_render_age_ms=8010 build=Aug  5 2026-22:49:22
1785971064.884|[I][webradio] terminal retry — re-arming scan idx=0
1785971064.891|[I][webradio] play idx=0 name=INJECTED url=http://stream.slam.nl/WEB15_MP3
1785971064.985|[I][spotify.tls] tls yield — client stopped
1785971064.991|[membudget] TASK-267 _play pre-acquire lfbInt=42996 freeInt=55344
1785971064.997|[I][webradio] HEAP pre-connect free=55344 min=43348 maxAlloc=42996
1785971065.005|[membudget] CP1-pre-connect skip=0 freeInt=55344 lfbInt=42996 freeDma=12200 lfbDma=9716
1785971065.010|[W][perf] iter=125ms (worst path so far: app.tick:124ms)
1785971065.024|[I][webradio] audio_info: buffers freed, free Heap: 55344 bytes
1785971065.033|[I][webradio] audio_info: Connect to new host: "http://stream.slam.nl/WEB15_MP3"
1785971065.062|[D][chrome] drawVolume pct=100 keyframe=4
1785971065.066|[D][chrome] drawVolume pct=100 keyframe=4
1785971065.091|[W][perf] iter=82ms (worst path so far: app.tick:124ms)
1785971065.130|[I][webradio] audio_info: Connection has been established in 92 ms, free Heap: 54560 bytes
1785971065.136|[I][webradio] HEAP play free=52808 min=43348
1785971065.157|[I][webradio] audio_info: chunked data transfer
1785971065.165|[I][webradio] audio_info: redirect to new host "http://25223.live.streamtheworld.com/WEB15_MP3_SC"
1785971065.179|[I][webradio] audio_info: buffers freed, free Heap: 54964 bytes
1785971065.189|[I][webradio] audio_info: Connect to new host: "http://25223.live.streamtheworld.com/WEB15_MP3_SC"
1785971065.195|[D][chrome] drawVolume pct=100 keyframe=4
1785971065.199|[D][chrome] drawVolume pct=100 keyframe=4
1785971065.223|[I][webradio] audio_info: Connection has been established in 28 ms, free Heap: 54092 bytes
1785971065.229|[W][perf] iter=99ms (worst path so far: app.tick:124ms)
1785971066.786|[W][perf] iter=52ms (worst path so far: app.tick:124ms)
1785971066.841|[W][perf] iter=54ms (worst path so far: app.tick:124ms)
1785971066.894|[W][perf] iter=54ms (worst path so far: app.tick:124ms)
1785971066.948|[W][perf] iter=54ms (worst path so far: app.tick:124ms)
1785971067.002|[W][perf] iter=54ms (worst path so far: app.tick:124ms)
1785971067.056|[W][perf] iter=54ms (worst path so far: app.tick:124ms)
1785971067.110|[W][perf] iter=54ms (worst path so far: app.tick:124ms)
1785971067.164|[W][perf] iter=54ms (worst path so far: app.tick:124ms)
1785971067.218|[W][perf] iter=54ms (worst path so far: app.tick:124ms)
1785971067.272|[W][perf] iter=54ms (worst path so far: app.tick:124ms)
1785971067.327|[W][perf] iter=54ms (worst path so far: app.tick:124ms)
1785971067.380|[W][perf] iter=54ms (worst path so far: app.tick:124ms)
1785971067.433|[W][perf] iter=54ms (worst path so far: app.tick:124ms)
1785971067.488|[W][perf] iter=54ms (worst path so far: app.tick:124ms)
1785971067.542|[W][perf] iter=54ms (worst path so far: app.tick:124ms)
1785971067.596|[W][perf] iter=54ms (worst path so far: app.tick:124ms)
1785971067.650|[W][perf] iter=54ms (worst path so far: app.tick:124ms)
1785971067.705|[W][perf] iter=54ms (worst path so far: app.tick:124ms)
1785971067.758|[W][perf] iter=54ms (worst path so far: app.tick:124ms)
1785971067.812|[W][perf] iter=54ms (worst path so far: app.tick:124ms)
1785971067.866|[W][perf] iter=54ms (worst path so far: app.tick:124ms)
1785971067.920|[W][perf] iter=54ms (worst path so far: app.tick:124ms)
1785971067.974|[W][perf] iter=54ms (worst path so far: app.tick:124ms)
1785971068.029|[W][perf] iter=54ms (worst path so far: app.tick:124ms)
1785971068.082|[W][perf] iter=54ms (worst path so far: app.tick:124ms)
1785971068.136|[W][perf] iter=54ms (worst path so far: app.tick:124ms)
1785971068.191|[W][perf] iter=54ms (worst path so far: app.tick:124ms)
1785971068.244|[W][perf] iter=54ms (worst path so far: app.tick:124ms)
1785971068.298|[W][perf] iter=54ms (worst path so far: app.tick:124ms)
1785971068.352|[W][perf] iter=54ms (worst path so far: app.tick:124ms)
1785971068.407|[W][perf] iter=54ms (worst path so far: app.tick:124ms)
1785971068.460|[W][perf] iter=54ms (worst path so far: app.tick:124ms)
1785971068.514|[W][perf] iter=54ms (worst path so far: app.tick:124ms)
1785971068.568|[W][perf] iter=54ms (worst path so far: app.tick:124ms)
1785971068.622|[W][perf] iter=54ms (worst path so far: app.tick:124ms)
1785971068.676|[W][perf] iter=54ms (worst path so far: app.tick:124ms)
1785971068.730|[W][perf] iter=54ms (worst path so far: app.tick:124ms)
1785971068.784|[W][perf] iter=54ms (worst path so far: app.tick:124ms)
1785971068.838|[W][perf] iter=54ms (worst path so far: app.tick:124ms)
1785971068.892|[W][perf] iter=54ms (worst path so far: app.tick:124ms)
1785971068.945|[W][perf] iter=54ms (worst path so far: app.tick:124ms)
1785971069.000|[W][perf] iter=54ms (worst path so far: app.tick:124ms)
1785971069.054|[W][perf] iter=54ms (worst path so far: app.tick:124ms)
1785971069.108|[W][perf] iter=54ms (worst path so far: app.tick:124ms)
1785971069.162|[W][perf] iter=54ms (worst path so far: app.tick:124ms)
1785971069.216|[W][perf] iter=54ms (worst path so far: app.tick:124ms)
1785971070.136|[W][webradio] stream dead (isRunning=0 for 967ms, bufStalled for 5000ms) — stop + resume Spotify TLS
1785971070.140|[I][webradio] stall idx=0 — retrying once
1785971070.149|[I][spotify.tls] tls yield — resumed
1785971070.176|[D][chrome] drawVolume pct=100 keyframe=4
1785971070.180|[D][chrome] drawVolume pct=100 keyframe=4
1785971070.205|[W][perf] iter=75ms (worst path so far: wr.pump:2503ms)
1785971070.213|[I][webradio] play idx=0 name=INJECTED url=http://stream.slam.nl/WEB15_MP3
1785971070.649|[I][spotify.tls] tls yield — client stopped
1785971070.655|[membudget] TASK-267 _play pre-acquire lfbInt=42996 freeInt=55120
1785971070.661|[I][webradio] HEAP pre-connect free=55120 min=43348 maxAlloc=42996
1785971070.669|[membudget] CP1-pre-connect skip=0 freeInt=55120 lfbInt=42996 freeDma=11976 lfbDma=9716
1785971070.675|[W][perf] iter=466ms (worst path so far: wr.pump:2503ms)
1785971070.690|[I][webradio] audio_info: buffers freed, free Heap: 55120 bytes
1785971070.698|[I][webradio] audio_info: Connect to new host: "http://stream.slam.nl/WEB15_MP3"
1785971070.733|[I][webradio] audio_info: Connection has been established in 29 ms, free Heap: 54336 bytes
1785971070.738|[D][chrome] drawVolume pct=100 keyframe=4
1785971070.742|[D][chrome] drawVolume pct=100 keyframe=4
1785971070.761|[I][webradio] audio_info: chunked data transfer
1785971070.770|[I][webradio] audio_info: redirect to new host "http://29003.live.streamtheworld.com/WEB15_MP3_SC"
1785971070.783|[I][webradio] audio_info: buffers freed, free Heap: 54748 bytes
1785971070.793|[I][webradio] audio_info: Connect to new host: "http://29003.live.streamtheworld.com/WEB15_MP3_SC"
1785971070.799|[W][perf] iter=116ms (worst path so far: wr.pump:2503ms)
1785971070.837|[I][webradio] audio_info: Connection has been established in 38 ms, free Heap: 53876 bytes
1785971070.872|[D][chrome] drawVolume pct=100 keyframe=4
1785971070.876|[D][chrome] drawVolume pct=100 keyframe=4
1785971070.903|[W][perf] iter=105ms (worst path so far: wr.pump:2503ms)
1785971071.840|[I][webradio] audio_info: icy-name: SLAM! 00's
1785971071.860|[mbdbg] helix alloc: DecInfo=0x3ffef4c8(2000) FHdr=0x3ffefc98(44) SI=0x3ffefcc4(40) SFJS=0x3ffefcec(36) Huff=0x3ffefd10(4624) Deq=0x3fff0f20(792) IMDCT=0x3fff1238(6944) Sub=0x3fff2d58(8708) FInfo=0x3fff4f5c(28)
1785971071.866|[I][webradio] audio_info: MP3Decoder has been initialized, free Heap: 47724 bytes
1785971071.874|[membudget] CP2-decoder-init freeInt=47724 lfbInt=42996 freeDma=4580 lfbDma=1972 arenaHWM=23216
1785971071.880|[W][perf] iter=52ms (worst path so far: wr.pump:2503ms)
1785971071.883|[I][webradio] audio_info: stream ready
1785971071.888|[I][webradio] audio_info: syncword found at pos 0
1785971071.898|[I][webradio] audio_info: Channels: 2
1785971071.901|[I][webradio] audio_info: SampleRate: 44100
1785971071.904|[I][webradio] audio_info: BitsPerSample: 16
1785971071.909|[I][webradio] audio_info: BitRate: 128000
1785971072.509|[I][webradio] audio_info: StreamTitle='Mylo - Drop The Pressure'
1785971072.512|[D][webradio] ICY: Mylo - Drop The Pressure
1785971078.542|[I][hb] display=winamp wifi=rssi(-54) disc=1 heap=44k maxAlloc=41k stack_hwm=12908b uptime=01:14:35 poll=0/0 last=0 block_max=0ms loop_max=466ms slow=wr.pump:2503ms last_poll_age_ms=0 next_poll_in_ms=5000 last_render_age_ms=7648 build=Aug  5 2026-22:49:22
1785971078.994|[I][webradio] audio_info: slow stream, dropouts are possible
1785971079.994|[I][webradio] audio_info: slow stream, dropouts are possible
1785971080.995|[I][webradio] audio_info: slow stream, dropouts are possible
1785971081.996|[I][webradio] audio_info: slow stream, dropouts are possible
1785971082.997|[I][webradio] audio_info: slow stream, dropouts are possible
1785971083.483|[W][webradio] stream dead (isRunning=1 for 0ms, bufStalled for 5000ms) — stop + resume Spotify TLS
1785971083.486|[I][webradio] stall idx=0 — retrying once
1785971083.490|[I][spotify.tls] tls yield — resumed
1785971083.524|[D][chrome] drawVolume pct=100 keyframe=4
1785971083.527|[D][chrome] drawVolume pct=100 keyframe=4
1785971083.552|[W][perf] iter=75ms (worst path so far: app.tick:74ms)
1785971083.560|[I][webradio] play idx=0 name=INJECTED url=http://stream.slam.nl/WEB15_MP3
1785971083.989|[I][spotify.tls] tls yield — client stopped
1785971083.995|[membudget] TASK-267 _play pre-acquire lfbInt=42996 freeInt=45880
1785971084.001|[I][webradio] HEAP pre-connect free=45880 min=43348 maxAlloc=42996
1785971084.009|[membudget] CP1-pre-connect skip=0 freeInt=45880 lfbInt=42996 freeDma=2736 lfbDma=1652
1785971084.014|[W][perf] iter=459ms (worst path so far: app.tick:457ms)
1785971084.032|[I][webradio] audio_info: buffers freed, free Heap: 47528 bytes
1785971084.041|[I][webradio] audio_info: Connect to new host: "http://stream.slam.nl/WEB15_MP3"
1785971084.070|[D][chrome] drawVolume pct=100 keyframe=4
1785971084.074|[D][chrome] drawVolume pct=100 keyframe=4
1785971084.099|[W][perf] iter=85ms (worst path so far: app.tick:457ms)
1785971084.381|[I][webradio] audio_info: Connection has been established in 333 ms, free Heap: 46888 bytes
1785971084.406|[I][webradio] audio_info: chunked data transfer
1785971084.415|[I][webradio] audio_info: redirect to new host "http://22533.live.streamtheworld.com/WEB15_MP3_SC"
1785971084.428|[I][webradio] audio_info: buffers freed, free Heap: 47312 bytes
1785971084.438|[I][webradio] audio_info: Connect to new host: "http://22533.live.streamtheworld.com/WEB15_MP3_SC"
1785971084.444|[D][chrome] drawVolume pct=100 keyframe=4
1785971084.448|[D][chrome] drawVolume pct=100 keyframe=4
1785971084.476|[W][perf] iter=95ms (worst path so far: app.tick:457ms)
1785971084.486|[I][webradio] audio_info: Connection has been established in 43 ms, free Heap: 46624 bytes
1785971085.499|[W][perf] iter=52ms (worst path so far: app.tick:457ms)
1785971085.552|[W][perf] iter=54ms (worst path so far: app.tick:457ms)
1785971085.607|[W][perf] iter=54ms (worst path so far: app.tick:457ms)
1785971085.660|[W][perf] iter=54ms (worst path so far: app.tick:457ms)
1785971085.715|[W][perf] iter=54ms (worst path so far: app.tick:457ms)
1785971085.769|[W][perf] iter=54ms (worst path so far: app.tick:457ms)
1785971085.823|[W][perf] iter=54ms (worst path so far: app.tick:457ms)
1785971085.876|[W][perf] iter=54ms (worst path so far: app.tick:457ms)
1785971085.931|[W][perf] iter=54ms (worst path so far: app.tick:457ms)
1785971085.984|[W][perf] iter=54ms (worst path so far: app.tick:457ms)
1785971086.040|[W][perf] iter=55ms (worst path so far: app.tick:457ms)
1785971086.093|[W][perf] iter=54ms (worst path so far: app.tick:457ms)
1785971086.147|[W][perf] iter=54ms (worst path so far: app.tick:457ms)
1785971086.202|[W][perf] iter=54ms (worst path so far: app.tick:457ms)
1785971086.256|[W][perf] iter=54ms (worst path so far: app.tick:457ms)
1785971086.311|[W][perf] iter=54ms (worst path so far: app.tick:457ms)
1785971086.364|[W][perf] iter=54ms (worst path so far: app.tick:457ms)
1785971086.419|[W][perf] iter=54ms (worst path so far: app.tick:457ms)
1785971086.472|[W][perf] iter=54ms (worst path so far: app.tick:457ms)
1785971086.526|[W][perf] iter=54ms (worst path so far: app.tick:457ms)
1785971086.579|[W][perf] iter=54ms (worst path so far: app.tick:457ms)
1785971086.633|[W][perf] iter=54ms (worst path so far: app.tick:457ms)
1785971086.687|[W][perf] iter=54ms (worst path so far: app.tick:457ms)
1785971086.741|[W][perf] iter=54ms (worst path so far: app.tick:457ms)
1785971086.796|[W][perf] iter=54ms (worst path so far: app.tick:457ms)
1785971086.850|[W][perf] iter=54ms (worst path so far: app.tick:457ms)
1785971086.904|[W][perf] iter=54ms (worst path so far: app.tick:457ms)
1785971086.958|[W][perf] iter=54ms (worst path so far: app.tick:457ms)
1785971087.012|[W][perf] iter=54ms (worst path so far: app.tick:457ms)
1785971087.066|[W][perf] iter=54ms (worst path so far: app.tick:457ms)
1785971087.119|[W][perf] iter=54ms (worst path so far: app.tick:457ms)
1785971087.174|[W][perf] iter=54ms (worst path so far: app.tick:457ms)
1785971087.228|[W][perf] iter=54ms (worst path so far: app.tick:457ms)
1785971087.282|[W][perf] iter=54ms (worst path so far: app.tick:457ms)
1785971087.335|[W][perf] iter=54ms (worst path so far: app.tick:457ms)
1785971087.389|[W][perf] iter=54ms (worst path so far: app.tick:457ms)
1785971087.443|[W][perf] iter=54ms (worst path so far: app.tick:457ms)
1785971087.498|[W][perf] iter=54ms (worst path so far: app.tick:457ms)
1785971087.552|[W][perf] iter=54ms (worst path so far: app.tick:457ms)
1785971087.605|[W][perf] iter=54ms (worst path so far: app.tick:457ms)
1785971087.659|[W][perf] iter=54ms (worst path so far: app.tick:457ms)
1785971087.713|[W][perf] iter=54ms (worst path so far: app.tick:457ms)
1785971087.768|[W][perf] iter=54ms (worst path so far: app.tick:457ms)
1785971087.822|[W][perf] iter=54ms (worst path so far: app.tick:457ms)
1785971087.876|[W][perf] iter=54ms (worst path so far: app.tick:457ms)
1785971087.930|[W][perf] iter=54ms (worst path so far: app.tick:457ms)
1785971089.388|[W][webradio] stream dead (isRunning=0 for 1503ms, bufStalled for 5000ms) — stop + resume Spotify TLS
1785971089.392|[W][webradio] auto-skip exhausted — no playable station
1785971089.399|[I][spotify.tls] tls yield — resumed
1785971089.427|[D][chrome] drawVolume pct=100 keyframe=4
1785971089.431|[D][chrome] drawVolume pct=100 keyframe=4
1785971089.457|[W][perf] iter=75ms (worst path so far: wr.pump:2503ms)
1785971108.540|[I][hb] display=winamp wifi=rssi(-54) disc=1 heap=53k maxAlloc=41k stack_hwm=12908b uptime=01:15:05 poll=0/0 last=0 block_max=0ms loop_max=459ms slow=wr.pump:2503ms last_poll_age_ms=0 next_poll_in_ms=5000 last_render_age_ms=19093 build=Aug  5 2026-22:49:2
1785971113.556|[I][webradio] terminal retry — re-arming scan idx=0
1785971113.564|[I][webradio] play idx=0 name=INJECTED url=http://stream.slam.nl/WEB15_MP3
1785971113.900|[I][spotify.tls] tls yield — client stopped
1785971113.906|[membudget] TASK-267 _play pre-acquire lfbInt=42996 freeInt=54672
1785971113.912|[I][webradio] HEAP pre-connect free=54672 min=43348 maxAlloc=42996
1785971113.919|[membudget] CP1-pre-connect skip=0 freeInt=54672 lfbInt=42996 freeDma=11528 lfbDma=9716
1785971113.924|[W][perf] iter=367ms (worst path so far: app.tick:366ms)
1785971113.939|[I][webradio] audio_info: buffers freed, free Heap: 54672 bytes
1785971113.947|[I][webradio] audio_info: Connect to new host: "http://stream.slam.nl/WEB15_MP3"
1785971113.980|[D][chrome] drawVolume pct=100 keyframe=4
1785971113.988|[I][webradio] audio_info: Connection has been established in 32 ms, free Heap: 53892 bytes
1785971113.991|[D][chrome] drawVolume pct=100 keyframe=4
1785971114.012|[I][webradio] audio_info: chunked data transfer
1785971114.021|[I][webradio] audio_info: redirect to new host "http://22333.live.streamtheworld.com/WEB15_MP3_SC"
1785971114.033|[I][webradio] audio_info: buffers freed, free Heap: 54300 bytes
1785971114.044|[I][webradio] audio_info: Connect to new host: "http://22333.live.streamtheworld.com/WEB15_MP3_SC"
1785971114.048|[W][perf] iter=115ms (worst path so far: app.tick:366ms)
1785971114.052|[I][webradio] HEAP play free=53964 min=43348
1785971114.095|[I][webradio] audio_info: Connection has been established in 46 ms, free Heap: 53476 bytes
1785971114.129|[D][chrome] drawVolume pct=100 keyframe=4
1785971114.133|[D][chrome] drawVolume pct=100 keyframe=4
1785971114.160|[W][perf] iter=112ms (worst path so far: app.tick:366ms)
1785971115.123|[I][webradio] audio_info: icy-name: SLAM! 00's
1785971115.142|[mbdbg] helix alloc: DecInfo=0x3ffef4c8(2000) FHdr=0x3ffefc98(44) SI=0x3ffefcc4(40) SFJS=0x3ffefcec(36) Huff=0x3ffefd10(4624) Deq=0x3fff0f20(792) IMDCT=0x3fff1238(6944) Sub=0x3fff2d58(8708) FInfo=0x3fff4f5c(28)
1785971115.148|[I][webradio] audio_info: MP3Decoder has been initialized, free Heap: 47532 bytes
1785971115.156|[membudget] CP2-decoder-init freeInt=47532 lfbInt=42996 freeDma=4388 lfbDma=2292 arenaHWM=23216
1785971115.161|[W][perf] iter=52ms (worst path so far: app.tick:366ms)
1785971115.167|[I][webradio] audio_info: slow stream, dropouts are possible
1785971115.170|[I][webradio] audio_info: stream ready
1785971115.175|[I][webradio] audio_info: syncword found at pos 0
1785971115.188|[I][webradio] audio_info: Channels: 2
1785971115.190|[I][webradio] audio_info: SampleRate: 44100
1785971115.193|[I][webradio] audio_info: BitsPerSample: 16
1785971115.198|[I][webradio] audio_info: BitRate: 128000
1785971116.163|[I][webradio] audio_info: slow stream, dropouts are possible
1785971117.163|[I][webradio] audio_info: slow stream, dropouts are possible
1785971118.165|[I][webradio] audio_info: slow stream, dropouts are possible
1785971119.166|[I][webradio] audio_info: slow stream, dropouts are possible
1785971120.166|[I][webradio] audio_info: slow stream, dropouts are possible
1785971120.318|[W][webradio] stream dead (isRunning=1 for 0ms, bufStalled for 5000ms) — stop + resume Spotify TLS
1785971120.320|[I][webradio] stall idx=0 — retrying once
1785971120.324|[I][spotify.tls] tls yield — resumed
1785971120.357|[D][chrome] drawVolume pct=100 keyframe=4
1785971120.360|[D][chrome] drawVolume pct=100 keyframe=4
1785971120.386|[W][perf] iter=74ms (worst path so far: app.tick:366ms)
1785971120.393|[I][webradio] play idx=0 name=INJECTED url=http://stream.slam.nl/WEB15_MP3
1785971120.825|[I][spotify.tls] tls yield — client stopped
1785971120.830|[membudget] TASK-267 _play pre-acquire lfbInt=42996 freeInt=47832
1785971120.836|[I][webradio] HEAP pre-connect free=47832 min=43348 maxAlloc=42996
1785971120.844|[membudget] CP1-pre-connect skip=0 freeInt=47832 lfbInt=42996 freeDma=4688 lfbDma=2292
1785971120.849|[W][perf] iter=461ms (worst path so far: app.tick:459ms)
1785971120.868|[I][webradio] audio_info: buffers freed, free Heap: 49496 bytes
1785971120.877|[I][webradio] audio_info: Connect to new host: "http://stream.slam.nl/WEB15_MP3"
1785971120.905|[D][chrome] drawVolume pct=100 keyframe=4
1785971120.908|[D][chrome] drawVolume pct=100 keyframe=4
1785971120.923|[I][webradio] audio_info: Connection has been established in 38 ms, free Heap: 48656 bytes
1785971120.941|[W][perf] iter=92ms (worst path so far: app.tick:459ms)
1785971120.954|[I][webradio] audio_info: chunked data transfer
1785971120.963|[I][webradio] audio_info: redirect to new host "http://22353.live.streamtheworld.com/WEB15_MP3_SC"
1785971120.977|[I][webradio] audio_info: buffers freed, free Heap: 49272 bytes
1785971120.986|[I][webradio] audio_info: Connect to new host: "http://22353.live.streamtheworld.com/WEB15_MP3_SC"
1785971121.005|[D][chrome] drawVolume pct=100 keyframe=4
1785971121.009|[D][chrome] drawVolume pct=100 keyframe=4
1785971121.039|[W][perf] iter=96ms (worst path so far: app.tick:459ms)
1785971121.049|[I][webradio] audio_info: Connection has been established in 55 ms, free Heap: 48432 bytes
1785971124.009|{"ok":true,"cmd":"get","var":"wrState","state":2,"last":true}
1785971124.019|{"ok":true,"cmd":"get","var":"wrIdx","idx":0,"last":true}
1785971125.949|[W][webradio] stream dead (isRunning=1 for 0ms, bufStalled for 5001ms) — stop + resume Spotify TLS
1785971125.954|[W][webradio] auto-skip exhausted — no playable station
1785971125.960|[I][spotify.tls] tls yield — resumed
1785971125.988|[D][chrome] drawVolume pct=100 keyframe=4
1785971125.992|[D][chrome] drawVolume pct=100 keyframe=4
1785971126.018|[W][perf] iter=76ms (worst path so far: app.tick:459ms)
1785971138.542|[I][hb] display=winamp wifi=rssi(-54) disc=1 heap=47k maxAlloc=41k stack_hwm=12908b uptime=01:15:35 poll=0/0 last=0 block_max=0ms loop_max=461ms slow=app.tick:459ms last_poll_age_ms=0 next_poll_in_ms=5000 last_render_age_ms=12533 build=Aug  5 2026-22:49:2
1785971150.389|[I][webradio] terminal retry — re-arming scan idx=0
1785971150.397|[I][webradio] play idx=0 name=INJECTED url=http://stream.slam.nl/WEB15_MP3
1785971150.462|[I][spotify.tls] tls yield — client stopped
1785971150.468|[membudget] TASK-267 _play pre-acquire lfbInt=42996 freeInt=49352
1785971150.474|[I][webradio] HEAP pre-connect free=49352 min=43348 maxAlloc=42996
1785971150.482|[membudget] CP1-pre-connect skip=0 freeInt=49352 lfbInt=42996 freeDma=6208 lfbDma=2164
1785971150.486|[W][perf] iter=96ms (worst path so far: app.tick:95ms)
1785971150.505|[I][webradio] audio_info: buffers freed, free Heap: 54668 bytes
1785971150.513|[I][webradio] audio_info: Connect to new host: "http://stream.slam.nl/WEB15_MP3"
1785971150.542|[D][chrome] drawVolume pct=100 keyframe=4
1785971150.546|[D][chrome] drawVolume pct=100 keyframe=4
1785971150.574|[W][perf] iter=87ms (worst path so far: app.tick:95ms)
1785971150.594|[I][webradio] audio_info: Connection has been established in 74 ms, free Heap: 53900 bytes
1785971150.599|[I][webradio] HEAP play free=52152 min=43348
1785971150.622|[I][webradio] audio_info: chunked data transfer
1785971150.631|[I][webradio] audio_info: redirect to new host "http://22333.live.streamtheworld.com/WEB15_MP3_SC"
1785971150.645|[I][webradio] audio_info: buffers freed, free Heap: 54296 bytes
1785971150.656|[I][webradio] audio_info: Connect to new host: "http://22333.live.streamtheworld.com/WEB15_MP3_SC"
1785971150.660|[D][chrome] drawVolume pct=100 keyframe=4
1785971150.663|[D][chrome] drawVolume pct=100 keyframe=4
1785971150.688|[I][webradio] audio_info: Connection has been established in 26 ms, free Heap: 53260 bytes
1785971150.694|[W][perf] iter=98ms (worst path so far: wr.connect:110ms)
1785971151.543|[I][webradio] audio_info: icy-name: SLAM! 00's
1785971151.562|[mbdbg] helix alloc: DecInfo=0x3ffef4c8(2000) FHdr=0x3ffefc98(44) SI=0x3ffefcc4(40) SFJS=0x3ffefcec(36) Huff=0x3ffefd10(4624) Deq=0x3fff0f20(792) IMDCT=0x3fff1238(6944) Sub=0x3fff2d58(8708) FInfo=0x3fff4f5c(28)
1785971151.567|[I][webradio] audio_info: MP3Decoder has been initialized, free Heap: 47512 bytes
1785971151.576|[membudget] CP2-decoder-init freeInt=47512 lfbInt=42996 freeDma=4368 lfbDma=2292 arenaHWM=23216
1785971151.581|[W][perf] iter=53ms (worst path so far: wr.connect:110ms)
1785971151.587|[I][webradio] audio_info: slow stream, dropouts are possible
1785971151.590|[I][webradio] audio_info: stream ready
1785971151.594|[I][webradio] audio_info: syncword found at pos 0
1785971151.604|[I][webradio] audio_info: Channels: 2
1785971151.607|[I][webradio] audio_info: SampleRate: 44100
1785971151.609|[I][webradio] audio_info: BitsPerSample: 16
1785971151.615|[I][webradio] audio_info: BitRate: 128000
1785971152.584|[I][webradio] audio_info: slow stream, dropouts are possible
1785971153.584|[I][webradio] audio_info: slow stream, dropouts are possible
1785971154.585|[I][webradio] audio_info: slow stream, dropouts are possible
1785971155.586|[I][webradio] audio_info: slow stream, dropouts are possible
1785971156.587|[I][webradio] audio_info: slow stream, dropouts are possible
1785971156.733|[W][webradio] stream dead (isRunning=1 for 0ms, bufStalled for 5000ms) — stop + resume Spotify TLS
1785971156.737|[I][webradio] stall idx=0 — retrying once
1785971156.740|[I][spotify.tls] tls yield — resumed
1785971156.773|[D][chrome] drawVolume pct=100 keyframe=4
1785971156.776|[D][chrome] drawVolume pct=100 keyframe=4
1785971156.801|[W][perf] iter=74ms (worst path so far: wr.connect:110ms)
1785971156.808|[I][webradio] play idx=0 name=INJECTED url=http://stream.slam.nl/WEB15_MP3
1785971157.240|[I][spotify.tls] tls yield — client stopped
1785971157.246|[membudget] TASK-267 _play pre-acquire lfbInt=42996 freeInt=45440
1785971157.251|[I][webradio] HEAP pre-connect free=45440 min=43348 maxAlloc=42996
1785971157.259|[membudget] CP1-pre-connect skip=0 freeInt=45440 lfbInt=42996 freeDma=2296 lfbDma=1396
1785971157.264|[W][perf] iter=461ms (worst path so far: app.tick:459ms)
1785971157.285|[I][webradio] audio_info: buffers freed, free Heap: 47108 bytes
1785971157.295|[I][webradio] audio_info: Connect to new host: "http://stream.slam.nl/WEB15_MP3"
1785971157.321|[D][chrome] drawVolume pct=100 keyframe=4
1785971157.323|[D][chrome] drawVolume pct=100 keyframe=4
1785971157.332|[I][webradio] audio_info: Connection has been established in 31 ms, free Heap: 46328 bytes
1785971157.357|[I][webradio] audio_info: chunked data transfer
1785971157.365|[I][webradio] audio_info: redirect to new host "http://22353.live.streamtheworld.com/WEB15_MP3_SC"
1785971157.377|[I][webradio] audio_info: buffers freed, free Heap: 46736 bytes
1785971157.388|[I][webradio] audio_info: Connect to new host: "http://22353.live.streamtheworld.com/WEB15_MP3_SC"
1785971157.393|[W][perf] iter=116ms (worst path so far: app.tick:459ms)
1785971157.480|[D][chrome] drawVolume pct=100 keyframe=4
1785971157.484|[D][chrome] drawVolume pct=100 keyframe=4
1785971157.509|[W][perf] iter=118ms (worst path so far: app.tick:459ms)
1785971157.564|[W][perf] iter=54ms (worst path so far: app.tick:459ms)
1785971157.617|[W][perf] iter=54ms (worst path so far: app.tick:459ms)
1785971157.673|[W][perf] iter=54ms (worst path so far: app.tick:459ms)
1785971157.726|[W][perf] iter=54ms (worst path so far: app.tick:459ms)
1785971157.781|[W][perf] iter=54ms (worst path so far: app.tick:459ms)
1785971157.834|[W][perf] iter=54ms (worst path so far: app.tick:459ms)
1785971157.889|[W][perf] iter=54ms (worst path so far: app.tick:459ms)
1785971157.942|[W][perf] iter=53ms (worst path so far: app.tick:459ms)
1785971157.997|[W][perf] iter=54ms (worst path so far: app.tick:459ms)
1785971158.050|[W][perf] iter=54ms (worst path so far: app.tick:459ms)
1785971158.105|[W][perf] iter=54ms (worst path so far: app.tick:459ms)
1785971158.158|[W][perf] iter=53ms (worst path so far: app.tick:459ms)
1785971158.212|[W][perf] iter=54ms (worst path so far: app.tick:459ms)
1785971158.267|[W][perf] iter=54ms (worst path so far: app.tick:459ms)
1785971158.321|[W][perf] iter=54ms (worst path so far: app.tick:459ms)
1785971158.375|[W][perf] iter=54ms (worst path so far: app.tick:459ms)
1785971158.429|[W][perf] iter=54ms (worst path so far: app.tick:459ms)
1785971158.482|[W][perf] iter=54ms (worst path so far: app.tick:459ms)
1785971158.536|[W][perf] iter=54ms (worst path so far: app.tick:459ms)
1785971158.590|[W][perf] iter=54ms (worst path so far: app.tick:459ms)
1785971158.644|[W][perf] iter=54ms (worst path so far: app.tick:459ms)
1785971158.699|[W][perf] iter=54ms (worst path so far: app.tick:459ms)
1785971158.753|[W][perf] iter=54ms (worst path so far: app.tick:459ms)
1785971158.807|[W][perf] iter=54ms (worst path so far: app.tick:459ms)
1785971158.860|[W][perf] iter=54ms (worst path so far: app.tick:459ms)
1785971158.915|[W][perf] iter=54ms (worst path so far: app.tick:459ms)
1785971158.968|[W][perf] iter=54ms (worst path so far: app.tick:459ms)
1785971159.022|[W][perf] iter=54ms (worst path so far: app.tick:459ms)
1785971159.077|[W][perf] iter=55ms (worst path so far: app.tick:459ms)
1785971159.132|[W][perf] iter=54ms (worst path so far: app.tick:459ms)
1785971159.185|[W][perf] iter=54ms (worst path so far: app.tick:459ms)
1785971159.239|[W][perf] iter=54ms (worst path so far: app.tick:459ms)
1785971159.294|[W][perf] iter=54ms (worst path so far: app.tick:459ms)
1785971159.347|[W][perf] iter=54ms (worst path so far: app.tick:459ms)
1785971159.402|[W][perf] iter=54ms (worst path so far: app.tick:459ms)
1785971159.456|[W][perf] iter=54ms (worst path so far: app.tick:459ms)
1785971159.509|[W][perf] iter=54ms (worst path so far: app.tick:459ms)
1785971159.563|[W][perf] iter=54ms (worst path so far: app.tick:459ms)
1785971159.617|[W][perf] iter=54ms (worst path so far: app.tick:459ms)
1785971159.671|[W][perf] iter=54ms (worst path so far: app.tick:459ms)
1785971159.726|[W][perf] iter=54ms (worst path so far: app.tick:459ms)
1785971159.780|[W][perf] iter=54ms (worst path so far: app.tick:459ms)
1785971159.833|[W][perf] iter=54ms (worst path so far: app.tick:459ms)
1785971159.887|[W][perf] iter=54ms (worst path so far: app.tick:459ms)
1785971159.942|[W][perf] iter=54ms (worst path so far: app.tick:459ms)
1785971159.995|[W][perf] iter=54ms (worst path so far: app.tick:459ms)
1785971160.049|[W][perf] iter=54ms (worst path so far: app.tick:459ms)
1785971160.103|[W][perf] iter=54ms (worst path so far: app.tick:459ms)
1785971160.157|[W][perf] iter=54ms (worst path so far: app.tick:459ms)
1785971160.212|[W][perf] iter=54ms (worst path so far: app.tick:459ms)
1785971160.266|[W][perf] iter=54ms (worst path so far: app.tick:459ms)
1785971160.320|[W][perf] iter=54ms (worst path so far: app.tick:459ms)
1785971160.373|[W][perf] iter=54ms (worst path so far: app.tick:459ms)
1785971160.427|[W][perf] iter=54ms (worst path so far: app.tick:459ms)
1785971160.482|[W][perf] iter=54ms (worst path so far: app.tick:459ms)
1785971160.535|[W][perf] iter=54ms (worst path so far: app.tick:459ms)
1785971160.589|[W][perf] iter=54ms (worst path so far: app.tick:459ms)
1785971160.644|[W][perf] iter=54ms (worst path so far: app.tick:459ms)
1785971160.698|[W][perf] iter=54ms (worst path so far: app.tick:459ms)
1785971160.751|[W][perf] iter=54ms (worst path so far: app.tick:459ms)
1785971160.805|[W][perf] iter=54ms (worst path so far: app.tick:459ms)
1785971160.860|[W][perf] iter=54ms (worst path so far: app.tick:459ms)
1785971160.913|[W][perf] iter=54ms (worst path so far: app.tick:459ms)
1785971160.967|[W][perf] iter=54ms (worst path so far: app.tick:459ms)
1785971161.022|[W][perf] iter=54ms (worst path so far: app.tick:459ms)
1785971161.075|[W][perf] iter=54ms (worst path so far: app.tick:459ms)
1785971161.129|[W][perf] iter=54ms (worst path so far: app.tick:459ms)
1785971161.184|[W][perf] iter=54ms (worst path so far: app.tick:459ms)
1785971161.237|[W][perf] iter=54ms (worst path so far: app.tick:459ms)
1785971161.291|[W][perf] iter=54ms (worst path so far: app.tick:459ms)
1785971161.345|[W][perf] iter=54ms (worst path so far: app.tick:459ms)
1785971161.399|[W][perf] iter=54ms (worst path so far: app.tick:459ms)
1785971161.453|[W][perf] iter=54ms (worst path so far: app.tick:459ms)
1785971161.507|[W][perf] iter=54ms (worst path so far: app.tick:459ms)
1785971161.561|[W][perf] iter=54ms (worst path so far: app.tick:459ms)
1785971161.615|[W][perf] iter=54ms (worst path so far: app.tick:459ms)
1785971161.669|[W][perf] iter=54ms (worst path so far: app.tick:459ms)
1785971161.723|[W][perf] iter=54ms (worst path so far: app.tick:459ms)
1785971161.777|[W][perf] iter=54ms (worst path so far: app.tick:459ms)
1785971161.832|[W][perf] iter=54ms (worst path so far: app.tick:459ms)
1785971161.886|[W][perf] iter=54ms (worst path so far: app.tick:459ms)
1785971161.939|[W][perf] iter=54ms (worst path so far: app.tick:459ms)
1785971161.993|[W][perf] iter=54ms (worst path so far: app.tick:459ms)
1785971162.047|[W][perf] iter=54ms (worst path so far: app.tick:459ms)
1785971162.101|[W][perf] iter=54ms (worst path so far: app.tick:459ms)
1785971162.155|[W][perf] iter=54ms (worst path so far: app.tick:459ms)
1785971162.209|[W][perf] iter=54ms (worst path so far: app.tick:459ms)
1785971162.263|[W][perf] iter=54ms (worst path so far: app.tick:459ms)
1785971162.317|[W][perf] iter=54ms (worst path so far: app.tick:459ms)
1785971162.371|[W][perf] iter=54ms (worst path so far: app.tick:459ms)
1785971162.398|[I][webradio] audio_info: Request http://22353.live.streamtheworld.com/WEB15_MP3_SC failed!
1785971162.401|[D][webradio] ICY:
1785971167.325|[W][webradio] stream dead (isRunning=0 for 5000ms, bufStalled for 4946ms) — stop + resume Spotify TLS
1785971167.330|[W][webradio] auto-skip exhausted — no playable station
1785971167.337|[I][spotify.tls] tls yield — resumed
1785971167.364|[D][chrome] drawVolume pct=100 keyframe=4
1785971167.368|[D][chrome] drawVolume pct=100 keyframe=4
1785971167.394|[W][perf] iter=74ms (worst path so far: wr.pump:5043ms)
1785971168.541|[I][hb] display=winamp wifi=rssi(-54) disc=1 heap=45k maxAlloc=41k stack_hwm=12908b uptime=01:16:05 poll=0/0 last=0 block_max=0ms loop_max=461ms slow=wr.pump:5043ms last_poll_age_ms=0 next_poll_in_ms=5000 last_render_age_ms=1157 build=Aug  5 2026-22:49:22
1785971186.805|[I][webradio] terminal retry — re-arming scan idx=0
1785971186.813|[I][webradio] play idx=0 name=INJECTED url=http://stream.slam.nl/WEB15_MP3
1785971186.837|[I][spotify.tls] tls yield — client stopped
1785971186.842|[membudget] TASK-267 _play pre-acquire lfbInt=42996 freeInt=47108
1785971186.847|[I][webradio] HEAP pre-connect free=47108 min=43348 maxAlloc=42996
1785971186.857|[membudget] CP1-pre-connect skip=0 freeInt=47108 lfbInt=42996 freeDma=3964 lfbDma=1652
1785971186.862|[W][perf] iter=55ms (worst path so far: app.tick:54ms)
1785971186.875|[I][webradio] audio_info: buffers freed, free Heap: 47108 bytes
1785971186.884|[I][webradio] audio_info: Connect to new host: "http://stream.slam.nl/WEB15_MP3"
1785971186.914|[D][chrome] drawVolume pct=100 keyframe=4
1785971186.918|[D][chrome] drawVolume pct=100 keyframe=4
1785971186.943|[W][perf] iter=82ms (worst path so far: app.tick:65ms)
1785971191.896|[I][webradio] audio_info: Request http://stream.slam.nl/WEB15_MP3 failed!
1785971191.899|[W][webradio] connecttohost failed idx=0
1785971191.905|[W][webradio] auto-skip exhausted — no playable station
1785971191.908|[I][spotify.tls] tls yield — resumed
1785971191.910|[D][webradio] ICY:
1785971191.944|[D][chrome] drawVolume pct=100 keyframe=4
1785971191.948|[D][chrome] drawVolume pct=100 keyframe=4
1785971191.973|[W][perf] iter=77ms (worst path so far: wr.connect:5035ms)
1785971198.540|[I][hb] display=winamp wifi=rssi(-54) disc=1 heap=46k maxAlloc=41k stack_hwm=12908b uptime=01:16:35 poll=0/0 last=0 block_max=0ms loop_max=82ms slow=wr.connect:5035ms last_poll_age_ms=0 next_poll_in_ms=5000 last_render_age_ms=6577 build=Aug  5 2026-22:49:
1785971216.804|[I][webradio] terminal retry — re-arming scan idx=0
1785971216.812|[I][webradio] play idx=0 name=INJECTED url=http://stream.slam.nl/WEB15_MP3
1785971216.905|[I][spotify.tls] tls yield — client stopped
1785971216.910|[membudget] TASK-267 _play pre-acquire lfbInt=42996 freeInt=47556
1785971216.916|[I][webradio] HEAP pre-connect free=47556 min=43348 maxAlloc=42996
1785971216.925|[membudget] CP1-pre-connect skip=0 freeInt=47556 lfbInt=42996 freeDma=4412 lfbDma=1652
1785971216.929|[W][perf] iter=124ms (worst path so far: app.tick:123ms)
1785971216.943|[I][webradio] audio_info: buffers freed, free Heap: 47556 bytes
1785971216.953|[I][webradio] audio_info: Connect to new host: "http://stream.slam.nl/WEB15_MP3"
1785971216.983|[D][chrome] drawVolume pct=100 keyframe=4
1785971216.987|[D][chrome] drawVolume pct=100 keyframe=4
1785971217.013|[W][perf] iter=83ms (worst path so far: app.tick:123ms)
1785971221.965|[I][webradio] audio_info: Request http://stream.slam.nl/WEB15_MP3 failed!
1785971221.968|[W][webradio] connecttohost failed idx=0
1785971221.973|[W][webradio] auto-skip exhausted — no playable station
1785971221.977|[I][spotify.tls] tls yield — resumed
1785971221.980|[D][webradio] ICY:
1785971222.012|[D][chrome] drawVolume pct=100 keyframe=4
1785971222.016|[D][chrome] drawVolume pct=100 keyframe=4
1785971222.041|[W][perf] iter=77ms (worst path so far: wr.connect:5035ms)
1785971228.540|[I][hb] display=winamp wifi=rssi(-53) disc=1 heap=46k maxAlloc=41k stack_hwm=12908b uptime=01:17:05 poll=0/0 last=0 block_max=0ms loop_max=124ms slow=wr.connect:5035ms last_poll_age_ms=0 next_poll_in_ms=5000 last_render_age_ms=6508 build=Aug  5 2026-22:49
1785971246.804|[I][webradio] terminal retry — re-arming scan idx=0
1785971246.811|[I][webradio] play idx=0 name=INJECTED url=http://stream.slam.nl/WEB15_MP3
1785971246.973|[I][spotify.tls] tls yield — client stopped
1785971246.979|[membudget] TASK-267 _play pre-acquire lfbInt=42996 freeInt=47780
1785971246.985|[I][webradio] HEAP pre-connect free=47780 min=43348 maxAlloc=42996
1785971246.993|[membudget] CP1-pre-connect skip=0 freeInt=47780 lfbInt=42996 freeDma=4636 lfbDma=1652
1785971246.998|[W][perf] iter=193ms (worst path so far: app.tick:192ms)
1785971247.012|[I][webradio] audio_info: buffers freed, free Heap: 47780 bytes
1785971247.021|[I][webradio] audio_info: Connect to new host: "http://stream.slam.nl/WEB15_MP3"
1785971247.052|[D][chrome] drawVolume pct=100 keyframe=4
1785971247.055|[D][chrome] drawVolume pct=100 keyframe=4
1785971247.080|[W][perf] iter=82ms (worst path so far: app.tick:192ms)
1785971252.033|[I][webradio] audio_info: Request http://stream.slam.nl/WEB15_MP3 failed!
1785971252.036|[W][webradio] connecttohost failed idx=0
1785971252.041|[W][webradio] auto-skip exhausted — no playable station
1785971252.045|[I][spotify.tls] tls yield — resumed
1785971252.047|[D][webradio] ICY:
1785971252.080|[D][chrome] drawVolume pct=100 keyframe=4
1785971252.084|[D][chrome] drawVolume pct=100 keyframe=4
1785971252.109|[W][perf] iter=77ms (worst path so far: wr.connect:5035ms)
1785971258.539|[I][hb] display=winamp wifi=rssi(-53) disc=1 heap=46k maxAlloc=41k stack_hwm=12908b uptime=01:17:35 poll=0/0 last=0 block_max=0ms loop_max=193ms slow=wr.connect:5035ms last_poll_age_ms=0 next_poll_in_ms=5000 last_render_age_ms=6439 build=Aug  5 2026-22:49
1785971276.803|[I][webradio] terminal retry — re-arming scan idx=0
1785971276.810|[I][webradio] play idx=0 name=INJECTED url=http://stream.slam.nl/WEB15_MP3
1785971277.042|[I][spotify.tls] tls yield — client stopped
1785971277.048|[membudget] TASK-267 _play pre-acquire lfbInt=42996 freeInt=48228
1785971277.053|[I][webradio] HEAP pre-connect free=48228 min=43348 maxAlloc=42996
1785971277.061|[membudget] CP1-pre-connect skip=0 freeInt=48228 lfbInt=42996 freeDma=5084 lfbDma=1652
1785971277.066|[W][perf] iter=262ms (worst path so far: app.tick:261ms)
1785971277.080|[I][webradio] audio_info: buffers freed, free Heap: 48228 bytes
1785971277.089|[I][webradio] audio_info: Connect to new host: "http://stream.slam.nl/WEB15_MP3"
1785971277.120|[D][chrome] drawVolume pct=100 keyframe=4
1785971277.123|[D][chrome] drawVolume pct=100 keyframe=4
1785971277.149|[W][perf] iter=83ms (worst path so far: app.tick:261ms)
1785971282.102|[I][webradio] audio_info: Request http://stream.slam.nl/WEB15_MP3 failed!
1785971282.105|[W][webradio] connecttohost failed idx=0
1785971282.110|[W][webradio] auto-skip exhausted — no playable station
1785971282.113|[I][spotify.tls] tls yield — resumed
1785971282.116|[D][webradio] ICY:
1785971282.149|[D][chrome] drawVolume pct=100 keyframe=4
1785971282.153|[D][chrome] drawVolume pct=100 keyframe=4
1785971282.177|[W][perf] iter=77ms (worst path so far: wr.connect:5035ms)
1785971288.539|[I][hb] display=winamp wifi=rssi(-53) disc=1 heap=47k maxAlloc=41k stack_hwm=12908b uptime=01:18:05 poll=0/0 last=0 block_max=0ms loop_max=262ms slow=wr.connect:5035ms last_poll_age_ms=0 next_poll_in_ms=5000 last_render_age_ms=6370 build=Aug  5 2026-22:49
1785971306.803|[I][webradio] terminal retry — re-arming scan idx=0
1785971306.810|[I][webradio] play idx=0 name=INJECTED url=http://stream.slam.nl/WEB15_MP3
1785971307.111|[I][spotify.tls] tls yield — client stopped
1785971307.116|[membudget] TASK-267 _play pre-acquire lfbInt=42996 freeInt=48452
1785971307.121|[I][webradio] HEAP pre-connect free=48452 min=43348 maxAlloc=42996
1785971307.130|[membudget] CP1-pre-connect skip=0 freeInt=48452 lfbInt=42996 freeDma=5308 lfbDma=1652
1785971307.134|[W][perf] iter=331ms (worst path so far: app.tick:330ms)
1785971307.149|[I][webradio] audio_info: buffers freed, free Heap: 48452 bytes
1785971307.157|[I][webradio] audio_info: Connect to new host: "http://stream.slam.nl/WEB15_MP3"
1785971307.193|[I][webradio] audio_info: Connection has been established in 30 ms, free Heap: 47668 bytes
1785971307.199|[D][chrome] drawVolume pct=100 keyframe=4
1785971307.202|[D][chrome] drawVolume pct=100 keyframe=4
1785971307.226|[I][webradio] audio_info: chunked data transfer
1785971307.234|[I][webradio] audio_info: redirect to new host "http://22673.live.streamtheworld.com/WEB15_MP3_SC"
1785971307.250|[W][perf] iter=97ms (worst path so far: app.tick:330ms)[I][webradio] audio_info: buffers freed, free Heap: 48080 bytes
1785971307.260|[I][webradio] audio_info: Connect to new host: "http://22673.live.streamtheworld.com/WEB15_MP3_SC"
1785971307.265|[I][webradio] HEAP play free=47732 min=43348
1785971307.349|[D][chrome] drawVolume pct=100 keyframe=4
1785971307.353|[D][chrome] drawVolume pct=100 keyframe=4
1785971307.378|[W][perf] iter=115ms (worst path so far: app.tick:330ms)
1785971307.433|[W][perf] iter=55ms (worst path so far: app.tick:330ms)
1785971307.487|[W][perf] iter=54ms (worst path so far: app.tick:330ms)
1785971307.541|[W][perf] iter=54ms (worst path so far: app.tick:330ms)
1785971307.595|[W][perf] iter=54ms (worst path so far: app.tick:330ms)
1785971307.649|[W][perf] iter=54ms (worst path so far: app.tick:330ms)
1785971307.704|[W][perf] iter=54ms (worst path so far: app.tick:330ms)
1785971307.757|[W][perf] iter=54ms (worst path so far: app.tick:330ms)
1785971307.811|[W][perf] iter=54ms (worst path so far: app.tick:330ms)
1785971307.865|[W][perf] iter=54ms (worst path so far: app.tick:330ms)
1785971307.919|[W][perf] iter=54ms (worst path so far: app.tick:330ms)
1785971307.973|[W][perf] iter=54ms (worst path so far: app.tick:330ms)
1785971308.028|[W][perf] iter=54ms (worst path so far: app.tick:330ms)
1785971308.081|[W][perf] iter=54ms (worst path so far: app.tick:330ms)
1785971308.135|[W][perf] iter=54ms (worst path so far: app.tick:330ms)
1785971308.189|[W][perf] iter=54ms (worst path so far: app.tick:330ms)
1785971308.243|[W][perf] iter=54ms (worst path so far: app.tick:330ms)
1785971308.297|[W][perf] iter=54ms (worst path so far: app.tick:330ms)
1785971308.351|[W][perf] iter=54ms (worst path so far: app.tick:330ms)
1785971308.405|[W][perf] iter=54ms (worst path so far: app.tick:330ms)
1785971308.460|[W][perf] iter=54ms (worst path so far: app.tick:330ms)
1785971308.513|[W][perf] iter=54ms (worst path so far: app.tick:330ms)
1785971308.567|[W][perf] iter=54ms (worst path so far: app.tick:330ms)
1785971308.621|[W][perf] iter=54ms (worst path so far: app.tick:330ms)
1785971308.676|[W][perf] iter=54ms (worst path so far: app.tick:330ms)
1785971308.730|[W][perf] iter=54ms (worst path so far: app.tick:330ms)
1785971308.784|[W][perf] iter=54ms (worst path so far: app.tick:330ms)
1785971308.837|[W][perf] iter=54ms (worst path so far: app.tick:330ms)
1785971308.891|[W][perf] iter=54ms (worst path so far: app.tick:330ms)
1785971308.947|[W][perf] iter=55ms (worst path so far: app.tick:330ms)
1785971309.000|[W][perf] iter=54ms (worst path so far: app.tick:330ms)
1785971309.054|[W][perf] iter=54ms (worst path so far: app.tick:330ms)
1785971309.108|[W][perf] iter=54ms (worst path so far: app.tick:330ms)
1785971309.162|[W][perf] iter=54ms (worst path so far: app.tick:330ms)
1785971309.216|[W][perf] iter=54ms (worst path so far: app.tick:330ms)
1785971309.270|[W][perf] iter=54ms (worst path so far: app.tick:330ms)
1785971309.324|[W][perf] iter=54ms (worst path so far: app.tick:330ms)
1785971309.378|[W][perf] iter=54ms (worst path so far: app.tick:330ms)
1785971309.432|[W][perf] iter=54ms (worst path so far: app.tick:330ms)
1785971309.486|[W][perf] iter=54ms (worst path so far: app.tick:330ms)
1785971309.540|[W][perf] iter=54ms (worst path so far: app.tick:330ms)
1785971309.594|[W][perf] iter=54ms (worst path so far: app.tick:330ms)
1785971309.648|[W][perf] iter=54ms (worst path so far: app.tick:330ms)
1785971309.702|[W][perf] iter=54ms (worst path so far: app.tick:330ms)
1785971309.756|[W][perf] iter=54ms (worst path so far: app.tick:330ms)
1785971309.810|[W][perf] iter=54ms (worst path so far: app.tick:330ms)
1785971309.864|[W][perf] iter=54ms (worst path so far: app.tick:330ms)
1785971309.918|[W][perf] iter=54ms (worst path so far: app.tick:330ms)
1785971309.972|[W][perf] iter=54ms (worst path so far: app.tick:330ms)
1785971310.026|[W][perf] iter=54ms (worst path so far: app.tick:330ms)
1785971310.080|[W][perf] iter=54ms (worst path so far: app.tick:330ms)
1785971310.134|[W][perf] iter=54ms (worst path so far: app.tick:330ms)
1785971310.188|[W][perf] iter=54ms (worst path so far: app.tick:330ms)
1785971310.242|[W][perf] iter=54ms (worst path so far: app.tick:330ms)
1785971310.296|[W][perf] iter=54ms (worst path so far: app.tick:330ms)
1785971310.350|[W][perf] iter=54ms (worst path so far: app.tick:330ms)
1785971310.404|[W][perf] iter=54ms (worst path so far: app.tick:330ms)
1785971310.459|[W][perf] iter=54ms (worst path so far: app.tick:330ms)
1785971310.513|[W][perf] iter=54ms (worst path so far: app.tick:330ms)
1785971310.566|[W][perf] iter=54ms (worst path so far: app.tick:330ms)
1785971310.620|[W][perf] iter=54ms (worst path so far: app.tick:330ms)
1785971310.674|[W][perf] iter=54ms (worst path so far: app.tick:330ms)
1785971310.728|[W][perf] iter=54ms (worst path so far: app.tick:330ms)
1785971310.782|[W][perf] iter=54ms (worst path so far: app.tick:330ms)
1785971310.836|[W][perf] iter=54ms (worst path so far: app.tick:330ms)
1785971310.891|[W][perf] iter=54ms (worst path so far: app.tick:330ms)
1785971310.944|[W][perf] iter=54ms (worst path so far: app.tick:330ms)
1785971310.998|[W][perf] iter=54ms (worst path so far: app.tick:330ms)
1785971311.052|[W][perf] iter=54ms (worst path so far: app.tick:330ms)
1785971311.106|[W][perf] iter=54ms (worst path so far: app.tick:330ms)
1785971311.161|[W][perf] iter=54ms (worst path so far: app.tick:330ms)
1785971311.214|[W][perf] iter=54ms (worst path so far: app.tick:330ms)
1785971311.268|[W][perf] iter=54ms (worst path so far: app.tick:330ms)
1785971311.322|[W][perf] iter=54ms (worst path so far: app.tick:330ms)
1785971311.376|[W][perf] iter=54ms (worst path so far: app.tick:330ms)
1785971311.430|[W][perf] iter=54ms (worst path so far: app.tick:330ms)
1785971311.485|[W][perf] iter=54ms (worst path so far: app.tick:330ms)
1785971311.538|[W][perf] iter=54ms (worst path so far: app.tick:330ms)
1785971311.592|[W][perf] iter=54ms (worst path so far: app.tick:330ms)
1785971311.646|[W][perf] iter=54ms (worst path so far: app.tick:330ms)
1785971311.700|[W][perf] iter=54ms (worst path so far: app.tick:330ms)
1785971311.755|[W][perf] iter=54ms (worst path so far: app.tick:330ms)
1785971311.808|[W][perf] iter=54ms (worst path so far: app.tick:330ms)
1785971311.862|[W][perf] iter=54ms (worst path so far: app.tick:330ms)
1785971311.916|[W][perf] iter=54ms (worst path so far: app.tick:330ms)
1785971311.970|[W][perf] iter=54ms (worst path so far: app.tick:330ms)
1785971312.025|[W][perf] iter=54ms (worst path so far: app.tick:330ms)
1785971312.078|[W][perf] iter=54ms (worst path so far: app.tick:330ms)
1785971312.132|[W][perf] iter=54ms (worst path so far: app.tick:330ms)
1785971312.186|[W][perf] iter=54ms (worst path so far: app.tick:330ms)
1785971312.240|[W][perf] iter=54ms (worst path so far: app.tick:330ms)
1785971312.285|[I][webradio] audio_info: Request http://22673.live.streamtheworld.com/WEB15_MP3_SC failed!
1785971312.287|[D][webradio] ICY:
1785971312.296|[W][webradio] stream dead (isRunning=0 for 5021ms, bufStalled for 5021ms) — stop + resume Spotify TLS
1785971312.300|[I][webradio] stall idx=0 — retrying once
1785971312.307|[I][spotify.tls] tls yield — resumed
1785971312.329|[D][chrome] drawVolume pct=100 keyframe=4
1785971312.333|[D][chrome] drawVolume pct=100 keyframe=4
1785971312.358|[W][perf] iter=76ms (worst path so far: wr.pump:5060ms)
1785971312.366|[I][webradio] play idx=0 name=INJECTED url=http://stream.slam.nl/WEB15_MP3
1785971312.809|[I][spotify.tls] tls yield — client stopped
1785971312.814|[membudget] TASK-267 _play pre-acquire lfbInt=42996 freeInt=48228
1785971312.821|[I][webradio] HEAP pre-connect free=48228 min=43348 maxAlloc=42996
1785971312.828|[membudget] CP1-pre-connect skip=0 freeInt=48228 lfbInt=42996 freeDma=5084 lfbDma=1652
1785971312.833|[W][perf] iter=473ms (worst path so far: wr.pump:5060ms)
1785971312.848|[I][webradio] audio_info: buffers freed, free Heap: 48228 bytes
1785971312.857|[I][webradio] audio_info: Connect to new host: "http://stream.slam.nl/WEB15_MP3"
1785971312.890|[D][chrome] drawVolume pct=100 keyframe=4
1785971312.898|[I][webradio] audio_info: Connection has been established in 32 ms, free Heap: 47428 bytes
1785971312.901|[D][chrome] drawVolume pct=100 keyframe=4
1785971312.925|[I][webradio] audio_info: chunked data transfer
1785971312.933|[I][webradio] audio_info: redirect to new host "http://25223.live.streamtheworld.com/WEB15_MP3_SC"
1785971312.951|[W][perf] iter=98ms (worst path so far: wr.pump:5060ms)[I][webradio] audio_info: buffers freed, free Heap: 47856 bytes
1785971312.961|[I][webradio] audio_info: Connect to new host: "http://25223.live.streamtheworld.com/WEB15_MP3_SC"
1785971313.050|[D][chrome] drawVolume pct=100 keyframe=4
1785971313.055|[D][chrome] drawVolume pct=100 keyframe=4
1785971313.079|[W][perf] iter=115ms (worst path so far: wr.pump:5060ms)
1785971313.135|[W][perf] iter=55ms (worst path so far: wr.pump:5060ms)
1785971313.188|[W][perf] iter=54ms (worst path so far: wr.pump:5060ms)
1785971313.241|[W][perf] iter=54ms (worst path so far: wr.pump:5060ms)
1785971313.296|[W][perf] iter=54ms (worst path so far: wr.pump:5060ms)
1785971313.351|[W][perf] iter=54ms (worst path so far: wr.pump:5060ms)
1785971313.405|[W][perf] iter=54ms (worst path so far: wr.pump:5060ms)
1785971313.458|[W][perf] iter=54ms (worst path so far: wr.pump:5060ms)
1785971313.512|[W][perf] iter=54ms (worst path so far: wr.pump:5060ms)
1785971313.566|[W][perf] iter=54ms (worst path so far: wr.pump:5060ms)
1785971313.620|[W][perf] iter=54ms (worst path so far: wr.pump:5060ms)
1785971313.674|[W][perf] iter=54ms (worst path so far: wr.pump:5060ms)
1785971313.728|[W][perf] iter=54ms (worst path so far: wr.pump:5060ms)
1785971313.783|[W][perf] iter=54ms (worst path so far: wr.pump:5060ms)
1785971313.836|[W][perf] iter=54ms (worst path so far: wr.pump:5060ms)
1785971313.890|[W][perf] iter=54ms (worst path so far: wr.pump:5060ms)
1785971313.944|[W][perf] iter=54ms (worst path so far: wr.pump:5060ms)
1785971313.998|[W][perf] iter=54ms (worst path so far: wr.pump:5060ms)
1785971314.053|[W][perf] iter=54ms (worst path so far: wr.pump:5060ms)
1785971314.106|[W][perf] iter=54ms (worst path so far: wr.pump:5060ms)
1785971314.160|[W][perf] iter=54ms (worst path so far: wr.pump:5060ms)
1785971314.214|[W][perf] iter=54ms (worst path so far: wr.pump:5060ms)
1785971314.268|[W][perf] iter=54ms (worst path so far: wr.pump:5060ms)
1785971314.322|[W][perf] iter=54ms (worst path so far: wr.pump:5060ms)
1785971314.376|[W][perf] iter=54ms (worst path so far: wr.pump:5060ms)
1785971314.430|[W][perf] iter=54ms (worst path so far: wr.pump:5060ms)
1785971314.484|[W][perf] iter=54ms (worst path so far: wr.pump:5060ms)
1785971314.538|[W][perf] iter=54ms (worst path so far: wr.pump:5060ms)
1785971314.592|[W][perf] iter=54ms (worst path so far: wr.pump:5060ms)
1785971314.647|[W][perf] iter=55ms (worst path so far: wr.pump:5060ms)
1785971314.701|[W][perf] iter=54ms (worst path so far: wr.pump:5060ms)
1785971314.755|[W][perf] iter=54ms (worst path so far: wr.pump:5060ms)
1785971314.809|[W][perf] iter=54ms (worst path so far: wr.pump:5060ms)
1785971314.864|[W][perf] iter=54ms (worst path so far: wr.pump:5060ms)
1785971314.918|[W][perf] iter=54ms (worst path so far: wr.pump:5060ms)
1785971314.971|[W][perf] iter=54ms (worst path so far: wr.pump:5060ms)
1785971315.025|[W][perf] iter=54ms (worst path so far: wr.pump:5060ms)
1785971315.079|[W][perf] iter=54ms (worst path so far: wr.pump:5060ms)
1785971315.132|[W][perf] iter=54ms (worst path so far: wr.pump:5060ms)
1785971315.187|[W][perf] iter=54ms (worst path so far: wr.pump:5060ms)
1785971315.241|[W][perf] iter=54ms (worst path so far: wr.pump:5060ms)
1785971315.295|[W][perf] iter=54ms (worst path so far: wr.pump:5060ms)
1785971315.349|[W][perf] iter=54ms (worst path so far: wr.pump:5060ms)
1785971315.403|[W][perf] iter=54ms (worst path so far: wr.pump:5060ms)
1785971315.457|[W][perf] iter=54ms (worst path so far: wr.pump:5060ms)
1785971315.511|[W][perf] iter=54ms (worst path so far: wr.pump:5060ms)
1785971315.565|[W][perf] iter=54ms (worst path so far: wr.pump:5060ms)
1785971315.619|[W][perf] iter=54ms (worst path so far: wr.pump:5060ms)
1785971315.673|[W][perf] iter=54ms (worst path so far: wr.pump:5060ms)
1785971315.727|[W][perf] iter=54ms (worst path so far: wr.pump:5060ms)
1785971315.781|[W][perf] iter=54ms (worst path so far: wr.pump:5060ms)
1785971315.835|[W][perf] iter=54ms (worst path so far: wr.pump:5060ms)
1785971315.889|[W][perf] iter=54ms (worst path so far: wr.pump:5060ms)
1785971315.943|[W][perf] iter=54ms (worst path so far: wr.pump:5060ms)
1785971315.997|[W][perf] iter=54ms (worst path so far: wr.pump:5060ms)
1785971316.051|[W][perf] iter=54ms (worst path so far: wr.pump:5060ms)
1785971316.105|[W][perf] iter=54ms (worst path so far: wr.pump:5060ms)
1785971316.159|[W][perf] iter=54ms (worst path so far: wr.pump:5060ms)
1785971316.213|[W][perf] iter=54ms (worst path so far: wr.pump:5060ms)
1785971316.266|[W][perf] iter=54ms (worst path so far: wr.pump:5060ms)
1785971316.321|[W][perf] iter=54ms (worst path so far: wr.pump:5060ms)
1785971316.376|[W][perf] iter=54ms (worst path so far: wr.pump:5060ms)
1785971316.429|[W][perf] iter=54ms (worst path so far: wr.pump:5060ms)
1785971316.483|[W][perf] iter=54ms (worst path so far: wr.pump:5060ms)
1785971316.537|[W][perf] iter=54ms (worst path so far: wr.pump:5060ms)
1785971316.591|[W][perf] iter=54ms (worst path so far: wr.pump:5060ms)
1785971316.645|[W][perf] iter=54ms (worst path so far: wr.pump:5060ms)
1785971316.699|[W][perf] iter=54ms (worst path so far: wr.pump:5060ms)
1785971316.754|[W][perf] iter=54ms (worst path so far: wr.pump:5060ms)
1785971316.807|[W][perf] iter=54ms (worst path so far: wr.pump:5060ms)
1785971316.861|[W][perf] iter=54ms (worst path so far: wr.pump:5060ms)
1785971316.915|[W][perf] iter=54ms (worst path so far: wr.pump:5060ms)
1785971316.969|[W][perf] iter=54ms (worst path so far: wr.pump:5060ms)
1785971317.023|[W][perf] iter=54ms (worst path so far: wr.pump:5060ms)
1785971317.077|[W][perf] iter=54ms (worst path so far: wr.pump:5060ms)
1785971317.131|[W][perf] iter=54ms (worst path so far: wr.pump:5060ms)
1785971317.186|[W][perf] iter=54ms (worst path so far: wr.pump:5060ms)
1785971317.239|[W][perf] iter=54ms (worst path so far: wr.pump:5060ms)
1785971317.293|[W][perf] iter=54ms (worst path so far: wr.pump:5060ms)
1785971317.347|[W][perf] iter=54ms (worst path so far: wr.pump:5060ms)
1785971317.401|[W][perf] iter=54ms (worst path so far: wr.pump:5060ms)
1785971317.455|[W][perf] iter=54ms (worst path so far: wr.pump:5060ms)
1785971317.510|[W][perf] iter=54ms (worst path so far: wr.pump:5060ms)
1785971317.563|[W][perf] iter=54ms (worst path so far: wr.pump:5060ms)
1785971317.617|[W][perf] iter=54ms (worst path so far: wr.pump:5060ms)
1785971317.671|[W][perf] iter=54ms (worst path so far: wr.pump:5060ms)
1785971317.725|[W][perf] iter=54ms (worst path so far: wr.pump:5060ms)
1785971317.779|[W][perf] iter=54ms (worst path so far: wr.pump:5060ms)
1785971317.834|[W][perf] iter=54ms (worst path so far: wr.pump:5060ms)
1785971317.887|[W][perf] iter=54ms (worst path so far: wr.pump:5060ms)
1785971317.941|[W][perf] iter=54ms (worst path so far: wr.pump:5060ms)
1785971317.984|[I][webradio] audio_info: Request http://25223.live.streamtheworld.com/WEB15_MP3_SC failed!
1785971317.986|[D][webradio] ICY:
1785971317.994|[W][webradio] stream dead (isRunning=0 for 5019ms, bufStalled for 5019ms) — stop + resume Spotify TLS
1785971318.000|[W][webradio] auto-skip exhausted — no playable station
1785971318.007|[I][spotify.tls] tls yield — resumed
1785971318.029|[D][chrome] drawVolume pct=100 keyframe=4
1785971318.032|[D][chrome] drawVolume pct=100 keyframe=4
1785971318.059|[W][perf] iter=76ms (worst path so far: wr.pump:5060ms)
1785971318.541|[I][hb] display=winamp wifi=rssi(-54) disc=1 heap=46k maxAlloc=41k stack_hwm=12908b uptime=01:18:35 poll=0/0 last=0 block_max=0ms loop_max=473ms slow=wr.pump:5060ms last_poll_age_ms=0 next_poll_in_ms=5000 last_render_age_ms=490 build=Aug  5 2026-22:49:22
1785971342.364|[I][webradio] terminal retry — re-arming scan idx=0
1785971342.371|[I][webradio] play idx=0 name=INJECTED url=http://stream.slam.nl/WEB15_MP3
1785971342.508|[I][spotify.tls] tls yield — client stopped
1785971342.513|[membudget] TASK-267 _play pre-acquire lfbInt=42996 freeInt=48004
1785971342.519|[I][webradio] HEAP pre-connect free=48004 min=43348 maxAlloc=42996
1785971342.527|[membudget] CP1-pre-connect skip=0 freeInt=48004 lfbInt=42996 freeDma=4860 lfbDma=1652
1785971342.532|[W][perf] iter=169ms (worst path so far: app.tick:167ms)
1785971342.547|[I][webradio] audio_info: buffers freed, free Heap: 48004 bytes
1785971342.555|[I][webradio] audio_info: Connect to new host: "http://stream.slam.nl/WEB15_MP3"
1785971342.585|[D][chrome] drawVolume pct=100 keyframe=4
1785971342.589|[D][chrome] drawVolume pct=100 keyframe=4
1785971342.614|[W][perf] iter=82ms (worst path so far: app.tick:167ms)
1785971343.511|[I][webradio] audio_info: Connection has been established in 950 ms, free Heap: 47012 bytes
1785971343.516|[I][webradio] HEAP play free=45836 min=43348
1785971343.537|[I][webradio] audio_info: chunked data transfer
1785971343.546|[I][webradio] audio_info: redirect to new host "http://22673.live.streamtheworld.com/WEB15_MP3_SC"
1785971343.559|[I][webradio] audio_info: buffers freed, free Heap: 47428 bytes
1785971343.572|[I][webradio] audio_info: Connect to new host: "http://22673.live.streamtheworld.com/WEB15_MP3_SC"
1785971343.575|[D][chrome] drawVolume pct=100 keyframe=4
1785971343.578|[D][chrome] drawVolume pct=100 keyframe=4
1785971343.600|[I][webradio] audio_info: Connection has been established in 25 ms, free Heap: 46932 bytes
1785971343.612|[W][perf] iter=99ms (worst path so far: wr.connect:982ms)
1785971348.519|[W][webradio] stream dead (isRunning=1 for 0ms, bufStalled for 5001ms) — stop + resume Spotify TLS
1785971348.522|[I][webradio] stall idx=0 — retrying once
1785971348.526|[I][spotify.tls] tls yield — resumed
1785971348.558|[D][chrome] drawVolume pct=100 keyframe=4
1785971348.563|[D][chrome] drawVolume pct=100 keyframe=4
1785971348.587|[W][perf] iter=76ms (worst path so far: wr.connect:982ms)
1785971348.609|[I][hb] display=winamp wifi=rssi(-54) disc=1 heap=46k maxAlloc=41k stack_hwm=12908b uptime=01:19:05 poll=0/0 last=0 block_max=0ms loop_max=169ms slow=wr.connect:982ms last_poll_age_ms=0 next_poll_in_ms=5000 last_render_age_ms=29 build=Aug  5 2026-22:49:22
1785971348.617|[I][webradio] play idx=0 name=INJECTED url=http://stream.slam.nl/WEB15_MP3
1785971349.025|[I][spotify.tls] tls yield — client stopped
1785971349.030|[membudget] TASK-267 _play pre-acquire lfbInt=42996 freeInt=47188
1785971349.036|[I][webradio] HEAP pre-connect free=47188 min=43348 maxAlloc=42996
1785971349.045|[membudget] CP1-pre-connect skip=0 freeInt=47188 lfbInt=42996 freeDma=4044 lfbDma=1652
1785971349.049|[W][perf] iter=460ms (worst path so far: app.tick:436ms)
1785971349.068|[I][webradio] audio_info: buffers freed, free Heap: 47408 bytes
1785971349.076|[I][webradio] audio_info: Connect to new host: "http://stream.slam.nl/WEB15_MP3"
1785971349.105|[D][chrome] drawVolume pct=100 keyframe=4
1785971349.109|[D][chrome] drawVolume pct=100 keyframe=4
1785971349.135|[W][perf] iter=86ms (worst path so far: app.tick:436ms)
1785971349.421|[I][webradio] audio_info: Connection has been established in 337 ms, free Heap: 46776 bytes
1785971349.445|[I][webradio] audio_info: chunked data transfer
1785971349.454|[I][webradio] audio_info: redirect to new host "http://25223.live.streamtheworld.com/WEB15_MP3_SC"
1785971349.467|[I][webradio] audio_info: buffers freed, free Heap: 47180 bytes
1785971349.478|[I][webradio] audio_info: Connect to new host: "http://25223.live.streamtheworld.com/WEB15_MP3_SC"
1785971349.485|[D][chrome] drawVolume pct=100 keyframe=4
1785971349.489|[D][chrome] drawVolume pct=100 keyframe=4
1785971349.514|[W][perf] iter=93ms (worst path so far: app.tick:436ms)
1785971349.569|[W][perf] iter=55ms (worst path so far: app.tick:436ms)
1785971349.623|[W][perf] iter=54ms (worst path so far: app.tick:436ms)
1785971349.677|[W][perf] iter=54ms (worst path so far: app.tick:436ms)
1785971349.731|[W][perf] iter=54ms (worst path so far: app.tick:436ms)
1785971349.786|[W][perf] iter=54ms (worst path so far: app.tick:436ms)
1785971349.840|[W][perf] iter=54ms (worst path so far: app.tick:436ms)
1785971349.894|[W][perf] iter=54ms (worst path so far: app.tick:436ms)
1785971349.947|[W][perf] iter=54ms (worst path so far: app.tick:436ms)
1785971350.001|[W][perf] iter=54ms (worst path so far: app.tick:436ms)
1785971350.056|[W][perf] iter=54ms (worst path so far: app.tick:436ms)
1785971350.109|[W][perf] iter=54ms (worst path so far: app.tick:436ms)
1785971350.163|[W][perf] iter=54ms (worst path so far: app.tick:436ms)
1785971350.217|[W][perf] iter=54ms (worst path so far: app.tick:436ms)
1785971350.272|[W][perf] iter=54ms (worst path so far: app.tick:436ms)
1785971350.325|[W][perf] iter=54ms (worst path so far: app.tick:436ms)
1785971350.380|[W][perf] iter=54ms (worst path so far: app.tick:436ms)
1785971350.433|[W][perf] iter=54ms (worst path so far: app.tick:436ms)
1785971350.487|[W][perf] iter=54ms (worst path so far: app.tick:436ms)
1785971350.541|[W][perf] iter=54ms (worst path so far: app.tick:436ms)
1785971350.595|[W][perf] iter=54ms (worst path so far: app.tick:436ms)
1785971350.650|[W][perf] iter=54ms (worst path so far: app.tick:436ms)
1785971350.703|[W][perf] iter=54ms (worst path so far: app.tick:436ms)
1785971350.757|[W][perf] iter=54ms (worst path so far: app.tick:436ms)
1785971350.812|[W][perf] iter=54ms (worst path so far: app.tick:436ms)
1785971350.865|[W][perf] iter=54ms (worst path so far: app.tick:436ms)
1785971350.920|[W][perf] iter=54ms (worst path so far: app.tick:436ms)
1785971350.973|[W][perf] iter=54ms (worst path so far: app.tick:436ms)
1785971351.028|[W][perf] iter=54ms (worst path so far: app.tick:436ms)
1785971351.083|[W][perf] iter=55ms (worst path so far: app.tick:436ms)
1785971351.136|[W][perf] iter=54ms (worst path so far: app.tick:436ms)
1785971351.191|[W][perf] iter=54ms (worst path so far: app.tick:436ms)
1785971351.244|[W][perf] iter=54ms (worst path so far: app.tick:436ms)
1785971351.298|[W][perf] iter=54ms (worst path so far: app.tick:436ms)
1785971351.352|[W][perf] iter=54ms (worst path so far: app.tick:436ms)
1785971351.406|[W][perf] iter=54ms (worst path so far: app.tick:436ms)
1785971351.460|[W][perf] iter=54ms (worst path so far: app.tick:436ms)
1785971351.514|[W][perf] iter=54ms (worst path so far: app.tick:436ms)
1785971351.569|[W][perf] iter=54ms (worst path so far: app.tick:436ms)
1785971351.622|[W][perf] iter=54ms (worst path so far: app.tick:436ms)
1785971351.677|[W][perf] iter=54ms (worst path so far: app.tick:436ms)
1785971351.730|[W][perf] iter=54ms (worst path so far: app.tick:436ms)
1785971351.785|[W][perf] iter=54ms (worst path so far: app.tick:436ms)
1785971351.838|[W][perf] iter=54ms (worst path so far: app.tick:436ms)
1785971351.893|[W][perf] iter=54ms (worst path so far: app.tick:436ms)
1785971351.946|[W][perf] iter=54ms (worst path so far: app.tick:436ms)
1785971352.001|[W][perf] iter=54ms (worst path so far: app.tick:436ms)
1785971352.054|[W][perf] iter=54ms (worst path so far: app.tick:436ms)
1785971352.108|[W][perf] iter=54ms (worst path so far: app.tick:436ms)
1785971352.162|[W][perf] iter=54ms (worst path so far: app.tick:436ms)
1785971352.217|[W][perf] iter=54ms (worst path so far: app.tick:436ms)
1785971352.271|[W][perf] iter=54ms (worst path so far: app.tick:436ms)
1785971352.324|[W][perf] iter=54ms (worst path so far: app.tick:436ms)
1785971352.378|[W][perf] iter=54ms (worst path so far: app.tick:436ms)
1785971352.432|[W][perf] iter=54ms (worst path so far: app.tick:436ms)
1785971352.487|[W][perf] iter=54ms (worst path so far: app.tick:436ms)
1785971352.540|[W][perf] iter=54ms (worst path so far: app.tick:436ms)
1785971352.594|[W][perf] iter=54ms (worst path so far: app.tick:436ms)
1785971352.648|[W][perf] iter=54ms (worst path so far: app.tick:436ms)
1785971352.703|[W][perf] iter=54ms (worst path so far: app.tick:436ms)
1785971352.756|[W][perf] iter=54ms (worst path so far: app.tick:436ms)
1785971352.810|[W][perf] iter=54ms (worst path so far: app.tick:436ms)
1785971352.864|[W][perf] iter=54ms (worst path so far: app.tick:436ms)
1785971352.919|[W][perf] iter=54ms (worst path so far: app.tick:436ms)
1785971352.973|[W][perf] iter=54ms (worst path so far: app.tick:436ms)
1785971353.026|[W][perf] iter=54ms (worst path so far: app.tick:436ms)
1785971353.080|[W][perf] iter=54ms (worst path so far: app.tick:436ms)
1785971353.135|[W][perf] iter=54ms (worst path so far: app.tick:436ms)
1785971353.189|[W][perf] iter=54ms (worst path so far: app.tick:436ms)
1785971353.243|[W][perf] iter=54ms (worst path so far: app.tick:436ms)
1785971353.296|[W][perf] iter=54ms (worst path so far: app.tick:436ms)
1785971353.351|[W][perf] iter=54ms (worst path so far: app.tick:436ms)
1785971353.404|[W][perf] iter=54ms (worst path so far: app.tick:436ms)
1785971353.458|[W][perf] iter=54ms (worst path so far: app.tick:436ms)
1785971353.512|[W][perf] iter=54ms (worst path so far: app.tick:436ms)
1785971353.566|[W][perf] iter=54ms (worst path so far: app.tick:436ms)
1785971353.620|[W][perf] iter=54ms (worst path so far: app.tick:436ms)
1785971353.674|[W][perf] iter=54ms (worst path so far: app.tick:436ms)
1785971353.729|[W][perf] iter=54ms (worst path so far: app.tick:436ms)
1785971353.782|[W][perf] iter=54ms (worst path so far: app.tick:436ms)
1785971353.836|[W][perf] iter=54ms (worst path so far: app.tick:436ms)
1785971353.890|[W][perf] iter=54ms (worst path so far: app.tick:436ms)
1785971353.944|[W][perf] iter=54ms (worst path so far: app.tick:436ms)
1785971353.998|[W][perf] iter=54ms (worst path so far: app.tick:436ms)
1785971354.052|[W][perf] iter=54ms (worst path so far: app.tick:436ms)
1785971354.106|[W][perf] iter=54ms (worst path so far: app.tick:436ms)
1785971354.160|[W][perf] iter=54ms (worst path so far: app.tick:436ms)
1785971354.214|[W][perf] iter=54ms (worst path so far: app.tick:436ms)
1785971354.268|[W][perf] iter=54ms (worst path so far: app.tick:436ms)
1785971354.322|[W][perf] iter=54ms (worst path so far: app.tick:436ms)
1785971354.376|[W][perf] iter=54ms (worst path so far: app.tick:436ms)
1785971354.430|[W][perf] iter=54ms (worst path so far: app.tick:436ms)
1785971354.489|[W][webradio] stream dead (isRunning=1 for 0ms, bufStalled for 5012ms) — stop + resume Spotify TLS
1785971354.497|[I][webradio] audio_info: Request http://25223.live.streamtheworld.com/WEB15_MP3_SC failed!
1785971354.500|[W][webradio] auto-skip exhausted — no playable station
1785971354.504|[I][spotify.tls] tls yield — resumed
1785971354.530|[D][chrome] drawVolume pct=100 keyframe=4
1785971354.534|[D][chrome] drawVolume pct=100 keyframe=4
1785971354.559|[W][perf] iter=129ms (worst path so far: wr.pump:5054ms)
1785971354.562|[D][webradio] ICY:
1785971378.607|[I][hb] display=winamp wifi=rssi(-54) disc=1 heap=46k maxAlloc=41k stack_hwm=12908b uptime=01:19:35 poll=0/0 last=0 block_max=0ms loop_max=460ms slow=wr.pump:5054ms last_poll_age_ms=0 next_poll_in_ms=5000 last_render_age_ms=24058 build=Aug  5 2026-22:49:2
1785971378.615|[I][webradio] terminal retry — re-arming scan idx=0
1785971378.622|[I][webradio] play idx=0 name=INJECTED url=http://stream.slam.nl/WEB15_MP3
1785971379.005|[I][spotify.tls] tls yield — client stopped
1785971379.011|[membudget] TASK-267 _play pre-acquire lfbInt=42996 freeInt=47556
1785971379.017|[I][webradio] HEAP pre-connect free=47556 min=43348 maxAlloc=42996
1785971379.025|[membudget] CP1-pre-connect skip=0 freeInt=47556 lfbInt=42996 freeDma=4412 lfbDma=1652
1785971379.030|[W][perf] iter=415ms (worst path so far: app.tick:413ms)
1785971379.044|[I][webradio] audio_info: buffers freed, free Heap: 47556 bytes
1785971379.054|[I][webradio] audio_info: Connect to new host: "http://stream.slam.nl/WEB15_MP3"
1785971379.083|[D][chrome] drawVolume pct=100 keyframe=4
1785971379.087|[D][chrome] drawVolume pct=100 keyframe=4
1785971379.112|[W][perf] iter=83ms (worst path so far: app.tick:413ms)
1785971384.066|[I][webradio] audio_info: Request http://stream.slam.nl/WEB15_MP3 failed!
1785971384.069|[W][webradio] connecttohost failed idx=0
1785971384.074|[W][webradio] auto-skip exhausted — no playable station
1785971384.076|[I][spotify.tls] tls yield — resumed
1785971384.079|[D][webradio] ICY:
1785971384.112|[D][chrome] drawVolume pct=100 keyframe=4
1785971384.116|[D][chrome] drawVolume pct=100 keyframe=4
1785971384.141|[W][perf] iter=77ms (worst path so far: wr.connect:5035ms)
1785971408.607|[I][hb] display=winamp wifi=rssi(-54) disc=1 heap=46k maxAlloc=41k stack_hwm=12908b uptime=01:20:05 poll=0/0 last=0 block_max=0ms loop_max=415ms slow=wr.connect:5035ms last_poll_age_ms=0 next_poll_in_ms=5000 last_render_age_ms=24475 build=Aug  5 2026-22:4
1785971408.614|[I][webradio] terminal retry — re-arming scan idx=0
1785971408.622|[I][webradio] play idx=0 name=INJECTED url=http://stream.slam.nl/WEB15_MP3
1785971409.075|[I][spotify.tls] tls yield — client stopped
1785971409.079|[membudget] TASK-267 _play pre-acquire lfbInt=42996 freeInt=47556
1785971409.085|[I][webradio] HEAP pre-connect free=47556 min=43348 maxAlloc=42996
1785971409.093|[membudget] CP1-pre-connect skip=0 freeInt=47556 lfbInt=42996 freeDma=4412 lfbDma=1652
1785971409.098|[W][perf] iter=484ms (worst path so far: app.tick:482ms)
1785971409.112|[I][webradio] audio_info: buffers freed, free Heap: 47556 bytes
1785971409.121|[I][webradio] audio_info: Connect to new host: "http://stream.slam.nl/WEB15_MP3"
1785971409.152|[D][chrome] drawVolume pct=100 keyframe=4
1785971409.156|[D][chrome] drawVolume pct=100 keyframe=4
1785971409.181|[W][perf] iter=83ms (worst path so far: app.tick:482ms)
1785971409.459|[I][webradio] audio_info: Connection has been established in 333 ms, free Heap: 46768 bytes
1785971409.464|[I][webradio] HEAP play free=45388 min=43348
1785971409.486|[I][webradio] audio_info: chunked data transfer
1785971409.495|[I][webradio] audio_info: redirect to new host "http://25223.live.streamtheworld.com/WEB15_MP3_SC"
1785971409.508|[I][webradio] audio_info: buffers freed, free Heap: 47184 bytes
1785971409.520|[I][webradio] audio_info: Connect to new host: "http://25223.live.streamtheworld.com/WEB15_MP3_SC"
1785971409.523|[D][chrome] drawVolume pct=100 keyframe=4
1785971409.527|[D][chrome] drawVolume pct=100 keyframe=4
1785971409.554|[W][perf] iter=93ms (worst path so far: app.tick:482ms)
1785971409.608|[W][perf] iter=55ms (worst path so far: app.tick:482ms)
1785971409.662|[W][perf] iter=54ms (worst path so far: app.tick:482ms)
1785971409.716|[W][perf] iter=54ms (worst path so far: app.tick:482ms)
1785971409.770|[W][perf] iter=54ms (worst path so far: app.tick:482ms)
1785971409.824|[W][perf] iter=54ms (worst path so far: app.tick:482ms)
1785971409.878|[W][perf] iter=54ms (worst path so far: app.tick:482ms)
1785971409.932|[W][perf] iter=54ms (worst path so far: app.tick:482ms)
1785971409.986|[W][perf] iter=54ms (worst path so far: app.tick:482ms)
1785971410.040|[W][perf] iter=54ms (worst path so far: app.tick:482ms)
1785971410.094|[W][perf] iter=54ms (worst path so far: app.tick:482ms)
1785971410.148|[W][perf] iter=54ms (worst path so far: app.tick:482ms)
1785971410.203|[W][perf] iter=54ms (worst path so far: app.tick:482ms)
1785971410.256|[W][perf] iter=54ms (worst path so far: app.tick:482ms)
1785971410.311|[W][perf] iter=54ms (worst path so far: app.tick:482ms)
1785971410.364|[W][perf] iter=54ms (worst path so far: app.tick:482ms)
1785971410.418|[W][perf] iter=54ms (worst path so far: app.tick:482ms)
1785971410.472|[W][perf] iter=54ms (worst path so far: app.tick:482ms)
1785971410.526|[W][perf] iter=54ms (worst path so far: app.tick:482ms)
1785971410.580|[W][perf] iter=54ms (worst path so far: app.tick:482ms)
1785971410.634|[W][perf] iter=54ms (worst path so far: app.tick:482ms)
1785971410.688|[W][perf] iter=54ms (worst path so far: app.tick:482ms)
1785971410.743|[W][perf] iter=54ms (worst path so far: app.tick:482ms)
1785971410.796|[W][perf] iter=54ms (worst path so far: app.tick:482ms)
1785971410.851|[W][perf] iter=54ms (worst path so far: app.tick:482ms)
1785971410.905|[W][perf] iter=54ms (worst path so far: app.tick:482ms)
1785971410.959|[W][perf] iter=54ms (worst path so far: app.tick:482ms)
1785971411.012|[W][perf] iter=54ms (worst path so far: app.tick:482ms)
1785971411.066|[W][perf] iter=54ms (worst path so far: app.tick:482ms)
1785971411.121|[W][perf] iter=55ms (worst path so far: app.tick:482ms)
1785971411.176|[W][perf] iter=54ms (worst path so far: app.tick:482ms)
1785971411.229|[W][perf] iter=54ms (worst path so far: app.tick:482ms)
1785971411.283|[W][perf] iter=54ms (worst path so far: app.tick:482ms)
1785971411.337|[W][perf] iter=54ms (worst path so far: app.tick:482ms)
1785971411.391|[W][perf] iter=54ms (worst path so far: app.tick:482ms)
1785971411.446|[W][perf] iter=54ms (worst path so far: app.tick:482ms)
1785971411.499|[W][perf] iter=54ms (worst path so far: app.tick:482ms)
1785971411.553|[W][perf] iter=54ms (worst path so far: app.tick:482ms)
1785971411.608|[W][perf] iter=54ms (worst path so far: app.tick:482ms)
1785971411.661|[W][perf] iter=54ms (worst path so far: app.tick:482ms)
1785971411.715|[W][perf] iter=54ms (worst path so far: app.tick:482ms)
1785971411.769|[W][perf] iter=54ms (worst path so far: app.tick:482ms)
1785971411.824|[W][perf] iter=54ms (worst path so far: app.tick:482ms)
1785971411.878|[W][perf] iter=54ms (worst path so far: app.tick:482ms)
1785971411.931|[W][perf] iter=54ms (worst path so far: app.tick:482ms)
1785971411.985|[W][perf] iter=54ms (worst path so far: app.tick:482ms)
1785971412.041|[W][perf] iter=54ms (worst path so far: app.tick:482ms)
1785971412.093|[W][perf] iter=54ms (worst path so far: app.tick:482ms)
1785971412.148|[W][perf] iter=54ms (worst path so far: app.tick:482ms)
1785971412.201|[W][perf] iter=54ms (worst path so far: app.tick:482ms)
1785971412.255|[W][perf] iter=54ms (worst path so far: app.tick:482ms)
1785971412.310|[W][perf] iter=54ms (worst path so far: app.tick:482ms)
1785971412.363|[W][perf] iter=54ms (worst path so far: app.tick:482ms)
1785971412.417|[W][perf] iter=54ms (worst path so far: app.tick:482ms)
1785971412.471|[W][perf] iter=54ms (worst path so far: app.tick:482ms)
1785971412.525|[W][perf] iter=54ms (worst path so far: app.tick:482ms)
1785971412.579|[W][perf] iter=54ms (worst path so far: app.tick:482ms)
1785971412.634|[W][perf] iter=54ms (worst path so far: app.tick:482ms)
1785971412.688|[W][perf] iter=54ms (worst path so far: app.tick:482ms)
1785971412.741|[W][perf] iter=54ms (worst path so far: app.tick:482ms)
1785971412.795|[W][perf] iter=54ms (worst path so far: app.tick:482ms)
1785971412.850|[W][perf] iter=54ms (worst path so far: app.tick:482ms)
1785971412.903|[W][perf] iter=54ms (worst path so far: app.tick:482ms)
1785971412.957|[W][perf] iter=54ms (worst path so far: app.tick:482ms)
1785971413.011|[W][perf] iter=54ms (worst path so far: app.tick:482ms)
1785971413.066|[W][perf] iter=54ms (worst path so far: app.tick:482ms)
1785971413.119|[W][perf] iter=54ms (worst path so far: app.tick:482ms)
1785971413.173|[W][perf] iter=54ms (worst path so far: app.tick:482ms)
1785971413.227|[W][perf] iter=54ms (worst path so far: app.tick:482ms)
1785971413.281|[W][perf] iter=54ms (worst path so far: app.tick:482ms)
1785971413.336|[W][perf] iter=54ms (worst path so far: app.tick:482ms)
1785971413.389|[W][perf] iter=54ms (worst path so far: app.tick:482ms)
1785971413.443|[W][perf] iter=54ms (worst path so far: app.tick:482ms)
1785971413.497|[W][perf] iter=54ms (worst path so far: app.tick:482ms)
1785971413.552|[W][perf] iter=54ms (worst path so far: app.tick:482ms)
1785971413.605|[W][perf] iter=54ms (worst path so far: app.tick:482ms)
1785971413.659|[W][perf] iter=54ms (worst path so far: app.tick:482ms)
1785971413.713|[W][perf] iter=54ms (worst path so far: app.tick:482ms)
1785971413.768|[W][perf] iter=54ms (worst path so far: app.tick:482ms)
1785971413.822|[W][perf] iter=54ms (worst path so far: app.tick:482ms)
1785971413.875|[W][perf] iter=54ms (worst path so far: app.tick:482ms)
1785971413.930|[W][perf] iter=54ms (worst path so far: app.tick:482ms)
1785971413.983|[W][perf] iter=54ms (worst path so far: app.tick:482ms)
1785971414.038|[W][perf] iter=54ms (worst path so far: app.tick:482ms)
1785971414.092|[W][perf] iter=54ms (worst path so far: app.tick:482ms)
1785971414.145|[W][perf] iter=54ms (worst path so far: app.tick:482ms)
1785971414.200|[W][perf] iter=54ms (worst path so far: app.tick:482ms)
1785971414.253|[W][perf] iter=54ms (worst path so far: app.tick:482ms)
1785971414.307|[W][perf] iter=54ms (worst path so far: app.tick:482ms)
1785971414.361|[W][perf] iter=54ms (worst path so far: app.tick:482ms)
1785971414.416|[W][perf] iter=54ms (worst path so far: app.tick:482ms)
1785971414.469|[W][perf] iter=54ms (worst path so far: app.tick:482ms)
1785971414.528|[W][webradio] stream dead (isRunning=1 for 0ms, bufStalled for 5010ms) — stop + resume Spotify TLS
1785971414.536|[I][webradio] audio_info: Request http://25223.live.streamtheworld.com/WEB15_MP3_SC failed!
1785971414.539|[I][webradio] stall idx=0 — retrying once
1785971414.545|[I][spotify.tls] tls yield — resumed
1785971414.571|[D][chrome] drawVolume pct=100 keyframe=4
1785971414.575|[D][chrome] drawVolume pct=100 keyframe=4
1785971414.599|[W][perf] iter=131ms (worst path so far: wr.pump:5054ms)
1785971414.607|[I][webradio] play idx=0 name=INJECTED url=http://stream.slam.nl/WEB15_MP3
1785971415.046|[I][spotify.tls] tls yield — client stopped
1785971415.052|[membudget] TASK-267 _play pre-acquire lfbInt=42996 freeInt=47184
1785971415.058|[I][webradio] HEAP pre-connect free=47184 min=43348 maxAlloc=42996
1785971415.066|[membudget] CP1-pre-connect skip=0 freeInt=47184 lfbInt=42996 freeDma=4040 lfbDma=1396
1785971415.070|[W][perf] iter=468ms (worst path so far: wr.pump:5054ms)
1785971415.085|[I][webradio] audio_info: buffers freed, free Heap: 47184 bytes
1785971415.093|[I][webradio] audio_info: Connect to new host: "http://stream.slam.nl/WEB15_MP3"
1785971415.095|[D][webradio] ICY:
1785971415.136|[I][webradio] audio_info: Connection has been established in 36 ms, free Heap: 46336 bytes
1785971415.142|[D][chrome] drawVolume pct=100 keyframe=4
1785971415.145|[D][chrome] drawVolume pct=100 keyframe=4
1785971415.167|[W][perf] iter=97ms (worst path so far: wr.pump:5054ms)
1785971423.698|[D][chrome] drawVolume pct=100 keyframe=4
1785971423.702|[D][chrome] drawVolume pct=100 keyframe=4
1785971423.728|[W][perf] iter=64ms (worst path so far: wr.connect:8593ms)
1785971424.090|{"ok":true,"cmd":"get","var":"wrState","state":2,"last":true}
1785971424.102|{"ok":true,"cmd":"get","var":"wrIdx","idx":0,"last":true}
1785971428.668|[W][webradio] stream dead (isRunning=1 for 0ms, bufStalled for 5000ms) — stop + resume Spotify TLS
1785971428.671|[W][webradio] auto-skip exhausted — no playable station
1785971428.676|[I][spotify.tls] tls yield — resumed
1785971428.707|[D][chrome] drawVolume pct=100 keyframe=4
1785971428.711|[D][chrome] drawVolume pct=100 keyframe=4
1785971428.738|[W][perf] iter=74ms (worst path so far: wr.connect:8593ms)
1785971438.606|[I][hb] display=winamp wifi=rssi(-54) disc=1 heap=46k maxAlloc=41k stack_hwm=12908b uptime=01:20:35 poll=0/0 last=0 block_max=0ms loop_max=484ms slow=wr.connect:8593ms last_poll_age_ms=0 next_poll_in_ms=5000 last_render_age_ms=9879 build=Aug  5 2026-22:49
1785971444.603|[I][webradio] terminal retry — re-arming scan idx=0
1785971444.611|[I][webradio] play idx=0 name=INJECTED url=http://stream.slam.nl/WEB15_MP3
1785971444.675|[I][spotify.tls] tls yield — client stopped
1785971444.681|[membudget] TASK-267 _play pre-acquire lfbInt=42996 freeInt=47188
1785971444.687|[I][webradio] HEAP pre-connect free=47188 min=43348 maxAlloc=42996
1785971444.695|[membudget] CP1-pre-connect skip=0 freeInt=47188 lfbInt=42996 freeDma=4044 lfbDma=1588
1785971444.700|[W][perf] iter=95ms (worst path so far: app.tick:94ms)
1785971444.721|[I][webradio] audio_info: buffers freed, free Heap: 47384 bytes
1785971444.729|[I][webradio] audio_info: Connect to new host: "http://stream.slam.nl/WEB15_MP3"
1785971444.755|[D][chrome] drawVolume pct=100 keyframe=4
1785971444.759|[D][chrome] drawVolume pct=100 keyframe=4
1785971444.784|[W][perf] iter=85ms (worst path so far: app.tick:94ms)
1785971449.740|[I][webradio] audio_info: Request http://stream.slam.nl/WEB15_MP3 failed!
1785971449.741|[D][webradio] ICY:
1785971449.746|[W][webradio] connecttohost failed idx=0
1785971449.751|[W][webradio] auto-skip exhausted — no playable station
1785971449.754|[I][spotify.tls] tls yield — resumed
1785971449.785|[D][chrome] drawVolume pct=100 keyframe=4
1785971449.790|[D][chrome] drawVolume pct=100 keyframe=4
1785971449.815|[W][perf] iter=75ms (worst path so far: wr.connect:5038ms)
1785971468.605|[I][hb] display=winamp wifi=rssi(-54) disc=1 heap=46k maxAlloc=41k stack_hwm=12908b uptime=01:21:05 poll=0/0 last=0 block_max=0ms loop_max=95ms slow=wr.connect:5038ms last_poll_age_ms=0 next_poll_in_ms=5000 last_render_age_ms=18801 build=Aug  5 2026-22:49
1785971474.603|[I][webradio] terminal retry — re-arming scan idx=0
1785971474.610|[I][webradio] play idx=0 name=INJECTED url=http://stream.slam.nl/WEB15_MP3
1785971474.751|[I][spotify.tls] tls yield — client stopped
1785971474.756|[membudget] TASK-267 _play pre-acquire lfbInt=42996 freeInt=47832
1785971474.762|[I][webradio] HEAP pre-connect free=47832 min=43348 maxAlloc=42996
1785971474.770|[membudget] CP1-pre-connect skip=0 freeInt=47832 lfbInt=42996 freeDma=4688 lfbDma=1652
1785971474.775|[W][perf] iter=171ms (worst path so far: app.tick:170ms)
1785971474.789|[I][webradio] audio_info: buffers freed, free Heap: 47832 bytes
1785971474.798|[I][webradio] audio_info: Connect to new host: "http://stream.slam.nl/WEB15_MP3"
1785971474.828|[D][chrome] drawVolume pct=100 keyframe=4
1785971474.831|[D][chrome] drawVolume pct=100 keyframe=4
1785971474.857|[W][perf] iter=81ms (worst path so far: app.tick:170ms)
1785971481.345|[I][webradio] audio_info: Request http://stream.slam.nl/WEB15_MP3 failed!
1785971481.347|[W][webradio] connecttohost failed idx=0
1785971481.352|[W][webradio] auto-skip exhausted — no playable station
1785971481.355|[D][webradio] ICY:
1785971481.358|[I][spotify.tls] tls yield — resumed
1785971481.390|[D][chrome] drawVolume pct=100 keyframe=4
1785971481.394|[D][chrome] drawVolume pct=100 keyframe=4
1785971481.420|[W][perf] iter=76ms (worst path so far: wr.connect:6569ms)
1785971498.605|[I][hb] display=winamp wifi=rssi(-53) disc=1 heap=46k maxAlloc=41k stack_hwm=12908b uptime=01:21:35 poll=0/0 last=0 block_max=0ms loop_max=171ms slow=wr.connect:6569ms last_poll_age_ms=0 next_poll_in_ms=5000 last_render_age_ms=17196 build=Aug  5 2026-22:4
1785971504.602|[I][webradio] terminal retry — re-arming scan idx=0
1785971504.610|[I][webradio] play idx=0 name=INJECTED url=http://stream.slam.nl/WEB15_MP3
1785971504.856|[I][spotify.tls] tls yield — client stopped
1785971504.862|[membudget] TASK-267 _play pre-acquire lfbInt=42996 freeInt=47856
1785971504.867|[I][webradio] HEAP pre-connect free=47856 min=43348 maxAlloc=42996
1785971504.875|[membudget] CP1-pre-connect skip=0 freeInt=47856 lfbInt=42996 freeDma=4712 lfbDma=1652
1785971504.880|[W][perf] iter=277ms (worst path so far: app.tick:276ms)
1785971504.895|[I][webradio] audio_info: buffers freed, free Heap: 47856 bytes
1785971504.904|[I][webradio] audio_info: Connect to new host: "http://stream.slam.nl/WEB15_MP3"
1785971504.934|[D][chrome] drawVolume pct=100 keyframe=4
1785971504.938|[D][chrome] drawVolume pct=100 keyframe=4
1785971504.963|[W][perf] iter=82ms (worst path so far: app.tick:276ms)
1785971511.344|[I][webradio] audio_info: Request http://stream.slam.nl/WEB15_MP3 failed!
1785971511.346|[W][webradio] connecttohost failed idx=0
1785971511.352|[W][webradio] auto-skip exhausted — no playable station
1785971511.354|[D][webradio] ICY:
1785971511.361|[I][spotify.tls] tls yield — resumed
1785971511.389|[D][chrome] drawVolume pct=100 keyframe=4
1785971511.394|[D][chrome] drawVolume pct=100 keyframe=4
1785971511.418|[W][perf] iter=75ms (worst path so far: wr.connect:6463ms)
1785971528.605|[I][hb] display=winamp wifi=rssi(-55) disc=1 heap=46k maxAlloc=41k stack_hwm=12908b uptime=01:22:05 poll=0/0 last=0 block_max=0ms loop_max=277ms slow=wr.connect:6463ms last_poll_age_ms=0 next_poll_in_ms=5000 last_render_age_ms=17196 build=Aug  5 2026-22:4
1785971534.602|[I][webradio] terminal retry — re-arming scan idx=0
1785971534.609|[I][webradio] play idx=0 name=INJECTED url=http://stream.slam.nl/WEB15_MP3
1785971534.862|[I][spotify.tls] tls yield — client stopped
1785971534.867|[membudget] TASK-267 _play pre-acquire lfbInt=42996 freeInt=48080
1785971534.873|[I][webradio] HEAP pre-connect free=48080 min=43348 maxAlloc=42996
1785971534.881|[membudget] CP1-pre-connect skip=0 freeInt=48080 lfbInt=42996 freeDma=4936 lfbDma=1652
1785971534.887|[W][perf] iter=283ms (worst path so far: app.tick:282ms)
1785971534.901|[I][webradio] audio_info: buffers freed, free Heap: 48080 bytes
1785971534.910|[I][webradio] audio_info: Connect to new host: "http://stream.slam.nl/WEB15_MP3"
1785971534.940|[D][chrome] drawVolume pct=100 keyframe=4
1785971534.943|[D][chrome] drawVolume pct=100 keyframe=4
1785971534.969|[W][perf] iter=83ms (worst path so far: app.tick:282ms)
1785971541.343|[I][webradio] audio_info: Request http://stream.slam.nl/WEB15_MP3 failed!
1785971541.346|[W][webradio] connecttohost failed idx=0
1785971541.352|[W][webradio] auto-skip exhausted — no playable station
1785971541.354|[I][spotify.tls] tls yield — resumed
1785971541.357|[D][webradio] ICY:
1785971541.388|[D][chrome] drawVolume pct=100 keyframe=4
1785971541.393|[D][chrome] drawVolume pct=100 keyframe=4
1785971541.417|[W][perf] iter=75ms (worst path so far: wr.connect:6457ms)
1785971558.604|[I][hb] display=winamp wifi=rssi(-54) disc=1 heap=46k maxAlloc=41k stack_hwm=12908b uptime=01:22:35 poll=0/0 last=0 block_max=0ms loop_max=283ms slow=wr.connect:6457ms last_poll_age_ms=0 next_poll_in_ms=5000 last_render_age_ms=17196 build=Aug  5 2026-22:4
1785971564.601|[I][webradio] terminal retry — re-arming scan idx=0
1785971564.609|[I][webradio] play idx=0 name=INJECTED url=http://stream.slam.nl/WEB15_MP3
1785971564.853|[I][spotify.tls] tls yield — client stopped
1785971564.859|[membudget] TASK-267 _play pre-acquire lfbInt=42996 freeInt=48080
1785971564.864|[I][webradio] HEAP pre-connect free=48080 min=43348 maxAlloc=42996
1785971564.873|[membudget] CP1-pre-connect skip=0 freeInt=48080 lfbInt=42996 freeDma=4936 lfbDma=1652
1785971564.877|[W][perf] iter=275ms (worst path so far: app.tick:274ms)
1785971564.892|[I][webradio] audio_info: buffers freed, free Heap: 48080 bytes
1785971564.901|[I][webradio] audio_info: Connect to new host: "http://stream.slam.nl/WEB15_MP3"
1785971564.931|[D][chrome] drawVolume pct=100 keyframe=4
1785971564.935|[D][chrome] drawVolume pct=100 keyframe=4
1785971564.960|[W][perf] iter=82ms (worst path so far: app.tick:274ms)
1785971571.342|[I][webradio] audio_info: Request http://stream.slam.nl/WEB15_MP3 failed!
1785971571.345|[W][webradio] connecttohost failed idx=0
1785971571.351|[W][webradio] auto-skip exhausted — no playable station
1785971571.355|[D][webradio] ICY:
1785971571.358|[I][spotify.tls] tls yield — resumed
1785971571.388|[D][chrome] drawVolume pct=100 keyframe=4
1785971571.392|[D][chrome] drawVolume pct=100 keyframe=4
1785971571.417|[W][perf] iter=75ms (worst path so far: wr.connect:6465ms)
1785971588.603|[I][hb] display=winamp wifi=rssi(-54) disc=1 heap=46k maxAlloc=41k stack_hwm=12908b uptime=01:23:05 poll=0/0 last=0 block_max=0ms loop_max=275ms slow=wr.connect:6465ms last_poll_age_ms=0 next_poll_in_ms=5000 last_render_age_ms=17196 build=Aug  5 2026-22:4
1785971594.601|[I][webradio] terminal retry — re-arming scan idx=0
1785971594.608|[I][webradio] play idx=0 name=INJECTED url=http://stream.slam.nl/WEB15_MP3
1785971594.859|[I][spotify.tls] tls yield — client stopped
1785971594.864|[membudget] TASK-267 _play pre-acquire lfbInt=42996 freeInt=48080
1785971594.870|[I][webradio] HEAP pre-connect free=48080 min=43348 maxAlloc=42996
1785971594.878|[membudget] CP1-pre-connect skip=0 freeInt=48080 lfbInt=42996 freeDma=4936 lfbDma=1652
1785971594.883|[W][perf] iter=281ms (worst path so far: app.tick:280ms)
1785971594.897|[I][webradio] audio_info: buffers freed, free Heap: 48080 bytes
1785971594.906|[I][webradio] audio_info: Connect to new host: "http://stream.slam.nl/WEB15_MP3"
1785971594.936|[D][chrome] drawVolume pct=100 keyframe=4
1785971594.940|[D][chrome] drawVolume pct=100 keyframe=4
1785971594.966|[W][perf] iter=82ms (worst path so far: app.tick:280ms)
1785971601.342|[I][webradio] audio_info: Request http://stream.slam.nl/WEB15_MP3 failed!
1785971601.345|[W][webradio] connecttohost failed idx=0
1785971601.351|[W][webradio] auto-skip exhausted — no playable station
1785971601.353|[I][spotify.tls] tls yield — resumed
1785971601.356|[D][webradio] ICY:
1785971601.387|[D][chrome] drawVolume pct=100 keyframe=4
1785971601.391|[D][chrome] drawVolume pct=100 keyframe=4
1785971601.415|[W][perf] iter=75ms (worst path so far: wr.connect:6459ms)
1785971618.603|[I][hb] display=winamp wifi=rssi(-53) disc=1 heap=46k maxAlloc=41k stack_hwm=12908b uptime=01:23:35 poll=0/0 last=0 block_max=0ms loop_max=281ms slow=wr.connect:6459ms last_poll_age_ms=0 next_poll_in_ms=5000 last_render_age_ms=17196 build=Aug  5 2026-22:4
1785971624.600|[I][webradio] terminal retry — re-arming scan idx=0
1785971624.608|[I][webradio] play idx=0 name=INJECTED url=http://stream.slam.nl/WEB15_MP3
1785971624.852|[I][spotify.tls] tls yield — client stopped
1785971624.858|[membudget] TASK-267 _play pre-acquire lfbInt=42996 freeInt=48112
1785971624.863|[I][webradio] HEAP pre-connect free=48112 min=43348 maxAlloc=42996
1785971624.872|[membudget] CP1-pre-connect skip=0 freeInt=48112 lfbInt=42996 freeDma=4968 lfbDma=1652
1785971624.876|[W][perf] iter=275ms (worst path so far: app.tick:274ms)
1785971624.891|[I][webradio] audio_info: buffers freed, free Heap: 48112 bytes
1785971624.900|[I][webradio] audio_info: Connect to new host: "http://stream.slam.nl/WEB15_MP3"
1785971624.930|[D][chrome] drawVolume pct=100 keyframe=4
1785971624.934|[D][chrome] drawVolume pct=100 keyframe=4
1785971624.959|[W][perf] iter=83ms (worst path so far: app.tick:274ms)
1785971631.907|[I][webradio] audio_info: Request http://stream.slam.nl/WEB15_MP3 failed!
1785971631.909|[W][webradio] connecttohost failed idx=0
1785971631.915|[W][webradio] auto-skip exhausted — no playable station
1785971631.918|[I][spotify.tls] tls yield — resumed
1785971631.920|[D][webradio] ICY:
1785971631.953|[D][chrome] drawVolume pct=100 keyframe=4
1785971631.957|[D][chrome] drawVolume pct=100 keyframe=4
1785971631.982|[W][perf] iter=76ms (worst path so far: wr.connect:7030ms)
1785971648.604|[I][hb] display=winamp wifi=rssi(-54) disc=1 heap=46k maxAlloc=41k stack_hwm=12908b uptime=01:24:05 poll=0/0 last=0 block_max=0ms loop_max=275ms slow=wr.connect:7030ms last_poll_age_ms=0 next_poll_in_ms=5000 last_render_age_ms=16631 build=Aug  5 2026-22:4
1785971654.600|[I][webradio] terminal retry — re-arming scan idx=0
1785971654.607|[I][webradio] play idx=0 name=INJECTED url=http://stream.slam.nl/WEB15_MP3
1785971654.919|[I][spotify.tls] tls yield — client stopped
1785971654.925|[membudget] TASK-267 _play pre-acquire lfbInt=42996 freeInt=48112
1785971654.930|[I][webradio] HEAP pre-connect free=48112 min=43348 maxAlloc=42996
1785971654.938|[membudget] CP1-pre-connect skip=0 freeInt=48112 lfbInt=42996 freeDma=4968 lfbDma=1652
1785971654.943|[W][perf] iter=342ms (worst path so far: app.tick:341ms)
1785971654.957|[I][webradio] audio_info: buffers freed, free Heap: 48112 bytes
1785971654.966|[I][webradio] audio_info: Connect to new host: "http://stream.slam.nl/WEB15_MP3"
1785971654.996|[D][chrome] drawVolume pct=100 keyframe=4
1785971655.001|[D][chrome] drawVolume pct=100 keyframe=4
1785971655.026|[W][perf] iter=82ms (worst path so far: app.tick:341ms)
1785971661.975|[I][webradio] audio_info: Request http://stream.slam.nl/WEB15_MP3 failed!
1785971661.977|[W][webradio] connecttohost failed idx=0
1785971661.983|[W][webradio] auto-skip exhausted — no playable station
1785971661.985|[I][spotify.tls] tls yield — resumed
1785971661.988|[D][webradio] ICY:
1785971662.021|[D][chrome] drawVolume pct=100 keyframe=4
1785971662.026|[D][chrome] drawVolume pct=100 keyframe=4
1785971662.051|[W][perf] iter=77ms (worst path so far: wr.connect:7031ms)
1785971678.603|[I][hb] display=winamp wifi=rssi(-54) disc=1 heap=46k maxAlloc=41k stack_hwm=12908b uptime=01:24:35 poll=0/0 last=0 block_max=0ms loop_max=342ms slow=wr.connect:7031ms last_poll_age_ms=0 next_poll_in_ms=5000 last_render_age_ms=16562 build=Aug  5 2026-22:4
1785971684.600|[I][webradio] terminal retry — re-arming scan idx=0
1785971684.607|[I][webradio] play idx=0 name=INJECTED url=http://stream.slam.nl/WEB15_MP3
1785971684.983|[I][spotify.tls] tls yield — client stopped
1785971684.989|[membudget] TASK-267 _play pre-acquire lfbInt=42996 freeInt=48112
1785971684.994|[I][webradio] HEAP pre-connect free=48112 min=43348 maxAlloc=42996
1785971685.003|[membudget] CP1-pre-connect skip=0 freeInt=48112 lfbInt=42996 freeDma=4968 lfbDma=1652
1785971685.007|[W][perf] iter=407ms (worst path so far: app.tick:406ms)
1785971685.023|[I][webradio] audio_info: buffers freed, free Heap: 48112 bytes
1785971685.032|[I][webradio] audio_info: Connect to new host: "http://stream.slam.nl/WEB15_MP3"
1785971685.062|[D][chrome] drawVolume pct=100 keyframe=4
1785971685.066|[D][chrome] drawVolume pct=100 keyframe=4
1785971685.092|[W][perf] iter=84ms (worst path so far: app.tick:406ms)
1785971692.039|[I][webradio] audio_info: Request http://stream.slam.nl/WEB15_MP3 failed!
1785971692.041|[W][webradio] connecttohost failed idx=0
1785971692.047|[W][webradio] auto-skip exhausted — no playable station
1785971692.050|[I][spotify.tls] tls yield — resumed
1785971692.052|[D][webradio] ICY:
1785971692.085|[D][chrome] drawVolume pct=100 keyframe=4
1785971692.089|[D][chrome] drawVolume pct=100 keyframe=4
1785971692.114|[W][perf] iter=76ms (worst path so far: wr.connect:7029ms)
1785971708.603|[I][hb] display=winamp wifi=rssi(-54) disc=1 heap=46k maxAlloc=41k stack_hwm=12908b uptime=01:25:05 poll=0/0 last=0 block_max=0ms loop_max=407ms slow=wr.connect:7029ms last_poll_age_ms=0 next_poll_in_ms=5000 last_render_age_ms=16498 build=Aug  5 2026-22:4
1785971714.599|[I][webradio] terminal retry — re-arming scan idx=0
1785971714.606|[I][webradio] play idx=0 name=INJECTED url=http://stream.slam.nl/WEB15_MP3
1785971715.052|[I][spotify.tls] tls yield — client stopped
1785971715.056|[membudget] TASK-267 _play pre-acquire lfbInt=42996 freeInt=48112
1785971715.062|[I][webradio] HEAP pre-connect free=48112 min=43348 maxAlloc=42996
1785971715.070|[membudget] CP1-pre-connect skip=0 freeInt=48112 lfbInt=42996 freeDma=4968 lfbDma=1652
1785971715.076|[W][perf] iter=475ms (worst path so far: app.tick:474ms)
1785971715.089|[I][webradio] audio_info: buffers freed, free Heap: 48112 bytes
1785971715.098|[I][webradio] audio_info: Connect to new host: "http://stream.slam.nl/WEB15_MP3"
1785971715.128|[D][chrome] drawVolume pct=100 keyframe=4
1785971715.132|[D][chrome] drawVolume pct=100 keyframe=4
1785971715.157|[W][perf] iter=82ms (worst path so far: app.tick:474ms)
1785971722.105|[I][webradio] audio_info: Request http://stream.slam.nl/WEB15_MP3 failed!
1785971722.109|[W][webradio] connecttohost failed idx=0
1785971722.114|[W][webradio] auto-skip exhausted — no playable station
1785971722.116|[I][spotify.tls] tls yield — resumed
1785971722.119|[D][webradio] ICY:
1785971722.152|[D][chrome] drawVolume pct=100 keyframe=4
1785971722.156|[D][chrome] drawVolume pct=100 keyframe=4
1785971722.181|[W][perf] iter=76ms (worst path so far: wr.connect:7030ms)
1785971724.159|{"ok":true,"cmd":"get","var":"wrState","state":5,"last":true}
1785971724.170|{"ok":true,"cmd":"get","var":"wrIdx","idx":0,"last":true}
1785971738.602|[I][hb] display=winamp wifi=rssi(-54) disc=1 heap=46k maxAlloc=41k stack_hwm=12908b uptime=01:25:35 poll=0/0 last=0 block_max=0ms loop_max=475ms slow=wr.connect:7030ms last_poll_age_ms=0 next_poll_in_ms=5000 last_render_age_ms=16431 build=Aug  5 2026-22:4
1785971744.598|[I][webradio] terminal retry — re-arming scan idx=0
1785971744.606|[I][webradio] play idx=0 name=INJECTED url=http://stream.slam.nl/WEB15_MP3
1785971744.618|[I][spotify.tls] tls yield — client stopped
1785971744.623|[membudget] TASK-267 _play pre-acquire lfbInt=42996 freeInt=48112
1785971744.629|[I][webradio] HEAP pre-connect free=48112 min=43348 maxAlloc=42996
1785971744.637|[membudget] CP1-pre-connect skip=0 freeInt=48112 lfbInt=42996 freeDma=4968 lfbDma=1652
1785971744.656|[I][webradio] audio_info: buffers freed, free Heap: 48112 bytes
1785971744.664|[I][webradio] audio_info: Connect to new host: "http://stream.slam.nl/WEB15_MP3"
1785971744.696|[D][chrome] drawVolume pct=100 keyframe=4
1785971744.699|[D][chrome] drawVolume pct=100 keyframe=4
1785971744.724|[W][perf] iter=82ms (worst path so far: app.tick:65ms)
1785971751.672|[I][webradio] audio_info: Request http://stream.slam.nl/WEB15_MP3 failed!
1785971751.676|[W][webradio] connecttohost failed idx=0
1785971751.681|[W][webradio] auto-skip exhausted — no playable station
1785971751.683|[I][spotify.tls] tls yield — resumed
1785971751.686|[D][webradio] ICY:
1785971751.719|[D][chrome] drawVolume pct=100 keyframe=4
1785971751.722|[D][chrome] drawVolume pct=100 keyframe=4
1785971751.747|[W][perf] iter=76ms (worst path so far: wr.connect:7030ms)
1785971768.602|[I][hb] display=winamp wifi=rssi(-53) disc=1 heap=46k maxAlloc=41k stack_hwm=12908b uptime=01:26:05 poll=0/0 last=0 block_max=0ms loop_max=82ms slow=wr.connect:7030ms last_poll_age_ms=0 next_poll_in_ms=5000 last_render_age_ms=16864 build=Aug  5 2026-22:49
1785971774.598|[I][webradio] terminal retry — re-arming scan idx=0
1785971774.605|[I][webradio] play idx=0 name=INJECTED url=http://stream.slam.nl/WEB15_MP3
1785971774.684|[I][spotify.tls] tls yield — client stopped
1785971774.690|[membudget] TASK-267 _play pre-acquire lfbInt=42996 freeInt=48112
1785971774.695|[I][webradio] HEAP pre-connect free=48112 min=43348 maxAlloc=42996
1785971774.703|[membudget] CP1-pre-connect skip=0 freeInt=48112 lfbInt=42996 freeDma=4968 lfbDma=1652
1785971774.708|[W][perf] iter=109ms (worst path so far: app.tick:108ms)
1785971774.722|[I][webradio] audio_info: buffers freed, free Heap: 48112 bytes
1785971774.731|[I][webradio] audio_info: Connect to new host: "http://stream.slam.nl/WEB15_MP3"
1785971774.761|[D][chrome] drawVolume pct=100 keyframe=4
1785971774.765|[D][chrome] drawVolume pct=100 keyframe=4
1785971774.790|[W][perf] iter=82ms (worst path so far: app.tick:108ms)
1785971781.739|[I][webradio] audio_info: Request http://stream.slam.nl/WEB15_MP3 failed!
1785971781.741|[W][webradio] connecttohost failed idx=0
1785971781.748|[W][webradio] auto-skip exhausted — no playable station
1785971781.750|[I][spotify.tls] tls yield — resumed
1785971781.752|[D][webradio] ICY:
1785971781.785|[D][chrome] drawVolume pct=100 keyframe=4
1785971781.790|[D][chrome] drawVolume pct=100 keyframe=4
1785971781.813|[W][perf] iter=76ms (worst path so far: wr.connect:7030ms)
1785971798.601|[I][hb] display=winamp wifi=rssi(-54) disc=1 heap=46k maxAlloc=41k stack_hwm=12908b uptime=01:26:35 poll=0/0 last=0 block_max=0ms loop_max=109ms slow=wr.connect:7030ms last_poll_age_ms=0 next_poll_in_ms=5000 last_render_age_ms=16797 build=Aug  5 2026-22:4
1785971804.597|[I][webradio] terminal retry — re-arming scan idx=0
1785971804.605|[I][webradio] play idx=0 name=INJECTED url=http://stream.slam.nl/WEB15_MP3
1785971804.751|[I][spotify.tls] tls yield — client stopped
1785971804.756|[membudget] TASK-267 _play pre-acquire lfbInt=42996 freeInt=48112
1785971804.762|[I][webradio] HEAP pre-connect free=48112 min=43348 maxAlloc=42996
1785971804.770|[membudget] CP1-pre-connect skip=0 freeInt=48112 lfbInt=42996 freeDma=4968 lfbDma=1652
1785971804.775|[W][perf] iter=176ms (worst path so far: app.tick:175ms)
1785971804.789|[I][webradio] audio_info: buffers freed, free Heap: 48112 bytes
1785971804.798|[I][webradio] audio_info: Connect to new host: "http://stream.slam.nl/WEB15_MP3"
1785971804.828|[D][chrome] drawVolume pct=100 keyframe=4
1785971804.831|[D][chrome] drawVolume pct=100 keyframe=4
1785971804.857|[W][perf] iter=82ms (worst path so far: app.tick:175ms)
1785971811.805|[I][webradio] audio_info: Request http://stream.slam.nl/WEB15_MP3 failed!
1785971811.807|[W][webradio] connecttohost failed idx=0
1785971811.813|[W][webradio] auto-skip exhausted — no playable station
1785971811.816|[I][spotify.tls] tls yield — resumed
1785971811.818|[D][webradio] ICY:
1785971811.852|[D][chrome] drawVolume pct=100 keyframe=4
1785971811.856|[D][chrome] drawVolume pct=100 keyframe=4
1785971811.880|[W][perf] iter=76ms (worst path so far: wr.connect:7030ms)
1785971828.602|[I][hb] display=winamp wifi=rssi(-53) disc=1 heap=46k maxAlloc=41k stack_hwm=12908b uptime=01:27:05 poll=0/0 last=0 block_max=0ms loop_max=176ms slow=wr.connect:7030ms last_poll_age_ms=0 next_poll_in_ms=5000 last_render_age_ms=16731 build=Aug  5 2026-22:4
1785971834.597|[I][webradio] terminal retry — re-arming scan idx=0
1785971834.604|[I][webradio] play idx=0 name=INJECTED url=http://stream.slam.nl/WEB15_MP3
1785971834.817|[I][spotify.tls] tls yield — client stopped
1785971834.823|[membudget] TASK-267 _play pre-acquire lfbInt=42996 freeInt=48112
1785971834.829|[I][webradio] HEAP pre-connect free=48112 min=43348 maxAlloc=42996
1785971834.836|[membudget] CP1-pre-connect skip=0 freeInt=48112 lfbInt=42996 freeDma=4968 lfbDma=1652
1785971834.841|[W][perf] iter=243ms (worst path so far: app.tick:242ms)
1785971834.855|[I][webradio] audio_info: buffers freed, free Heap: 48112 bytes
1785971834.864|[I][webradio] audio_info: Connect to new host: "http://stream.slam.nl/WEB15_MP3"
1785971834.895|[D][chrome] drawVolume pct=100 keyframe=4
1785971834.898|[D][chrome] drawVolume pct=100 keyframe=4
1785971834.923|[W][perf] iter=82ms (worst path so far: app.tick:242ms)
1785971841.871|[I][webradio] audio_info: Request http://stream.slam.nl/WEB15_MP3 failed!
1785971841.874|[W][webradio] connecttohost failed idx=0
1785971841.880|[W][webradio] auto-skip exhausted — no playable station
1785971841.883|[I][spotify.tls] tls yield — resumed
1785971841.885|[D][webradio] ICY:
1785971841.918|[D][chrome] drawVolume pct=100 keyframe=4
1785971841.921|[D][chrome] drawVolume pct=100 keyframe=4
1785971841.947|[W][perf] iter=76ms (worst path so far: wr.connect:7030ms)
1785971858.601|[I][hb] display=winamp wifi=rssi(-53) disc=1 heap=46k maxAlloc=41k stack_hwm=12908b uptime=01:27:35 poll=0/0 last=0 block_max=0ms loop_max=243ms slow=wr.connect:7030ms last_poll_age_ms=0 next_poll_in_ms=5000 last_render_age_ms=16664 build=Aug  5 2026-22:4
1785971864.596|[I][webradio] terminal retry — re-arming scan idx=0
1785971864.604|[I][webradio] play idx=0 name=INJECTED url=http://stream.slam.nl/WEB15_MP3
1785971864.884|[I][spotify.tls] tls yield — client stopped
1785971864.889|[membudget] TASK-267 _play pre-acquire lfbInt=42996 freeInt=48112
1785971864.895|[I][webradio] HEAP pre-connect free=48112 min=43348 maxAlloc=42996
1785971864.903|[membudget] CP1-pre-connect skip=0 freeInt=48112 lfbInt=42996 freeDma=4968 lfbDma=1652
1785971864.908|[W][perf] iter=310ms (worst path so far: app.tick:309ms)
1785971864.922|[I][webradio] audio_info: buffers freed, free Heap: 48112 bytes
1785971864.930|[I][webradio] audio_info: Connect to new host: "http://stream.slam.nl/WEB15_MP3"
1785971864.960|[D][chrome] drawVolume pct=100 keyframe=4
1785971864.965|[D][chrome] drawVolume pct=100 keyframe=4
1785971864.991|[W][perf] iter=83ms (worst path so far: app.tick:309ms)
1785971871.938|[I][webradio] audio_info: Request http://stream.slam.nl/WEB15_MP3 failed!
1785971871.940|[W][webradio] connecttohost failed idx=0
1785971871.946|[W][webradio] auto-skip exhausted — no playable station
1785971871.949|[I][spotify.tls] tls yield — resumed
1785971871.951|[D][webradio] ICY:
1785971871.984|[D][chrome] drawVolume pct=100 keyframe=4
1785971871.988|[D][chrome] drawVolume pct=100 keyframe=4
1785971872.014|[W][perf] iter=76ms (worst path so far: wr.connect:7030ms)
1785971888.601|[I][hb] display=winamp wifi=rssi(-53) disc=1 heap=46k maxAlloc=41k stack_hwm=12908b uptime=01:28:05 poll=0/0 last=0 block_max=0ms loop_max=310ms slow=wr.connect:7030ms last_poll_age_ms=0 next_poll_in_ms=5000 last_render_age_ms=16597 build=Aug  5 2026-22:4
1785971894.596|[I][webradio] terminal retry — re-arming scan idx=0
1785971894.603|[I][webradio] play idx=0 name=INJECTED url=http://stream.slam.nl/WEB15_MP3
1785971894.950|[I][spotify.tls] tls yield — client stopped
1785971894.956|[membudget] TASK-267 _play pre-acquire lfbInt=42996 freeInt=48112
1785971894.961|[I][webradio] HEAP pre-connect free=48112 min=43348 maxAlloc=42996
1785971894.969|[membudget] CP1-pre-connect skip=0 freeInt=48112 lfbInt=42996 freeDma=4968 lfbDma=1652
1785971894.975|[W][perf] iter=377ms (worst path so far: app.tick:376ms)
1785971894.988|[I][webradio] audio_info: buffers freed, free Heap: 48112 bytes
1785971894.997|[I][webradio] audio_info: Connect to new host: "http://stream.slam.nl/WEB15_MP3"
1785971895.028|[D][chrome] drawVolume pct=100 keyframe=4
1785971895.031|[D][chrome] drawVolume pct=100 keyframe=4
1785971895.056|[W][perf] iter=82ms (worst path so far: app.tick:376ms)
1785971902.004|[I][webradio] audio_info: Request http://stream.slam.nl/WEB15_MP3 failed!
1785971902.007|[W][webradio] connecttohost failed idx=0
1785971902.012|[W][webradio] auto-skip exhausted — no playable station
1785971902.015|[I][spotify.tls] tls yield — resumed
1785971902.018|[D][webradio] ICY:
1785971902.052|[D][chrome] drawVolume pct=100 keyframe=4
1785971902.055|[D][chrome] drawVolume pct=100 keyframe=4
1785971902.080|[W][perf] iter=76ms (worst path so far: wr.connect:7030ms)
1785971918.601|[I][hb] display=winamp wifi=rssi(-54) disc=1 heap=46k maxAlloc=41k stack_hwm=12908b uptime=01:28:35 poll=0/0 last=0 block_max=0ms loop_max=377ms slow=wr.connect:7030ms last_poll_age_ms=0 next_poll_in_ms=5000 last_render_age_ms=16531 build=Aug  5 2026-22:4
1785971924.596|[I][webradio] terminal retry — re-arming scan idx=0
1785971924.603|[I][webradio] play idx=0 name=INJECTED url=http://stream.slam.nl/WEB15_MP3
1785971925.016|[I][spotify.tls] tls yield — client stopped
1785971925.022|[membudget] TASK-267 _play pre-acquire lfbInt=42996 freeInt=48112
1785971925.027|[I][webradio] HEAP pre-connect free=48112 min=43348 maxAlloc=42996
1785971925.036|[membudget] CP1-pre-connect skip=0 freeInt=48112 lfbInt=42996 freeDma=4968 lfbDma=1652
1785971925.041|[W][perf] iter=444ms (worst path so far: app.tick:443ms)
1785971925.055|[I][webradio] audio_info: buffers freed, free Heap: 48112 bytes
1785971925.064|[I][webradio] audio_info: Connect to new host: "http://stream.slam.nl/WEB15_MP3"
1785971925.094|[D][chrome] drawVolume pct=100 keyframe=4
1785971925.098|[D][chrome] drawVolume pct=100 keyframe=4
1785971925.123|[W][perf] iter=83ms (worst path so far: app.tick:443ms)
1785971932.071|[I][webradio] audio_info: Request http://stream.slam.nl/WEB15_MP3 failed!
1785971932.073|[W][webradio] connecttohost failed idx=0
1785971932.079|[W][webradio] auto-skip exhausted — no playable station
1785971932.082|[I][spotify.tls] tls yield — resumed
1785971932.084|[D][webradio] ICY:
1785971932.117|[D][chrome] drawVolume pct=100 keyframe=4
1785971932.121|[D][chrome] drawVolume pct=100 keyframe=4
1785971932.146|[W][perf] iter=76ms (worst path so far: wr.connect:7030ms)
1785971948.601|[I][hb] display=winamp wifi=rssi(-53) disc=1 heap=46k maxAlloc=41k stack_hwm=12908b uptime=01:29:05 poll=0/0 last=0 block_max=0ms loop_max=444ms slow=wr.connect:7030ms last_poll_age_ms=0 next_poll_in_ms=5000 last_render_age_ms=16464 build=Aug  5 2026-22:4
1785971954.595|[I][webradio] terminal retry — re-arming scan idx=0
1785971954.602|[I][webradio] play idx=0 name=INJECTED url=http://stream.slam.nl/WEB15_MP3
1785971955.083|[I][spotify.tls] tls yield — client stopped
1785971955.088|[membudget] TASK-267 _play pre-acquire lfbInt=42996 freeInt=48112
1785971955.094|[I][webradio] HEAP pre-connect free=48112 min=43348 maxAlloc=42996
1785971955.102|[membudget] CP1-pre-connect skip=0 freeInt=48112 lfbInt=42996 freeDma=4968 lfbDma=1652
1785971955.107|[W][perf] iter=511ms (worst path so far: app.tick:510ms)
1785971955.121|[I][webradio] audio_info: buffers freed, free Heap: 48112 bytes
1785971955.130|[I][webradio] audio_info: Connect to new host: "http://stream.slam.nl/WEB15_MP3"
1785971955.161|[D][chrome] drawVolume pct=100 keyframe=4
1785971955.164|[D][chrome] drawVolume pct=100 keyframe=4
1785971955.190|[W][perf] iter=82ms (worst path so far: app.tick:510ms)
1785971962.137|[I][webradio] audio_info: Request http://stream.slam.nl/WEB15_MP3 failed!
1785971962.140|[W][webradio] connecttohost failed idx=0
1785971962.146|[W][webradio] auto-skip exhausted — no playable station
1785971962.149|[I][spotify.tls] tls yield — resumed
1785971962.151|[D][webradio] ICY:
1785971962.184|[D][chrome] drawVolume pct=100 keyframe=4
1785971962.188|[D][chrome] drawVolume pct=100 keyframe=4
1785971962.214|[W][perf] iter=76ms (worst path so far: wr.connect:7030ms)
1785971978.600|[I][hb] display=winamp wifi=rssi(-53) disc=1 heap=46k maxAlloc=41k stack_hwm=12908b uptime=01:29:35 poll=0/0 last=0 block_max=0ms loop_max=511ms slow=wr.connect:7030ms last_poll_age_ms=0 next_poll_in_ms=5000 last_render_age_ms=16397 build=Aug  5 2026-22:4
1785971984.595|[I][webradio] terminal retry — re-arming scan idx=0
1785971984.602|[I][webradio] play idx=0 name=INJECTED url=http://stream.slam.nl/WEB15_MP3
1785971984.650|[I][spotify.tls] tls yield — client stopped
1785971984.655|[membudget] TASK-267 _play pre-acquire lfbInt=42996 freeInt=48112
1785971984.661|[I][webradio] HEAP pre-connect free=48112 min=43348 maxAlloc=42996
1785971984.670|[membudget] CP1-pre-connect skip=0 freeInt=48112 lfbInt=42996 freeDma=4968 lfbDma=1652
1785971984.674|[W][perf] iter=78ms (worst path so far: app.tick:77ms)
1785971984.688|[I][webradio] audio_info: buffers freed, free Heap: 48112 bytes
1785971984.697|[I][webradio] audio_info: Connect to new host: "http://stream.slam.nl/WEB15_MP3"
1785971984.727|[D][chrome] drawVolume pct=100 keyframe=4
1785971984.731|[D][chrome] drawVolume pct=100 keyframe=4
1785971984.757|[W][perf] iter=82ms (worst path so far: app.tick:77ms)
1785971991.705|[I][webradio] audio_info: Request http://stream.slam.nl/WEB15_MP3 failed!
1785971991.707|[W][webradio] connecttohost failed idx=0
1785971991.713|[W][webradio] auto-skip exhausted — no playable station
1785971991.716|[I][spotify.tls] tls yield — resumed
1785971991.718|[D][webradio] ICY:
1785971991.753|[D][chrome] drawVolume pct=100 keyframe=4
1785971991.756|[D][chrome] drawVolume pct=100 keyframe=4
1785971991.781|[W][perf] iter=77ms (worst path so far: wr.connect:7031ms)
1785972008.600|[I][hb] display=winamp wifi=rssi(-53) disc=1 heap=46k maxAlloc=41k stack_hwm=12908b uptime=01:30:05 poll=0/0 last=0 block_max=0ms loop_max=82ms slow=wr.connect:7031ms last_poll_age_ms=0 next_poll_in_ms=5000 last_render_age_ms=16828 build=Aug  5 2026-22:49
1785972014.594|[I][webradio] terminal retry — re-arming scan idx=0
1785972014.602|[I][webradio] play idx=0 name=INJECTED url=http://stream.slam.nl/WEB15_MP3
1785972014.714|[I][spotify.tls] tls yield — client stopped
1785972014.720|[membudget] TASK-267 _play pre-acquire lfbInt=42996 freeInt=48112
1785972014.726|[I][webradio] HEAP pre-connect free=48112 min=43348 maxAlloc=42996
1785972014.733|[membudget] CP1-pre-connect skip=0 freeInt=48112 lfbInt=42996 freeDma=4968 lfbDma=1652
1785972014.738|[W][perf] iter=143ms (worst path so far: app.tick:142ms)
1785972014.754|[I][webradio] audio_info: buffers freed, free Heap: 48112 bytes
1785972014.763|[I][webradio] audio_info: Connect to new host: "http://stream.slam.nl/WEB15_MP3"
1785972014.793|[D][chrome] drawVolume pct=100 keyframe=4
1785972014.797|[D][chrome] drawVolume pct=100 keyframe=4
1785972014.823|[W][perf] iter=84ms (worst path so far: app.tick:142ms)
1785972021.770|[I][webradio] audio_info: Request http://stream.slam.nl/WEB15_MP3 failed!
1785972021.773|[W][webradio] connecttohost failed idx=0
1785972021.778|[W][webradio] auto-skip exhausted — no playable station
1785972021.781|[I][spotify.tls] tls yield — resumed
1785972021.784|[D][webradio] ICY:
1785972021.816|[D][chrome] drawVolume pct=100 keyframe=4
1785972021.820|[D][chrome] drawVolume pct=100 keyframe=4
1785972021.845|[W][perf] iter=76ms (worst path so far: wr.connect:7029ms)
1785972024.256|{"ok":true,"cmd":"get","var":"wrState","state":5,"last":true}
1785972024.266|{"ok":true,"cmd":"get","var":"wrIdx","idx":0,"last":true}
1785972038.600|[I][hb] display=winamp wifi=rssi(-53) disc=1 heap=46k maxAlloc=41k stack_hwm=12908b uptime=01:30:35 poll=0/0 last=0 block_max=0ms loop_max=143ms slow=wr.connect:7029ms last_poll_age_ms=0 next_poll_in_ms=5000 last_render_age_ms=16764 build=Aug  5 2026-22:4
1785972044.593|[I][webradio] terminal retry — re-arming scan idx=0
1785972044.601|[I][webradio] play idx=0 name=INJECTED url=http://stream.slam.nl/WEB15_MP3
1785972044.781|[I][spotify.tls] tls yield — client stopped
1785972044.787|[membudget] TASK-267 _play pre-acquire lfbInt=42996 freeInt=48112
1785972044.792|[I][webradio] HEAP pre-connect free=48112 min=43348 maxAlloc=42996
1785972044.801|[membudget] CP1-pre-connect skip=0 freeInt=48112 lfbInt=42996 freeDma=4968 lfbDma=1652
1785972044.806|[W][perf] iter=211ms (worst path so far: app.tick:210ms)
1785972044.820|[I][webradio] audio_info: buffers freed, free Heap: 48112 bytes
1785972044.829|[I][webradio] audio_info: Connect to new host: "http://stream.slam.nl/WEB15_MP3"
1785972044.860|[D][chrome] drawVolume pct=100 keyframe=4
1785972044.863|[D][chrome] drawVolume pct=100 keyframe=4
1785972044.888|[W][perf] iter=82ms (worst path so far: app.tick:210ms)
1785972051.837|[I][webradio] audio_info: Request http://stream.slam.nl/WEB15_MP3 failed!
1785972051.839|[W][webradio] connecttohost failed idx=0
1785972051.845|[W][webradio] auto-skip exhausted — no playable station
1785972051.848|[I][spotify.tls] tls yield — resumed
1785972051.850|[D][webradio] ICY:
1785972051.884|[D][chrome] drawVolume pct=100 keyframe=4
1785972051.887|[D][chrome] drawVolume pct=100 keyframe=4
1785972051.912|[W][perf] iter=77ms (worst path so far: wr.connect:7031ms)
1785972068.599|[I][hb] display=winamp wifi=rssi(-53) disc=1 heap=46k maxAlloc=41k stack_hwm=12908b uptime=01:31:05 poll=0/0 last=0 block_max=0ms loop_max=211ms slow=wr.connect:7031ms last_poll_age_ms=0 next_poll_in_ms=5000 last_render_age_ms=16695 build=Aug  5 2026-22:4
1785972074.593|[I][webradio] terminal retry — re-arming scan idx=0
1785972074.600|[I][webradio] play idx=0 name=INJECTED url=http://stream.slam.nl/WEB15_MP3
1785972074.846|[I][spotify.tls] tls yield — client stopped
1785972074.852|[membudget] TASK-267 _play pre-acquire lfbInt=42996 freeInt=48112
1785972074.857|[I][webradio] HEAP pre-connect free=48112 min=43348 maxAlloc=42996
1785972074.867|[membudget] CP1-pre-connect skip=0 freeInt=48112 lfbInt=42996 freeDma=4968 lfbDma=1652
1785972074.870|[W][perf] iter=276ms (worst path so far: app.tick:275ms)
1785972074.886|[I][webradio] audio_info: buffers freed, free Heap: 48112 bytes
1785972074.895|[I][webradio] audio_info: Connect to new host: "http://stream.slam.nl/WEB15_MP3"
1785972074.926|[D][chrome] drawVolume pct=100 keyframe=4
1785972074.929|[D][chrome] drawVolume pct=100 keyframe=4
1785972074.954|[W][perf] iter=84ms (worst path so far: app.tick:275ms)
1785972081.902|[I][webradio] audio_info: Request http://stream.slam.nl/WEB15_MP3 failed!
1785972081.904|[W][webradio] connecttohost failed idx=0
1785972081.910|[W][webradio] auto-skip exhausted — no playable station
1785972081.912|[I][spotify.tls] tls yield — resumed
1785972081.915|[D][webradio] ICY:
1785972081.948|[D][chrome] drawVolume pct=100 keyframe=4
1785972081.952|[D][chrome] drawVolume pct=100 keyframe=4
1785972081.977|[W][perf] iter=77ms (worst path so far: wr.connect:7029ms)
1785972098.598|[I][hb] display=winamp wifi=rssi(-53) disc=1 heap=46k maxAlloc=41k stack_hwm=12908b uptime=01:31:35 poll=0/0 last=0 block_max=0ms loop_max=276ms slow=wr.connect:7029ms last_poll_age_ms=0 next_poll_in_ms=5000 last_render_age_ms=16631 build=Aug  5 2026-22:4
1785972104.592|[I][webradio] terminal retry — re-arming scan idx=0
1785972104.600|[I][webradio] play idx=0 name=INJECTED url=http://stream.slam.nl/WEB15_MP3
1785972104.913|[I][spotify.tls] tls yield — client stopped
1785972104.920|[membudget] TASK-267 _play pre-acquire lfbInt=42996 freeInt=48112
1785972104.925|[I][webradio] HEAP pre-connect free=48112 min=43348 maxAlloc=42996
1785972104.933|[membudget] CP1-pre-connect skip=0 freeInt=48112 lfbInt=42996 freeDma=4968 lfbDma=1652
1785972104.938|[W][perf] iter=344ms (worst path so far: app.tick:343ms)
1785972104.952|[I][webradio] audio_info: buffers freed, free Heap: 48112 bytes
1785972104.961|[I][webradio] audio_info: Connect to new host: "http://stream.slam.nl/WEB15_MP3"
1785972104.991|[D][chrome] drawVolume pct=100 keyframe=4
1785972104.995|[D][chrome] drawVolume pct=100 keyframe=4
1785972105.021|[W][perf] iter=83ms (worst path so far: app.tick:343ms)
1785972111.388|[wifi-ev] t=5508561 ev=5 STA_DISCONNECTED reason=16
1785972111.519|[wifi-ev] t=5508695 ev=4 STA_CONNECTED
1785972111.968|[I][webradio] audio_info: Request http://stream.slam.nl/WEB15_MP3 failed!
1785972111.971|[W][webradio] connecttohost failed idx=0
1785972111.976|[W][webradio] auto-skip exhausted — no playable station
1785972111.979|[I][spotify.tls] tls yield — resumed
1785972111.982|[D][webradio] ICY:
1785972112.014|[D][chrome] drawVolume pct=100 keyframe=4
1785972112.019|[D][chrome] drawVolume pct=100 keyframe=4
1785972112.044|[W][perf] iter=77ms (worst path so far: wr.connect:7030ms)
1785972112.079|[wifi-ev] t=5509253 ev=7 STA_GOT_IP ip=192.168.1.181
1785972128.598|[I][hb] display=winamp wifi=rssi(-54) disc=2 heap=55k maxAlloc=41k stack_hwm=12908b uptime=01:32:05 poll=0/0 last=0 block_max=0ms loop_max=344ms slow=wr.connect:7030ms last_poll_age_ms=0 next_poll_in_ms=5000 last_render_age_ms=16564 build=Aug  5 2026-22:4
1785972134.592|[I][webradio] terminal retry — re-arming scan idx=0
1785972134.599|[I][webradio] play idx=0 name=INJECTED url=http://stream.slam.nl/WEB15_MP3
1785972134.980|[I][spotify.tls] tls yield — client stopped
1785972134.986|[membudget] TASK-267 _play pre-acquire lfbInt=42996 freeInt=56344
1785972134.991|[I][webradio] HEAP pre-connect free=56344 min=43348 maxAlloc=42996
1785972134.999|[membudget] CP1-pre-connect skip=0 freeInt=56344 lfbInt=42996 freeDma=13200 lfbDma=10228
1785972135.004|[W][perf] iter=411ms (worst path so far: app.tick:410ms)
1785972135.018|[I][webradio] audio_info: buffers freed, free Heap: 56344 bytes
1785972135.027|[I][webradio] audio_info: Connect to new host: "http://stream.slam.nl/WEB15_MP3"
1785972135.057|[D][chrome] drawVolume pct=100 keyframe=4
1785972135.061|[D][chrome] drawVolume pct=100 keyframe=4
1785972135.086|[W][perf] iter=82ms (worst path so far: app.tick:410ms)
1785972135.133|[I][webradio] audio_info: Connection has been established in 100 ms, free Heap: 55400 bytes
1785972135.138|[I][webradio] HEAP play free=53648 min=43348
1785972135.159|[I][webradio] audio_info: chunked data transfer
1785972135.168|[I][webradio] audio_info: redirect to new host "http://22333.live.streamtheworld.com/WEB15_MP3_SC"
1785972135.181|[I][webradio] audio_info: buffers freed, free Heap: 55808 bytes
1785972135.191|[I][webradio] audio_info: Connect to new host: "http://22333.live.streamtheworld.com/WEB15_MP3_SC"
1785972135.197|[D][chrome] drawVolume pct=100 keyframe=4
1785972135.202|[D][chrome] drawVolume pct=100 keyframe=4
1785972135.230|[W][perf] iter=96ms (worst path so far: app.tick:410ms)
1785972135.245|[I][webradio] audio_info: Connection has been established in 48 ms, free Heap: 55128 bytes
1785972136.102|[W][perf] iter=52ms (worst path so far: app.tick:410ms)
1785972136.156|[W][perf] iter=54ms (worst path so far: app.tick:410ms)
1785972136.211|[W][perf] iter=54ms (worst path so far: app.tick:410ms)
1785972136.264|[W][perf] iter=54ms (worst path so far: app.tick:410ms)
1785972136.319|[W][perf] iter=54ms (worst path so far: app.tick:410ms)
1785972136.372|[W][perf] iter=54ms (worst path so far: app.tick:410ms)
1785972136.427|[W][perf] iter=54ms (worst path so far: app.tick:410ms)
1785972136.480|[W][perf] iter=54ms (worst path so far: app.tick:410ms)
1785972136.535|[W][perf] iter=54ms (worst path so far: app.tick:410ms)
1785972136.588|[W][perf] iter=54ms (worst path so far: app.tick:410ms)
1785972136.643|[W][perf] iter=54ms (worst path so far: app.tick:410ms)
1785972136.697|[W][perf] iter=54ms (worst path so far: app.tick:410ms)
1785972136.751|[W][perf] iter=54ms (worst path so far: app.tick:410ms)
1785972136.805|[W][perf] iter=55ms (worst path so far: app.tick:410ms)
1785972136.859|[W][perf] iter=54ms (worst path so far: app.tick:410ms)
1785972136.913|[W][perf] iter=54ms (worst path so far: app.tick:410ms)
1785972136.968|[W][perf] iter=54ms (worst path so far: app.tick:410ms)
1785972137.022|[W][perf] iter=54ms (worst path so far: app.tick:410ms)
1785972137.076|[W][perf] iter=54ms (worst path so far: app.tick:410ms)
1785972137.129|[W][perf] iter=54ms (worst path so far: app.tick:410ms)
1785972137.183|[W][perf] iter=54ms (worst path so far: app.tick:410ms)
1785972137.238|[W][perf] iter=54ms (worst path so far: app.tick:410ms)
1785972137.291|[W][perf] iter=54ms (worst path so far: app.tick:410ms)
1785972137.345|[W][perf] iter=54ms (worst path so far: app.tick:410ms)
1785972137.400|[W][perf] iter=54ms (worst path so far: app.tick:410ms)
1785972137.454|[W][perf] iter=54ms (worst path so far: app.tick:410ms)
1785972137.507|[W][perf] iter=54ms (worst path so far: app.tick:410ms)
1785972137.562|[W][perf] iter=54ms (worst path so far: app.tick:410ms)
1785972137.615|[W][perf] iter=54ms (worst path so far: app.tick:410ms)
1785972137.669|[W][perf] iter=54ms (worst path so far: app.tick:410ms)
1785972137.724|[W][perf] iter=54ms (worst path so far: app.tick:410ms)
1785972137.777|[W][perf] iter=54ms (worst path so far: app.tick:410ms)
1785972137.832|[W][perf] iter=54ms (worst path so far: app.tick:410ms)
1785972137.886|[W][perf] iter=54ms (worst path so far: app.tick:410ms)
1785972137.940|[W][perf] iter=54ms (worst path so far: app.tick:410ms)
1785972137.994|[W][perf] iter=54ms (worst path so far: app.tick:410ms)
1785972138.048|[W][perf] iter=54ms (worst path so far: app.tick:410ms)
1785972138.101|[W][perf] iter=54ms (worst path so far: app.tick:410ms)
1785972138.155|[W][perf] iter=54ms (worst path so far: app.tick:410ms)
1785972138.209|[W][perf] iter=54ms (worst path so far: app.tick:410ms)
1785972138.263|[W][perf] iter=54ms (worst path so far: app.tick:410ms)
1785972138.317|[W][perf] iter=54ms (worst path so far: app.tick:410ms)
1785972138.372|[W][perf] iter=54ms (worst path so far: app.tick:410ms)
1785972138.426|[W][perf] iter=54ms (worst path so far: app.tick:410ms)
1785972138.480|[W][perf] iter=54ms (worst path so far: app.tick:410ms)
1785972138.534|[W][perf] iter=54ms (worst path so far: app.tick:410ms)
1785972140.139|[W][webradio] stream dead (isRunning=0 for 1652ms, bufStalled for 5000ms) — stop + resume Spotify TLS
1785972140.143|[I][webradio] stall idx=0 — retrying once
1785972140.152|[I][spotify.tls] tls yield — resumed
1785972140.178|[D][chrome] drawVolume pct=100 keyframe=4
1785972140.182|[D][chrome] drawVolume pct=100 keyframe=4
1785972140.208|[W][perf] iter=74ms (worst path so far: wr.pump:2503ms)
1785972140.214|[I][webradio] play idx=0 name=INJECTED url=http://stream.slam.nl/WEB15_MP3
1785972140.653|[I][spotify.tls] tls yield — client stopped
1785972140.659|[membudget] TASK-267 _play pre-acquire lfbInt=42996 freeInt=55956
1785972140.665|[I][webradio] HEAP pre-connect free=55956 min=43348 maxAlloc=42996
1785972140.673|[membudget] CP1-pre-connect skip=0 freeInt=55956 lfbInt=42996 freeDma=12812 lfbDma=10228
1785972140.677|[W][perf] iter=468ms (worst path so far: wr.pump:2503ms)
1785972140.693|[I][webradio] audio_info: buffers freed, free Heap: 55956 bytes
1785972140.702|[I][webradio] audio_info: Connect to new host: "http://stream.slam.nl/WEB15_MP3"
1785972140.735|[D][chrome] drawVolume pct=100 keyframe=4
1785972140.742|[I][webradio] audio_info: Connection has been established in 31 ms, free Heap: 54960 bytes
1785972140.746|[D][chrome] drawVolume pct=100 keyframe=4
1785972140.771|[I][webradio] audio_info: chunked data transfer
1785972140.780|[I][webradio] audio_info: redirect to new host "http://28973.live.streamtheworld.com/WEB15_MP3_SC"
1785972140.795|[W][perf] iter=99ms (worst path so far: wr.pump:2503ms)[I][webradio] audio_info: buffers freed, free Heap: 55584 bytes
1785972140.803|[I][webradio] audio_info: Connect to new host: "http://28973.live.streamtheworld.com/WEB15_MP3_SC"
1785972140.856|[I][webradio] audio_info: Connection has been established in 48 ms, free Heap: 54740 bytes
1785972140.890|[D][chrome] drawVolume pct=100 keyframe=4
1785972140.894|[D][chrome] drawVolume pct=100 keyframe=4
1785972140.920|[W][perf] iter=114ms (worst path so far: wr.pump:2503ms)
1785972141.843|[I][webradio] audio_info: icy-name: SLAM! 00's
1785972141.862|[mbdbg] helix alloc: DecInfo=0x3ffef4c8(2000) FHdr=0x3ffefc98(44) SI=0x3ffefcc4(40) SFJS=0x3ffefcec(36) Huff=0x3ffefd10(4624) Deq=0x3fff0f20(792) IMDCT=0x3fff1238(6944) Sub=0x3fff2d58(8708) FInfo=0x3fff4f5c(28)
1785972141.867|[I][webradio] audio_info: MP3Decoder has been initialized, free Heap: 48408 bytes
1785972141.876|[membudget] CP2-decoder-init freeInt=48408 lfbInt=42996 freeDma=5264 lfbDma=2292 arenaHWM=23216
1785972141.881|[W][perf] iter=54ms (worst path so far: wr.pump:2503ms)
1785972141.887|[I][webradio] audio_info: slow stream, dropouts are possible
1785972141.890|[I][webradio] audio_info: stream ready
1785972141.895|[I][webradio] audio_info: syncword found at pos 0
1785972141.910|[I][webradio] audio_info: Channels: 2
1785972141.913|[I][webradio] audio_info: SampleRate: 44100
1785972141.916|[I][webradio] audio_info: BitsPerSample: 16
1785972141.921|[I][webradio] audio_info: BitRate: 128000
1785972142.517|[I][webradio] audio_info: StreamTitle='Beyonce - Irreplaceable'
1785972142.524|[D][webradio] ICY: Beyonce - Irreplaceable
1785972158.598|[I][hb] display=winamp wifi=rssi(-54) disc=2 heap=47k maxAlloc=41k stack_hwm=12908b uptime=01:32:35 poll=0/0 last=0 block_max=0ms loop_max=468ms slow=wr.pump:2503ms last_poll_age_ms=0 next_poll_in_ms=5000 last_render_age_ms=17688 build=Aug  5 2026-22:49:2
1785972159.068|[I][webradio] audio_info: slow stream, dropouts are possible
1785972160.069|[I][webradio] audio_info: slow stream, dropouts are possible
1785972161.070|[I][webradio] audio_info: slow stream, dropouts are possible
1785972162.071|[I][webradio] audio_info: slow stream, dropouts are possible
1785972162.451|[W][webradio] stream dead (isRunning=1 for 0ms, bufStalled for 5000ms) — stop + resume Spotify TLS
1785972162.454|[I][webradio] stall idx=0 — retrying once
1785972162.458|[I][spotify.tls] tls yield — resumed
1785972162.492|[D][chrome] drawVolume pct=100 keyframe=4
1785972162.496|[D][chrome] drawVolume pct=100 keyframe=4
1785972162.521|[W][perf] iter=76ms (worst path so far: app.tick:74ms)
1785972162.528|[I][webradio] play idx=0 name=INJECTED url=http://stream.slam.nl/WEB15_MP3
1785972162.958|[I][spotify.tls] tls yield — client stopped
1785972162.963|[membudget] TASK-267 _play pre-acquire lfbInt=42996 freeInt=48448
1785972162.969|[I][webradio] HEAP pre-connect free=48448 min=43348 maxAlloc=42996
1785972162.977|[membudget] CP1-pre-connect skip=0 freeInt=48448 lfbInt=42996 freeDma=5304 lfbDma=1652
1785972162.982|[W][perf] iter=459ms (worst path so far: app.tick:457ms)
1785972163.002|[I][webradio] audio_info: buffers freed, free Heap: 50116 bytes
1785972163.011|[I][webradio] audio_info: Connect to new host: "http://stream.slam.nl/WEB15_MP3"
1785972163.039|[D][chrome] drawVolume pct=100 keyframe=4
1785972163.042|[D][chrome] drawVolume pct=100 keyframe=4
1785972163.068|[W][perf] iter=86ms (worst path so far: app.tick:457ms)
1785972163.350|[I][webradio] audio_info: Connection has been established in 331 ms, free Heap: 49280 bytes
1785972163.376|[I][webradio] audio_info: chunked data transfer
1785972163.385|[I][webradio] audio_info: redirect to new host "http://22713.live.streamtheworld.com/WEB15_MP3_SC"
1785972163.398|[I][webradio] audio_info: buffers freed, free Heap: 49884 bytes
1785972163.410|[I][webradio] audio_info: Connect to new host: "http://22713.live.streamtheworld.com/WEB15_MP3_SC"
1785972163.413|[D][chrome] drawVolume pct=100 keyframe=4
1785972163.417|[D][chrome] drawVolume pct=100 keyframe=4
1785972163.445|[W][perf] iter=95ms (worst path so far: app.tick:457ms)
1785972163.458|[I][webradio] audio_info: Connection has been established in 43 ms, free Heap: 49040 bytes
1785972165.133|[I][webradio] HEAP play free=47712 min=43348
1785972168.356|[W][webradio] stream dead (isRunning=1 for 0ms, bufStalled for 5000ms) — stop + resume Spotify TLS
1785972168.360|[W][webradio] auto-skip exhausted — no playable station
1785972168.365|[I][spotify.tls] tls yield — resumed
1785972168.395|[D][chrome] drawVolume pct=100 keyframe=4
1785972168.399|[D][chrome] drawVolume pct=100 keyframe=4
1785972168.426|[W][perf] iter=74ms (worst path so far: app.tick:457ms)
1785972188.599|[I][hb] display=winamp wifi=rssi(-54) disc=2 heap=44k maxAlloc=41k stack_hwm=12908b uptime=01:33:05 poll=0/0 last=0 block_max=0ms loop_max=459ms slow=app.tick:457ms last_poll_age_ms=0 next_poll_in_ms=5000 last_render_age_ms=20184 build=Aug  5 2026-22:49:2
1785972192.525|[I][webradio] terminal retry — re-arming scan idx=0
1785972192.532|[I][webradio] play idx=0 name=INJECTED url=http://stream.slam.nl/WEB15_MP3
1785972192.863|[I][spotify.tls] tls yield — client stopped
1785972192.869|[membudget] TASK-267 _play pre-acquire lfbInt=42996 freeInt=45456
1785972192.874|[I][webradio] HEAP pre-connect free=45456 min=43348 maxAlloc=42996
1785972192.883|[membudget] CP1-pre-connect skip=0 freeInt=45456 lfbInt=42996 freeDma=2312 lfbDma=884
1785972192.887|[W][perf] iter=362ms (worst path so far: app.tick:361ms)
1785972192.908|[I][webradio] audio_info: buffers freed, free Heap: 55512 bytes
1785972192.916|[I][webradio] audio_info: Connect to new host: "http://stream.slam.nl/WEB15_MP3"
1785972192.944|[D][chrome] drawVolume pct=100 keyframe=4
1785972192.948|[D][chrome] drawVolume pct=100 keyframe=4
1785972192.958|[I][webradio] audio_info: Connection has been established in 34 ms, free Heap: 54504 bytes
1785972192.979|[W][perf] iter=92ms (worst path so far: app.tick:361ms)
1785972192.990|[I][webradio] audio_info: chunked data transfer
1785972192.999|[I][webradio] audio_info: redirect to new host "http://22673.live.streamtheworld.com/WEB15_MP3_SC"
1785972193.012|[I][webradio] audio_info: buffers freed, free Heap: 55132 bytes
1785972193.024|[I][webradio] audio_info: Connect to new host: "http://22673.live.streamtheworld.com/WEB15_MP3_SC"
1785972193.047|[D][chrome] drawVolume pct=100 keyframe=4
1785972193.051|[D][chrome] drawVolume pct=100 keyframe=4
1785972193.076|[I][webradio] audio_info: Connection has been established in 48 ms, free Heap: 54436 bytes
1785972193.082|[W][perf] iter=103ms (worst path so far: app.tick:361ms)
1785972194.023|[I][webradio] audio_info: icy-name: SLAM! 00's
1785972194.043|[mbdbg] helix alloc: DecInfo=0x3ffef4c8(2000) FHdr=0x3ffefc98(44) SI=0x3ffefcc4(40) SFJS=0x3ffefcec(36) Huff=0x3ffefd10(4624) Deq=0x3fff0f20(792) IMDCT=0x3fff1238(6944) Sub=0x3fff2d58(8708) FInfo=0x3fff4f5c(28)
1785972194.049|[I][webradio] audio_info: MP3Decoder has been initialized, free Heap: 48112 bytes
1785972194.057|[membudget] CP2-decoder-init freeInt=48112 lfbInt=42996 freeDma=4968 lfbDma=1652 arenaHWM=23216
1785972194.062|[W][perf] iter=53ms (worst path so far: app.tick:361ms)
1785972194.068|[I][webradio] audio_info: slow stream, dropouts are possible
1785972194.071|[I][webradio] audio_info: stream ready
1785972194.075|[I][webradio] audio_info: syncword found at pos 0
1785972194.084|[I][webradio] audio_info: Channels: 2
1785972194.087|[I][webradio] audio_info: SampleRate: 44100
1785972194.090|[I][webradio] audio_info: BitsPerSample: 16
1785972194.095|[I][webradio] audio_info: BitRate: 128000
1785972195.133|[I][webradio] HEAP play free=49728 min=43348
1785972196.066|[I][webradio] audio_info: slow stream, dropouts are possible
1785972197.067|[I][webradio] audio_info: slow stream, dropouts are possible
1785972198.068|[I][webradio] audio_info: slow stream, dropouts are possible
1785972199.070|[I][webradio] audio_info: slow stream, dropouts are possible
1785972199.475|[W][webradio] stream dead (isRunning=1 for 0ms, bufStalled for 5000ms) — stop + resume Spotify TLS
1785972199.478|[I][webradio] stall idx=0 — retrying once
1785972199.490|[I][spotify.tls] tls yield — resumed
1785972199.515|[D][chrome] drawVolume pct=100 keyframe=4
1785972199.519|[D][chrome] drawVolume pct=100 keyframe=4
1785972199.543|[W][perf] iter=74ms (worst path so far: app.tick:361ms)
1785972199.551|[I][webradio] play idx=0 name=INJECTED url=http://stream.slam.nl/WEB15_MP3
1785972199.991|[I][spotify.tls] tls yield — client stopped
1785972199.997|[membudget] TASK-267 _play pre-acquire lfbInt=42996 freeInt=49728
1785972200.002|[I][webradio] HEAP pre-connect free=49728 min=43348 maxAlloc=42996
1785972200.010|[membudget] CP1-pre-connect skip=0 freeInt=49728 lfbInt=42996 freeDma=6584 lfbDma=1652
1785972200.015|[W][perf] iter=470ms (worst path so far: app.tick:468ms)
1785972200.035|[I][webradio] audio_info: buffers freed, free Heap: 51392 bytes
1785972200.043|[I][webradio] audio_info: Connect to new host: "http://stream.slam.nl/WEB15_MP3"
1785972200.071|[D][chrome] drawVolume pct=100 keyframe=4
1785972200.074|[D][chrome] drawVolume pct=100 keyframe=4
1785972200.100|[W][perf] iter=84ms (worst path so far: app.tick:468ms)
1785972200.411|[I][webradio] audio_info: Connection has been established in 359 ms, free Heap: 50768 bytes
1785972200.437|[I][webradio] audio_info: chunked data transfer
1785972200.447|[I][webradio] audio_info: redirect to new host "http://28973.live.streamtheworld.com/WEB15_MP3_SC"
1785972200.460|[I][webradio] audio_info: buffers freed, free Heap: 51176 bytes
1785972200.470|[I][webradio] audio_info: Connect to new host: "http://28973.live.streamtheworld.com/WEB15_MP3_SC"
1785972200.473|[D][chrome] drawVolume pct=100 keyframe=4
1785972200.477|[D][chrome] drawVolume pct=100 keyframe=4
1785972200.500|[I][webradio] audio_info: Connection has been established in 24 ms, free Heap: 50284 bytes
1785972200.510|[W][perf] iter=100ms (worst path so far: app.tick:468ms)
1785972201.453|[I][webradio] audio_info: icy-name: SLAM! 00's
1785972201.472|[mbdbg] helix alloc: DecInfo=0x3ffef4c8(2000) FHdr=0x3ffefc98(44) SI=0x3ffefcc4(40) SFJS=0x3ffefcec(36) Huff=0x3ffefd10(4624) Deq=0x3fff0f20(792) IMDCT=0x3fff1238(6944) Sub=0x3fff2d58(8708) FInfo=0x3fff4f5c(28)
1785972201.477|[I][webradio] audio_info: MP3Decoder has been initialized, free Heap: 47876 bytes
1785972201.485|[membudget] CP2-decoder-init freeInt=47876 lfbInt=42996 freeDma=4732 lfbDma=1652 arenaHWM=23216
1785972201.491|[W][perf] iter=52ms (worst path so far: app.tick:468ms)
1785972201.497|[I][webradio] audio_info: slow stream, dropouts are possible
1785972201.500|[I][webradio] audio_info: stream ready
1785972201.504|[I][webradio] audio_info: syncword found at pos 0
1785972201.514|[I][webradio] audio_info: Channels: 2
1785972201.516|[I][webradio] audio_info: SampleRate: 44100
1785972201.519|[I][webradio] audio_info: BitsPerSample: 16
1785972201.524|[I][webradio] audio_info: BitRate: 128000
1785972203.496|[I][webradio] audio_info: slow stream, dropouts are possible
1785972204.498|[I][webradio] audio_info: slow stream, dropouts are possible
1785972205.498|[I][webradio] audio_info: slow stream, dropouts are possible
1785972206.500|[I][webradio] audio_info: slow stream, dropouts are possible
1785972206.904|[W][webradio] stream dead (isRunning=1 for 0ms, bufStalled for 5000ms) — stop + resume Spotify TLS
1785972206.907|[W][webradio] auto-skip exhausted — no playable station
1785972206.912|[I][spotify.tls] tls yield — resumed
1785972206.944|[D][chrome] drawVolume pct=100 keyframe=4
1785972206.947|[D][chrome] drawVolume pct=100 keyframe=4
1785972206.973|[W][perf] iter=74ms (worst path so far: app.tick:468ms)
1785972218.599|[I][hb] display=winamp wifi=rssi(-53) disc=2 heap=51k maxAlloc=41k stack_hwm=12908b uptime=01:33:35 poll=0/0 last=0 block_max=0ms loop_max=470ms slow=app.tick:468ms last_poll_age_ms=0 next_poll_in_ms=5000 last_render_age_ms=11636 build=Aug  5 2026-22:49:2
1785972229.547|[I][webradio] terminal retry — re-arming scan idx=0
1785972229.554|[I][webradio] play idx=0 name=INJECTED url=http://stream.slam.nl/WEB15_MP3
1785972229.911|[I][spotify.tls] tls yield — client stopped
1785972229.917|[membudget] TASK-267 _play pre-acquire lfbInt=42996 freeInt=53028
1785972229.922|[I][webradio] HEAP pre-connect free=53028 min=43348 maxAlloc=42996
1785972229.931|[membudget] CP1-pre-connect skip=0 freeInt=53028 lfbInt=42996 freeDma=9916 lfbDma=6644
1785972229.935|[W][perf] iter=387ms (worst path so far: app.tick:386ms)
1785972229.954|[I][webradio] audio_info: buffers freed, free Heap: 54680 bytes
1785972229.962|[I][webradio] audio_info: Connect to new host: "http://stream.slam.nl/WEB15_MP3"
1785972229.991|[D][chrome] drawVolume pct=100 keyframe=4
1785972229.994|[D][chrome] drawVolume pct=100 keyframe=4
1785972230.021|[W][perf] iter=85ms (worst path so far: app.tick:386ms)
1785972230.297|[I][webradio] audio_info: Connection has been established in 330 ms, free Heap: 54052 bytes
1785972230.303|[I][webradio] HEAP play free=52316 min=43348
1785972230.329|[I][webradio] audio_info: chunked data transfer
1785972230.339|[I][webradio] audio_info: redirect to new host "http://22673.live.streamtheworld.com/WEB15_MP3_SC"
1785972230.353|[I][webradio] audio_info: buffers freed, free Heap: 54676 bytes
1785972230.363|[I][webradio] audio_info: Connect to new host: "http://22673.live.streamtheworld.com/WEB15_MP3_SC"
1785972230.366|[D][chrome] drawVolume pct=100 keyframe=4
1785972230.370|[D][chrome] drawVolume pct=100 keyframe=4
1785972230.392|[I][webradio] audio_info: Connection has been established in 25 ms, free Heap: 53828 bytes
1785972230.400|[W][perf] iter=101ms (worst path so far: app.tick:386ms)
1785972231.307|[W][perf] iter=52ms (worst path so far: app.tick:386ms)
1785972231.361|[W][perf] iter=54ms (worst path so far: app.tick:386ms)
1785972231.415|[W][perf] iter=54ms (worst path so far: app.tick:386ms)
1785972231.469|[W][perf] iter=54ms (worst path so far: app.tick:386ms)
1785972231.524|[W][perf] iter=54ms (worst path so far: app.tick:386ms)
1785972231.577|[W][perf] iter=54ms (worst path so far: app.tick:386ms)
1785972231.631|[W][perf] iter=54ms (worst path so far: app.tick:386ms)
1785972231.685|[W][perf] iter=54ms (worst path so far: app.tick:386ms)
1785972231.739|[W][perf] iter=54ms (worst path so far: app.tick:386ms)
1785972231.793|[W][perf] iter=54ms (worst path so far: app.tick:386ms)
1785972231.847|[W][perf] iter=54ms (worst path so far: app.tick:386ms)
1785972231.901|[W][perf] iter=54ms (worst path so far: app.tick:386ms)
1785972231.956|[W][perf] iter=55ms (worst path so far: app.tick:386ms)
1785972232.010|[W][perf] iter=54ms (worst path so far: app.tick:386ms)
1785972232.065|[W][perf] iter=54ms (worst path so far: app.tick:386ms)
1785972232.118|[W][perf] iter=54ms (worst path so far: app.tick:386ms)
1785972232.172|[W][perf] iter=54ms (worst path so far: app.tick:386ms)
1785972232.226|[W][perf] iter=54ms (worst path so far: app.tick:386ms)
1785972232.280|[W][perf] iter=54ms (worst path so far: app.tick:386ms)
1785972232.334|[W][perf] iter=54ms (worst path so far: app.tick:386ms)
1785972232.388|[W][perf] iter=54ms (worst path so far: app.tick:386ms)
1785972232.442|[W][perf] iter=54ms (worst path so far: app.tick:386ms)
1785972232.497|[W][perf] iter=54ms (worst path so far: app.tick:386ms)
1785972232.550|[W][perf] iter=54ms (worst path so far: app.tick:386ms)
1785972232.604|[W][perf] iter=54ms (worst path so far: app.tick:386ms)
1785972232.658|[W][perf] iter=54ms (worst path so far: app.tick:386ms)
1785972232.713|[W][perf] iter=54ms (worst path so far: app.tick:386ms)
1785972232.767|[W][perf] iter=54ms (worst path so far: app.tick:386ms)
1785972232.820|[W][perf] iter=54ms (worst path so far: app.tick:386ms)
1785972232.875|[W][perf] iter=54ms (worst path so far: app.tick:386ms)
1785972232.928|[W][perf] iter=54ms (worst path so far: app.tick:386ms)
1785972232.982|[W][perf] iter=54ms (worst path so far: app.tick:386ms)
1785972233.036|[W][perf] iter=54ms (worst path so far: app.tick:386ms)
1785972233.090|[W][perf] iter=54ms (worst path so far: app.tick:386ms)
1785972233.144|[W][perf] iter=54ms (worst path so far: app.tick:386ms)
1785972233.198|[W][perf] iter=54ms (worst path so far: app.tick:386ms)
1785972233.252|[W][perf] iter=54ms (worst path so far: app.tick:386ms)
1785972233.307|[W][perf] iter=54ms (worst path so far: app.tick:386ms)
1785972233.360|[W][perf] iter=54ms (worst path so far: app.tick:386ms)
1785972233.414|[W][perf] iter=54ms (worst path so far: app.tick:386ms)
1785972233.468|[W][perf] iter=54ms (worst path so far: app.tick:386ms)
1785972233.522|[W][perf] iter=54ms (worst path so far: app.tick:386ms)
1785972233.576|[W][perf] iter=54ms (worst path so far: app.tick:386ms)
1785972233.630|[W][perf] iter=54ms (worst path so far: app.tick:386ms)
1785972233.684|[W][perf] iter=54ms (worst path so far: app.tick:386ms)
1785972233.738|[W][perf] iter=54ms (worst path so far: app.tick:386ms)
1785972235.306|[W][webradio] stream dead (isRunning=0 for 1613ms, bufStalled for 5000ms) — stop + resume Spotify TLS
1785972235.308|[I][webradio] stall idx=0 — retrying once
1785972235.313|[I][spotify.tls] tls yield — resumed
1785972235.345|[D][chrome] drawVolume pct=100 keyframe=4
1785972235.348|[D][chrome] drawVolume pct=100 keyframe=4
1785972235.373|[W][perf] iter=74ms (worst path so far: wr.pump:2501ms)
1785972235.381|[I][webradio] play idx=0 name=INJECTED url=http://stream.slam.nl/WEB15_MP3
1785972235.813|[I][spotify.tls] tls yield — client stopped
1785972235.819|[membudget] TASK-267 _play pre-acquire lfbInt=42996 freeInt=54868
1785972235.824|[I][webradio] HEAP pre-connect free=54868 min=43348 maxAlloc=42996
1785972235.832|[membudget] CP1-pre-connect skip=0 freeInt=54868 lfbInt=42996 freeDma=11724 lfbDma=9716
1785972235.837|[W][perf] iter=461ms (worst path so far: wr.pump:2501ms)
1785972235.852|[I][webradio] audio_info: buffers freed, free Heap: 54868 bytes
1785972235.862|[I][webradio] audio_info: Connect to new host: "http://stream.slam.nl/WEB15_MP3"
1785972235.897|[I][webradio] audio_info: Connection has been established in 30 ms, free Heap: 54084 bytes
1785972235.902|[D][chrome] drawVolume pct=100 keyframe=4
1785972235.906|[D][chrome] drawVolume pct=100 keyframe=4
1785972235.924|[I][webradio] audio_info: chunked data transfer
1785972235.932|[I][webradio] audio_info: redirect to new host "http://28973.live.streamtheworld.com/WEB15_MP3_SC"
1785972235.946|[I][webradio] audio_info: buffers freed, free Heap: 54500 bytes
1785972235.957|[I][webradio] audio_info: Connect to new host: "http://28973.live.streamtheworld.com/WEB15_MP3_SC"
1785972235.961|[W][perf] iter=116ms (worst path so far: wr.pump:2501ms)
1785972235.985|[I][webradio] audio_info: Connection has been established in 24 ms, free Heap: 53644 bytes
1785972236.020|[D][chrome] drawVolume pct=100 keyframe=4
1785972236.025|[D][chrome] drawVolume pct=100 keyframe=4
1785972236.051|[W][perf] iter=90ms (worst path so far: wr.pump:2501ms)
1785972236.800|[I][webradio] audio_info: icy-name: SLAM! 00's
1785972236.819|[mbdbg] helix alloc: DecInfo=0x3ffef4c8(2000) FHdr=0x3ffefc98(44) SI=0x3ffefcc4(40) SFJS=0x3ffefcec(36) Huff=0x3ffefd10(4624) Deq=0x3fff0f20(792) IMDCT=0x3fff1238(6944) Sub=0x3fff2d58(8708) FInfo=0x3fff4f5c(28)
1785972236.825|[I][webradio] audio_info: MP3Decoder has been initialized, free Heap: 47312 bytes
1785972236.833|[membudget] CP2-decoder-init freeInt=47312 lfbInt=42996 freeDma=4168 lfbDma=1652 arenaHWM=23216
1785972236.838|[W][perf] iter=52ms (worst path so far: wr.pump:2501ms)
1785972236.844|[I][webradio] audio_info: slow stream, dropouts are possible
1785972236.847|[I][webradio] audio_info: stream ready
1785972236.851|[I][webradio] audio_info: syncword found at pos 0
1785972236.863|[I][webradio] audio_info: Channels: 2
1785972236.866|[I][webradio] audio_info: SampleRate: 44100
1785972236.869|[I][webradio] audio_info: BitsPerSample: 16
1785972236.874|[I][webradio] audio_info: BitRate: 128000
1785972237.538|[I][webradio] audio_info: StreamTitle='Jan Wayne - Because The Night'
1785972237.542|[D][webradio] ICY: Jan Wayne - Because The Night
1785972238.841|[I][webradio] audio_info: slow stream, dropouts are possible
1785972239.842|[I][webradio] audio_info: slow stream, dropouts are possible
1785972240.843|[I][webradio] audio_info: slow stream, dropouts are possible
1785972241.844|[I][webradio] audio_info: slow stream, dropouts are possible
1785972242.845|[I][webradio] audio_info: slow stream, dropouts are possible
1785972243.000|[W][webradio] stream dead (isRunning=1 for 0ms, bufStalled for 5000ms) — stop + resume Spotify TLS
1785972243.003|[W][webradio] auto-skip exhausted — no playable station
1785972243.008|[I][spotify.tls] tls yield — resumed
1785972243.041|[D][chrome] drawVolume pct=100 keyframe=4
1785972243.045|[D][chrome] drawVolume pct=100 keyframe=4
1785972243.071|[W][perf] iter=76ms (worst path so far: wr.pump:2501ms)
1785972248.598|[I][hb] display=winamp wifi=rssi(-53) disc=2 heap=45k maxAlloc=41k stack_hwm=12908b uptime=01:34:05 poll=0/0 last=0 block_max=0ms loop_max=461ms slow=wr.pump:2501ms last_poll_age_ms=0 next_poll_in_ms=5000 last_render_age_ms=5537 build=Aug  5 2026-22:49:22
1785972265.378|[I][webradio] terminal retry — re-arming scan idx=0
1785972265.385|[I][webradio] play idx=0 name=INJECTED url=http://stream.slam.nl/WEB15_MP3
1785972265.506|[I][spotify.tls] tls yield — client stopped
1785972265.511|[membudget] TASK-267 _play pre-acquire lfbInt=42996 freeInt=53044
1785972265.517|[I][webradio] HEAP pre-connect free=53044 min=43348 maxAlloc=42996
1785972265.527|[membudget] CP1-pre-connect skip=0 freeInt=53044 lfbInt=42996 freeDma=9900 lfbDma=6644
1785972265.530|[W][perf] iter=152ms (worst path so far: app.tick:151ms)
1785972265.550|[I][webradio] audio_info: buffers freed, free Heap: 54724 bytes
1785972265.559|[I][webradio] audio_info: Connect to new host: "http://stream.slam.nl/WEB15_MP3"
1785972265.587|[D][chrome] drawVolume pct=100 keyframe=4
1785972265.591|[D][chrome] drawVolume pct=100 keyframe=4
1785972265.617|[W][perf] iter=86ms (worst path so far: app.tick:151ms)
1785972265.900|[I][webradio] audio_info: Connection has been established in 335 ms, free Heap: 54088 bytes
1785972265.905|[I][webradio] HEAP play free=52696 min=43348
1785972265.924|[I][webradio] audio_info: chunked data transfer
1785972265.933|[I][webradio] audio_info: redirect to new host "http://29023.live.streamtheworld.com/WEB15_MP3_SC"
1785972265.946|[I][webradio] audio_info: buffers freed, free Heap: 54720 bytes
1785972265.957|[I][webradio] audio_info: Connect to new host: "http://29023.live.streamtheworld.com/WEB15_MP3_SC"
1785972265.964|[D][chrome] drawVolume pct=100 keyframe=4
1785972265.968|[D][chrome] drawVolume pct=100 keyframe=4
1785972265.994|[W][perf] iter=93ms (worst path so far: wr.connect:370ms)
1785972266.049|[W][perf] iter=55ms (worst path so far: wr.connect:370ms)
1785972266.086|[I][webradio] audio_info: Connection has been established in 124 ms, free Heap: 54032 bytes
1785972267.001|[I][webradio] audio_info: icy-name: SLAM! 00's
1785972267.020|[mbdbg] helix alloc: DecInfo=0x3ffef4c8(2000) FHdr=0x3ffefc98(44) SI=0x3ffefcc4(40) SFJS=0x3ffefcec(36) Huff=0x3ffefd10(4624) Deq=0x3fff0f20(792) IMDCT=0x3fff1238(6944) Sub=0x3fff2d58(8708) FInfo=0x3fff4f5c(28)
1785972267.026|[I][webradio] audio_info: MP3Decoder has been initialized, free Heap: 47704 bytes
1785972267.035|[membudget] CP2-decoder-init freeInt=47704 lfbInt=42996 freeDma=4560 lfbDma=1652 arenaHWM=23216
1785972267.040|[W][perf] iter=52ms (worst path so far: wr.connect:370ms)
1785972267.046|[I][webradio] audio_info: slow stream, dropouts are possible
1785972267.049|[I][webradio] audio_info: stream ready
1785972267.053|[I][webradio] audio_info: syncword found at pos 0
1785972267.061|[I][webradio] audio_info: Channels: 2
1785972267.064|[I][webradio] audio_info: SampleRate: 44100
1785972267.067|[I][webradio] audio_info: BitsPerSample: 16
1785972267.072|[I][webradio] audio_info: BitRate: 128000
1785972269.045|[I][webradio] audio_info: slow stream, dropouts are possible
1785972270.046|[I][webradio] audio_info: slow stream, dropouts are possible
1785972271.047|[I][webradio] audio_info: slow stream, dropouts are possible
1785972272.048|[I][webradio] audio_info: slow stream, dropouts are possible
1785972272.450|[W][webradio] stream dead (isRunning=1 for 0ms, bufStalled for 5000ms) — stop + resume Spotify TLS
1785972272.453|[I][webradio] stall idx=0 — retrying once
1785972272.457|[I][spotify.tls] tls yield — resumed
1785972272.490|[D][chrome] drawVolume pct=100 keyframe=4
1785972272.494|[D][chrome] drawVolume pct=100 keyframe=4
1785972272.518|[W][perf] iter=74ms (worst path so far: wr.connect:370ms)
1785972272.526|[I][webradio] play idx=0 name=INJECTED url=http://stream.slam.nl/WEB15_MP3
1785972272.958|[I][spotify.tls] tls yield — client stopped
1785972272.964|[membudget] TASK-267 _play pre-acquire lfbInt=42996 freeInt=49352
1785972272.969|[I][webradio] HEAP pre-connect free=49352 min=43348 maxAlloc=42996
1785972272.977|[membudget] CP1-pre-connect skip=0 freeInt=49352 lfbInt=42996 freeDma=6208 lfbDma=1652
1785972272.982|[W][perf] iter=461ms (worst path so far: app.tick:459ms)
1785972273.002|[I][webradio] audio_info: buffers freed, free Heap: 51012 bytes
1785972273.010|[I][webradio] audio_info: Connect to new host: "http://stream.slam.nl/WEB15_MP3"
1785972273.039|[D][chrome] drawVolume pct=100 keyframe=4
1785972273.043|[D][chrome] drawVolume pct=100 keyframe=4
1785972273.068|[W][perf] iter=86ms (worst path so far: app.tick:459ms)
1785972273.355|[I][webradio] audio_info: Connection has been established in 336 ms, free Heap: 50340 bytes
1785972273.380|[I][webradio] audio_info: chunked data transfer
1785972273.390|[I][webradio] audio_info: redirect to new host "http://22353.live.streamtheworld.com/WEB15_MP3_SC"
1785972273.402|[I][webradio] audio_info: buffers freed, free Heap: 50772 bytes
1785972273.414|[I][webradio] audio_info: Connect to new host: "http://22353.live.streamtheworld.com/WEB15_MP3_SC"
1785972273.417|[D][chrome] drawVolume pct=100 keyframe=4
1785972273.421|[D][chrome] drawVolume pct=100 keyframe=4
1785972273.449|[W][perf] iter=95ms (worst path so far: app.tick:459ms)
1785972273.476|[I][webradio] audio_info: Connection has been established in 57 ms, free Heap: 50092 bytes
1785972274.160|[W][perf] iter=52ms (worst path so far: app.tick:459ms)
1785972274.214|[W][perf] iter=54ms (worst path so far: app.tick:459ms)
1785972274.267|[W][perf] iter=54ms (worst path so far: app.tick:459ms)
1785972274.322|[W][perf] iter=54ms (worst path so far: app.tick:459ms)
1785972274.375|[W][perf] iter=54ms (worst path so far: app.tick:459ms)
1785972274.430|[W][perf] iter=54ms (worst path so far: app.tick:459ms)
1785972274.483|[W][perf] iter=54ms (worst path so far: app.tick:459ms)
1785972274.538|[W][perf] iter=54ms (worst path so far: app.tick:459ms)
1785972274.591|[W][perf] iter=54ms (worst path so far: app.tick:459ms)
1785972274.645|[W][perf] iter=54ms (worst path so far: app.tick:459ms)
1785972274.700|[W][perf] iter=54ms (worst path so far: app.tick:459ms)
1785972274.753|[W][perf] iter=54ms (worst path so far: app.tick:459ms)
1785972274.808|[W][perf] iter=54ms (worst path so far: app.tick:459ms)
1785972274.862|[W][perf] iter=54ms (worst path so far: app.tick:459ms)
1785972274.916|[W][perf] iter=54ms (worst path so far: app.tick:459ms)
1785972274.969|[W][perf] iter=54ms (worst path so far: app.tick:459ms)
1785972275.024|[W][perf] iter=55ms (worst path so far: app.tick:459ms)
1785972275.078|[W][perf] iter=54ms (worst path so far: app.tick:459ms)
1785972275.132|[W][perf] iter=54ms (worst path so far: app.tick:459ms)
1785972275.186|[W][perf] iter=54ms (worst path so far: app.tick:459ms)
1785972275.241|[W][perf] iter=54ms (worst path so far: app.tick:459ms)
1785972275.294|[W][perf] iter=54ms (worst path so far: app.tick:459ms)
1785972275.349|[W][perf] iter=54ms (worst path so far: app.tick:459ms)
1785972275.402|[W][perf] iter=54ms (worst path so far: app.tick:459ms)
1785972275.456|[W][perf] iter=54ms (worst path so far: app.tick:459ms)
1785972275.510|[W][perf] iter=54ms (worst path so far: app.tick:459ms)
1785972275.564|[W][perf] iter=54ms (worst path so far: app.tick:459ms)
1785972275.618|[W][perf] iter=54ms (worst path so far: app.tick:459ms)
1785972275.673|[W][perf] iter=54ms (worst path so far: app.tick:459ms)
1785972275.726|[W][perf] iter=54ms (worst path so far: app.tick:459ms)
1785972275.780|[W][perf] iter=54ms (worst path so far: app.tick:459ms)
1785972275.834|[W][perf] iter=54ms (worst path so far: app.tick:459ms)
1785972275.888|[W][perf] iter=54ms (worst path so far: app.tick:459ms)
1785972275.942|[W][perf] iter=54ms (worst path so far: app.tick:459ms)
1785972275.996|[W][perf] iter=54ms (worst path so far: app.tick:459ms)
1785972276.051|[W][perf] iter=54ms (worst path so far: app.tick:459ms)
1785972276.104|[W][perf] iter=54ms (worst path so far: app.tick:459ms)
1785972276.158|[W][perf] iter=54ms (worst path so far: app.tick:459ms)
1785972276.212|[W][perf] iter=54ms (worst path so far: app.tick:459ms)
1785972276.266|[W][perf] iter=54ms (worst path so far: app.tick:459ms)
1785972276.320|[W][perf] iter=54ms (worst path so far: app.tick:459ms)
1785972276.375|[W][perf] iter=54ms (worst path so far: app.tick:459ms)
1785972276.429|[W][perf] iter=54ms (worst path so far: app.tick:459ms)
1785972276.482|[W][perf] iter=54ms (worst path so far: app.tick:459ms)
1785972276.536|[W][perf] iter=54ms (worst path so far: app.tick:459ms)
1785972276.590|[W][perf] iter=54ms (worst path so far: app.tick:459ms)
1785972278.360|[W][webradio] stream dead (isRunning=0 for 1815ms, bufStalled for 5000ms) — stop + resume Spotify TLS
1785972278.364|[W][webradio] auto-skip exhausted — no playable station
1785972278.374|[I][spotify.tls] tls yield — resumed
1785972278.399|[D][chrome] drawVolume pct=100 keyframe=4
1785972278.403|[D][chrome] drawVolume pct=100 keyframe=4
1785972278.429|[W][perf] iter=74ms (worst path so far: wr.pump:2501ms)
1785972278.599|[I][hb] display=winamp wifi=rssi(-53) disc=2 heap=53k maxAlloc=41k stack_hwm=12908b uptime=01:34:35 poll=0/0 last=0 block_max=0ms loop_max=461ms slow=wr.pump:2501ms last_poll_age_ms=0 next_poll_in_ms=5000 last_render_age_ms=179 build=Aug  5 2026-22:49:22
1785972302.523|[I][webradio] terminal retry — re-arming scan idx=0
1785972302.530|[I][webradio] play idx=0 name=INJECTED url=http://stream.slam.nl/WEB15_MP3
1785972302.874|[I][spotify.tls] tls yield — client stopped
1785972302.880|[membudget] TASK-267 _play pre-acquire lfbInt=42996 freeInt=54868
1785972302.886|[I][webradio] HEAP pre-connect free=54868 min=43348 maxAlloc=42996
1785972302.895|[membudget] CP1-pre-connect skip=0 freeInt=54868 lfbInt=42996 freeDma=11724 lfbDma=9716
1785972302.899|[W][perf] iter=375ms (worst path so far: app.tick:374ms)
1785972302.915|[I][webradio] audio_info: buffers freed, free Heap: 54868 bytes
1785972302.924|[I][webradio] audio_info: Connect to new host: "http://stream.slam.nl/WEB15_MP3"
1785972302.955|[D][chrome] drawVolume pct=100 keyframe=4
1785972302.958|[D][chrome] drawVolume pct=100 keyframe=4
1785972302.974|[I][webradio] audio_info: Connection has been established in 43 ms, free Heap: 54080 bytes
1785972302.988|[W][perf] iter=90ms (worst path so far: app.tick:374ms)
1785972302.992|[I][webradio] HEAP play free=52384 min=43348
1785972302.999|[I][webradio] audio_info: chunked data transfer
1785972303.008|[I][webradio] audio_info: redirect to new host "http://29023.live.streamtheworld.com/WEB15_MP3_SC"
1785972303.022|[I][webradio] audio_info: buffers freed, free Heap: 54496 bytes
1785972303.032|[I][webradio] audio_info: Connect to new host: "http://29023.live.streamtheworld.com/WEB15_MP3_SC"
1785972303.055|[D][chrome] drawVolume pct=100 keyframe=4
1785972303.058|[D][chrome] drawVolume pct=100 keyframe=4
1785972303.069|[I][webradio] audio_info: Connection has been established in 31 ms, free Heap: 53448 bytes
1785972303.090|[W][perf] iter=100ms (worst path so far: app.tick:374ms)
1785972304.132|[W][perf] iter=53ms (worst path so far: app.tick:374ms)
1785972304.186|[W][perf] iter=54ms (worst path so far: app.tick:374ms)
1785972304.240|[W][perf] iter=54ms (worst path so far: app.tick:374ms)
1785972304.294|[W][perf] iter=54ms (worst path so far: app.tick:374ms)
1785972304.348|[W][perf] iter=54ms (worst path so far: app.tick:374ms)
1785972304.402|[W][perf] iter=54ms (worst path so far: app.tick:374ms)
1785972304.456|[W][perf] iter=54ms (worst path so far: app.tick:374ms)
1785972304.509|[W][perf] iter=54ms (worst path so far: app.tick:374ms)
1785972304.565|[W][perf] iter=54ms (worst path so far: app.tick:374ms)
1785972304.619|[W][perf] iter=55ms (worst path so far: app.tick:374ms)
1785972304.673|[W][perf] iter=54ms (worst path so far: app.tick:374ms)
1785972304.727|[W][perf] iter=54ms (worst path so far: app.tick:374ms)
1785972304.781|[W][perf] iter=54ms (worst path so far: app.tick:374ms)
1785972304.835|[W][perf] iter=54ms (worst path so far: app.tick:374ms)
1785972304.889|[W][perf] iter=54ms (worst path so far: app.tick:374ms)
1785972304.943|[W][perf] iter=54ms (worst path so far: app.tick:374ms)
1785972304.997|[W][perf] iter=54ms (worst path so far: app.tick:374ms)
1785972305.051|[W][perf] iter=54ms (worst path so far: app.tick:374ms)
1785972305.105|[W][perf] iter=54ms (worst path so far: app.tick:374ms)
1785972305.159|[W][perf] iter=54ms (worst path so far: app.tick:374ms)
1785972305.213|[W][perf] iter=54ms (worst path so far: app.tick:374ms)
1785972305.268|[W][perf] iter=54ms (worst path so far: app.tick:374ms)
1785972305.321|[W][perf] iter=54ms (worst path so far: app.tick:374ms)
1785972305.375|[W][perf] iter=54ms (worst path so far: app.tick:374ms)
1785972305.429|[W][perf] iter=54ms (worst path so far: app.tick:374ms)
1785972305.483|[W][perf] iter=54ms (worst path so far: app.tick:374ms)
1785972305.537|[W][perf] iter=54ms (worst path so far: app.tick:374ms)
1785972305.591|[W][perf] iter=54ms (worst path so far: app.tick:374ms)
1785972305.645|[W][perf] iter=54ms (worst path so far: app.tick:374ms)
1785972305.698|[W][perf] iter=54ms (worst path so far: app.tick:374ms)
1785972305.753|[W][perf] iter=54ms (worst path so far: app.tick:374ms)
1785972305.807|[W][perf] iter=54ms (worst path so far: app.tick:374ms)
1785972305.861|[W][perf] iter=54ms (worst path so far: app.tick:374ms)
1785972305.915|[W][perf] iter=54ms (worst path so far: app.tick:374ms)
1785972305.968|[W][perf] iter=54ms (worst path so far: app.tick:374ms)
1785972306.024|[W][perf] iter=54ms (worst path so far: app.tick:374ms)
1785972306.076|[W][perf] iter=54ms (worst path so far: app.tick:374ms)
1785972306.131|[W][perf] iter=54ms (worst path so far: app.tick:374ms)
1785972306.185|[W][perf] iter=54ms (worst path so far: app.tick:374ms)
1785972306.239|[W][perf] iter=54ms (worst path so far: app.tick:374ms)
1785972306.293|[W][perf] iter=54ms (worst path so far: app.tick:374ms)
1785972306.348|[W][perf] iter=54ms (worst path so far: app.tick:374ms)
1785972306.401|[W][perf] iter=54ms (worst path so far: app.tick:374ms)
1785972306.455|[W][perf] iter=54ms (worst path so far: app.tick:374ms)
1785972306.508|[W][perf] iter=54ms (worst path so far: app.tick:374ms)
1785972306.563|[W][perf] iter=54ms (worst path so far: app.tick:374ms)
1785972307.995|[W][webradio] stream dead (isRunning=0 for 1479ms, bufStalled for 5000ms) — stop + resume Spotify TLS
1785972307.998|[I][webradio] stall idx=0 — retrying once
1785972308.002|[I][spotify.tls] tls yield — resumed
1785972308.034|[D][chrome] drawVolume pct=100 keyframe=4
1785972308.038|[D][chrome] drawVolume pct=100 keyframe=4
1785972308.063|[W][perf] iter=74ms (worst path so far: wr.pump:2502ms)
1785972308.071|[I][webradio] play idx=0 name=INJECTED url=http://stream.slam.nl/WEB15_MP3
1785972308.502|[I][spotify.tls] tls yield — client stopped
1785972308.508|[membudget] TASK-267 _play pre-acquire lfbInt=42996 freeInt=54644
1785972308.513|[I][webradio] HEAP pre-connect free=54644 min=43348 maxAlloc=42996
1785972308.522|[membudget] CP1-pre-connect skip=0 freeInt=54644 lfbInt=42996 freeDma=11500 lfbDma=9716
1785972308.527|[W][perf] iter=462ms (worst path so far: wr.pump:2502ms)
1785972308.541|[I][webradio] audio_info: buffers freed, free Heap: 54644 bytes
1785972308.550|[I][webradio] audio_info: Connect to new host: "http://stream.slam.nl/WEB15_MP3"
1785972308.580|[D][chrome] drawVolume pct=100 keyframe=4
1785972308.584|[D][chrome] drawVolume pct=100 keyframe=4
1785972308.599|[I][webradio] audio_info: Connection has been established in 41 ms, free Heap: 53660 bytes
1785972308.613|[W][perf] iter=88ms (worst path so far: wr.pump:2502ms)
1785972308.637|[I][hb] display=winamp wifi=rssi(-54) disc=2 heap=50k maxAlloc=41k stack_hwm=12908b uptime=01:35:05 poll=0/0 last=0 block_max=0ms loop_max=462ms slow=wr.pump:2502ms last_poll_age_ms=0 next_poll_in_ms=5000 last_render_age_ms=34 build=Aug  5 2026-22:49:22
1785972308.651|[I][webradio] audio_info: chunked data transfer
1785972308.660|[I][webradio] audio_info: redirect to new host "http://28973.live.streamtheworld.com/WEB15_MP3_SC"
1785972308.673|[I][webradio] audio_info: buffers freed, free Heap: 54272 bytes
1785972308.683|[I][webradio] audio_info: Connect to new host: "http://28973.live.streamtheworld.com/WEB15_MP3_SC"
1785972308.706|[D][chrome] drawVolume pct=100 keyframe=4
1785972308.709|[D][chrome] drawVolume pct=100 keyframe=4
1785972308.724|[I][webradio] audio_info: Connection has been established in 35 ms, free Heap: 53236 bytes
1785972308.740|[W][perf] iter=125ms (worst path so far: app.tick:99ms)
1785972309.741|[I][webradio] audio_info: icy-name: SLAM! 00's
1785972309.761|[mbdbg] helix alloc: DecInfo=0x3ffef4c8(2000) FHdr=0x3ffefc98(44) SI=0x3ffefcc4(40) SFJS=0x3ffefcec(36) Huff=0x3ffefd10(4624) Deq=0x3fff0f20(792) IMDCT=0x3fff1238(6944) Sub=0x3fff2d58(8708) FInfo=0x3fff4f5c(28)
1785972309.766|[I][webradio] audio_info: MP3Decoder has been initialized, free Heap: 47092 bytes
1785972309.774|[membudget] CP2-decoder-init freeInt=47092 lfbInt=42996 freeDma=3948 lfbDma=1652 arenaHWM=23216
1785972309.780|[W][perf] iter=52ms (worst path so far: app.tick:99ms)
1785972309.785|[I][webradio] audio_info: slow stream, dropouts are possible
1785972309.788|[I][webradio] audio_info: stream ready
1785972309.792|[I][webradio] audio_info: syncword found at pos 0
1785972309.800|[I][webradio] audio_info: Channels: 2
1785972309.804|[I][webradio] audio_info: SampleRate: 44100
1785972309.806|[I][webradio] audio_info: BitsPerSample: 16
1785972309.812|[I][webradio] audio_info: BitRate: 128000
1785972310.489|[I][webradio] audio_info: StreamTitle='Jan Wayne - Because The Night'
1785972310.492|[D][webradio] ICY: Jan Wayne - Because The Night
1785972311.789|[I][webradio] audio_info: slow stream, dropouts are possible
1785972312.788|[I][webradio] audio_info: slow stream, dropouts are possible
1785972313.790|[I][webradio] audio_info: slow stream, dropouts are possible
1785972314.790|[I][webradio] audio_info: slow stream, dropouts are possible
1785972315.791|[I][webradio] audio_info: slow stream, dropouts are possible
1785972316.031|[W][webradio] stream dead (isRunning=1 for 0ms, bufStalled for 5000ms) — stop + resume Spotify TLS
1785972316.034|[W][webradio] auto-skip exhausted — no playable station
1785972316.039|[I][spotify.tls] tls yield — resumed
1785972316.072|[D][chrome] drawVolume pct=100 keyframe=4
1785972316.076|[D][chrome] drawVolume pct=100 keyframe=4
1785972316.102|[W][perf] iter=76ms (worst path so far: app.tick:99ms)
1785972324.343|{"ok":true,"cmd":"get","var":"wrState","state":4,"last":true}
1785972324.354|{"ok":true,"cmd":"get","var":"wrIdx","idx":0,"last":true}
1785972338.067|[I][webradio] terminal retry — re-arming scan idx=0
1785972338.075|[I][webradio] play idx=0 name=INJECTED url=http://stream.slam.nl/WEB15_MP3
1785972338.538|[I][spotify.tls] tls yield — client stopped
1785972338.544|[membudget] TASK-267 _play pre-acquire lfbInt=42996 freeInt=52828
1785972338.550|[I][webradio] HEAP pre-connect free=52828 min=43348 maxAlloc=42996
1785972338.558|[membudget] CP1-pre-connect skip=0 freeInt=52828 lfbInt=42996 freeDma=9684 lfbDma=6644
1785972338.563|[W][perf] iter=495ms (worst path so far: app.tick:494ms)
1785972338.581|[I][webradio] audio_info: buffers freed, free Heap: 54496 bytes
1785972338.590|[I][webradio] audio_info: Connect to new host: "http://stream.slam.nl/WEB15_MP3"
1785972338.619|[D][chrome] drawVolume pct=100 keyframe=4
1785972338.623|[D][chrome] drawVolume pct=100 keyframe=4
1785972338.647|[W][perf] iter=85ms (worst path so far: app.tick:494ms)
1785972338.670|[I][hb] display=winamp wifi=rssi(-53) disc=2 heap=51k maxAlloc=41k stack_hwm=12908b uptime=01:35:35 poll=0/0 last=0 block_max=0ms loop_max=495ms slow=app.tick:494ms last_poll_age_ms=0 next_poll_in_ms=5000 last_render_age_ms=29 build=Aug  5 2026-22:49:22
1785972338.929|[I][webradio] audio_info: Connection has been established in 334 ms, free Heap: 53864 bytes
1785972338.935|[I][webradio] HEAP play free=52116 min=43348
1785972338.955|[I][webradio] audio_info: chunked data transfer
1785972338.965|[I][webradio] audio_info: redirect to new host "http://29023.live.streamtheworld.com/WEB15_MP3_SC"
1785972338.978|[I][webradio] audio_info: buffers freed, free Heap: 54496 bytes
1785972338.988|[I][webradio] audio_info: Connect to new host: "http://29023.live.streamtheworld.com/WEB15_MP3_SC"
1785972338.995|[D][chrome] drawVolume pct=100 keyframe=4
1785972338.999|[D][chrome] drawVolume pct=100 keyframe=4
1785972339.020|[I][webradio] audio_info: Connection has been established in 26 ms, free Heap: 53800 bytes
1785972339.031|[W][perf] iter=99ms (worst path so far: wr.connect:369ms)
1785972340.065|[W][perf] iter=53ms (worst path so far: wr.connect:369ms)
1785972340.119|[W][perf] iter=54ms (worst path so far: wr.connect:369ms)
1785972340.173|[W][perf] iter=54ms (worst path so far: wr.connect:369ms)
1785972340.226|[W][perf] iter=54ms (worst path so far: wr.connect:369ms)
1785972340.281|[W][perf] iter=54ms (worst path so far: wr.connect:369ms)
1785972340.335|[W][perf] iter=54ms (worst path so far: wr.connect:369ms)
1785972340.388|[W][perf] iter=54ms (worst path so far: wr.connect:369ms)
1785972340.443|[W][perf] iter=54ms (worst path so far: wr.connect:369ms)
1785972340.497|[W][perf] iter=54ms (worst path so far: wr.connect:369ms)
1785972340.550|[W][perf] iter=54ms (worst path so far: wr.connect:369ms)
1785972340.605|[W][perf] iter=55ms (worst path so far: wr.connect:369ms)
1785972340.659|[W][perf] iter=54ms (worst path so far: wr.connect:369ms)
1785972340.713|[W][perf] iter=54ms (worst path so far: wr.connect:369ms)
1785972340.767|[W][perf] iter=54ms (worst path so far: wr.connect:369ms)
1785972340.822|[W][perf] iter=54ms (worst path so far: wr.connect:369ms)
1785972340.875|[W][perf] iter=54ms (worst path so far: wr.connect:369ms)
1785972340.929|[W][perf] iter=54ms (worst path so far: wr.connect:369ms)
1785972340.983|[W][perf] iter=54ms (worst path so far: wr.connect:369ms)
1785972341.038|[W][perf] iter=54ms (worst path so far: wr.connect:369ms)
1785972341.091|[W][perf] iter=54ms (worst path so far: wr.connect:369ms)
1785972341.145|[W][perf] iter=54ms (worst path so far: wr.connect:369ms)
1785972341.201|[W][perf] iter=54ms (worst path so far: wr.connect:369ms)
1785972341.253|[W][perf] iter=54ms (worst path so far: wr.connect:369ms)
1785972341.308|[W][perf] iter=54ms (worst path so far: wr.connect:369ms)
1785972341.361|[W][perf] iter=54ms (worst path so far: wr.connect:369ms)
1785972341.416|[W][perf] iter=54ms (worst path so far: wr.connect:369ms)
1785972341.469|[W][perf] iter=54ms (worst path so far: wr.connect:369ms)
1785972341.523|[W][perf] iter=54ms (worst path so far: wr.connect:369ms)
1785972341.577|[W][perf] iter=54ms (worst path so far: wr.connect:369ms)
1785972341.631|[W][perf] iter=54ms (worst path so far: wr.connect:369ms)
1785972341.685|[W][perf] iter=54ms (worst path so far: wr.connect:369ms)
1785972341.739|[W][perf] iter=54ms (worst path so far: wr.connect:369ms)
1785972341.794|[W][perf] iter=54ms (worst path so far: wr.connect:369ms)
1785972341.847|[W][perf] iter=54ms (worst path so far: wr.connect:369ms)
1785972341.902|[W][perf] iter=54ms (worst path so far: wr.connect:369ms)
1785972341.956|[W][perf] iter=54ms (worst path so far: wr.connect:369ms)
1785972342.009|[W][perf] iter=54ms (worst path so far: wr.connect:369ms)
1785972342.063|[W][perf] iter=54ms (worst path so far: wr.connect:369ms)
1785972342.118|[W][perf] iter=54ms (worst path so far: wr.connect:369ms)
1785972342.172|[W][perf] iter=54ms (worst path so far: wr.connect:369ms)
1785972342.225|[W][perf] iter=54ms (worst path so far: wr.connect:369ms)
1785972342.279|[W][perf] iter=54ms (worst path so far: wr.connect:369ms)
1785972342.333|[W][perf] iter=54ms (worst path so far: wr.connect:369ms)
1785972342.388|[W][perf] iter=54ms (worst path so far: wr.connect:369ms)
1785972342.441|[W][perf] iter=54ms (worst path so far: wr.connect:369ms)
1785972342.495|[W][perf] iter=54ms (worst path so far: wr.connect:369ms)
1785972343.937|[W][webradio] stream dead (isRunning=0 for 1488ms, bufStalled for 5000ms) — stop + resume Spotify TLS
1785972343.940|[I][webradio] stall idx=0 — retrying once
1785972343.949|[I][spotify.tls] tls yield — resumed
1785972343.976|[D][chrome] drawVolume pct=100 keyframe=4
1785972343.980|[D][chrome] drawVolume pct=100 keyframe=4
1785972344.004|[W][perf] iter=74ms (worst path so far: wr.pump:2501ms)
1785972344.012|[I][webradio] play idx=0 name=INJECTED url=http://stream.slam.nl/WEB15_MP3
1785972344.450|[I][spotify.tls] tls yield — client stopped
1785972344.456|[membudget] TASK-267 _play pre-acquire lfbInt=42996 freeInt=54644
1785972344.461|[I][webradio] HEAP pre-connect free=54644 min=43348 maxAlloc=42996
1785972344.469|[membudget] CP1-pre-connect skip=0 freeInt=54644 lfbInt=42996 freeDma=11500 lfbDma=10228
1785972344.475|[W][perf] iter=467ms (worst path so far: wr.pump:2501ms)
1785972344.488|[I][webradio] audio_info: buffers freed, free Heap: 54644 bytes
1785972344.497|[I][webradio] audio_info: Connect to new host: "http://stream.slam.nl/WEB15_MP3"
1785972344.532|[I][webradio] audio_info: Connection has been established in 29 ms, free Heap: 53848 bytes
1785972344.537|[D][chrome] drawVolume pct=100 keyframe=4
1785972344.541|[D][chrome] drawVolume pct=100 keyframe=4
1785972344.558|[I][webradio] audio_info: chunked data transfer
1785972344.567|[I][webradio] audio_info: redirect to new host "http://28973.live.streamtheworld.com/WEB15_MP3_SC"
1785972344.580|[I][webradio] audio_info: buffers freed, free Heap: 54272 bytes
1785972344.591|[I][webradio] audio_info: Connect to new host: "http://28973.live.streamtheworld.com/WEB15_MP3_SC"
1785972344.595|[W][perf] iter=116ms (worst path so far: wr.pump:2501ms)
1785972344.622|[I][webradio] audio_info: Connection has been established in 26 ms, free Heap: 53376 bytes
1785972344.658|[D][chrome] drawVolume pct=100 keyframe=4
1785972344.661|[D][chrome] drawVolume pct=100 keyframe=4
1785972344.687|[W][perf] iter=93ms (worst path so far: wr.pump:2501ms)
1785972345.625|[I][webradio] audio_info: icy-name: SLAM! 00's
1785972345.645|[mbdbg] helix alloc: DecInfo=0x3ffef4c8(2000) FHdr=0x3ffefc98(44) SI=0x3ffefcc4(40) SFJS=0x3ffefcec(36) Huff=0x3ffefd10(4624) Deq=0x3fff0f20(792) IMDCT=0x3fff1238(6944) Sub=0x3fff2d58(8708) FInfo=0x3fff4f5c(28)
1785972345.650|[I][webradio] audio_info: MP3Decoder has been initialized, free Heap: 47248 bytes
1785972345.659|[membudget] CP2-decoder-init freeInt=47248 lfbInt=42996 freeDma=4104 lfbDma=1716 arenaHWM=23216
1785972345.664|[W][perf] iter=52ms (worst path so far: wr.pump:2501ms)
1785972345.670|[I][webradio] audio_info: slow stream, dropouts are possible
1785972345.673|[I][webradio] audio_info: stream ready
1785972345.678|[I][webradio] audio_info: syncword found at pos 0
1785972345.686|[I][webradio] audio_info: Channels: 2
1785972345.689|[I][webradio] audio_info: SampleRate: 44100
1785972345.692|[I][webradio] audio_info: BitsPerSample: 16
1785972345.697|[I][webradio] audio_info: BitRate: 128000
1785972346.467|[I][webradio] audio_info: StreamTitle='Jan Wayne - Because The Night'
1785972346.471|[D][webradio] ICY: Jan Wayne - Because The Night
1785972368.693|[I][hb] display=winamp wifi=rssi(-54) disc=2 heap=48k maxAlloc=41k stack_hwm=12908b uptime=01:36:05 poll=0/0 last=0 block_max=0ms loop_max=467ms slow=wr.pump:2501ms last_poll_age_ms=0 next_poll_in_ms=5000 last_render_age_ms=23992 build=Aug  5 2026-22:49:2
1785972368.931|[I][webradio] HEAP play free=49488 min=43348
1785972379.184|[I][webradio] audio_info: slow stream, dropouts are possible
1785972380.184|[I][webradio] audio_info: slow stream, dropouts are possible
1785972381.186|[I][webradio] audio_info: slow stream, dropouts are possible
1785972382.186|[I][webradio] audio_info: slow stream, dropouts are possible
1785972383.187|[I][webradio] audio_info: slow stream, dropouts are possible
1785972383.811|[W][webradio] stream dead (isRunning=1 for 0ms, bufStalled for 5000ms) — stop + resume Spotify TLS
1785972383.814|[I][webradio] stall idx=0 — retrying once
1785972383.825|[I][spotify.tls] tls yield — resumed
1785972383.853|[D][chrome] drawVolume pct=100 keyframe=4
1785972383.856|[D][chrome] drawVolume pct=100 keyframe=4
1785972383.881|[W][perf] iter=76ms (worst path so far: app.tick:75ms)
1785972383.888|[I][webradio] play idx=0 name=INJECTED url=http://stream.slam.nl/WEB15_MP3
1785972384.326|[I][spotify.tls] tls yield — client stopped
1785972384.332|[membudget] TASK-267 _play pre-acquire lfbInt=42996 freeInt=47588
1785972384.338|[I][webradio] HEAP pre-connect free=47588 min=43348 maxAlloc=42996
1785972384.346|[membudget] CP1-pre-connect skip=0 freeInt=47588 lfbInt=42996 freeDma=4444 lfbDma=1652
1785972384.351|[W][perf] iter=467ms (worst path so far: app.tick:465ms)
1785972384.371|[I][webradio] audio_info: buffers freed, free Heap: 49248 bytes
1785972384.379|[I][webradio] audio_info: Connect to new host: "http://stream.slam.nl/WEB15_MP3"
1785972384.407|[D][chrome] drawVolume pct=100 keyframe=4
1785972384.411|[D][chrome] drawVolume pct=100 keyframe=4
1785972384.436|[W][perf] iter=86ms (worst path so far: app.tick:465ms)
1785972384.718|[I][webradio] audio_info: Connection has been established in 330 ms, free Heap: 48616 bytes
1785972384.744|[I][webradio] audio_info: chunked data transfer
1785972384.753|[I][webradio] audio_info: redirect to new host "http://25223.live.streamtheworld.com/WEB15_MP3_SC"
1785972384.766|[I][webradio] audio_info: buffers freed, free Heap: 49028 bytes
1785972384.778|[I][webradio] audio_info: Connect to new host: "http://25223.live.streamtheworld.com/WEB15_MP3_SC"
1785972384.781|[D][chrome] drawVolume pct=100 keyframe=4
1785972384.785|[D][chrome] drawVolume pct=100 keyframe=4
1785972384.814|[W][perf] iter=95ms (worst path so far: app.tick:465ms)
1785972384.831|[I][webradio] audio_info: Connection has been established in 48 ms, free Heap: 48140 bytes
1785972385.566|[I][webradio] audio_info: icy-name: SLAM! 00's
1785972385.586|[mbdbg] helix alloc: DecInfo=0x3ffef4c8(2000) FHdr=0x3ffefc98(44) SI=0x3ffefcc4(40) SFJS=0x3ffefcec(36) Huff=0x3ffefd10(4624) Deq=0x3fff0f20(792) IMDCT=0x3fff1238(6944) Sub=0x3fff2d58(8708) FInfo=0x3fff4f5c(28)
1785972385.591|[I][webradio] audio_info: MP3Decoder has been initialized, free Heap: 47132 bytes
1785972385.600|[membudget] CP2-decoder-init freeInt=47132 lfbInt=42996 freeDma=3988 lfbDma=3060 arenaHWM=23216
1785972385.605|[W][perf] iter=53ms (worst path so far: app.tick:465ms)
1785972385.611|[I][webradio] audio_info: slow stream, dropouts are possible
1785972386.607|[I][webradio] audio_info: slow stream, dropouts are possible
1785972387.608|[I][webradio] audio_info: slow stream, dropouts are possible
1785972388.609|[I][webradio] audio_info: slow stream, dropouts are possible
1785972389.609|[I][webradio] audio_info: slow stream, dropouts are possible
1785972390.609|[W][webradio] stream dead (isRunning=1 for 0ms, bufStalled for 5000ms) — stop + resume Spotify TLS
1785972390.612|[W][webradio] auto-skip exhausted — no playable station
1785972390.617|[I][spotify.tls] tls yield — resumed
1785972390.649|[D][chrome] drawVolume pct=100 keyframe=4
1785972390.653|[D][chrome] drawVolume pct=100 keyframe=4
1785972390.680|[W][perf] iter=74ms (worst path so far: app.tick:465ms)
1785972398.668|[I][hb] display=winamp wifi=rssi(-53) disc=2 heap=49k maxAlloc=41k stack_hwm=12908b uptime=01:36:35 poll=0/0 last=0 block_max=0ms loop_max=467ms slow=app.tick:465ms last_poll_age_ms=0 next_poll_in_ms=5000 last_render_age_ms=7999 build=Aug  5 2026-22:49:22
1785972413.885|[I][webradio] terminal retry — re-arming scan idx=0
1785972413.892|[I][webradio] play idx=0 name=INJECTED url=http://stream.slam.nl/WEB15_MP3
1785972414.116|[I][spotify.tls] tls yield — client stopped
1785972414.122|[membudget] TASK-267 _play pre-acquire lfbInt=42996 freeInt=45944
1785972414.128|[I][webradio] HEAP pre-connect free=45944 min=43348 maxAlloc=42996
1785972414.136|[membudget] CP1-pre-connect skip=0 freeInt=45944 lfbInt=42996 freeDma=2800 lfbDma=1396
1785972414.141|[W][perf] iter=255ms (worst path so far: app.tick:254ms)
1785972414.162|[I][webradio] audio_info: buffers freed, free Heap: 55092 bytes
1785972414.170|[I][webradio] audio_info: Connect to new host: "http://stream.slam.nl/WEB15_MP3"
1785972414.197|[D][chrome] drawVolume pct=100 keyframe=4
1785972414.201|[D][chrome] drawVolume pct=100 keyframe=4
1785972414.210|[I][webradio] audio_info: Connection has been established in 32 ms, free Heap: 54096 bytes
1785972414.232|[W][perf] iter=92ms (worst path so far: app.tick:254ms)
1785972414.237|[I][webradio] HEAP play free=52916 min=43348
1785972414.244|[I][webradio] audio_info: chunked data transfer
1785972414.254|[I][webradio] audio_info: redirect to new host "http://29003.live.streamtheworld.com/WEB15_MP3_SC"
1785972414.266|[I][webradio] audio_info: buffers freed, free Heap: 54720 bytes
1785972414.276|[I][webradio] audio_info: Connect to new host: "http://29003.live.streamtheworld.com/WEB15_MP3_SC"
1785972414.301|[D][chrome] drawVolume pct=100 keyframe=4
1785972414.305|[D][chrome] drawVolume pct=100 keyframe=4
1785972414.330|[I][webradio] audio_info: Connection has been established in 48 ms, free Heap: 53800 bytes
1785972414.336|[W][perf] iter=102ms (worst path so far: app.tick:254ms)
1785972415.193|[I][webradio] audio_info: icy-name: SLAM! 00's
1785972415.212|[mbdbg] helix alloc: DecInfo=0x3ffef4c8(2000) FHdr=0x3ffefc98(44) SI=0x3ffefcc4(40) SFJS=0x3ffefcec(36) Huff=0x3ffefd10(4624) Deq=0x3fff0f20(792) IMDCT=0x3fff1238(6944) Sub=0x3fff2d58(8708) FInfo=0x3fff4f5c(28)
1785972415.218|[I][webradio] audio_info: MP3Decoder has been initialized, free Heap: 45684 bytes
1785972415.227|[membudget] CP2-decoder-init freeInt=45684 lfbInt=42996 freeDma=2540 lfbDma=1652 arenaHWM=23216
1785972415.232|[W][perf] iter=53ms (worst path so far: app.tick:254ms)
1785972415.238|[I][webradio] audio_info: slow stream, dropouts are possible
1785972415.240|[I][webradio] audio_info: stream ready
1785972415.245|[I][webradio] audio_info: syncword found at pos 0
1785972415.266|[I][webradio] audio_info: Channels: 2
1785972415.268|[I][webradio] audio_info: SampleRate: 44100
1785972415.272|[I][webradio] audio_info: BitsPerSample: 16
1785972415.277|[I][webradio] audio_info: BitRate: 128000
1785972415.877|[I][webradio] audio_info: StreamTitle='Perpetuous Dreamer - The Sound Of Goodbye'
1785972415.883|[D][webradio] ICY: Perpetuous Dreamer - The Sound Of Goodbye
1785972428.695|[I][hb] display=winamp wifi=rssi(-54) disc=2 heap=46k maxAlloc=41k stack_hwm=12908b uptime=01:37:05 poll=0/0 last=0 block_max=0ms loop_max=255ms slow=app.tick:254ms last_poll_age_ms=0 next_poll_in_ms=5000 last_render_age_ms=14358 build=Aug  5 2026-22:49:2
1785972444.240|[I][webradio] HEAP play free=46208 min=43348
1785972458.707|[I][hb] display=winamp wifi=rssi(-54) disc=2 heap=47k maxAlloc=41k stack_hwm=12908b uptime=01:37:35 poll=0/0 last=0 block_max=0ms loop_max=46ms slow=app.tick:26ms last_poll_age_ms=0 next_poll_in_ms=5000 last_render_age_ms=44358 build=Aug  5 2026-22:49:22
1785972474.248|[I][webradio] HEAP play free=48572 min=43348
1785972488.701|[I][hb] display=winamp wifi=rssi(-54) disc=2 heap=47k maxAlloc=41k stack_hwm=12908b uptime=01:38:05 poll=0/0 last=0 block_max=0ms loop_max=50ms slow=wr.pump:23ms last_poll_age_ms=0 next_poll_in_ms=5000 last_render_age_ms=74362 build=Aug  5 2026-22:49:22
1785972504.248|[I][webradio] HEAP play free=48572 min=43348
1785972518.689|[I][hb] display=winamp wifi=rssi(-53) disc=2 heap=47k maxAlloc=41k stack_hwm=12908b uptime=01:38:35 poll=0/0 last=0 block_max=0ms loop_max=50ms slow=wr.pump:23ms last_poll_age_ms=0 next_poll_in_ms=5000 last_render_age_ms=104363 build=Aug  5 2026-22:49:22
1785972520.418|{"ok":true,"cmd":"get","var":"wrState","state":2,"last":true}
1785972534.258|[I][webradio] HEAP play free=48796 min=43348
1785972548.702|[I][hb] display=winamp wifi=rssi(-53) disc=2 heap=46k maxAlloc=41k stack_hwm=12908b uptime=01:39:05 poll=0/0 last=0 block_max=0ms loop_max=26ms slow=wr.pump:23ms last_poll_age_ms=0 next_poll_in_ms=5000 last_render_age_ms=134374 build=Aug  5 2026-22:49:22
1785972550.460|{"ok":true,"cmd":"get","var":"wrState","state":2,"last":true}
1785972564.258|[I][webradio] HEAP play free=47308 min=43348
1785972578.700|[I][hb] display=winamp wifi=rssi(-53) disc=2 heap=46k maxAlloc=41k stack_hwm=12908b uptime=01:39:35 poll=0/0 last=0 block_max=0ms loop_max=48ms slow=wr.pump:23ms last_poll_age_ms=0 next_poll_in_ms=5000 last_render_age_ms=164374 build=Aug  5 2026-22:49:22
1785972580.482|{"ok":true,"cmd":"get","var":"wrState","state":2,"last":true}
1785972594.262|[I][webradio] HEAP play free=47308 min=43348
1785972608.712|[I][hb] display=winamp wifi=rssi(-54) disc=2 heap=47k maxAlloc=41k stack_hwm=12908b uptime=01:40:05 poll=0/0 last=0 block_max=0ms loop_max=25ms slow=wr.pump:23ms last_poll_age_ms=0 next_poll_in_ms=5000 last_render_age_ms=194381 build=Aug  5 2026-22:49:22
1785972610.518|{"ok":true,"cmd":"get","var":"wrState","state":2,"last":true}
1785972613.422|[I][webradio] audio_info: StreamTitle='Nelly Furtado - Maneater'
1785972613.426|[D][webradio] ICY: Nelly Furtado - Maneater
1785972624.274|[I][webradio] HEAP play free=47312 min=43348
1785972624.548|{"ok":true,"cmd":"get","var":"wrState","state":2,"last":true}
1785972624.576|{"ok":true,"cmd":"get","var":"wrIdx","idx":0,"last":true}
1785972638.718|[I][hb] display=winamp wifi=rssi(-53) disc=2 heap=47k maxAlloc=41k stack_hwm=12908b uptime=01:40:35 poll=0/0 last=0 block_max=0ms loop_max=47ms slow=wr.pump:23ms last_poll_age_ms=0 next_poll_in_ms=5000 last_render_age_ms=224391 build=Aug  5 2026-22:49:22
1785972638.733|[W][perf] iter=53ms (worst path so far: wr.pump:22ms)
1785972640.604|{"ok":true,"cmd":"get","var":"wrState","state":2,"last":true}
1785972654.281|[I][webradio] HEAP play free=49020 min=43348
1785972668.729|[I][hb] display=winamp wifi=rssi(-53) disc=2 heap=49k maxAlloc=41k stack_hwm=12908b uptime=01:41:05 poll=0/0 last=0 block_max=0ms loop_max=53ms slow=wr.pump:22ms last_poll_age_ms=0 next_poll_in_ms=5000 last_render_age_ms=254397 build=Aug  5 2026-22:49:22
1785972670.633|{"ok":true,"cmd":"get","var":"wrState","state":2,"last":true}
1785972684.289|[I][webradio] HEAP play free=49052 min=43348
1785972698.739|[I][hb] display=winamp wifi=rssi(-54) disc=2 heap=47k maxAlloc=41k stack_hwm=12908b uptime=01:41:35 poll=0/0 last=0 block_max=0ms loop_max=30ms slow=wr.pump:23ms last_poll_age_ms=0 next_poll_in_ms=5000 last_render_age_ms=284404 build=Aug  5 2026-22:49:22
1785972700.672|{"ok":true,"cmd":"get","var":"wrState","state":2,"last":true}
1785972714.295|[I][webradio] HEAP play free=49052 min=43348
1785972728.751|[I][hb] display=winamp wifi=rssi(-53) disc=2 heap=49k maxAlloc=41k stack_hwm=12908b uptime=01:42:05 poll=0/0 last=0 block_max=0ms loop_max=48ms slow=wr.pump:23ms last_poll_age_ms=0 next_poll_in_ms=5000 last_render_age_ms=314404 build=Aug  5 2026-22:49:22
1785972730.713|{"ok":true,"cmd":"get","var":"wrState","state":2,"last":true}
1785972744.294|[I][webradio] HEAP play free=49052 min=43348
1785972758.737|[I][hb] display=winamp wifi=rssi(-54) disc=2 heap=46k maxAlloc=41k stack_hwm=12908b uptime=01:42:35 poll=0/0 last=0 block_max=0ms loop_max=47ms slow=wr.pump:23ms last_poll_age_ms=0 next_poll_in_ms=5000 last_render_age_ms=344405 build=Aug  5 2026-22:49:22
1785972758.743|[W][perf] iter=51ms (worst path so far: wr.pump:21ms)
1785972760.753|{"ok":true,"cmd":"get","var":"wrState","state":2,"last":true}
1785972774.309|[I][webradio] HEAP play free=47340 min=43348
1785972788.746|[I][hb] display=winamp wifi=rssi(-53) disc=2 heap=47k maxAlloc=41k stack_hwm=12908b uptime=01:43:05 poll=0/0 last=0 block_max=0ms loop_max=51ms slow=wr.pump:23ms last_poll_age_ms=0 next_poll_in_ms=5000 last_render_age_ms=374406 build=Aug  5 2026-22:49:22
1785972788.755|[W][perf] iter=51ms (worst path so far: wr.pump:18ms)
1785972788.783|{"ok":true,"cmd":"get","var":"wrState","state":2,"last":true}
1785972802.001|[I][webradio] audio_info: StreamTitle='Alex Gaudino & Crystal Waters - Destination Calabria'
1785972802.008|[D][webradio] ICY: Alex Gaudino & Crystal Waters - Destination Calabria
1785972804.312|[I][webradio] HEAP play free=47340 min=43348
1785972818.738|[I][hb] display=winamp wifi=rssi(-54) disc=2 heap=47k maxAlloc=41k stack_hwm=12908b uptime=01:43:35 poll=0/0 last=0 block_max=0ms loop_max=51ms slow=wr.pump:23ms last_poll_age_ms=0 next_poll_in_ms=5000 last_render_age_ms=404411 build=Aug  5 2026-22:49:22
1785972818.802|{"ok":true,"cmd":"get","var":"wrState","state":2,"last":true}
1785972834.313|[I][webradio] HEAP play free=49052 min=43348
1785972848.745|[I][hb] display=winamp wifi=rssi(-54) disc=2 heap=47k maxAlloc=41k stack_hwm=12908b uptime=01:44:05 poll=0/0 last=0 block_max=0ms loop_max=46ms slow=wr.pump:23ms last_poll_age_ms=0 next_poll_in_ms=5000 last_render_age_ms=434421 build=Aug  5 2026-22:49:22
1785972848.836|{"ok":true,"cmd":"get","var":"wrState","state":2,"last":true}
1785972864.318|[I][webradio] HEAP play free=47340 min=43348
1785972878.742|[I][hb] display=winamp wifi=rssi(-54) disc=2 heap=47k maxAlloc=41k stack_hwm=12908b uptime=01:44:35 poll=0/0 last=0 block_max=0ms loop_max=47ms slow=app.tick:26ms last_poll_age_ms=0 next_poll_in_ms=5000 last_render_age_ms=464421 build=Aug  5 2026-22:49:22
1785972878.877|{"ok":true,"cmd":"get","var":"wrState","state":2,"last":true}
1785972886.589|[I][webradio] audio_info: slow stream, dropouts are possible
1785972888.609|[I][webradio] audio_info: slow stream, dropouts are possible
1785972894.317|[I][webradio] HEAP play free=49052 min=43348
1785972908.760|[I][hb] display=winamp wifi=rssi(-54) disc=2 heap=46k maxAlloc=41k stack_hwm=12908b uptime=01:45:05 poll=0/0 last=0 block_max=0ms loop_max=29ms slow=wr.pump:26ms last_poll_age_ms=0 next_poll_in_ms=5000 last_render_age_ms=494433 build=Aug  5 2026-22:49:22
1785972908.896|{"ok":true,"cmd":"get","var":"wrState","state":2,"last":true}
1785972924.326|[I][webradio] HEAP play free=47340 min=43348
1785972924.914|{"ok":true,"cmd":"get","var":"wrState","state":2,"last":true}
1785972924.932|{"ok":true,"cmd":"get","var":"wrIdx","idx":0,"last":true}
1785972938.777|[I][hb] display=winamp wifi=rssi(-54) disc=2 heap=47k maxAlloc=41k stack_hwm=12908b uptime=01:45:35 poll=0/0 last=0 block_max=0ms loop_max=47ms slow=wr.pump:23ms last_poll_age_ms=0 next_poll_in_ms=5000 last_render_age_ms=524433 build=Aug  5 2026-22:49:22
1785972938.963|{"ok":true,"cmd":"get","var":"wrState","state":2,"last":true}
1785972954.346|[I][webradio] HEAP play free=49052 min=43348
1785972968.763|[I][hb] display=winamp wifi=rssi(-53) disc=2 heap=47k maxAlloc=41k stack_hwm=12908b uptime=01:46:05 poll=0/0 last=0 block_max=0ms loop_max=48ms slow=app.tick:24ms last_poll_age_ms=0 next_poll_in_ms=5000 last_render_age_ms=554435 build=Aug  5 2026-22:49:22
1785972968.980|{"ok":true,"cmd":"get","var":"wrState","state":2,"last":true}
1785972978.932|[I][webradio] audio_info: StreamTitle='Paul Van Dyk ¤ - We Are Alive'
1785972978.937|[D][webradio] ICY: Paul Van Dyk ¤ - We Are Alive
1785972984.355|[I][webradio] HEAP play free=49052 min=43348
1785972998.769|[I][hb] display=winamp wifi=rssi(-53) disc=2 heap=49k maxAlloc=41k stack_hwm=12908b uptime=01:46:35 poll=0/0 last=0 block_max=0ms loop_max=46ms slow=app.tick:26ms last_poll_age_ms=0 next_poll_in_ms=5000 last_render_age_ms=584445 build=Aug  5 2026-22:49:22
1785972999.002|{"ok":true,"cmd":"get","var":"wrState","state":2,"last":true}
1785973014.362|[I][webradio] HEAP play free=50660 min=43348
1785973028.774|[I][hb] display=winamp wifi=rssi(-53) disc=2 heap=46k maxAlloc=41k stack_hwm=12908b uptime=01:47:05 poll=0/0 last=0 block_max=0ms loop_max=29ms slow=app.tick:24ms last_poll_age_ms=0 next_poll_in_ms=5000 last_render_age_ms=614451 build=Aug  5 2026-22:49:22
1785973029.032|{"ok":true,"cmd":"get","var":"wrState","state":2,"last":true}
1785973044.368|[I][webradio] HEAP play free=47340 min=43348
1785973058.784|[I][hb] display=winamp wifi=rssi(-54) disc=2 heap=47k maxAlloc=41k stack_hwm=12908b uptime=01:47:35 poll=0/0 last=0 block_max=0ms loop_max=47ms slow=wr.pump:23ms last_poll_age_ms=0 next_poll_in_ms=5000 last_render_age_ms=644462 build=Aug  5 2026-22:49:22
1785973059.055|{"ok":true,"cmd":"get","var":"wrState","state":2,"last":true}
1785973074.368|[I][webradio] HEAP play free=49052 min=43348
1785973088.785|[I][hb] display=winamp wifi=rssi(-53) disc=2 heap=46k maxAlloc=41k stack_hwm=12908b uptime=01:48:05 poll=0/0 last=0 block_max=0ms loop_max=50ms slow=app.tick:24ms last_poll_age_ms=0 next_poll_in_ms=5000 last_render_age_ms=674468 build=Aug  5 2026-22:49:22
1785973089.077|{"ok":true,"cmd":"get","var":"wrState","state":2,"last":true}
1785973104.377|[I][webradio] HEAP play free=47340 min=43348
1785973118.787|[I][hb] display=winamp wifi=rssi(-54) disc=2 heap=49k maxAlloc=41k stack_hwm=12908b uptime=01:48:35 poll=0/0 last=0 block_max=0ms loop_max=26ms slow=wr.pump:23ms last_poll_age_ms=0 next_poll_in_ms=5000 last_render_age_ms=704469 build=Aug  5 2026-22:49:22
1785973119.105|{"ok":true,"cmd":"get","var":"wrState","state":2,"last":true}
1785973134.377|[I][webradio] HEAP play free=47340 min=43348
1785973148.793|[I][hb] display=winamp wifi=rssi(-53) disc=2 heap=46k maxAlloc=41k stack_hwm=12908b uptime=01:49:05 poll=0/0 last=0 block_max=0ms loop_max=29ms slow=wr.pump:23ms last_poll_age_ms=0 next_poll_in_ms=5000 last_render_age_ms=734474 build=Aug  5 2026-22:49:22
1785973148.805|[W][perf] iter=51ms (worst path so far: wr.pump:22ms)
1785973149.135|{"ok":true,"cmd":"get","var":"wrState","state":2,"last":true}
1785973164.388|[I][webradio] HEAP play free=47340 min=43348
1785973178.790|[I][hb] display=winamp wifi=rssi(-53) disc=2 heap=47k maxAlloc=41k stack_hwm=12908b uptime=01:49:35 poll=0/0 last=0 block_max=0ms loop_max=51ms slow=app.tick:26ms last_poll_age_ms=0 next_poll_in_ms=5000 last_render_age_ms=764475 build=Aug  5 2026-22:49:22
1785973179.158|{"ok":true,"cmd":"get","var":"wrState","state":2,"last":true}
1785973194.388|[I][webradio] HEAP play free=49052 min=43348
1785973208.801|[I][hb] display=winamp wifi=rssi(-54) disc=2 heap=47k maxAlloc=41k stack_hwm=12908b uptime=01:50:05 poll=0/0 last=0 block_max=0ms loop_max=28ms slow=app.tick:26ms last_poll_age_ms=0 next_poll_in_ms=5000 last_render_age_ms=794480 build=Aug  5 2026-22:49:22
1785973209.180|{"ok":true,"cmd":"get","var":"wrState","state":2,"last":true}
1785973210.505|[I][webradio] audio_info: StreamTitle='Kelly Rowland - Work'
1785973210.510|[D][webradio] ICY: Kelly Rowland - Work
1785973224.387|[I][webradio] HEAP play free=47240 min=43348
1785973224.561|[I][webradio] audio_info: slow stream, dropouts are possible
1785973225.197|{"ok":true,"cmd":"get","var":"wrState","state":2,"last":true}
1785973225.208|{"ok":true,"cmd":"get","var":"wrIdx","idx":0,"last":true}
1785973225.562|[I][webradio] audio_info: slow stream, dropouts are possible
1785973226.563|[I][webradio] audio_info: slow stream, dropouts are possible
1785973227.564|[I][webradio] audio_info: slow stream, dropouts are possible
1785973228.565|[I][webradio] audio_info: slow stream, dropouts are possible
1785973228.922|[W][webradio] stream dead (isRunning=1 for 0ms, bufStalled for 5000ms) — stop + resume Spotify TLS
1785973228.925|[I][webradio] stall idx=0 — retrying once
1785973228.929|[I][spotify.tls] tls yield — resumed
1785973228.963|[D][chrome] drawVolume pct=100 keyframe=4
1785973228.967|[D][chrome] drawVolume pct=100 keyframe=4
1785973228.992|[W][perf] iter=75ms (worst path so far: app.tick:74ms)
1785973228.999|[I][webradio] play idx=0 name=INJECTED url=http://stream.slam.nl/WEB15_MP3
1785973229.429|[I][spotify.tls] tls yield — client stopped
1785973229.435|[membudget] TASK-267 _play pre-acquire lfbInt=42996 freeInt=47240
1785973229.440|[I][webradio] HEAP pre-connect free=47240 min=43348 maxAlloc=42996
1785973229.449|[membudget] CP1-pre-connect skip=0 freeInt=47240 lfbInt=42996 freeDma=4096 lfbDma=1652
1785973229.454|[W][perf] iter=460ms (worst path so far: app.tick:458ms)
1785973229.472|[I][webradio] audio_info: buffers freed, free Heap: 48916 bytes
1785973229.482|[I][webradio] audio_info: Connect to new host: "http://stream.slam.nl/WEB15_MP3"
1785973229.508|[D][chrome] drawVolume pct=100 keyframe=4
1785973229.511|[D][chrome] drawVolume pct=100 keyframe=4
1785973229.537|[W][perf] iter=84ms (worst path so far: app.tick:458ms)
1785973229.867|[I][webradio] audio_info: Connection has been established in 378 ms, free Heap: 48020 bytes
1785973229.897|[I][webradio] audio_info: chunked data transfer
1785973229.906|[I][webradio] audio_info: redirect to new host "http://22533.live.streamtheworld.com/WEB15_MP3_SC"
1785973229.919|[I][webradio] audio_info: buffers freed, free Heap: 48648 bytes
1785973229.930|[I][webradio] audio_info: Connect to new host: "http://22533.live.streamtheworld.com/WEB15_MP3_SC"
1785973229.933|[D][chrome] drawVolume pct=100 keyframe=4
1785973229.937|[D][chrome] drawVolume pct=100 keyframe=4
1785973229.965|[W][perf] iter=98ms (worst path so far: app.tick:458ms)
1785973229.979|[I][webradio] audio_info: Connection has been established in 43 ms, free Heap: 47612 bytes
1785973230.859|[W][perf] iter=53ms (worst path so far: app.tick:458ms)
1785973230.913|[W][perf] iter=54ms (worst path so far: app.tick:458ms)
1785973230.966|[W][perf] iter=54ms (worst path so far: app.tick:458ms)
1785973231.021|[W][perf] iter=54ms (worst path so far: app.tick:458ms)
1785973231.074|[W][perf] iter=54ms (worst path so far: app.tick:458ms)
1785973231.129|[W][perf] iter=54ms (worst path so far: app.tick:458ms)
1785973231.182|[W][perf] iter=54ms (worst path so far: app.tick:458ms)
1785973231.237|[W][perf] iter=54ms (worst path so far: app.tick:458ms)
1785973231.290|[W][perf] iter=54ms (worst path so far: app.tick:458ms)
1785973231.345|[W][perf] iter=54ms (worst path so far: app.tick:458ms)
1785973231.398|[W][perf] iter=54ms (worst path so far: app.tick:458ms)
1785973231.453|[W][perf] iter=54ms (worst path so far: app.tick:458ms)
1785973231.508|[W][perf] iter=55ms (worst path so far: app.tick:458ms)
1785973231.561|[W][perf] iter=54ms (worst path so far: app.tick:458ms)
1785973231.615|[W][perf] iter=54ms (worst path so far: app.tick:458ms)
1785973231.670|[W][perf] iter=54ms (worst path so far: app.tick:458ms)
1785973231.723|[W][perf] iter=54ms (worst path so far: app.tick:458ms)
1785973231.777|[W][perf] iter=54ms (worst path so far: app.tick:458ms)
1785973231.831|[W][perf] iter=54ms (worst path so far: app.tick:458ms)
1785973231.885|[W][perf] iter=54ms (worst path so far: app.tick:458ms)
1785973231.940|[W][perf] iter=54ms (worst path so far: app.tick:458ms)
1785973231.993|[W][perf] iter=54ms (worst path so far: app.tick:458ms)
1785973232.048|[W][perf] iter=54ms (worst path so far: app.tick:458ms)
1785973232.101|[W][perf] iter=54ms (worst path so far: app.tick:458ms)
1785973232.156|[W][perf] iter=54ms (worst path so far: app.tick:458ms)
1785973232.210|[W][perf] iter=54ms (worst path so far: app.tick:458ms)
1785973232.264|[W][perf] iter=54ms (worst path so far: app.tick:458ms)
1785973232.318|[W][perf] iter=54ms (worst path so far: app.tick:458ms)
1785973232.371|[W][perf] iter=54ms (worst path so far: app.tick:458ms)
1785973232.425|[W][perf] iter=54ms (worst path so far: app.tick:458ms)
1785973232.480|[W][perf] iter=54ms (worst path so far: app.tick:458ms)
1785973232.533|[W][perf] iter=54ms (worst path so far: app.tick:458ms)
1785973232.587|[W][perf] iter=54ms (worst path so far: app.tick:458ms)
1785973232.641|[W][perf] iter=54ms (worst path so far: app.tick:458ms)
1785973232.695|[W][perf] iter=54ms (worst path so far: app.tick:458ms)
1785973232.749|[W][perf] iter=54ms (worst path so far: app.tick:458ms)
1785973232.804|[W][perf] iter=54ms (worst path so far: app.tick:458ms)
1785973232.858|[W][perf] iter=54ms (worst path so far: app.tick:458ms)
1785973232.911|[W][perf] iter=54ms (worst path so far: app.tick:458ms)
1785973232.966|[W][perf] iter=54ms (worst path so far: app.tick:458ms)
1785973233.020|[W][perf] iter=54ms (worst path so far: app.tick:458ms)
1785973233.073|[W][perf] iter=54ms (worst path so far: app.tick:458ms)
1785973233.127|[W][perf] iter=54ms (worst path so far: app.tick:458ms)
1785973233.182|[W][perf] iter=54ms (worst path so far: app.tick:458ms)
1785973233.235|[W][perf] iter=54ms (worst path so far: app.tick:458ms)
1785973233.289|[W][perf] iter=54ms (worst path so far: app.tick:458ms)
1785973234.873|[W][webradio] stream dead (isRunning=0 for 1630ms, bufStalled for 5000ms) — stop + resume Spotify TLS
1785973234.878|[W][webradio] auto-skip exhausted — no playable station
1785973234.881|[I][spotify.tls] tls yield — resumed
1785973234.912|[D][chrome] drawVolume pct=100 keyframe=4
1785973234.916|[D][chrome] drawVolume pct=100 keyframe=4
1785973234.942|[W][perf] iter=74ms (worst path so far: wr.pump:2501ms)
1785973238.789|[I][hb] display=winamp wifi=rssi(-54) disc=2 heap=54k maxAlloc=41k stack_hwm=12908b uptime=01:50:35 poll=0/0 last=0 block_max=0ms loop_max=460ms slow=wr.pump:2501ms last_poll_age_ms=0 next_poll_in_ms=5000 last_render_age_ms=3857 build=Aug  5 2026-22:49:22
1785973258.996|[I][webradio] terminal retry — re-arming scan idx=0
1785973259.003|[I][webradio] play idx=0 name=INJECTED url=http://stream.slam.nl/WEB15_MP3
1785973259.379|[I][spotify.tls] tls yield — client stopped
1785973259.385|[membudget] TASK-267 _play pre-acquire lfbInt=42996 freeInt=55988
1785973259.391|[I][webradio] HEAP pre-connect free=55988 min=43348 maxAlloc=42996
1785973259.399|[membudget] CP1-pre-connect skip=0 freeInt=55988 lfbInt=42996 freeDma=12844 lfbDma=10228
1785973259.404|[W][perf] iter=408ms (worst path so far: app.tick:406ms)
1785973259.418|[I][webradio] audio_info: buffers freed, free Heap: 55988 bytes
1785973259.427|[I][webradio] audio_info: Connect to new host: "http://stream.slam.nl/WEB15_MP3"
1785973259.458|[D][chrome] drawVolume pct=100 keyframe=4
1785973259.467|[I][webradio] audio_info: Connection has been established in 33 ms, free Heap: 54980 bytes
1785973259.470|[D][chrome] drawVolume pct=100 keyframe=4
1785973259.493|[I][webradio] audio_info: chunked data transfer
1785973259.502|[I][webradio] audio_info: redirect to new host "http://22533.live.streamtheworld.com/WEB15_MP3_SC"
1785973259.514|[I][webradio] audio_info: buffers freed, free Heap: 55616 bytes
1785973259.525|[I][webradio] audio_info: Connect to new host: "http://22533.live.streamtheworld.com/WEB15_MP3_SC"
1785973259.528|[W][perf] iter=114ms (worst path so far: app.tick:406ms)
1785973259.534|[I][webradio] HEAP play free=54588 min=43348
1785973259.552|[I][webradio] audio_info: Connection has been established in 22 ms, free Heap: 54760 bytes
1785973259.587|[D][chrome] drawVolume pct=100 keyframe=4
1785973259.591|[D][chrome] drawVolume pct=100 keyframe=4
1785973259.618|[W][perf] iter=90ms (worst path so far: app.tick:406ms)
1785973260.476|[I][webradio] audio_info: icy-name: SLAM! 00's
1785973260.496|[mbdbg] helix alloc: DecInfo=0x3ffef4c8(2000) FHdr=0x3ffefc98(44) SI=0x3ffefcc4(40) SFJS=0x3ffefcec(36) Huff=0x3ffefd10(4624) Deq=0x3fff0f20(792) IMDCT=0x3fff1238(6944) Sub=0x3fff2d58(8708) FInfo=0x3fff4f5c(28)
1785973260.500|[I][webradio] audio_info: MP3Decoder has been initialized, free Heap: 48440 bytes
1785973260.509|[membudget] CP2-decoder-init freeInt=48440 lfbInt=42996 freeDma=5296 lfbDma=2292 arenaHWM=23216
1785973260.515|[W][perf] iter=53ms (worst path so far: app.tick:406ms)
1785973260.520|[I][webradio] audio_info: slow stream, dropouts are possible
1785973260.523|[I][webradio] audio_info: stream ready
1785973260.528|[I][webradio] audio_info: syncword found at pos 0
1785973260.548|[I][webradio] audio_info: Channels: 2
1785973260.551|[I][webradio] audio_info: SampleRate: 44100
1785973260.554|[I][webradio] audio_info: BitsPerSample: 16
1785973260.560|[I][webradio] audio_info: BitRate: 128000
1785973261.159|[I][webradio] audio_info: StreamTitle='Kelly Rowland - Work'
1785973261.179|[D][webradio] ICY: Kelly Rowland - Work
1785973263.539|[I][webradio] audio_info: slow stream, dropouts are possible
1785973264.540|[I][webradio] audio_info: slow stream, dropouts are possible
1785973265.542|[I][webradio] audio_info: slow stream, dropouts are possible
1785973266.543|[I][webradio] audio_info: slow stream, dropouts are possible
1785973267.544|[I][webradio] audio_info: slow stream, dropouts are possible
1785973267.641|[W][webradio] stream dead (isRunning=1 for 0ms, bufStalled for 5000ms) — stop + resume Spotify TLS
1785973267.644|[I][webradio] stall idx=0 — retrying once
1785973267.648|[I][spotify.tls] tls yield — resumed
1785973267.682|[D][chrome] drawVolume pct=100 keyframe=4
1785973267.686|[D][chrome] drawVolume pct=100 keyframe=4
1785973267.711|[W][perf] iter=76ms (worst path so far: app.tick:406ms)
1785973267.718|[I][webradio] play idx=0 name=INJECTED url=http://stream.slam.nl/WEB15_MP3
1785973268.149|[I][spotify.tls] tls yield — client stopped
1785973268.154|[membudget] TASK-267 _play pre-acquire lfbInt=42996 freeInt=46752
1785973268.160|[I][webradio] HEAP pre-connect free=46752 min=43348 maxAlloc=42996
1785973268.168|[membudget] CP1-pre-connect skip=0 freeInt=46752 lfbInt=42996 freeDma=3608 lfbDma=1652
1785973268.173|[W][perf] iter=460ms (worst path so far: app.tick:458ms)
1785973268.194|[I][webradio] audio_info: buffers freed, free Heap: 48420 bytes
1785973268.202|[I][webradio] audio_info: Connect to new host: "http://stream.slam.nl/WEB15_MP3"
1785973268.229|[D][chrome] drawVolume pct=100 keyframe=4
1785973268.232|[D][chrome] drawVolume pct=100 keyframe=4
1785973268.258|[W][perf] iter=85ms (worst path so far: app.tick:458ms)
1785973268.791|[I][hb] display=winamp wifi=rssi(-53) disc=2 heap=46k maxAlloc=41k stack_hwm=12908b uptime=01:51:05 poll=0/0 last=0 block_max=0ms loop_max=460ms slow=app.tick:458ms last_poll_age_ms=0 next_poll_in_ms=5000 last_render_age_ms=540 build=Aug  5 2026-22:49:22
1785973269.100|[I][webradio] audio_info: Connection has been established in 891 ms, free Heap: 47596 bytes
1785973269.127|[I][webradio] audio_info: chunked data transfer
1785973269.136|[I][webradio] audio_info: redirect to new host "http://22673.live.streamtheworld.com/WEB15_MP3_SC"
1785973269.149|[I][webradio] audio_info: buffers freed, free Heap: 48200 bytes
1785973269.160|[I][webradio] audio_info: Connect to new host: "http://22673.live.streamtheworld.com/WEB15_MP3_SC"
1785973269.163|[D][chrome] drawVolume pct=100 keyframe=4
1785973269.168|[D][chrome] drawVolume pct=100 keyframe=4
1785973269.197|[W][perf] iter=94ms (worst path so far: wr.connect:927ms)
1785973269.217|[I][webradio] audio_info: Connection has been established in 51 ms, free Heap: 47308 bytes
1785973274.106|[W][webradio] stream dead (isRunning=1 for 0ms, bufStalled for 5000ms) — stop + resume Spotify TLS
1785973274.109|[W][webradio] auto-skip exhausted — no playable station
1785973274.114|[I][spotify.tls] tls yield — resumed
1785973274.146|[D][chrome] drawVolume pct=100 keyframe=4
1785973274.150|[D][chrome] drawVolume pct=100 keyframe=4
1785973274.176|[W][perf] iter=75ms (worst path so far: wr.connect:927ms)
1785973297.715|[I][webradio] terminal retry — re-arming scan idx=0
1785973297.722|[I][webradio] play idx=0 name=INJECTED url=http://stream.slam.nl/WEB15_MP3
1785973298.116|[I][spotify.tls] tls yield — client stopped
1785973298.121|[membudget] TASK-267 _play pre-acquire lfbInt=42996 freeInt=48108
1785973298.127|[I][webradio] HEAP pre-connect free=48108 min=43348 maxAlloc=42996
1785973298.135|[membudget] CP1-pre-connect skip=0 freeInt=48108 lfbInt=42996 freeDma=4964 lfbDma=3060
1785973298.141|[W][perf] iter=425ms (worst path so far: wr.connect:927ms)
1785973298.158|[I][webradio] audio_info: buffers freed, free Heap: 55544 bytes
1785973298.167|[I][webradio] audio_info: Connect to new host: "http://stream.slam.nl/WEB15_MP3"
1785973298.199|[D][chrome] drawVolume pct=100 keyframe=4
1785973298.207|[I][webradio] audio_info: Connection has been established in 31 ms, free Heap: 54564 bytes
1785973298.210|[D][chrome] drawVolume pct=100 keyframe=4
1785973298.232|[I][webradio] audio_info: chunked data transfer
1785973298.241|[I][webradio] audio_info: redirect to new host "http://22533.live.streamtheworld.com/WEB15_MP3_SC"
1785973298.253|[I][webradio] audio_info: buffers freed, free Heap: 55172 bytes
1785973298.264|[I][webradio] audio_info: Connect to new host: "http://22533.live.streamtheworld.com/WEB15_MP3_SC"
1785973298.267|[W][perf] iter=117ms (worst path so far: wr.connect:927ms)
1785973298.273|[I][webradio] HEAP play free=54076 min=43348
1785973298.300|[I][webradio] audio_info: Connection has been established in 31 ms, free Heap: 54248 bytes
1785973298.334|[D][chrome] drawVolume pct=100 keyframe=4
1785973298.339|[D][chrome] drawVolume pct=100 keyframe=4
1785973298.366|[W][perf] iter=98ms (worst path so far: wr.connect:927ms)
1785973298.788|[I][hb] display=winamp wifi=rssi(-53) disc=2 heap=53k maxAlloc=41k stack_hwm=12908b uptime=01:51:35 poll=0/0 last=0 block_max=0ms loop_max=425ms slow=wr.connect:927ms last_poll_age_ms=0 next_poll_in_ms=5000 last_render_age_ms=433 build=Aug  5 2026-22:49:2
1785973299.340|[W][perf] iter=52ms (worst path so far: app.tick:51ms)
1785973299.393|[W][perf] iter=54ms (worst path so far: app.tick:52ms)
1785973299.448|[W][perf] iter=54ms (worst path so far: app.tick:52ms)
1785973299.501|[W][perf] iter=54ms (worst path so far: app.tick:52ms)
1785973299.555|[W][perf] iter=54ms (worst path so far: app.tick:52ms)
1785973299.609|[W][perf] iter=54ms (worst path so far: app.tick:52ms)
1785973299.663|[W][perf] iter=54ms (worst path so far: app.tick:52ms)
1785973299.718|[W][perf] iter=54ms (worst path so far: app.tick:52ms)
1785973299.771|[W][perf] iter=54ms (worst path so far: app.tick:52ms)
1785973299.825|[W][perf] iter=54ms (worst path so far: app.tick:52ms)
1785973299.879|[W][perf] iter=54ms (worst path so far: app.tick:52ms)
1785973299.935|[W][perf] iter=55ms (worst path so far: app.tick:53ms)
1785973299.989|[W][perf] iter=54ms (worst path so far: app.tick:53ms)
1785973300.043|[W][perf] iter=54ms (worst path so far: app.tick:53ms)
1785973300.096|[W][perf] iter=54ms (worst path so far: app.tick:53ms)
1785973300.150|[W][perf] iter=54ms (worst path so far: app.tick:53ms)
1785973300.205|[W][perf] iter=54ms (worst path so far: app.tick:53ms)
1785973300.258|[W][perf] iter=54ms (worst path so far: app.tick:53ms)
1785973300.312|[W][perf] iter=54ms (worst path so far: app.tick:53ms)
1785973300.366|[W][perf] iter=54ms (worst path so far: app.tick:53ms)
1785973300.420|[W][perf] iter=54ms (worst path so far: app.tick:53ms)
1785973300.474|[W][perf] iter=54ms (worst path so far: app.tick:53ms)
1785973300.530|[W][perf] iter=54ms (worst path so far: app.tick:53ms)
1785973300.583|[W][perf] iter=54ms (worst path so far: app.tick:53ms)
1785973300.636|[W][perf] iter=54ms (worst path so far: app.tick:53ms)
1785973300.690|[W][perf] iter=54ms (worst path so far: app.tick:53ms)
1785973300.744|[W][perf] iter=54ms (worst path so far: app.tick:53ms)
1785973300.798|[W][perf] iter=54ms (worst path so far: app.tick:53ms)
1785973300.853|[W][perf] iter=54ms (worst path so far: app.tick:53ms)
1785973300.907|[W][perf] iter=54ms (worst path so far: app.tick:53ms)
1785973300.960|[W][perf] iter=54ms (worst path so far: app.tick:53ms)
1785973301.015|[W][perf] iter=54ms (worst path so far: app.tick:53ms)
1785973301.068|[W][perf] iter=54ms (worst path so far: app.tick:53ms)
1785973301.122|[W][perf] iter=54ms (worst path so far: app.tick:53ms)
1785973301.177|[W][perf] iter=54ms (worst path so far: app.tick:53ms)
1785973301.230|[W][perf] iter=54ms (worst path so far: app.tick:53ms)
1785973301.284|[W][perf] iter=54ms (worst path so far: app.tick:53ms)
1785973301.338|[W][perf] iter=54ms (worst path so far: app.tick:53ms)
1785973301.393|[W][perf] iter=54ms (worst path so far: app.tick:53ms)
1785973301.446|[W][perf] iter=54ms (worst path so far: app.tick:53ms)
1785973301.500|[W][perf] iter=54ms (worst path so far: app.tick:53ms)
1785973301.554|[W][perf] iter=54ms (worst path so far: app.tick:53ms)
1785973301.609|[W][perf] iter=54ms (worst path so far: app.tick:53ms)
1785973301.662|[W][perf] iter=54ms (worst path so far: app.tick:53ms)
1785973301.716|[W][perf] iter=54ms (worst path so far: app.tick:53ms)
1785973301.770|[W][perf] iter=54ms (worst path so far: app.tick:53ms)
1785973303.274|[W][webradio] stream dead (isRunning=0 for 1549ms, bufStalled for 5000ms) — stop + resume Spotify TLS
1785973303.277|[I][webradio] stall idx=0 — retrying once
1785973303.286|[I][spotify.tls] tls yield — resumed
1785973303.313|[D][chrome] drawVolume pct=100 keyframe=4
1785973303.317|[D][chrome] drawVolume pct=100 keyframe=4
1785973303.342|[W][perf] iter=74ms (worst path so far: wr.pump:2503ms)
1785973303.350|[I][webradio] play idx=0 name=INJECTED url=http://stream.slam.nl/WEB15_MP3
1785973303.787|[I][spotify.tls] tls yield — client stopped
1785973303.792|[membudget] TASK-267 _play pre-acquire lfbInt=42996 freeInt=55316
1785973303.798|[I][webradio] HEAP pre-connect free=55316 min=43348 maxAlloc=42996
1785973303.806|[membudget] CP1-pre-connect skip=0 freeInt=55316 lfbInt=42996 freeDma=12172 lfbDma=9716
1785973303.811|[W][perf] iter=467ms (worst path so far: wr.pump:2503ms)
1785973303.826|[I][webradio] audio_info: buffers freed, free Heap: 55316 bytes
1785973303.835|[I][webradio] audio_info: Connect to new host: "http://stream.slam.nl/WEB15_MP3"
1785973303.870|[I][webradio] audio_info: Connection has been established in 29 ms, free Heap: 54540 bytes
1785973303.875|[D][chrome] drawVolume pct=100 keyframe=4
1785973303.878|[D][chrome] drawVolume pct=100 keyframe=4
1785973303.897|[I][webradio] audio_info: chunked data transfer
1785973303.905|[I][webradio] audio_info: redirect to new host "http://22353.live.streamtheworld.com/WEB15_MP3_SC"
1785973303.918|[I][webradio] audio_info: buffers freed, free Heap: 54944 bytes
1785973303.929|[I][webradio] audio_info: Connect to new host: "http://22353.live.streamtheworld.com/WEB15_MP3_SC"
1785973303.933|[W][perf] iter=114ms (worst path so far: wr.pump:2503ms)
1785973303.979|[I][webradio] audio_info: Connection has been established in 45 ms, free Heap: 54236 bytes
1785973304.013|[D][chrome] drawVolume pct=100 keyframe=4
1785973304.018|[D][chrome] drawVolume pct=100 keyframe=4
1785973304.044|[W][perf] iter=111ms (worst path so far: wr.pump:2503ms)
1785973304.943|[W][perf] iter=53ms (worst path so far: wr.pump:2503ms)
1785973304.996|[W][perf] iter=54ms (worst path so far: wr.pump:2503ms)
1785973305.050|[W][perf] iter=54ms (worst path so far: wr.pump:2503ms)
1785973305.104|[W][perf] iter=54ms (worst path so far: wr.pump:2503ms)
1785973305.158|[W][perf] iter=54ms (worst path so far: wr.pump:2503ms)
1785973305.212|[W][perf] iter=54ms (worst path so far: wr.pump:2503ms)
1785973305.266|[W][perf] iter=54ms (worst path so far: wr.pump:2503ms)
1785973305.320|[W][perf] iter=54ms (worst path so far: wr.pump:2503ms)
1785973305.374|[W][perf] iter=54ms (worst path so far: wr.pump:2503ms)
1785973305.428|[W][perf] iter=54ms (worst path so far: wr.pump:2503ms)
1785973305.482|[W][perf] iter=54ms (worst path so far: wr.pump:2503ms)
1785973305.536|[W][perf] iter=54ms (worst path so far: wr.pump:2503ms)
1785973305.591|[W][perf] iter=55ms (worst path so far: wr.pump:2503ms)
1785973305.645|[W][perf] iter=54ms (worst path so far: wr.pump:2503ms)
1785973305.699|[W][perf] iter=54ms (worst path so far: wr.pump:2503ms)
1785973305.753|[W][perf] iter=54ms (worst path so far: wr.pump:2503ms)
1785973305.807|[W][perf] iter=54ms (worst path so far: wr.pump:2503ms)
1785973305.861|[W][perf] iter=54ms (worst path so far: wr.pump:2503ms)
1785973305.915|[W][perf] iter=54ms (worst path so far: wr.pump:2503ms)
1785973305.969|[W][perf] iter=54ms (worst path so far: wr.pump:2503ms)
1785973306.023|[W][perf] iter=54ms (worst path so far: wr.pump:2503ms)
1785973306.077|[W][perf] iter=54ms (worst path so far: wr.pump:2503ms)
1785973306.131|[W][perf] iter=54ms (worst path so far: wr.pump:2503ms)
1785973306.186|[W][perf] iter=54ms (worst path so far: wr.pump:2503ms)
1785973306.239|[W][perf] iter=54ms (worst path so far: wr.pump:2503ms)
1785973306.293|[W][perf] iter=54ms (worst path so far: wr.pump:2503ms)
1785973306.347|[W][perf] iter=54ms (worst path so far: wr.pump:2503ms)
1785973306.401|[W][perf] iter=54ms (worst path so far: wr.pump:2503ms)
1785973306.456|[W][perf] iter=54ms (worst path so far: wr.pump:2503ms)
1785973306.509|[W][perf] iter=54ms (worst path so far: wr.pump:2503ms)
1785973306.565|[W][perf] iter=54ms (worst path so far: wr.pump:2503ms)
1785973306.617|[W][perf] iter=54ms (worst path so far: wr.pump:2503ms)
1785973306.671|[W][perf] iter=54ms (worst path so far: wr.pump:2503ms)
1785973306.725|[W][perf] iter=54ms (worst path so far: wr.pump:2503ms)
1785973306.779|[W][perf] iter=54ms (worst path so far: wr.pump:2503ms)
1785973306.833|[W][perf] iter=54ms (worst path so far: wr.pump:2503ms)
1785973306.887|[W][perf] iter=54ms (worst path so far: wr.pump:2503ms)
1785973306.942|[W][perf] iter=54ms (worst path so far: wr.pump:2503ms)
1785973306.996|[W][perf] iter=54ms (worst path so far: wr.pump:2503ms)
1785973307.049|[W][perf] iter=54ms (worst path so far: wr.pump:2503ms)
1785973307.103|[W][perf] iter=54ms (worst path so far: wr.pump:2503ms)
1785973307.157|[W][perf] iter=54ms (worst path so far: wr.pump:2503ms)
1785973307.211|[W][perf] iter=54ms (worst path so far: wr.pump:2503ms)
1785973307.266|[W][perf] iter=54ms (worst path so far: wr.pump:2503ms)
1785973307.320|[W][perf] iter=54ms (worst path so far: wr.pump:2503ms)
1785973307.374|[W][perf] iter=54ms (worst path so far: wr.pump:2503ms)
1785973308.939|[W][webradio] stream dead (isRunning=0 for 1612ms, bufStalled for 5000ms) — stop + resume Spotify TLS
1785973308.943|[W][webradio] auto-skip exhausted — no playable station
1785973308.950|[I][spotify.tls] tls yield — resumed
1785973308.978|[D][chrome] drawVolume pct=100 keyframe=4
1785973308.982|[D][chrome] drawVolume pct=100 keyframe=4
1785973309.008|[W][perf] iter=74ms (worst path so far: wr.pump:2503ms)
1785973328.787|[I][hb] display=winamp wifi=rssi(-53) disc=2 heap=53k maxAlloc=41k stack_hwm=12908b uptime=01:52:05 poll=0/0 last=0 block_max=0ms loop_max=467ms slow=wr.pump:2503ms last_poll_age_ms=0 next_poll_in_ms=5000 last_render_age_ms=19790 build=Aug  5 2026-22:49:2
1785973333.346|[I][webradio] terminal retry — re-arming scan idx=0
1785973333.353|[I][webradio] play idx=0 name=INJECTED url=http://stream.slam.nl/WEB15_MP3
1785973333.450|[I][spotify.tls] tls yield — client stopped
1785973333.456|[membudget] TASK-267 _play pre-acquire lfbInt=42996 freeInt=55092
1785973333.461|[I][webradio] HEAP pre-connect free=55092 min=43348 maxAlloc=42996
1785973333.470|[membudget] CP1-pre-connect skip=0 freeInt=55092 lfbInt=42996 freeDma=11948 lfbDma=9716
1785973333.475|[W][perf] iter=128ms (worst path so far: app.tick:127ms)
1785973333.490|[I][webradio] audio_info: buffers freed, free Heap: 55092 bytes
1785973333.499|[I][webradio] audio_info: Connect to new host: "http://stream.slam.nl/WEB15_MP3"
1785973333.534|[I][webradio] audio_info: Connection has been established in 28 ms, free Heap: 54308 bytes
1785973333.539|[D][chrome] drawVolume pct=100 keyframe=4
1785973333.542|[D][chrome] drawVolume pct=100 keyframe=4
1785973333.560|[I][webradio] audio_info: chunked data transfer
1785973333.569|[I][webradio] audio_info: redirect to new host "http://29003.live.streamtheworld.com/WEB15_MP3_SC"
1785973333.583|[I][webradio] audio_info: buffers freed, free Heap: 54720 bytes
1785973333.593|[I][webradio] audio_info: Connect to new host: "http://29003.live.streamtheworld.com/WEB15_MP3_SC"
1785973333.596|[W][perf] iter=117ms (worst path so far: app.tick:127ms)
1785973333.601|[I][webradio] HEAP play free=54124 min=43348
1785973333.639|[I][webradio] audio_info: Connection has been established in 41 ms, free Heap: 53668 bytes
1785973333.673|[D][chrome] drawVolume pct=100 keyframe=4
1785973333.677|[D][chrome] drawVolume pct=100 keyframe=4
1785973333.705|[W][perf] iter=107ms (worst path so far: app.tick:127ms)
1785973334.450|[I][webradio] audio_info: icy-name: SLAM! 00's
1785973334.469|[mbdbg] helix alloc: DecInfo=0x3ffef4c8(2000) FHdr=0x3ffefc98(44) SI=0x3ffefcc4(40) SFJS=0x3ffefcec(36) Huff=0x3ffefd10(4624) Deq=0x3fff0f20(792) IMDCT=0x3fff1238(6944) Sub=0x3fff2d58(8708) FInfo=0x3fff4f5c(28)
1785973334.476|[I][webradio] audio_info: MP3Decoder has been initialized, free Heap: 47536 bytes
1785973334.483|[membudget] CP2-decoder-init freeInt=47536 lfbInt=42996 freeDma=4392 lfbDma=1780 arenaHWM=23216
1785973334.489|[W][perf] iter=53ms (worst path so far: app.tick:127ms)
1785973334.491|[I][webradio] audio_info: stream ready
1785973334.496|[I][webradio] audio_info: syncword found at pos 0
1785973334.507|[I][webradio] audio_info: Channels: 2
1785973334.510|[I][webradio] audio_info: SampleRate: 44100
1785973334.512|[I][webradio] audio_info: BitsPerSample: 16
1785973334.518|[I][webradio] audio_info: BitRate: 128000
1785973335.114|[I][webradio] audio_info: StreamTitle='Kelly Rowland - Work'
1785973335.120|[D][webradio] ICY: Kelly Rowland - Work
1785973336.505|[I][webradio] audio_info: slow stream, dropouts are possible
1785973337.506|[I][webradio] audio_info: slow stream, dropouts are possible
1785973338.507|[I][webradio] audio_info: slow stream, dropouts are possible
1785973339.508|[I][webradio] audio_info: slow stream, dropouts are possible
1785973340.509|[I][webradio] audio_info: slow stream, dropouts are possible
1785973340.710|[W][webradio] stream dead (isRunning=1 for 0ms, bufStalled for 5000ms) — stop + resume Spotify TLS
1785973340.713|[I][webradio] stall idx=0 — retrying once
1785973340.717|[I][spotify.tls] tls yield — resumed
1785973340.751|[D][chrome] drawVolume pct=100 keyframe=4
1785973340.755|[D][chrome] drawVolume pct=100 keyframe=4
1785973340.780|[W][perf] iter=76ms (worst path so far: app.tick:127ms)
1785973340.787|[I][webradio] play idx=0 name=INJECTED url=http://stream.slam.nl/WEB15_MP3
1785973341.218|[I][spotify.tls] tls yield — client stopped
1785973341.223|[membudget] TASK-267 _play pre-acquire lfbInt=42996 freeInt=47284
1785973341.229|[I][webradio] HEAP pre-connect free=47284 min=43348 maxAlloc=42996
1785973341.237|[membudget] CP1-pre-connect skip=0 freeInt=47284 lfbInt=42996 freeDma=4140 lfbDma=1652
1785973341.242|[W][perf] iter=460ms (worst path so far: app.tick:457ms)
1785973341.261|[I][webradio] audio_info: buffers freed, free Heap: 48952 bytes
1785973341.270|[I][webradio] audio_info: Connect to new host: "http://stream.slam.nl/WEB15_MP3"
1785973341.297|[D][chrome] drawVolume pct=100 keyframe=4
1785973341.301|[D][chrome] drawVolume pct=100 keyframe=4
1785973341.326|[W][perf] iter=84ms (worst path so far: app.tick:457ms)
1785973341.644|[I][webradio] audio_info: Connection has been established in 368 ms, free Heap: 48320 bytes
1785973341.673|[I][webradio] audio_info: chunked data transfer
1785973341.683|[I][webradio] audio_info: redirect to new host "http://29023.live.streamtheworld.com/WEB15_MP3_SC"
1785973341.696|[I][webradio] audio_info: buffers freed, free Heap: 48728 bytes
1785973341.707|[I][webradio] audio_info: Connect to new host: "http://29023.live.streamtheworld.com/WEB15_MP3_SC"
1785973341.710|[D][chrome] drawVolume pct=100 keyframe=4
1785973341.714|[D][chrome] drawVolume pct=100 keyframe=4
1785973341.738|[W][perf] iter=94ms (worst path so far: app.tick:457ms)
1785973341.793|[W][perf] iter=54ms (worst path so far: app.tick:457ms)
1785973341.846|[W][perf] iter=54ms (worst path so far: app.tick:457ms)
1785973341.900|[W][perf] iter=54ms (worst path so far: app.tick:457ms)
1785973341.955|[W][perf] iter=54ms (worst path so far: app.tick:457ms)
1785973342.008|[W][perf] iter=54ms (worst path so far: app.tick:457ms)
1785973342.062|[W][perf] iter=54ms (worst path so far: app.tick:457ms)
1785973342.117|[W][perf] iter=54ms (worst path so far: app.tick:457ms)
1785973342.171|[W][perf] iter=54ms (worst path so far: app.tick:457ms)
1785973342.225|[W][perf] iter=54ms (worst path so far: app.tick:457ms)
1785973342.279|[W][perf] iter=54ms (worst path so far: app.tick:457ms)
1785973342.333|[W][perf] iter=54ms (worst path so far: app.tick:457ms)
1785973342.387|[W][perf] iter=54ms (worst path so far: app.tick:457ms)
1785973342.440|[W][perf] iter=54ms (worst path so far: app.tick:457ms)
1785973342.495|[W][perf] iter=54ms (worst path so far: app.tick:457ms)
1785973342.549|[W][perf] iter=54ms (worst path so far: app.tick:457ms)
1785973342.603|[W][perf] iter=54ms (worst path so far: app.tick:457ms)
1785973342.657|[W][perf] iter=54ms (worst path so far: app.tick:457ms)
1785973342.711|[W][perf] iter=54ms (worst path so far: app.tick:457ms)
1785973342.765|[W][perf] iter=54ms (worst path so far: app.tick:457ms)
1785973342.819|[W][perf] iter=54ms (worst path so far: app.tick:457ms)
1785973342.872|[W][perf] iter=54ms (worst path so far: app.tick:457ms)
1785973342.927|[W][perf] iter=54ms (worst path so far: app.tick:457ms)
1785973342.980|[W][perf] iter=54ms (worst path so far: app.tick:457ms)
1785973343.036|[W][perf] iter=54ms (worst path so far: app.tick:457ms)
1785973343.088|[W][perf] iter=54ms (worst path so far: app.tick:457ms)
1785973343.142|[W][perf] iter=54ms (worst path so far: app.tick:457ms)
1785973343.197|[W][perf] iter=54ms (worst path so far: app.tick:457ms)
1785973343.250|[W][perf] iter=54ms (worst path so far: app.tick:457ms)
1785973343.307|[W][perf] iter=55ms (worst path so far: app.tick:457ms)
1785973343.360|[W][perf] iter=54ms (worst path so far: app.tick:457ms)
1785973343.414|[W][perf] iter=54ms (worst path so far: app.tick:457ms)
1785973343.467|[W][perf] iter=54ms (worst path so far: app.tick:457ms)
1785973343.521|[W][perf] iter=54ms (worst path so far: app.tick:457ms)
1785973343.576|[W][perf] iter=54ms (worst path so far: app.tick:457ms)
1785973343.630|[W][perf] iter=54ms (worst path so far: app.tick:457ms)
1785973343.684|[W][perf] iter=54ms (worst path so far: app.tick:457ms)
1785973343.738|[W][perf] iter=54ms (worst path so far: app.tick:457ms)
1785973343.792|[W][perf] iter=54ms (worst path so far: app.tick:457ms)
1785973343.845|[W][perf] iter=54ms (worst path so far: app.tick:457ms)
1785973343.899|[W][perf] iter=54ms (worst path so far: app.tick:457ms)
1785973343.955|[W][perf] iter=54ms (worst path so far: app.tick:457ms)
1785973344.008|[W][perf] iter=54ms (worst path so far: app.tick:457ms)
1785973344.062|[W][perf] iter=54ms (worst path so far: app.tick:457ms)
1785973344.116|[W][perf] iter=54ms (worst path so far: app.tick:457ms)
1785973344.172|[W][perf] iter=54ms (worst path so far: app.tick:457ms)
1785973344.224|[W][perf] iter=54ms (worst path so far: app.tick:457ms)
1785973344.278|[W][perf] iter=54ms (worst path so far: app.tick:457ms)
1785973344.332|[W][perf] iter=54ms (worst path so far: app.tick:457ms)
1785973344.386|[W][perf] iter=54ms (worst path so far: app.tick:457ms)
1785973344.440|[W][perf] iter=54ms (worst path so far: app.tick:457ms)
1785973344.494|[W][perf] iter=54ms (worst path so far: app.tick:457ms)
1785973344.549|[W][perf] iter=54ms (worst path so far: app.tick:457ms)
1785973344.601|[W][perf] iter=54ms (worst path so far: app.tick:457ms)
1785973344.656|[W][perf] iter=54ms (worst path so far: app.tick:457ms)
1785973344.710|[W][perf] iter=54ms (worst path so far: app.tick:457ms)
1785973344.764|[W][perf] iter=54ms (worst path so far: app.tick:457ms)
1785973344.818|[W][perf] iter=54ms (worst path so far: app.tick:457ms)
1785973344.872|[W][perf] iter=54ms (worst path so far: app.tick:457ms)
1785973344.926|[W][perf] iter=54ms (worst path so far: app.tick:457ms)
1785973344.979|[W][perf] iter=54ms (worst path so far: app.tick:457ms)
1785973345.033|[W][perf] iter=54ms (worst path so far: app.tick:457ms)
1785973345.087|[W][perf] iter=54ms (worst path so far: app.tick:457ms)
1785973345.142|[W][perf] iter=54ms (worst path so far: app.tick:457ms)
1785973345.195|[W][perf] iter=54ms (worst path so far: app.tick:457ms)
1785973345.249|[W][perf] iter=54ms (worst path so far: app.tick:457ms)
1785973345.304|[W][perf] iter=54ms (worst path so far: app.tick:457ms)
1785973345.358|[W][perf] iter=54ms (worst path so far: app.tick:457ms)
1785973345.412|[W][perf] iter=54ms (worst path so far: app.tick:457ms)
1785973345.466|[W][perf] iter=54ms (worst path so far: app.tick:457ms)
1785973345.520|[W][perf] iter=54ms (worst path so far: app.tick:457ms)
1785973345.574|[W][perf] iter=54ms (worst path so far: app.tick:457ms)
1785973345.628|[W][perf] iter=54ms (worst path so far: app.tick:457ms)
1785973345.682|[W][perf] iter=54ms (worst path so far: app.tick:457ms)
1785973345.736|[W][perf] iter=54ms (worst path so far: app.tick:457ms)
1785973345.790|[W][perf] iter=54ms (worst path so far: app.tick:457ms)
1785973345.843|[W][perf] iter=54ms (worst path so far: app.tick:457ms)
1785973345.899|[W][perf] iter=54ms (worst path so far: app.tick:457ms)
1785973345.952|[W][perf] iter=54ms (worst path so far: app.tick:457ms)
1785973346.006|[W][perf] iter=54ms (worst path so far: app.tick:457ms)
1785973346.060|[W][perf] iter=54ms (worst path so far: app.tick:457ms)
1785973346.113|[W][perf] iter=54ms (worst path so far: app.tick:457ms)
1785973346.168|[W][perf] iter=54ms (worst path so far: app.tick:457ms)
1785973346.222|[W][perf] iter=54ms (worst path so far: app.tick:457ms)
1785973346.276|[W][perf] iter=54ms (worst path so far: app.tick:457ms)
1785973346.330|[W][perf] iter=54ms (worst path so far: app.tick:457ms)
1785973346.383|[W][perf] iter=54ms (worst path so far: app.tick:457ms)
1785973346.438|[W][perf] iter=54ms (worst path so far: app.tick:457ms)
1785973346.492|[W][perf] iter=54ms (worst path so far: app.tick:457ms)
1785973346.546|[W][perf] iter=54ms (worst path so far: app.tick:457ms)
1785973346.599|[W][perf] iter=54ms (worst path so far: app.tick:457ms)
1785973346.653|[W][perf] iter=54ms (worst path so far: app.tick:457ms)
1785973346.712|[W][webradio] stream dead (isRunning=1 for 0ms, bufStalled for 5011ms) — stop + resume Spotify TLS
1785973348.493|[I][webradio] audio_info: Request http://29023.live.streamtheworld.com/WEB15_MP3_SC failed!
1785973348.499|[I][spotify.tls] tls yield — resumed
1785973348.503|[W][webradio] auto-skip exhausted — no playable station
1785973348.535|[D][chrome] drawVolume pct=100 keyframe=4
1785973348.539|[D][chrome] drawVolume pct=100 keyframe=4
1785973348.564|[W][perf] iter=1911ms (worst path so far: wr.pump:6821ms)
1785973348.568|[D][webradio] ICY:
1785973358.789|[I][hb] display=winamp wifi=rssi(-54) disc=2 heap=53k maxAlloc=41k stack_hwm=12908b uptime=01:52:35 poll=0/0 last=0 block_max=0ms loop_max=1911ms slow=wr.pump:6821ms last_poll_age_ms=0 next_poll_in_ms=5000 last_render_age_ms=10234 build=Aug  5 2026-22:49:
1785973370.784|[I][webradio] terminal retry — re-arming scan idx=0
1785973370.791|[I][webradio] play idx=0 name=INJECTED url=http://stream.slam.nl/WEB15_MP3
1785973370.992|[I][spotify.tls] tls yield — client stopped
1785973370.997|[membudget] TASK-267 _play pre-acquire lfbInt=42996 freeInt=54868
1785973371.003|[I][webradio] HEAP pre-connect free=54868 min=43348 maxAlloc=42996
1785973371.011|[membudget] CP1-pre-connect skip=0 freeInt=54868 lfbInt=42996 freeDma=11724 lfbDma=6644
1785973371.016|[W][perf] iter=231ms (worst path so far: app.tick:230ms)
1785973371.030|[I][webradio] audio_info: buffers freed, free Heap: 54868 bytes
1785973371.039|[I][webradio] audio_info: Connect to new host: "http://stream.slam.nl/WEB15_MP3"
1785973371.074|[I][webradio] audio_info: Connection has been established in 29 ms, free Heap: 53884 bytes
1785973371.079|[D][chrome] drawVolume pct=100 keyframe=4
1785973371.083|[D][chrome] drawVolume pct=100 keyframe=4
1785973371.106|[I][webradio] audio_info: chunked data transfer
1785973371.115|[I][webradio] audio_info: redirect to new host "http://22673.live.streamtheworld.com/WEB15_MP3_SC"
1785973371.128|[I][webradio] audio_info: buffers freed, free Heap: 54496 bytes
1785973371.139|[I][webradio] audio_info: Connect to new host: "http://22673.live.streamtheworld.com/WEB15_MP3_SC"
1785973371.143|[W][perf] iter=115ms (worst path so far: app.tick:230ms)
1785973371.148|[I][webradio] HEAP play free=53636 min=43348
1785973371.174|[I][webradio] audio_info: Connection has been established in 30 ms, free Heap: 53664 bytes
1785973371.209|[D][chrome] drawVolume pct=100 keyframe=4
1785973371.212|[D][chrome] drawVolume pct=100 keyframe=4
1785973371.240|[W][perf] iter=96ms (worst path so far: app.tick:230ms)
1785973371.976|[I][webradio] audio_info: icy-name: SLAM! 00's
1785973371.995|[mbdbg] helix alloc: DecInfo=0x3ffef4c8(2000) FHdr=0x3ffefc98(44) SI=0x3ffefcc4(40) SFJS=0x3ffefcec(36) Huff=0x3ffefd10(4624) Deq=0x3fff0f20(792) IMDCT=0x3fff1238(6944) Sub=0x3fff2d58(8708) FInfo=0x3fff4f5c(28)
1785973372.001|[I][webradio] audio_info: MP3Decoder has been initialized, free Heap: 47724 bytes
1785973372.009|[membudget] CP2-decoder-init freeInt=47724 lfbInt=42996 freeDma=4580 lfbDma=2932 arenaHWM=23216
1785973372.015|[W][perf] iter=53ms (worst path so far: app.tick:230ms)
1785973372.020|[I][webradio] audio_info: slow stream, dropouts are possible
1785973372.023|[I][webradio] audio_info: stream ready
1785973372.028|[I][webradio] audio_info: syncword found at pos 0
1785973372.042|[I][webradio] audio_info: Channels: 2
1785973372.045|[I][webradio] audio_info: SampleRate: 44100
1785973372.048|[I][webradio] audio_info: BitsPerSample: 16
1785973372.054|[I][webradio] audio_info: BitRate: 128000
1785973373.017|[I][webradio] audio_info: slow stream, dropouts are possible
1785973374.018|[I][webradio] audio_info: slow stream, dropouts are possible
1785973375.019|[I][webradio] audio_info: slow stream, dropouts are possible
1785973376.020|[I][webradio] audio_info: slow stream, dropouts are possible
1785973377.020|[I][webradio] audio_info: slow stream, dropouts are possible
1785973377.171|[W][webradio] stream dead (isRunning=1 for 0ms, bufStalled for 5000ms) — stop + resume Spotify TLS
1785973377.175|[I][webradio] stall idx=0 — retrying once
1785973377.187|[I][spotify.tls] tls yield — resumed
1785973377.211|[D][chrome] drawVolume pct=100 keyframe=4
1785973377.215|[D][chrome] drawVolume pct=100 keyframe=4
1785973377.240|[W][perf] iter=74ms (worst path so far: app.tick:230ms)
1785973377.247|[I][webradio] play idx=0 name=INJECTED url=http://stream.slam.nl/WEB15_MP3
1785973377.688|[I][spotify.tls] tls yield — client stopped
1785973377.693|[membudget] TASK-267 _play pre-acquire lfbInt=42996 freeInt=47792
1785973377.699|[I][webradio] HEAP pre-connect free=47792 min=43348 maxAlloc=42996
1785973377.707|[membudget] CP1-pre-connect skip=0 freeInt=47792 lfbInt=42996 freeDma=4648 lfbDma=2292
1785973377.712|[W][perf] iter=470ms (worst path so far: app.tick:468ms)
1785973377.733|[I][webradio] audio_info: buffers freed, free Heap: 49460 bytes
1785973377.741|[I][webradio] audio_info: Connect to new host: "http://stream.slam.nl/WEB15_MP3"
1785973377.770|[D][chrome] drawVolume pct=100 keyframe=4
1785973377.774|[D][chrome] drawVolume pct=100 keyframe=4
1785973377.783|[I][webradio] audio_info: Connection has been established in 36 ms, free Heap: 48836 bytes
1785973377.805|[W][perf] iter=94ms (worst path so far: app.tick:468ms)
1785973377.810|[I][webradio] audio_info: chunked data transfer
1785973377.818|[I][webradio] audio_info: redirect to new host "http://28973.live.streamtheworld.com/WEB15_MP3_SC"
1785973377.832|[I][webradio] audio_info: buffers freed, free Heap: 49236 bytes
1785973377.842|[I][webradio] audio_info: Connect to new host: "http://28973.live.streamtheworld.com/WEB15_MP3_SC"
1785973377.891|[I][webradio] audio_info: Connection has been established in 43 ms, free Heap: 48560 bytes
1785973377.905|[D][chrome] drawVolume pct=100 keyframe=4
1785973377.909|[D][chrome] drawVolume pct=100 keyframe=4
1785973377.936|[W][perf] iter=130ms (worst path so far: app.tick:468ms)
1785973378.737|[W][perf] iter=52ms (worst path so far: app.tick:468ms)
1785973378.791|[W][perf] iter=54ms (worst path so far: app.tick:468ms)
1785973378.845|[W][perf] iter=54ms (worst path so far: app.tick:468ms)
1785973378.899|[W][perf] iter=54ms (worst path so far: app.tick:468ms)
1785973378.953|[W][perf] iter=54ms (worst path so far: app.tick:468ms)
1785973379.007|[W][perf] iter=54ms (worst path so far: app.tick:468ms)
1785973379.061|[W][perf] iter=54ms (worst path so far: app.tick:468ms)
1785973379.115|[W][perf] iter=54ms (worst path so far: app.tick:468ms)
1785973379.169|[W][perf] iter=54ms (worst path so far: app.tick:468ms)
1785973379.224|[W][perf] iter=54ms (worst path so far: app.tick:468ms)
1785973379.277|[W][perf] iter=54ms (worst path so far: app.tick:468ms)
1785973379.331|[W][perf] iter=54ms (worst path so far: app.tick:468ms)
1785973379.385|[W][perf] iter=54ms (worst path so far: app.tick:468ms)
1785973379.441|[W][perf] iter=54ms (worst path so far: app.tick:468ms)
1785973379.495|[W][perf] iter=55ms (worst path so far: app.tick:468ms)
1785973379.549|[W][perf] iter=54ms (worst path so far: app.tick:468ms)
1785973379.602|[W][perf] iter=54ms (worst path so far: app.tick:468ms)
1785973379.656|[W][perf] iter=54ms (worst path so far: app.tick:468ms)
1785973379.711|[W][perf] iter=54ms (worst path so far: app.tick:468ms)
1785973379.764|[W][perf] iter=54ms (worst path so far: app.tick:468ms)
1785973379.818|[W][perf] iter=54ms (worst path so far: app.tick:468ms)
1785973379.872|[W][perf] iter=54ms (worst path so far: app.tick:468ms)
1785973379.927|[W][perf] iter=54ms (worst path so far: app.tick:468ms)
1785973379.980|[W][perf] iter=54ms (worst path so far: app.tick:468ms)
1785973380.034|[W][perf] iter=54ms (worst path so far: app.tick:468ms)
1785973380.088|[W][perf] iter=54ms (worst path so far: app.tick:468ms)
1785973380.142|[W][perf] iter=54ms (worst path so far: app.tick:468ms)
1785973380.196|[W][perf] iter=54ms (worst path so far: app.tick:468ms)
1785973380.250|[W][perf] iter=54ms (worst path so far: app.tick:468ms)
1785973380.305|[W][perf] iter=54ms (worst path so far: app.tick:468ms)
1785973380.358|[W][perf] iter=54ms (worst path so far: app.tick:468ms)
1785973380.413|[W][perf] iter=54ms (worst path so far: app.tick:468ms)
1785973380.467|[W][perf] iter=54ms (worst path so far: app.tick:468ms)
1785973380.521|[W][perf] iter=54ms (worst path so far: app.tick:468ms)
1785973380.574|[W][perf] iter=54ms (worst path so far: app.tick:468ms)
1785973380.628|[W][perf] iter=54ms (worst path so far: app.tick:468ms)
1785973380.682|[W][perf] iter=54ms (worst path so far: app.tick:468ms)
1785973380.736|[W][perf] iter=54ms (worst path so far: app.tick:468ms)
1785973380.790|[W][perf] iter=54ms (worst path so far: app.tick:468ms)
1785973380.844|[W][perf] iter=54ms (worst path so far: app.tick:468ms)
1785973380.898|[W][perf] iter=54ms (worst path so far: app.tick:468ms)
1785973380.952|[W][perf] iter=54ms (worst path so far: app.tick:468ms)
1785973381.006|[W][perf] iter=54ms (worst path so far: app.tick:468ms)
1785973381.060|[W][perf] iter=54ms (worst path so far: app.tick:468ms)
1785973381.114|[W][perf] iter=54ms (worst path so far: app.tick:468ms)
1785973381.168|[W][perf] iter=54ms (worst path so far: app.tick:468ms)
1785973382.945|[W][webradio] stream dead (isRunning=0 for 1823ms, bufStalled for 5000ms) — stop + resume Spotify TLS
1785973382.950|[W][webradio] auto-skip exhausted — no playable station
1785973382.953|[I][spotify.tls] tls yield — resumed
1785973382.984|[D][chrome] drawVolume pct=100 keyframe=4
1785973382.987|[D][chrome] drawVolume pct=100 keyframe=4
1785973383.013|[W][perf] iter=74ms (worst path so far: wr.pump:2501ms)
1785973388.788|[I][hb] display=winamp wifi=rssi(-54) disc=2 heap=53k maxAlloc=41k stack_hwm=12908b uptime=01:53:05 poll=0/0 last=0 block_max=0ms loop_max=470ms slow=wr.pump:2501ms last_poll_age_ms=0 next_poll_in_ms=5000 last_render_age_ms=5785 build=Aug  5 2026-22:49:22
1785973407.243|[I][webradio] terminal retry — re-arming scan idx=0
1785973407.250|[I][webradio] play idx=0 name=INJECTED url=http://stream.slam.nl/WEB15_MP3
1785973407.451|[I][spotify.tls] tls yield — client stopped
1785973407.457|[membudget] TASK-267 _play pre-acquire lfbInt=42996 freeInt=54868
1785973407.462|[I][webradio] HEAP pre-connect free=54868 min=43348 maxAlloc=42996
1785973407.470|[membudget] CP1-pre-connect skip=0 freeInt=54868 lfbInt=42996 freeDma=11756 lfbDma=6644
1785973407.476|[W][perf] iter=231ms (worst path so far: app.tick:230ms)
1785973407.492|[I][webradio] audio_info: buffers freed, free Heap: 54868 bytes
1785973407.500|[I][webradio] audio_info: Connect to new host: "http://stream.slam.nl/WEB15_MP3"
1785973407.531|[D][chrome] drawVolume pct=100 keyframe=4
1785973407.534|[D][chrome] drawVolume pct=100 keyframe=4
1785973407.559|[W][perf] iter=84ms (worst path so far: app.tick:230ms)
1785973407.836|[I][webradio] audio_info: Connection has been established in 329 ms, free Heap: 54100 bytes
1785973407.840|[I][webradio] HEAP play free=52352 min=43348
1785973407.859|[I][webradio] audio_info: chunked data transfer
1785973407.869|[I][webradio] audio_info: redirect to new host "http://28973.live.streamtheworld.com/WEB15_MP3_SC"
1785973407.882|[I][webradio] audio_info: buffers freed, free Heap: 54496 bytes
1785973407.892|[I][webradio] audio_info: Connect to new host: "http://28973.live.streamtheworld.com/WEB15_MP3_SC"
1785973407.901|[D][chrome] drawVolume pct=100 keyframe=4
1785973407.905|[D][chrome] drawVolume pct=100 keyframe=4
1785973407.926|[I][webradio] audio_info: Connection has been established in 28 ms, free Heap: 53588 bytes
1785973407.936|[W][perf] iter=98ms (worst path so far: wr.connect:361ms)
1785973409.109|[I][webradio] audio_info: icy-name: SLAM! 00's
1785973409.129|[mbdbg] helix alloc: DecInfo=0x3ffef4c8(2000) FHdr=0x3ffefc98(44) SI=0x3ffefcc4(40) SFJS=0x3ffefcec(36) Huff=0x3ffefd10(4624) Deq=0x3fff0f20(792) IMDCT=0x3fff1238(6944) Sub=0x3fff2d58(8708) FInfo=0x3fff4f5c(28)
1785973409.134|[I][webradio] audio_info: MP3Decoder has been initialized, free Heap: 47456 bytes
1785973409.143|[membudget] CP2-decoder-init freeInt=47456 lfbInt=42996 freeDma=4312 lfbDma=1652 arenaHWM=23216
1785973409.148|[W][perf] iter=53ms (worst path so far: wr.connect:361ms)
1785973409.154|[I][webradio] audio_info: slow stream, dropouts are possible
1785973409.157|[I][webradio] audio_info: stream ready
1785973409.162|[I][webradio] audio_info: syncword found at pos 0
1785973409.170|[I][webradio] audio_info: Channels: 2
1785973409.174|[I][webradio] audio_info: SampleRate: 44100
1785973409.176|[I][webradio] audio_info: BitsPerSample: 16
1785973409.181|[I][webradio] audio_info: BitRate: 128000
1785973409.868|[I][webradio] audio_info: StreamTitle='Rui Da Silva & Cassandra - Touch Me'
1785973409.874|[D][webradio] ICY: Rui Da Silva & Cassandra - Touch Me
1785973411.162|[I][webradio] audio_info: slow stream, dropouts are possible
1785973412.163|[I][webradio] audio_info: slow stream, dropouts are possible
1785973413.165|[I][webradio] audio_info: slow stream, dropouts are possible
1785973414.165|[I][webradio] audio_info: slow stream, dropouts are possible
1785973415.166|[I][webradio] audio_info: slow stream, dropouts are possible
1785973415.181|[W][webradio] stream dead (isRunning=1 for 0ms, bufStalled for 5000ms) — stop + resume Spotify TLS
1785973415.184|[I][webradio] stall idx=0 — retrying once
1785973415.188|[I][spotify.tls] tls yield — resumed
1785973415.222|[D][chrome] drawVolume pct=100 keyframe=4
1785973415.226|[D][chrome] drawVolume pct=100 keyframe=4
1785973415.251|[W][perf] iter=75ms (worst path so far: wr.connect:361ms)
1785973415.258|[I][webradio] play idx=0 name=INJECTED url=http://stream.slam.nl/WEB15_MP3
1785973415.690|[I][spotify.tls] tls yield — client stopped
1785973415.696|[membudget] TASK-267 _play pre-acquire lfbInt=42996 freeInt=47036
1785973415.700|[I][webradio] HEAP pre-connect free=47036 min=43348 maxAlloc=42996
1785973415.708|[membudget] CP1-pre-connect skip=0 freeInt=47036 lfbInt=42996 freeDma=3892 lfbDma=1652
1785973415.714|[W][perf] iter=460ms (worst path so far: app.tick:458ms)
1785973415.734|[I][webradio] audio_info: buffers freed, free Heap: 48712 bytes
1785973415.743|[I][webradio] audio_info: Connect to new host: "http://stream.slam.nl/WEB15_MP3"
1785973415.770|[D][chrome] drawVolume pct=100 keyframe=4
1785973415.773|[D][chrome] drawVolume pct=100 keyframe=4
1785973415.800|[W][perf] iter=86ms (worst path so far: app.tick:458ms)
1785973416.149|[I][webradio] audio_info: Connection has been established in 399 ms, free Heap: 47876 bytes
1785973416.173|[I][webradio] audio_info: chunked data transfer
1785973416.182|[I][webradio] audio_info: redirect to new host "http://29023.live.streamtheworld.com/WEB15_MP3_SC"
1785973416.194|[I][webradio] audio_info: buffers freed, free Heap: 48480 bytes
1785973416.205|[I][webradio] audio_info: Connect to new host: "http://29023.live.streamtheworld.com/WEB15_MP3_SC"
1785973416.211|[D][chrome] drawVolume pct=100 keyframe=4
1785973416.215|[D][chrome] drawVolume pct=100 keyframe=4
1785973416.242|[I][webradio] audio_info: Connection has been established in 31 ms, free Heap: 47460 bytes
1785973416.249|[W][perf] iter=101ms (worst path so far: app.tick:458ms)
1785973418.788|[I][hb] display=winamp wifi=rssi(-53) disc=2 heap=45k maxAlloc=41k stack_hwm=12908b uptime=01:53:35 poll=0/0 last=0 block_max=0ms loop_max=460ms slow=app.tick:458ms last_poll_age_ms=0 next_poll_in_ms=5000 last_render_age_ms=2556 build=Aug  5 2026-22:49:22
1785973421.154|[W][webradio] stream dead (isRunning=1 for 0ms, bufStalled for 5000ms) — stop + resume Spotify TLS
1785973421.158|[W][webradio] auto-skip exhausted — no playable station
1785973421.162|[I][spotify.tls] tls yield — resumed
1785973421.195|[D][chrome] drawVolume pct=100 keyframe=4
1785973421.198|[D][chrome] drawVolume pct=100 keyframe=4
1785973421.224|[W][perf] iter=74ms (worst path so far: app.tick:73ms)
1785973445.255|[I][webradio] terminal retry — re-arming scan idx=0
1785973445.262|[I][webradio] play idx=0 name=INJECTED url=http://stream.slam.nl/WEB15_MP3
1785973445.662|[I][spotify.tls] tls yield — client stopped
1785973445.668|[membudget] TASK-267 _play pre-acquire lfbInt=42996 freeInt=49156
1785973445.673|[I][webradio] HEAP pre-connect free=49156 min=43348 maxAlloc=42996
1785973445.682|[membudget] CP1-pre-connect skip=0 freeInt=49156 lfbInt=42996 freeDma=6012 lfbDma=1588
1785973445.687|[W][perf] iter=431ms (worst path so far: app.tick:430ms)
1785973445.706|[I][webradio] audio_info: buffers freed, free Heap: 54868 bytes
1785973445.714|[I][webradio] audio_info: Connect to new host: "http://stream.slam.nl/WEB15_MP3"
1785973445.743|[D][chrome] drawVolume pct=100 keyframe=4
1785973445.747|[D][chrome] drawVolume pct=100 keyframe=4
1785973445.772|[W][perf] iter=85ms (worst path so far: app.tick:430ms)
1785973446.048|[I][webradio] audio_info: Connection has been established in 328 ms, free Heap: 53884 bytes
1785973446.053|[I][webradio] HEAP play free=52340 min=43348
1785973446.074|[I][webradio] audio_info: chunked data transfer
1785973446.084|[I][webradio] audio_info: redirect to new host "http://28973.live.streamtheworld.com/WEB15_MP3_SC"
1785973446.096|[I][webradio] audio_info: buffers freed, free Heap: 54496 bytes
1785973446.107|[I][webradio] audio_info: Connect to new host: "http://28973.live.streamtheworld.com/WEB15_MP3_SC"
1785973446.113|[D][chrome] drawVolume pct=100 keyframe=4
1785973446.117|[D][chrome] drawVolume pct=100 keyframe=4
1785973446.137|[I][webradio] audio_info: Connection has been established in 24 ms, free Heap: 53796 bytes
1785973446.148|[W][perf] iter=99ms (worst path so far: app.tick:430ms)
1785973446.970|[I][webradio] audio_info: icy-name: SLAM! 00's
1785973446.989|[mbdbg] helix alloc: DecInfo=0x3ffef4c8(2000) FHdr=0x3ffefc98(44) SI=0x3ffefcc4(40) SFJS=0x3ffefcec(36) Huff=0x3ffefd10(4624) Deq=0x3fff0f20(792) IMDCT=0x3fff1238(6944) Sub=0x3fff2d58(8708) FInfo=0x3fff4f5c(28)
1785973446.995|[I][webradio] audio_info: MP3Decoder has been initialized, free Heap: 47464 bytes
1785973447.003|[membudget] CP2-decoder-init freeInt=47464 lfbInt=42996 freeDma=4320 lfbDma=1652 arenaHWM=23216
1785973447.010|[W][perf] iter=53ms (worst path so far: app.tick:430ms)
1785973447.013|[I][webradio] audio_info: stream ready
1785973447.017|[I][webradio] audio_info: syncword found at pos 0
1785973447.028|[I][webradio] audio_info: Channels: 2
1785973447.031|[I][webradio] audio_info: SampleRate: 44100
1785973447.034|[I][webradio] audio_info: BitsPerSample: 16
1785973447.040|[I][webradio] audio_info: BitRate: 128000
1785973447.717|[I][webradio] audio_info: StreamTitle='Rui Da Silva & Cassandra - Touch Me'
1785973447.722|[D][webradio] ICY: Rui Da Silva & Cassandra - Touch Me
1785973448.803|[I][hb] display=winamp wifi=rssi(-54) disc=2 heap=49k maxAlloc=41k stack_hwm=12908b uptime=01:54:05 poll=0/0 last=0 block_max=0ms loop_max=431ms slow=app.tick:430ms last_poll_age_ms=0 next_poll_in_ms=5000 last_render_age_ms=2662 build=Aug  5 2026-22:49:22
1785973450.025|[I][webradio] audio_info: slow stream, dropouts are possible
1785973451.026|[I][webradio] audio_info: slow stream, dropouts are possible
1785973452.026|[I][webradio] audio_info: slow stream, dropouts are possible
1785973453.027|[I][webradio] audio_info: slow stream, dropouts are possible
1785973454.029|[I][webradio] audio_info: slow stream, dropouts are possible
1785973454.097|[W][webradio] stream dead (isRunning=1 for 0ms, bufStalled for 5000ms) — stop + resume Spotify TLS
1785973454.100|[I][webradio] stall idx=0 — retrying once
1785973454.104|[I][spotify.tls] tls yield — resumed
1785973454.138|[D][chrome] drawVolume pct=100 keyframe=4
1785973454.142|[D][chrome] drawVolume pct=100 keyframe=4
1785973454.167|[W][perf] iter=76ms (worst path so far: app.tick:74ms)
1785973454.175|[I][webradio] play idx=0 name=INJECTED url=http://stream.slam.nl/WEB15_MP3
1785973454.604|[I][spotify.tls] tls yield — client stopped
1785973454.610|[membudget] TASK-267 _play pre-acquire lfbInt=42996 freeInt=47372
1785973454.615|[I][webradio] HEAP pre-connect free=47372 min=43348 maxAlloc=42996
1785973454.624|[membudget] CP1-pre-connect skip=0 freeInt=47372 lfbInt=42996 freeDma=4228 lfbDma=1652
1785973454.629|[W][perf] iter=460ms (worst path so far: app.tick:457ms)
1785973454.647|[I][webradio] audio_info: buffers freed, free Heap: 49044 bytes
1785973454.657|[I][webradio] audio_info: Connect to new host: "http://stream.slam.nl/WEB15_MP3"
1785973454.685|[D][chrome] drawVolume pct=100 keyframe=4
1785973454.688|[D][chrome] drawVolume pct=100 keyframe=4
1785973454.713|[W][perf] iter=85ms (worst path so far: app.tick:457ms)
1785973455.062|[I][webradio] audio_info: Connection has been established in 398 ms, free Heap: 48196 bytes
1785973455.087|[I][webradio] audio_info: chunked data transfer
1785973455.097|[I][webradio] audio_info: redirect to new host "http://28973.live.streamtheworld.com/WEB15_MP3_SC"
1785973455.110|[I][webradio] audio_info: buffers freed, free Heap: 48820 bytes
1785973455.121|[I][webradio] audio_info: Connect to new host: "http://28973.live.streamtheworld.com/WEB15_MP3_SC"
1785973455.124|[D][chrome] drawVolume pct=100 keyframe=4
1785973455.128|[D][chrome] drawVolume pct=100 keyframe=4
1785973455.151|[I][webradio] audio_info: Connection has been established in 24 ms, free Heap: 48128 bytes
1785973455.160|[W][perf] iter=100ms (worst path so far: app.tick:457ms)
1785973460.066|[W][webradio] stream dead (isRunning=1 for 0ms, bufStalled for 5000ms) — stop + resume Spotify TLS
1785973460.069|[W][webradio] auto-skip exhausted — no playable station
1785973460.075|[I][spotify.tls] tls yield — resumed
1785973460.105|[D][chrome] drawVolume pct=100 keyframe=4
1785973460.109|[D][chrome] drawVolume pct=100 keyframe=4
1785973460.135|[W][perf] iter=74ms (worst path so far: app.tick:457ms)
1785973478.795|[I][hb] display=winamp wifi=rssi(-54) disc=2 heap=49k maxAlloc=41k stack_hwm=12908b uptime=01:54:35 poll=0/0 last=0 block_max=0ms loop_max=460ms slow=app.tick:457ms last_poll_age_ms=0 next_poll_in_ms=5000 last_render_age_ms=18670 build=Aug  5 2026-22:49:2
1785973484.172|[I][webradio] terminal retry — re-arming scan idx=0
1785973484.178|[I][webradio] play idx=0 name=INJECTED url=http://stream.slam.nl/WEB15_MP3
1785973484.575|[I][spotify.tls] tls yield — client stopped
1785973484.580|[membudget] TASK-267 _play pre-acquire lfbInt=42996 freeInt=50852
1785973484.586|[I][webradio] HEAP pre-connect free=50852 min=43348 maxAlloc=42996
1785973484.594|[membudget] CP1-pre-connect skip=0 freeInt=50852 lfbInt=42996 freeDma=7708 lfbDma=3060
1785973484.599|[W][perf] iter=427ms (worst path so far: app.tick:426ms)
1785973484.621|[I][webradio] audio_info: buffers freed, free Heap: 54872 bytes
1785973484.629|[I][webradio] audio_info: Connect to new host: "http://stream.slam.nl/WEB15_MP3"
1785973484.658|[D][chrome] drawVolume pct=100 keyframe=4
1785973484.660|[D][chrome] drawVolume pct=100 keyframe=4
1785973484.669|[I][webradio] audio_info: Connection has been established in 30 ms, free Heap: 54072 bytes
1785973484.690|[I][webradio] audio_info: chunked data transfer
1785973484.699|[I][webradio] audio_info: redirect to new host "http://29003.live.streamtheworld.com/WEB15_MP3_SC"
1785973484.711|[I][webradio] audio_info: buffers freed, free Heap: 54500 bytes
1785973484.722|[I][webradio] audio_info: Connect to new host: "http://29003.live.streamtheworld.com/WEB15_MP3_SC"
1785973484.725|[W][perf] iter=117ms (worst path so far: app.tick:426ms)
1785973484.730|[I][webradio] HEAP play free=54288 min=43348
1785973484.769|[I][webradio] audio_info: Connection has been established in 41 ms, free Heap: 53812 bytes
1785973484.803|[D][chrome] drawVolume pct=100 keyframe=4
1785973484.808|[D][chrome] drawVolume pct=100 keyframe=4
1785973484.834|[W][perf] iter=107ms (worst path so far: app.tick:426ms)
1785973485.627|[I][webradio] audio_info: icy-name: SLAM! 00's
1785973485.646|[mbdbg] helix alloc: DecInfo=0x3ffef4c8(2000) FHdr=0x3ffefc98(44) SI=0x3ffefcc4(40) SFJS=0x3ffefcec(36) Huff=0x3ffefd10(4624) Deq=0x3fff0f20(792) IMDCT=0x3fff1238(6944) Sub=0x3fff2d58(8708) FInfo=0x3fff4f5c(28)
1785973485.652|[I][webradio] audio_info: MP3Decoder has been initialized, free Heap: 47468 bytes
1785973485.660|[membudget] CP2-decoder-init freeInt=47468 lfbInt=42996 freeDma=4324 lfbDma=1652 arenaHWM=23216
1785973485.668|[W][perf] iter=53ms (worst path so far: app.tick:426ms)
1785973485.671|[I][webradio] audio_info: stream ready
1785973485.676|[I][webradio] audio_info: syncword found at pos 0
1785973485.690|[I][webradio] audio_info: Channels: 2
1785973485.693|[I][webradio] audio_info: SampleRate: 44100
1785973485.695|[I][webradio] audio_info: BitsPerSample: 16
1785973485.701|[I][webradio] audio_info: BitRate: 128000
1785973487.673|[I][webradio] audio_info: slow stream, dropouts are possible
1785973488.672|[I][webradio] audio_info: slow stream, dropouts are possible
1785973489.674|[I][webradio] audio_info: slow stream, dropouts are possible
1785973490.675|[I][webradio] audio_info: slow stream, dropouts are possible
1785973491.676|[I][webradio] audio_info: slow stream, dropouts are possible
1785973491.756|[W][webradio] stream dead (isRunning=1 for 0ms, bufStalled for 5000ms) — stop + resume Spotify TLS
1785973491.759|[I][webradio] stall idx=0 — retrying once
1785973491.763|[I][spotify.tls] tls yield — resumed
1785973491.796|[D][chrome] drawVolume pct=100 keyframe=4
1785973491.800|[D][chrome] drawVolume pct=100 keyframe=4
1785973491.825|[W][perf] iter=74ms (worst path so far: app.tick:426ms)
1785973491.832|[I][webradio] play idx=0 name=INJECTED url=http://stream.slam.nl/WEB15_MP3
1785973492.264|[I][spotify.tls] tls yield — client stopped
1785973492.270|[membudget] TASK-267 _play pre-acquire lfbInt=42996 freeInt=47268
1785973492.276|[I][webradio] HEAP pre-connect free=47268 min=43348 maxAlloc=42996
1785973492.283|[membudget] CP1-pre-connect skip=0 freeInt=47268 lfbInt=42996 freeDma=4124 lfbDma=1652
1785973492.288|[W][perf] iter=461ms (worst path so far: app.tick:459ms)
1785973492.307|[I][webradio] audio_info: buffers freed, free Heap: 48928 bytes
1785973492.316|[I][webradio] audio_info: Connect to new host: "http://stream.slam.nl/WEB15_MP3"
1785973492.344|[D][chrome] drawVolume pct=100 keyframe=4
1785973492.347|[D][chrome] drawVolume pct=100 keyframe=4
1785973492.373|[W][perf] iter=85ms (worst path so far: app.tick:459ms)
1785973492.685|[I][webradio] audio_info: Connection has been established in 362 ms, free Heap: 48300 bytes
1785973492.709|[I][webradio] audio_info: chunked data transfer
1785973492.718|[I][webradio] audio_info: redirect to new host "http://28973.live.streamtheworld.com/WEB15_MP3_SC"
1785973492.731|[I][webradio] audio_info: buffers freed, free Heap: 48692 bytes
1785973492.743|[I][webradio] audio_info: Connect to new host: "http://28973.live.streamtheworld.com/WEB15_MP3_SC"
1785973492.748|[D][chrome] drawVolume pct=100 keyframe=4
1785973492.752|[D][chrome] drawVolume pct=100 keyframe=4
1785973492.775|[I][webradio] audio_info: Connection has been established in 27 ms, free Heap: 48032 bytes
1785973492.783|[W][perf] iter=98ms (worst path so far: app.tick:459ms)
1785973493.664|[I][webradio] audio_info: icy-name: SLAM! 00's
1785973493.684|[mbdbg] helix alloc: DecInfo=0x3ffef4c8(2000) FHdr=0x3ffefc98(44) SI=0x3ffefcc4(40) SFJS=0x3ffefcec(36) Huff=0x3ffefd10(4624) Deq=0x3fff0f20(792) IMDCT=0x3fff1238(6944) Sub=0x3fff2d58(8708) FInfo=0x3fff4f5c(28)
1785973493.690|[I][webradio] audio_info: MP3Decoder has been initialized, free Heap: 49188 bytes
1785973493.698|[membudget] CP2-decoder-init freeInt=49188 lfbInt=42996 freeDma=6044 lfbDma=3316 arenaHWM=23216
1785973493.704|[W][perf] iter=52ms (worst path so far: app.tick:459ms)
1785973493.706|[I][webradio] audio_info: stream ready
1785973493.712|[I][webradio] audio_info: syncword found at pos 0
1785973493.719|[I][webradio] audio_info: Channels: 2
1785973493.722|[I][webradio] audio_info: SampleRate: 44100
1785973493.724|[I][webradio] audio_info: BitsPerSample: 16
1785973493.731|[I][webradio] audio_info: BitRate: 128000
1785973494.706|[I][webradio] audio_info: slow stream, dropouts are possible
1785973495.707|[I][webradio] audio_info: slow stream, dropouts are possible
1785973496.710|[I][webradio] audio_info: slow stream, dropouts are possible
1785973497.711|[I][webradio] audio_info: slow stream, dropouts are possible
1785973498.712|[I][webradio] audio_info: slow stream, dropouts are possible
1785973498.847|[W][webradio] stream dead (isRunning=1 for 0ms, bufStalled for 5000ms) — stop + resume Spotify TLS
1785973498.850|[W][webradio] auto-skip exhausted — no playable station
1785973498.855|[I][spotify.tls] tls yield — resumed
1785973498.887|[D][chrome] drawVolume pct=100 keyframe=4
1785973498.890|[D][chrome] drawVolume pct=100 keyframe=4
1785973498.916|[W][perf] iter=74ms (worst path so far: app.tick:459ms)
1785973508.794|[I][hb] display=winamp wifi=rssi(-53) disc=2 heap=51k maxAlloc=41k stack_hwm=12908b uptime=01:55:05 poll=0/0 last=0 block_max=0ms loop_max=461ms slow=app.tick:459ms last_poll_age_ms=0 next_poll_in_ms=5000 last_render_age_ms=9888 build=Aug  5 2026-22:49:22
1785973521.829|[I][webradio] terminal retry — re-arming scan idx=0
1785973521.836|[I][webradio] play idx=0 name=INJECTED url=http://stream.slam.nl/WEB15_MP3
1785973521.854|[I][spotify.tls] tls yield — client stopped
1785973521.861|[membudget] TASK-267 _play pre-acquire lfbInt=42996 freeInt=52836
1785973521.866|[I][webradio] HEAP pre-connect free=52836 min=43348 maxAlloc=42996
1785973521.874|[membudget] CP1-pre-connect skip=0 freeInt=52836 lfbInt=42996 freeDma=9692 lfbDma=3316
1785973521.899|[I][webradio] audio_info: buffers freed, free Heap: 54480 bytes
1785973521.909|[I][webradio] audio_info: Connect to new host: "http://stream.slam.nl/WEB15_MP3"
1785973521.935|[D][chrome] drawVolume pct=100 keyframe=4
1785973521.939|[D][chrome] drawVolume pct=100 keyframe=4
1785973521.965|[W][perf] iter=86ms (worst path so far: app.tick:84ms)
1785973522.245|[I][webradio] audio_info: Connection has been established in 331 ms, free Heap: 53844 bytes
1785973522.250|[I][webradio] HEAP play free=52092 min=43348
1785973522.271|[I][webradio] audio_info: chunked data transfer
1785973522.280|[I][webradio] audio_info: redirect to new host "http://22713.live.streamtheworld.com/WEB15_MP3_SC"
1785973522.293|[I][webradio] audio_info: buffers freed, free Heap: 54252 bytes
1785973522.303|[I][webradio] audio_info: Connect to new host: "http://22713.live.streamtheworld.com/WEB15_MP3_SC"
1785973522.309|[D][chrome] drawVolume pct=100 keyframe=4
1785973522.313|[D][chrome] drawVolume pct=100 keyframe=4
1785973522.342|[W][perf] iter=95ms (worst path so far: wr.connect:367ms)
1785973522.353|[I][webradio] audio_info: Connection has been established in 43 ms, free Heap: 53560 bytes
1785973523.216|[I][webradio] audio_info: icy-name: SLAM! 00's
1785973523.236|[mbdbg] helix alloc: DecInfo=0x3ffef4c8(2000) FHdr=0x3ffefc98(44) SI=0x3ffefcc4(40) SFJS=0x3ffefcec(36) Huff=0x3ffefd10(4624) Deq=0x3fff0f20(792) IMDCT=0x3fff1238(6944) Sub=0x3fff2d58(8708) FInfo=0x3fff4f5c(28)
1785973523.241|[I][webradio] audio_info: MP3Decoder has been initialized, free Heap: 47452 bytes
1785973523.249|[membudget] CP2-decoder-init freeInt=47452 lfbInt=42996 freeDma=4308 lfbDma=1652 arenaHWM=23216
1785973523.255|[W][perf] iter=52ms (worst path so far: wr.connect:367ms)
1785973523.261|[I][webradio] audio_info: slow stream, dropouts are possible
1785973523.264|[I][webradio] audio_info: stream ready
1785973523.269|[I][webradio] audio_info: syncword found at pos 0
1785973523.288|[I][webradio] audio_info: Channels: 2
1785973523.291|[I][webradio] audio_info: SampleRate: 44100
1785973523.294|[I][webradio] audio_info: BitsPerSample: 16
1785973523.299|[I][webradio] audio_info: BitRate: 128000
1785973524.258|[I][webradio] audio_info: slow stream, dropouts are possible
1785973525.260|[I][webradio] audio_info: slow stream, dropouts are possible
1785973525.287|{"ok":true,"cmd":"get","var":"wrState","state":2,"last":true}
1785973525.299|{"ok":true,"cmd":"get","var":"wrIdx","idx":0,"last":true}
1785973526.261|[I][webradio] audio_info: slow stream, dropouts are possible
1785973527.261|[I][webradio] audio_info: slow stream, dropouts are possible
1785973528.262|[I][webradio] audio_info: slow stream, dropouts are possible
1785973529.126|[W][webradio] stream dead (isRunning=1 for 0ms, bufStalled for 5000ms) — stop + resume Spotify TLS
1785973529.134|[I][webradio] stall idx=0 — retrying once[I][spotify.tls] tls yield — resumed
1785973529.165|[D][chrome] drawVolume pct=100 keyframe=4
1785973529.169|[D][chrome] drawVolume pct=100 keyframe=4
1785973529.194|[W][perf] iter=74ms (worst path so far: wr.connect:367ms)
1785973529.201|[I][webradio] play idx=0 name=INJECTED url=http://stream.slam.nl/WEB15_MP3
1785973529.632|[I][spotify.tls] tls yield — client stopped
1785973529.638|[membudget] TASK-267 _play pre-acquire lfbInt=42996 freeInt=47576
1785973529.644|[I][webradio] HEAP pre-connect free=47576 min=43348 maxAlloc=42996
1785973529.652|[membudget] CP1-pre-connect skip=0 freeInt=47576 lfbInt=42996 freeDma=4432 lfbDma=1652
1785973529.656|[W][perf] iter=460ms (worst path so far: app.tick:458ms)
1785973529.675|[I][webradio] audio_info: buffers freed, free Heap: 49248 bytes
1785973529.684|[I][webradio] audio_info: Connect to new host: "http://stream.slam.nl/WEB15_MP3"
1785973529.713|[D][chrome] drawVolume pct=100 keyframe=4
1785973529.716|[D][chrome] drawVolume pct=100 keyframe=4
1785973529.741|[W][perf] iter=85ms (worst path so far: app.tick:458ms)
1785973530.023|[I][webradio] audio_info: Connection has been established in 331 ms, free Heap: 48420 bytes
1785973530.048|[I][webradio] audio_info: chunked data transfer
1785973530.057|[I][webradio] audio_info: redirect to new host "http://22333.live.streamtheworld.com/WEB15_MP3_SC"
1785973530.070|[I][webradio] audio_info: buffers freed, free Heap: 49028 bytes
1785973530.083|[I][webradio] audio_info: Connect to new host: "http://22333.live.streamtheworld.com/WEB15_MP3_SC"
1785973530.086|[D][chrome] drawVolume pct=100 keyframe=4
1785973530.090|[D][chrome] drawVolume pct=100 keyframe=4
1785973530.119|[W][perf] iter=96ms (worst path so far: app.tick:458ms)
1785973530.130|[I][webradio] audio_info: Connection has been established in 43 ms, free Heap: 48356 bytes
1785973531.134|[I][webradio] audio_info: icy-name: SLAM! 00's
1785973531.153|[mbdbg] helix alloc: DecInfo=0x3ffef4c8(2000) FHdr=0x3ffefc98(44) SI=0x3ffefcc4(40) SFJS=0x3ffefcec(36) Huff=0x3ffefd10(4624) Deq=0x3fff0f20(792) IMDCT=0x3fff1238(6944) Sub=0x3fff2d58(8708) FInfo=0x3fff4f5c(28)
1785973531.160|[I][webradio] audio_info: MP3Decoder has been initialized, free Heap: 52612 bytes
1785973531.167|[membudget] CP2-decoder-init freeInt=52612 lfbInt=42996 freeDma=9468 lfbDma=4852 arenaHWM=23216
1785973531.174|[W][perf] iter=53ms (worst path so far: app.tick:458ms)
1785973531.178|[I][webradio] audio_info: slow stream, dropouts are possible
1785973531.397|[I][webradio] audio_info: stream ready
1785973531.402|[I][webradio] audio_info: syncword found at pos 0
1785973531.410|[I][webradio] audio_info: Channels: 2
1785973531.413|[I][webradio] audio_info: SampleRate: 44100
1785973531.416|[I][webradio] audio_info: BitsPerSample: 16
1785973531.421|[I][webradio] audio_info: BitRate: 128000
1785973532.175|[I][webradio] audio_info: slow stream, dropouts are possible
1785973533.176|[I][webradio] audio_info: slow stream, dropouts are possible
1785973534.177|[I][webradio] audio_info: slow stream, dropouts are possible
1785973535.178|[I][webradio] audio_info: slow stream, dropouts are possible
1785973536.180|[I][webradio] audio_info: slow stream, dropouts are possible
1785973536.417|[W][webradio] stream dead (isRunning=1 for 0ms, bufStalled for 5000ms) — stop + resume Spotify TLS
1785973536.420|[W][webradio] auto-skip exhausted — no playable station
1785973536.425|[I][spotify.tls] tls yield — resumed
1785973536.457|[D][chrome] drawVolume pct=100 keyframe=4
1785973536.460|[D][chrome] drawVolume pct=100 keyframe=4
1785973536.487|[W][perf] iter=74ms (worst path so far: app.tick:458ms)
1785973538.794|[I][hb] display=winamp wifi=rssi(-53) disc=2 heap=44k maxAlloc=41k stack_hwm=12908b uptime=01:55:35 poll=0/0 last=0 block_max=0ms loop_max=460ms slow=app.tick:458ms last_poll_age_ms=0 next_poll_in_ms=5000 last_render_age_ms=2318 build=Aug  5 2026-22:49:22
1785973559.199|[I][webradio] terminal retry — re-arming scan idx=0
1785973559.206|[I][webradio] play idx=0 name=INJECTED url=http://stream.slam.nl/WEB15_MP3
1785973559.424|[I][spotify.tls] tls yield — client stopped
1785973559.430|[membudget] TASK-267 _play pre-acquire lfbInt=42996 freeInt=45728
1785973559.435|[I][webradio] HEAP pre-connect free=45728 min=43348 maxAlloc=42996
1785973559.444|[membudget] CP1-pre-connect skip=0 freeInt=45728 lfbInt=42996 freeDma=2584 lfbDma=1204
1785973559.448|[W][perf] iter=250ms (worst path so far: app.tick:249ms)
1785973559.469|[I][webradio] audio_info: buffers freed, free Heap: 54864 bytes
1785973559.477|[I][webradio] audio_info: Connect to new host: "http://stream.slam.nl/WEB15_MP3"
1785973559.504|[D][chrome] drawVolume pct=100 keyframe=4
1785973559.508|[D][chrome] drawVolume pct=100 keyframe=4
1785973559.534|[W][perf] iter=86ms (worst path so far: app.tick:249ms)
1785973559.619|[I][webradio] audio_info: Connection has been established in 136 ms, free Heap: 54084 bytes
1785973559.625|[I][webradio] HEAP play free=52332 min=43348
1785973559.645|[I][webradio] audio_info: chunked data transfer
1785973559.654|[I][webradio] audio_info: redirect to new host "http://29023.live.streamtheworld.com/WEB15_MP3_SC"
1785973559.668|[I][webradio] audio_info: buffers freed, free Heap: 54496 bytes
1785973559.677|[I][webradio] audio_info: Connect to new host: "http://29023.live.streamtheworld.com/WEB15_MP3_SC"
1785973559.683|[D][chrome] drawVolume pct=100 keyframe=4
1785973559.687|[D][chrome] drawVolume pct=100 keyframe=4
1785973559.714|[I][webradio] audio_info: Connection has been established in 31 ms, free Heap: 53452 bytes
1785973559.720|[W][perf] iter=101ms (worst path so far: app.tick:249ms)
1785973560.651|[I][webradio] audio_info: icy-name: SLAM! 00's
1785973560.670|[mbdbg] helix alloc: DecInfo=0x3ffef4c8(2000) FHdr=0x3ffefc98(44) SI=0x3ffefcc4(40) SFJS=0x3ffefcec(36) Huff=0x3ffefd10(4624) Deq=0x3fff0f20(792) IMDCT=0x3fff1238(6944) Sub=0x3fff2d58(8708) FInfo=0x3fff4f5c(28)
1785973560.676|[I][webradio] audio_info: MP3Decoder has been initialized, free Heap: 47324 bytes
1785973560.684|[membudget] CP2-decoder-init freeInt=47324 lfbInt=42996 freeDma=4180 lfbDma=1908 arenaHWM=23216
1785973560.689|[W][perf] iter=52ms (worst path so far: app.tick:249ms)
1785973560.694|[I][webradio] audio_info: slow stream, dropouts are possible
1785973560.698|[I][webradio] audio_info: stream ready
1785973560.703|[I][webradio] audio_info: syncword found at pos 0
1785973560.720|[I][webradio] audio_info: Channels: 2
1785973560.723|[I][webradio] audio_info: SampleRate: 44100
1785973560.726|[I][webradio] audio_info: BitsPerSample: 16
1785973560.731|[I][webradio] audio_info: BitRate: 128000
1785973561.692|[I][webradio] audio_info: slow stream, dropouts are possible
1785973562.693|[I][webradio] audio_info: slow stream, dropouts are possible
1785973563.694|[I][webradio] audio_info: slow stream, dropouts are possible
1785973564.695|[I][webradio] audio_info: slow stream, dropouts are possible
1785973565.696|[I][webradio] audio_info: slow stream, dropouts are possible
1785973566.558|[W][webradio] stream dead (isRunning=1 for 0ms, bufStalled for 5000ms) — stop + resume Spotify TLS
1785973566.561|[I][webradio] stall idx=0 — retrying once
1785973566.566|[I][spotify.tls] tls yield — resumed
1785973566.597|[D][chrome] drawVolume pct=100 keyframe=4
1785973566.601|[D][chrome] drawVolume pct=100 keyframe=4
1785973566.626|[W][perf] iter=74ms (worst path so far: app.tick:249ms)
1785973566.634|[I][webradio] play idx=0 name=INJECTED url=http://stream.slam.nl/WEB15_MP3
1785973567.066|[I][spotify.tls] tls yield — client stopped
1785973567.071|[membudget] TASK-267 _play pre-acquire lfbInt=42996 freeInt=47292
1785973567.077|[I][webradio] HEAP pre-connect free=47292 min=43348 maxAlloc=42996
1785973567.085|[membudget] CP1-pre-connect skip=0 freeInt=47292 lfbInt=42996 freeDma=4148 lfbDma=1588
1785973567.090|[W][perf] iter=461ms (worst path so far: app.tick:459ms)
1785973567.108|[I][webradio] audio_info: buffers freed, free Heap: 48956 bytes
1785973567.117|[I][webradio] audio_info: Connect to new host: "http://stream.slam.nl/WEB15_MP3"
1785973567.145|[D][chrome] drawVolume pct=100 keyframe=4
1785973567.149|[D][chrome] drawVolume pct=100 keyframe=4
1785973567.175|[W][perf] iter=85ms (worst path so far: app.tick:459ms)
1785973567.462|[I][webradio] audio_info: Connection has been established in 336 ms, free Heap: 48328 bytes
1785973567.487|[I][webradio] audio_info: chunked data transfer
1785973567.497|[I][webradio] audio_info: redirect to new host "http://28973.live.streamtheworld.com/WEB15_MP3_SC"
1785973567.509|[I][webradio] audio_info: buffers freed, free Heap: 48732 bytes
1785973567.521|[I][webradio] audio_info: Connect to new host: "http://28973.live.streamtheworld.com/WEB15_MP3_SC"
1785973567.524|[D][chrome] drawVolume pct=100 keyframe=4
1785973567.528|[D][chrome] drawVolume pct=100 keyframe=4
1785973567.554|[I][webradio] audio_info: Connection has been established in 30 ms, free Heap: 47848 bytes
1785973567.560|[W][perf] iter=99ms (worst path so far: app.tick:459ms)
1785973568.604|[W][perf] iter=52ms (worst path so far: app.tick:459ms)
1785973568.658|[W][perf] iter=54ms (worst path so far: app.tick:459ms)
1785973568.712|[W][perf] iter=54ms (worst path so far: app.tick:459ms)
1785973568.766|[W][perf] iter=54ms (worst path so far: app.tick:459ms)
1785973568.819|[W][perf] iter=54ms (worst path so far: app.tick:459ms)
1785973568.843|[I][hb] display=winamp wifi=rssi(-54) disc=2 heap=46k maxAlloc=41k stack_hwm=12908b uptime=01:56:06 poll=0/0 last=0 block_max=0ms loop_max=461ms slow=app.tick:459ms last_poll_age_ms=0 next_poll_in_ms=5000 last_render_age_ms=1295 build=Aug  5 2026-22:49:22
1785973568.897|[W][perf] iter=77ms (worst path so far: app.tick:53ms)
1785973568.951|[W][perf] iter=54ms (worst path so far: app.tick:53ms)
1785973569.005|[W][perf] iter=54ms (worst path so far: app.tick:53ms)
1785973569.059|[W][perf] iter=54ms (worst path so far: app.tick:53ms)
1785973569.113|[W][perf] iter=55ms (worst path so far: app.tick:53ms)
1785973569.169|[W][perf] iter=54ms (worst path so far: app.tick:53ms)
1785973569.222|[W][perf] iter=54ms (worst path so far: app.tick:53ms)
1785973569.276|[W][perf] iter=54ms (worst path so far: app.tick:53ms)
1785973569.330|[W][perf] iter=54ms (worst path so far: app.tick:53ms)
1785973569.384|[W][perf] iter=54ms (worst path so far: app.tick:53ms)
1785973569.438|[W][perf] iter=54ms (worst path so far: app.tick:53ms)
1785973569.492|[W][perf] iter=54ms (worst path so far: app.tick:53ms)
1785973569.546|[W][perf] iter=54ms (worst path so far: app.tick:53ms)
1785973569.600|[W][perf] iter=54ms (worst path so far: app.tick:53ms)
1785973569.654|[W][perf] iter=54ms (worst path so far: app.tick:53ms)
1785973569.708|[W][perf] iter=54ms (worst path so far: app.tick:53ms)
1785973569.762|[W][perf] iter=54ms (worst path so far: app.tick:53ms)
1785973569.817|[W][perf] iter=54ms (worst path so far: app.tick:53ms)
1785973569.870|[W][perf] iter=54ms (worst path so far: app.tick:53ms)
1785973569.925|[W][perf] iter=54ms (worst path so far: app.tick:53ms)
1785973569.978|[W][perf] iter=54ms (worst path so far: app.tick:53ms)
1785973570.033|[W][perf] iter=54ms (worst path so far: app.tick:53ms)
1785973570.086|[W][perf] iter=54ms (worst path so far: app.tick:53ms)
1785973570.140|[W][perf] iter=54ms (worst path so far: app.tick:53ms)
1785973570.194|[W][perf] iter=54ms (worst path so far: app.tick:53ms)
1785973570.247|[W][perf] iter=54ms (worst path so far: app.tick:53ms)
1785973570.302|[W][perf] iter=54ms (worst path so far: app.tick:53ms)
1785973570.357|[W][perf] iter=54ms (worst path so far: app.tick:53ms)
1785973570.410|[W][perf] iter=54ms (worst path so far: app.tick:53ms)
1785973570.464|[W][perf] iter=54ms (worst path so far: app.tick:53ms)
1785973570.518|[W][perf] iter=54ms (worst path so far: app.tick:53ms)
1785973570.571|[W][perf] iter=54ms (worst path so far: app.tick:53ms)
1785973570.626|[W][perf] iter=54ms (worst path so far: app.tick:53ms)
1785973570.681|[W][perf] iter=54ms (worst path so far: app.tick:53ms)
1785973570.734|[W][perf] iter=54ms (worst path so far: app.tick:53ms)
1785973570.789|[W][perf] iter=54ms (worst path so far: app.tick:53ms)
1785973570.842|[W][perf] iter=54ms (worst path so far: app.tick:53ms)
1785973570.896|[W][perf] iter=54ms (worst path so far: app.tick:53ms)
1785973570.951|[W][perf] iter=54ms (worst path so far: app.tick:53ms)
1785973571.004|[W][perf] iter=54ms (worst path so far: app.tick:53ms)
1785973572.466|[W][webradio] stream dead (isRunning=0 for 1509ms, bufStalled for 5000ms) — stop + resume Spotify TLS
1785973572.471|[W][webradio] auto-skip exhausted — no playable station
1785973572.480|[I][spotify.tls] tls yield — resumed
1785973572.506|[D][chrome] drawVolume pct=100 keyframe=4
1785973572.509|[D][chrome] drawVolume pct=100 keyframe=4
1785973572.536|[W][perf] iter=74ms (worst path so far: wr.pump:2501ms)
1785973596.630|[I][webradio] terminal retry — re-arming scan idx=0
1785973596.637|[I][webradio] play idx=0 name=INJECTED url=http://stream.slam.nl/WEB15_MP3
1785973596.981|[I][spotify.tls] tls yield — client stopped
1785973596.986|[membudget] TASK-267 _play pre-acquire lfbInt=42996 freeInt=54864
1785973596.992|[I][webradio] HEAP pre-connect free=54864 min=43348 maxAlloc=42996
1785973597.000|[membudget] CP1-pre-connect skip=0 freeInt=54864 lfbInt=42996 freeDma=11720 lfbDma=10228
1785973597.005|[W][perf] iter=374ms (worst path so far: wr.pump:2501ms)
1785973597.019|[I][webradio] audio_info: buffers freed, free Heap: 54864 bytes
1785973597.028|[I][webradio] audio_info: Connect to new host: "http://stream.slam.nl/WEB15_MP3"
1785973597.058|[D][chrome] drawVolume pct=100 keyframe=4
1785973597.062|[D][chrome] drawVolume pct=100 keyframe=4
1785973597.090|[W][perf] iter=85ms (worst path so far: wr.pump:2501ms)
1785973597.115|[I][webradio] audio_info: Connection has been established in 82 ms, free Heap: 54072 bytes
1785973597.120|[I][webradio] HEAP play free=52688 min=43348
1785973597.142|[I][webradio] audio_info: chunked data transfer
1785973597.151|[I][webradio] audio_info: redirect to new host "http://22673.live.streamtheworld.com/WEB15_MP3_SC"
1785973597.165|[I][webradio] audio_info: buffers freed, free Heap: 54492 bytes
1785973597.175|[I][webradio] audio_info: Connect to new host: "http://22673.live.streamtheworld.com/WEB15_MP3_SC"
1785973597.181|[D][chrome] drawVolume pct=100 keyframe=4
1785973597.185|[D][chrome] drawVolume pct=100 keyframe=4
1785973597.215|[W][perf] iter=97ms (worst path so far: wr.pump:2501ms)
1785973597.223|[I][webradio] audio_info: Connection has been established in 41 ms, free Heap: 53776 bytes
1785973598.023|[I][webradio] audio_info: icy-name: SLAM! 00's
1785973598.042|[mbdbg] helix alloc: DecInfo=0x3ffef4c8(2000) FHdr=0x3ffefc98(44) SI=0x3ffefcc4(40) SFJS=0x3ffefcec(36) Huff=0x3ffefd10(4624) Deq=0x3fff0f20(792) IMDCT=0x3fff1238(6944) Sub=0x3fff2d58(8708) FInfo=0x3fff4f5c(28)
1785973598.048|[I][webradio] audio_info: MP3Decoder has been initialized, free Heap: 47452 bytes
1785973598.056|[membudget] CP2-decoder-init freeInt=47452 lfbInt=42996 freeDma=4308 lfbDma=2164 arenaHWM=23216
1785973598.061|[W][perf] iter=53ms (worst path so far: wr.pump:2501ms)
1785973598.067|[I][webradio] audio_info: slow stream, dropouts are possible
1785973598.070|[I][webradio] audio_info: stream ready
1785973598.075|[I][webradio] audio_info: syncword found at pos 0
1785973598.097|[I][webradio] audio_info: Channels: 2
1785973598.100|[I][webradio] audio_info: SampleRate: 44100
1785973598.103|[I][webradio] audio_info: BitsPerSample: 16
1785973598.108|[I][webradio] audio_info: BitRate: 128000
1785973598.705|[I][webradio] audio_info: StreamTitle='Klubbheads - Hiphopping'
1785973598.711|[D][webradio] ICY: Klubbheads - Hiphopping
1785973598.855|[I][hb] display=winamp wifi=rssi(-53) disc=2 heap=47k maxAlloc=41k stack_hwm=12908b uptime=01:56:36 poll=0/0 last=0 block_max=0ms loop_max=374ms slow=wr.pump:2501ms last_poll_age_ms=0 next_poll_in_ms=5000 last_render_age_ms=1642 build=Aug  5 2026-22:49:22
1785973604.147|[I][webradio] audio_info: slow stream, dropouts are possible
1785973606.172|[I][webradio] audio_info: slow stream, dropouts are possible
1785973607.173|[I][webradio] audio_info: slow stream, dropouts are possible
1785973608.175|[I][webradio] audio_info: slow stream, dropouts are possible
1785973609.174|[I][webradio] audio_info: slow stream, dropouts are possible
1785973610.176|[I][webradio] audio_info: slow stream, dropouts are possible
1785973611.053|[W][webradio] stream dead (isRunning=1 for 0ms, bufStalled for 5000ms) — stop + resume Spotify TLS
1785973611.056|[I][webradio] stall idx=0 — retrying once
1785973611.060|[I][spotify.tls] tls yield — resumed
1785973611.093|[D][chrome] drawVolume pct=100 keyframe=4
1785973611.097|[D][chrome] drawVolume pct=100 keyframe=4
1785973611.122|[W][perf] iter=75ms (worst path so far: app.tick:74ms)
1785973611.129|[I][webradio] play idx=0 name=INJECTED url=http://stream.slam.nl/WEB15_MP3
1785973611.559|[I][spotify.tls] tls yield — client stopped
1785973611.565|[membudget] TASK-267 _play pre-acquire lfbInt=42996 freeInt=45856
1785973611.570|[I][webradio] HEAP pre-connect free=45856 min=43348 maxAlloc=42996
1785973611.578|[membudget] CP1-pre-connect skip=0 freeInt=45856 lfbInt=42996 freeDma=2712 lfbDma=1588
1785973611.583|[W][perf] iter=459ms (worst path so far: app.tick:457ms)
1785973611.603|[I][webradio] audio_info: buffers freed, free Heap: 47524 bytes
1785973611.612|[I][webradio] audio_info: Connect to new host: "http://stream.slam.nl/WEB15_MP3"
1785973611.640|[D][chrome] drawVolume pct=100 keyframe=4
1785973611.644|[D][chrome] drawVolume pct=100 keyframe=4
1785973611.670|[W][perf] iter=87ms (worst path so far: app.tick:457ms)
1785973611.956|[I][webradio] audio_info: Connection has been established in 335 ms, free Heap: 46468 bytes
1785973611.982|[I][webradio] audio_info: chunked data transfer
1785973611.991|[I][webradio] audio_info: redirect to new host "http://28973.live.streamtheworld.com/WEB15_MP3_SC"
1785973612.003|[I][webradio] audio_info: buffers freed, free Heap: 47304 bytes
1785973612.014|[I][webradio] audio_info: Connect to new host: "http://28973.live.streamtheworld.com/WEB15_MP3_SC"
1785973612.017|[D][chrome] drawVolume pct=100 keyframe=4
1785973612.021|[D][chrome] drawVolume pct=100 keyframe=4
1785973612.046|[W][perf] iter=92ms (worst path so far: app.tick:457ms)
1785973612.101|[W][perf] iter=54ms (worst path so far: app.tick:457ms)
1785973612.155|[W][perf] iter=54ms (worst path so far: app.tick:457ms)
1785973612.209|[W][perf] iter=54ms (worst path so far: app.tick:457ms)
1785973612.263|[W][perf] iter=54ms (worst path so far: app.tick:457ms)
1785973612.317|[W][perf] iter=54ms (worst path so far: app.tick:457ms)
1785973612.371|[W][perf] iter=54ms (worst path so far: app.tick:457ms)
1785973612.425|[W][perf] iter=54ms (worst path so far: app.tick:457ms)
1785973612.480|[W][perf] iter=54ms (worst path so far: app.tick:457ms)
1785973612.534|[W][perf] iter=54ms (worst path so far: app.tick:457ms)
1785973612.587|[W][perf] iter=54ms (worst path so far: app.tick:457ms)
1785973612.641|[W][perf] iter=54ms (worst path so far: app.tick:457ms)
1785973612.696|[W][perf] iter=54ms (worst path so far: app.tick:457ms)
1785973612.750|[W][perf] iter=54ms (worst path so far: app.tick:457ms)
1785973612.803|[W][perf] iter=54ms (worst path so far: app.tick:457ms)
1785973612.858|[W][perf] iter=54ms (worst path so far: app.tick:457ms)
1785973612.912|[W][perf] iter=54ms (worst path so far: app.tick:457ms)
1785973612.965|[W][perf] iter=54ms (worst path so far: app.tick:457ms)
1785973613.019|[W][perf] iter=54ms (worst path so far: app.tick:457ms)
1785973613.074|[W][perf] iter=54ms (worst path so far: app.tick:457ms)
1785973613.127|[W][perf] iter=54ms (worst path so far: app.tick:457ms)
1785973613.181|[W][perf] iter=54ms (worst path so far: app.tick:457ms)
1785973613.235|[W][perf] iter=54ms (worst path so far: app.tick:457ms)
1785973613.290|[W][perf] iter=54ms (worst path so far: app.tick:457ms)
1785973613.343|[W][perf] iter=54ms (worst path so far: app.tick:457ms)
1785973613.398|[W][perf] iter=54ms (worst path so far: app.tick:457ms)
1785973613.452|[W][perf] iter=54ms (worst path so far: app.tick:457ms)
1785973613.505|[W][perf] iter=54ms (worst path so far: app.tick:457ms)
1785973613.559|[W][perf] iter=54ms (worst path so far: app.tick:457ms)
1785973613.614|[W][perf] iter=55ms (worst path so far: app.tick:457ms)
1785973613.669|[W][perf] iter=54ms (worst path so far: app.tick:457ms)
1785973613.722|[W][perf] iter=54ms (worst path so far: app.tick:457ms)
1785973613.776|[W][perf] iter=54ms (worst path so far: app.tick:457ms)
1785973613.830|[W][perf] iter=54ms (worst path so far: app.tick:457ms)
1785973613.885|[W][perf] iter=54ms (worst path so far: app.tick:457ms)
1785973613.939|[W][perf] iter=54ms (worst path so far: app.tick:457ms)
1785973613.993|[W][perf] iter=54ms (worst path so far: app.tick:457ms)
1785973614.047|[W][perf] iter=54ms (worst path so far: app.tick:457ms)
1785973614.100|[W][perf] iter=54ms (worst path so far: app.tick:457ms)
1785973614.154|[W][perf] iter=54ms (worst path so far: app.tick:457ms)
1785973614.209|[W][perf] iter=54ms (worst path so far: app.tick:457ms)
1785973614.262|[W][perf] iter=54ms (worst path so far: app.tick:457ms)
1785973614.317|[W][perf] iter=54ms (worst path so far: app.tick:457ms)
1785973614.370|[W][perf] iter=54ms (worst path so far: app.tick:457ms)
1785973614.424|[W][perf] iter=54ms (worst path so far: app.tick:457ms)
1785973614.479|[W][perf] iter=54ms (worst path so far: app.tick:457ms)
1785973614.533|[W][perf] iter=54ms (worst path so far: app.tick:457ms)
1785973614.586|[W][perf] iter=54ms (worst path so far: app.tick:457ms)
1785973614.640|[W][perf] iter=54ms (worst path so far: app.tick:457ms)
1785973614.695|[W][perf] iter=54ms (worst path so far: app.tick:457ms)
1785973614.748|[W][perf] iter=54ms (worst path so far: app.tick:457ms)
1785973614.802|[W][perf] iter=54ms (worst path so far: app.tick:457ms)
1785973614.856|[W][perf] iter=54ms (worst path so far: app.tick:457ms)
1785973614.911|[W][perf] iter=54ms (worst path so far: app.tick:457ms)
1785973614.965|[W][perf] iter=54ms (worst path so far: app.tick:457ms)
1785973615.018|[W][perf] iter=54ms (worst path so far: app.tick:457ms)
1785973615.072|[W][perf] iter=54ms (worst path so far: app.tick:457ms)
1785973615.126|[W][perf] iter=54ms (worst path so far: app.tick:457ms)
1785973615.180|[W][perf] iter=54ms (worst path so far: app.tick:457ms)
1785973615.234|[W][perf] iter=54ms (worst path so far: app.tick:457ms)
1785973615.288|[W][perf] iter=54ms (worst path so far: app.tick:457ms)
1785973615.342|[W][perf] iter=54ms (worst path so far: app.tick:457ms)
1785973615.396|[W][perf] iter=54ms (worst path so far: app.tick:457ms)
1785973615.451|[W][perf] iter=54ms (worst path so far: app.tick:457ms)
1785973615.504|[W][perf] iter=54ms (worst path so far: app.tick:457ms)
1785973615.558|[W][perf] iter=54ms (worst path so far: app.tick:457ms)
1785973615.612|[W][perf] iter=54ms (worst path so far: app.tick:457ms)
1785973615.666|[W][perf] iter=54ms (worst path so far: app.tick:457ms)
1785973615.721|[W][perf] iter=54ms (worst path so far: app.tick:457ms)
1785973615.774|[W][perf] iter=54ms (worst path so far: app.tick:457ms)
1785973615.828|[W][perf] iter=54ms (worst path so far: app.tick:457ms)
1785973615.882|[W][perf] iter=54ms (worst path so far: app.tick:457ms)
1785973615.936|[W][perf] iter=54ms (worst path so far: app.tick:457ms)
1785973615.991|[W][perf] iter=54ms (worst path so far: app.tick:457ms)
1785973616.045|[W][perf] iter=54ms (worst path so far: app.tick:457ms)
1785973616.098|[W][perf] iter=54ms (worst path so far: app.tick:457ms)
1785973616.152|[W][perf] iter=54ms (worst path so far: app.tick:457ms)
1785973616.206|[W][perf] iter=54ms (worst path so far: app.tick:457ms)
1785973616.260|[W][perf] iter=54ms (worst path so far: app.tick:457ms)
1785973616.314|[W][perf] iter=54ms (worst path so far: app.tick:457ms)
1785973616.368|[W][perf] iter=54ms (worst path so far: app.tick:457ms)
1785973616.422|[W][perf] iter=54ms (worst path so far: app.tick:457ms)
1785973616.476|[W][perf] iter=54ms (worst path so far: app.tick:457ms)
1785973616.530|[W][perf] iter=54ms (worst path so far: app.tick:457ms)
1785973616.584|[W][perf] iter=54ms (worst path so far: app.tick:457ms)
1785973616.639|[W][perf] iter=54ms (worst path so far: app.tick:457ms)
1785973616.693|[W][perf] iter=54ms (worst path so far: app.tick:457ms)
1785973616.746|[W][perf] iter=54ms (worst path so far: app.tick:457ms)
1785973616.800|[W][perf] iter=54ms (worst path so far: app.tick:457ms)
1785973616.855|[W][perf] iter=54ms (worst path so far: app.tick:457ms)
1785973616.908|[W][perf] iter=54ms (worst path so far: app.tick:457ms)
1785973616.962|[W][perf] iter=54ms (worst path so far: app.tick:457ms)
1785973617.020|[W][webradio] stream dead (isRunning=1 for 0ms, bufStalled for 5010ms) — stop + resume Spotify TLS
1785973617.029|[I][webradio] audio_info: Request http://28973.live.streamtheworld.com/WEB15_MP3_SC failed!
1785973617.033|[W][webradio] auto-skip exhausted — no playable station
1785973617.039|[I][spotify.tls] tls yield — resumed
1785973617.066|[D][chrome] drawVolume pct=100 keyframe=4
1785973617.070|[D][chrome] drawVolume pct=100 keyframe=4
1785973617.095|[W][perf] iter=133ms (worst path so far: wr.pump:5044ms)
1785973617.098|[D][webradio] ICY:
1785973628.844|[I][hb] display=winamp wifi=rssi(-54) disc=2 heap=53k maxAlloc=41k stack_hwm=12908b uptime=01:57:06 poll=0/0 last=0 block_max=0ms loop_max=459ms slow=wr.pump:5044ms last_poll_age_ms=0 next_poll_in_ms=5000 last_render_age_ms=11757 build=Aug  5 2026-22:49:2
1785973641.126|[I][webradio] terminal retry — re-arming scan idx=0
1785973641.133|[I][webradio] play idx=0 name=INJECTED url=http://stream.slam.nl/WEB15_MP3
1785973641.539|[I][spotify.tls] tls yield — client stopped
1785973641.545|[membudget] TASK-267 _play pre-acquire lfbInt=42996 freeInt=54868
1785973641.550|[I][webradio] HEAP pre-connect free=54868 min=43348 maxAlloc=42996
1785973641.559|[membudget] CP1-pre-connect skip=0 freeInt=54868 lfbInt=42996 freeDma=11724 lfbDma=9716
1785973641.564|[W][perf] iter=437ms (worst path so far: app.tick:436ms)
1785973641.579|[I][webradio] audio_info: buffers freed, free Heap: 54868 bytes
1785973641.588|[I][webradio] audio_info: Connect to new host: "http://stream.slam.nl/WEB15_MP3"
1785973641.620|[D][chrome] drawVolume pct=100 keyframe=4
1785973641.623|[D][chrome] drawVolume pct=100 keyframe=4
1785973641.632|[I][webradio] audio_info: Connection has been established in 33 ms, free Heap: 53884 bytes
1785973641.653|[I][webradio] audio_info: chunked data transfer
1785973641.663|[I][webradio] audio_info: redirect to new host "http://29003.live.streamtheworld.com/WEB15_MP3_SC"
1785973641.675|[I][webradio] audio_info: buffers freed, free Heap: 54496 bytes
1785973641.686|[I][webradio] audio_info: Connect to new host: "http://29003.live.streamtheworld.com/WEB15_MP3_SC"
1785973641.690|[W][perf] iter=116ms (worst path so far: app.tick:436ms)
1785973641.695|[I][webradio] HEAP play free=53776 min=43348
1785973641.720|[I][webradio] audio_info: Connection has been established in 28 ms, free Heap: 53800 bytes
1785973641.754|[D][chrome] drawVolume pct=100 keyframe=4
1785973641.758|[D][chrome] drawVolume pct=100 keyframe=4
1785973641.785|[W][perf] iter=95ms (worst path so far: app.tick:436ms)
1785973642.580|[I][webradio] audio_info: icy-name: SLAM! 00's
1785973642.600|[mbdbg] helix alloc: DecInfo=0x3ffef4c8(2000) FHdr=0x3ffefc98(44) SI=0x3ffefcc4(40) SFJS=0x3ffefcec(36) Huff=0x3ffefd10(4624) Deq=0x3fff0f20(792) IMDCT=0x3fff1238(6944) Sub=0x3fff2d58(8708) FInfo=0x3fff4f5c(28)
1785973642.606|[I][webradio] audio_info: MP3Decoder has been initialized, free Heap: 47468 bytes
1785973642.614|[membudget] CP2-decoder-init freeInt=47468 lfbInt=42996 freeDma=4324 lfbDma=1652 arenaHWM=23216
1785973642.619|[W][perf] iter=52ms (worst path so far: app.tick:436ms)
1785973642.625|[I][webradio] audio_info: slow stream, dropouts are possible
1785973642.628|[I][webradio] audio_info: stream ready
1785973642.633|[I][webradio] audio_info: syncword found at pos 0
1785973642.643|[I][webradio] audio_info: Channels: 2
1785973642.646|[I][webradio] audio_info: SampleRate: 44100
1785973642.649|[I][webradio] audio_info: BitsPerSample: 16
1785973642.654|[I][webradio] audio_info: BitRate: 128000
1785973643.296|[I][webradio] audio_info: StreamTitle='Klubbheads - Hiphopping'
1785973643.318|[D][webradio] ICY: Klubbheads - Hiphopping
1785973646.640|[I][webradio] audio_info: slow stream, dropouts are possible
1785973647.641|[I][webradio] audio_info: slow stream, dropouts are possible
1785973648.642|[I][webradio] audio_info: slow stream, dropouts are possible
1785973649.643|[I][webradio] audio_info: slow stream, dropouts are possible
1785973650.644|[I][webradio] audio_info: slow stream, dropouts are possible
1785973650.711|[W][webradio] stream dead (isRunning=1 for 0ms, bufStalled for 5000ms) — stop + resume Spotify TLS
1785973650.714|[I][webradio] stall idx=0 — retrying once
1785973650.718|[I][spotify.tls] tls yield — resumed
1785973650.752|[D][chrome] drawVolume pct=100 keyframe=4
1785973650.756|[D][chrome] drawVolume pct=100 keyframe=4
1785973650.781|[W][perf] iter=76ms (worst path so far: app.tick:436ms)
1785973650.788|[I][webradio] play idx=0 name=INJECTED url=http://stream.slam.nl/WEB15_MP3
1785973651.217|[I][spotify.tls] tls yield — client stopped
1785973651.223|[membudget] TASK-267 _play pre-acquire lfbInt=42996 freeInt=47804
1785973651.228|[I][webradio] HEAP pre-connect free=47804 min=43348 maxAlloc=42996
1785973651.236|[membudget] CP1-pre-connect skip=0 freeInt=47804 lfbInt=42996 freeDma=4660 lfbDma=1652
1785973651.241|[W][perf] iter=459ms (worst path so far: app.tick:457ms)
1785973651.261|[I][webradio] audio_info: buffers freed, free Heap: 49460 bytes
1785973651.271|[I][webradio] audio_info: Connect to new host: "http://stream.slam.nl/WEB15_MP3"
1785973651.297|[D][chrome] drawVolume pct=100 keyframe=4
1785973651.301|[D][chrome] drawVolume pct=100 keyframe=4
1785973651.326|[W][perf] iter=85ms (worst path so far: app.tick:457ms)
1785973651.668|[I][webradio] audio_info: Connection has been established in 391 ms, free Heap: 48820 bytes
1785973651.692|[I][webradio] audio_info: chunked data transfer
1785973651.702|[I][webradio] audio_info: redirect to new host "http://22673.live.streamtheworld.com/WEB15_MP3_SC"
1785973651.715|[I][webradio] audio_info: buffers freed, free Heap: 49248 bytes
1785973651.725|[I][webradio] audio_info: Connect to new host: "http://22673.live.streamtheworld.com/WEB15_MP3_SC"
1785973651.732|[D][chrome] drawVolume pct=100 keyframe=4
1785973651.736|[D][chrome] drawVolume pct=100 keyframe=4
1785973651.755|[I][webradio] audio_info: Connection has been established in 24 ms, free Heap: 48560 bytes
1785973651.768|[W][perf] iter=98ms (worst path so far: app.tick:457ms)
1785973652.773|[W][perf] iter=53ms (worst path so far: app.tick:457ms)
1785973652.828|[W][perf] iter=54ms (worst path so far: app.tick:457ms)
1785973652.882|[W][perf] iter=54ms (worst path so far: app.tick:457ms)
1785973652.935|[W][perf] iter=54ms (worst path so far: app.tick:457ms)
1785973652.989|[W][perf] iter=54ms (worst path so far: app.tick:457ms)
1785973653.043|[W][perf] iter=54ms (worst path so far: app.tick:457ms)
1785973653.097|[W][perf] iter=54ms (worst path so far: app.tick:457ms)
1785973653.151|[W][perf] iter=54ms (worst path so far: app.tick:457ms)
1785973653.205|[W][perf] iter=54ms (worst path so far: app.tick:457ms)
1785973653.259|[W][perf] iter=54ms (worst path so far: app.tick:457ms)
1785973653.315|[W][perf] iter=55ms (worst path so far: app.tick:457ms)
1785973653.369|[W][perf] iter=54ms (worst path so far: app.tick:457ms)
1785973653.422|[W][perf] iter=54ms (worst path so far: app.tick:457ms)
1785973653.477|[W][perf] iter=54ms (worst path so far: app.tick:457ms)
1785973653.531|[W][perf] iter=54ms (worst path so far: app.tick:457ms)
1785973653.584|[W][perf] iter=54ms (worst path so far: app.tick:457ms)
1785973653.638|[W][perf] iter=54ms (worst path so far: app.tick:457ms)
1785973653.693|[W][perf] iter=54ms (worst path so far: app.tick:457ms)
1785973653.746|[W][perf] iter=54ms (worst path so far: app.tick:457ms)
1785973653.801|[W][perf] iter=54ms (worst path so far: app.tick:457ms)
1785973653.855|[W][perf] iter=54ms (worst path so far: app.tick:457ms)
1785973653.909|[W][perf] iter=54ms (worst path so far: app.tick:457ms)
1785973653.962|[W][perf] iter=54ms (worst path so far: app.tick:457ms)
1785973654.016|[W][perf] iter=54ms (worst path so far: app.tick:457ms)
1785973654.071|[W][perf] iter=54ms (worst path so far: app.tick:457ms)
1785973654.124|[W][perf] iter=54ms (worst path so far: app.tick:457ms)
1785973654.178|[W][perf] iter=54ms (worst path so far: app.tick:457ms)
1785973654.232|[W][perf] iter=54ms (worst path so far: app.tick:457ms)
1785973654.287|[W][perf] iter=54ms (worst path so far: app.tick:457ms)
1785973654.340|[W][perf] iter=54ms (worst path so far: app.tick:457ms)
1785973654.394|[W][perf] iter=54ms (worst path so far: app.tick:457ms)
1785973654.449|[W][perf] iter=54ms (worst path so far: app.tick:457ms)
1785973654.502|[W][perf] iter=54ms (worst path so far: app.tick:457ms)
1785973654.556|[W][perf] iter=54ms (worst path so far: app.tick:457ms)
1785973654.610|[W][perf] iter=54ms (worst path so far: app.tick:457ms)
1785973654.665|[W][perf] iter=54ms (worst path so far: app.tick:457ms)
1785973654.719|[W][perf] iter=54ms (worst path so far: app.tick:457ms)
1785973654.772|[W][perf] iter=54ms (worst path so far: app.tick:457ms)
1785973654.827|[W][perf] iter=54ms (worst path so far: app.tick:457ms)
1785973654.881|[W][perf] iter=54ms (worst path so far: app.tick:457ms)
1785973654.935|[W][perf] iter=54ms (worst path so far: app.tick:457ms)
1785973654.988|[W][perf] iter=54ms (worst path so far: app.tick:457ms)
1785973655.043|[W][perf] iter=54ms (worst path so far: app.tick:457ms)
1785973655.096|[W][perf] iter=54ms (worst path so far: app.tick:457ms)
1785973655.150|[W][perf] iter=54ms (worst path so far: app.tick:457ms)
1785973655.204|[W][perf] iter=54ms (worst path so far: app.tick:457ms)
1785973656.675|[W][webradio] stream dead (isRunning=0 for 1517ms, bufStalled for 5000ms) — stop + resume Spotify TLS
1785973656.681|[W][webradio] auto-skip exhausted — no playable station
1785973656.686|[I][spotify.tls] tls yield — resumed
1785973656.715|[D][chrome] drawVolume pct=100 keyframe=4
1785973656.718|[D][chrome] drawVolume pct=100 keyframe=4
1785973656.744|[W][perf] iter=74ms (worst path so far: wr.pump:2503ms)
1785973658.844|[I][hb] display=winamp wifi=rssi(-53) disc=2 heap=53k maxAlloc=41k stack_hwm=12908b uptime=01:57:36 poll=0/0 last=0 block_max=0ms loop_max=459ms slow=wr.pump:2503ms last_poll_age_ms=0 next_poll_in_ms=5000 last_render_age_ms=2109 build=Aug  5 2026-22:49:22
1785973680.784|[I][webradio] terminal retry — re-arming scan idx=0
1785973680.791|[I][webradio] play idx=0 name=INJECTED url=http://stream.slam.nl/WEB15_MP3
1785973681.186|[I][spotify.tls] tls yield — client stopped
1785973681.192|[membudget] TASK-267 _play pre-acquire lfbInt=42996 freeInt=55092
1785973681.197|[I][webradio] HEAP pre-connect free=55092 min=43348 maxAlloc=42996
1785973681.206|[membudget] CP1-pre-connect skip=0 freeInt=55092 lfbInt=42996 freeDma=11948 lfbDma=9716
1785973681.211|[W][perf] iter=426ms (worst path so far: app.tick:425ms)
1785973681.225|[I][webradio] audio_info: buffers freed, free Heap: 55092 bytes
1785973681.234|[I][webradio] audio_info: Connect to new host: "http://stream.slam.nl/WEB15_MP3"
1785973681.267|[D][chrome] drawVolume pct=100 keyframe=4
1785973681.275|[I][webradio] audio_info: Connection has been established in 32 ms, free Heap: 54308 bytes
1785973681.278|[D][chrome] drawVolume pct=100 keyframe=4
1785973681.299|[I][webradio] audio_info: chunked data transfer
1785973681.309|[I][webradio] audio_info: redirect to new host "http://22353.live.streamtheworld.com/WEB15_MP3_SC"
1785973681.321|[I][webradio] audio_info: buffers freed, free Heap: 54720 bytes
1785973681.331|[I][webradio] audio_info: Connect to new host: "http://22353.live.streamtheworld.com/WEB15_MP3_SC"
1785973681.335|[W][perf] iter=115ms (worst path so far: app.tick:425ms)
1785973681.340|[I][webradio] HEAP play free=54504 min=43348
1785973681.382|[I][webradio] audio_info: Connection has been established in 46 ms, free Heap: 54004 bytes
1785973681.417|[D][chrome] drawVolume pct=100 keyframe=4
1785973681.421|[D][chrome] drawVolume pct=100 keyframe=4
1785973681.447|[W][perf] iter=112ms (worst path so far: app.tick:425ms)
1785973682.289|[W][perf] iter=52ms (worst path so far: app.tick:425ms)
1785973682.343|[W][perf] iter=54ms (worst path so far: app.tick:425ms)
1785973682.396|[W][perf] iter=54ms (worst path so far: app.tick:425ms)
1785973682.450|[W][perf] iter=54ms (worst path so far: app.tick:425ms)
1785973682.504|[W][perf] iter=54ms (worst path so far: app.tick:425ms)
1785973682.558|[W][perf] iter=54ms (worst path so far: app.tick:425ms)
1785973682.612|[W][perf] iter=54ms (worst path so far: app.tick:425ms)
1785973682.666|[W][perf] iter=54ms (worst path so far: app.tick:425ms)
1785973682.720|[W][perf] iter=54ms (worst path so far: app.tick:425ms)
1785973682.775|[W][perf] iter=54ms (worst path so far: app.tick:425ms)
1785973682.828|[W][perf] iter=54ms (worst path so far: app.tick:425ms)
1785973682.882|[W][perf] iter=54ms (worst path so far: app.tick:425ms)
1785973682.936|[W][perf] iter=54ms (worst path so far: app.tick:425ms)
1785973682.992|[W][perf] iter=55ms (worst path so far: app.tick:425ms)
1785973683.045|[W][perf] iter=54ms (worst path so far: app.tick:425ms)
1785973683.099|[W][perf] iter=54ms (worst path so far: app.tick:425ms)
1785973683.154|[W][perf] iter=54ms (worst path so far: app.tick:425ms)
1785973683.207|[W][perf] iter=54ms (worst path so far: app.tick:425ms)
1785973683.261|[W][perf] iter=54ms (worst path so far: app.tick:425ms)
1785973683.315|[W][perf] iter=54ms (worst path so far: app.tick:425ms)
1785973683.369|[W][perf] iter=54ms (worst path so far: app.tick:425ms)
1785973683.423|[W][perf] iter=54ms (worst path so far: app.tick:425ms)
1785973683.477|[W][perf] iter=54ms (worst path so far: app.tick:425ms)
1785973683.531|[W][perf] iter=54ms (worst path so far: app.tick:425ms)
1785973683.585|[W][perf] iter=54ms (worst path so far: app.tick:425ms)
1785973683.639|[W][perf] iter=54ms (worst path so far: app.tick:425ms)
1785973683.693|[W][perf] iter=54ms (worst path so far: app.tick:425ms)
1785973683.747|[W][perf] iter=54ms (worst path so far: app.tick:425ms)
1785973683.802|[W][perf] iter=54ms (worst path so far: app.tick:425ms)
1785973683.855|[W][perf] iter=54ms (worst path so far: app.tick:425ms)
1785973683.909|[W][perf] iter=54ms (worst path so far: app.tick:425ms)
1785973683.963|[W][perf] iter=54ms (worst path so far: app.tick:425ms)
1785973684.017|[W][perf] iter=54ms (worst path so far: app.tick:425ms)
1785973684.071|[W][perf] iter=54ms (worst path so far: app.tick:425ms)
1785973684.125|[W][perf] iter=54ms (worst path so far: app.tick:425ms)
1785973684.179|[W][perf] iter=54ms (worst path so far: app.tick:425ms)
1785973684.233|[W][perf] iter=54ms (worst path so far: app.tick:425ms)
1785973684.287|[W][perf] iter=54ms (worst path so far: app.tick:425ms)
1785973684.341|[W][perf] iter=54ms (worst path so far: app.tick:425ms)
1785973684.395|[W][perf] iter=54ms (worst path so far: app.tick:425ms)
1785973684.449|[W][perf] iter=54ms (worst path so far: app.tick:425ms)
1785973684.503|[W][perf] iter=54ms (worst path so far: app.tick:425ms)
1785973684.558|[W][perf] iter=54ms (worst path so far: app.tick:425ms)
1785973684.611|[W][perf] iter=54ms (worst path so far: app.tick:425ms)
1785973684.665|[W][perf] iter=54ms (worst path so far: app.tick:425ms)
1785973684.720|[W][perf] iter=54ms (worst path so far: app.tick:425ms)
1785973686.342|[W][webradio] stream dead (isRunning=0 for 1669ms, bufStalled for 5000ms) — stop + resume Spotify TLS
1785973686.345|[I][webradio] stall idx=0 — retrying once
1785973686.353|[I][spotify.tls] tls yield — resumed
1785973686.382|[D][chrome] drawVolume pct=100 keyframe=4
1785973686.385|[D][chrome] drawVolume pct=100 keyframe=4
1785973686.410|[W][perf] iter=74ms (worst path so far: wr.pump:2501ms)
1785973686.417|[I][webradio] play idx=0 name=INJECTED url=http://stream.slam.nl/WEB15_MP3
1785973686.854|[I][spotify.tls] tls yield — client stopped
1785973686.860|[membudget] TASK-267 _play pre-acquire lfbInt=42996 freeInt=54868
1785973686.865|[I][webradio] HEAP pre-connect free=54868 min=43348 maxAlloc=42996
1785973686.873|[membudget] CP1-pre-connect skip=0 freeInt=54868 lfbInt=42996 freeDma=11724 lfbDma=9716
1785973686.878|[W][perf] iter=466ms (worst path so far: wr.pump:2501ms)
1785973686.893|[I][webradio] audio_info: buffers freed, free Heap: 54868 bytes
1785973686.902|[I][webradio] audio_info: Connect to new host: "http://stream.slam.nl/WEB15_MP3"
1785973686.938|[I][webradio] audio_info: Connection has been established in 30 ms, free Heap: 53864 bytes
1785973686.943|[D][chrome] drawVolume pct=100 keyframe=4
1785973686.946|[D][chrome] drawVolume pct=100 keyframe=4
1785973686.967|[W][perf] iter=90ms (worst path so far: wr.pump:2501ms)
1785973686.976|[I][webradio] audio_info: chunked data transfer
1785973686.985|[I][webradio] audio_info: redirect to new host "http://22333.live.streamtheworld.com/WEB15_MP3_SC"
1785973686.997|[I][webradio] audio_info: buffers freed, free Heap: 54496 bytes
1785973687.007|[I][webradio] audio_info: Connect to new host: "http://22333.live.streamtheworld.com/WEB15_MP3_SC"
1785973687.045|[I][webradio] audio_info: Connection has been established in 31 ms, free Heap: 53632 bytes
1785973687.062|[D][chrome] drawVolume pct=100 keyframe=4
1785973687.066|[D][chrome] drawVolume pct=100 keyframe=4
1785973687.093|[W][perf] iter=125ms (worst path so far: wr.pump:2501ms)
1785973688.026|[I][webradio] audio_info: icy-name: SLAM! 00's
1785973688.045|[mbdbg] helix alloc: DecInfo=0x3ffef4c8(2000) FHdr=0x3ffefc98(44) SI=0x3ffefcc4(40) SFJS=0x3ffefcec(36) Huff=0x3ffefd10(4624) Deq=0x3fff0f20(792) IMDCT=0x3fff1238(6944) Sub=0x3fff2d58(8708) FInfo=0x3fff4f5c(28)
1785973688.050|[I][webradio] audio_info: MP3Decoder has been initialized, free Heap: 47932 bytes
1785973688.059|[membudget] CP2-decoder-init freeInt=47932 lfbInt=42996 freeDma=4788 lfbDma=2292 arenaHWM=23216
1785973688.064|[W][perf] iter=53ms (worst path so far: wr.pump:2501ms)
1785973688.067|[I][webradio] audio_info: stream ready
1785973688.072|[I][webradio] audio_info: syncword found at pos 0
1785973688.086|[I][webradio] audio_info: Channels: 2
1785973688.089|[I][webradio] audio_info: SampleRate: 44100
1785973688.092|[I][webradio] audio_info: BitsPerSample: 16
1785973688.097|[I][webradio] audio_info: BitRate: 128000
1785973688.843|[I][hb] display=winamp wifi=rssi(-53) disc=2 heap=46k maxAlloc=41k stack_hwm=12908b uptime=01:58:06 poll=0/0 last=0 block_max=0ms loop_max=466ms slow=wr.pump:2501ms last_poll_age_ms=0 next_poll_in_ms=5000 last_render_age_ms=1761 build=Aug  5 2026-22:49:22
1785973689.068|[I][webradio] audio_info: slow stream, dropouts are possible
1785973690.070|[I][webradio] audio_info: slow stream, dropouts are possible
1785973691.069|[I][webradio] audio_info: slow stream, dropouts are possible
1785973692.071|[I][webradio] audio_info: slow stream, dropouts are possible
1785973693.072|[I][webradio] audio_info: slow stream, dropouts are possible
1785973693.216|[W][webradio] stream dead (isRunning=1 for 0ms, bufStalled for 5000ms) — stop + resume Spotify TLS
1785973693.221|[W][webradio] auto-skip exhausted — no playable station
1785973693.231|[I][spotify.tls] tls yield — resumed
1785973693.256|[D][chrome] drawVolume pct=100 keyframe=4
1785973693.260|[D][chrome] drawVolume pct=100 keyframe=4
1785973693.286|[W][perf] iter=75ms (worst path so far: app.tick:73ms)
1785973716.414|[I][webradio] terminal retry — re-arming scan idx=0
1785973716.420|[I][webradio] play idx=0 name=INJECTED url=http://stream.slam.nl/WEB15_MP3
1785973716.733|[I][spotify.tls] tls yield — client stopped
1785973716.738|[membudget] TASK-267 _play pre-acquire lfbInt=42996 freeInt=48084
1785973716.744|[I][webradio] HEAP pre-connect free=48084 min=43348 maxAlloc=42996
1785973716.752|[membudget] CP1-pre-connect skip=0 freeInt=48084 lfbInt=42996 freeDma=4940 lfbDma=2292
1785973716.758|[W][perf] iter=343ms (worst path so far: app.tick:342ms)
1785973716.776|[I][webradio] audio_info: buffers freed, free Heap: 54872 bytes
1785973716.784|[I][webradio] audio_info: Connect to new host: "http://stream.slam.nl/WEB15_MP3"
1785973716.815|[D][chrome] drawVolume pct=100 keyframe=4
1785973716.818|[D][chrome] drawVolume pct=100 keyframe=4
1785973716.843|[W][perf] iter=86ms (worst path so far: app.tick:342ms)
1785973716.902|[I][webradio] audio_info: Connection has been established in 112 ms, free Heap: 54076 bytes
1785973716.907|[I][webradio] HEAP play free=52696 min=43348
1785973716.928|[I][webradio] audio_info: chunked data transfer
1785973716.936|[I][webradio] audio_info: redirect to new host "http://22533.live.streamtheworld.com/WEB15_MP3_SC"
1785973716.949|[I][webradio] audio_info: buffers freed, free Heap: 54500 bytes
1785973716.960|[I][webradio] audio_info: Connect to new host: "http://22533.live.streamtheworld.com/WEB15_MP3_SC"
1785973716.966|[D][chrome] drawVolume pct=100 keyframe=4
1785973716.969|[D][chrome] drawVolume pct=100 keyframe=4
1785973716.998|[W][perf] iter=94ms (worst path so far: app.tick:342ms)
1785973717.007|[I][webradio] audio_info: Connection has been established in 41 ms, free Heap: 53452 bytes
1785973717.996|[W][perf] iter=53ms (worst path so far: app.tick:342ms)
1785973718.050|[W][perf] iter=54ms (worst path so far: app.tick:342ms)
1785973718.103|[W][perf] iter=54ms (worst path so far: app.tick:342ms)
1785973718.158|[W][perf] iter=54ms (worst path so far: app.tick:342ms)
1785973718.212|[W][perf] iter=54ms (worst path so far: app.tick:342ms)
1785973718.265|[W][perf] iter=54ms (worst path so far: app.tick:342ms)
1785973718.320|[W][perf] iter=54ms (worst path so far: app.tick:342ms)
1785973718.374|[W][perf] iter=54ms (worst path so far: app.tick:342ms)
1785973718.428|[W][perf] iter=54ms (worst path so far: app.tick:342ms)
1785973718.482|[W][perf] iter=54ms (worst path so far: app.tick:342ms)
1785973718.537|[W][perf] iter=55ms (worst path so far: app.tick:342ms)
1785973718.590|[W][perf] iter=54ms (worst path so far: app.tick:342ms)
1785973718.644|[W][perf] iter=54ms (worst path so far: app.tick:342ms)
1785973718.698|[W][perf] iter=54ms (worst path so far: app.tick:342ms)
1785973718.752|[W][perf] iter=54ms (worst path so far: app.tick:342ms)
1785973718.807|[W][perf] iter=54ms (worst path so far: app.tick:342ms)
1785973718.859|[W][perf] iter=54ms (worst path so far: app.tick:342ms)
1785973718.883|[I][hb] display=winamp wifi=rssi(-54) disc=2 heap=53k maxAlloc=41k stack_hwm=12908b uptime=01:58:36 poll=0/0 last=0 block_max=0ms loop_max=343ms slow=app.tick:342ms last_poll_age_ms=0 next_poll_in_ms=5000 last_render_age_ms=1894 build=Aug  5 2026-22:49:22
1785973718.936|[W][perf] iter=76ms (worst path so far: app.tick:52ms)
1785973718.992|[W][perf] iter=54ms (worst path so far: app.tick:52ms)
1785973719.045|[W][perf] iter=54ms (worst path so far: app.tick:52ms)
1785973719.098|[W][perf] iter=54ms (worst path so far: app.tick:52ms)
1785973719.153|[W][perf] iter=54ms (worst path so far: app.tick:52ms)
1785973719.206|[W][perf] iter=54ms (worst path so far: app.tick:52ms)
1785973719.260|[W][perf] iter=54ms (worst path so far: app.tick:52ms)
1785973719.315|[W][perf] iter=54ms (worst path so far: app.tick:52ms)
1785973719.368|[W][perf] iter=54ms (worst path so far: app.tick:52ms)
1785973719.422|[W][perf] iter=54ms (worst path so far: app.tick:52ms)
1785973719.476|[W][perf] iter=54ms (worst path so far: app.tick:52ms)
1785973719.531|[W][perf] iter=54ms (worst path so far: app.tick:52ms)
1785973719.584|[W][perf] iter=54ms (worst path so far: app.tick:52ms)
1785973719.638|[W][perf] iter=54ms (worst path so far: app.tick:52ms)
1785973719.692|[W][perf] iter=54ms (worst path so far: app.tick:52ms)
1785973719.746|[W][perf] iter=54ms (worst path so far: app.tick:52ms)
1785973719.800|[W][perf] iter=54ms (worst path so far: app.tick:52ms)
1785973719.854|[W][perf] iter=54ms (worst path so far: app.tick:52ms)
1785973719.908|[W][perf] iter=54ms (worst path so far: app.tick:52ms)
1785973719.962|[W][perf] iter=54ms (worst path so far: app.tick:52ms)
1785973720.017|[W][perf] iter=54ms (worst path so far: app.tick:52ms)
1785973720.070|[W][perf] iter=54ms (worst path so far: app.tick:52ms)
1785973720.125|[W][perf] iter=54ms (worst path so far: app.tick:52ms)
1785973720.179|[W][perf] iter=54ms (worst path so far: app.tick:52ms)
1785973720.232|[W][perf] iter=54ms (worst path so far: app.tick:52ms)
1785973720.286|[W][perf] iter=54ms (worst path so far: app.tick:52ms)
1785973720.340|[W][perf] iter=54ms (worst path so far: app.tick:52ms)
1785973720.394|[W][perf] iter=54ms (worst path so far: app.tick:52ms)
1785973720.447|[W][perf] iter=53ms (worst path so far: wr.pump:2503ms)
1785973721.909|[W][webradio] stream dead (isRunning=0 for 1561ms, bufStalled for 5000ms) — stop + resume Spotify TLS
1785973721.912|[I][webradio] stall idx=0 — retrying once
1785973721.917|[I][spotify.tls] tls yield — resumed
1785973721.948|[D][chrome] drawVolume pct=100 keyframe=4
1785973721.953|[D][chrome] drawVolume pct=100 keyframe=4
1785973721.977|[W][perf] iter=74ms (worst path so far: wr.pump:2503ms)
1785973721.985|[I][webradio] play idx=0 name=INJECTED url=http://stream.slam.nl/WEB15_MP3
1785973722.419|[I][spotify.tls] tls yield — client stopped
1785973722.425|[membudget] TASK-267 _play pre-acquire lfbInt=42996 freeInt=54868
1785973722.431|[I][webradio] HEAP pre-connect free=54868 min=43348 maxAlloc=42996
1785973722.439|[membudget] CP1-pre-connect skip=0 freeInt=54868 lfbInt=42996 freeDma=11724 lfbDma=9716
1785973722.443|[W][perf] iter=464ms (worst path so far: wr.pump:2503ms)
1785973722.458|[I][webradio] audio_info: buffers freed, free Heap: 54868 bytes
1785973722.467|[I][webradio] audio_info: Connect to new host: "http://stream.slam.nl/WEB15_MP3"
1785973722.496|[D][chrome] drawVolume pct=100 keyframe=4
1785973722.500|[D][chrome] drawVolume pct=100 keyframe=4
1785973722.529|[W][perf] iter=86ms (worst path so far: wr.pump:2503ms)
1785973722.549|[I][webradio] audio_info: Connection has been established in 75 ms, free Heap: 54080 bytes
1785973722.572|[I][webradio] audio_info: chunked data transfer
1785973722.581|[I][webradio] audio_info: redirect to new host "http://22713.live.streamtheworld.com/WEB15_MP3_SC"
1785973722.594|[I][webradio] audio_info: buffers freed, free Heap: 54496 bytes
1785973722.604|[I][webradio] audio_info: Connect to new host: "http://22713.live.streamtheworld.com/WEB15_MP3_SC"
1785973722.611|[D][chrome] drawVolume pct=100 keyframe=4
1785973722.615|[D][chrome] drawVolume pct=100 keyframe=4
1785973722.643|[I][webradio] audio_info: Connection has been established in 33 ms, free Heap: 53588 bytes
1785973722.649|[W][perf] iter=100ms (worst path so far: wr.pump:2503ms)
1785973723.472|[I][webradio] audio_info: icy-name: SLAM! 00's
1785973723.490|[mbdbg] helix alloc: DecInfo=0x3ffef4c8(2000) FHdr=0x3ffefc98(44) SI=0x3ffefcc4(40) SFJS=0x3ffefcec(36) Huff=0x3ffefd10(4624) Deq=0x3fff0f20(792) IMDCT=0x3fff1238(6944) Sub=0x3fff2d58(8708) FInfo=0x3fff4f5c(28)
1785973723.495|[I][webradio] audio_info: MP3Decoder has been initialized, free Heap: 47452 bytes
1785973723.504|[membudget] CP2-decoder-init freeInt=47452 lfbInt=42996 freeDma=4308 lfbDma=1844 arenaHWM=23216
1785973723.510|[W][perf] iter=54ms (worst path so far: wr.pump:2503ms)
1785973723.515|[I][webradio] audio_info: slow stream, dropouts are possible
1785973723.518|[I][webradio] audio_info: stream ready
1785973723.523|[I][webradio] audio_info: syncword found at pos 0
1785973723.533|[I][webradio] audio_info: Channels: 2
1785973723.536|[I][webradio] audio_info: SampleRate: 44100
1785973723.539|[I][webradio] audio_info: BitsPerSample: 16
1785973723.544|[I][webradio] audio_info: BitRate: 128000
1785973724.141|[I][webradio] audio_info: StreamTitle='Klubbheads - Hiphopping'
1785973724.162|[D][webradio] ICY: Klubbheads - Hiphopping
1785973729.565|[I][webradio] audio_info: slow stream, dropouts are possible
1785973730.566|[I][webradio] audio_info: slow stream, dropouts are possible
1785973731.567|[I][webradio] audio_info: slow stream, dropouts are possible
1785973732.568|[I][webradio] audio_info: slow stream, dropouts are possible
1785973732.977|[W][webradio] stream dead (isRunning=1 for 0ms, bufStalled for 5000ms) — stop + resume Spotify TLS
1785973732.979|[W][webradio] auto-skip exhausted — no playable station
1785973732.984|[I][spotify.tls] tls yield — resumed
1785973733.017|[D][chrome] drawVolume pct=100 keyframe=4
1785973733.021|[D][chrome] drawVolume pct=100 keyframe=4
1785973733.048|[W][perf] iter=76ms (worst path so far: wr.pump:2503ms)
1785973748.880|[I][hb] display=winamp wifi=rssi(-54) disc=2 heap=51k maxAlloc=41k stack_hwm=12908b uptime=01:59:06 poll=0/0 last=0 block_max=0ms loop_max=464ms slow=wr.pump:2503ms last_poll_age_ms=0 next_poll_in_ms=5000 last_render_age_ms=15842 build=Aug  5 2026-22:49:2
1785973751.980|[I][webradio] terminal retry — re-arming scan idx=0
1785973751.989|[I][webradio] play idx=0 name=INJECTED url=http://stream.slam.nl/WEB15_MP3
1785973751.991|[I][spotify.tls] tls yield — client stopped
1785973751.997|[membudget] TASK-267 _play pre-acquire lfbInt=42996 freeInt=52820
1785973752.003|[I][webradio] HEAP pre-connect free=52820 min=43348 maxAlloc=42996
1785973752.012|[membudget] CP1-pre-connect skip=0 freeInt=52820 lfbInt=42996 freeDma=9676 lfbDma=6644
1785973752.028|[I][webradio] audio_info: buffers freed, free Heap: 54496 bytes
1785973752.036|[I][webradio] audio_info: Connect to new host: "http://stream.slam.nl/WEB15_MP3"
1785973752.064|[D][chrome] drawVolume pct=100 keyframe=4
1785973752.069|[D][chrome] drawVolume pct=100 keyframe=4
1785973752.093|[W][perf] iter=85ms (worst path so far: app.tick:83ms)
1785973752.374|[I][webradio] audio_info: Connection has been established in 332 ms, free Heap: 53848 bytes
1785973752.379|[I][webradio] HEAP play free=52100 min=43348
1785973752.400|[I][webradio] audio_info: chunked data transfer
1785973752.410|[I][webradio] audio_info: redirect to new host "http://22533.live.streamtheworld.com/WEB15_MP3_SC"
1785973752.422|[I][webradio] audio_info: buffers freed, free Heap: 54260 bytes
1785973752.432|[I][webradio] audio_info: Connect to new host: "http://22533.live.streamtheworld.com/WEB15_MP3_SC"
1785973752.439|[D][chrome] drawVolume pct=100 keyframe=4
1785973752.443|[D][chrome] drawVolume pct=100 keyframe=4
1785973752.468|[I][webradio] audio_info: Connection has been established in 29 ms, free Heap: 53368 bytes
1785973752.474|[W][perf] iter=98ms (worst path so far: wr.connect:369ms)
1785973753.375|[W][perf] iter=53ms (worst path so far: wr.connect:369ms)
1785973753.429|[W][perf] iter=54ms (worst path so far: wr.connect:369ms)
1785973753.483|[W][perf] iter=54ms (worst path so far: wr.connect:369ms)
1785973753.538|[W][perf] iter=54ms (worst path so far: wr.connect:369ms)
1785973753.591|[W][perf] iter=54ms (worst path so far: wr.connect:369ms)
1785973753.645|[W][perf] iter=54ms (worst path so far: wr.connect:369ms)
1785973753.699|[W][perf] iter=54ms (worst path so far: wr.connect:369ms)
1785973753.753|[W][perf] iter=54ms (worst path so far: wr.connect:369ms)
1785973753.807|[W][perf] iter=54ms (worst path so far: wr.connect:369ms)
1785973753.862|[W][perf] iter=54ms (worst path so far: wr.connect:369ms)
1785973753.916|[W][perf] iter=54ms (worst path so far: wr.connect:369ms)
1785973753.969|[W][perf] iter=54ms (worst path so far: wr.connect:369ms)
1785973754.024|[W][perf] iter=55ms (worst path so far: wr.connect:369ms)
1785973754.078|[W][perf] iter=54ms (worst path so far: wr.connect:369ms)
1785973754.132|[W][perf] iter=54ms (worst path so far: wr.connect:369ms)
1785973754.187|[W][perf] iter=54ms (worst path so far: wr.connect:369ms)
1785973754.240|[W][perf] iter=54ms (worst path so far: wr.connect:369ms)
1785973754.294|[W][perf] iter=54ms (worst path so far: wr.connect:369ms)
1785973754.349|[W][perf] iter=54ms (worst path so far: wr.connect:369ms)
1785973754.402|[W][perf] iter=54ms (worst path so far: wr.connect:369ms)
1785973754.456|[W][perf] iter=54ms (worst path so far: wr.connect:369ms)
1785973754.511|[W][perf] iter=54ms (worst path so far: wr.connect:369ms)
1785973754.564|[W][perf] iter=54ms (worst path so far: wr.connect:369ms)
1785973754.618|[W][perf] iter=54ms (worst path so far: wr.connect:369ms)
1785973754.673|[W][perf] iter=54ms (worst path so far: wr.connect:369ms)
1785973754.726|[W][perf] iter=54ms (worst path so far: wr.connect:369ms)
1785973754.780|[W][perf] iter=54ms (worst path so far: wr.connect:369ms)
1785973754.835|[W][perf] iter=54ms (worst path so far: wr.connect:369ms)
1785973754.888|[W][perf] iter=54ms (worst path so far: wr.connect:369ms)
1785973754.942|[W][perf] iter=54ms (worst path so far: wr.connect:369ms)
1785973754.996|[W][perf] iter=54ms (worst path so far: wr.connect:369ms)
1785973755.050|[W][perf] iter=54ms (worst path so far: wr.connect:369ms)
1785973755.104|[W][perf] iter=54ms (worst path so far: wr.connect:369ms)
1785973755.158|[W][perf] iter=54ms (worst path so far: wr.connect:369ms)
1785973755.212|[W][perf] iter=54ms (worst path so far: wr.connect:369ms)
1785973755.266|[W][perf] iter=54ms (worst path so far: wr.connect:369ms)
1785973755.320|[W][perf] iter=54ms (worst path so far: wr.connect:369ms)
1785973755.374|[W][perf] iter=54ms (worst path so far: wr.connect:369ms)
1785973755.428|[W][perf] iter=54ms (worst path so far: wr.connect:369ms)
1785973755.482|[W][perf] iter=54ms (worst path so far: wr.connect:369ms)
1785973755.536|[W][perf] iter=54ms (worst path so far: wr.connect:369ms)
1785973755.590|[W][perf] iter=54ms (worst path so far: wr.connect:369ms)
1785973755.644|[W][perf] iter=54ms (worst path so far: wr.connect:369ms)
1785973755.699|[W][perf] iter=54ms (worst path so far: wr.connect:369ms)
1785973755.753|[W][perf] iter=54ms (worst path so far: wr.connect:369ms)
1785973755.806|[W][perf] iter=54ms (worst path so far: wr.connect:369ms)
1785973757.380|[W][webradio] stream dead (isRunning=0 for 1621ms, bufStalled for 5000ms) — stop + resume Spotify TLS
1785973757.384|[I][webradio] stall idx=0 — retrying once
1785973757.392|[I][spotify.tls] tls yield — resumed
1785973757.419|[D][chrome] drawVolume pct=100 keyframe=4
1785973757.423|[D][chrome] drawVolume pct=100 keyframe=4
1785973757.449|[W][perf] iter=75ms (worst path so far: wr.pump:2503ms)
1785973757.457|[I][webradio] play idx=0 name=INJECTED url=http://stream.slam.nl/WEB15_MP3
1785973757.893|[I][spotify.tls] tls yield — client stopped
1785973757.899|[membudget] TASK-267 _play pre-acquire lfbInt=42996 freeInt=54644
1785973757.905|[I][webradio] HEAP pre-connect free=54644 min=43348 maxAlloc=42996
1785973757.913|[membudget] CP1-pre-connect skip=0 freeInt=54644 lfbInt=42996 freeDma=11500 lfbDma=10228
1785973757.918|[W][perf] iter=466ms (worst path so far: wr.pump:2503ms)
1785973757.934|[I][webradio] audio_info: buffers freed, free Heap: 54644 bytes
1785973757.942|[I][webradio] audio_info: Connect to new host: "http://stream.slam.nl/WEB15_MP3"
1785973757.973|[D][chrome] drawVolume pct=100 keyframe=4
1785973757.976|[D][chrome] drawVolume pct=100 keyframe=4
1785973757.984|[I][webradio] audio_info: Connection has been established in 35 ms, free Heap: 53864 bytes
1785973758.009|[I][webradio] audio_info: chunked data transfer
1785973758.017|[I][webradio] audio_info: redirect to new host "http://22713.live.streamtheworld.com/WEB15_MP3_SC"
1785973758.033|[W][perf] iter=98ms (worst path so far: wr.pump:2503ms)[I][webradio] audio_info: buffers freed, free Heap: 54272 bytes
1785973758.042|[I][webradio] audio_info: Connect to new host: "http://22713.live.streamtheworld.com/WEB15_MP3_SC"
1785973758.073|[I][webradio] audio_info: Connection has been established in 26 ms, free Heap: 53572 bytes
1785973758.107|[D][chrome] drawVolume pct=100 keyframe=4
1785973758.111|[D][chrome] drawVolume pct=100 keyframe=4
1785973758.139|[W][perf] iter=94ms (worst path so far: wr.pump:2503ms)
1785973759.105|[W][perf] iter=52ms (worst path so far: wr.pump:2503ms)
1785973759.159|[W][perf] iter=54ms (worst path so far: wr.pump:2503ms)
1785973759.213|[W][perf] iter=54ms (worst path so far: wr.pump:2503ms)
1785973759.267|[W][perf] iter=54ms (worst path so far: wr.pump:2503ms)
1785973759.320|[W][perf] iter=54ms (worst path so far: wr.pump:2503ms)
1785973759.375|[W][perf] iter=54ms (worst path so far: wr.pump:2503ms)
1785973759.429|[W][perf] iter=54ms (worst path so far: wr.pump:2503ms)
1785973759.482|[W][perf] iter=54ms (worst path so far: wr.pump:2503ms)
1785973759.537|[W][perf] iter=54ms (worst path so far: wr.pump:2503ms)
1785973759.591|[W][perf] iter=54ms (worst path so far: wr.pump:2503ms)
1785973759.645|[W][perf] iter=54ms (worst path so far: wr.pump:2503ms)
1785973759.700|[W][perf] iter=55ms (worst path so far: wr.pump:2503ms)
1785973759.754|[W][perf] iter=54ms (worst path so far: wr.pump:2503ms)
1785973759.808|[W][perf] iter=54ms (worst path so far: wr.pump:2503ms)
1785973759.862|[W][perf] iter=54ms (worst path so far: wr.pump:2503ms)
1785973759.916|[W][perf] iter=54ms (worst path so far: wr.pump:2503ms)
1785973759.970|[W][perf] iter=54ms (worst path so far: wr.pump:2503ms)
1785973760.024|[W][perf] iter=54ms (worst path so far: wr.pump:2503ms)
1785973760.077|[W][perf] iter=54ms (worst path so far: wr.pump:2503ms)
1785973760.132|[W][perf] iter=54ms (worst path so far: wr.pump:2503ms)
1785973760.186|[W][perf] iter=54ms (worst path so far: wr.pump:2503ms)
1785973760.240|[W][perf] iter=54ms (worst path so far: wr.pump:2503ms)
1785973760.294|[W][perf] iter=54ms (worst path so far: wr.pump:2503ms)
1785973760.348|[W][perf] iter=54ms (worst path so far: wr.pump:2503ms)
1785973760.401|[W][perf] iter=54ms (worst path so far: wr.pump:2503ms)
1785973760.455|[W][perf] iter=54ms (worst path so far: wr.pump:2503ms)
1785973760.510|[W][perf] iter=54ms (worst path so far: wr.pump:2503ms)
1785973760.564|[W][perf] iter=54ms (worst path so far: wr.pump:2503ms)
1785973760.618|[W][perf] iter=54ms (worst path so far: wr.pump:2503ms)
1785973760.672|[W][perf] iter=54ms (worst path so far: wr.pump:2503ms)
1785973760.726|[W][perf] iter=54ms (worst path so far: wr.pump:2503ms)
1785973760.780|[W][perf] iter=54ms (worst path so far: wr.pump:2503ms)
1785973760.834|[W][perf] iter=54ms (worst path so far: wr.pump:2503ms)
1785973760.888|[W][perf] iter=54ms (worst path so far: wr.pump:2503ms)
1785973760.941|[W][perf] iter=54ms (worst path so far: wr.pump:2503ms)
1785973760.995|[W][perf] iter=54ms (worst path so far: wr.pump:2503ms)
1785973761.050|[W][perf] iter=54ms (worst path so far: wr.pump:2503ms)
1785973761.104|[W][perf] iter=54ms (worst path so far: wr.pump:2503ms)
1785973761.157|[W][perf] iter=54ms (worst path so far: wr.pump:2503ms)
1785973761.212|[W][perf] iter=54ms (worst path so far: wr.pump:2503ms)
1785973761.266|[W][perf] iter=54ms (worst path so far: wr.pump:2503ms)
1785973761.319|[W][perf] iter=54ms (worst path so far: wr.pump:2503ms)
1785973761.374|[W][perf] iter=54ms (worst path so far: wr.pump:2503ms)
1785973761.428|[W][perf] iter=54ms (worst path so far: wr.pump:2503ms)
1785973761.482|[W][perf] iter=54ms (worst path so far: wr.pump:2503ms)
1785973761.536|[W][perf] iter=54ms (worst path so far: wr.pump:2503ms)
1785973763.050|[W][webradio] stream dead (isRunning=0 for 1561ms, bufStalled for 5000ms) — stop + resume Spotify TLS
1785973763.055|[W][webradio] auto-skip exhausted — no playable station
1785973763.062|[I][spotify.tls] tls yield — resumed
1785973763.089|[D][chrome] drawVolume pct=100 keyframe=4
1785973763.093|[D][chrome] drawVolume pct=100 keyframe=4
1785973763.120|[W][perf] iter=74ms (worst path so far: wr.pump:2503ms)
1785973778.879|[I][hb] display=winamp wifi=rssi(-53) disc=2 heap=53k maxAlloc=41k stack_hwm=12908b uptime=01:59:36 poll=0/0 last=0 block_max=0ms loop_max=466ms slow=wr.pump:2503ms last_poll_age_ms=0 next_poll_in_ms=5000 last_render_age_ms=15770 build=Aug  5 2026-22:49:2
1785973787.454|[I][webradio] terminal retry — re-arming scan idx=0
1785973787.460|[I][webradio] play idx=0 name=INJECTED url=http://stream.slam.nl/WEB15_MP3
1785973787.563|[I][spotify.tls] tls yield — client stopped
1785973787.569|[membudget] TASK-267 _play pre-acquire lfbInt=42996 freeInt=54868
1785973787.575|[I][webradio] HEAP pre-connect free=54868 min=43348 maxAlloc=42996
1785973787.582|[membudget] CP1-pre-connect skip=0 freeInt=54868 lfbInt=42996 freeDma=11724 lfbDma=9716
1785973787.587|[W][perf] iter=133ms (worst path so far: app.tick:132ms)
1785973787.601|[I][webradio] audio_info: buffers freed, free Heap: 54868 bytes
1785973787.610|[I][webradio] audio_info: Connect to new host: "http://stream.slam.nl/WEB15_MP3"
1785973787.641|[D][chrome] drawVolume pct=100 keyframe=4
1785973787.644|[D][chrome] drawVolume pct=100 keyframe=4
1785973787.653|[I][webradio] audio_info: Connection has been established in 34 ms, free Heap: 53872 bytes
1785973787.679|[I][webradio] audio_info: chunked data transfer
1785973787.688|[I][webradio] audio_info: redirect to new host "http://22333.live.streamtheworld.com/WEB15_MP3_SC"
1785973787.707|[W][perf] iter=90ms (worst path so far: app.tick:132ms)[I][webradio] audio_info: buffers freed, free Heap: 54484 bytes
1785973787.715|[I][webradio] audio_info: Connect to new host: "http://22333.live.streamtheworld.com/WEB15_MP3_SC"
1785973787.719|[I][webradio] HEAP play free=53608 min=43348
1785973787.743|[I][webradio] audio_info: Connection has been established in 26 ms, free Heap: 53800 bytes
1785973787.779|[D][chrome] drawVolume pct=100 keyframe=4
1785973787.783|[D][chrome] drawVolume pct=100 keyframe=4
1785973787.809|[W][perf] iter=94ms (worst path so far: app.tick:132ms)
1785973788.419|[W][perf] iter=53ms (worst path so far: app.tick:132ms)
1785973788.474|[W][perf] iter=54ms (worst path so far: app.tick:132ms)
1785973788.527|[W][perf] iter=54ms (worst path so far: app.tick:132ms)
1785973788.581|[W][perf] iter=54ms (worst path so far: app.tick:132ms)
1785973788.635|[W][perf] iter=54ms (worst path so far: app.tick:132ms)
1785973788.689|[W][perf] iter=54ms (worst path so far: app.tick:132ms)
1785973788.743|[W][perf] iter=54ms (worst path so far: app.tick:132ms)
1785973788.797|[W][perf] iter=54ms (worst path so far: app.tick:132ms)
1785973788.851|[W][perf] iter=54ms (worst path so far: app.tick:132ms)
1785973788.905|[W][perf] iter=54ms (worst path so far: app.tick:132ms)
1785973788.959|[W][perf] iter=54ms (worst path so far: app.tick:132ms)
1785973789.014|[W][perf] iter=54ms (worst path so far: app.tick:132ms)
1785973789.068|[W][perf] iter=54ms (worst path so far: app.tick:132ms)
1785973789.122|[W][perf] iter=54ms (worst path so far: app.tick:132ms)
1785973789.175|[W][perf] iter=54ms (worst path so far: app.tick:132ms)
1785973789.230|[W][perf] iter=54ms (worst path so far: app.tick:132ms)
1785973789.284|[W][perf] iter=54ms (worst path so far: app.tick:132ms)
1785973789.338|[W][perf] iter=55ms (worst path so far: app.tick:132ms)
1785973789.392|[W][perf] iter=54ms (worst path so far: app.tick:132ms)
1785973789.446|[W][perf] iter=54ms (worst path so far: app.tick:132ms)
1785973789.500|[W][perf] iter=54ms (worst path so far: app.tick:132ms)
1785973789.554|[W][perf] iter=54ms (worst path so far: app.tick:132ms)
1785973789.608|[W][perf] iter=54ms (worst path so far: app.tick:132ms)
1785973789.662|[W][perf] iter=54ms (worst path so far: app.tick:132ms)
1785973789.716|[W][perf] iter=54ms (worst path so far: app.tick:132ms)
1785973789.771|[W][perf] iter=54ms (worst path so far: app.tick:132ms)
1785973789.825|[W][perf] iter=54ms (worst path so far: app.tick:132ms)
1785973789.878|[W][perf] iter=54ms (worst path so far: app.tick:132ms)
1785973789.933|[W][perf] iter=54ms (worst path so far: app.tick:132ms)
1785973789.986|[W][perf] iter=54ms (worst path so far: app.tick:132ms)
1785973790.041|[W][perf] iter=54ms (worst path so far: app.tick:132ms)
1785973790.094|[W][perf] iter=54ms (worst path so far: app.tick:132ms)
1785973790.148|[W][perf] iter=54ms (worst path so far: app.tick:132ms)
1785973790.202|[W][perf] iter=54ms (worst path so far: app.tick:132ms)
1785973790.256|[W][perf] iter=54ms (worst path so far: app.tick:132ms)
1785973790.310|[W][perf] iter=54ms (worst path so far: app.tick:132ms)
1785973790.364|[W][perf] iter=54ms (worst path so far: app.tick:132ms)
1785973790.418|[W][perf] iter=54ms (worst path so far: app.tick:132ms)
1785973790.472|[W][perf] iter=54ms (worst path so far: app.tick:132ms)
1785973790.526|[W][perf] iter=54ms (worst path so far: app.tick:132ms)
1785973790.580|[W][perf] iter=54ms (worst path so far: app.tick:132ms)
1785973790.635|[W][perf] iter=54ms (worst path so far: app.tick:132ms)
1785973790.688|[W][perf] iter=54ms (worst path so far: app.tick:132ms)
1785973790.742|[W][perf] iter=54ms (worst path so far: app.tick:132ms)
1785973790.797|[W][perf] iter=54ms (worst path so far: app.tick:132ms)
1785973790.850|[W][perf] iter=54ms (worst path so far: app.tick:132ms)
1785973792.720|[W][webradio] stream dead (isRunning=0 for 1917ms, bufStalled for 5000ms) — stop + resume Spotify TLS
1785973792.724|[I][webradio] stall idx=0 — retrying once
1785973792.731|[I][spotify.tls] tls yield — resumed
1785973792.760|[D][chrome] drawVolume pct=100 keyframe=4
1785973792.764|[D][chrome] drawVolume pct=100 keyframe=4
1785973792.788|[W][perf] iter=74ms (worst path so far: wr.pump:2503ms)
1785973792.796|[I][webradio] play idx=0 name=INJECTED url=http://stream.slam.nl/WEB15_MP3
1785973793.233|[I][spotify.tls] tls yield — client stopped
1785973793.239|[membudget] TASK-267 _play pre-acquire lfbInt=42996 freeInt=54644
1785973793.244|[I][webradio] HEAP pre-connect free=54644 min=43348 maxAlloc=42996
1785973793.252|[membudget] CP1-pre-connect skip=0 freeInt=54644 lfbInt=42996 freeDma=11500 lfbDma=9716
1785973793.257|[W][perf] iter=466ms (worst path so far: wr.pump:2503ms)
1785973793.272|[I][webradio] audio_info: buffers freed, free Heap: 54644 bytes
1785973793.280|[I][webradio] audio_info: Connect to new host: "http://stream.slam.nl/WEB15_MP3"
1785973793.316|[I][webradio] audio_info: Connection has been established in 29 ms, free Heap: 53656 bytes
1785973793.321|[D][chrome] drawVolume pct=100 keyframe=4
1785973793.325|[D][chrome] drawVolume pct=100 keyframe=4
1785973793.342|[I][webradio] audio_info: chunked data transfer
1785973793.351|[I][webradio] audio_info: redirect to new host "http://22673.live.streamtheworld.com/WEB15_MP3_SC"
1785973793.363|[I][webradio] audio_info: buffers freed, free Heap: 54272 bytes
1785973793.374|[I][webradio] audio_info: Connect to new host: "http://22673.live.streamtheworld.com/WEB15_MP3_SC"
1785973793.379|[W][perf] iter=114ms (worst path so far: wr.pump:2503ms)
1785973793.422|[I][webradio] audio_info: Connection has been established in 42 ms, free Heap: 53420 bytes
1785973793.457|[D][chrome] drawVolume pct=100 keyframe=4
1785973793.460|[D][chrome] drawVolume pct=100 keyframe=4
1785973793.488|[W][perf] iter=108ms (worst path so far: wr.pump:2503ms)
1785973794.261|[I][webradio] audio_info: icy-name: SLAM! 00's
1785973794.280|[mbdbg] helix alloc: DecInfo=0x3ffef4c8(2000) FHdr=0x3ffefc98(44) SI=0x3ffefcc4(40) SFJS=0x3ffefcec(36) Huff=0x3ffefd10(4624) Deq=0x3fff0f20(792) IMDCT=0x3fff1238(6944) Sub=0x3fff2d58(8708) FInfo=0x3fff4f5c(28)
1785973794.287|[I][webradio] audio_info: MP3Decoder has been initialized, free Heap: 47088 bytes
1785973794.295|[membudget] CP2-decoder-init freeInt=47088 lfbInt=42996 freeDma=3944 lfbDma=1652 arenaHWM=23216
1785973794.300|[W][perf] iter=53ms (worst path so far: wr.pump:2503ms)
1785973794.305|[I][webradio] audio_info: slow stream, dropouts are possible
1785973794.308|[I][webradio] audio_info: stream ready
1785973794.313|[I][webradio] audio_info: syncword found at pos 0
1785973794.324|[I][webradio] audio_info: Channels: 2
1785973794.327|[I][webradio] audio_info: SampleRate: 44100
1785973794.330|[I][webradio] audio_info: BitsPerSample: 16
1785973794.336|[I][webradio] audio_info: BitRate: 128000
1785973795.002|[I][webradio] audio_info: StreamTitle='Klubbheads - Hiphopping'
1785973795.007|[D][webradio] ICY: Klubbheads - Hiphopping
1785973796.303|[I][webradio] audio_info: slow stream, dropouts are possible
1785973797.303|[I][webradio] audio_info: slow stream, dropouts are possible
1785973798.304|[I][webradio] audio_info: slow stream, dropouts are possible
1785973799.305|[I][webradio] audio_info: slow stream, dropouts are possible
1785973800.306|[I][webradio] audio_info: slow stream, dropouts are possible
1785973800.325|[W][webradio] stream dead (isRunning=1 for 0ms, bufStalled for 5001ms) — stop + resume Spotify TLS
1785973800.328|[W][webradio] auto-skip exhausted — no playable station
1785973800.333|[I][spotify.tls] tls yield — resumed
1785973800.365|[D][chrome] drawVolume pct=100 keyframe=4
1785973800.369|[D][chrome] drawVolume pct=100 keyframe=4
1785973800.396|[W][perf] iter=77ms (worst path so far: wr.pump:2503ms)
1785973808.878|[I][hb] display=winamp wifi=rssi(-53) disc=2 heap=46k maxAlloc=41k stack_hwm=12908b uptime=02:00:06 poll=0/0 last=0 block_max=0ms loop_max=466ms slow=wr.pump:2503ms last_poll_age_ms=0 next_poll_in_ms=5000 last_render_age_ms=8493 build=Aug  5 2026-22:49:22
1785973819.379|{"ok":true,"cmd":"set","var":"bgPoll","val":"1"}
1785973819.391|{"ok":true,"cmd":"set","var":"wrAutoSkip","val":"1"}
1785973819.400|[shell] leaving 11  heap=52820 maxAlloc=42996 minFree=43348
1785973819.403|[I][wrpump] ack
1785973819.403|[I][wrpump] deleted
1785973819.420|[I][webradio] audio_info: buffers freed, free Heap: 63232 bytes
1785973819.425|[membudget] TASK-267 arena released
1785973819.576|SettingsStorage: saved (doc 1871/6144 B)
1785973819.638|[D][chrome] drawVolume pct=100 keyframe=4
1785973819.640|[D][chrome] drawVolume pct=-1 keyframe=NONE
1785973819.646|[shell] entered 0  heap=117692 maxAlloc=42996 minFree=43348
1785973819.656|[shell] switch 11->0 suspend=177ms wipe=27ms init=36ms taskbar=12ms total=252ms
1785973819.658|{"ok":true,"cmd":"switchApp","id":0}
