1785926434.115|ets Jul 29 2019 12:21:46
1785926434.120|rst:0x1 (POWERON_RESET),boot:0x13 (SPI_FAST_FLASH_BOOT)
1785926434.123|configsip: 0, SPIWP:0xee
1785926434.129|clk_drv:0x00,q_drv:0x00,d_drv:0x00,cs0_drv:0x00,hd_drv:0x00,wp_drv:0x00
1785926434.132|mode:DIO, clock div:2
1785926434.135|load:0x3fff0030,len:1184
1785926434.137|load:0x40078000,len:13232
1785926434.138|load:0x40080400,len:3028
1785926434.140|entry 0x400805e4
1785926434.902|[membudget] boot-baseline freeInt=204156 lfbInt=110580 freeDma=161012 lfbDma=110580
1785926434.907|[boot] git=52ffcbd elf=5bbc96c4 build=Aug  5 2026 11:39:45
1785926434.909|cyd display setup
1785926435.212|winamp display setup
1785926435.329|Initialisation done.
1785926435.366|SettingsStorage: loaded
1785926435.404|TouchCalStorage: loaded xMin=223 xMax=3582 yMin=196 yMax=3890
1785926435.466|[D][chrome] drawVolume pct=-1 keyframe=NONE
1785926435.480|reading config file
1785926435.483|opened config file
1785926435.483|parsed json
1785926435.494|config loaded: clientId=db…e0 (len=32) clientSecret=b9…63 (len=32) refreshToken=AQ…ng (len=131)
1785926435.511|[wifi-ev] t=680 ev=0 EV
1785926435.586|[wifi-ev] t=756 ev=2 STA_START
1785926435.631|[wifi-ev] t=798 ev=5 STA_DISCONNECTED reason=202
1785926435.742|[wifi-ev] t=910 ev=4 STA_CONNECTED
1785926436.280|[wifi-ev] t=1448 ev=7 STA_GOT_IP ip=192.168.1.181
1785926436.300|IP address: 192.168.1.181
1785926436.309|[membudget] post-wifi freeInt=148324 lfbInt=102388 freeDma=105180 lfbDma=102388
1785926437.706|[time] synced epoch=1785926437 in 1400ms
1785926437.708|Refreshing Access Tokens
1785926439.109|[lib] POST /api/token -> 200
1785926439.118|[I][spotify.task] begin ok — handle=0x3ffe7198 startIdle=0
1785926439.126|[I][spotify.task] task started; pinned core=1 stack=10240B period=5000ms
1785926439.132|[membudget] post-spotifyTask freeInt=93736 lfbInt=42996 freeDma=50416 lfbDma=40948
1785926439.140|[membudget] post-dataTask freeInt=119672 lfbInt=45044 freeDma=76528 lfbDma=45044
1785926439.143|[I][dataTask] task started stack=14336B
1785926439.204|[D][chrome] drawVolume pct=-1 keyframe=NONE
1785926439.220|[membudget] post-init-idle freeInt=119820 lfbInt=45044 freeDma=76676 lfbDma=45044
1785926439.226|{"ok":true,"cmd":"get","var":"appId","id":0,"name":"Spotify","last":true}
1785926439.234|{"ok":true,"cmd":"get","var":"appId","id":0,"name":"Spotify","last":true}
1785926439.255|[I][hb] display=winamp wifi=rssi(-51) disc=1 heap=117k maxAlloc=43k stack_hwm=15132b uptime=00:00:04 poll=0/0 last=0 block_max=0ms loop_max=0ms slow=(none):0ms last_poll_age_ms=0 next_poll_in_ms=5000 last_render_age_ms=27 build=Aug  5 2026-11:39:45
1785926439.279|[W][perf] iter=59ms (worst path so far: app.tick:23ms)
1785926440.132|{"ok":true,"cmd":"get","var":"appId","id":0,"name":"Spotify","last":true}
1785926440.143|[shell] leaving 0  heap=119820 maxAlloc=45044 minFree=79464
1785926440.169|[I][webradio] HEAP init free=119412 min=79464
1785926440.174|[I][webradio] HEAP pre-fetch free=119412 min=79464
1785926440.177|[D][spotify.task] dequeued action=POLL param=0
1785926440.180|[I][spotify.tls] tls yield — client stopped
1785926440.185|[shell] entered 11  heap=119412 maxAlloc=45044 minFree=79464
1785926440.191|[D][dataTask.webradio] heap free=74k maxBlk=43k
1785926440.208|[D][dataTask.webradio] url=https://all.api.radio-browser.info/json/stations/search?countrycode=NL&codec=MP3&hidebroken=true&order=votes&reverse=true&limit=30&offset=0&bitrateMax=128
1785926440.213|[shell] switch 0->11 suspend=1ms wipe=27ms init=0ms taskbar=28ms total=56ms
1785926440.217|{"ok":true,"cmd":"switchApp","id":11}
1785926440.253|[D][chrome] drawVolume pct=-1 keyframe=NONE
1785926440.257|[D][chrome] drawVolume pct=100 keyframe=4
1785926440.295|[W][perf] iter=153ms (worst path so far: app.tick:78ms)
1785926440.302|{"ok":true,"cmd":"get","var":"wrCount","count":0,"pending":1,"last":true}
1785926442.319|{"ok":true,"cmd":"get","var":"wrCount","count":0,"pending":1,"last":true}
1785926443.550|[I][dataTask.webradio] GET mirror=all.api.radio-browser.info code=200 elapsed=3341ms
1785926443.985|[D][dataTask.webradio] url=https://all.api.radio-browser.info/json/stations/search?countrycode=NL&codec=MP3&hidebroken=true&order=votes&reverse=true&limit=30&offset=30&bitrateMax=128
1785926444.337|{"ok":true,"cmd":"get","var":"wrCount","count":0,"pending":1,"last":true}
1785926446.352|{"ok":true,"cmd":"get","var":"wrCount","count":0,"pending":1,"last":true}
1785926447.201|[I][dataTask.webradio] GET mirror=all.api.radio-browser.info code=200 elapsed=3213ms
1785926447.637|[I][dataTask.webradio] ok mirror=all.api.radio-browser.info country=NL count=30
1785926447.642|[I][webradio] HEAP post-fetch free=118600 min=53580
1785926447.645|[I][webradio] stations loaded count=30 country=NL
1785926447.651|[D][dataTask.webradio] heap free=73k maxBlk=26k
1785926447.653|[I][spotify.tls] tls yield — resumed
1785926447.658|[I][spotify.tls] hard reset — stopping client
1785926447.680|[D][chrome] drawVolume pct=100 keyframe=4
1785926447.684|[D][chrome] drawVolume pct=100 keyframe=4
1785926447.714|[W][perf] iter=81ms (worst path so far: app.tick:78ms)
1785926448.367|{"ok":true,"cmd":"get","var":"wrCount","count":30,"pending":0,"last":true}
1785926448.380|{"ok":true,"cmd":"get","var":"wrCount","count":30,"pending":0,"last":true}
1785926448.402|{"ok":true,"cmd":"get","var":"wrStation","idx":0,"name":"Radio 10","bitrate":128,"url":"http://playerservices.streamtheworld.com/api/livestream-redirect/RADIO10.mp3","last":true}
1785926448.424|{"ok":true,"cmd":"get","var":"wrStation","idx":1,"name":"Sky Radio 80's Hits","bitrate":128,"url":"http://playerservices.streamtheworld.com/api/livestream-redirect/SRGSTR04.mp3","last":true}
1785926448.441|{"ok":true,"cmd":"get","var":"wrStation","idx":2,"name":"SLAM!","bitrate":128,"url":"http://stream.slam.nl/slam","last":true}
1785926448.462|{"ok":true,"cmd":"get","var":"wrStation","idx":3,"name":"Concertzender Baroque","bitrate":128,"url":"http://streams.greenhost.nl:8080/barok","last":true}
1785926448.484|{"ok":true,"cmd":"get","var":"wrStation","idx":4,"name":"Radio 10 60's & 70's Hits","bitrate":128,"url":"http://22333.live.streamtheworld.com:3690/TLPSTR18_SC","last":true}
1785926448.507|{"ok":true,"cmd":"get","var":"wrStation","idx":5,"name":"Sky Radio Christmas","bitrate":128,"url":"http://playerservices.streamtheworld.com/api/livestream-redirect/SRGSTR08.mp3","last":true}
1785926448.525|{"ok":true,"cmd":"get","var":"wrStation","idx":6,"name":"SLAM! Non Stop","bitrate":128,"url":"http://stream.radiocorp.nl/web10_mp3","last":true}
1785926448.545|{"ok":true,"cmd":"get","var":"wrStation","idx":7,"name":"100% NL","bitrate":128,"url":"http://stream.100p.nl/100pctnl.mp3","last":true}
1785926448.567|{"ok":true,"cmd":"get","var":"wrStation","idx":8,"name":"Concertzender Oude Muziek","bitrate":128,"url":"http://streams.greenhost.nl:8080/oudemuziek","last":true}
1785926448.587|{"ok":true,"cmd":"get","var":"wrStation","idx":9,"name":"The Great American Songbook","bitrate":128,"url":"http://tgas.dyndns.org:8001/;","last":true}
1785926448.610|{"ok":true,"cmd":"get","var":"wrStation","idx":10,"name":"Sky Radio 101 FM","bitrate":128,"url":"http://playerservices.streamtheworld.com/api/livestream-redirect/SKYRADIO.mp3","last":true}
1785926448.632|{"ok":true,"cmd":"get","var":"wrStation","idx":11,"name":"Radio 538","bitrate":128,"url":"http://playerservices.streamtheworld.com/api/livestream-redirect/RADIO538.mp3","last":true}
1785926448.653|{"ok":true,"cmd":"get","var":"wrStation","idx":12,"name":"Sky Radio 90's Hits","bitrate":128,"url":"http://22343.live.streamtheworld.com:80/SRGSTR05.mp3","last":true}
1785926448.675|{"ok":true,"cmd":"get","var":"wrStation","idx":13,"name":"Concertzender Geen dag zonder Bach","bitrate":128,"url":"http://streams.greenhost.nl:8080/bach","last":true}
1785926448.696|{"ok":true,"cmd":"get","var":"wrStation","idx":14,"name":"Slam! Mixmarathon","bitrate":128,"url":"http://stream.radiocorp.nl/web13_mp3","last":true}
1785926448.720|{"ok":true,"cmd":"get","var":"wrStation","idx":15,"name":"538 Dance Departmetn","bitrate":128,"url":"http://playerservices.streamtheworld.com/api/livestream-redirect/TLPSTR01.mp3","last":true}
1785926448.740|{"ok":true,"cmd":"get","var":"wrStation","idx":16,"name":"Radio 538 Ibiza","bitrate":128,"url":"http://22323.live.streamtheworld.com/TLPSTR19_SC","last":true}
1785926448.762|{"ok":true,"cmd":"get","var":"wrStation","idx":17,"name":"Radio 538 Nonstop","bitrate":128,"url":"http://25303.live.streamtheworld.com/TLPSTR09_SC","last":true}
1785926448.782|{"ok":true,"cmd":"get","var":"wrStation","idx":18,"name":"Concertzender Gregoriaans","bitrate":128,"url":"http://streams.greenhost.nl:8080/gregoriaans","last":true}
1785926448.802|{"ok":true,"cmd":"get","var":"wrStation","idx":19,"name":"Radio 538 Party","bitrate":128,"url":"http://28973.live.streamtheworld.com/TLPSTR16_SC","last":true}
1785926448.825|{"ok":true,"cmd":"get","var":"wrStation","idx":20,"name":"Radio Caroline 319 Gold","bitrate":128,"url":"http://www.rmgoldserver.eu:8313/","last":true}
1785926448.844|{"ok":true,"cmd":"get","var":"wrStation","idx":21,"name":"RTV Oost Radio","bitrate":128,"url":"http://streams.rtvoost.nl/audio/oost/mp3","last":true}
1785926448.864|{"ok":true,"cmd":"get","var":"wrStation","idx":22,"name":"Concertzender De Muzikant","bitrate":128,"url":"http://streams.greenhost.nl:8080/amateurmuziek","last":true}
1785926448.885|{"ok":true,"cmd":"get","var":"wrStation","idx":23,"name":"SLAM! DANCE CLASSICS","bitrate":128,"url":"http://stream.slam.nl/WEB15_MP3","last":true}
1785926448.907|{"ok":true,"cmd":"get","var":"wrStation","idx":24,"name":"538 Non-Stop","bitrate":128,"url":"http://playerservices.streamtheworld.com/api/livestream-redirect/TLPSTR09.mp3","last":true}
1785926448.929|{"ok":true,"cmd":"get","var":"wrStation","idx":25,"name":"Concertzender Geen dag zonder Bach","bitrate":128,"url":"http://streams.greenhost.nl:8080/bach","last":true}
1785926448.947|{"ok":true,"cmd":"get","var":"wrStation","idx":26,"name":"Coastline","bitrate":128,"url":"http://81.169.223.8/","last":true}
1785926448.971|{"ok":true,"cmd":"get","var":"wrStation","idx":27,"name":"RADIO 10 TOP 4000","bitrate":128,"url":"http://playerservices.streamtheworld.com/api/livestream-redirect/TLPSTR24.mp3","last":true}
1785926448.994|{"ok":true,"cmd":"get","var":"wrStation","idx":28,"name":"Sky Radio Nice & Easy","bitrate":128,"url":"http://playerservices.streamtheworld.com/api/livestream-redirect/SRGSTR07.mp3","last":true}
1785926449.014|{"ok":true,"cmd":"get","var":"wrStation","idx":29,"name":"Radio Noordvaarder Angel Healing","bitrate":128,"url":"http://www1.radionoordvaarder.nl:8000/;","last":true}
1785926449.030|{"ok":true,"cmd":"get","var":"wrSkip","autoSkip":1,"tried":0,"retries":0,"settled":0,"pending":0,"last":true}
1785926449.041|{"ok":true,"cmd":"set","var":"wrAutoSkip","val":"1"}
1785926449.055|{"ok":true,"cmd":"get","var":"wrSkip","autoSkip":1,"tried":0,"retries":0,"settled":0,"pending":0,"last":true}
1785926449.071|[I][webradio] play idx=0 name=INJECTED url=http://stream.slam.nl/WEB15_MP3
1785926449.159|[I][spotify.tls] tls yield — client stopped
1785926449.164|[membudget] TASK-267 _play pre-acquire lfbInt=45044 freeInt=119176
1785926449.170|[membudget] TASK-267 arena acquire=24576B lfbBefore=45044 OK
1785926449.173|[membudget] arena init base=0x3fff9168 cap=24576
1785926449.179|[membudget] CP0-pre-audio-init freeDma=51440 lfbDma=45044
1785926449.184|[I][wrpump] created stack=8192B prio=2 core=1
1785926449.190|[I][webradio] HEAP pre-connect free=63904 min=53580 maxAlloc=42996
1785926449.198|[membudget] CP1-pre-connect skip=0 freeInt=63904 lfbInt=42996 freeDma=20760 lfbDma=19444
1785926449.204|{"ok":true,"cmd":"set","var":"wrUrl","val":"http://stream.slam.nl/WEB15_MP3"}
1785926449.211|[I][webradio] audio_info: PSRAM not found, inputBufferSize: 6399 bytes
1785926449.222|[I][webradio] audio_info: buffers freed, free Heap: 55472 bytes
1785926449.231|[I][webradio] audio_info: Connect to new host: "http://stream.slam.nl/WEB15_MP3"
1785926449.272|[D][chrome] drawVolume pct=100 keyframe=4
1785926449.276|[D][chrome] drawVolume pct=100 keyframe=4
1785926449.304|[W][perf] iter=235ms (worst path so far: app.tick:78ms)
1785926449.335|[I][webradio] audio_info: Connection has been established in 98 ms, free Heap: 54416 bytes
1785926449.360|[I][webradio] audio_info: chunked data transfer
1785926449.369|[I][webradio] audio_info: redirect to new host "http://25223.live.streamtheworld.com/WEB15_MP3_SC"
1785926449.382|[I][webradio] audio_info: buffers freed, free Heap: 55000 bytes
1785926449.392|[I][webradio] audio_info: Connect to new host: "http://25223.live.streamtheworld.com/WEB15_MP3_SC"
1785926449.398|[D][chrome] drawVolume pct=100 keyframe=4
1785926449.402|[D][chrome] drawVolume pct=100 keyframe=4
1785926449.431|[W][perf] iter=95ms (worst path so far: wr.connect:140ms)
1785926449.447|[I][webradio] audio_info: Connection has been established in 50 ms, free Heap: 54336 bytes
1785926450.651|[I][webradio] audio_info: icy-name: SLAM! 00's
1785926450.657|[mbdbg] arena FIRST alloc: base=0x3fff9168 cap=24576 req=2000
1785926450.673|[mbdbg] helix alloc: DecInfo=0x3fff9168(2000) FHdr=0x3fff9938(44) SI=0x3fff9964(40) SFJS=0x3fff998c(36) Huff=0x3fff99b0(4624) Deq=0x3fffabc0(792) IMDCT=0x3fffaed8(6944) Sub=0x3fffc9f8(8708) FInfo=0x3fffebfc(28)
1785926450.681|[I][webradio] audio_info: MP3Decoder has been initialized, free Heap: 46028 bytes
1785926450.690|[membudget] CP2-decoder-init freeInt=46028 lfbInt=42996 freeDma=2884 lfbDma=2292 arenaHWM=23216
1785926450.699|[W][perf] iter=55ms (worst path so far: wr.connect:140ms)[I][webradio] audio_info: stream ready
1785926450.703|[I][webradio] audio_info: syncword found at pos 0
1785926450.715|[I][webradio] audio_info: Channels: 2
1785926450.718|[I][webradio] audio_info: SampleRate: 44100
1785926450.720|[I][webradio] audio_info: BitsPerSample: 16
1785926450.727|[I][webradio] audio_info: BitRate: 128000
1785926451.539|[I][webradio] audio_info: StreamTitle='Blu Cantrell & Sean Paul - Breathe'
1785926451.543|[D][webradio] ICY: Blu Cantrell & Sean Paul - Breathe
1785926453.708|[I][webradio] audio_info: slow stream, dropouts are possible
1785926454.708|[I][webradio] audio_info: slow stream, dropouts are possible
1785926455.709|[I][webradio] audio_info: slow stream, dropouts are possible
1785926456.710|[I][webradio] audio_info: slow stream, dropouts are possible
1785926457.711|[I][webradio] audio_info: slow stream, dropouts are possible
1785926457.726|[W][webradio] stream dead (isRunning=1 for 0ms, bufStalled for 5000ms) — stop + resume Spotify TLS
1785926457.728|[I][webradio] stall idx=0 — retrying once
1785926457.732|[I][spotify.tls] tls yield — resumed
1785926457.766|[D][chrome] drawVolume pct=100 keyframe=4
1785926457.770|[D][chrome] drawVolume pct=100 keyframe=4
1785926457.795|[W][perf] iter=76ms (worst path so far: wr.connect:140ms)
1785926457.803|[I][webradio] play idx=0 name=INJECTED url=http://stream.slam.nl/WEB15_MP3
1785926458.232|[I][spotify.tls] tls yield — client stopped
1785926458.238|[membudget] TASK-267 _play pre-acquire lfbInt=42996 freeInt=45940
1785926458.243|[I][webradio] HEAP pre-connect free=45940 min=43380 maxAlloc=42996
1785926458.251|[membudget] CP1-pre-connect skip=0 freeInt=45940 lfbInt=42996 freeDma=2796 lfbDma=2292
1785926458.256|[W][perf] iter=460ms (worst path so far: app.tick:457ms)
1785926458.277|[I][webradio] audio_info: buffers freed, free Heap: 47592 bytes
1785926458.286|[I][webradio] audio_info: Connect to new host: "http://stream.slam.nl/WEB15_MP3"
1785926458.313|[D][chrome] drawVolume pct=100 keyframe=4
1785926458.315|[D][chrome] drawVolume pct=100 keyframe=4
1785926458.324|[I][webradio] audio_info: Connection has been established in 30 ms, free Heap: 46612 bytes
1785926458.348|[W][perf] iter=92ms (worst path so far: app.tick:457ms)
1785926458.354|[I][webradio] audio_info: chunked data transfer
1785926458.363|[I][webradio] audio_info: redirect to new host "http://22353.live.streamtheworld.com/WEB15_MP3_SC"
1785926458.376|[I][webradio] audio_info: buffers freed, free Heap: 47220 bytes
1785926458.386|[I][webradio] audio_info: Connect to new host: "http://22353.live.streamtheworld.com/WEB15_MP3_SC"
1785926458.445|[D][chrome] drawVolume pct=100 keyframe=4
1785926458.449|[D][chrome] drawVolume pct=100 keyframe=4
1785926458.474|[W][perf] iter=125ms (worst path so far: app.tick:457ms)
1785926458.529|[W][perf] iter=54ms (worst path so far: app.tick:457ms)
1785926458.583|[W][perf] iter=54ms (worst path so far: app.tick:457ms)
1785926458.637|[W][perf] iter=54ms (worst path so far: app.tick:457ms)
1785926458.691|[W][perf] iter=54ms (worst path so far: app.tick:457ms)
1785926458.745|[W][perf] iter=54ms (worst path so far: app.tick:457ms)
1785926458.799|[W][perf] iter=54ms (worst path so far: app.tick:457ms)
1785926458.852|[W][perf] iter=54ms (worst path so far: app.tick:457ms)
1785926458.907|[W][perf] iter=54ms (worst path so far: app.tick:457ms)
1785926458.960|[W][perf] iter=54ms (worst path so far: app.tick:457ms)
1785926459.015|[W][perf] iter=54ms (worst path so far: app.tick:457ms)
1785926459.068|[W][perf] iter=54ms (worst path so far: app.tick:457ms)
1785926459.123|[W][perf] iter=54ms (worst path so far: app.tick:457ms)
1785926459.176|[W][perf] iter=54ms (worst path so far: app.tick:457ms)
1785926459.231|[W][perf] iter=54ms (worst path so far: app.tick:457ms)
1785926459.285|[W][perf] iter=54ms (worst path so far: app.tick:457ms)
1785926459.338|[W][perf] iter=54ms (worst path so far: app.tick:457ms)
1785926459.392|[W][perf] iter=54ms (worst path so far: app.tick:457ms)
1785926459.447|[W][perf] iter=54ms (worst path so far: app.tick:457ms)
1785926459.500|[W][perf] iter=54ms (worst path so far: app.tick:457ms)
1785926459.555|[W][perf] iter=54ms (worst path so far: app.tick:457ms)
1785926459.609|[W][perf] iter=54ms (worst path so far: app.tick:457ms)
1785926459.663|[W][perf] iter=54ms (worst path so far: app.tick:457ms)
1785926459.717|[W][perf] iter=54ms (worst path so far: app.tick:457ms)
1785926459.771|[W][perf] iter=54ms (worst path so far: app.tick:457ms)
1785926459.824|[W][perf] iter=54ms (worst path so far: app.tick:457ms)
1785926459.879|[W][perf] iter=54ms (worst path so far: app.tick:457ms)
1785926459.933|[W][perf] iter=54ms (worst path so far: app.tick:457ms)
1785926459.986|[W][perf] iter=54ms (worst path so far: app.tick:457ms)
1785926460.042|[W][perf] iter=56ms (worst path so far: app.tick:457ms)
1785926460.096|[W][perf] iter=54ms (worst path so far: app.tick:457ms)
1785926460.151|[W][perf] iter=54ms (worst path so far: app.tick:457ms)
1785926460.205|[W][perf] iter=54ms (worst path so far: app.tick:457ms)
1785926460.258|[W][perf] iter=54ms (worst path so far: app.tick:457ms)
1785926460.313|[W][perf] iter=54ms (worst path so far: app.tick:457ms)
1785926460.367|[W][perf] iter=54ms (worst path so far: app.tick:457ms)
1785926460.420|[W][perf] iter=54ms (worst path so far: app.tick:457ms)
1785926460.475|[W][perf] iter=54ms (worst path so far: app.tick:457ms)
1785926460.528|[W][perf] iter=54ms (worst path so far: app.tick:457ms)
1785926460.583|[W][perf] iter=54ms (worst path so far: app.tick:457ms)
1785926460.637|[W][perf] iter=54ms (worst path so far: app.tick:457ms)
1785926460.691|[W][perf] iter=54ms (worst path so far: app.tick:457ms)
1785926460.745|[W][perf] iter=54ms (worst path so far: app.tick:457ms)
1785926460.799|[W][perf] iter=54ms (worst path so far: app.tick:457ms)
1785926460.853|[W][perf] iter=54ms (worst path so far: app.tick:457ms)
1785926460.906|[W][perf] iter=54ms (worst path so far: app.tick:457ms)
1785926460.960|[W][perf] iter=54ms (worst path so far: app.tick:457ms)
1785926461.015|[W][perf] iter=54ms (worst path so far: app.tick:457ms)
1785926461.068|[W][perf] iter=54ms (worst path so far: app.tick:457ms)
1785926461.122|[W][perf] iter=54ms (worst path so far: app.tick:457ms)
1785926461.177|[W][perf] iter=54ms (worst path so far: app.tick:457ms)
1785926461.231|[W][perf] iter=54ms (worst path so far: app.tick:457ms)
1785926461.284|[W][perf] iter=54ms (worst path so far: app.tick:457ms)
1785926461.338|[W][perf] iter=54ms (worst path so far: app.tick:457ms)
1785926461.392|[W][perf] iter=54ms (worst path so far: app.tick:457ms)
1785926461.447|[W][perf] iter=54ms (worst path so far: app.tick:457ms)
1785926461.500|[W][perf] iter=54ms (worst path so far: app.tick:457ms)
1785926461.554|[W][perf] iter=54ms (worst path so far: app.tick:457ms)
1785926461.608|[W][perf] iter=54ms (worst path so far: app.tick:457ms)
1785926461.663|[W][perf] iter=54ms (worst path so far: app.tick:457ms)
1785926461.716|[W][perf] iter=54ms (worst path so far: app.tick:457ms)
1785926461.771|[W][perf] iter=54ms (worst path so far: app.tick:457ms)
1785926461.824|[W][perf] iter=54ms (worst path so far: app.tick:457ms)
1785926461.879|[W][perf] iter=54ms (worst path so far: app.tick:457ms)
1785926461.933|[W][perf] iter=54ms (worst path so far: app.tick:457ms)
1785926461.987|[W][perf] iter=54ms (worst path so far: app.tick:457ms)
1785926462.040|[W][perf] iter=54ms (worst path so far: app.tick:457ms)
1785926462.094|[W][perf] iter=54ms (worst path so far: app.tick:457ms)
1785926462.149|[W][perf] iter=54ms (worst path so far: app.tick:457ms)
1785926462.203|[W][perf] iter=54ms (worst path so far: app.tick:457ms)
1785926462.256|[W][perf] iter=54ms (worst path so far: app.tick:457ms)
1785926462.311|[W][perf] iter=54ms (worst path so far: app.tick:457ms)
1785926462.365|[W][perf] iter=54ms (worst path so far: app.tick:457ms)
1785926462.418|[W][perf] iter=54ms (worst path so far: app.tick:457ms)
1785926462.473|[W][perf] iter=54ms (worst path so far: app.tick:457ms)
1785926462.526|[W][perf] iter=54ms (worst path so far: app.tick:457ms)
1785926462.580|[W][perf] iter=54ms (worst path so far: app.tick:457ms)
1785926462.635|[W][perf] iter=54ms (worst path so far: app.tick:457ms)
1785926462.689|[W][perf] iter=54ms (worst path so far: app.tick:457ms)
1785926462.742|[W][perf] iter=54ms (worst path so far: app.tick:457ms)
1785926462.797|[W][perf] iter=54ms (worst path so far: app.tick:457ms)
1785926462.850|[W][perf] iter=54ms (worst path so far: app.tick:457ms)
1785926462.905|[W][perf] iter=54ms (worst path so far: app.tick:457ms)
1785926462.958|[W][perf] iter=54ms (worst path so far: app.tick:457ms)
1785926463.013|[W][perf] iter=54ms (worst path so far: app.tick:457ms)
1785926463.066|[W][perf] iter=54ms (worst path so far: app.tick:457ms)
1785926463.120|[W][perf] iter=54ms (worst path so far: app.tick:457ms)
1785926463.174|[W][perf] iter=54ms (worst path so far: app.tick:457ms)
1785926463.229|[W][perf] iter=54ms (worst path so far: app.tick:457ms)
1785926463.282|[W][perf] iter=54ms (worst path so far: app.tick:457ms)
1785926463.336|[W][perf] iter=54ms (worst path so far: app.tick:457ms)
1785926463.391|[W][perf] iter=54ms (worst path so far: app.tick:457ms)
1785926463.409|[I][webradio] audio_info: Request http://22353.live.streamtheworld.com/WEB15_MP3_SC failed!
1785926463.412|[D][webradio] ICY:
1785926464.831|[I][webradio] HEAP play free=47368 min=43380
1785926468.345|[W][webradio] stream dead (isRunning=0 for 5001ms, bufStalled for 4947ms) — stop + resume Spotify TLS
1785926468.352|[W][webradio] auto-skip exhausted — no playable station
1785926468.355|[I][spotify.tls] tls yield — resumed
1785926468.384|[D][chrome] drawVolume pct=100 keyframe=4
1785926468.388|[D][chrome] drawVolume pct=100 keyframe=4
1785926468.413|[W][perf] iter=74ms (worst path so far: wr.pump:5056ms)
1785926469.251|[I][hb] display=winamp wifi=rssi(-50) disc=1 heap=46k maxAlloc=41k stack_hwm=12876b uptime=00:00:34 poll=0/0 last=0 block_max=0ms loop_max=460ms slow=wr.pump:5056ms last_poll_age_ms=0 next_poll_in_ms=5000 last_render_age_ms=846 build=Aug  5 2026-11:39:45
1785926487.798|[I][webradio] terminal retry — re-arming scan idx=0
1785926487.806|[I][webradio] play idx=0 name=INJECTED url=http://stream.slam.nl/WEB15_MP3
1785926487.855|[I][spotify.tls] tls yield — client stopped
1785926487.861|[membudget] TASK-267 _play pre-acquire lfbInt=42996 freeInt=47368
1785926487.866|[I][webradio] HEAP pre-connect free=47368 min=43380 maxAlloc=42996
1785926487.875|[membudget] CP1-pre-connect skip=0 freeInt=47368 lfbInt=42996 freeDma=4224 lfbDma=2292
1785926487.879|[W][perf] iter=80ms (worst path so far: app.tick:78ms)
1785926487.893|[I][webradio] audio_info: buffers freed, free Heap: 47368 bytes
1785926487.903|[I][webradio] audio_info: Connect to new host: "http://stream.slam.nl/WEB15_MP3"
1785926487.933|[D][chrome] drawVolume pct=100 keyframe=4
1785926487.937|[D][chrome] drawVolume pct=100 keyframe=4
1785926487.948|[I][webradio] audio_info: Connection has been established in 39 ms, free Heap: 46592 bytes
1785926487.968|[W][perf] iter=89ms (worst path so far: app.tick:78ms)
1785926487.974|[I][webradio] audio_info: chunked data transfer
1785926487.984|[I][webradio] audio_info: redirect to new host "http://25223.live.streamtheworld.com/WEB15_MP3_SC"
1785926487.996|[I][webradio] audio_info: buffers freed, free Heap: 46996 bytes
1785926488.007|[I][webradio] audio_info: Connect to new host: "http://25223.live.streamtheworld.com/WEB15_MP3_SC"
1785926488.063|[D][chrome] drawVolume pct=100 keyframe=4
1785926488.067|[D][chrome] drawVolume pct=100 keyframe=4
1785926488.092|[W][perf] iter=123ms (worst path so far: app.tick:120ms)
1785926488.146|[W][perf] iter=54ms (worst path so far: app.tick:120ms)
1785926488.201|[W][perf] iter=54ms (worst path so far: app.tick:120ms)
1785926488.254|[W][perf] iter=54ms (worst path so far: app.tick:120ms)
1785926488.308|[W][perf] iter=54ms (worst path so far: app.tick:120ms)
1785926488.362|[W][perf] iter=54ms (worst path so far: app.tick:120ms)
1785926488.416|[W][perf] iter=54ms (worst path so far: app.tick:120ms)
1785926488.470|[W][perf] iter=54ms (worst path so far: app.tick:120ms)
1785926488.524|[W][perf] iter=54ms (worst path so far: app.tick:120ms)
1785926488.578|[W][perf] iter=54ms (worst path so far: app.tick:120ms)
1785926488.632|[W][perf] iter=54ms (worst path so far: app.tick:120ms)
1785926488.686|[W][perf] iter=54ms (worst path so far: app.tick:120ms)
1785926488.740|[W][perf] iter=54ms (worst path so far: app.tick:120ms)
1785926488.795|[W][perf] iter=54ms (worst path so far: app.tick:120ms)
1785926488.848|[W][perf] iter=54ms (worst path so far: app.tick:120ms)
1785926488.902|[W][perf] iter=54ms (worst path so far: app.tick:120ms)
1785926488.956|[W][perf] iter=54ms (worst path so far: app.tick:120ms)
1785926489.010|[W][perf] iter=54ms (worst path so far: app.tick:120ms)
1785926489.064|[W][perf] iter=54ms (worst path so far: app.tick:120ms)
1785926489.118|[W][perf] iter=54ms (worst path so far: app.tick:120ms)
1785926489.173|[W][perf] iter=54ms (worst path so far: app.tick:120ms)
1785926489.226|[W][perf] iter=54ms (worst path so far: app.tick:120ms)
1785926489.280|[W][perf] iter=54ms (worst path so far: app.tick:120ms)
1785926489.334|[W][perf] iter=54ms (worst path so far: app.tick:120ms)
1785926489.388|[W][perf] iter=54ms (worst path so far: app.tick:120ms)
1785926489.443|[W][perf] iter=54ms (worst path so far: app.tick:120ms)
1785926489.496|[W][perf] iter=54ms (worst path so far: app.tick:120ms)
1785926489.550|[W][perf] iter=54ms (worst path so far: app.tick:120ms)
1785926489.604|[W][perf] iter=54ms (worst path so far: app.tick:120ms)
1785926489.659|[W][perf] iter=55ms (worst path so far: app.tick:120ms)
1785926489.713|[W][perf] iter=54ms (worst path so far: app.tick:120ms)
1785926489.767|[W][perf] iter=54ms (worst path so far: app.tick:120ms)
1785926489.821|[W][perf] iter=54ms (worst path so far: app.tick:120ms)
1785926489.875|[W][perf] iter=54ms (worst path so far: app.tick:120ms)
1785926489.929|[W][perf] iter=54ms (worst path so far: app.tick:120ms)
1785926489.983|[W][perf] iter=54ms (worst path so far: app.tick:120ms)
1785926490.037|[W][perf] iter=54ms (worst path so far: app.tick:120ms)
1785926490.091|[W][perf] iter=54ms (worst path so far: app.tick:120ms)
1785926490.145|[W][perf] iter=54ms (worst path so far: app.tick:120ms)
1785926490.199|[W][perf] iter=54ms (worst path so far: app.tick:120ms)
1785926490.254|[W][perf] iter=54ms (worst path so far: app.tick:120ms)
1785926490.307|[W][perf] iter=54ms (worst path so far: app.tick:120ms)
1785926490.361|[W][perf] iter=54ms (worst path so far: app.tick:120ms)
1785926490.415|[W][perf] iter=54ms (worst path so far: app.tick:120ms)
1785926490.469|[W][perf] iter=54ms (worst path so far: app.tick:120ms)
1785926490.523|[W][perf] iter=54ms (worst path so far: app.tick:120ms)
1785926490.577|[W][perf] iter=54ms (worst path so far: app.tick:120ms)
1785926490.631|[W][perf] iter=54ms (worst path so far: app.tick:120ms)
1785926490.685|[W][perf] iter=54ms (worst path so far: app.tick:120ms)
1785926490.739|[W][perf] iter=54ms (worst path so far: app.tick:120ms)
1785926490.793|[W][perf] iter=54ms (worst path so far: app.tick:120ms)
1785926490.847|[W][perf] iter=54ms (worst path so far: app.tick:120ms)
1785926490.901|[W][perf] iter=54ms (worst path so far: app.tick:120ms)
1785926490.955|[W][perf] iter=54ms (worst path so far: app.tick:120ms)
1785926491.010|[W][perf] iter=54ms (worst path so far: app.tick:120ms)
1785926491.063|[W][perf] iter=54ms (worst path so far: app.tick:120ms)
1785926491.117|[W][perf] iter=54ms (worst path so far: app.tick:120ms)
1785926491.171|[W][perf] iter=54ms (worst path so far: app.tick:120ms)
1785926491.225|[W][perf] iter=54ms (worst path so far: app.tick:120ms)
1785926491.279|[W][perf] iter=54ms (worst path so far: app.tick:120ms)
1785926491.333|[W][perf] iter=54ms (worst path so far: app.tick:120ms)
1785926491.387|[W][perf] iter=54ms (worst path so far: app.tick:120ms)
1785926491.441|[W][perf] iter=54ms (worst path so far: app.tick:120ms)
1785926491.496|[W][perf] iter=54ms (worst path so far: app.tick:120ms)
1785926491.550|[W][perf] iter=54ms (worst path so far: app.tick:120ms)
1785926491.603|[W][perf] iter=54ms (worst path so far: app.tick:120ms)
1785926491.657|[W][perf] iter=54ms (worst path so far: app.tick:120ms)
1785926491.712|[W][perf] iter=54ms (worst path so far: app.tick:120ms)
1785926491.765|[W][perf] iter=54ms (worst path so far: app.tick:120ms)
1785926491.819|[W][perf] iter=54ms (worst path so far: app.tick:120ms)
1785926491.873|[W][perf] iter=54ms (worst path so far: app.tick:120ms)
1785926491.927|[W][perf] iter=54ms (worst path so far: app.tick:120ms)
1785926491.981|[W][perf] iter=54ms (worst path so far: app.tick:120ms)
1785926492.036|[W][perf] iter=54ms (worst path so far: app.tick:120ms)
1785926492.089|[W][perf] iter=54ms (worst path so far: app.tick:120ms)
1785926492.143|[W][perf] iter=54ms (worst path so far: app.tick:120ms)
1785926492.197|[W][perf] iter=54ms (worst path so far: app.tick:120ms)
1785926492.251|[W][perf] iter=54ms (worst path so far: app.tick:120ms)
1785926492.305|[W][perf] iter=54ms (worst path so far: app.tick:120ms)
1785926492.359|[W][perf] iter=54ms (worst path so far: app.tick:120ms)
1785926492.414|[W][perf] iter=54ms (worst path so far: app.tick:120ms)
1785926492.468|[W][perf] iter=54ms (worst path so far: app.tick:120ms)
1785926492.521|[W][perf] iter=54ms (worst path so far: app.tick:120ms)
1785926492.576|[W][perf] iter=54ms (worst path so far: app.tick:120ms)
1785926492.629|[W][perf] iter=54ms (worst path so far: app.tick:120ms)
1785926492.683|[W][perf] iter=54ms (worst path so far: app.tick:120ms)
1785926492.737|[W][perf] iter=54ms (worst path so far: app.tick:120ms)
1785926492.791|[W][perf] iter=54ms (worst path so far: app.tick:120ms)
1785926492.845|[W][perf] iter=54ms (worst path so far: app.tick:120ms)
1785926492.899|[W][perf] iter=54ms (worst path so far: app.tick:120ms)
1785926492.953|[W][perf] iter=54ms (worst path so far: app.tick:120ms)
1785926493.007|[W][perf] iter=54ms (worst path so far: app.tick:120ms)
1785926493.022|[I][webradio] audio_info: Request http://25223.live.streamtheworld.com/WEB15_MP3_SC failed!
1785926493.033|[W][webradio] stream dead (isRunning=0 for 5039ms, bufStalled for 5039ms) — stop + resume Spotify TLS
1785926493.035|[I][webradio] stall idx=0 — retrying once
1785926493.040|[I][spotify.tls] tls yield — resumed
1785926493.064|[D][chrome] drawVolume pct=100 keyframe=4
1785926493.068|[D][chrome] drawVolume pct=100 keyframe=4
1785926493.092|[W][perf] iter=86ms (worst path so far: wr.pump:5048ms)
1785926493.100|[I][webradio] play idx=0 name=INJECTED url=http://stream.slam.nl/WEB15_MP3
1785926493.538|[I][spotify.tls] tls yield — client stopped
1785926493.543|[membudget] TASK-267 _play pre-acquire lfbInt=42996 freeInt=47144
1785926493.548|[I][webradio] HEAP pre-connect free=47144 min=43380 maxAlloc=42996
1785926493.557|[membudget] CP1-pre-connect skip=0 freeInt=47144 lfbInt=42996 freeDma=4000 lfbDma=2292
1785926493.562|[W][perf] iter=467ms (worst path so far: wr.pump:5048ms)
1785926493.577|[I][webradio] audio_info: buffers freed, free Heap: 47144 bytes
1785926493.585|[I][webradio] audio_info: Connect to new host: "http://stream.slam.nl/WEB15_MP3"
1785926493.588|[D][webradio] ICY:
1785926493.623|[I][webradio] audio_info: Connection has been established in 30 ms, free Heap: 46352 bytes
1785926493.630|[D][chrome] drawVolume pct=100 keyframe=4
1785926493.634|[D][chrome] drawVolume pct=100 keyframe=4
1785926493.647|[I][webradio] audio_info: chunked data transfer
1785926493.656|[I][webradio] audio_info: redirect to new host "http://22353.live.streamtheworld.com/WEB15_MP3_SC"
1785926493.670|[I][webradio] audio_info: buffers freed, free Heap: 46772 bytes
1785926493.680|[I][webradio] audio_info: Connect to new host: "http://22353.live.streamtheworld.com/WEB15_MP3_SC"
1785926493.688|[W][perf] iter=125ms (worst path so far: wr.pump:5048ms)
1785926493.774|[D][chrome] drawVolume pct=100 keyframe=4
1785926493.780|[D][chrome] drawVolume pct=100 keyframe=4
1785926493.804|[W][perf] iter=115ms (worst path so far: wr.pump:5048ms)
1785926493.858|[W][perf] iter=54ms (worst path so far: wr.pump:5048ms)
1785926493.912|[W][perf] iter=54ms (worst path so far: wr.pump:5048ms)
1785926493.966|[W][perf] iter=54ms (worst path so far: wr.pump:5048ms)
1785926494.020|[W][perf] iter=54ms (worst path so far: wr.pump:5048ms)
1785926494.074|[W][perf] iter=54ms (worst path so far: wr.pump:5048ms)
1785926494.128|[W][perf] iter=54ms (worst path so far: wr.pump:5048ms)
1785926494.182|[W][perf] iter=54ms (worst path so far: wr.pump:5048ms)
1785926494.236|[W][perf] iter=54ms (worst path so far: wr.pump:5048ms)
1785926494.290|[W][perf] iter=54ms (worst path so far: wr.pump:5048ms)
1785926494.344|[W][perf] iter=54ms (worst path so far: wr.pump:5048ms)
1785926494.398|[W][perf] iter=54ms (worst path so far: wr.pump:5048ms)
1785926494.452|[W][perf] iter=54ms (worst path so far: wr.pump:5048ms)
1785926494.506|[W][perf] iter=54ms (worst path so far: wr.pump:5048ms)
1785926494.561|[W][perf] iter=54ms (worst path so far: wr.pump:5048ms)
1785926494.614|[W][perf] iter=54ms (worst path so far: wr.pump:5048ms)
1785926494.668|[W][perf] iter=54ms (worst path so far: wr.pump:5048ms)
1785926494.722|[W][perf] iter=54ms (worst path so far: wr.pump:5048ms)
1785926494.776|[W][perf] iter=54ms (worst path so far: wr.pump:5048ms)
1785926494.829|[W][perf] iter=54ms (worst path so far: wr.pump:5048ms)
1785926494.833|[I][webradio] HEAP play free=45908 min=43380
1785926494.885|[W][perf] iter=55ms (worst path so far: wr.pump:5048ms)
1785926494.939|[W][perf] iter=54ms (worst path so far: wr.pump:5048ms)
1785926494.993|[W][perf] iter=54ms (worst path so far: wr.pump:5048ms)
1785926495.047|[W][perf] iter=54ms (worst path so far: wr.pump:5048ms)
1785926495.101|[W][perf] iter=54ms (worst path so far: wr.pump:5048ms)
1785926495.155|[W][perf] iter=54ms (worst path so far: wr.pump:5048ms)
1785926495.209|[W][perf] iter=54ms (worst path so far: wr.pump:5048ms)
1785926495.263|[W][perf] iter=54ms (worst path so far: wr.pump:5048ms)
1785926495.317|[W][perf] iter=54ms (worst path so far: wr.pump:5048ms)
1785926495.373|[W][perf] iter=56ms (worst path so far: wr.pump:5048ms)
1785926495.427|[W][perf] iter=54ms (worst path so far: wr.pump:5048ms)
1785926495.481|[W][perf] iter=54ms (worst path so far: wr.pump:5048ms)
1785926495.535|[W][perf] iter=54ms (worst path so far: wr.pump:5048ms)
1785926495.589|[W][perf] iter=54ms (worst path so far: wr.pump:5048ms)
1785926495.643|[W][perf] iter=54ms (worst path so far: wr.pump:5048ms)
1785926495.697|[W][perf] iter=54ms (worst path so far: wr.pump:5048ms)
1785926495.751|[W][perf] iter=54ms (worst path so far: wr.pump:5048ms)
1785926495.805|[W][perf] iter=54ms (worst path so far: wr.pump:5048ms)
1785926495.858|[W][perf] iter=54ms (worst path so far: wr.pump:5048ms)
1785926495.913|[W][perf] iter=54ms (worst path so far: wr.pump:5048ms)
1785926495.967|[W][perf] iter=54ms (worst path so far: wr.pump:5048ms)
1785926496.021|[W][perf] iter=54ms (worst path so far: wr.pump:5048ms)
1785926496.075|[W][perf] iter=54ms (worst path so far: wr.pump:5048ms)
1785926496.129|[W][perf] iter=54ms (worst path so far: wr.pump:5048ms)
1785926496.184|[W][perf] iter=54ms (worst path so far: wr.pump:5048ms)
1785926496.237|[W][perf] iter=54ms (worst path so far: wr.pump:5048ms)
1785926496.291|[W][perf] iter=54ms (worst path so far: wr.pump:5048ms)
1785926496.345|[W][perf] iter=54ms (worst path so far: wr.pump:5048ms)
1785926496.399|[W][perf] iter=54ms (worst path so far: wr.pump:5048ms)
1785926496.453|[W][perf] iter=54ms (worst path so far: wr.pump:5048ms)
1785926496.507|[W][perf] iter=54ms (worst path so far: wr.pump:5048ms)
1785926496.561|[W][perf] iter=54ms (worst path so far: wr.pump:5048ms)
1785926496.615|[W][perf] iter=54ms (worst path so far: wr.pump:5048ms)
1785926496.669|[W][perf] iter=54ms (worst path so far: wr.pump:5048ms)
1785926496.724|[W][perf] iter=54ms (worst path so far: wr.pump:5048ms)
1785926496.777|[W][perf] iter=54ms (worst path so far: wr.pump:5048ms)
1785926496.831|[W][perf] iter=54ms (worst path so far: wr.pump:5048ms)
1785926496.885|[W][perf] iter=54ms (worst path so far: wr.pump:5048ms)
1785926496.941|[W][perf] iter=54ms (worst path so far: wr.pump:5048ms)
1785926496.993|[W][perf] iter=54ms (worst path so far: wr.pump:5048ms)
1785926497.047|[W][perf] iter=54ms (worst path so far: wr.pump:5048ms)
1785926497.101|[W][perf] iter=54ms (worst path so far: wr.pump:5048ms)
1785926497.155|[W][perf] iter=54ms (worst path so far: wr.pump:5048ms)
1785926497.209|[W][perf] iter=54ms (worst path so far: wr.pump:5048ms)
1785926497.263|[W][perf] iter=54ms (worst path so far: wr.pump:5048ms)
1785926497.317|[W][perf] iter=54ms (worst path so far: wr.pump:5048ms)
1785926497.371|[W][perf] iter=54ms (worst path so far: wr.pump:5048ms)
1785926497.426|[W][perf] iter=54ms (worst path so far: wr.pump:5048ms)
1785926497.479|[W][perf] iter=54ms (worst path so far: wr.pump:5048ms)
1785926497.533|[W][perf] iter=54ms (worst path so far: wr.pump:5048ms)
1785926497.588|[W][perf] iter=54ms (worst path so far: wr.pump:5048ms)
1785926497.641|[W][perf] iter=54ms (worst path so far: wr.pump:5048ms)
1785926497.695|[W][perf] iter=54ms (worst path so far: wr.pump:5048ms)
1785926497.749|[W][perf] iter=54ms (worst path so far: wr.pump:5048ms)
1785926497.803|[W][perf] iter=54ms (worst path so far: wr.pump:5048ms)
1785926497.857|[W][perf] iter=54ms (worst path so far: wr.pump:5048ms)
1785926497.911|[W][perf] iter=54ms (worst path so far: wr.pump:5048ms)
1785926497.965|[W][perf] iter=54ms (worst path so far: wr.pump:5048ms)
1785926498.019|[W][perf] iter=54ms (worst path so far: wr.pump:5048ms)
1785926498.073|[W][perf] iter=54ms (worst path so far: wr.pump:5048ms)
1785926498.127|[W][perf] iter=54ms (worst path so far: wr.pump:5048ms)
1785926498.181|[W][perf] iter=54ms (worst path so far: wr.pump:5048ms)
1785926498.235|[W][perf] iter=54ms (worst path so far: wr.pump:5048ms)
1785926498.289|[W][perf] iter=54ms (worst path so far: wr.pump:5048ms)
1785926498.343|[W][perf] iter=54ms (worst path so far: wr.pump:5048ms)
1785926498.397|[W][perf] iter=54ms (worst path so far: wr.pump:5048ms)
1785926498.451|[W][perf] iter=54ms (worst path so far: wr.pump:5048ms)
1785926498.505|[W][perf] iter=54ms (worst path so far: wr.pump:5048ms)
1785926498.559|[W][perf] iter=54ms (worst path so far: wr.pump:5048ms)
1785926498.613|[W][perf] iter=54ms (worst path so far: wr.pump:5048ms)
1785926498.667|[W][perf] iter=54ms (worst path so far: wr.pump:5048ms)
1785926498.690|[I][webradio] audio_info: Request http://22353.live.streamtheworld.com/WEB15_MP3_SC failed!
1785926498.693|[D][webradio] ICY:
1785926498.702|[W][webradio] stream dead (isRunning=0 for 5001ms, bufStalled for 5001ms) — stop + resume Spotify TLS
1785926498.707|[W][webradio] auto-skip exhausted — no playable station
1785926498.711|[I][spotify.tls] tls yield — resumed
1785926498.735|[D][chrome] drawVolume pct=100 keyframe=4
1785926498.738|[D][chrome] drawVolume pct=100 keyframe=4
1785926498.765|[W][perf] iter=75ms (worst path so far: wr.pump:5048ms)
1785926499.251|[I][hb] display=winamp wifi=rssi(-48) disc=1 heap=45k maxAlloc=41k stack_hwm=12876b uptime=00:01:04 poll=0/0 last=0 block_max=0ms loop_max=467ms slow=wr.pump:5048ms last_poll_age_ms=0 next_poll_in_ms=5000 last_render_age_ms=495 build=Aug  5 2026-11:39:45
1785926523.096|[I][webradio] terminal retry — re-arming scan idx=0
1785926523.103|[I][webradio] play idx=0 name=INJECTED url=http://stream.slam.nl/WEB15_MP3
1785926523.209|[I][spotify.tls] tls yield — client stopped
1785926523.214|[membudget] TASK-267 _play pre-acquire lfbInt=42996 freeInt=46920
1785926523.220|[I][webradio] HEAP pre-connect free=46920 min=43380 maxAlloc=42996
1785926523.228|[membudget] CP1-pre-connect skip=0 freeInt=46920 lfbInt=42996 freeDma=3776 lfbDma=2292
1785926523.233|[W][perf] iter=136ms (worst path so far: app.tick:134ms)
1785926523.247|[I][webradio] audio_info: buffers freed, free Heap: 46920 bytes
1785926523.256|[I][webradio] audio_info: Connect to new host: "http://stream.slam.nl/WEB15_MP3"
1785926523.287|[D][chrome] drawVolume pct=100 keyframe=4
1785926523.290|[D][chrome] drawVolume pct=100 keyframe=4
1785926523.316|[W][perf] iter=83ms (worst path so far: app.tick:134ms)
1785926528.271|[I][webradio] audio_info: Request http://stream.slam.nl/WEB15_MP3 failed!
1785926528.271|[D][webradio] ICY:
1785926528.278|[W][webradio] connecttohost failed idx=0
1785926528.282|[W][webradio] auto-skip exhausted — no playable station
1785926528.285|[I][spotify.tls] tls yield — resumed
1785926528.317|[D][chrome] drawVolume pct=100 keyframe=4
1785926528.321|[D][chrome] drawVolume pct=100 keyframe=4
1785926528.348|[W][perf] iter=74ms (worst path so far: wr.connect:5037ms)
1785926529.249|[I][hb] display=winamp wifi=rssi(-52) disc=1 heap=45k maxAlloc=41k stack_hwm=12876b uptime=00:01:34 poll=0/0 last=0 block_max=0ms loop_max=136ms slow=wr.connect:5037ms last_poll_age_ms=0 next_poll_in_ms=5000 last_render_age_ms=912 build=Aug  5 2026-11:39:
1785926553.096|[I][webradio] terminal retry — re-arming scan idx=0
1785926553.103|[I][webradio] play idx=0 name=INJECTED url=http://stream.slam.nl/WEB15_MP3
1785926553.283|[I][spotify.tls] tls yield — client stopped
1785926553.288|[membudget] TASK-267 _play pre-acquire lfbInt=42996 freeInt=46920
1785926553.294|[I][webradio] HEAP pre-connect free=46920 min=43380 maxAlloc=42996
1785926553.303|[membudget] CP1-pre-connect skip=0 freeInt=46920 lfbInt=42996 freeDma=3776 lfbDma=2292
1785926553.307|[W][perf] iter=210ms (worst path so far: app.tick:208ms)
1785926553.323|[I][webradio] audio_info: buffers freed, free Heap: 46920 bytes
1785926553.331|[I][webradio] audio_info: Connect to new host: "http://stream.slam.nl/WEB15_MP3"
1785926553.362|[D][chrome] drawVolume pct=100 keyframe=4
1785926553.366|[D][chrome] drawVolume pct=100 keyframe=4
1785926553.391|[W][perf] iter=84ms (worst path so far: app.tick:208ms)
1785926555.503|[I][webradio] audio_info: Connection has been established in 2166 ms, free Heap: 45924 bytes
1785926555.508|[I][webradio] HEAP play free=44740 min=43380
1785926555.529|[I][webradio] audio_info: chunked data transfer
1785926555.538|[I][webradio] audio_info: redirect to new host "http://25223.live.streamtheworld.com/WEB15_MP3_SC"
1785926555.553|[I][webradio] audio_info: buffers freed, free Heap: 46548 bytes
1785926555.563|[I][webradio] audio_info: Connect to new host: "http://25223.live.streamtheworld.com/WEB15_MP3_SC"
1785926555.571|[D][chrome] drawVolume pct=100 keyframe=4
1785926555.573|[D][chrome] drawVolume pct=100 keyframe=4
1785926555.602|[W][perf] iter=96ms (worst path so far: wr.connect:2197ms)
1785926555.657|[W][perf] iter=56ms (worst path so far: wr.connect:2197ms)
1785926555.712|[W][perf] iter=54ms (worst path so far: wr.connect:2197ms)
1785926555.766|[W][perf] iter=54ms (worst path so far: wr.connect:2197ms)
1785926555.820|[W][perf] iter=54ms (worst path so far: wr.connect:2197ms)
1785926555.874|[W][perf] iter=54ms (worst path so far: wr.connect:2197ms)
1785926555.928|[W][perf] iter=54ms (worst path so far: wr.connect:2197ms)
1785926555.982|[W][perf] iter=54ms (worst path so far: wr.connect:2197ms)
1785926556.036|[W][perf] iter=54ms (worst path so far: wr.connect:2197ms)
1785926556.089|[W][perf] iter=54ms (worst path so far: wr.connect:2197ms)
1785926556.143|[W][perf] iter=54ms (worst path so far: wr.connect:2197ms)
1785926556.197|[W][perf] iter=54ms (worst path so far: wr.connect:2197ms)
1785926556.251|[W][perf] iter=54ms (worst path so far: wr.connect:2197ms)
1785926556.305|[W][perf] iter=54ms (worst path so far: wr.connect:2197ms)
1785926556.360|[W][perf] iter=54ms (worst path so far: wr.connect:2197ms)
1785926556.414|[W][perf] iter=54ms (worst path so far: wr.connect:2197ms)
1785926556.468|[W][perf] iter=54ms (worst path so far: wr.connect:2197ms)
1785926556.521|[W][perf] iter=54ms (worst path so far: wr.connect:2197ms)
1785926556.575|[W][perf] iter=54ms (worst path so far: wr.connect:2197ms)
1785926556.630|[W][perf] iter=54ms (worst path so far: wr.connect:2197ms)
1785926556.684|[W][perf] iter=54ms (worst path so far: wr.connect:2197ms)
1785926556.737|[W][perf] iter=54ms (worst path so far: wr.connect:2197ms)
1785926556.792|[W][perf] iter=54ms (worst path so far: wr.connect:2197ms)
1785926556.846|[W][perf] iter=54ms (worst path so far: wr.connect:2197ms)
1785926556.899|[W][perf] iter=54ms (worst path so far: wr.connect:2197ms)
1785926556.954|[W][perf] iter=54ms (worst path so far: wr.connect:2197ms)
1785926557.007|[W][perf] iter=54ms (worst path so far: wr.connect:2197ms)
1785926557.062|[W][perf] iter=54ms (worst path so far: wr.connect:2197ms)
1785926557.115|[W][perf] iter=54ms (worst path so far: wr.connect:2197ms)
1785926557.170|[W][perf] iter=55ms (worst path so far: wr.connect:2197ms)
1785926557.224|[W][perf] iter=54ms (worst path so far: wr.connect:2197ms)
1785926557.278|[W][perf] iter=54ms (worst path so far: wr.connect:2197ms)
1785926557.333|[W][perf] iter=54ms (worst path so far: wr.connect:2197ms)
1785926557.386|[W][perf] iter=54ms (worst path so far: wr.connect:2197ms)
1785926557.440|[W][perf] iter=54ms (worst path so far: wr.connect:2197ms)
1785926557.495|[W][perf] iter=54ms (worst path so far: wr.connect:2197ms)
1785926557.548|[W][perf] iter=54ms (worst path so far: wr.connect:2197ms)
1785926557.602|[W][perf] iter=54ms (worst path so far: wr.connect:2197ms)
1785926557.657|[W][perf] iter=54ms (worst path so far: wr.connect:2197ms)
1785926557.711|[W][perf] iter=54ms (worst path so far: wr.connect:2197ms)
1785926557.765|[W][perf] iter=54ms (worst path so far: wr.connect:2197ms)
1785926557.818|[W][perf] iter=54ms (worst path so far: wr.connect:2197ms)
1785926557.873|[W][perf] iter=54ms (worst path so far: wr.connect:2197ms)
1785926557.927|[W][perf] iter=54ms (worst path so far: wr.connect:2197ms)
1785926557.981|[W][perf] iter=54ms (worst path so far: wr.connect:2197ms)
1785926558.034|[W][perf] iter=54ms (worst path so far: wr.connect:2197ms)
1785926558.088|[W][perf] iter=54ms (worst path so far: wr.connect:2197ms)
1785926558.143|[W][perf] iter=54ms (worst path so far: wr.connect:2197ms)
1785926558.196|[W][perf] iter=54ms (worst path so far: wr.connect:2197ms)
1785926558.250|[W][perf] iter=54ms (worst path so far: wr.connect:2197ms)
1785926558.304|[W][perf] iter=54ms (worst path so far: wr.connect:2197ms)
1785926558.358|[W][perf] iter=54ms (worst path so far: wr.connect:2197ms)
1785926558.412|[W][perf] iter=54ms (worst path so far: wr.connect:2197ms)
1785926558.466|[W][perf] iter=54ms (worst path so far: wr.connect:2197ms)
1785926558.521|[W][perf] iter=54ms (worst path so far: wr.connect:2197ms)
1785926558.574|[W][perf] iter=54ms (worst path so far: wr.connect:2197ms)
1785926558.628|[W][perf] iter=54ms (worst path so far: wr.connect:2197ms)
1785926558.683|[W][perf] iter=54ms (worst path so far: wr.connect:2197ms)
1785926558.737|[W][perf] iter=54ms (worst path so far: wr.connect:2197ms)
1785926558.791|[W][perf] iter=54ms (worst path so far: wr.connect:2197ms)
1785926558.845|[W][perf] iter=54ms (worst path so far: wr.connect:2197ms)
1785926558.899|[W][perf] iter=54ms (worst path so far: wr.connect:2197ms)
1785926558.953|[W][perf] iter=54ms (worst path so far: wr.connect:2197ms)
1785926559.007|[W][perf] iter=54ms (worst path so far: wr.connect:2197ms)
1785926559.060|[W][perf] iter=54ms (worst path so far: wr.connect:2197ms)
1785926559.114|[W][perf] iter=54ms (worst path so far: wr.connect:2197ms)
1785926559.169|[W][perf] iter=54ms (worst path so far: wr.connect:2197ms)
1785926559.222|[W][perf] iter=54ms (worst path so far: wr.connect:2197ms)
1785926559.275|[W][perf] iter=54ms (worst path so far: wr.connect:2197ms)
1785926559.299|[I][hb] display=winamp wifi=rssi(-52) disc=1 heap=44k maxAlloc=41k stack_hwm=12876b uptime=00:02:04 poll=0/0 last=0 block_max=0ms loop_max=210ms slow=wr.connect:2197ms last_poll_age_ms=0 next_poll_in_ms=5000 last_render_age_ms=3706 build=Aug  5 2026-11:39
1785926559.353|[W][perf] iter=77ms (worst path so far: app.tick:53ms)
1785926559.407|[W][perf] iter=54ms (worst path so far: app.tick:53ms)
1785926559.461|[W][perf] iter=54ms (worst path so far: app.tick:53ms)
1785926559.515|[W][perf] iter=54ms (worst path so far: app.tick:53ms)
1785926559.569|[W][perf] iter=54ms (worst path so far: app.tick:53ms)
1785926559.623|[W][perf] iter=54ms (worst path so far: app.tick:53ms)
1785926559.677|[W][perf] iter=54ms (worst path so far: app.tick:53ms)
1785926559.731|[W][perf] iter=54ms (worst path so far: app.tick:53ms)
1785926559.785|[W][perf] iter=54ms (worst path so far: app.tick:53ms)
1785926559.839|[W][perf] iter=54ms (worst path so far: app.tick:53ms)
1785926559.893|[W][perf] iter=54ms (worst path so far: app.tick:53ms)
1785926559.947|[W][perf] iter=54ms (worst path so far: app.tick:53ms)
1785926560.001|[W][perf] iter=54ms (worst path so far: app.tick:53ms)
1785926560.055|[W][perf] iter=54ms (worst path so far: app.tick:53ms)
1785926560.108|[W][perf] iter=54ms (worst path so far: app.tick:53ms)
1785926560.163|[W][perf] iter=54ms (worst path so far: app.tick:53ms)
1785926560.217|[W][perf] iter=54ms (worst path so far: app.tick:53ms)
1785926560.271|[W][perf] iter=54ms (worst path so far: app.tick:53ms)
1785926560.325|[W][perf] iter=54ms (worst path so far: app.tick:53ms)
1785926560.379|[W][perf] iter=54ms (worst path so far: app.tick:53ms)
1785926560.433|[W][perf] iter=54ms (worst path so far: app.tick:53ms)
1785926560.487|[W][perf] iter=54ms (worst path so far: app.tick:53ms)
1785926560.541|[W][perf] iter=54ms (worst path so far: app.tick:53ms)
1785926560.587|[I][webradio] audio_info: Request http://25223.live.streamtheworld.com/WEB15_MP3_SC failed!
1785926560.598|[W][webradio] stream dead (isRunning=0 for 54ms, bufStalled for 5037ms) — stop + resume Spotify TLS
1785926560.601|[I][webradio] stall idx=0 — retrying once
1785926560.610|[I][spotify.tls] tls yield — resumed
1785926560.630|[D][chrome] drawVolume pct=100 keyframe=4
1785926560.634|[D][chrome] drawVolume pct=100 keyframe=4
1785926560.658|[W][perf] iter=118ms (worst path so far: wr.pump:5060ms)
1785926560.666|[I][webradio] play idx=0 name=INJECTED url=http://stream.slam.nl/WEB15_MP3
1785926561.111|[I][spotify.tls] tls yield — client stopped
1785926561.117|[membudget] TASK-267 _play pre-acquire lfbInt=42996 freeInt=46920
1785926561.122|[I][webradio] HEAP pre-connect free=46920 min=43380 maxAlloc=42996
1785926561.131|[membudget] CP1-pre-connect skip=0 freeInt=46920 lfbInt=42996 freeDma=3776 lfbDma=2292
1785926561.136|[W][perf] iter=475ms (worst path so far: wr.pump:5060ms)
1785926561.151|[I][webradio] audio_info: buffers freed, free Heap: 46920 bytes
1785926561.160|[I][webradio] audio_info: Connect to new host: "http://stream.slam.nl/WEB15_MP3"
1785926561.162|[D][webradio] ICY:
1785926561.202|[I][webradio] audio_info: Connection has been established in 36 ms, free Heap: 45940 bytes
1785926561.208|[D][chrome] drawVolume pct=100 keyframe=4
1785926561.211|[D][chrome] drawVolume pct=100 keyframe=4
1785926561.233|[I][webradio] audio_info: chunked data transfer
1785926561.243|[I][webradio] audio_info: redirect to new host "http://22353.live.streamtheworld.com/WEB15_MP3_SC"
1785926561.256|[I][webradio] audio_info: buffers freed, free Heap: 46344 bytes
1785926561.266|[I][webradio] audio_info: Connect to new host: "http://22353.live.streamtheworld.com/WEB15_MP3_SC"
1785926561.271|[W][perf] iter=105ms (worst path so far: wr.pump:5060ms)
1785926561.357|[D][chrome] drawVolume pct=100 keyframe=4
1785926561.361|[D][chrome] drawVolume pct=100 keyframe=4
1785926561.386|[W][perf] iter=117ms (worst path so far: wr.pump:5060ms)
1785926561.440|[W][perf] iter=54ms (worst path so far: wr.pump:5060ms)
1785926561.494|[W][perf] iter=54ms (worst path so far: wr.pump:5060ms)
1785926561.548|[W][perf] iter=54ms (worst path so far: wr.pump:5060ms)
1785926561.602|[W][perf] iter=54ms (worst path so far: wr.pump:5060ms)
1785926561.656|[W][perf] iter=54ms (worst path so far: wr.pump:5060ms)
1785926561.710|[W][perf] iter=54ms (worst path so far: wr.pump:5060ms)
1785926561.764|[W][perf] iter=54ms (worst path so far: wr.pump:5060ms)
1785926561.818|[W][perf] iter=54ms (worst path so far: wr.pump:5060ms)
1785926561.872|[W][perf] iter=54ms (worst path so far: wr.pump:5060ms)
1785926561.927|[W][perf] iter=54ms (worst path so far: wr.pump:5060ms)
1785926561.980|[W][perf] iter=54ms (worst path so far: wr.pump:5060ms)
1785926562.034|[W][perf] iter=54ms (worst path so far: wr.pump:5060ms)
1785926562.088|[W][perf] iter=54ms (worst path so far: wr.pump:5060ms)
1785926562.143|[W][perf] iter=54ms (worst path so far: wr.pump:5060ms)
1785926562.196|[W][perf] iter=54ms (worst path so far: wr.pump:5060ms)
1785926562.250|[W][perf] iter=54ms (worst path so far: wr.pump:5060ms)
1785926562.304|[W][perf] iter=54ms (worst path so far: wr.pump:5060ms)
1785926562.358|[W][perf] iter=54ms (worst path so far: wr.pump:5060ms)
1785926562.412|[W][perf] iter=54ms (worst path so far: wr.pump:5060ms)
1785926562.466|[W][perf] iter=54ms (worst path so far: wr.pump:5060ms)
1785926562.519|[W][perf] iter=54ms (worst path so far: wr.pump:5060ms)
1785926562.574|[W][perf] iter=54ms (worst path so far: wr.pump:5060ms)
1785926562.628|[W][perf] iter=54ms (worst path so far: wr.pump:5060ms)
1785926562.682|[W][perf] iter=54ms (worst path so far: wr.pump:5060ms)
1785926562.736|[W][perf] iter=54ms (worst path so far: wr.pump:5060ms)
1785926562.791|[W][perf] iter=54ms (worst path so far: wr.pump:5060ms)
1785926562.844|[W][perf] iter=54ms (worst path so far: wr.pump:5060ms)
1785926562.898|[W][perf] iter=54ms (worst path so far: wr.pump:5060ms)
1785926562.953|[W][perf] iter=55ms (worst path so far: wr.pump:5060ms)
1785926563.007|[W][perf] iter=54ms (worst path so far: wr.pump:5060ms)
1785926563.061|[W][perf] iter=54ms (worst path so far: wr.pump:5060ms)
1785926563.115|[W][perf] iter=54ms (worst path so far: wr.pump:5060ms)
1785926563.169|[W][perf] iter=54ms (worst path so far: wr.pump:5060ms)
1785926563.223|[W][perf] iter=54ms (worst path so far: wr.pump:5060ms)
1785926563.277|[W][perf] iter=54ms (worst path so far: wr.pump:5060ms)
1785926563.331|[W][perf] iter=54ms (worst path so far: wr.pump:5060ms)
1785926563.385|[W][perf] iter=54ms (worst path so far: wr.pump:5060ms)
1785926563.439|[W][perf] iter=54ms (worst path so far: wr.pump:5060ms)
1785926563.494|[W][perf] iter=54ms (worst path so far: wr.pump:5060ms)
1785926563.547|[W][perf] iter=54ms (worst path so far: wr.pump:5060ms)
1785926563.601|[W][perf] iter=54ms (worst path so far: wr.pump:5060ms)
1785926563.655|[W][perf] iter=54ms (worst path so far: wr.pump:5060ms)
1785926563.709|[W][perf] iter=54ms (worst path so far: wr.pump:5060ms)
1785926563.763|[W][perf] iter=54ms (worst path so far: wr.pump:5060ms)
1785926563.817|[W][perf] iter=54ms (worst path so far: wr.pump:5060ms)
1785926563.871|[W][perf] iter=54ms (worst path so far: wr.pump:5060ms)
1785926563.925|[W][perf] iter=54ms (worst path so far: wr.pump:5060ms)
1785926563.980|[W][perf] iter=54ms (worst path so far: wr.pump:5060ms)
1785926564.033|[W][perf] iter=54ms (worst path so far: wr.pump:5060ms)
1785926564.087|[W][perf] iter=54ms (worst path so far: wr.pump:5060ms)
1785926564.141|[W][perf] iter=54ms (worst path so far: wr.pump:5060ms)
1785926564.194|[W][perf] iter=54ms (worst path so far: wr.pump:5060ms)
1785926564.249|[W][perf] iter=54ms (worst path so far: wr.pump:5060ms)
1785926564.303|[W][perf] iter=54ms (worst path so far: wr.pump:5060ms)
1785926564.357|[W][perf] iter=54ms (worst path so far: wr.pump:5060ms)
1785926564.411|[W][perf] iter=54ms (worst path so far: wr.pump:5060ms)
1785926564.466|[W][perf] iter=54ms (worst path so far: wr.pump:5060ms)
1785926564.519|[W][perf] iter=54ms (worst path so far: wr.pump:5060ms)
1785926564.573|[W][perf] iter=54ms (worst path so far: wr.pump:5060ms)
1785926564.627|[W][perf] iter=54ms (worst path so far: wr.pump:5060ms)
1785926564.681|[W][perf] iter=54ms (worst path so far: wr.pump:5060ms)
1785926564.735|[W][perf] iter=54ms (worst path so far: wr.pump:5060ms)
1785926564.789|[W][perf] iter=54ms (worst path so far: wr.pump:5060ms)
1785926564.843|[W][perf] iter=54ms (worst path so far: wr.pump:5060ms)
1785926564.897|[W][perf] iter=54ms (worst path so far: wr.pump:5060ms)
1785926564.951|[W][perf] iter=54ms (worst path so far: wr.pump:5060ms)
1785926565.004|[W][perf] iter=54ms (worst path so far: wr.pump:5060ms)
1785926565.059|[W][perf] iter=54ms (worst path so far: wr.pump:5060ms)
1785926565.113|[W][perf] iter=54ms (worst path so far: wr.pump:5060ms)
1785926565.168|[W][perf] iter=54ms (worst path so far: wr.pump:5060ms)
1785926565.221|[W][perf] iter=54ms (worst path so far: wr.pump:5060ms)
1785926565.275|[W][perf] iter=54ms (worst path so far: wr.pump:5060ms)
1785926565.329|[W][perf] iter=54ms (worst path so far: wr.pump:5060ms)
1785926565.384|[W][perf] iter=54ms (worst path so far: wr.pump:5060ms)
1785926565.437|[W][perf] iter=54ms (worst path so far: wr.pump:5060ms)
1785926565.491|[W][perf] iter=54ms (worst path so far: wr.pump:5060ms)
1785926565.546|[W][perf] iter=54ms (worst path so far: wr.pump:5060ms)
1785926565.599|[W][perf] iter=54ms (worst path so far: wr.pump:5060ms)
1785926565.653|[W][perf] iter=54ms (worst path so far: wr.pump:5060ms)
1785926565.707|[W][perf] iter=54ms (worst path so far: wr.pump:5060ms)
1785926565.761|[W][perf] iter=54ms (worst path so far: wr.pump:5060ms)
1785926565.815|[W][perf] iter=54ms (worst path so far: wr.pump:5060ms)
1785926565.870|[W][perf] iter=54ms (worst path so far: wr.pump:5060ms)
1785926565.924|[W][perf] iter=54ms (worst path so far: wr.pump:5060ms)
1785926565.977|[W][perf] iter=54ms (worst path so far: wr.pump:5060ms)
1785926566.030|[W][perf] iter=54ms (worst path so far: wr.pump:5060ms)
1785926566.085|[W][perf] iter=54ms (worst path so far: wr.pump:5060ms)
1785926566.139|[W][perf] iter=54ms (worst path so far: wr.pump:5060ms)
1785926566.192|[W][perf] iter=54ms (worst path so far: wr.pump:5060ms)
1785926566.247|[W][perf] iter=54ms (worst path so far: wr.pump:5060ms)
1785926566.277|[I][webradio] audio_info: Request http://22353.live.streamtheworld.com/WEB15_MP3_SC failed!
1785926566.279|[D][webradio] ICY:
1785926566.287|[W][webradio] stream dead (isRunning=0 for 5006ms, bufStalled for 5006ms) — stop + resume Spotify TLS
1785926566.293|[W][webradio] auto-skip exhausted — no playable station
1785926566.297|[I][spotify.tls] tls yield — resumed
1785926566.320|[D][chrome] drawVolume pct=100 keyframe=4
1785926566.324|[D][chrome] drawVolume pct=100 keyframe=4
1785926566.350|[W][perf] iter=75ms (worst path so far: wr.pump:5060ms)
1785926589.294|[I][hb] display=winamp wifi=rssi(-50) disc=1 heap=45k maxAlloc=41k stack_hwm=12876b uptime=00:02:34 poll=0/0 last=0 block_max=0ms loop_max=475ms slow=wr.pump:5060ms last_poll_age_ms=0 next_poll_in_ms=5000 last_render_age_ms=22955 build=Aug  5 2026-11:39:4
1785926590.663|[I][webradio] terminal retry — re-arming scan idx=0
1785926590.670|[I][webradio] play idx=0 name=INJECTED url=http://stream.slam.nl/WEB15_MP3
1785926590.795|[I][spotify.tls] tls yield — client stopped
1785926590.800|[membudget] TASK-267 _play pre-acquire lfbInt=42996 freeInt=46996
1785926590.806|[I][webradio] HEAP pre-connect free=46996 min=43380 maxAlloc=42996
1785926590.814|[membudget] CP1-pre-connect skip=0 freeInt=46996 lfbInt=42996 freeDma=3852 lfbDma=2292
1785926590.819|[W][perf] iter=156ms (worst path so far: app.tick:153ms)
1785926590.833|[I][webradio] audio_info: buffers freed, free Heap: 46996 bytes
1785926590.842|[I][webradio] audio_info: Connect to new host: "http://stream.slam.nl/WEB15_MP3"
1785926590.872|[D][chrome] drawVolume pct=100 keyframe=4
1785926590.876|[D][chrome] drawVolume pct=100 keyframe=4
1785926590.901|[W][perf] iter=82ms (worst path so far: app.tick:153ms)
1785926595.855|[I][webradio] audio_info: Request http://stream.slam.nl/WEB15_MP3 failed!
1785926595.858|[W][webradio] connecttohost failed idx=0
1785926595.864|[W][webradio] auto-skip exhausted — no playable station
1785926595.867|[I][spotify.tls] tls yield — resumed
1785926595.869|[D][webradio] ICY:
1785926595.902|[D][chrome] drawVolume pct=100 keyframe=4
1785926595.906|[D][chrome] drawVolume pct=100 keyframe=4
1785926595.931|[W][perf] iter=77ms (worst path so far: wr.connect:5035ms)
1785926619.294|[I][hb] display=winamp wifi=rssi(-50) disc=1 heap=46k maxAlloc=41k stack_hwm=12876b uptime=00:03:04 poll=0/0 last=0 block_max=0ms loop_max=156ms slow=wr.connect:5035ms last_poll_age_ms=0 next_poll_in_ms=5000 last_render_age_ms=23373 build=Aug  5 2026-11:3
1785926620.662|[I][webradio] terminal retry — re-arming scan idx=0
1785926620.670|[I][webradio] play idx=0 name=INJECTED url=http://stream.slam.nl/WEB15_MP3
1785926620.865|[I][spotify.tls] tls yield — client stopped
1785926620.871|[membudget] TASK-267 _play pre-acquire lfbInt=42996 freeInt=47592
1785926620.876|[I][webradio] HEAP pre-connect free=47592 min=43380 maxAlloc=42996
1785926620.885|[membudget] CP1-pre-connect skip=0 freeInt=47592 lfbInt=42996 freeDma=4448 lfbDma=2292
1785926620.889|[W][perf] iter=225ms (worst path so far: app.tick:223ms)
1785926620.904|[I][webradio] audio_info: buffers freed, free Heap: 47592 bytes
1785926620.914|[I][webradio] audio_info: Connect to new host: "http://stream.slam.nl/WEB15_MP3"
1785926620.950|[I][webradio] audio_info: Connection has been established in 30 ms, free Heap: 46792 bytes
1785926620.955|[D][chrome] drawVolume pct=100 keyframe=4
1785926620.958|[D][chrome] drawVolume pct=100 keyframe=4
1785926620.980|[I][webradio] audio_info: chunked data transfer
1785926620.989|[I][webradio] audio_info: redirect to new host "http://25223.live.streamtheworld.com/WEB15_MP3_SC"
1785926621.001|[I][webradio] audio_info: buffers freed, free Heap: 47220 bytes
1785926621.012|[I][webradio] audio_info: Connect to new host: "http://25223.live.streamtheworld.com/WEB15_MP3_SC"
1785926621.015|[W][perf] iter=116ms (worst path so far: app.tick:223ms)
1785926621.021|[I][webradio] HEAP play free=47032 min=43380
1785926621.102|[D][chrome] drawVolume pct=100 keyframe=4
1785926621.106|[D][chrome] drawVolume pct=100 keyframe=4
1785926621.131|[W][perf] iter=115ms (worst path so far: app.tick:223ms)
1785926621.186|[W][perf] iter=55ms (worst path so far: app.tick:223ms)
1785926621.240|[W][perf] iter=54ms (worst path so far: app.tick:223ms)
1785926621.294|[W][perf] iter=54ms (worst path so far: app.tick:223ms)
1785926621.348|[W][perf] iter=54ms (worst path so far: app.tick:223ms)
1785926621.402|[W][perf] iter=54ms (worst path so far: app.tick:223ms)
1785926621.456|[W][perf] iter=54ms (worst path so far: app.tick:223ms)
1785926621.510|[W][perf] iter=54ms (worst path so far: app.tick:223ms)
1785926621.564|[W][perf] iter=54ms (worst path so far: app.tick:223ms)
1785926621.618|[W][perf] iter=54ms (worst path so far: app.tick:223ms)
1785926621.673|[W][perf] iter=54ms (worst path so far: app.tick:223ms)
1785926621.726|[W][perf] iter=54ms (worst path so far: app.tick:223ms)
1785926621.780|[W][perf] iter=54ms (worst path so far: app.tick:223ms)
1785926621.834|[W][perf] iter=54ms (worst path so far: app.tick:223ms)
1785926621.888|[W][perf] iter=54ms (worst path so far: app.tick:223ms)
1785926621.943|[W][perf] iter=54ms (worst path so far: app.tick:223ms)
1785926621.996|[W][perf] iter=54ms (worst path so far: app.tick:223ms)
1785926622.050|[W][perf] iter=54ms (worst path so far: app.tick:223ms)
1785926622.104|[W][perf] iter=54ms (worst path so far: app.tick:223ms)
1785926622.158|[W][perf] iter=54ms (worst path so far: app.tick:223ms)
1785926622.212|[W][perf] iter=54ms (worst path so far: app.tick:223ms)
1785926622.266|[W][perf] iter=54ms (worst path so far: app.tick:223ms)
1785926622.320|[W][perf] iter=54ms (worst path so far: app.tick:223ms)
1785926622.374|[W][perf] iter=54ms (worst path so far: app.tick:223ms)
1785926622.429|[W][perf] iter=54ms (worst path so far: app.tick:223ms)
1785926622.482|[W][perf] iter=54ms (worst path so far: app.tick:223ms)
1785926622.536|[W][perf] iter=54ms (worst path so far: app.tick:223ms)
1785926622.590|[W][perf] iter=54ms (worst path so far: app.tick:223ms)
1785926622.644|[W][perf] iter=54ms (worst path so far: app.tick:223ms)
1785926622.699|[W][perf] iter=55ms (worst path so far: app.tick:223ms)
1785926622.753|[W][perf] iter=54ms (worst path so far: app.tick:223ms)
1785926622.807|[W][perf] iter=54ms (worst path so far: app.tick:223ms)
1785926622.861|[W][perf] iter=54ms (worst path so far: app.tick:223ms)
1785926622.915|[W][perf] iter=54ms (worst path so far: app.tick:223ms)
1785926622.970|[W][perf] iter=54ms (worst path so far: app.tick:223ms)
1785926623.023|[W][perf] iter=54ms (worst path so far: app.tick:223ms)
1785926623.077|[W][perf] iter=54ms (worst path so far: app.tick:223ms)
1785926623.131|[W][perf] iter=54ms (worst path so far: app.tick:223ms)
1785926623.185|[W][perf] iter=54ms (worst path so far: app.tick:223ms)
1785926623.239|[W][perf] iter=54ms (worst path so far: app.tick:223ms)
1785926623.293|[W][perf] iter=54ms (worst path so far: app.tick:223ms)
1785926623.347|[W][perf] iter=54ms (worst path so far: app.tick:223ms)
1785926623.401|[W][perf] iter=54ms (worst path so far: app.tick:223ms)
1785926623.455|[W][perf] iter=54ms (worst path so far: app.tick:223ms)
1785926623.509|[W][perf] iter=54ms (worst path so far: app.tick:223ms)
1785926623.563|[W][perf] iter=54ms (worst path so far: app.tick:223ms)
1785926623.617|[W][perf] iter=54ms (worst path so far: app.tick:223ms)
1785926623.672|[W][perf] iter=54ms (worst path so far: app.tick:223ms)
1785926623.725|[W][perf] iter=54ms (worst path so far: app.tick:223ms)
1785926623.779|[W][perf] iter=54ms (worst path so far: app.tick:223ms)
1785926623.833|[W][perf] iter=54ms (worst path so far: app.tick:223ms)
1785926623.887|[W][perf] iter=54ms (worst path so far: app.tick:223ms)
1785926623.941|[W][perf] iter=54ms (worst path so far: app.tick:223ms)
1785926623.995|[W][perf] iter=54ms (worst path so far: app.tick:223ms)
1785926624.049|[W][perf] iter=54ms (worst path so far: app.tick:223ms)
1785926624.103|[W][perf] iter=54ms (worst path so far: app.tick:223ms)
1785926624.157|[W][perf] iter=54ms (worst path so far: app.tick:223ms)
1785926624.211|[W][perf] iter=54ms (worst path so far: app.tick:223ms)
1785926624.265|[W][perf] iter=54ms (worst path so far: app.tick:223ms)
1785926624.319|[W][perf] iter=54ms (worst path so far: app.tick:223ms)
1785926624.373|[W][perf] iter=54ms (worst path so far: app.tick:223ms)
1785926624.427|[W][perf] iter=54ms (worst path so far: app.tick:223ms)
1785926624.481|[W][perf] iter=54ms (worst path so far: app.tick:223ms)
1785926624.535|[W][perf] iter=54ms (worst path so far: app.tick:223ms)
1785926624.589|[W][perf] iter=54ms (worst path so far: app.tick:223ms)
1785926624.643|[W][perf] iter=54ms (worst path so far: app.tick:223ms)
1785926624.699|[W][perf] iter=54ms (worst path so far: app.tick:223ms)
1785926624.751|[W][perf] iter=54ms (worst path so far: app.tick:223ms)
1785926624.805|[W][perf] iter=54ms (worst path so far: app.tick:223ms)
1785926624.859|[W][perf] iter=54ms (worst path so far: app.tick:223ms)
1785926624.913|[W][perf] iter=54ms (worst path so far: app.tick:223ms)
1785926624.967|[W][perf] iter=54ms (worst path so far: app.tick:223ms)
1785926625.021|[W][perf] iter=54ms (worst path so far: app.tick:223ms)
1785926625.075|[W][perf] iter=54ms (worst path so far: app.tick:223ms)
1785926625.129|[W][perf] iter=54ms (worst path so far: app.tick:223ms)
1785926625.183|[W][perf] iter=54ms (worst path so far: app.tick:223ms)
1785926625.237|[W][perf] iter=54ms (worst path so far: app.tick:223ms)
1785926625.291|[W][perf] iter=54ms (worst path so far: app.tick:223ms)
1785926625.345|[W][perf] iter=54ms (worst path so far: app.tick:223ms)
1785926625.400|[W][perf] iter=54ms (worst path so far: app.tick:223ms)
1785926625.453|[W][perf] iter=54ms (worst path so far: app.tick:223ms)
1785926625.507|[W][perf] iter=54ms (worst path so far: app.tick:223ms)
1785926625.561|[W][perf] iter=54ms (worst path so far: app.tick:223ms)
1785926625.615|[W][perf] iter=54ms (worst path so far: app.tick:223ms)
1785926625.669|[W][perf] iter=54ms (worst path so far: app.tick:223ms)
1785926625.723|[W][perf] iter=54ms (worst path so far: app.tick:223ms)
1785926625.777|[W][perf] iter=54ms (worst path so far: app.tick:223ms)
1785926625.831|[W][perf] iter=54ms (worst path so far: app.tick:223ms)
1785926625.885|[W][perf] iter=54ms (worst path so far: app.tick:223ms)
1785926625.939|[W][perf] iter=54ms (worst path so far: app.tick:223ms)
1785926625.993|[W][perf] iter=54ms (worst path so far: app.tick:223ms)
1785926626.034|[I][webradio] audio_info: Request http://25223.live.streamtheworld.com/WEB15_MP3_SC failed!
1785926626.037|[D][webradio] ICY:
1785926626.047|[W][webradio] stream dead (isRunning=0 for 5017ms, bufStalled for 5017ms) — stop + resume Spotify TLS
1785926626.050|[I][webradio] stall idx=0 — retrying once
1785926626.059|[I][spotify.tls] tls yield — resumed
1785926626.079|[D][chrome] drawVolume pct=100 keyframe=4
1785926626.083|[D][chrome] drawVolume pct=100 keyframe=4
1785926626.107|[W][perf] iter=75ms (worst path so far: wr.pump:5056ms)
1785926626.114|[I][webradio] play idx=0 name=INJECTED url=http://stream.slam.nl/WEB15_MP3
1785926626.561|[I][spotify.tls] tls yield — client stopped
1785926626.567|[membudget] TASK-267 _play pre-acquire lfbInt=42996 freeInt=47368
1785926626.572|[I][webradio] HEAP pre-connect free=47368 min=43380 maxAlloc=42996
1785926626.580|[membudget] CP1-pre-connect skip=0 freeInt=47368 lfbInt=42996 freeDma=4224 lfbDma=2292
1785926626.585|[W][perf] iter=475ms (worst path so far: wr.pump:5056ms)
1785926626.600|[I][webradio] audio_info: buffers freed, free Heap: 47368 bytes
1785926626.609|[I][webradio] audio_info: Connect to new host: "http://stream.slam.nl/WEB15_MP3"
1785926626.640|[D][chrome] drawVolume pct=100 keyframe=4
1785926626.643|[D][chrome] drawVolume pct=100 keyframe=4
1785926626.669|[W][perf] iter=84ms (worst path so far: wr.pump:5056ms)
1785926631.621|[I][webradio] audio_info: Request http://stream.slam.nl/WEB15_MP3 failed!
1785926631.625|[W][webradio] connecttohost failed idx=0
1785926631.630|[W][webradio] auto-skip exhausted — no playable station
1785926631.633|[I][spotify.tls] tls yield — resumed
1785926631.635|[D][webradio] ICY:
1785926631.668|[D][chrome] drawVolume pct=100 keyframe=4
1785926631.672|[D][chrome] drawVolume pct=100 keyframe=4
1785926631.696|[W][perf] iter=76ms (worst path so far: wr.pump:5056ms)
1785926649.294|[I][hb] display=winamp wifi=rssi(-54) disc=1 heap=46k maxAlloc=41k stack_hwm=12876b uptime=00:03:34 poll=0/0 last=0 block_max=0ms loop_max=475ms slow=wr.pump:5056ms last_poll_age_ms=0 next_poll_in_ms=5000 last_render_age_ms=17606 build=Aug  5 2026-11:39:4
1785926656.111|[I][webradio] terminal retry — re-arming scan idx=0
1785926656.119|[I][webradio] play idx=0 name=INJECTED url=http://stream.slam.nl/WEB15_MP3
1785926656.130|[I][spotify.tls] tls yield — client stopped
1785926656.135|[membudget] TASK-267 _play pre-acquire lfbInt=42996 freeInt=47368
1785926656.141|[I][webradio] HEAP pre-connect free=47368 min=43380 maxAlloc=42996
1785926656.149|[membudget] CP1-pre-connect skip=0 freeInt=47368 lfbInt=42996 freeDma=4224 lfbDma=2292
1785926656.168|[I][webradio] audio_info: buffers freed, free Heap: 47368 bytes
1785926656.177|[I][webradio] audio_info: Connect to new host: "http://stream.slam.nl/WEB15_MP3"
1785926656.207|[D][chrome] drawVolume pct=100 keyframe=4
1785926656.211|[D][chrome] drawVolume pct=100 keyframe=4
1785926656.237|[W][perf] iter=82ms (worst path so far: app.tick:65ms)
1785926661.191|[I][webradio] audio_info: Request http://stream.slam.nl/WEB15_MP3 failed!
1785926661.193|[W][webradio] connecttohost failed idx=0
1785926661.199|[W][webradio] auto-skip exhausted — no playable station
1785926661.202|[I][spotify.tls] tls yield — resumed
1785926661.204|[D][webradio] ICY:
1785926661.237|[D][chrome] drawVolume pct=100 keyframe=4
1785926661.241|[D][chrome] drawVolume pct=100 keyframe=4
1785926661.265|[W][perf] iter=76ms (worst path so far: wr.connect:5035ms)
1785926679.293|[I][hb] display=winamp wifi=rssi(-53) disc=1 heap=46k maxAlloc=41k stack_hwm=12876b uptime=00:04:04 poll=0/0 last=0 block_max=0ms loop_max=82ms slow=wr.connect:5035ms last_poll_age_ms=0 next_poll_in_ms=5000 last_render_age_ms=18037 build=Aug  5 2026-11:39
1785926686.111|[I][webradio] terminal retry — re-arming scan idx=0
1785926686.118|[I][webradio] play idx=0 name=INJECTED url=http://stream.slam.nl/WEB15_MP3
1785926686.199|[I][spotify.tls] tls yield — client stopped
1785926686.204|[membudget] TASK-267 _play pre-acquire lfbInt=42996 freeInt=47592
1785926686.210|[I][webradio] HEAP pre-connect free=47592 min=43380 maxAlloc=42996
1785926686.218|[membudget] CP1-pre-connect skip=0 freeInt=47592 lfbInt=42996 freeDma=4448 lfbDma=2292
1785926686.222|[W][perf] iter=111ms (worst path so far: app.tick:109ms)
1785926686.236|[I][webradio] audio_info: buffers freed, free Heap: 47592 bytes
1785926686.245|[I][webradio] audio_info: Connect to new host: "http://stream.slam.nl/WEB15_MP3"
1785926686.281|[I][webradio] audio_info: Connection has been established in 29 ms, free Heap: 46816 bytes
1785926686.287|[D][chrome] drawVolume pct=100 keyframe=4
1785926686.290|[D][chrome] drawVolume pct=100 keyframe=4
1785926686.312|[I][webradio] audio_info: chunked data transfer
1785926686.321|[I][webradio] audio_info: redirect to new host "http://25223.live.streamtheworld.com/WEB15_MP3_SC"
1785926686.333|[I][webradio] audio_info: buffers freed, free Heap: 47220 bytes
1785926686.344|[I][webradio] audio_info: Connect to new host: "http://25223.live.streamtheworld.com/WEB15_MP3_SC"
1785926686.347|[W][perf] iter=115ms (worst path so far: app.tick:109ms)
1785926686.352|[I][webradio] HEAP play free=46864 min=43380
1785926686.434|[D][chrome] drawVolume pct=100 keyframe=4
1785926686.438|[D][chrome] drawVolume pct=100 keyframe=4
1785926686.464|[W][perf] iter=115ms (worst path so far: app.tick:113ms)
1785926686.519|[W][perf] iter=56ms (worst path so far: app.tick:113ms)
1785926686.573|[W][perf] iter=54ms (worst path so far: app.tick:113ms)
1785926686.627|[W][perf] iter=54ms (worst path so far: app.tick:113ms)
1785926686.682|[W][perf] iter=54ms (worst path so far: app.tick:113ms)
1785926686.735|[W][perf] iter=54ms (worst path so far: app.tick:113ms)
1785926686.789|[W][perf] iter=54ms (worst path so far: app.tick:113ms)
1785926686.843|[W][perf] iter=54ms (worst path so far: app.tick:113ms)
1785926686.897|[W][perf] iter=54ms (worst path so far: app.tick:113ms)
1785926686.951|[W][perf] iter=54ms (worst path so far: app.tick:113ms)
1785926687.005|[W][perf] iter=54ms (worst path so far: app.tick:113ms)
1785926687.060|[W][perf] iter=54ms (worst path so far: app.tick:113ms)
1785926687.113|[W][perf] iter=54ms (worst path so far: app.tick:113ms)
1785926687.167|[W][perf] iter=54ms (worst path so far: app.tick:113ms)
1785926687.222|[W][perf] iter=54ms (worst path so far: app.tick:113ms)
1785926687.275|[W][perf] iter=54ms (worst path so far: app.tick:113ms)
1785926687.329|[W][perf] iter=54ms (worst path so far: app.tick:113ms)
1785926687.383|[W][perf] iter=54ms (worst path so far: app.tick:113ms)
1785926687.437|[W][perf] iter=54ms (worst path so far: app.tick:113ms)
1785926687.492|[W][perf] iter=54ms (worst path so far: app.tick:113ms)
1785926687.545|[W][perf] iter=54ms (worst path so far: app.tick:113ms)
1785926687.599|[W][perf] iter=54ms (worst path so far: app.tick:113ms)
1785926687.653|[W][perf] iter=54ms (worst path so far: app.tick:113ms)
1785926687.708|[W][perf] iter=54ms (worst path so far: app.tick:113ms)
1785926687.761|[W][perf] iter=54ms (worst path so far: app.tick:113ms)
1785926687.815|[W][perf] iter=54ms (worst path so far: app.tick:113ms)
1785926687.869|[W][perf] iter=54ms (worst path so far: app.tick:113ms)
1785926687.923|[W][perf] iter=54ms (worst path so far: app.tick:113ms)
1785926687.977|[W][perf] iter=54ms (worst path so far: app.tick:113ms)
1785926688.034|[W][perf] iter=56ms (worst path so far: app.tick:113ms)
1785926688.087|[W][perf] iter=54ms (worst path so far: app.tick:113ms)
1785926688.141|[W][perf] iter=54ms (worst path so far: app.tick:113ms)
1785926688.195|[W][perf] iter=54ms (worst path so far: app.tick:113ms)
1785926688.249|[W][perf] iter=54ms (worst path so far: app.tick:113ms)
1785926688.303|[W][perf] iter=54ms (worst path so far: app.tick:113ms)
1785926688.356|[W][perf] iter=54ms (worst path so far: app.tick:113ms)
1785926688.411|[W][perf] iter=54ms (worst path so far: app.tick:113ms)
1785926688.466|[W][perf] iter=54ms (worst path so far: app.tick:113ms)
1785926688.520|[W][perf] iter=54ms (worst path so far: app.tick:113ms)
1785926688.573|[W][perf] iter=54ms (worst path so far: app.tick:113ms)
1785926688.627|[W][perf] iter=54ms (worst path so far: app.tick:113ms)
1785926688.682|[W][perf] iter=54ms (worst path so far: app.tick:113ms)
1785926688.735|[W][perf] iter=54ms (worst path so far: app.tick:113ms)
1785926688.790|[W][perf] iter=54ms (worst path so far: app.tick:113ms)
1785926688.843|[W][perf] iter=54ms (worst path so far: app.tick:113ms)
1785926688.897|[W][perf] iter=54ms (worst path so far: app.tick:113ms)
1785926688.952|[W][perf] iter=54ms (worst path so far: app.tick:113ms)
1785926689.005|[W][perf] iter=54ms (worst path so far: app.tick:113ms)
1785926689.059|[W][perf] iter=54ms (worst path so far: app.tick:113ms)
1785926689.113|[W][perf] iter=54ms (worst path so far: app.tick:113ms)
1785926689.167|[W][perf] iter=54ms (worst path so far: app.tick:113ms)
1785926689.221|[W][perf] iter=54ms (worst path so far: app.tick:113ms)
1785926689.275|[W][perf] iter=54ms (worst path so far: app.tick:113ms)
1785926689.329|[W][perf] iter=54ms (worst path so far: app.tick:113ms)
1785926689.383|[W][perf] iter=54ms (worst path so far: app.tick:113ms)
1785926689.438|[W][perf] iter=54ms (worst path so far: app.tick:113ms)
1785926689.491|[W][perf] iter=54ms (worst path so far: app.tick:113ms)
1785926689.545|[W][perf] iter=54ms (worst path so far: app.tick:113ms)
1785926689.599|[W][perf] iter=54ms (worst path so far: app.tick:113ms)
1785926689.653|[W][perf] iter=54ms (worst path so far: app.tick:113ms)
1785926689.707|[W][perf] iter=54ms (worst path so far: app.tick:113ms)
1785926689.761|[W][perf] iter=54ms (worst path so far: app.tick:113ms)
1785926689.816|[W][perf] iter=54ms (worst path so far: app.tick:113ms)
1785926689.870|[W][perf] iter=54ms (worst path so far: app.tick:113ms)
1785926689.923|[W][perf] iter=54ms (worst path so far: app.tick:113ms)
1785926689.977|[W][perf] iter=54ms (worst path so far: app.tick:113ms)
1785926690.031|[W][perf] iter=54ms (worst path so far: app.tick:113ms)
1785926690.084|[W][perf] iter=54ms (worst path so far: app.tick:113ms)
1785926690.139|[W][perf] iter=54ms (worst path so far: app.tick:113ms)
1785926690.192|[W][perf] iter=54ms (worst path so far: app.tick:113ms)
1785926690.247|[W][perf] iter=54ms (worst path so far: app.tick:113ms)
1785926690.301|[W][perf] iter=54ms (worst path so far: app.tick:113ms)
1785926690.355|[W][perf] iter=54ms (worst path so far: app.tick:113ms)
1785926690.409|[W][perf] iter=54ms (worst path so far: app.tick:113ms)
1785926690.464|[W][perf] iter=54ms (worst path so far: app.tick:113ms)
1785926690.517|[W][perf] iter=54ms (worst path so far: app.tick:113ms)
1785926690.571|[W][perf] iter=54ms (worst path so far: app.tick:113ms)
1785926690.625|[W][perf] iter=54ms (worst path so far: app.tick:113ms)
1785926690.679|[W][perf] iter=54ms (worst path so far: app.tick:113ms)
1785926690.733|[W][perf] iter=54ms (worst path so far: app.tick:113ms)
1785926690.787|[W][perf] iter=54ms (worst path so far: app.tick:113ms)
1785926690.841|[W][perf] iter=54ms (worst path so far: app.tick:113ms)
1785926690.895|[W][perf] iter=54ms (worst path so far: app.tick:113ms)
1785926690.949|[W][perf] iter=54ms (worst path so far: app.tick:113ms)
1785926691.003|[W][perf] iter=54ms (worst path so far: app.tick:113ms)
1785926691.057|[W][perf] iter=54ms (worst path so far: app.tick:113ms)
1785926691.111|[W][perf] iter=54ms (worst path so far: app.tick:113ms)
1785926691.164|[W][perf] iter=54ms (worst path so far: app.tick:113ms)
1785926691.218|[W][perf] iter=54ms (worst path so far: app.tick:113ms)
1785926691.273|[W][perf] iter=54ms (worst path so far: app.tick:113ms)
1785926691.327|[W][perf] iter=54ms (worst path so far: app.tick:113ms)
1785926691.366|[I][webradio] audio_info: Request http://25223.live.streamtheworld.com/WEB15_MP3_SC failed!
1785926691.369|[D][webradio] ICY:
1785926691.377|[W][webradio] stream dead (isRunning=0 for 5017ms, bufStalled for 5017ms) — stop + resume Spotify TLS
1785926691.382|[I][webradio] stall idx=0 — retrying once
1785926691.393|[I][spotify.tls] tls yield — resumed
1785926691.411|[D][chrome] drawVolume pct=100 keyframe=4
1785926691.415|[D][chrome] drawVolume pct=100 keyframe=4
1785926691.439|[W][perf] iter=75ms (worst path so far: wr.pump:5056ms)
1785926691.447|[I][webradio] play idx=0 name=INJECTED url=http://stream.slam.nl/WEB15_MP3
1785926691.894|[I][spotify.tls] tls yield — client stopped
1785926691.900|[membudget] TASK-267 _play pre-acquire lfbInt=42996 freeInt=47368
1785926691.905|[I][webradio] HEAP pre-connect free=47368 min=43380 maxAlloc=42996
1785926691.914|[membudget] CP1-pre-connect skip=0 freeInt=47368 lfbInt=42996 freeDma=4224 lfbDma=2292
1785926691.918|[W][perf] iter=477ms (worst path so far: wr.pump:5056ms)
1785926691.934|[I][webradio] audio_info: buffers freed, free Heap: 47368 bytes
1785926691.943|[I][webradio] audio_info: Connect to new host: "http://stream.slam.nl/WEB15_MP3"
1785926691.978|[I][webradio] audio_info: Connection has been established in 30 ms, free Heap: 46596 bytes
1785926691.985|[D][chrome] drawVolume pct=100 keyframe=4
1785926691.988|[D][chrome] drawVolume pct=100 keyframe=4
1785926692.009|[I][webradio] audio_info: chunked data transfer
1785926692.018|[I][webradio] audio_info: redirect to new host "http://22333.live.streamtheworld.com/WEB15_MP3_SC"
1785926692.030|[I][webradio] audio_info: buffers freed, free Heap: 46996 bytes
1785926692.041|[I][webradio] audio_info: Connect to new host: "http://22333.live.streamtheworld.com/WEB15_MP3_SC"
1785926692.046|[W][perf] iter=115ms (worst path so far: wr.pump:5056ms)
1785926692.132|[D][chrome] drawVolume pct=100 keyframe=4
1785926692.136|[D][chrome] drawVolume pct=100 keyframe=4
1785926692.161|[W][perf] iter=115ms (worst path so far: wr.pump:5056ms)
1785926692.216|[W][perf] iter=54ms (worst path so far: wr.pump:5056ms)
1785926692.269|[W][perf] iter=54ms (worst path so far: wr.pump:5056ms)
1785926692.324|[W][perf] iter=54ms (worst path so far: wr.pump:5056ms)
1785926692.377|[W][perf] iter=54ms (worst path so far: wr.pump:5056ms)
1785926692.431|[W][perf] iter=54ms (worst path so far: wr.pump:5056ms)
1785926692.485|[W][perf] iter=54ms (worst path so far: wr.pump:5056ms)
1785926692.539|[W][perf] iter=54ms (worst path so far: wr.pump:5056ms)
1785926692.593|[W][perf] iter=54ms (worst path so far: wr.pump:5056ms)
1785926692.647|[W][perf] iter=54ms (worst path so far: wr.pump:5056ms)
1785926692.701|[W][perf] iter=54ms (worst path so far: wr.pump:5056ms)
1785926692.755|[W][perf] iter=54ms (worst path so far: wr.pump:5056ms)
1785926692.809|[W][perf] iter=54ms (worst path so far: wr.pump:5056ms)
1785926692.863|[W][perf] iter=54ms (worst path so far: wr.pump:5056ms)
1785926692.917|[W][perf] iter=54ms (worst path so far: wr.pump:5056ms)
1785926692.971|[W][perf] iter=54ms (worst path so far: wr.pump:5056ms)
1785926693.025|[W][perf] iter=54ms (worst path so far: wr.pump:5056ms)
1785926693.079|[W][perf] iter=54ms (worst path so far: wr.pump:5056ms)
1785926693.133|[W][perf] iter=54ms (worst path so far: wr.pump:5056ms)
1785926693.186|[W][perf] iter=54ms (worst path so far: wr.pump:5056ms)
1785926693.240|[W][perf] iter=54ms (worst path so far: wr.pump:5056ms)
1785926693.295|[W][perf] iter=54ms (worst path so far: wr.pump:5056ms)
1785926693.349|[W][perf] iter=54ms (worst path so far: wr.pump:5056ms)
1785926693.402|[W][perf] iter=54ms (worst path so far: wr.pump:5056ms)
1785926693.457|[W][perf] iter=54ms (worst path so far: wr.pump:5056ms)
1785926693.511|[W][perf] iter=54ms (worst path so far: wr.pump:5056ms)
1785926693.565|[W][perf] iter=54ms (worst path so far: wr.pump:5056ms)
1785926693.619|[W][perf] iter=54ms (worst path so far: wr.pump:5056ms)
1785926693.672|[W][perf] iter=54ms (worst path so far: wr.pump:5056ms)
1785926693.728|[W][perf] iter=55ms (worst path so far: wr.pump:5056ms)
1785926693.782|[W][perf] iter=54ms (worst path so far: wr.pump:5056ms)
1785926693.836|[W][perf] iter=54ms (worst path so far: wr.pump:5056ms)
1785926693.890|[W][perf] iter=54ms (worst path so far: wr.pump:5056ms)
1785926693.944|[W][perf] iter=54ms (worst path so far: wr.pump:5056ms)
1785926693.998|[W][perf] iter=54ms (worst path so far: wr.pump:5056ms)
1785926694.052|[W][perf] iter=54ms (worst path so far: wr.pump:5056ms)
1785926694.106|[W][perf] iter=54ms (worst path so far: wr.pump:5056ms)
1785926694.160|[W][perf] iter=54ms (worst path so far: wr.pump:5056ms)
1785926694.214|[W][perf] iter=54ms (worst path so far: wr.pump:5056ms)
1785926694.268|[W][perf] iter=54ms (worst path so far: wr.pump:5056ms)
1785926694.323|[W][perf] iter=54ms (worst path so far: wr.pump:5056ms)
1785926694.376|[W][perf] iter=54ms (worst path so far: wr.pump:5056ms)
1785926694.430|[W][perf] iter=54ms (worst path so far: wr.pump:5056ms)
1785926694.484|[W][perf] iter=54ms (worst path so far: wr.pump:5056ms)
1785926694.538|[W][perf] iter=54ms (worst path so far: wr.pump:5056ms)
1785926694.592|[W][perf] iter=54ms (worst path so far: wr.pump:5056ms)
1785926694.646|[W][perf] iter=54ms (worst path so far: wr.pump:5056ms)
1785926694.699|[W][perf] iter=54ms (worst path so far: wr.pump:5056ms)
1785926694.754|[W][perf] iter=54ms (worst path so far: wr.pump:5056ms)
1785926694.808|[W][perf] iter=54ms (worst path so far: wr.pump:5056ms)
1785926694.862|[W][perf] iter=54ms (worst path so far: wr.pump:5056ms)
1785926694.916|[W][perf] iter=54ms (worst path so far: wr.pump:5056ms)
1785926694.970|[W][perf] iter=54ms (worst path so far: wr.pump:5056ms)
1785926695.024|[W][perf] iter=54ms (worst path so far: wr.pump:5056ms)
1785926695.078|[W][perf] iter=54ms (worst path so far: wr.pump:5056ms)
1785926695.132|[W][perf] iter=54ms (worst path so far: wr.pump:5056ms)
1785926695.187|[W][perf] iter=54ms (worst path so far: wr.pump:5056ms)
1785926695.240|[W][perf] iter=54ms (worst path so far: wr.pump:5056ms)
1785926695.295|[W][perf] iter=54ms (worst path so far: wr.pump:5056ms)
1785926695.348|[W][perf] iter=54ms (worst path so far: wr.pump:5056ms)
1785926695.402|[W][perf] iter=54ms (worst path so far: wr.pump:5056ms)
1785926695.456|[W][perf] iter=54ms (worst path so far: wr.pump:5056ms)
1785926695.510|[W][perf] iter=54ms (worst path so far: wr.pump:5056ms)
1785926695.565|[W][perf] iter=54ms (worst path so far: wr.pump:5056ms)
1785926695.617|[W][perf] iter=54ms (worst path so far: wr.pump:5056ms)
1785926695.673|[W][perf] iter=54ms (worst path so far: wr.pump:5056ms)
1785926695.726|[W][perf] iter=54ms (worst path so far: wr.pump:5056ms)
1785926695.780|[W][perf] iter=54ms (worst path so far: wr.pump:5056ms)
1785926695.834|[W][perf] iter=54ms (worst path so far: wr.pump:5056ms)
1785926695.889|[W][perf] iter=54ms (worst path so far: wr.pump:5056ms)
1785926695.942|[W][perf] iter=54ms (worst path so far: wr.pump:5056ms)
1785926695.996|[W][perf] iter=54ms (worst path so far: wr.pump:5056ms)
1785926696.050|[W][perf] iter=54ms (worst path so far: wr.pump:5056ms)
1785926696.104|[W][perf] iter=54ms (worst path so far: wr.pump:5056ms)
1785926696.158|[W][perf] iter=54ms (worst path so far: wr.pump:5056ms)
1785926696.212|[W][perf] iter=54ms (worst path so far: wr.pump:5056ms)
1785926696.266|[W][perf] iter=54ms (worst path so far: wr.pump:5056ms)
1785926696.320|[W][perf] iter=54ms (worst path so far: wr.pump:5056ms)
1785926696.373|[W][perf] iter=54ms (worst path so far: wr.pump:5056ms)
1785926696.428|[W][perf] iter=54ms (worst path so far: wr.pump:5056ms)
1785926696.481|[W][perf] iter=54ms (worst path so far: wr.pump:5056ms)
1785926696.535|[W][perf] iter=54ms (worst path so far: wr.pump:5056ms)
1785926696.589|[W][perf] iter=54ms (worst path so far: wr.pump:5056ms)
1785926696.643|[W][perf] iter=54ms (worst path so far: wr.pump:5056ms)
1785926696.698|[W][perf] iter=54ms (worst path so far: wr.pump:5056ms)
1785926696.752|[W][perf] iter=54ms (worst path so far: wr.pump:5056ms)
1785926696.806|[W][perf] iter=54ms (worst path so far: wr.pump:5056ms)
1785926696.860|[W][perf] iter=54ms (worst path so far: wr.pump:5056ms)
1785926696.914|[W][perf] iter=54ms (worst path so far: wr.pump:5056ms)
1785926696.967|[W][perf] iter=54ms (worst path so far: wr.pump:5056ms)
1785926697.022|[W][perf] iter=54ms (worst path so far: wr.pump:5056ms)
1785926697.064|[I][webradio] audio_info: Request http://22333.live.streamtheworld.com/WEB15_MP3_SC failed!
1785926697.067|[D][webradio] ICY:
1785926697.075|[W][webradio] stream dead (isRunning=0 for 5018ms, bufStalled for 5018ms) — stop + resume Spotify TLS
1785926697.081|[W][webradio] auto-skip exhausted — no playable station
1785926697.088|[I][spotify.tls] tls yield — resumed
1785926697.109|[D][chrome] drawVolume pct=100 keyframe=4
1785926697.112|[D][chrome] drawVolume pct=100 keyframe=4
1785926697.138|[W][perf] iter=75ms (worst path so far: wr.pump:5057ms)
1785926709.293|[I][hb] display=winamp wifi=rssi(-56) disc=1 heap=46k maxAlloc=41k stack_hwm=12876b uptime=00:04:34 poll=0/0 last=0 block_max=0ms loop_max=477ms slow=wr.pump:5057ms last_poll_age_ms=0 next_poll_in_ms=5000 last_render_age_ms=12165 build=Aug  5 2026-11:39:4
1785926721.443|[I][webradio] terminal retry — re-arming scan idx=0
1785926721.450|[I][webradio] play idx=0 name=INJECTED url=http://stream.slam.nl/WEB15_MP3
1785926721.589|[I][spotify.tls] tls yield — client stopped
1785926721.594|[membudget] TASK-267 _play pre-acquire lfbInt=42996 freeInt=47144
1785926721.600|[I][webradio] HEAP pre-connect free=47144 min=43380 maxAlloc=42996
1785926721.608|[membudget] CP1-pre-connect skip=0 freeInt=47144 lfbInt=42996 freeDma=4000 lfbDma=2292
1785926721.613|[W][perf] iter=169ms (worst path so far: app.tick:167ms)
1785926721.627|[I][webradio] audio_info: buffers freed, free Heap: 47144 bytes
1785926721.636|[I][webradio] audio_info: Connect to new host: "http://stream.slam.nl/WEB15_MP3"
1785926721.667|[D][chrome] drawVolume pct=100 keyframe=4
1785926721.670|[D][chrome] drawVolume pct=100 keyframe=4
1785926721.687|[I][webradio] audio_info: Connection has been established in 44 ms, free Heap: 46372 bytes
1785926721.700|[W][perf] iter=89ms (worst path so far: app.tick:167ms)
1785926721.705|[I][webradio] HEAP play free=44984 min=43380
1785926721.715|[I][webradio] audio_info: chunked data transfer
1785926721.724|[I][webradio] audio_info: redirect to new host "http://22353.live.streamtheworld.com/WEB15_MP3_SC"
1785926721.739|[I][webradio] audio_info: buffers freed, free Heap: 46772 bytes
1785926721.749|[I][webradio] audio_info: Connect to new host: "http://22353.live.streamtheworld.com/WEB15_MP3_SC"
1785926721.771|[D][chrome] drawVolume pct=100 keyframe=4
1785926721.775|[D][chrome] drawVolume pct=100 keyframe=4
1785926721.801|[W][perf] iter=99ms (worst path so far: app.tick:167ms)
1785926721.857|[W][perf] iter=55ms (worst path so far: app.tick:167ms)
1785926721.910|[W][perf] iter=54ms (worst path so far: app.tick:167ms)
1785926721.965|[W][perf] iter=54ms (worst path so far: app.tick:167ms)
1785926722.018|[W][perf] iter=54ms (worst path so far: app.tick:167ms)
1785926722.072|[W][perf] iter=54ms (worst path so far: app.tick:167ms)
1785926722.126|[W][perf] iter=54ms (worst path so far: app.tick:167ms)
1785926722.181|[W][perf] iter=54ms (worst path so far: app.tick:167ms)
1785926722.235|[W][perf] iter=54ms (worst path so far: app.tick:167ms)
1785926722.289|[W][perf] iter=54ms (worst path so far: app.tick:167ms)
1785926722.342|[W][perf] iter=54ms (worst path so far: app.tick:167ms)
1785926722.396|[W][perf] iter=54ms (worst path so far: app.tick:167ms)
1785926722.450|[W][perf] iter=54ms (worst path so far: app.tick:167ms)
1785926722.504|[W][perf] iter=54ms (worst path so far: app.tick:167ms)
1785926722.559|[W][perf] iter=54ms (worst path so far: app.tick:167ms)
1785926722.612|[W][perf] iter=54ms (worst path so far: app.tick:167ms)
1785926722.667|[W][perf] iter=54ms (worst path so far: app.tick:167ms)
1785926722.721|[W][perf] iter=54ms (worst path so far: app.tick:167ms)
1785926722.774|[W][perf] iter=54ms (worst path so far: app.tick:167ms)
1785926722.829|[W][perf] iter=54ms (worst path so far: app.tick:167ms)
1785926722.883|[W][perf] iter=54ms (worst path so far: app.tick:167ms)
1785926722.937|[W][perf] iter=54ms (worst path so far: app.tick:167ms)
1785926722.991|[W][perf] iter=54ms (worst path so far: app.tick:167ms)
1785926723.045|[W][perf] iter=54ms (worst path so far: app.tick:167ms)
1785926723.098|[W][perf] iter=54ms (worst path so far: app.tick:167ms)
1785926723.153|[W][perf] iter=54ms (worst path so far: app.tick:167ms)
1785926723.206|[W][perf] iter=54ms (worst path so far: app.tick:167ms)
1785926723.261|[W][perf] iter=54ms (worst path so far: app.tick:167ms)
1785926723.315|[W][perf] iter=54ms (worst path so far: app.tick:167ms)
1785926723.370|[W][perf] iter=55ms (worst path so far: app.tick:167ms)
1785926723.423|[W][perf] iter=54ms (worst path so far: app.tick:167ms)
1785926723.477|[W][perf] iter=54ms (worst path so far: app.tick:167ms)
1785926723.532|[W][perf] iter=54ms (worst path so far: app.tick:167ms)
1785926723.585|[W][perf] iter=54ms (worst path so far: app.tick:167ms)
1785926723.639|[W][perf] iter=54ms (worst path so far: app.tick:167ms)
1785926723.694|[W][perf] iter=54ms (worst path so far: app.tick:167ms)
1785926723.748|[W][perf] iter=54ms (worst path so far: app.tick:167ms)
1785926723.802|[W][perf] iter=54ms (worst path so far: app.tick:167ms)
1785926723.856|[W][perf] iter=54ms (worst path so far: app.tick:167ms)
1785926723.910|[W][perf] iter=54ms (worst path so far: app.tick:167ms)
1785926723.964|[W][perf] iter=54ms (worst path so far: app.tick:167ms)
1785926724.017|[W][perf] iter=54ms (worst path so far: app.tick:167ms)
1785926724.072|[W][perf] iter=54ms (worst path so far: app.tick:167ms)
1785926724.126|[W][perf] iter=54ms (worst path so far: app.tick:167ms)
1785926724.179|[W][perf] iter=54ms (worst path so far: app.tick:167ms)
1785926724.234|[W][perf] iter=54ms (worst path so far: app.tick:167ms)
1785926724.288|[W][perf] iter=54ms (worst path so far: app.tick:167ms)
1785926724.342|[W][perf] iter=54ms (worst path so far: app.tick:167ms)
1785926724.395|[W][perf] iter=54ms (worst path so far: app.tick:167ms)
1785926724.449|[W][perf] iter=54ms (worst path so far: app.tick:167ms)
1785926724.503|[W][perf] iter=54ms (worst path so far: app.tick:167ms)
1785926724.557|[W][perf] iter=54ms (worst path so far: app.tick:167ms)
1785926724.611|[W][perf] iter=54ms (worst path so far: app.tick:167ms)
1785926724.665|[W][perf] iter=54ms (worst path so far: app.tick:167ms)
1785926724.719|[W][perf] iter=54ms (worst path so far: app.tick:167ms)
1785926724.774|[W][perf] iter=54ms (worst path so far: app.tick:167ms)
1785926724.827|[W][perf] iter=54ms (worst path so far: app.tick:167ms)
1785926724.882|[W][perf] iter=54ms (worst path so far: app.tick:167ms)
1785926724.935|[W][perf] iter=54ms (worst path so far: app.tick:167ms)
1785926724.989|[W][perf] iter=54ms (worst path so far: app.tick:167ms)
1785926725.043|[W][perf] iter=54ms (worst path so far: app.tick:167ms)
1785926725.097|[W][perf] iter=54ms (worst path so far: app.tick:167ms)
1785926725.152|[W][perf] iter=54ms (worst path so far: app.tick:167ms)
1785926725.206|[W][perf] iter=54ms (worst path so far: app.tick:167ms)
1785926725.259|[W][perf] iter=54ms (worst path so far: app.tick:167ms)
1785926725.313|[W][perf] iter=54ms (worst path so far: app.tick:167ms)
1785926725.367|[W][perf] iter=54ms (worst path so far: app.tick:167ms)
1785926725.421|[W][perf] iter=54ms (worst path so far: app.tick:167ms)
1785926725.475|[W][perf] iter=54ms (worst path so far: app.tick:167ms)
1785926725.529|[W][perf] iter=54ms (worst path so far: app.tick:167ms)
1785926725.584|[W][perf] iter=54ms (worst path so far: app.tick:167ms)
1785926725.637|[W][perf] iter=54ms (worst path so far: app.tick:167ms)
1785926725.691|[W][perf] iter=54ms (worst path so far: app.tick:167ms)
1785926725.746|[W][perf] iter=54ms (worst path so far: app.tick:167ms)
1785926725.799|[W][perf] iter=54ms (worst path so far: app.tick:167ms)
1785926725.853|[W][perf] iter=54ms (worst path so far: app.tick:167ms)
1785926725.908|[W][perf] iter=54ms (worst path so far: app.tick:167ms)
1785926725.961|[W][perf] iter=54ms (worst path so far: app.tick:167ms)
1785926726.015|[W][perf] iter=54ms (worst path so far: app.tick:167ms)
1785926726.070|[W][perf] iter=54ms (worst path so far: app.tick:167ms)
1785926726.123|[W][perf] iter=54ms (worst path so far: app.tick:167ms)
1785926726.178|[W][perf] iter=54ms (worst path so far: app.tick:167ms)
1785926726.232|[W][perf] iter=54ms (worst path so far: app.tick:167ms)
1785926726.285|[W][perf] iter=54ms (worst path so far: app.tick:167ms)
1785926726.339|[W][perf] iter=54ms (worst path so far: app.tick:167ms)
1785926726.393|[W][perf] iter=54ms (worst path so far: app.tick:167ms)
1785926726.447|[W][perf] iter=54ms (worst path so far: app.tick:167ms)
1785926726.501|[W][perf] iter=54ms (worst path so far: app.tick:167ms)
1785926726.556|[W][perf] iter=54ms (worst path so far: app.tick:167ms)
1785926726.609|[W][perf] iter=54ms (worst path so far: app.tick:167ms)
1785926726.663|[W][perf] iter=54ms (worst path so far: app.tick:167ms)
1785926726.717|[W][perf] iter=54ms (worst path so far: app.tick:167ms)
1785926726.775|[W][webradio] stream dead (isRunning=1 for 0ms, bufStalled for 5017ms) — stop + resume Spotify TLS
1785926726.783|[I][webradio] audio_info: Request http://22353.live.streamtheworld.com/WEB15_MP3_SC failed!
1785926726.787|[I][webradio] stall idx=0 — retrying once
1785926726.795|[I][spotify.tls] tls yield — resumed
1785926726.818|[D][chrome] drawVolume pct=100 keyframe=4
1785926726.822|[D][chrome] drawVolume pct=100 keyframe=4
1785926726.847|[W][perf] iter=131ms (worst path so far: wr.pump:5073ms)
1785926726.855|[I][webradio] play idx=0 name=INJECTED url=http://stream.slam.nl/WEB15_MP3
1785926727.297|[I][spotify.tls] tls yield — client stopped
1785926727.302|[membudget] TASK-267 _play pre-acquire lfbInt=42996 freeInt=46920
1785926727.308|[I][webradio] HEAP pre-connect free=46920 min=43380 maxAlloc=42996
1785926727.316|[membudget] CP1-pre-connect skip=0 freeInt=46920 lfbInt=42996 freeDma=3776 lfbDma=2292
1785926727.321|[W][perf] iter=472ms (worst path so far: wr.pump:5073ms)
1785926727.336|[I][webradio] audio_info: buffers freed, free Heap: 46920 bytes
1785926727.345|[I][webradio] audio_info: Connect to new host: "http://stream.slam.nl/WEB15_MP3"
1785926727.347|[D][webradio] ICY:
1785926727.385|[I][webradio] audio_info: Connection has been established in 33 ms, free Heap: 46148 bytes
1785926727.390|[D][chrome] drawVolume pct=100 keyframe=4
1785926727.394|[D][chrome] drawVolume pct=100 keyframe=4
1785926727.414|[I][webradio] audio_info: chunked data transfer
1785926727.423|[I][webradio] audio_info: redirect to new host "http://22333.live.streamtheworld.com/WEB15_MP3_SC"
1785926727.436|[I][webradio] audio_info: buffers freed, free Heap: 46548 bytes
1785926727.447|[I][webradio] audio_info: Connect to new host: "http://22333.live.streamtheworld.com/WEB15_MP3_SC"
1785926727.451|[W][perf] iter=123ms (worst path so far: wr.pump:5073ms)
1785926727.536|[D][chrome] drawVolume pct=100 keyframe=4
1785926727.540|[D][chrome] drawVolume pct=100 keyframe=4
1785926727.565|[W][perf] iter=115ms (worst path so far: wr.pump:5073ms)
1785926727.619|[W][perf] iter=54ms (worst path so far: wr.pump:5073ms)
1785926727.674|[W][perf] iter=54ms (worst path so far: wr.pump:5073ms)
1785926727.728|[W][perf] iter=54ms (worst path so far: wr.pump:5073ms)
1785926727.781|[W][perf] iter=54ms (worst path so far: wr.pump:5073ms)
1785926727.835|[W][perf] iter=54ms (worst path so far: wr.pump:5073ms)
1785926727.889|[W][perf] iter=54ms (worst path so far: wr.pump:5073ms)
1785926727.943|[W][perf] iter=54ms (worst path so far: wr.pump:5073ms)
1785926727.997|[W][perf] iter=54ms (worst path so far: wr.pump:5073ms)
1785926728.051|[W][perf] iter=54ms (worst path so far: wr.pump:5073ms)
1785926728.105|[W][perf] iter=54ms (worst path so far: wr.pump:5073ms)
1785926728.159|[W][perf] iter=54ms (worst path so far: wr.pump:5073ms)
1785926728.213|[W][perf] iter=54ms (worst path so far: wr.pump:5073ms)
1785926728.268|[W][perf] iter=54ms (worst path so far: wr.pump:5073ms)
1785926728.321|[W][perf] iter=54ms (worst path so far: wr.pump:5073ms)
1785926728.376|[W][perf] iter=54ms (worst path so far: wr.pump:5073ms)
1785926728.429|[W][perf] iter=54ms (worst path so far: wr.pump:5073ms)
1785926728.483|[W][perf] iter=54ms (worst path so far: wr.pump:5073ms)
1785926728.538|[W][perf] iter=54ms (worst path so far: wr.pump:5073ms)
1785926728.591|[W][perf] iter=54ms (worst path so far: wr.pump:5073ms)
1785926728.646|[W][perf] iter=54ms (worst path so far: wr.pump:5073ms)
1785926728.700|[W][perf] iter=54ms (worst path so far: wr.pump:5073ms)
1785926728.753|[W][perf] iter=54ms (worst path so far: wr.pump:5073ms)
1785926728.807|[W][perf] iter=54ms (worst path so far: wr.pump:5073ms)
1785926728.862|[W][perf] iter=54ms (worst path so far: wr.pump:5073ms)
1785926728.916|[W][perf] iter=54ms (worst path so far: wr.pump:5073ms)
1785926728.970|[W][perf] iter=54ms (worst path so far: wr.pump:5073ms)
1785926729.024|[W][perf] iter=54ms (worst path so far: wr.pump:5073ms)
1785926729.077|[W][perf] iter=54ms (worst path so far: wr.pump:5073ms)
1785926729.132|[W][perf] iter=55ms (worst path so far: wr.pump:5073ms)
1785926729.187|[W][perf] iter=54ms (worst path so far: wr.pump:5073ms)
1785926729.240|[W][perf] iter=54ms (worst path so far: wr.pump:5073ms)
1785926729.294|[W][perf] iter=54ms (worst path so far: wr.pump:5073ms)
1785926729.349|[W][perf] iter=54ms (worst path so far: wr.pump:5073ms)
1785926729.402|[W][perf] iter=54ms (worst path so far: wr.pump:5073ms)
1785926729.456|[W][perf] iter=54ms (worst path so far: wr.pump:5073ms)
1785926729.510|[W][perf] iter=54ms (worst path so far: wr.pump:5073ms)
1785926729.565|[W][perf] iter=54ms (worst path so far: wr.pump:5073ms)
1785926729.618|[W][perf] iter=54ms (worst path so far: wr.pump:5073ms)
1785926729.673|[W][perf] iter=54ms (worst path so far: wr.pump:5073ms)
1785926729.727|[W][perf] iter=54ms (worst path so far: wr.pump:5073ms)
1785926729.781|[W][perf] iter=54ms (worst path so far: wr.pump:5073ms)
1785926729.834|[W][perf] iter=54ms (worst path so far: wr.pump:5073ms)
1785926729.888|[W][perf] iter=54ms (worst path so far: wr.pump:5073ms)
1785926729.942|[W][perf] iter=54ms (worst path so far: wr.pump:5073ms)
1785926729.996|[W][perf] iter=54ms (worst path so far: wr.pump:5073ms)
1785926730.051|[W][perf] iter=54ms (worst path so far: wr.pump:5073ms)
1785926730.104|[W][perf] iter=54ms (worst path so far: wr.pump:5073ms)
1785926730.158|[W][perf] iter=54ms (worst path so far: wr.pump:5073ms)
1785926730.212|[W][perf] iter=54ms (worst path so far: wr.pump:5073ms)
1785926730.266|[W][perf] iter=54ms (worst path so far: wr.pump:5073ms)
1785926730.320|[W][perf] iter=54ms (worst path so far: wr.pump:5073ms)
1785926730.374|[W][perf] iter=54ms (worst path so far: wr.pump:5073ms)
1785926730.428|[W][perf] iter=54ms (worst path so far: wr.pump:5073ms)
1785926730.482|[W][perf] iter=54ms (worst path so far: wr.pump:5073ms)
1785926730.536|[W][perf] iter=54ms (worst path so far: wr.pump:5073ms)
1785926730.590|[W][perf] iter=54ms (worst path so far: wr.pump:5073ms)
1785926730.644|[W][perf] iter=54ms (worst path so far: wr.pump:5073ms)
1785926730.698|[W][perf] iter=54ms (worst path so far: wr.pump:5073ms)
1785926730.753|[W][perf] iter=54ms (worst path so far: wr.pump:5073ms)
1785926730.806|[W][perf] iter=54ms (worst path so far: wr.pump:5073ms)
1785926730.860|[W][perf] iter=54ms (worst path so far: wr.pump:5073ms)
1785926730.915|[W][perf] iter=54ms (worst path so far: wr.pump:5073ms)
1785926730.969|[W][perf] iter=54ms (worst path so far: wr.pump:5073ms)
1785926731.023|[W][perf] iter=54ms (worst path so far: wr.pump:5073ms)
1785926731.076|[W][perf] iter=54ms (worst path so far: wr.pump:5073ms)
1785926731.130|[W][perf] iter=54ms (worst path so far: wr.pump:5073ms)
1785926731.185|[W][perf] iter=54ms (worst path so far: wr.pump:5073ms)
1785926731.238|[W][perf] iter=54ms (worst path so far: wr.pump:5073ms)
1785926731.293|[W][perf] iter=54ms (worst path so far: wr.pump:5073ms)
1785926731.346|[W][perf] iter=54ms (worst path so far: wr.pump:5073ms)
1785926731.400|[W][perf] iter=54ms (worst path so far: wr.pump:5073ms)
1785926731.454|[W][perf] iter=54ms (worst path so far: wr.pump:5073ms)
1785926731.508|[W][perf] iter=54ms (worst path so far: wr.pump:5073ms)
1785926731.563|[W][perf] iter=54ms (worst path so far: wr.pump:5073ms)
1785926731.616|[W][perf] iter=54ms (worst path so far: wr.pump:5073ms)
1785926731.671|[W][perf] iter=54ms (worst path so far: wr.pump:5073ms)
1785926731.724|[W][perf] iter=54ms (worst path so far: wr.pump:5073ms)
1785926731.779|[W][perf] iter=54ms (worst path so far: wr.pump:5073ms)
1785926731.832|[W][perf] iter=54ms (worst path so far: wr.pump:5073ms)
1785926731.886|[W][perf] iter=54ms (worst path so far: wr.pump:5073ms)
1785926731.941|[W][perf] iter=54ms (worst path so far: wr.pump:5073ms)
1785926731.994|[W][perf] iter=54ms (worst path so far: wr.pump:5073ms)
1785926732.048|[W][perf] iter=54ms (worst path so far: wr.pump:5073ms)
1785926732.102|[W][perf] iter=54ms (worst path so far: wr.pump:5073ms)
1785926732.156|[W][perf] iter=54ms (worst path so far: wr.pump:5073ms)
1785926732.211|[W][perf] iter=54ms (worst path so far: wr.pump:5073ms)
1785926732.264|[W][perf] iter=54ms (worst path so far: wr.pump:5073ms)
1785926732.318|[W][perf] iter=54ms (worst path so far: wr.pump:5073ms)
1785926732.372|[W][perf] iter=54ms (worst path so far: wr.pump:5073ms)
1785926732.426|[W][perf] iter=54ms (worst path so far: wr.pump:5073ms)
1785926732.460|[I][webradio] audio_info: Request http://22333.live.streamtheworld.com/WEB15_MP3_SC failed!
1785926732.462|[D][webradio] ICY:
1785926732.471|[W][webradio] stream dead (isRunning=0 for 84ms, bufStalled for 5009ms) — stop + resume Spotify TLS
1785926732.476|[W][webradio] auto-skip exhausted — no playable station
1785926732.480|[I][spotify.tls] tls yield — resumed
1785926732.503|[D][chrome] drawVolume pct=100 keyframe=4
1785926732.507|[D][chrome] drawVolume pct=100 keyframe=4
1785926732.533|[W][perf] iter=74ms (worst path so far: wr.pump:5073ms)
1785926739.293|[I][hb] display=winamp wifi=rssi(-53) disc=1 heap=45k maxAlloc=41k stack_hwm=12876b uptime=00:05:04 poll=0/0 last=0 block_max=0ms loop_max=472ms slow=wr.pump:5073ms last_poll_age_ms=0 next_poll_in_ms=5000 last_render_age_ms=6769 build=Aug  5 2026-11:39:45
1785926749.276|{"ok":true,"cmd":"get","var":"wrState","state":4,"last":true}
1785926749.286|{"ok":true,"cmd":"get","var":"wrIdx","idx":0,"last":true}
1785926756.851|[I][webradio] terminal retry — re-arming scan idx=0
1785926756.859|[I][webradio] play idx=0 name=INJECTED url=http://stream.slam.nl/WEB15_MP3
1785926756.973|[I][spotify.tls] tls yield — client stopped
1785926756.979|[membudget] TASK-267 _play pre-acquire lfbInt=42996 freeInt=47144
1785926756.984|[I][webradio] HEAP pre-connect free=47144 min=43380 maxAlloc=42996
1785926756.992|[membudget] CP1-pre-connect skip=0 freeInt=47144 lfbInt=42996 freeDma=4000 lfbDma=2292
1785926756.997|[W][perf] iter=147ms (worst path so far: app.tick:145ms)
1785926757.013|[I][webradio] audio_info: buffers freed, free Heap: 47144 bytes
1785926757.022|[I][webradio] audio_info: Connect to new host: "http://stream.slam.nl/WEB15_MP3"
1785926757.052|[D][chrome] drawVolume pct=100 keyframe=4
1785926757.056|[D][chrome] drawVolume pct=100 keyframe=4
1785926757.082|[W][perf] iter=84ms (worst path so far: app.tick:145ms)
1785926763.630|[I][webradio] audio_info: Request http://stream.slam.nl/WEB15_MP3 failed!
1785926763.633|[W][webradio] connecttohost failed idx=0
1785926763.639|[W][webradio] auto-skip exhausted — no playable station
1785926763.642|[I][spotify.tls] tls yield — resumed
1785926763.645|[D][webradio] ICY:
1785926763.677|[D][chrome] drawVolume pct=100 keyframe=4
1785926763.682|[D][chrome] drawVolume pct=100 keyframe=4
1785926763.706|[W][perf] iter=76ms (worst path so far: wr.connect:6631ms)
1785926769.292|[I][hb] display=winamp wifi=rssi(-52) disc=1 heap=46k maxAlloc=41k stack_hwm=12876b uptime=00:05:34 poll=0/0 last=0 block_max=0ms loop_max=147ms slow=wr.connect:6631ms last_poll_age_ms=0 next_poll_in_ms=5000 last_render_age_ms=5595 build=Aug  5 2026-11:39
1785926786.852|[I][webradio] terminal retry — re-arming scan idx=0
1785926786.859|[I][webradio] play idx=0 name=INJECTED url=http://stream.slam.nl/WEB15_MP3
1785926787.139|[I][spotify.tls] tls yield — client stopped
1785926787.145|[membudget] TASK-267 _play pre-acquire lfbInt=42996 freeInt=47144
1785926787.150|[I][webradio] HEAP pre-connect free=47144 min=43380 maxAlloc=42996
1785926787.158|[membudget] CP1-pre-connect skip=0 freeInt=47144 lfbInt=42996 freeDma=4000 lfbDma=2292
1785926787.163|[W][perf] iter=311ms (worst path so far: app.tick:309ms)
1785926787.177|[I][webradio] audio_info: buffers freed, free Heap: 47144 bytes
1785926787.187|[I][webradio] audio_info: Connect to new host: "http://stream.slam.nl/WEB15_MP3"
1785926787.216|[D][chrome] drawVolume pct=100 keyframe=4
1785926787.220|[D][chrome] drawVolume pct=100 keyframe=4
1785926787.245|[W][perf] iter=82ms (worst path so far: app.tick:309ms)
1785926793.630|[I][webradio] audio_info: Request http://stream.slam.nl/WEB15_MP3 failed!
1785926793.633|[W][webradio] connecttohost failed idx=0
1785926793.638|[W][webradio] auto-skip exhausted — no playable station
1785926793.641|[D][webradio] ICY:
1785926793.644|[I][spotify.tls] tls yield — resumed
1785926793.675|[D][chrome] drawVolume pct=100 keyframe=4
1785926793.679|[D][chrome] drawVolume pct=100 keyframe=4
1785926793.704|[W][perf] iter=74ms (worst path so far: wr.connect:6467ms)
1785926799.291|[I][hb] display=winamp wifi=rssi(-51) disc=1 heap=46k maxAlloc=41k stack_hwm=12876b uptime=00:06:04 poll=0/0 last=0 block_max=0ms loop_max=311ms slow=wr.connect:6467ms last_poll_age_ms=0 next_poll_in_ms=5000 last_render_age_ms=5597 build=Aug  5 2026-11:39
1785926816.851|[I][webradio] terminal retry — re-arming scan idx=0
1785926816.858|[I][webradio] play idx=0 name=INJECTED url=http://stream.slam.nl/WEB15_MP3
1785926817.145|[I][spotify.tls] tls yield — client stopped
1785926817.150|[membudget] TASK-267 _play pre-acquire lfbInt=42996 freeInt=47592
1785926817.156|[I][webradio] HEAP pre-connect free=47592 min=43380 maxAlloc=42996
1785926817.164|[membudget] CP1-pre-connect skip=0 freeInt=47592 lfbInt=42996 freeDma=4448 lfbDma=2292
1785926817.170|[W][perf] iter=317ms (worst path so far: app.tick:315ms)
1785926817.183|[I][webradio] audio_info: buffers freed, free Heap: 47592 bytes
1785926817.192|[I][webradio] audio_info: Connect to new host: "http://stream.slam.nl/WEB15_MP3"
1785926817.222|[D][chrome] drawVolume pct=100 keyframe=4
1785926817.226|[D][chrome] drawVolume pct=100 keyframe=4
1785926817.251|[W][perf] iter=82ms (worst path so far: app.tick:315ms)
1785926823.630|[I][webradio] audio_info: Request http://stream.slam.nl/WEB15_MP3 failed!
1785926823.633|[W][webradio] connecttohost failed idx=0
1785926823.639|[W][webradio] auto-skip exhausted — no playable station
1785926823.641|[D][webradio] ICY:
1785926823.649|[I][spotify.tls] tls yield — resumed
1785926823.676|[D][chrome] drawVolume pct=100 keyframe=4
1785926823.680|[D][chrome] drawVolume pct=100 keyframe=4
1785926823.705|[W][perf] iter=74ms (worst path so far: wr.connect:6462ms)
1785926829.291|[I][hb] display=winamp wifi=rssi(-51) disc=1 heap=46k maxAlloc=41k stack_hwm=12876b uptime=00:06:34 poll=0/0 last=0 block_max=0ms loop_max=317ms slow=wr.connect:6462ms last_poll_age_ms=0 next_poll_in_ms=5000 last_render_age_ms=5595 build=Aug  5 2026-11:39
1785926846.851|[I][webradio] terminal retry — re-arming scan idx=0
1785926846.858|[I][webradio] play idx=0 name=INJECTED url=http://stream.slam.nl/WEB15_MP3
1785926847.150|[I][spotify.tls] tls yield — client stopped
1785926847.156|[membudget] TASK-267 _play pre-acquire lfbInt=42996 freeInt=47816
1785926847.161|[I][webradio] HEAP pre-connect free=47816 min=43380 maxAlloc=42996
1785926847.169|[membudget] CP1-pre-connect skip=0 freeInt=47816 lfbInt=42996 freeDma=4672 lfbDma=2292
1785926847.174|[W][perf] iter=324ms (worst path so far: app.tick:321ms)
1785926847.189|[I][webradio] audio_info: buffers freed, free Heap: 47816 bytes
1785926847.199|[I][webradio] audio_info: Connect to new host: "http://stream.slam.nl/WEB15_MP3"
1785926847.230|[D][chrome] drawVolume pct=100 keyframe=4
1785926847.233|[D][chrome] drawVolume pct=100 keyframe=4
1785926847.258|[W][perf] iter=84ms (worst path so far: app.tick:321ms)
1785926853.630|[I][webradio] audio_info: Request http://stream.slam.nl/WEB15_MP3 failed!
1785926853.633|[W][webradio] connecttohost failed idx=0
1785926853.638|[W][webradio] auto-skip exhausted — no playable station
1785926853.641|[I][spotify.tls] tls yield — resumed
1785926853.644|[D][webradio] ICY:
1785926853.675|[D][chrome] drawVolume pct=100 keyframe=4
1785926853.679|[D][chrome] drawVolume pct=100 keyframe=4
1785926853.703|[W][perf] iter=74ms (worst path so far: wr.connect:6454ms)
1785926859.292|[I][hb] display=winamp wifi=rssi(-51) disc=1 heap=46k maxAlloc=41k stack_hwm=12876b uptime=00:07:04 poll=0/0 last=0 block_max=0ms loop_max=324ms slow=wr.connect:6454ms last_poll_age_ms=0 next_poll_in_ms=5000 last_render_age_ms=5596 build=Aug  5 2026-11:39
1785926876.850|[I][webradio] terminal retry — re-arming scan idx=0
1785926876.857|[I][webradio] play idx=0 name=INJECTED url=http://stream.slam.nl/WEB15_MP3
1785926877.140|[I][spotify.tls] tls yield — client stopped
1785926877.146|[membudget] TASK-267 _play pre-acquire lfbInt=42996 freeInt=48040
1785926877.152|[I][webradio] HEAP pre-connect free=48040 min=43380 maxAlloc=42996
1785926877.160|[membudget] CP1-pre-connect skip=0 freeInt=48040 lfbInt=42996 freeDma=4896 lfbDma=2292
1785926877.165|[W][perf] iter=314ms (worst path so far: app.tick:312ms)
1785926877.178|[I][webradio] audio_info: buffers freed, free Heap: 48040 bytes
1785926877.187|[I][webradio] audio_info: Connect to new host: "http://stream.slam.nl/WEB15_MP3"
1785926877.218|[D][chrome] drawVolume pct=100 keyframe=4
1785926877.221|[D][chrome] drawVolume pct=100 keyframe=4
1785926877.248|[W][perf] iter=82ms (worst path so far: app.tick:312ms)
1785926883.629|[I][webradio] audio_info: Request http://stream.slam.nl/WEB15_MP3 failed!
1785926883.632|[W][webradio] connecttohost failed idx=0
1785926883.638|[W][webradio] auto-skip exhausted — no playable station
1785926883.642|[D][webradio] ICY:
1785926883.645|[I][spotify.tls] tls yield — resumed
1785926883.674|[D][chrome] drawVolume pct=100 keyframe=4
1785926883.678|[D][chrome] drawVolume pct=100 keyframe=4
1785926883.703|[W][perf] iter=74ms (worst path so far: wr.connect:6465ms)
1785926889.290|[I][hb] display=winamp wifi=rssi(-51) disc=1 heap=46k maxAlloc=41k stack_hwm=12876b uptime=00:07:34 poll=0/0 last=0 block_max=0ms loop_max=314ms slow=wr.connect:6465ms last_poll_age_ms=0 next_poll_in_ms=5000 last_render_age_ms=5596 build=Aug  5 2026-11:39
1785926906.849|[I][webradio] terminal retry — re-arming scan idx=0
1785926906.857|[I][webradio] play idx=0 name=INJECTED url=http://stream.slam.nl/WEB15_MP3
1785926907.147|[I][spotify.tls] tls yield — client stopped
1785926907.152|[membudget] TASK-267 _play pre-acquire lfbInt=42996 freeInt=48040
1785926907.157|[I][webradio] HEAP pre-connect free=48040 min=43380 maxAlloc=42996
1785926907.165|[membudget] CP1-pre-connect skip=0 freeInt=48040 lfbInt=42996 freeDma=4896 lfbDma=2292
1785926907.170|[W][perf] iter=320ms (worst path so far: app.tick:318ms)
1785926907.184|[I][webradio] audio_info: buffers freed, free Heap: 48040 bytes
1785926907.194|[I][webradio] audio_info: Connect to new host: "http://stream.slam.nl/WEB15_MP3"
1785926907.223|[D][chrome] drawVolume pct=100 keyframe=4
1785926907.228|[D][chrome] drawVolume pct=100 keyframe=4
1785926907.253|[W][perf] iter=82ms (worst path so far: app.tick:318ms)
1785926913.629|[I][webradio] audio_info: Request http://stream.slam.nl/WEB15_MP3 failed!
1785926913.632|[W][webradio] connecttohost failed idx=0
1785926913.637|[W][webradio] auto-skip exhausted — no playable station
1785926913.640|[I][spotify.tls] tls yield — resumed
1785926913.644|[D][webradio] ICY:
1785926913.674|[D][chrome] drawVolume pct=100 keyframe=4
1785926913.678|[D][chrome] drawVolume pct=100 keyframe=4
1785926913.702|[W][perf] iter=74ms (worst path so far: wr.connect:6459ms)
1785926919.290|[I][hb] display=winamp wifi=rssi(-50) disc=1 heap=46k maxAlloc=41k stack_hwm=12876b uptime=00:08:04 poll=0/0 last=0 block_max=0ms loop_max=320ms slow=wr.connect:6459ms last_poll_age_ms=0 next_poll_in_ms=5000 last_render_age_ms=5596 build=Aug  5 2026-11:39
1785926936.849|[I][webradio] terminal retry — re-arming scan idx=0
1785926936.856|[I][webradio] play idx=0 name=INJECTED url=http://stream.slam.nl/WEB15_MP3
1785926937.140|[I][spotify.tls] tls yield — client stopped
1785926937.145|[membudget] TASK-267 _play pre-acquire lfbInt=42996 freeInt=48040
1785926937.151|[I][webradio] HEAP pre-connect free=48040 min=43380 maxAlloc=42996
1785926937.159|[membudget] CP1-pre-connect skip=0 freeInt=48040 lfbInt=42996 freeDma=4896 lfbDma=2292
1785926937.164|[W][perf] iter=314ms (worst path so far: app.tick:312ms)
1785926937.178|[I][webradio] audio_info: buffers freed, free Heap: 48040 bytes
1785926937.187|[I][webradio] audio_info: Connect to new host: "http://stream.slam.nl/WEB15_MP3"
1785926937.217|[D][chrome] drawVolume pct=100 keyframe=4
1785926937.221|[D][chrome] drawVolume pct=100 keyframe=4
1785926937.246|[W][perf] iter=82ms (worst path so far: app.tick:312ms)
1785926943.629|[I][webradio] audio_info: Request http://stream.slam.nl/WEB15_MP3 failed!
1785926943.631|[W][webradio] connecttohost failed idx=0
1785926943.637|[W][webradio] auto-skip exhausted — no playable station
1785926943.641|[D][webradio] ICY:
1785926943.644|[I][spotify.tls] tls yield — resumed
1785926943.674|[D][chrome] drawVolume pct=100 keyframe=4
1785926943.677|[D][chrome] drawVolume pct=100 keyframe=4
1785926943.702|[W][perf] iter=74ms (worst path so far: wr.connect:6465ms)
1785926949.289|[I][hb] display=winamp wifi=rssi(-52) disc=1 heap=46k maxAlloc=41k stack_hwm=12876b uptime=00:08:34 poll=0/0 last=0 block_max=0ms loop_max=314ms slow=wr.connect:6465ms last_poll_age_ms=0 next_poll_in_ms=5000 last_render_age_ms=5596 build=Aug  5 2026-11:39
1785926966.848|[I][webradio] terminal retry — re-arming scan idx=0
1785926966.855|[I][webradio] play idx=0 name=INJECTED url=http://stream.slam.nl/WEB15_MP3
1785926967.145|[I][spotify.tls] tls yield — client stopped
1785926967.150|[membudget] TASK-267 _play pre-acquire lfbInt=42996 freeInt=48040
1785926967.156|[I][webradio] HEAP pre-connect free=48040 min=43380 maxAlloc=42996
1785926967.164|[membudget] CP1-pre-connect skip=0 freeInt=48040 lfbInt=42996 freeDma=4896 lfbDma=2292
1785926967.169|[W][perf] iter=320ms (worst path so far: app.tick:318ms)
1785926967.183|[I][webradio] audio_info: buffers freed, free Heap: 48040 bytes
1785926967.192|[I][webradio] audio_info: Connect to new host: "http://stream.slam.nl/WEB15_MP3"
1785926967.222|[D][chrome] drawVolume pct=100 keyframe=4
1785926967.226|[D][chrome] drawVolume pct=100 keyframe=4
1785926967.251|[W][perf] iter=82ms (worst path so far: app.tick:318ms)
1785926973.628|[I][webradio] audio_info: Request http://stream.slam.nl/WEB15_MP3 failed!
1785926973.631|[W][webradio] connecttohost failed idx=0
1785926973.636|[W][webradio] auto-skip exhausted — no playable station
1785926973.639|[I][spotify.tls] tls yield — resumed
1785926973.642|[D][webradio] ICY:
1785926973.673|[D][chrome] drawVolume pct=100 keyframe=4
1785926973.676|[D][chrome] drawVolume pct=100 keyframe=4
1785926973.701|[W][perf] iter=74ms (worst path so far: wr.connect:6459ms)
1785926979.289|[I][hb] display=winamp wifi=rssi(-52) disc=1 heap=46k maxAlloc=41k stack_hwm=12876b uptime=00:09:04 poll=0/0 last=0 block_max=0ms loop_max=320ms slow=wr.connect:6459ms last_poll_age_ms=0 next_poll_in_ms=5000 last_render_age_ms=5596 build=Aug  5 2026-11:39
1785926996.848|[I][webradio] terminal retry — re-arming scan idx=0
1785926996.855|[I][webradio] play idx=0 name=INJECTED url=http://stream.slam.nl/WEB15_MP3
1785926997.138|[I][spotify.tls] tls yield — client stopped
1785926997.145|[membudget] TASK-267 _play pre-acquire lfbInt=42996 freeInt=48072
1785926997.150|[I][webradio] HEAP pre-connect free=48072 min=43380 maxAlloc=42996
1785926997.159|[membudget] CP1-pre-connect skip=0 freeInt=48072 lfbInt=42996 freeDma=4928 lfbDma=2292
1785926997.163|[W][perf] iter=314ms (worst path so far: app.tick:312ms)
1785926997.177|[I][webradio] audio_info: buffers freed, free Heap: 48072 bytes
1785926997.186|[I][webradio] audio_info: Connect to new host: "http://stream.slam.nl/WEB15_MP3"
1785926997.216|[D][chrome] drawVolume pct=100 keyframe=4
1785926997.220|[D][chrome] drawVolume pct=100 keyframe=4
1785926997.245|[W][perf] iter=82ms (worst path so far: app.tick:312ms)
1785927004.194|[I][webradio] audio_info: Request http://stream.slam.nl/WEB15_MP3 failed!
1785927004.197|[W][webradio] connecttohost failed idx=0
1785927004.203|[W][webradio] auto-skip exhausted — no playable station
1785927004.206|[I][spotify.tls] tls yield — resumed
1785927004.208|[D][webradio] ICY:
1785927004.242|[D][chrome] drawVolume pct=100 keyframe=4
1785927004.245|[D][chrome] drawVolume pct=100 keyframe=4
1785927004.269|[W][perf] iter=76ms (worst path so far: wr.connect:7031ms)
1785927009.288|[I][hb] display=winamp wifi=rssi(-52) disc=1 heap=46k maxAlloc=41k stack_hwm=12876b uptime=00:09:34 poll=0/0 last=0 block_max=0ms loop_max=314ms slow=wr.connect:7031ms last_poll_age_ms=0 next_poll_in_ms=5000 last_render_age_ms=5028 build=Aug  5 2026-11:39
1785927026.847|[I][webradio] terminal retry — re-arming scan idx=0
1785927026.855|[I][webradio] play idx=0 name=INJECTED url=http://stream.slam.nl/WEB15_MP3
1785927027.203|[I][spotify.tls] tls yield — client stopped
1785927027.209|[membudget] TASK-267 _play pre-acquire lfbInt=42996 freeInt=48072
1785927027.214|[I][webradio] HEAP pre-connect free=48072 min=43380 maxAlloc=42996
1785927027.222|[membudget] CP1-pre-connect skip=0 freeInt=48072 lfbInt=42996 freeDma=4928 lfbDma=2292
1785927027.227|[W][perf] iter=380ms (worst path so far: app.tick:377ms)
1785927027.242|[I][webradio] audio_info: buffers freed, free Heap: 48072 bytes
1785927027.251|[I][webradio] audio_info: Connect to new host: "http://stream.slam.nl/WEB15_MP3"
1785927027.282|[D][chrome] drawVolume pct=100 keyframe=4
1785927027.286|[D][chrome] drawVolume pct=100 keyframe=4
1785927027.312|[W][perf] iter=84ms (worst path so far: app.tick:377ms)
1785927034.259|[I][webradio] audio_info: Request http://stream.slam.nl/WEB15_MP3 failed!
1785927034.261|[W][webradio] connecttohost failed idx=0
1785927034.267|[W][webradio] auto-skip exhausted — no playable station
1785927034.270|[I][spotify.tls] tls yield — resumed
1785927034.272|[D][webradio] ICY:
1785927034.305|[D][chrome] drawVolume pct=100 keyframe=4
1785927034.309|[D][chrome] drawVolume pct=100 keyframe=4
1785927034.333|[W][perf] iter=76ms (worst path so far: wr.connect:7029ms)
1785927039.288|[I][hb] display=winamp wifi=rssi(-50) disc=1 heap=46k maxAlloc=41k stack_hwm=12876b uptime=00:10:04 poll=0/0 last=0 block_max=0ms loop_max=380ms slow=wr.connect:7029ms last_poll_age_ms=0 next_poll_in_ms=5000 last_render_age_ms=4963 build=Aug  5 2026-11:39
1785927049.357|{"ok":true,"cmd":"get","var":"wrState","state":5,"last":true}
1785927049.367|{"ok":true,"cmd":"get","var":"wrIdx","idx":0,"last":true}
1785927056.848|[I][webradio] terminal retry — re-arming scan idx=0
1785927056.855|[I][webradio] play idx=0 name=INJECTED url=http://stream.slam.nl/WEB15_MP3
1785927057.272|[I][spotify.tls] tls yield — client stopped
1785927057.277|[membudget] TASK-267 _play pre-acquire lfbInt=42996 freeInt=48072
1785927057.282|[I][webradio] HEAP pre-connect free=48072 min=43380 maxAlloc=42996
1785927057.291|[membudget] CP1-pre-connect skip=0 freeInt=48072 lfbInt=42996 freeDma=4928 lfbDma=2292
1785927057.295|[W][perf] iter=448ms (worst path so far: app.tick:445ms)
1785927057.312|[I][webradio] audio_info: buffers freed, free Heap: 48072 bytes
1785927057.320|[I][webradio] audio_info: Connect to new host: "http://stream.slam.nl/WEB15_MP3"
1785927057.351|[D][chrome] drawVolume pct=100 keyframe=4
1785927057.354|[D][chrome] drawVolume pct=100 keyframe=4
1785927057.380|[W][perf] iter=84ms (worst path so far: app.tick:445ms)
1785927064.326|[I][webradio] audio_info: Request http://stream.slam.nl/WEB15_MP3 failed!
1785927064.329|[W][webradio] connecttohost failed idx=0
1785927064.335|[W][webradio] auto-skip exhausted — no playable station
1785927064.338|[I][spotify.tls] tls yield — resumed
1785927064.340|[D][webradio] ICY:
1785927064.373|[D][chrome] drawVolume pct=100 keyframe=4
1785927064.377|[D][chrome] drawVolume pct=100 keyframe=4
1785927064.403|[W][perf] iter=76ms (worst path so far: wr.connect:7029ms)
1785927069.288|[I][hb] display=winamp wifi=rssi(-51) disc=1 heap=46k maxAlloc=41k stack_hwm=12876b uptime=00:10:34 poll=0/0 last=0 block_max=0ms loop_max=448ms slow=wr.connect:7029ms last_poll_age_ms=0 next_poll_in_ms=5000 last_render_age_ms=4894 build=Aug  5 2026-11:39
1785927086.847|[I][webradio] terminal retry — re-arming scan idx=0
1785927086.854|[I][webradio] play idx=0 name=INJECTED url=http://stream.slam.nl/WEB15_MP3
1785927087.339|[I][spotify.tls] tls yield — client stopped
1785927087.345|[membudget] TASK-267 _play pre-acquire lfbInt=42996 freeInt=48072
1785927087.350|[I][webradio] HEAP pre-connect free=48072 min=43380 maxAlloc=42996
1785927087.359|[membudget] CP1-pre-connect skip=0 freeInt=48072 lfbInt=42996 freeDma=4928 lfbDma=2292
1785927087.363|[W][perf] iter=514ms (worst path so far: app.tick:513ms)
1785927087.377|[I][webradio] audio_info: buffers freed, free Heap: 48072 bytes
1785927087.386|[I][webradio] audio_info: Connect to new host: "http://stream.slam.nl/WEB15_MP3"
1785927087.417|[D][chrome] drawVolume pct=100 keyframe=4
1785927087.421|[D][chrome] drawVolume pct=100 keyframe=4
1785927087.446|[W][perf] iter=82ms (worst path so far: app.tick:513ms)
1785927094.393|[I][webradio] audio_info: Request http://stream.slam.nl/WEB15_MP3 failed!
1785927094.397|[W][webradio] connecttohost failed idx=0
1785927094.401|[W][webradio] auto-skip exhausted — no playable station
1785927094.404|[I][spotify.tls] tls yield — resumed
1785927094.407|[D][webradio] ICY:
1785927094.441|[D][chrome] drawVolume pct=100 keyframe=4
1785927094.444|[D][chrome] drawVolume pct=100 keyframe=4
1785927094.468|[W][perf] iter=76ms (worst path so far: wr.connect:7030ms)
1785927099.286|[I][hb] display=winamp wifi=rssi(-49) disc=1 heap=46k maxAlloc=41k stack_hwm=12876b uptime=00:11:04 poll=0/0 last=0 block_max=0ms loop_max=514ms slow=wr.connect:7030ms last_poll_age_ms=0 next_poll_in_ms=5000 last_render_age_ms=4827 build=Aug  5 2026-11:39
1785927116.847|[I][webradio] terminal retry — re-arming scan idx=0
1785927116.855|[I][webradio] play idx=0 name=INJECTED url=http://stream.slam.nl/WEB15_MP3
1785927116.905|[I][spotify.tls] tls yield — client stopped
1785927116.911|[membudget] TASK-267 _play pre-acquire lfbInt=42996 freeInt=48072
1785927116.917|[I][webradio] HEAP pre-connect free=48072 min=43380 maxAlloc=42996
1785927116.925|[membudget] CP1-pre-connect skip=0 freeInt=48072 lfbInt=42996 freeDma=4928 lfbDma=2292
1785927116.929|[W][perf] iter=82ms (worst path so far: app.tick:79ms)
1785927116.944|[I][webradio] audio_info: buffers freed, free Heap: 48072 bytes
1785927116.953|[I][webradio] audio_info: Connect to new host: "http://stream.slam.nl/WEB15_MP3"
1785927116.983|[D][chrome] drawVolume pct=100 keyframe=4
1785927116.987|[D][chrome] drawVolume pct=100 keyframe=4
1785927117.013|[W][perf] iter=82ms (worst path so far: app.tick:79ms)
1785927123.960|[I][webradio] audio_info: Request http://stream.slam.nl/WEB15_MP3 failed!
1785927123.963|[W][webradio] connecttohost failed idx=0
1785927123.968|[W][webradio] auto-skip exhausted — no playable station
1785927123.971|[I][spotify.tls] tls yield — resumed
1785927123.974|[D][webradio] ICY:
1785927124.006|[D][chrome] drawVolume pct=100 keyframe=4
1785927124.010|[D][chrome] drawVolume pct=100 keyframe=4
1785927124.035|[W][perf] iter=76ms (worst path so far: wr.connect:7030ms)
1785927129.287|[I][hb] display=winamp wifi=rssi(-51) disc=1 heap=46k maxAlloc=41k stack_hwm=12876b uptime=00:11:34 poll=0/0 last=0 block_max=0ms loop_max=82ms slow=wr.connect:7030ms last_poll_age_ms=0 next_poll_in_ms=5000 last_render_age_ms=5260 build=Aug  5 2026-11:39:
1785927146.848|[I][webradio] terminal retry — re-arming scan idx=0
1785927146.856|[I][webradio] play idx=0 name=INJECTED url=http://stream.slam.nl/WEB15_MP3
1785927146.972|[I][spotify.tls] tls yield — client stopped
1785927146.977|[membudget] TASK-267 _play pre-acquire lfbInt=42996 freeInt=48072
1785927146.983|[I][webradio] HEAP pre-connect free=48072 min=43380 maxAlloc=42996
1785927146.991|[membudget] CP1-pre-connect skip=0 freeInt=48072 lfbInt=42996 freeDma=4928 lfbDma=2292
1785927146.996|[W][perf] iter=148ms (worst path so far: app.tick:145ms)
1785927147.012|[I][webradio] audio_info: buffers freed, free Heap: 48072 bytes
1785927147.019|[I][webradio] audio_info: Connect to new host: "http://stream.slam.nl/WEB15_MP3"
1785927147.050|[D][chrome] drawVolume pct=100 keyframe=4
1785927147.053|[D][chrome] drawVolume pct=100 keyframe=4
1785927147.078|[W][perf] iter=82ms (worst path so far: app.tick:145ms)
1785927154.026|[I][webradio] audio_info: Request http://stream.slam.nl/WEB15_MP3 failed!
1785927154.029|[W][webradio] connecttohost failed idx=0
1785927154.035|[W][webradio] auto-skip exhausted — no playable station
1785927154.038|[I][spotify.tls] tls yield — resumed
1785927154.040|[D][webradio] ICY:
1785927154.073|[D][chrome] drawVolume pct=100 keyframe=4
1785927154.077|[D][chrome] drawVolume pct=100 keyframe=4
1785927154.101|[W][perf] iter=76ms (worst path so far: wr.connect:7030ms)
1785927159.286|[I][hb] display=winamp wifi=rssi(-51) disc=1 heap=46k maxAlloc=41k stack_hwm=12876b uptime=00:12:04 poll=0/0 last=0 block_max=0ms loop_max=148ms slow=wr.connect:7030ms last_poll_age_ms=0 next_poll_in_ms=5000 last_render_age_ms=5193 build=Aug  5 2026-11:39
1785927176.847|[I][webradio] terminal retry — re-arming scan idx=0
1785927176.855|[I][webradio] play idx=0 name=INJECTED url=http://stream.slam.nl/WEB15_MP3
1785927177.038|[I][spotify.tls] tls yield — client stopped
1785927177.044|[membudget] TASK-267 _play pre-acquire lfbInt=42996 freeInt=48072
1785927177.050|[I][webradio] HEAP pre-connect free=48072 min=43380 maxAlloc=42996
1785927177.058|[membudget] CP1-pre-connect skip=0 freeInt=48072 lfbInt=42996 freeDma=4928 lfbDma=2292
1785927177.063|[W][perf] iter=214ms (worst path so far: app.tick:212ms)
1785927177.077|[I][webradio] audio_info: buffers freed, free Heap: 48072 bytes
1785927177.086|[I][webradio] audio_info: Connect to new host: "http://stream.slam.nl/WEB15_MP3"
1785927177.116|[D][chrome] drawVolume pct=100 keyframe=4
1785927177.120|[D][chrome] drawVolume pct=100 keyframe=4
1785927177.146|[W][perf] iter=83ms (worst path so far: app.tick:212ms)
1785927184.093|[I][webradio] audio_info: Request http://stream.slam.nl/WEB15_MP3 failed!
1785927184.095|[W][webradio] connecttohost failed idx=0
1785927184.101|[W][webradio] auto-skip exhausted — no playable station
1785927184.104|[I][spotify.tls] tls yield — resumed
1785927184.106|[D][webradio] ICY:
1785927184.140|[D][chrome] drawVolume pct=100 keyframe=4
1785927184.143|[D][chrome] drawVolume pct=100 keyframe=4
1785927184.168|[W][perf] iter=76ms (worst path so far: wr.connect:7030ms)
1785927189.285|[I][hb] display=winamp wifi=rssi(-50) disc=1 heap=46k maxAlloc=41k stack_hwm=12876b uptime=00:12:34 poll=0/0 last=0 block_max=0ms loop_max=214ms slow=wr.connect:7030ms last_poll_age_ms=0 next_poll_in_ms=5000 last_render_age_ms=5126 build=Aug  5 2026-11:39
1785927206.847|[I][webradio] terminal retry — re-arming scan idx=0
1785927206.854|[I][webradio] play idx=0 name=INJECTED url=http://stream.slam.nl/WEB15_MP3
1785927207.105|[I][spotify.tls] tls yield — client stopped
1785927207.110|[membudget] TASK-267 _play pre-acquire lfbInt=42996 freeInt=48072
1785927207.116|[I][webradio] HEAP pre-connect free=48072 min=43380 maxAlloc=42996
1785927207.124|[membudget] CP1-pre-connect skip=0 freeInt=48072 lfbInt=42996 freeDma=4928 lfbDma=2292
1785927207.129|[W][perf] iter=281ms (worst path so far: app.tick:279ms)
1785927207.143|[I][webradio] audio_info: buffers freed, free Heap: 48072 bytes
1785927207.152|[I][webradio] audio_info: Connect to new host: "http://stream.slam.nl/WEB15_MP3"
1785927207.183|[D][chrome] drawVolume pct=100 keyframe=4
1785927207.186|[D][chrome] drawVolume pct=100 keyframe=4
1785927207.211|[W][perf] iter=83ms (worst path so far: app.tick:279ms)
1785927214.159|[I][webradio] audio_info: Request http://stream.slam.nl/WEB15_MP3 failed!
1785927214.162|[W][webradio] connecttohost failed idx=0
1785927214.168|[W][webradio] auto-skip exhausted — no playable station
1785927214.171|[I][spotify.tls] tls yield — resumed
1785927214.173|[D][webradio] ICY:
1785927214.206|[D][chrome] drawVolume pct=100 keyframe=4
1785927214.210|[D][chrome] drawVolume pct=100 keyframe=4
1785927214.235|[W][perf] iter=76ms (worst path so far: wr.connect:7030ms)
1785927219.285|[I][hb] display=winamp wifi=rssi(-50) disc=1 heap=46k maxAlloc=41k stack_hwm=12876b uptime=00:13:04 poll=0/0 last=0 block_max=0ms loop_max=281ms slow=wr.connect:7030ms last_poll_age_ms=0 next_poll_in_ms=5000 last_render_age_ms=5059 build=Aug  5 2026-11:39
1785927236.848|[I][webradio] terminal retry — re-arming scan idx=0
1785927236.855|[I][webradio] play idx=0 name=INJECTED url=http://stream.slam.nl/WEB15_MP3
1785927237.171|[I][spotify.tls] tls yield — client stopped
1785927237.177|[membudget] TASK-267 _play pre-acquire lfbInt=42996 freeInt=48072
1785927237.182|[I][webradio] HEAP pre-connect free=48072 min=43380 maxAlloc=42996
1785927237.191|[membudget] CP1-pre-connect skip=0 freeInt=48072 lfbInt=42996 freeDma=4928 lfbDma=2292
1785927237.196|[W][perf] iter=348ms (worst path so far: app.tick:345ms)
1785927237.210|[I][webradio] audio_info: buffers freed, free Heap: 48072 bytes
1785927237.219|[I][webradio] audio_info: Connect to new host: "http://stream.slam.nl/WEB15_MP3"
1785927237.249|[D][chrome] drawVolume pct=100 keyframe=4
1785927237.253|[D][chrome] drawVolume pct=100 keyframe=4
1785927237.279|[W][perf] iter=82ms (worst path so far: app.tick:345ms)
1785927244.226|[I][webradio] audio_info: Request http://stream.slam.nl/WEB15_MP3 failed!
1785927244.229|[W][webradio] connecttohost failed idx=0
1785927244.235|[W][webradio] auto-skip exhausted — no playable station
1785927244.237|[I][spotify.tls] tls yield — resumed
1785927244.239|[D][webradio] ICY:
1785927244.272|[D][chrome] drawVolume pct=100 keyframe=4
1785927244.276|[D][chrome] drawVolume pct=100 keyframe=4
1785927244.301|[W][perf] iter=76ms (worst path so far: wr.connect:7030ms)
1785927249.284|[I][hb] display=winamp wifi=rssi(-51) disc=1 heap=46k maxAlloc=41k stack_hwm=12876b uptime=00:13:34 poll=0/0 last=0 block_max=0ms loop_max=348ms slow=wr.connect:7030ms last_poll_age_ms=0 next_poll_in_ms=5000 last_render_age_ms=4992 build=Aug  5 2026-11:39
1785927266.848|[I][webradio] terminal retry — re-arming scan idx=0
1785927266.855|[I][webradio] play idx=0 name=INJECTED url=http://stream.slam.nl/WEB15_MP3
1785927267.238|[I][spotify.tls] tls yield — client stopped
1785927267.244|[membudget] TASK-267 _play pre-acquire lfbInt=42996 freeInt=48072
1785927267.249|[I][webradio] HEAP pre-connect free=48072 min=43380 maxAlloc=42996
1785927267.258|[membudget] CP1-pre-connect skip=0 freeInt=48072 lfbInt=42996 freeDma=4928 lfbDma=2292
1785927267.263|[W][perf] iter=414ms (worst path so far: app.tick:412ms)
1785927267.276|[I][webradio] audio_info: buffers freed, free Heap: 48072 bytes
1785927267.285|[I][webradio] audio_info: Connect to new host: "http://stream.slam.nl/WEB15_MP3"
1785927267.316|[D][chrome] drawVolume pct=100 keyframe=4
1785927267.320|[D][chrome] drawVolume pct=100 keyframe=4
1785927267.345|[W][perf] iter=83ms (worst path so far: app.tick:412ms)
1785927274.292|[I][webradio] audio_info: Request http://stream.slam.nl/WEB15_MP3 failed!
1785927274.295|[W][webradio] connecttohost failed idx=0
1785927274.301|[W][webradio] auto-skip exhausted — no playable station
1785927274.303|[I][spotify.tls] tls yield — resumed
1785927274.306|[D][webradio] ICY:
1785927274.339|[D][chrome] drawVolume pct=100 keyframe=4
1785927274.343|[D][chrome] drawVolume pct=100 keyframe=4
1785927274.368|[W][perf] iter=76ms (worst path so far: wr.connect:7030ms)
1785927279.284|[I][hb] display=winamp wifi=rssi(-50) disc=1 heap=46k maxAlloc=41k stack_hwm=12876b uptime=00:14:04 poll=0/0 last=0 block_max=0ms loop_max=414ms slow=wr.connect:7030ms last_poll_age_ms=0 next_poll_in_ms=5000 last_render_age_ms=4925 build=Aug  5 2026-11:39
1785927296.847|[I][webradio] terminal retry — re-arming scan idx=0
1785927296.854|[I][webradio] play idx=0 name=INJECTED url=http://stream.slam.nl/WEB15_MP3
1785927297.305|[I][spotify.tls] tls yield — client stopped
1785927297.310|[membudget] TASK-267 _play pre-acquire lfbInt=42996 freeInt=48072
1785927297.316|[I][webradio] HEAP pre-connect free=48072 min=43380 maxAlloc=42996
1785927297.325|[membudget] CP1-pre-connect skip=0 freeInt=48072 lfbInt=42996 freeDma=4928 lfbDma=2292
1785927297.329|[W][perf] iter=481ms (worst path so far: app.tick:479ms)
1785927297.343|[I][webradio] audio_info: buffers freed, free Heap: 48072 bytes
1785927297.351|[I][webradio] audio_info: Connect to new host: "http://stream.slam.nl/WEB15_MP3"
1785927297.382|[D][chrome] drawVolume pct=100 keyframe=4
1785927297.386|[D][chrome] drawVolume pct=100 keyframe=4
1785927297.411|[W][perf] iter=82ms (worst path so far: app.tick:479ms)
1785927304.359|[I][webradio] audio_info: Request http://stream.slam.nl/WEB15_MP3 failed!
1785927304.362|[W][webradio] connecttohost failed idx=0
1785927304.367|[W][webradio] auto-skip exhausted — no playable station
1785927304.370|[I][spotify.tls] tls yield — resumed
1785927304.373|[D][webradio] ICY:
1785927304.405|[D][chrome] drawVolume pct=100 keyframe=4
1785927304.409|[D][chrome] drawVolume pct=100 keyframe=4
1785927304.434|[W][perf] iter=76ms (worst path so far: wr.connect:7030ms)
1785927309.283|[I][hb] display=winamp wifi=rssi(-53) disc=1 heap=46k maxAlloc=41k stack_hwm=12876b uptime=00:14:34 poll=0/0 last=0 block_max=0ms loop_max=481ms slow=wr.connect:7030ms last_poll_age_ms=0 next_poll_in_ms=5000 last_render_age_ms=4858 build=Aug  5 2026-11:39
1785927326.847|[I][webradio] terminal retry — re-arming scan idx=0
1785927326.854|[I][webradio] play idx=0 name=INJECTED url=http://stream.slam.nl/WEB15_MP3
1785927326.871|[I][spotify.tls] tls yield — client stopped
1785927326.877|[membudget] TASK-267 _play pre-acquire lfbInt=42996 freeInt=48072
1785927326.883|[I][webradio] HEAP pre-connect free=48072 min=43380 maxAlloc=42996
1785927326.891|[membudget] CP1-pre-connect skip=0 freeInt=48072 lfbInt=42996 freeDma=4928 lfbDma=2292
1785927326.910|[I][webradio] audio_info: buffers freed, free Heap: 48072 bytes
1785927326.919|[I][webradio] audio_info: Connect to new host: "http://stream.slam.nl/WEB15_MP3"
1785927326.949|[D][chrome] drawVolume pct=100 keyframe=4
1785927326.953|[D][chrome] drawVolume pct=100 keyframe=4
1785927326.978|[W][perf] iter=83ms (worst path so far: app.tick:66ms)
1785927333.925|[I][webradio] audio_info: Request http://stream.slam.nl/WEB15_MP3 failed!
1785927333.929|[W][webradio] connecttohost failed idx=0
1785927333.933|[W][webradio] auto-skip exhausted — no playable station
1785927333.936|[I][spotify.tls] tls yield — resumed
1785927333.939|[D][webradio] ICY:
1785927333.972|[D][chrome] drawVolume pct=100 keyframe=4
1785927333.976|[D][chrome] drawVolume pct=100 keyframe=4
1785927334.000|[W][perf] iter=76ms (worst path so far: wr.connect:7029ms)
1785927339.283|[I][hb] display=winamp wifi=rssi(-54) disc=1 heap=46k maxAlloc=41k stack_hwm=12876b uptime=00:15:04 poll=0/0 last=0 block_max=0ms loop_max=83ms slow=wr.connect:7029ms last_poll_age_ms=0 next_poll_in_ms=5000 last_render_age_ms=5291 build=Aug  5 2026-11:39:
1785927349.433|{"ok":true,"cmd":"get","var":"wrState","state":5,"last":true}
1785927349.444|{"ok":true,"cmd":"get","var":"wrIdx","idx":0,"last":true}
1785927356.846|[I][webradio] terminal retry — re-arming scan idx=0
1785927356.855|[I][webradio] play idx=0 name=INJECTED url=http://stream.slam.nl/WEB15_MP3
1785927356.938|[I][spotify.tls] tls yield — client stopped
1785927356.943|[membudget] TASK-267 _play pre-acquire lfbInt=42996 freeInt=48072
1785927356.949|[I][webradio] HEAP pre-connect free=48072 min=43380 maxAlloc=42996
1785927356.958|[membudget] CP1-pre-connect skip=0 freeInt=48072 lfbInt=42996 freeDma=4928 lfbDma=2292
1785927356.962|[W][perf] iter=115ms (worst path so far: app.tick:113ms)
1785927356.976|[I][webradio] audio_info: buffers freed, free Heap: 48072 bytes
1785927356.985|[I][webradio] audio_info: Connect to new host: "http://stream.slam.nl/WEB15_MP3"
1785927357.016|[D][chrome] drawVolume pct=100 keyframe=4
1785927357.020|[D][chrome] drawVolume pct=100 keyframe=4
1785927357.044|[W][perf] iter=83ms (worst path so far: app.tick:113ms)
1785927363.992|[I][webradio] audio_info: Request http://stream.slam.nl/WEB15_MP3 failed!
1785927363.995|[W][webradio] connecttohost failed idx=0
1785927364.000|[W][webradio] auto-skip exhausted — no playable station
1785927364.003|[I][spotify.tls] tls yield — resumed
1785927364.005|[D][webradio] ICY:
1785927364.038|[D][chrome] drawVolume pct=100 keyframe=4
1785927364.042|[D][chrome] drawVolume pct=100 keyframe=4
1785927364.067|[W][perf] iter=76ms (worst path so far: wr.connect:7030ms)
1785927369.282|[I][hb] display=winamp wifi=rssi(-54) disc=1 heap=46k maxAlloc=41k stack_hwm=12876b uptime=00:15:34 poll=0/0 last=0 block_max=0ms loop_max=115ms slow=wr.connect:7030ms last_poll_age_ms=0 next_poll_in_ms=5000 last_render_age_ms=5224 build=Aug  5 2026-11:39
1785927386.845|[I][webradio] terminal retry — re-arming scan idx=0
1785927386.853|[I][webradio] play idx=0 name=INJECTED url=http://stream.slam.nl/WEB15_MP3
1785927387.005|[I][spotify.tls] tls yield — client stopped
1785927387.010|[membudget] TASK-267 _play pre-acquire lfbInt=42996 freeInt=48072
1785927387.015|[I][webradio] HEAP pre-connect free=48072 min=43380 maxAlloc=42996
1785927387.023|[membudget] CP1-pre-connect skip=0 freeInt=48072 lfbInt=42996 freeDma=4928 lfbDma=2292
1785927387.029|[W][perf] iter=182ms (worst path so far: app.tick:180ms)
1785927387.042|[I][webradio] audio_info: buffers freed, free Heap: 48072 bytes
1785927387.052|[I][webradio] audio_info: Connect to new host: "http://stream.slam.nl/WEB15_MP3"
1785927387.081|[D][chrome] drawVolume pct=100 keyframe=4
1785927387.085|[D][chrome] drawVolume pct=100 keyframe=4
1785927387.110|[W][perf] iter=82ms (worst path so far: app.tick:180ms)
1785927394.058|[I][webradio] audio_info: Request http://stream.slam.nl/WEB15_MP3 failed!
1785927394.061|[W][webradio] connecttohost failed idx=0
1785927394.067|[W][webradio] auto-skip exhausted — no playable station
1785927394.070|[I][spotify.tls] tls yield — resumed
1785927394.072|[D][webradio] ICY:
1785927394.105|[D][chrome] drawVolume pct=100 keyframe=4
1785927394.109|[D][chrome] drawVolume pct=100 keyframe=4
1785927394.133|[W][perf] iter=76ms (worst path so far: wr.connect:7030ms)
1785927399.282|[I][hb] display=winamp wifi=rssi(-52) disc=1 heap=46k maxAlloc=41k stack_hwm=12876b uptime=00:16:04 poll=0/0 last=0 block_max=0ms loop_max=182ms slow=wr.connect:7030ms last_poll_age_ms=0 next_poll_in_ms=5000 last_render_age_ms=5157 build=Aug  5 2026-11:39
1785927416.845|[I][webradio] terminal retry — re-arming scan idx=0
1785927416.852|[I][webradio] play idx=0 name=INJECTED url=http://stream.slam.nl/WEB15_MP3
1785927417.070|[I][spotify.tls] tls yield — client stopped
1785927417.076|[membudget] TASK-267 _play pre-acquire lfbInt=42996 freeInt=48040
1785927417.082|[I][webradio] HEAP pre-connect free=48040 min=43380 maxAlloc=42996
1785927417.090|[membudget] CP1-pre-connect skip=0 freeInt=48040 lfbInt=42996 freeDma=4896 lfbDma=2292
1785927417.095|[W][perf] iter=250ms (worst path so far: app.tick:247ms)
1785927417.108|[I][webradio] audio_info: buffers freed, free Heap: 48040 bytes
1785927417.117|[I][webradio] audio_info: Connect to new host: "http://stream.slam.nl/WEB15_MP3"
1785927417.147|[D][chrome] drawVolume pct=100 keyframe=4
1785927417.151|[D][chrome] drawVolume pct=100 keyframe=4
1785927417.176|[W][perf] iter=81ms (worst path so far: app.tick:247ms)
1785927424.126|[I][webradio] audio_info: Request http://stream.slam.nl/WEB15_MP3 failed!
1785927424.129|[W][webradio] connecttohost failed idx=0
1785927424.134|[W][webradio] auto-skip exhausted — no playable station
1785927424.137|[I][spotify.tls] tls yield — resumed
1785927424.139|[D][webradio] ICY:
1785927424.172|[D][chrome] drawVolume pct=100 keyframe=4
1785927424.176|[D][chrome] drawVolume pct=100 keyframe=4
1785927424.201|[W][perf] iter=76ms (worst path so far: wr.connect:7031ms)
1785927429.281|[I][hb] display=winamp wifi=rssi(-51) disc=1 heap=46k maxAlloc=41k stack_hwm=12876b uptime=00:16:34 poll=0/0 last=0 block_max=0ms loop_max=250ms slow=wr.connect:7031ms last_poll_age_ms=0 next_poll_in_ms=5000 last_render_age_ms=5089 build=Aug  5 2026-11:39
1785927446.845|[I][webradio] terminal retry — re-arming scan idx=0
1785927446.852|[I][webradio] play idx=0 name=INJECTED url=http://stream.slam.nl/WEB15_MP3
1785927447.135|[I][spotify.tls] tls yield — client stopped
1785927447.140|[membudget] TASK-267 _play pre-acquire lfbInt=42996 freeInt=48072
1785927447.146|[I][webradio] HEAP pre-connect free=48072 min=43380 maxAlloc=42996
1785927447.155|[membudget] CP1-pre-connect skip=0 freeInt=48072 lfbInt=42996 freeDma=4928 lfbDma=2292
1785927447.159|[W][perf] iter=314ms (worst path so far: app.tick:312ms)
1785927447.175|[I][webradio] audio_info: buffers freed, free Heap: 48072 bytes
1785927447.184|[I][webradio] audio_info: Connect to new host: "http://stream.slam.nl/WEB15_MP3"
1785927447.214|[D][chrome] drawVolume pct=100 keyframe=4
1785927447.218|[D][chrome] drawVolume pct=100 keyframe=4
1785927447.243|[W][perf] iter=84ms (worst path so far: app.tick:312ms)
1785927454.191|[I][webradio] audio_info: Request http://stream.slam.nl/WEB15_MP3 failed!
1785927454.194|[W][webradio] connecttohost failed idx=0
1785927454.199|[W][webradio] auto-skip exhausted — no playable station
1785927454.202|[I][spotify.tls] tls yield — resumed
1785927454.205|[D][webradio] ICY:
1785927454.238|[D][chrome] drawVolume pct=100 keyframe=4
1785927454.241|[D][chrome] drawVolume pct=100 keyframe=4
1785927454.266|[W][perf] iter=77ms (worst path so far: wr.connect:7029ms)
1785927459.281|[I][hb] display=winamp wifi=rssi(-56) disc=1 heap=46k maxAlloc=41k stack_hwm=12876b uptime=00:17:04 poll=0/0 last=0 block_max=0ms loop_max=314ms slow=wr.connect:7029ms last_poll_age_ms=0 next_poll_in_ms=5000 last_render_age_ms=5023 build=Aug  5 2026-11:39
1785927476.844|[I][webradio] terminal retry — re-arming scan idx=0
1785927476.851|[I][webradio] play idx=0 name=INJECTED url=http://stream.slam.nl/WEB15_MP3
1785927477.201|[I][spotify.tls] tls yield — client stopped
1785927477.207|[membudget] TASK-267 _play pre-acquire lfbInt=42996 freeInt=48072
1785927477.212|[I][webradio] HEAP pre-connect free=48072 min=43380 maxAlloc=42996
1785927477.220|[membudget] CP1-pre-connect skip=0 freeInt=48072 lfbInt=42996 freeDma=4928 lfbDma=2292
1785927477.225|[W][perf] iter=380ms (worst path so far: app.tick:378ms)
1785927477.239|[I][webradio] audio_info: buffers freed, free Heap: 48072 bytes
1785927477.248|[I][webradio] audio_info: Connect to new host: "http://stream.slam.nl/WEB15_MP3"
1785927477.278|[D][chrome] drawVolume pct=100 keyframe=4
1785927477.282|[D][chrome] drawVolume pct=100 keyframe=4
1785927477.307|[W][perf] iter=82ms (worst path so far: app.tick:378ms)
1785927484.255|[I][webradio] audio_info: Request http://stream.slam.nl/WEB15_MP3 failed!
1785927484.258|[W][webradio] connecttohost failed idx=0
1785927484.263|[W][webradio] auto-skip exhausted — no playable station
1785927484.266|[I][spotify.tls] tls yield — resumed
1785927484.269|[D][webradio] ICY:
1785927484.301|[D][chrome] drawVolume pct=100 keyframe=4
1785927484.305|[D][chrome] drawVolume pct=100 keyframe=4
1785927484.330|[W][perf] iter=76ms (worst path so far: wr.connect:7030ms)
1785927489.280|[I][hb] display=winamp wifi=rssi(-51) disc=1 heap=46k maxAlloc=41k stack_hwm=12876b uptime=00:17:34 poll=0/0 last=0 block_max=0ms loop_max=380ms slow=wr.connect:7030ms last_poll_age_ms=0 next_poll_in_ms=5000 last_render_age_ms=4959 build=Aug  5 2026-11:39
1785927506.844|[I][webradio] terminal retry — re-arming scan idx=0
1785927506.851|[I][webradio] play idx=0 name=INJECTED url=http://stream.slam.nl/WEB15_MP3
1785927507.268|[I][spotify.tls] tls yield — client stopped
1785927507.273|[membudget] TASK-267 _play pre-acquire lfbInt=42996 freeInt=48072
1785927507.279|[I][webradio] HEAP pre-connect free=48072 min=43380 maxAlloc=42996
1785927507.287|[membudget] CP1-pre-connect skip=0 freeInt=48072 lfbInt=42996 freeDma=4928 lfbDma=2292
1785927507.292|[W][perf] iter=447ms (worst path so far: app.tick:445ms)
1785927507.305|[I][webradio] audio_info: buffers freed, free Heap: 48072 bytes
1785927507.314|[I][webradio] audio_info: Connect to new host: "http://stream.slam.nl/WEB15_MP3"
1785927507.345|[D][chrome] drawVolume pct=100 keyframe=4
1785927507.348|[D][chrome] drawVolume pct=100 keyframe=4
1785927507.374|[W][perf] iter=83ms (worst path so far: app.tick:445ms)
1785927514.321|[I][webradio] audio_info: Request http://stream.slam.nl/WEB15_MP3 failed!
1785927514.324|[W][webradio] connecttohost failed idx=0
1785927514.329|[W][webradio] auto-skip exhausted — no playable station
1785927514.332|[I][spotify.tls] tls yield — resumed
1785927514.335|[D][webradio] ICY:
1785927514.368|[D][chrome] drawVolume pct=100 keyframe=4
1785927514.372|[D][chrome] drawVolume pct=100 keyframe=4
1785927514.397|[W][perf] iter=76ms (worst path so far: wr.connect:7030ms)
1785927519.280|[I][hb] display=winamp wifi=rssi(-53) disc=1 heap=46k maxAlloc=41k stack_hwm=12876b uptime=00:18:04 poll=0/0 last=0 block_max=0ms loop_max=447ms slow=wr.connect:7030ms last_poll_age_ms=0 next_poll_in_ms=5000 last_render_age_ms=4892 build=Aug  5 2026-11:39
1785927536.843|[I][webradio] terminal retry — re-arming scan idx=0
1785927536.850|[I][webradio] play idx=0 name=INJECTED url=http://stream.slam.nl/WEB15_MP3
1785927537.334|[I][spotify.tls] tls yield — client stopped
1785927537.339|[membudget] TASK-267 _play pre-acquire lfbInt=42996 freeInt=48072
1785927537.345|[I][webradio] HEAP pre-connect free=48072 min=43380 maxAlloc=42996
1785927537.353|[membudget] CP1-pre-connect skip=0 freeInt=48072 lfbInt=42996 freeDma=4928 lfbDma=2292
1785927537.358|[W][perf] iter=513ms (worst path so far: app.tick:512ms)
1785927537.372|[I][webradio] audio_info: buffers freed, free Heap: 48072 bytes
1785927537.381|[I][webradio] audio_info: Connect to new host: "http://stream.slam.nl/WEB15_MP3"
1785927537.411|[D][chrome] drawVolume pct=100 keyframe=4
1785927537.415|[D][chrome] drawVolume pct=100 keyframe=4
1785927537.441|[W][perf] iter=82ms (worst path so far: app.tick:512ms)
1785927544.388|[I][webradio] audio_info: Request http://stream.slam.nl/WEB15_MP3 failed!
1785927544.391|[W][webradio] connecttohost failed idx=0
1785927544.396|[W][webradio] auto-skip exhausted — no playable station
1785927544.399|[I][spotify.tls] tls yield — resumed
1785927544.402|[D][webradio] ICY:
1785927544.436|[D][chrome] drawVolume pct=100 keyframe=4
1785927544.438|[D][chrome] drawVolume pct=100 keyframe=4
1785927544.464|[W][perf] iter=76ms (worst path so far: wr.connect:7030ms)
1785927549.279|[I][hb] display=winamp wifi=rssi(-51) disc=1 heap=46k maxAlloc=41k stack_hwm=12876b uptime=00:18:34 poll=0/0 last=0 block_max=0ms loop_max=513ms slow=wr.connect:7030ms last_poll_age_ms=0 next_poll_in_ms=5000 last_render_age_ms=4825 build=Aug  5 2026-11:39
1785927566.843|[I][webradio] terminal retry — re-arming scan idx=0
1785927566.850|[I][webradio] play idx=0 name=INJECTED url=http://stream.slam.nl/WEB15_MP3
1785927566.900|[I][spotify.tls] tls yield — client stopped
1785927566.906|[membudget] TASK-267 _play pre-acquire lfbInt=42996 freeInt=48072
1785927566.911|[I][webradio] HEAP pre-connect free=48072 min=43380 maxAlloc=42996
1785927566.920|[membudget] CP1-pre-connect skip=0 freeInt=48072 lfbInt=42996 freeDma=4928 lfbDma=2292
1785927566.925|[W][perf] iter=81ms (worst path so far: app.tick:79ms)
1785927566.939|[I][webradio] audio_info: buffers freed, free Heap: 48072 bytes
1785927566.947|[I][webradio] audio_info: Connect to new host: "http://stream.slam.nl/WEB15_MP3"
1785927566.978|[D][chrome] drawVolume pct=100 keyframe=4
1785927566.982|[D][chrome] drawVolume pct=100 keyframe=4
1785927567.007|[W][perf] iter=82ms (worst path so far: app.tick:79ms)
1785927573.955|[I][webradio] audio_info: Request http://stream.slam.nl/WEB15_MP3 failed!
1785927573.957|[W][webradio] connecttohost failed idx=0
1785927573.963|[W][webradio] auto-skip exhausted — no playable station
1785927573.966|[I][spotify.tls] tls yield — resumed
1785927573.969|[D][webradio] ICY:
1785927574.001|[D][chrome] drawVolume pct=100 keyframe=4
1785927574.005|[D][chrome] drawVolume pct=100 keyframe=4
1785927574.030|[W][perf] iter=76ms (worst path so far: wr.connect:7030ms)
1785927579.279|[I][hb] display=winamp wifi=rssi(-51) disc=1 heap=46k maxAlloc=41k stack_hwm=12876b uptime=00:19:04 poll=0/0 last=0 block_max=0ms loop_max=82ms slow=wr.connect:7030ms last_poll_age_ms=0 next_poll_in_ms=5000 last_render_age_ms=5258 build=Aug  5 2026-11:39:
1785927596.842|[I][webradio] terminal retry — re-arming scan idx=0
1785927596.850|[I][webradio] play idx=0 name=INJECTED url=http://stream.slam.nl/WEB15_MP3
1785927596.967|[I][spotify.tls] tls yield — client stopped
1785927596.973|[membudget] TASK-267 _play pre-acquire lfbInt=42996 freeInt=48072
1785927596.978|[I][webradio] HEAP pre-connect free=48072 min=43380 maxAlloc=42996
1785927596.986|[membudget] CP1-pre-connect skip=0 freeInt=48072 lfbInt=42996 freeDma=4928 lfbDma=2292
1785927596.991|[W][perf] iter=148ms (worst path so far: app.tick:146ms)
1785927597.005|[I][webradio] audio_info: buffers freed, free Heap: 48072 bytes
1785927597.014|[I][webradio] audio_info: Connect to new host: "http://stream.slam.nl/WEB15_MP3"
1785927597.044|[D][chrome] drawVolume pct=100 keyframe=4
1785927597.048|[D][chrome] drawVolume pct=100 keyframe=4
1785927597.073|[W][perf] iter=83ms (worst path so far: app.tick:146ms)
1785927604.021|[I][webradio] audio_info: Request http://stream.slam.nl/WEB15_MP3 failed!
1785927604.025|[W][webradio] connecttohost failed idx=0
1785927604.031|[W][webradio] auto-skip exhausted — no playable station
1785927604.034|[I][spotify.tls] tls yield — resumed
1785927604.035|[D][webradio] ICY:
1785927604.067|[D][chrome] drawVolume pct=100 keyframe=4
1785927604.071|[D][chrome] drawVolume pct=100 keyframe=4
1785927604.096|[W][perf] iter=76ms (worst path so far: wr.connect:7030ms)
1785927609.279|[I][hb] display=winamp wifi=rssi(-53) disc=1 heap=46k maxAlloc=41k stack_hwm=12876b uptime=00:19:34 poll=0/0 last=0 block_max=0ms loop_max=148ms slow=wr.connect:7030ms last_poll_age_ms=0 next_poll_in_ms=5000 last_render_age_ms=5191 build=Aug  5 2026-11:39
1785927626.841|[I][webradio] terminal retry — re-arming scan idx=0
1785927626.849|[I][webradio] play idx=0 name=INJECTED url=http://stream.slam.nl/WEB15_MP3
1785927627.033|[I][spotify.tls] tls yield — client stopped
1785927627.040|[membudget] TASK-267 _play pre-acquire lfbInt=42996 freeInt=48072
1785927627.044|[I][webradio] HEAP pre-connect free=48072 min=43380 maxAlloc=42996
1785927627.052|[membudget] CP1-pre-connect skip=0 freeInt=48072 lfbInt=42996 freeDma=4928 lfbDma=2292
1785927627.057|[W][perf] iter=215ms (worst path so far: app.tick:213ms)
1785927627.071|[I][webradio] audio_info: buffers freed, free Heap: 48072 bytes
1785927627.080|[I][webradio] audio_info: Connect to new host: "http://stream.slam.nl/WEB15_MP3"
1785927627.111|[D][chrome] drawVolume pct=100 keyframe=4
1785927627.115|[D][chrome] drawVolume pct=100 keyframe=4
1785927627.140|[W][perf] iter=82ms (worst path so far: app.tick:213ms)
1785927634.087|[I][webradio] audio_info: Request http://stream.slam.nl/WEB15_MP3 failed!
1785927634.091|[W][webradio] connecttohost failed idx=0
1785927634.096|[W][webradio] auto-skip exhausted — no playable station
1785927634.098|[I][spotify.tls] tls yield — resumed
1785927634.101|[D][webradio] ICY:
1785927634.135|[D][chrome] drawVolume pct=100 keyframe=4
1785927634.139|[D][chrome] drawVolume pct=100 keyframe=4
1785927634.163|[W][perf] iter=76ms (worst path so far: wr.connect:7030ms)
1785927639.279|[I][hb] display=winamp wifi=rssi(-56) disc=1 heap=46k maxAlloc=41k stack_hwm=12876b uptime=00:20:04 poll=0/0 last=0 block_max=0ms loop_max=215ms slow=wr.connect:7030ms last_poll_age_ms=0 next_poll_in_ms=5000 last_render_age_ms=5124 build=Aug  5 2026-11:39
1785927649.519|{"ok":true,"cmd":"get","var":"wrState","state":5,"last":true}
1785927649.531|{"ok":true,"cmd":"get","var":"wrIdx","idx":0,"last":true}
1785927656.842|[I][webradio] terminal retry — re-arming scan idx=0
1785927656.848|[I][webradio] play idx=0 name=INJECTED url=http://stream.slam.nl/WEB15_MP3
1785927657.097|[I][spotify.tls] tls yield — client stopped
1785927657.102|[membudget] TASK-267 _play pre-acquire lfbInt=42996 freeInt=48072
1785927657.108|[I][webradio] HEAP pre-connect free=48072 min=43380 maxAlloc=42996
1785927657.116|[membudget] CP1-pre-connect skip=0 freeInt=48072 lfbInt=42996 freeDma=4928 lfbDma=2292
1785927657.121|[W][perf] iter=279ms (worst path so far: app.tick:277ms)
1785927657.136|[I][webradio] audio_info: buffers freed, free Heap: 48072 bytes
1785927657.145|[I][webradio] audio_info: Connect to new host: "http://stream.slam.nl/WEB15_MP3"
1785927657.176|[D][chrome] drawVolume pct=100 keyframe=4
1785927657.180|[D][chrome] drawVolume pct=100 keyframe=4
1785927657.205|[W][perf] iter=84ms (worst path so far: app.tick:277ms)
1785927664.153|[I][webradio] audio_info: Request http://stream.slam.nl/WEB15_MP3 failed!
1785927664.155|[W][webradio] connecttohost failed idx=0
1785927664.161|[W][webradio] auto-skip exhausted — no playable station
1785927664.164|[I][spotify.tls] tls yield — resumed
1785927664.167|[D][webradio] ICY:
1785927664.199|[D][chrome] drawVolume pct=100 keyframe=4
1785927664.203|[D][chrome] drawVolume pct=100 keyframe=4
1785927664.228|[W][perf] iter=76ms (worst path so far: wr.connect:7029ms)
1785927669.278|[I][hb] display=winamp wifi=rssi(-49) disc=1 heap=46k maxAlloc=41k stack_hwm=12876b uptime=00:20:34 poll=0/0 last=0 block_max=0ms loop_max=279ms slow=wr.connect:7029ms last_poll_age_ms=0 next_poll_in_ms=5000 last_render_age_ms=5059 build=Aug  5 2026-11:39
1785927686.841|[I][webradio] terminal retry — re-arming scan idx=0
1785927686.848|[I][webradio] play idx=0 name=INJECTED url=http://stream.slam.nl/WEB15_MP3
1785927687.165|[I][spotify.tls] tls yield — client stopped
1785927687.170|[membudget] TASK-267 _play pre-acquire lfbInt=42996 freeInt=48072
1785927687.175|[I][webradio] HEAP pre-connect free=48072 min=43380 maxAlloc=42996
1785927687.185|[membudget] CP1-pre-connect skip=0 freeInt=48072 lfbInt=42996 freeDma=4928 lfbDma=2292
1785927687.189|[W][perf] iter=347ms (worst path so far: app.tick:345ms)
1785927687.202|[I][webradio] audio_info: buffers freed, free Heap: 48072 bytes
1785927687.212|[I][webradio] audio_info: Connect to new host: "http://stream.slam.nl/WEB15_MP3"
1785927687.242|[D][chrome] drawVolume pct=100 keyframe=4
1785927687.246|[D][chrome] drawVolume pct=100 keyframe=4
1785927687.271|[W][perf] iter=83ms (worst path so far: app.tick:345ms)
1785927694.219|[I][webradio] audio_info: Request http://stream.slam.nl/WEB15_MP3 failed!
1785927694.222|[W][webradio] connecttohost failed idx=0
1785927694.228|[W][webradio] auto-skip exhausted — no playable station
1785927694.230|[I][spotify.tls] tls yield — resumed
1785927694.233|[D][webradio] ICY:
1785927694.265|[D][chrome] drawVolume pct=100 keyframe=4
1785927694.269|[D][chrome] drawVolume pct=100 keyframe=4
1785927694.294|[W][perf] iter=77ms (worst path so far: wr.connect:7030ms)
1785927699.277|[I][hb] display=winamp wifi=rssi(-54) disc=1 heap=46k maxAlloc=41k stack_hwm=12876b uptime=00:21:04 poll=0/0 last=0 block_max=0ms loop_max=347ms slow=wr.connect:7030ms last_poll_age_ms=0 next_poll_in_ms=5000 last_render_age_ms=4992 build=Aug  5 2026-11:39
1785927716.841|[I][webradio] terminal retry — re-arming scan idx=0
1785927716.848|[I][webradio] play idx=0 name=INJECTED url=http://stream.slam.nl/WEB15_MP3
1785927717.231|[I][spotify.tls] tls yield — client stopped
1785927717.237|[membudget] TASK-267 _play pre-acquire lfbInt=42996 freeInt=48072
1785927717.242|[I][webradio] HEAP pre-connect free=48072 min=43380 maxAlloc=42996
1785927717.251|[membudget] CP1-pre-connect skip=0 freeInt=48072 lfbInt=42996 freeDma=4928 lfbDma=2292
1785927717.255|[W][perf] iter=414ms (worst path so far: app.tick:412ms)
1785927717.269|[I][webradio] audio_info: buffers freed, free Heap: 48072 bytes
1785927717.278|[I][webradio] audio_info: Connect to new host: "http://stream.slam.nl/WEB15_MP3"
1785927717.309|[D][chrome] drawVolume pct=100 keyframe=4
1785927717.313|[D][chrome] drawVolume pct=100 keyframe=4
1785927717.338|[W][perf] iter=82ms (worst path so far: app.tick:412ms)
1785927724.286|[I][webradio] audio_info: Request http://stream.slam.nl/WEB15_MP3 failed!
1785927724.288|[W][webradio] connecttohost failed idx=0
1785927724.293|[W][webradio] auto-skip exhausted — no playable station
1785927724.296|[I][spotify.tls] tls yield — resumed
1785927724.299|[D][webradio] ICY:
1785927724.332|[D][chrome] drawVolume pct=100 keyframe=4
1785927724.335|[D][chrome] drawVolume pct=100 keyframe=4
1785927724.360|[W][perf] iter=76ms (worst path so far: wr.connect:7030ms)
1785927729.277|[I][hb] display=winamp wifi=rssi(-51) disc=1 heap=46k maxAlloc=41k stack_hwm=12876b uptime=00:21:34 poll=0/0 last=0 block_max=0ms loop_max=414ms slow=wr.connect:7030ms last_poll_age_ms=0 next_poll_in_ms=5000 last_render_age_ms=4925 build=Aug  5 2026-11:39
1785927746.840|[I][webradio] terminal retry — re-arming scan idx=0
1785927746.847|[I][webradio] play idx=0 name=INJECTED url=http://stream.slam.nl/WEB15_MP3
1785927747.297|[I][spotify.tls] tls yield — client stopped
1785927747.303|[membudget] TASK-267 _play pre-acquire lfbInt=42996 freeInt=48072
1785927747.309|[I][webradio] HEAP pre-connect free=48072 min=43380 maxAlloc=42996
1785927747.317|[membudget] CP1-pre-connect skip=0 freeInt=48072 lfbInt=42996 freeDma=4928 lfbDma=2292
1785927747.321|[W][perf] iter=481ms (worst path so far: app.tick:479ms)
1785927747.337|[I][webradio] audio_info: buffers freed, free Heap: 48072 bytes
1785927747.345|[I][webradio] audio_info: Connect to new host: "http://stream.slam.nl/WEB15_MP3"
1785927747.375|[D][chrome] drawVolume pct=100 keyframe=4
1785927747.379|[D][chrome] drawVolume pct=100 keyframe=4
1785927747.404|[W][perf] iter=82ms (worst path so far: app.tick:479ms)
1785927754.352|[I][webradio] audio_info: Request http://stream.slam.nl/WEB15_MP3 failed!
1785927754.355|[W][webradio] connecttohost failed idx=0
1785927754.360|[W][webradio] auto-skip exhausted — no playable station
1785927754.363|[I][spotify.tls] tls yield — resumed
1785927754.365|[D][webradio] ICY:
1785927754.399|[D][chrome] drawVolume pct=100 keyframe=4
1785927754.403|[D][chrome] drawVolume pct=100 keyframe=4
1785927754.427|[W][perf] iter=76ms (worst path so far: wr.connect:7030ms)
1785927759.276|[I][hb] display=winamp wifi=rssi(-52) disc=1 heap=46k maxAlloc=41k stack_hwm=12876b uptime=00:22:04 poll=0/0 last=0 block_max=0ms loop_max=481ms slow=wr.connect:7030ms last_poll_age_ms=0 next_poll_in_ms=5000 last_render_age_ms=4858 build=Aug  5 2026-11:39
1785927776.839|[I][webradio] terminal retry — re-arming scan idx=0
1785927776.847|[I][webradio] play idx=0 name=INJECTED url=http://stream.slam.nl/WEB15_MP3
1785927776.864|[I][spotify.tls] tls yield — client stopped
1785927776.870|[membudget] TASK-267 _play pre-acquire lfbInt=42996 freeInt=48072
1785927776.876|[I][webradio] HEAP pre-connect free=48072 min=43380 maxAlloc=42996
1785927776.884|[membudget] CP1-pre-connect skip=0 freeInt=48072 lfbInt=42996 freeDma=4928 lfbDma=2292
1785927776.903|[I][webradio] audio_info: buffers freed, free Heap: 48072 bytes
1785927776.911|[I][webradio] audio_info: Connect to new host: "http://stream.slam.nl/WEB15_MP3"
1785927776.942|[D][chrome] drawVolume pct=100 keyframe=4
1785927776.946|[D][chrome] drawVolume pct=100 keyframe=4
1785927776.971|[W][perf] iter=83ms (worst path so far: app.tick:66ms)
1785927783.918|[I][webradio] audio_info: Request http://stream.slam.nl/WEB15_MP3 failed!
1785927783.921|[W][webradio] connecttohost failed idx=0
1785927783.926|[W][webradio] auto-skip exhausted — no playable station
1785927783.929|[I][spotify.tls] tls yield — resumed
1785927783.932|[D][webradio] ICY:
1785927783.965|[D][chrome] drawVolume pct=100 keyframe=4
1785927783.969|[D][chrome] drawVolume pct=100 keyframe=4
1785927783.993|[W][perf] iter=76ms (worst path so far: wr.connect:7029ms)
1785927789.275|[I][hb] display=winamp wifi=rssi(-51) disc=1 heap=46k maxAlloc=41k stack_hwm=12876b uptime=00:22:34 poll=0/0 last=0 block_max=0ms loop_max=83ms slow=wr.connect:7029ms last_poll_age_ms=0 next_poll_in_ms=5000 last_render_age_ms=5291 build=Aug  5 2026-11:39:
1785927806.840|[I][webradio] terminal retry — re-arming scan idx=0
1785927806.846|[I][webradio] play idx=0 name=INJECTED url=http://stream.slam.nl/WEB15_MP3
1785927806.930|[I][spotify.tls] tls yield — client stopped
1785927806.936|[membudget] TASK-267 _play pre-acquire lfbInt=42996 freeInt=48072
1785927806.941|[I][webradio] HEAP pre-connect free=48072 min=43380 maxAlloc=42996
1785927806.949|[membudget] CP1-pre-connect skip=0 freeInt=48072 lfbInt=42996 freeDma=4928 lfbDma=2292
1785927806.954|[W][perf] iter=115ms (worst path so far: app.tick:113ms)
1785927806.968|[I][webradio] audio_info: buffers freed, free Heap: 48072 bytes
1785927806.977|[I][webradio] audio_info: Connect to new host: "http://stream.slam.nl/WEB15_MP3"
1785927807.008|[D][chrome] drawVolume pct=100 keyframe=4
1785927807.012|[D][chrome] drawVolume pct=100 keyframe=4
1785927807.037|[W][perf] iter=82ms (worst path so far: app.tick:113ms)
1785927813.986|[I][webradio] audio_info: Request http://stream.slam.nl/WEB15_MP3 failed!
1785927813.989|[W][webradio] connecttohost failed idx=0
1785927813.994|[W][webradio] auto-skip exhausted — no playable station
1785927813.997|[I][spotify.tls] tls yield — resumed
1785927814.000|[D][webradio] ICY:
1785927814.033|[D][chrome] drawVolume pct=100 keyframe=4
1785927814.037|[D][chrome] drawVolume pct=100 keyframe=4
1785927814.061|[W][perf] iter=76ms (worst path so far: wr.connect:7031ms)
1785927819.275|[I][hb] display=winamp wifi=rssi(-50) disc=1 heap=46k maxAlloc=41k stack_hwm=12876b uptime=00:23:04 poll=0/0 last=0 block_max=0ms loop_max=115ms slow=wr.connect:7031ms last_poll_age_ms=0 next_poll_in_ms=5000 last_render_age_ms=5223 build=Aug  5 2026-11:39
1785927836.838|[I][webradio] terminal retry — re-arming scan idx=0
1785927836.845|[I][webradio] play idx=0 name=INJECTED url=http://stream.slam.nl/WEB15_MP3
1785927836.995|[I][spotify.tls] tls yield — client stopped
1785927837.001|[membudget] TASK-267 _play pre-acquire lfbInt=42996 freeInt=48072
1785927837.007|[I][webradio] HEAP pre-connect free=48072 min=43380 maxAlloc=42996
1785927837.014|[membudget] CP1-pre-connect skip=0 freeInt=48072 lfbInt=42996 freeDma=4928 lfbDma=2292
1785927837.020|[W][perf] iter=180ms (worst path so far: app.tick:178ms)
1785927837.035|[I][webradio] audio_info: buffers freed, free Heap: 48072 bytes
1785927837.045|[I][webradio] audio_info: Connect to new host: "http://stream.slam.nl/WEB15_MP3"
1785927837.075|[D][chrome] drawVolume pct=100 keyframe=4
1785927837.077|[D][chrome] drawVolume pct=100 keyframe=4
1785927837.104|[W][perf] iter=84ms (worst path so far: app.tick:178ms)
1785927844.051|[I][webradio] audio_info: Request http://stream.slam.nl/WEB15_MP3 failed!
1785927844.054|[W][webradio] connecttohost failed idx=0
1785927844.058|[W][webradio] auto-skip exhausted — no playable station
1785927844.061|[I][spotify.tls] tls yield — resumed
1785927844.064|[D][webradio] ICY:
1785927844.096|[D][chrome] drawVolume pct=100 keyframe=4
1785927844.100|[D][chrome] drawVolume pct=100 keyframe=4
1785927844.125|[W][perf] iter=76ms (worst path so far: wr.connect:7029ms)
1785927849.275|[I][hb] display=winamp wifi=rssi(-49) disc=1 heap=46k maxAlloc=41k stack_hwm=12876b uptime=00:23:34 poll=0/0 last=0 block_max=0ms loop_max=180ms slow=wr.connect:7029ms last_poll_age_ms=0 next_poll_in_ms=5000 last_render_age_ms=5158 build=Aug  5 2026-11:39
1785927866.837|[I][webradio] terminal retry — re-arming scan idx=0
1785927866.846|[I][webradio] play idx=0 name=INJECTED url=http://stream.slam.nl/WEB15_MP3
1785927867.063|[I][spotify.tls] tls yield — client stopped
1785927867.068|[membudget] TASK-267 _play pre-acquire lfbInt=42996 freeInt=48072
1785927867.073|[I][webradio] HEAP pre-connect free=48072 min=43380 maxAlloc=42996
1785927867.082|[membudget] CP1-pre-connect skip=0 freeInt=48072 lfbInt=42996 freeDma=4928 lfbDma=2292
1785927867.086|[W][perf] iter=248ms (worst path so far: app.tick:246ms)
1785927867.100|[I][webradio] audio_info: buffers freed, free Heap: 48072 bytes
1785927867.109|[I][webradio] audio_info: Connect to new host: "http://stream.slam.nl/WEB15_MP3"
1785927867.140|[D][chrome] drawVolume pct=100 keyframe=4
1785927867.144|[D][chrome] drawVolume pct=100 keyframe=4
1785927867.169|[W][perf] iter=82ms (worst path so far: app.tick:246ms)
1785927874.117|[I][webradio] audio_info: Request http://stream.slam.nl/WEB15_MP3 failed!
1785927874.119|[W][webradio] connecttohost failed idx=0
1785927874.125|[W][webradio] auto-skip exhausted — no playable station
1785927874.128|[I][spotify.tls] tls yield — resumed
1785927874.130|[D][webradio] ICY:
1785927874.163|[D][chrome] drawVolume pct=100 keyframe=4
1785927874.167|[D][chrome] drawVolume pct=100 keyframe=4
1785927874.192|[W][perf] iter=76ms (worst path so far: wr.connect:7030ms)
1785927879.274|[I][hb] display=winamp wifi=rssi(-50) disc=1 heap=46k maxAlloc=41k stack_hwm=12876b uptime=00:24:04 poll=0/0 last=0 block_max=0ms loop_max=248ms slow=wr.connect:7030ms last_poll_age_ms=0 next_poll_in_ms=5000 last_render_age_ms=5091 build=Aug  5 2026-11:39
1785927896.837|[I][webradio] terminal retry — re-arming scan idx=0
1785927896.845|[I][webradio] play idx=0 name=INJECTED url=http://stream.slam.nl/WEB15_MP3
1785927897.128|[I][spotify.tls] tls yield — client stopped
1785927897.134|[membudget] TASK-267 _play pre-acquire lfbInt=42996 freeInt=48072
1785927897.140|[I][webradio] HEAP pre-connect free=48072 min=43380 maxAlloc=42996
1785927897.148|[membudget] CP1-pre-connect skip=0 freeInt=48072 lfbInt=42996 freeDma=4928 lfbDma=2292
1785927897.153|[W][perf] iter=315ms (worst path so far: app.tick:313ms)
1785927897.167|[I][webradio] audio_info: buffers freed, free Heap: 48072 bytes
1785927897.176|[I][webradio] audio_info: Connect to new host: "http://stream.slam.nl/WEB15_MP3"
1785927897.206|[D][chrome] drawVolume pct=100 keyframe=4
1785927897.210|[D][chrome] drawVolume pct=100 keyframe=4
1785927897.236|[W][perf] iter=82ms (worst path so far: app.tick:313ms)
1785927904.184|[I][webradio] audio_info: Request http://stream.slam.nl/WEB15_MP3 failed!
1785927904.186|[W][webradio] connecttohost failed idx=0
1785927904.192|[W][webradio] auto-skip exhausted — no playable station
1785927904.194|[I][spotify.tls] tls yield — resumed
1785927904.197|[D][webradio] ICY:
1785927904.230|[D][chrome] drawVolume pct=100 keyframe=4
1785927904.234|[D][chrome] drawVolume pct=100 keyframe=4
1785927904.259|[W][perf] iter=76ms (worst path so far: wr.connect:7030ms)
1785927909.273|[I][hb] display=winamp wifi=rssi(-52) disc=1 heap=46k maxAlloc=41k stack_hwm=12876b uptime=00:24:34 poll=0/0 last=0 block_max=0ms loop_max=315ms slow=wr.connect:7030ms last_poll_age_ms=0 next_poll_in_ms=5000 last_render_age_ms=5024 build=Aug  5 2026-11:39
1785927926.837|[I][webradio] terminal retry — re-arming scan idx=0
1785927926.844|[I][webradio] play idx=0 name=INJECTED url=http://stream.slam.nl/WEB15_MP3
1785927927.195|[I][spotify.tls] tls yield — client stopped
1785927927.201|[membudget] TASK-267 _play pre-acquire lfbInt=42996 freeInt=48072
1785927927.207|[I][webradio] HEAP pre-connect free=48072 min=43380 maxAlloc=42996
1785927927.215|[membudget] CP1-pre-connect skip=0 freeInt=48072 lfbInt=42996 freeDma=4928 lfbDma=2292
1785927927.220|[W][perf] iter=382ms (worst path so far: app.tick:380ms)
1785927927.234|[I][webradio] audio_info: buffers freed, free Heap: 48072 bytes
1785927927.243|[I][webradio] audio_info: Connect to new host: "http://stream.slam.nl/WEB15_MP3"
1785927927.274|[D][chrome] drawVolume pct=100 keyframe=4
1785927927.278|[D][chrome] drawVolume pct=100 keyframe=4
1785927927.303|[W][perf] iter=83ms (worst path so far: app.tick:380ms)
1785927934.250|[I][webradio] audio_info: Request http://stream.slam.nl/WEB15_MP3 failed!
1785927934.253|[W][webradio] connecttohost failed idx=0
1785927934.258|[W][webradio] auto-skip exhausted — no playable station
1785927934.261|[I][spotify.tls] tls yield — resumed
1785927934.264|[D][webradio] ICY:
1785927934.296|[D][chrome] drawVolume pct=100 keyframe=4
1785927934.300|[D][chrome] drawVolume pct=100 keyframe=4
1785927934.325|[W][perf] iter=76ms (worst path so far: wr.connect:7030ms)
1785927939.273|[I][hb] display=winamp wifi=rssi(-51) disc=1 heap=46k maxAlloc=41k stack_hwm=12876b uptime=00:25:04 poll=0/0 last=0 block_max=0ms loop_max=382ms slow=wr.connect:7030ms last_poll_age_ms=0 next_poll_in_ms=5000 last_render_age_ms=4957 build=Aug  5 2026-11:39
1785927949.595|{"ok":true,"cmd":"get","var":"wrState","state":5,"last":true}
1785927949.607|{"ok":true,"cmd":"get","var":"wrIdx","idx":0,"last":true}
1785927956.836|[I][webradio] terminal retry — re-arming scan idx=0
1785927956.843|[I][webradio] play idx=0 name=INJECTED url=http://stream.slam.nl/WEB15_MP3
1785927957.262|[I][spotify.tls] tls yield — client stopped
1785927957.268|[membudget] TASK-267 _play pre-acquire lfbInt=42996 freeInt=48072
1785927957.274|[I][webradio] HEAP pre-connect free=48072 min=43380 maxAlloc=42996
1785927957.281|[membudget] CP1-pre-connect skip=0 freeInt=48072 lfbInt=42996 freeDma=4928 lfbDma=2292
1785927957.286|[W][perf] iter=449ms (worst path so far: app.tick:447ms)
1785927957.301|[I][webradio] audio_info: buffers freed, free Heap: 48072 bytes
1785927957.309|[I][webradio] audio_info: Connect to new host: "http://stream.slam.nl/WEB15_MP3"
1785927957.339|[D][chrome] drawVolume pct=100 keyframe=4
1785927957.343|[D][chrome] drawVolume pct=100 keyframe=4
1785927957.369|[W][perf] iter=82ms (worst path so far: app.tick:447ms)
1785927964.316|[I][webradio] audio_info: Request http://stream.slam.nl/WEB15_MP3 failed!
1785927964.319|[W][webradio] connecttohost failed idx=0
1785927964.325|[W][webradio] auto-skip exhausted — no playable station
1785927964.328|[I][spotify.tls] tls yield — resumed
1785927964.330|[D][webradio] ICY:
1785927964.363|[D][chrome] drawVolume pct=100 keyframe=4
1785927964.367|[D][chrome] drawVolume pct=100 keyframe=4
1785927964.391|[W][perf] iter=76ms (worst path so far: wr.connect:7030ms)
1785927969.272|[I][hb] display=winamp wifi=rssi(-52) disc=1 heap=46k maxAlloc=41k stack_hwm=12876b uptime=00:25:34 poll=0/0 last=0 block_max=0ms loop_max=449ms slow=wr.connect:7030ms last_poll_age_ms=0 next_poll_in_ms=5000 last_render_age_ms=4890 build=Aug  5 2026-11:39
1785927986.835|[I][webradio] terminal retry — re-arming scan idx=0
1785927986.843|[I][webradio] play idx=0 name=INJECTED url=http://stream.slam.nl/WEB15_MP3
1785927987.329|[I][spotify.tls] tls yield — client stopped
1785927987.335|[membudget] TASK-267 _play pre-acquire lfbInt=42996 freeInt=48072
1785927987.341|[I][webradio] HEAP pre-connect free=48072 min=43380 maxAlloc=42996
1785927987.348|[membudget] CP1-pre-connect skip=0 freeInt=48072 lfbInt=42996 freeDma=4928 lfbDma=2292
1785927987.353|[W][perf] iter=515ms (worst path so far: app.tick:514ms)
1785927987.367|[I][webradio] audio_info: buffers freed, free Heap: 48072 bytes
1785927987.376|[I][webradio] audio_info: Connect to new host: "http://stream.slam.nl/WEB15_MP3"
1785927987.407|[D][chrome] drawVolume pct=100 keyframe=4
1785927987.410|[D][chrome] drawVolume pct=100 keyframe=4
1785927987.436|[W][perf] iter=83ms (worst path so far: app.tick:514ms)
1785927994.383|[I][webradio] audio_info: Request http://stream.slam.nl/WEB15_MP3 failed!
1785927994.386|[W][webradio] connecttohost failed idx=0
1785927994.392|[W][webradio] auto-skip exhausted — no playable station
1785927994.394|[I][spotify.tls] tls yield — resumed
1785927994.397|[D][webradio] ICY:
1785927994.429|[D][chrome] drawVolume pct=100 keyframe=4
1785927994.434|[D][chrome] drawVolume pct=100 keyframe=4
1785927994.458|[W][perf] iter=76ms (worst path so far: wr.connect:7030ms)
1785927999.272|[I][hb] display=winamp wifi=rssi(-52) disc=1 heap=46k maxAlloc=41k stack_hwm=12876b uptime=00:26:04 poll=0/0 last=0 block_max=0ms loop_max=515ms slow=wr.connect:7030ms last_poll_age_ms=0 next_poll_in_ms=5000 last_render_age_ms=4823 build=Aug  5 2026-11:39
1785928016.836|[I][webradio] terminal retry — re-arming scan idx=0
1785928016.843|[I][webradio] play idx=0 name=INJECTED url=http://stream.slam.nl/WEB15_MP3
1785928016.895|[I][spotify.tls] tls yield — client stopped
1785928016.900|[membudget] TASK-267 _play pre-acquire lfbInt=42996 freeInt=48072
1785928016.906|[I][webradio] HEAP pre-connect free=48072 min=43380 maxAlloc=42996
1785928016.914|[membudget] CP1-pre-connect skip=0 freeInt=48072 lfbInt=42996 freeDma=4928 lfbDma=2292
1785928016.919|[W][perf] iter=83ms (worst path so far: app.tick:81ms)
1785928016.933|[I][webradio] audio_info: buffers freed, free Heap: 48072 bytes
1785928016.942|[I][webradio] audio_info: Connect to new host: "http://stream.slam.nl/WEB15_MP3"
1785928016.972|[D][chrome] drawVolume pct=100 keyframe=4
1785928016.977|[D][chrome] drawVolume pct=100 keyframe=4
1785928017.001|[W][perf] iter=82ms (worst path so far: app.tick:81ms)
1785928023.949|[I][webradio] audio_info: Request http://stream.slam.nl/WEB15_MP3 failed!
1785928023.952|[W][webradio] connecttohost failed idx=0
1785928023.957|[W][webradio] auto-skip exhausted — no playable station
1785928023.960|[I][spotify.tls] tls yield — resumed
1785928023.963|[D][webradio] ICY:
1785928023.997|[D][chrome] drawVolume pct=100 keyframe=4
1785928024.000|[D][chrome] drawVolume pct=100 keyframe=4
1785928024.024|[W][perf] iter=76ms (worst path so far: wr.connect:7030ms)
1785928029.271|[I][hb] display=winamp wifi=rssi(-52) disc=1 heap=46k maxAlloc=41k stack_hwm=12876b uptime=00:26:34 poll=0/0 last=0 block_max=0ms loop_max=83ms slow=wr.connect:7030ms last_poll_age_ms=0 next_poll_in_ms=5000 last_render_age_ms=5256 build=Aug  5 2026-11:39:
1785928046.835|[I][webradio] terminal retry — re-arming scan idx=0
1785928046.842|[I][webradio] play idx=0 name=INJECTED url=http://stream.slam.nl/WEB15_MP3
1785928046.961|[I][spotify.tls] tls yield — client stopped
1785928046.967|[membudget] TASK-267 _play pre-acquire lfbInt=42996 freeInt=48072
1785928046.972|[I][webradio] HEAP pre-connect free=48072 min=43380 maxAlloc=42996
1785928046.981|[membudget] CP1-pre-connect skip=0 freeInt=48072 lfbInt=42996 freeDma=4928 lfbDma=2292
1785928046.986|[W][perf] iter=151ms (worst path so far: app.tick:148ms)
1785928047.000|[I][webradio] audio_info: buffers freed, free Heap: 48072 bytes
1785928047.009|[I][webradio] audio_info: Connect to new host: "http://stream.slam.nl/WEB15_MP3"
1785928047.039|[D][chrome] drawVolume pct=100 keyframe=4
1785928047.043|[D][chrome] drawVolume pct=100 keyframe=4
1785928047.069|[W][perf] iter=82ms (worst path so far: app.tick:148ms)
1785928054.016|[I][webradio] audio_info: Request http://stream.slam.nl/WEB15_MP3 failed!
1785928054.018|[W][webradio] connecttohost failed idx=0
1785928054.024|[W][webradio] auto-skip exhausted — no playable station
1785928054.027|[I][spotify.tls] tls yield — resumed
1785928054.029|[D][webradio] ICY:
1785928054.063|[D][chrome] drawVolume pct=100 keyframe=4
1785928054.066|[D][chrome] drawVolume pct=100 keyframe=4
1785928054.091|[W][perf] iter=76ms (worst path so far: wr.connect:7030ms)
1785928059.271|[I][hb] display=winamp wifi=rssi(-51) disc=1 heap=46k maxAlloc=41k stack_hwm=12876b uptime=00:27:04 poll=0/0 last=0 block_max=0ms loop_max=151ms slow=wr.connect:7030ms last_poll_age_ms=0 next_poll_in_ms=5000 last_render_age_ms=5189 build=Aug  5 2026-11:39
1785928076.834|[I][webradio] terminal retry — re-arming scan idx=0
1785928076.843|[I][webradio] play idx=0 name=INJECTED url=http://stream.slam.nl/WEB15_MP3
1785928077.028|[I][spotify.tls] tls yield — client stopped
1785928077.033|[membudget] TASK-267 _play pre-acquire lfbInt=42996 freeInt=48072
1785928077.039|[I][webradio] HEAP pre-connect free=48072 min=43380 maxAlloc=42996
1785928077.048|[membudget] CP1-pre-connect skip=0 freeInt=48072 lfbInt=42996 freeDma=4928 lfbDma=2292
1785928077.053|[W][perf] iter=217ms (worst path so far: app.tick:215ms)
1785928077.067|[I][webradio] audio_info: buffers freed, free Heap: 48072 bytes
1785928077.076|[I][webradio] audio_info: Connect to new host: "http://stream.slam.nl/WEB15_MP3"
1785928077.106|[D][chrome] drawVolume pct=100 keyframe=4
1785928077.109|[D][chrome] drawVolume pct=100 keyframe=4
1785928077.135|[W][perf] iter=83ms (worst path so far: app.tick:215ms)
1785928084.083|[I][webradio] audio_info: Request http://stream.slam.nl/WEB15_MP3 failed!
1785928084.085|[W][webradio] connecttohost failed idx=0
1785928084.090|[W][webradio] auto-skip exhausted — no playable station
1785928084.093|[I][spotify.tls] tls yield — resumed
1785928084.096|[D][webradio] ICY:
1785928084.129|[D][chrome] drawVolume pct=100 keyframe=4
1785928084.133|[D][chrome] drawVolume pct=100 keyframe=4
1785928084.157|[W][perf] iter=76ms (worst path so far: wr.connect:7030ms)
1785928089.271|[I][hb] display=winamp wifi=rssi(-52) disc=1 heap=46k maxAlloc=41k stack_hwm=12876b uptime=00:27:34 poll=0/0 last=0 block_max=0ms loop_max=217ms slow=wr.connect:7030ms last_poll_age_ms=0 next_poll_in_ms=5000 last_render_age_ms=5122 build=Aug  5 2026-11:39
1785928106.834|[I][webradio] terminal retry — re-arming scan idx=0
1785928106.841|[I][webradio] play idx=0 name=INJECTED url=http://stream.slam.nl/WEB15_MP3
1785928107.094|[I][spotify.tls] tls yield — client stopped
1785928107.100|[membudget] TASK-267 _play pre-acquire lfbInt=42996 freeInt=48072
1785928107.105|[I][webradio] HEAP pre-connect free=48072 min=43380 maxAlloc=42996
1785928107.114|[membudget] CP1-pre-connect skip=0 freeInt=48072 lfbInt=42996 freeDma=4928 lfbDma=2292
1785928107.119|[W][perf] iter=284ms (worst path so far: app.tick:282ms)
1785928107.133|[I][webradio] audio_info: buffers freed, free Heap: 48072 bytes
1785928107.141|[I][webradio] audio_info: Connect to new host: "http://stream.slam.nl/WEB15_MP3"
1785928107.172|[D][chrome] drawVolume pct=100 keyframe=4
1785928107.176|[D][chrome] drawVolume pct=100 keyframe=4
1785928107.202|[W][perf] iter=82ms (worst path so far: app.tick:282ms)
1785928114.149|[I][webradio] audio_info: Request http://stream.slam.nl/WEB15_MP3 failed!
1785928114.152|[W][webradio] connecttohost failed idx=0
1785928114.157|[W][webradio] auto-skip exhausted — no playable station
1785928114.160|[I][spotify.tls] tls yield — resumed
1785928114.162|[D][webradio] ICY:
1785928114.195|[D][chrome] drawVolume pct=100 keyframe=4
1785928114.199|[D][chrome] drawVolume pct=100 keyframe=4
1785928114.224|[W][perf] iter=76ms (worst path so far: wr.connect:7030ms)
1785928119.270|[I][hb] display=winamp wifi=rssi(-51) disc=1 heap=46k maxAlloc=41k stack_hwm=12876b uptime=00:28:04 poll=0/0 last=0 block_max=0ms loop_max=284ms slow=wr.connect:7030ms last_poll_age_ms=0 next_poll_in_ms=5000 last_render_age_ms=5055 build=Aug  5 2026-11:39
1785928136.833|[I][webradio] terminal retry — re-arming scan idx=0
1785928136.841|[I][webradio] play idx=0 name=INJECTED url=http://stream.slam.nl/WEB15_MP3
1785928137.161|[I][spotify.tls] tls yield — client stopped
1785928137.166|[membudget] TASK-267 _play pre-acquire lfbInt=42996 freeInt=48072
1785928137.172|[I][webradio] HEAP pre-connect free=48072 min=43380 maxAlloc=42996
1785928137.180|[membudget] CP1-pre-connect skip=0 freeInt=48072 lfbInt=42996 freeDma=4928 lfbDma=2292
1785928137.185|[W][perf] iter=351ms (worst path so far: app.tick:349ms)
1785928137.199|[I][webradio] audio_info: buffers freed, free Heap: 48072 bytes
1785928137.208|[I][webradio] audio_info: Connect to new host: "http://stream.slam.nl/WEB15_MP3"
1785928137.239|[D][chrome] drawVolume pct=100 keyframe=4
1785928137.242|[D][chrome] drawVolume pct=100 keyframe=4
1785928137.268|[W][perf] iter=83ms (worst path so far: app.tick:349ms)
1785928144.215|[I][webradio] audio_info: Request http://stream.slam.nl/WEB15_MP3 failed!
1785928144.218|[W][webradio] connecttohost failed idx=0
1785928144.224|[W][webradio] auto-skip exhausted — no playable station
1785928144.226|[I][spotify.tls] tls yield — resumed
1785928144.229|[D][webradio] ICY:
1785928144.262|[D][chrome] drawVolume pct=100 keyframe=4
1785928144.266|[D][chrome] drawVolume pct=100 keyframe=4
1785928144.291|[W][perf] iter=76ms (worst path so far: wr.connect:7030ms)
1785928149.270|[I][hb] display=winamp wifi=rssi(-51) disc=1 heap=46k maxAlloc=41k stack_hwm=12876b uptime=00:28:34 poll=0/0 last=0 block_max=0ms loop_max=351ms slow=wr.connect:7030ms last_poll_age_ms=0 next_poll_in_ms=5000 last_render_age_ms=4988 build=Aug  5 2026-11:39
1785928166.833|[I][webradio] terminal retry — re-arming scan idx=0
1785928166.840|[I][webradio] play idx=0 name=INJECTED url=http://stream.slam.nl/WEB15_MP3
1785928167.228|[I][spotify.tls] tls yield — client stopped
1785928167.234|[membudget] TASK-267 _play pre-acquire lfbInt=42996 freeInt=48072
1785928167.239|[I][webradio] HEAP pre-connect free=48072 min=43380 maxAlloc=42996
1785928167.247|[membudget] CP1-pre-connect skip=0 freeInt=48072 lfbInt=42996 freeDma=4928 lfbDma=2292
1785928167.252|[W][perf] iter=418ms (worst path so far: app.tick:416ms)
1785928167.266|[I][webradio] audio_info: buffers freed, free Heap: 48072 bytes
1785928167.275|[I][webradio] audio_info: Connect to new host: "http://stream.slam.nl/WEB15_MP3"
1785928167.305|[D][chrome] drawVolume pct=100 keyframe=4
1785928167.309|[D][chrome] drawVolume pct=100 keyframe=4
1785928167.334|[W][perf] iter=83ms (worst path so far: app.tick:416ms)
1785928174.282|[I][webradio] audio_info: Request http://stream.slam.nl/WEB15_MP3 failed!
1785928174.284|[W][webradio] connecttohost failed idx=0
1785928174.290|[W][webradio] auto-skip exhausted — no playable station
1785928174.293|[I][spotify.tls] tls yield — resumed
1785928174.295|[D][webradio] ICY:
1785928174.328|[D][chrome] drawVolume pct=100 keyframe=4
1785928174.332|[D][chrome] drawVolume pct=100 keyframe=4
1785928174.357|[W][perf] iter=76ms (worst path so far: wr.connect:7030ms)
1785928179.269|[I][hb] display=winamp wifi=rssi(-50) disc=1 heap=46k maxAlloc=41k stack_hwm=12876b uptime=00:29:04 poll=0/0 last=0 block_max=0ms loop_max=418ms slow=wr.connect:7030ms last_poll_age_ms=0 next_poll_in_ms=5000 last_render_age_ms=4921 build=Aug  5 2026-11:39
1785928196.832|[I][webradio] terminal retry — re-arming scan idx=0
1785928196.839|[I][webradio] play idx=0 name=INJECTED url=http://stream.slam.nl/WEB15_MP3
1785928197.295|[I][spotify.tls] tls yield — client stopped
1785928197.300|[membudget] TASK-267 _play pre-acquire lfbInt=42996 freeInt=48072
1785928197.306|[I][webradio] HEAP pre-connect free=48072 min=43380 maxAlloc=42996
1785928197.314|[membudget] CP1-pre-connect skip=0 freeInt=48072 lfbInt=42996 freeDma=4928 lfbDma=2292
1785928197.318|[W][perf] iter=486ms (worst path so far: app.tick:483ms)
1785928197.333|[I][webradio] audio_info: buffers freed, free Heap: 48072 bytes
1785928197.341|[I][webradio] audio_info: Connect to new host: "http://stream.slam.nl/WEB15_MP3"
1785928197.372|[D][chrome] drawVolume pct=100 keyframe=4
1785928197.376|[D][chrome] drawVolume pct=100 keyframe=4
1785928197.401|[W][perf] iter=82ms (worst path so far: app.tick:483ms)
1785928204.348|[I][webradio] audio_info: Request http://stream.slam.nl/WEB15_MP3 failed!
1785928204.351|[W][webradio] connecttohost failed idx=0
1785928204.357|[W][webradio] auto-skip exhausted — no playable station
1785928204.360|[I][spotify.tls] tls yield — resumed
1785928204.363|[D][webradio] ICY:
1785928204.395|[D][chrome] drawVolume pct=100 keyframe=4
1785928204.399|[D][chrome] drawVolume pct=100 keyframe=4
1785928204.424|[W][perf] iter=76ms (worst path so far: wr.connect:7030ms)
1785928209.268|[I][hb] display=winamp wifi=rssi(-50) disc=1 heap=46k maxAlloc=41k stack_hwm=12876b uptime=00:29:34 poll=0/0 last=0 block_max=0ms loop_max=486ms slow=wr.connect:7030ms last_poll_age_ms=0 next_poll_in_ms=5000 last_render_age_ms=4854 build=Aug  5 2026-11:39
1785928226.832|[I][webradio] terminal retry — re-arming scan idx=0
1785928226.839|[I][webradio] play idx=0 name=INJECTED url=http://stream.slam.nl/WEB15_MP3
1785928226.860|[I][spotify.tls] tls yield — client stopped
1785928226.866|[membudget] TASK-267 _play pre-acquire lfbInt=42996 freeInt=48072
1785928226.871|[I][webradio] HEAP pre-connect free=48072 min=43380 maxAlloc=42996
1785928226.880|[membudget] CP1-pre-connect skip=0 freeInt=48072 lfbInt=42996 freeDma=4928 lfbDma=2292
1785928226.885|[W][perf] iter=53ms (worst path so far: app.tick:50ms)
1785928226.900|[I][webradio] audio_info: buffers freed, free Heap: 48072 bytes
1785928226.908|[I][webradio] audio_info: Connect to new host: "http://stream.slam.nl/WEB15_MP3"
1785928226.939|[D][chrome] drawVolume pct=100 keyframe=4
1785928226.943|[D][chrome] drawVolume pct=100 keyframe=4
1785928226.968|[W][perf] iter=82ms (worst path so far: app.tick:65ms)
1785928233.915|[I][webradio] audio_info: Request http://stream.slam.nl/WEB15_MP3 failed!
1785928233.918|[W][webradio] connecttohost failed idx=0
1785928233.924|[W][webradio] auto-skip exhausted — no playable station
1785928233.926|[I][spotify.tls] tls yield — resumed
1785928233.929|[D][webradio] ICY:
1785928233.961|[D][chrome] drawVolume pct=100 keyframe=4
1785928233.966|[D][chrome] drawVolume pct=100 keyframe=4
1785928233.990|[W][perf] iter=76ms (worst path so far: wr.connect:7030ms)
1785928239.268|[I][hb] display=winamp wifi=rssi(-51) disc=1 heap=46k maxAlloc=41k stack_hwm=12876b uptime=00:30:04 poll=0/0 last=0 block_max=0ms loop_max=82ms slow=wr.connect:7030ms last_poll_age_ms=0 next_poll_in_ms=5000 last_render_age_ms=5287 build=Aug  5 2026-11:39:
1785928249.674|{"ok":true,"cmd":"get","var":"wrState","state":5,"last":true}
1785928249.685|{"ok":true,"cmd":"get","var":"wrIdx","idx":0,"last":true}
1785928256.831|[I][webradio] terminal retry — re-arming scan idx=0
1785928256.839|[I][webradio] play idx=0 name=INJECTED url=http://stream.slam.nl/WEB15_MP3
1785928256.928|[I][spotify.tls] tls yield — client stopped
1785928256.933|[membudget] TASK-267 _play pre-acquire lfbInt=42996 freeInt=48072
1785928256.938|[I][webradio] HEAP pre-connect free=48072 min=43380 maxAlloc=42996
1785928256.947|[membudget] CP1-pre-connect skip=0 freeInt=48072 lfbInt=42996 freeDma=4928 lfbDma=2292
1785928256.952|[W][perf] iter=119ms (worst path so far: app.tick:117ms)
1785928256.965|[I][webradio] audio_info: buffers freed, free Heap: 48072 bytes
1785928256.974|[I][webradio] audio_info: Connect to new host: "http://stream.slam.nl/WEB15_MP3"
1785928257.004|[D][chrome] drawVolume pct=100 keyframe=4
1785928257.009|[D][chrome] drawVolume pct=100 keyframe=4
1785928257.034|[W][perf] iter=83ms (worst path so far: app.tick:117ms)
1785928263.982|[I][webradio] audio_info: Request http://stream.slam.nl/WEB15_MP3 failed!
1785928263.985|[W][webradio] connecttohost failed idx=0
1785928263.990|[W][webradio] auto-skip exhausted — no playable station
1785928263.993|[I][spotify.tls] tls yield — resumed
1785928263.995|[D][webradio] ICY:
1785928264.028|[D][chrome] drawVolume pct=100 keyframe=4
1785928264.031|[D][chrome] drawVolume pct=100 keyframe=4
1785928264.057|[W][perf] iter=76ms (worst path so far: wr.connect:7030ms)
1785928269.268|[I][hb] display=winamp wifi=rssi(-51) disc=1 heap=46k maxAlloc=41k stack_hwm=12876b uptime=00:30:34 poll=0/0 last=0 block_max=0ms loop_max=119ms slow=wr.connect:7030ms last_poll_age_ms=0 next_poll_in_ms=5000 last_render_age_ms=5220 build=Aug  5 2026-11:39
1785928286.830|[I][webradio] terminal retry — re-arming scan idx=0
1785928286.838|[I][webradio] play idx=0 name=INJECTED url=http://stream.slam.nl/WEB15_MP3
1785928286.994|[I][spotify.tls] tls yield — client stopped
1785928286.999|[membudget] TASK-267 _play pre-acquire lfbInt=42996 freeInt=48072
1785928287.005|[I][webradio] HEAP pre-connect free=48072 min=43380 maxAlloc=42996
1785928287.013|[membudget] CP1-pre-connect skip=0 freeInt=48072 lfbInt=42996 freeDma=4928 lfbDma=2292
1785928287.018|[W][perf] iter=186ms (worst path so far: app.tick:184ms)
1785928287.032|[I][webradio] audio_info: buffers freed, free Heap: 48072 bytes
1785928287.041|[I][webradio] audio_info: Connect to new host: "http://stream.slam.nl/WEB15_MP3"
1785928287.071|[D][chrome] drawVolume pct=100 keyframe=4
1785928287.075|[D][chrome] drawVolume pct=100 keyframe=4
1785928287.100|[W][perf] iter=82ms (worst path so far: app.tick:184ms)
1785928294.047|[I][webradio] audio_info: Request http://stream.slam.nl/WEB15_MP3 failed!
1785928294.051|[W][webradio] connecttohost failed idx=0
1785928294.056|[W][webradio] auto-skip exhausted — no playable station
1785928294.059|[I][spotify.tls] tls yield — resumed
1785928294.062|[D][webradio] ICY:
1785928294.095|[D][chrome] drawVolume pct=100 keyframe=4
1785928294.098|[D][chrome] drawVolume pct=100 keyframe=4
1785928294.123|[W][perf] iter=76ms (worst path so far: wr.connect:7030ms)
1785928299.267|[I][hb] display=winamp wifi=rssi(-51) disc=1 heap=46k maxAlloc=41k stack_hwm=12876b uptime=00:31:04 poll=0/0 last=0 block_max=0ms loop_max=186ms slow=wr.connect:7030ms last_poll_age_ms=0 next_poll_in_ms=5000 last_render_age_ms=5153 build=Aug  5 2026-11:39
1785928316.830|[I][webradio] terminal retry — re-arming scan idx=0
1785928316.838|[I][webradio] play idx=0 name=INJECTED url=http://stream.slam.nl/WEB15_MP3
1785928317.060|[I][spotify.tls] tls yield — client stopped
1785928317.065|[membudget] TASK-267 _play pre-acquire lfbInt=42996 freeInt=48072
1785928317.071|[I][webradio] HEAP pre-connect free=48072 min=43380 maxAlloc=42996
1785928317.079|[membudget] CP1-pre-connect skip=0 freeInt=48072 lfbInt=42996 freeDma=4928 lfbDma=2292
1785928317.084|[W][perf] iter=254ms (worst path so far: app.tick:251ms)
1785928317.098|[I][webradio] audio_info: buffers freed, free Heap: 48072 bytes
1785928317.107|[I][webradio] audio_info: Connect to new host: "http://stream.slam.nl/WEB15_MP3"
1785928317.137|[D][chrome] drawVolume pct=100 keyframe=4
1785928317.141|[D][chrome] drawVolume pct=100 keyframe=4
1785928317.167|[W][perf] iter=82ms (worst path so far: app.tick:251ms)
1785928324.115|[I][webradio] audio_info: Request http://stream.slam.nl/WEB15_MP3 failed!
1785928324.118|[W][webradio] connecttohost failed idx=0
1785928324.124|[W][webradio] auto-skip exhausted — no playable station
1785928324.126|[I][spotify.tls] tls yield — resumed
1785928324.129|[D][webradio] ICY:
1785928324.162|[D][chrome] drawVolume pct=100 keyframe=4
1785928324.166|[D][chrome] drawVolume pct=100 keyframe=4
1785928324.190|[W][perf] iter=76ms (worst path so far: wr.connect:7031ms)
1785928329.266|[I][hb] display=winamp wifi=rssi(-51) disc=1 heap=46k maxAlloc=41k stack_hwm=12876b uptime=00:31:34 poll=0/0 last=0 block_max=0ms loop_max=254ms slow=wr.connect:7031ms last_poll_age_ms=0 next_poll_in_ms=5000 last_render_age_ms=5085 build=Aug  5 2026-11:39
1785928346.830|[I][webradio] terminal retry — re-arming scan idx=0
1785928346.837|[I][webradio] play idx=0 name=INJECTED url=http://stream.slam.nl/WEB15_MP3
1785928347.124|[I][spotify.tls] tls yield — client stopped
1785928347.130|[membudget] TASK-267 _play pre-acquire lfbInt=42996 freeInt=48072
1785928347.136|[I][webradio] HEAP pre-connect free=48072 min=43380 maxAlloc=42996
1785928347.144|[membudget] CP1-pre-connect skip=0 freeInt=48072 lfbInt=42996 freeDma=4928 lfbDma=2292
1785928347.149|[W][perf] iter=318ms (worst path so far: app.tick:316ms)
1785928347.165|[I][webradio] audio_info: buffers freed, free Heap: 48072 bytes
1785928347.173|[I][webradio] audio_info: Connect to new host: "http://stream.slam.nl/WEB15_MP3"
1785928347.204|[D][chrome] drawVolume pct=100 keyframe=4
1785928347.208|[D][chrome] drawVolume pct=100 keyframe=4
1785928347.232|[W][perf] iter=84ms (worst path so far: app.tick:316ms)
1785928354.180|[I][webradio] audio_info: Request http://stream.slam.nl/WEB15_MP3 failed!
1785928354.182|[W][webradio] connecttohost failed idx=0
1785928354.188|[W][webradio] auto-skip exhausted — no playable station
1785928354.191|[I][spotify.tls] tls yield — resumed
1785928354.193|[D][webradio] ICY:
1785928354.227|[D][chrome] drawVolume pct=100 keyframe=4
1785928354.230|[D][chrome] drawVolume pct=100 keyframe=4
1785928354.254|[W][perf] iter=76ms (worst path so far: wr.connect:7029ms)
1785928359.266|[I][hb] display=winamp wifi=rssi(-51) disc=1 heap=46k maxAlloc=41k stack_hwm=12876b uptime=00:32:04 poll=0/0 last=0 block_max=0ms loop_max=318ms slow=wr.connect:7029ms last_poll_age_ms=0 next_poll_in_ms=5000 last_render_age_ms=5020 build=Aug  5 2026-11:39
1785928376.829|[I][webradio] terminal retry — re-arming scan idx=0
1785928376.837|[I][webradio] play idx=0 name=INJECTED url=http://stream.slam.nl/WEB15_MP3
1785928377.192|[I][spotify.tls] tls yield — client stopped
1785928377.198|[membudget] TASK-267 _play pre-acquire lfbInt=42996 freeInt=55672
1785928377.204|[I][webradio] HEAP pre-connect free=55672 min=43380 maxAlloc=42996
1785928377.212|[membudget] CP1-pre-connect skip=0 freeInt=55672 lfbInt=42996 freeDma=12528 lfbDma=11764
1785928377.217|[W][perf] iter=386ms (worst path so far: app.tick:384ms)
1785928377.230|[I][webradio] audio_info: buffers freed, free Heap: 55672 bytes
1785928377.239|[I][webradio] audio_info: Connect to new host: "http://stream.slam.nl/WEB15_MP3"
1785928377.269|[D][chrome] drawVolume pct=100 keyframe=4
1785928377.273|[D][chrome] drawVolume pct=100 keyframe=4
1785928377.298|[W][perf] iter=82ms (worst path so far: app.tick:384ms)
1785928377.347|[I][webradio] audio_info: Connection has been established in 102 ms, free Heap: 54616 bytes
1785928377.352|[I][webradio] HEAP play free=53416 min=43380
1785928377.386|[D][chrome] drawVolume pct=100 keyframe=4
1785928377.391|[D][chrome] drawVolume pct=100 keyframe=4
1785928377.415|[I][webradio] audio_info: chunked data transfer
1785928377.424|[I][webradio] audio_info: redirect to new host "http://22333.live.streamtheworld.com/WEB15_MP3_SC"
1785928377.436|[I][webradio] audio_info: buffers freed, free Heap: 55024 bytes
1785928377.446|[I][webradio] audio_info: Connect to new host: "http://22333.live.streamtheworld.com/WEB15_MP3_SC"
1785928377.452|[W][perf] iter=91ms (worst path so far: app.tick:384ms)
1785928377.505|[W][perf] iter=55ms (worst path so far: app.tick:384ms)
1785928377.559|[W][perf] iter=54ms (worst path so far: app.tick:384ms)
1785928377.613|[W][perf] iter=54ms (worst path so far: app.tick:384ms)
1785928377.627|[I][webradio] audio_info: Connection has been established in 176 ms, free Heap: 54352 bytes
1785928378.665|[I][webradio] audio_info: icy-name: SLAM! 00's
1785928378.685|[mbdbg] helix alloc: DecInfo=0x3fff9168(2000) FHdr=0x3fff9938(44) SI=0x3fff9964(40) SFJS=0x3fff998c(36) Huff=0x3fff99b0(4624) Deq=0x3fffabc0(792) IMDCT=0x3fffaed8(6944) Sub=0x3fffc9f8(8708) FInfo=0x3fffebfc(28)
1785928378.691|[I][webradio] audio_info: MP3Decoder has been initialized, free Heap: 46248 bytes
1785928378.699|[membudget] CP2-decoder-init freeInt=46248 lfbInt=42996 freeDma=3104 lfbDma=2292 arenaHWM=23216
1785928378.704|[W][perf] iter=53ms (worst path so far: app.tick:384ms)
1785928378.708|[I][webradio] audio_info: stream ready
1785928378.712|[I][webradio] audio_info: syncword found at pos 0
1785928378.725|[I][webradio] audio_info: Channels: 2
1785928378.728|[I][webradio] audio_info: SampleRate: 44100
1785928378.731|[I][webradio] audio_info: BitsPerSample: 16
1785928378.736|[I][webradio] audio_info: BitRate: 128000
1785928379.707|[I][webradio] audio_info: slow stream, dropouts are possible
1785928380.708|[I][webradio] audio_info: slow stream, dropouts are possible
1785928381.709|[I][webradio] audio_info: slow stream, dropouts are possible
1785928382.710|[I][webradio] audio_info: slow stream, dropouts are possible
1785928383.711|[I][webradio] audio_info: slow stream, dropouts are possible
1785928383.936|[W][webradio] stream dead (isRunning=1 for 0ms, bufStalled for 5000ms) — stop + resume Spotify TLS
1785928383.939|[I][webradio] stall idx=0 — retrying once
1785928383.944|[I][spotify.tls] tls yield — resumed
1785928383.975|[D][chrome] drawVolume pct=100 keyframe=4
1785928383.979|[D][chrome] drawVolume pct=100 keyframe=4
1785928384.003|[W][perf] iter=74ms (worst path so far: app.tick:384ms)
1785928384.011|[I][webradio] play idx=0 name=INJECTED url=http://stream.slam.nl/WEB15_MP3
1785928384.443|[I][spotify.tls] tls yield — client stopped
1785928384.448|[membudget] TASK-267 _play pre-acquire lfbInt=42996 freeInt=43756
1785928384.454|[I][webradio] HEAP pre-connect free=43756 min=43380 maxAlloc=42996
1785928384.462|[membudget] CP1-pre-connect skip=0 freeInt=43756 lfbInt=42996 freeDma=612 lfbDma=260
1785928384.467|[W][perf] iter=462ms (worst path so far: app.tick:460ms)
1785928384.487|[I][webradio] audio_info: buffers freed, free Heap: 45416 bytes
1785928384.495|[I][webradio] audio_info: Connect to new host: "http://stream.slam.nl/WEB15_MP3"
1785928384.526|[D][chrome] drawVolume pct=100 keyframe=4
1785928384.535|[I][webradio] audio_info: Connection has been established in 32 ms, free Heap: 44436 bytes
1785928384.538|[D][chrome] drawVolume pct=100 keyframe=4
1785928384.559|[W][perf] iter=92ms (worst path so far: app.tick:460ms)
1785928389.265|[I][hb] display=winamp wifi=rssi(-50) disc=1 heap=43k maxAlloc=41k stack_hwm=12876b uptime=00:32:34 poll=0/0 last=0 block_max=0ms loop_max=462ms slow=app.tick:460ms last_poll_age_ms=0 next_poll_in_ms=5000 last_render_age_ms=4720 build=Aug  5 2026-11:39:45
1785928392.347|[D][chrome] drawVolume pct=100 keyframe=4
1785928392.351|[D][chrome] drawVolume pct=100 keyframe=4
1785928392.377|[W][perf] iter=64ms (worst path so far: wr.connect:7847ms)
1785928397.319|[W][webradio] stream dead (isRunning=1 for 0ms, bufStalled for 5001ms) — stop + resume Spotify TLS
1785928397.322|[W][webradio] auto-skip exhausted — no playable station
1785928397.327|[I][spotify.tls] tls yield — resumed
1785928397.357|[D][chrome] drawVolume pct=100 keyframe=4
1785928397.361|[D][chrome] drawVolume pct=100 keyframe=4
1785928397.387|[W][perf] iter=74ms (worst path so far: wr.connect:7847ms)
1785928414.007|[I][webradio] terminal retry — re-arming scan idx=0
1785928414.015|[I][webradio] play idx=0 name=INJECTED url=http://stream.slam.nl/WEB15_MP3
1785928414.325|[I][spotify.tls] tls yield — client stopped
1785928414.331|[membudget] TASK-267 _play pre-acquire lfbInt=42996 freeInt=44836
1785928414.336|[I][webradio] HEAP pre-connect free=44836 min=43380 maxAlloc=42996
1785928414.345|[membudget] CP1-pre-connect skip=0 freeInt=44836 lfbInt=42996 freeDma=1692 lfbDma=1396
1785928414.350|[W][perf] iter=342ms (worst path so far: wr.connect:7847ms)
1785928414.368|[I][webradio] audio_info: buffers freed, free Heap: 45044 bytes
1785928414.376|[I][webradio] audio_info: Connect to new host: "http://stream.slam.nl/WEB15_MP3"
1785928414.405|[D][chrome] drawVolume pct=100 keyframe=4
1785928414.409|[D][chrome] drawVolume pct=100 keyframe=4
1785928414.435|[W][perf] iter=85ms (worst path so far: wr.connect:7847ms)
1785928415.776|[I][webradio] audio_info: Connection has been established in 1392 ms, free Heap: 44392 bytes
1785928419.265|[I][hb] display=winamp wifi=rssi(-50) disc=1 heap=43k maxAlloc=41k stack_hwm=12876b uptime=00:33:04 poll=0/0 last=0 block_max=0ms loop_max=342ms slow=wr.connect:7847ms last_poll_age_ms=0 next_poll_in_ms=5000 last_render_age_ms=4840 build=Aug  5 2026-11:39
1785928423.319|[I][webradio] HEAP play free=44604 min=43240
1785928423.354|[D][chrome] drawVolume pct=100 keyframe=4
1785928423.358|[D][chrome] drawVolume pct=100 keyframe=4
1785928423.384|[W][perf] iter=65ms (worst path so far: wr.connect:8969ms)
1785928428.324|[W][webradio] stream dead (isRunning=1 for 0ms, bufStalled for 5000ms) — stop + resume Spotify TLS
1785928428.327|[I][webradio] stall idx=0 — retrying once
1785928428.337|[I][spotify.tls] tls yield — resumed
1785928428.363|[D][chrome] drawVolume pct=100 keyframe=4
1785928428.367|[D][chrome] drawVolume pct=100 keyframe=4
1785928428.391|[W][perf] iter=74ms (worst path so far: wr.connect:8969ms)
1785928428.399|[I][webradio] play idx=0 name=INJECTED url=http://stream.slam.nl/WEB15_MP3
1785928428.838|[I][spotify.tls] tls yield — client stopped
1785928428.844|[membudget] TASK-267 _play pre-acquire lfbInt=42996 freeInt=44604
1785928428.849|[I][webradio] HEAP pre-connect free=44604 min=43240 maxAlloc=42996
1785928428.857|[membudget] CP1-pre-connect skip=0 freeInt=44604 lfbInt=42996 freeDma=1460 lfbDma=1076
1785928428.863|[W][perf] iter=469ms (worst path so far: wr.connect:8969ms)
1785928428.882|[I][webradio] audio_info: buffers freed, free Heap: 44820 bytes
1785928428.891|[I][webradio] audio_info: Connect to new host: "http://stream.slam.nl/WEB15_MP3"
1785928428.918|[D][chrome] drawVolume pct=100 keyframe=4
1785928428.922|[D][chrome] drawVolume pct=100 keyframe=4
1785928428.948|[W][perf] iter=85ms (worst path so far: wr.connect:8969ms)
1785928433.904|[I][webradio] audio_info: Request http://stream.slam.nl/WEB15_MP3 failed!
1785928433.904|[D][webradio] ICY:
1785928433.910|[W][webradio] connecttohost failed idx=0
1785928433.914|[W][webradio] auto-skip exhausted — no playable station
1785928433.917|[I][spotify.tls] tls yield — resumed
1785928433.948|[D][chrome] drawVolume pct=100 keyframe=4
1785928433.953|[D][chrome] drawVolume pct=100 keyframe=4
1785928433.980|[W][perf] iter=74ms (worst path so far: wr.connect:8969ms)
1785928449.265|[I][hb] display=winamp wifi=rssi(-51) disc=1 heap=43k maxAlloc=41k stack_hwm=12876b uptime=00:33:34 poll=0/0 last=0 block_max=0ms loop_max=469ms slow=wr.connect:8969ms last_poll_age_ms=0 next_poll_in_ms=5000 last_render_age_ms=15296 build=Aug  5 2026-11:3
1785928458.395|[I][webradio] terminal retry — re-arming scan idx=0
1785928458.402|[I][webradio] play idx=0 name=INJECTED url=http://stream.slam.nl/WEB15_MP3
1785928458.415|[I][spotify.tls] tls yield — client stopped
1785928458.421|[membudget] TASK-267 _play pre-acquire lfbInt=42996 freeInt=44820
1785928458.426|[I][webradio] HEAP pre-connect free=44820 min=43240 maxAlloc=42996
1785928458.434|[membudget] CP1-pre-connect skip=0 freeInt=44820 lfbInt=42996 freeDma=1676 lfbDma=948
1785928458.454|[I][webradio] audio_info: buffers freed, free Heap: 44820 bytes
1785928458.463|[I][webradio] audio_info: Connect to new host: "http://stream.slam.nl/WEB15_MP3"
1785928458.494|[D][chrome] drawVolume pct=100 keyframe=4
1785928458.498|[D][chrome] drawVolume pct=100 keyframe=4
1785928458.523|[W][perf] iter=84ms (worst path so far: app.tick:66ms)
1785928463.475|[I][webradio] audio_info: Request http://stream.slam.nl/WEB15_MP3 failed!
1785928463.478|[W][webradio] connecttohost failed idx=0
1785928463.484|[W][webradio] auto-skip exhausted — no playable station
1785928463.487|[I][spotify.tls] tls yield — resumed
1785928463.489|[D][webradio] ICY:
1785928463.523|[D][chrome] drawVolume pct=100 keyframe=4
1785928463.526|[D][chrome] drawVolume pct=100 keyframe=4
1785928463.552|[W][perf] iter=76ms (worst path so far: wr.connect:5034ms)
1785928479.265|[I][hb] display=winamp wifi=rssi(-52) disc=1 heap=43k maxAlloc=41k stack_hwm=12876b uptime=00:34:04 poll=0/0 last=0 block_max=0ms loop_max=84ms slow=wr.connect:5034ms last_poll_age_ms=0 next_poll_in_ms=5000 last_render_age_ms=15722 build=Aug  5 2026-11:39
1785928488.394|[I][webradio] terminal retry — re-arming scan idx=0
1785928488.402|[I][webradio] play idx=0 name=INJECTED url=http://stream.slam.nl/WEB15_MP3
1785928488.484|[I][spotify.tls] tls yield — client stopped
1785928488.489|[membudget] TASK-267 _play pre-acquire lfbInt=42996 freeInt=44968
1785928488.495|[I][webradio] HEAP pre-connect free=44968 min=43240 maxAlloc=42996
1785928488.503|[membudget] CP1-pre-connect skip=0 freeInt=44968 lfbInt=42996 freeDma=1824 lfbDma=1076
1785928488.508|[W][perf] iter=113ms (worst path so far: app.tick:111ms)
1785928488.523|[I][webradio] audio_info: buffers freed, free Heap: 44968 bytes
1785928488.532|[I][webradio] audio_info: Connect to new host: "http://stream.slam.nl/WEB15_MP3"
1785928488.563|[D][chrome] drawVolume pct=100 keyframe=4
1785928488.566|[D][chrome] drawVolume pct=100 keyframe=4
1785928488.591|[W][perf] iter=83ms (worst path so far: app.tick:111ms)
1785928493.546|[I][webradio] audio_info: Request http://stream.slam.nl/WEB15_MP3 failed!
1785928493.548|[W][webradio] connecttohost failed idx=0
1785928493.554|[W][webradio] auto-skip exhausted — no playable station
1785928493.557|[I][spotify.tls] tls yield — resumed
1785928493.559|[D][webradio] ICY:
1785928493.592|[D][chrome] drawVolume pct=100 keyframe=4
1785928493.596|[D][chrome] drawVolume pct=100 keyframe=4
1785928493.620|[W][perf] iter=77ms (worst path so far: wr.connect:5036ms)
1785928509.264|[I][hb] display=winamp wifi=rssi(-51) disc=1 heap=44k maxAlloc=41k stack_hwm=12876b uptime=00:34:34 poll=0/0 last=0 block_max=0ms loop_max=113ms slow=wr.connect:5036ms last_poll_age_ms=0 next_poll_in_ms=5000 last_render_age_ms=15652 build=Aug  5 2026-11:3
1785928518.394|[I][webradio] terminal retry — re-arming scan idx=0
1785928518.402|[I][webradio] play idx=0 name=INJECTED url=http://stream.slam.nl/WEB15_MP3
1785928518.555|[I][spotify.tls] tls yield — client stopped
1785928518.560|[membudget] TASK-267 _play pre-acquire lfbInt=42996 freeInt=45416
1785928518.566|[I][webradio] HEAP pre-connect free=45416 min=43240 maxAlloc=42996
1785928518.574|[membudget] CP1-pre-connect skip=0 freeInt=45416 lfbInt=42996 freeDma=2272 lfbDma=1076
1785928518.579|[W][perf] iter=184ms (worst path so far: app.tick:182ms)
1785928518.594|[I][webradio] audio_info: buffers freed, free Heap: 45416 bytes
1785928518.603|[I][webradio] audio_info: Connect to new host: "http://stream.slam.nl/WEB15_MP3"
1785928518.634|[D][chrome] drawVolume pct=100 keyframe=4
1785928518.638|[D][chrome] drawVolume pct=100 keyframe=4
1785928518.663|[W][perf] iter=84ms (worst path so far: app.tick:182ms)
1785928523.616|[I][webradio] audio_info: Request http://stream.slam.nl/WEB15_MP3 failed!
1785928523.619|[W][webradio] connecttohost failed idx=0
1785928523.625|[W][webradio] auto-skip exhausted — no playable station
1785928523.628|[I][spotify.tls] tls yield — resumed
1785928523.630|[D][webradio] ICY:
1785928523.664|[D][chrome] drawVolume pct=100 keyframe=4
1785928523.668|[D][chrome] drawVolume pct=100 keyframe=4
1785928523.692|[W][perf] iter=77ms (worst path so far: wr.connect:5035ms)
1785928539.263|[I][hb] display=winamp wifi=rssi(-50) disc=1 heap=44k maxAlloc=41k stack_hwm=12876b uptime=00:35:04 poll=0/0 last=0 block_max=0ms loop_max=184ms slow=wr.connect:5035ms last_poll_age_ms=0 next_poll_in_ms=5000 last_render_age_ms=15580 build=Aug  5 2026-11:3
1785928548.393|[I][webradio] terminal retry — re-arming scan idx=0
1785928548.401|[I][webradio] play idx=0 name=INJECTED url=http://stream.slam.nl/WEB15_MP3
1785928548.625|[I][spotify.tls] tls yield — client stopped
1785928548.630|[membudget] TASK-267 _play pre-acquire lfbInt=42996 freeInt=45640
1785928548.636|[I][webradio] HEAP pre-connect free=45640 min=43240 maxAlloc=42996
1785928548.644|[membudget] CP1-pre-connect skip=0 freeInt=45640 lfbInt=42996 freeDma=2496 lfbDma=1716
1785928548.649|[W][perf] iter=255ms (worst path so far: app.tick:253ms)
1785928548.663|[I][webradio] audio_info: buffers freed, free Heap: 45640 bytes
1785928548.672|[I][webradio] audio_info: Connect to new host: "http://stream.slam.nl/WEB15_MP3"
1785928548.705|[D][chrome] drawVolume pct=100 keyframe=4
1785928548.713|[I][webradio] audio_info: Connection has been established in 32 ms, free Heap: 44864 bytes
1785928548.717|[D][chrome] drawVolume pct=100 keyframe=4
1785928548.738|[W][perf] iter=88ms (worst path so far: app.tick:253ms)
1785928549.773|{"ok":true,"cmd":"get","var":"wrState","state":1,"last":true}
1785928549.783|{"ok":true,"cmd":"get","var":"wrIdx","idx":0,"last":true}
1785928557.340|[I][webradio] HEAP play free=45060 min=43240
1785928557.375|[D][chrome] drawVolume pct=100 keyframe=4
1785928557.379|[D][chrome] drawVolume pct=100 keyframe=4
1785928557.406|[W][perf] iter=66ms (worst path so far: wr.connect:8690ms)
1785928562.345|[W][webradio] stream dead (isRunning=1 for 0ms, bufStalled for 5000ms) — stop + resume Spotify TLS
1785928562.349|[I][webradio] stall idx=0 — retrying once
1785928562.356|[I][spotify.tls] tls yield — resumed
1785928562.385|[D][chrome] drawVolume pct=100 keyframe=4
1785928562.388|[D][chrome] drawVolume pct=100 keyframe=4
1785928562.413|[W][perf] iter=75ms (worst path so far: wr.connect:8690ms)
1785928562.421|[I][webradio] play idx=0 name=INJECTED url=http://stream.slam.nl/WEB15_MP3
1785928562.858|[I][spotify.tls] tls yield — client stopped
1785928562.863|[membudget] TASK-267 _play pre-acquire lfbInt=42996 freeInt=45060
1785928562.869|[I][webradio] HEAP pre-connect free=45060 min=43240 maxAlloc=42996
1785928562.876|[membudget] CP1-pre-connect skip=0 freeInt=45060 lfbInt=42996 freeDma=1916 lfbDma=1460
1785928562.883|[W][perf] iter=467ms (worst path so far: wr.connect:8690ms)
1785928562.903|[I][webradio] audio_info: buffers freed, free Heap: 45264 bytes
1785928562.912|[I][webradio] audio_info: Connect to new host: "http://stream.slam.nl/WEB15_MP3"
1785928562.938|[D][chrome] drawVolume pct=100 keyframe=4
1785928562.942|[D][chrome] drawVolume pct=100 keyframe=4
1785928562.967|[W][perf] iter=85ms (worst path so far: wr.connect:8690ms)
1785928567.923|[I][webradio] audio_info: Request http://stream.slam.nl/WEB15_MP3 failed!
1785928567.923|[D][webradio] ICY:
1785928567.928|[W][webradio] connecttohost failed idx=0
1785928567.934|[W][webradio] auto-skip exhausted — no playable station
1785928567.937|[I][spotify.tls] tls yield — resumed
1785928567.967|[D][chrome] drawVolume pct=100 keyframe=4
1785928567.971|[D][chrome] drawVolume pct=100 keyframe=4
1785928567.996|[W][perf] iter=73ms (worst path so far: wr.connect:8690ms)
1785928569.263|[I][hb] display=winamp wifi=rssi(-53) disc=1 heap=44k maxAlloc=41k stack_hwm=12876b uptime=00:35:34 poll=0/0 last=0 block_max=0ms loop_max=467ms slow=wr.connect:8690ms last_poll_age_ms=0 next_poll_in_ms=5000 last_render_age_ms=1276 build=Aug  5 2026-11:39
1785928592.415|[I][webradio] terminal retry — re-arming scan idx=0
1785928592.423|[I][webradio] play idx=0 name=INJECTED url=http://stream.slam.nl/WEB15_MP3
1785928592.433|[I][spotify.tls] tls yield — client stopped
1785928592.438|[membudget] TASK-267 _play pre-acquire lfbInt=42996 freeInt=45264
1785928592.443|[I][webradio] HEAP pre-connect free=45264 min=43240 maxAlloc=42996
1785928592.452|[membudget] CP1-pre-connect skip=0 freeInt=45264 lfbInt=42996 freeDma=2120 lfbDma=1460
1785928592.472|[I][webradio] audio_info: buffers freed, free Heap: 45264 bytes
1785928592.481|[I][webradio] audio_info: Connect to new host: "http://stream.slam.nl/WEB15_MP3"
1785928592.512|[D][chrome] drawVolume pct=100 keyframe=4
1785928592.516|[D][chrome] drawVolume pct=100 keyframe=4
1785928592.541|[W][perf] iter=84ms (worst path so far: app.tick:66ms)
1785928595.475|[I][webradio] audio_info: Connection has been established in 2986 ms, free Heap: 44420 bytes
1785928599.264|[I][hb] display=winamp wifi=rssi(-52) disc=1 heap=43k maxAlloc=41k stack_hwm=12876b uptime=00:36:04 poll=0/0 last=0 block_max=0ms loop_max=84ms slow=app.tick:66ms last_poll_age_ms=0 next_poll_in_ms=5000 last_render_age_ms=6730 build=Aug  5 2026-11:39:45
1785928604.351|[I][webradio] HEAP play free=44836 min=43240
1785928604.387|[D][chrome] drawVolume pct=100 keyframe=4
1785928604.391|[D][chrome] drawVolume pct=100 keyframe=4
1785928604.417|[W][perf] iter=66ms (worst path so far: wr.connect:11892ms)
1785928609.356|[W][webradio] stream dead (isRunning=1 for 0ms, bufStalled for 5000ms) — stop + resume Spotify TLS
1785928609.360|[I][webradio] stall idx=0 — retrying once
1785928609.364|[I][spotify.tls] tls yield — resumed
1785928609.396|[D][chrome] drawVolume pct=100 keyframe=4
1785928609.399|[D][chrome] drawVolume pct=100 keyframe=4
1785928609.424|[W][perf] iter=74ms (worst path so far: wr.connect:11892ms)
1785928609.431|[I][webradio] play idx=0 name=INJECTED url=http://stream.slam.nl/WEB15_MP3
1785928609.863|[I][spotify.tls] tls yield — client stopped
1785928609.870|[membudget] TASK-267 _play pre-acquire lfbInt=42996 freeInt=44836
1785928609.874|[I][webradio] HEAP pre-connect free=44836 min=43240 maxAlloc=42996
1785928609.883|[membudget] CP1-pre-connect skip=0 freeInt=44836 lfbInt=42996 freeDma=1668 lfbDma=1268
1785928609.889|[W][perf] iter=462ms (worst path so far: wr.connect:11892ms)
1785928609.907|[I][webradio] audio_info: buffers freed, free Heap: 45044 bytes
1785928609.916|[I][webradio] audio_info: Connect to new host: "http://stream.slam.nl/WEB15_MP3"
1785928609.944|[D][chrome] drawVolume pct=100 keyframe=4
1785928609.947|[D][chrome] drawVolume pct=100 keyframe=4
1785928609.973|[W][perf] iter=85ms (worst path so far: wr.connect:11892ms)
1785928614.927|[I][webradio] audio_info: Request http://stream.slam.nl/WEB15_MP3 failed!
1785928614.927|[D][webradio] ICY:
1785928614.932|[W][webradio] connecttohost failed idx=0
1785928614.938|[W][webradio] auto-skip exhausted — no playable station
1785928614.941|[I][spotify.tls] tls yield — resumed
1785928614.973|[D][chrome] drawVolume pct=100 keyframe=4
1785928614.976|[D][chrome] drawVolume pct=100 keyframe=4
1785928615.004|[W][perf] iter=74ms (worst path so far: wr.connect:11892ms)
1785928629.263|[I][hb] display=winamp wifi=rssi(-50) disc=1 heap=43k maxAlloc=41k stack_hwm=12876b uptime=00:36:34 poll=0/0 last=0 block_max=0ms loop_max=462ms slow=wr.connect:11892ms last_poll_age_ms=0 next_poll_in_ms=5000 last_render_age_ms=14269 build=Aug  5 2026-11:
1785928639.427|[I][webradio] terminal retry — re-arming scan idx=0
1785928639.435|[I][webradio] play idx=0 name=INJECTED url=http://stream.slam.nl/WEB15_MP3
1785928639.439|[I][spotify.tls] tls yield — client stopped
1785928639.444|[membudget] TASK-267 _play pre-acquire lfbInt=42996 freeInt=45044
1785928639.450|[I][webradio] HEAP pre-connect free=45044 min=43240 maxAlloc=42996
1785928639.458|[membudget] CP1-pre-connect skip=0 freeInt=45044 lfbInt=42996 freeDma=1900 lfbDma=1268
1785928639.478|[I][webradio] audio_info: buffers freed, free Heap: 45044 bytes
1785928639.488|[I][webradio] audio_info: Connect to new host: "http://stream.slam.nl/WEB15_MP3"
1785928639.518|[D][chrome] drawVolume pct=100 keyframe=4
1785928639.522|[D][chrome] drawVolume pct=100 keyframe=4
1785928639.547|[W][perf] iter=84ms (worst path so far: app.tick:66ms)
1785928644.500|[I][webradio] audio_info: Request http://stream.slam.nl/WEB15_MP3 failed!
1785928644.502|[W][webradio] connecttohost failed idx=0
1785928644.508|[W][webradio] auto-skip exhausted — no playable station
1785928644.511|[I][spotify.tls] tls yield — resumed
1785928644.513|[D][webradio] ICY:
1785928644.547|[D][chrome] drawVolume pct=100 keyframe=4
1785928644.550|[D][chrome] drawVolume pct=100 keyframe=4
1785928644.575|[W][perf] iter=77ms (worst path so far: wr.connect:5034ms)
1785928659.262|[I][hb] display=winamp wifi=rssi(-51) disc=1 heap=44k maxAlloc=41k stack_hwm=12876b uptime=00:37:04 poll=0/0 last=0 block_max=0ms loop_max=84ms slow=wr.connect:5034ms last_poll_age_ms=0 next_poll_in_ms=5000 last_render_age_ms=14695 build=Aug  5 2026-11:39
1785928669.427|[I][webradio] terminal retry — re-arming scan idx=0
1785928669.434|[I][webradio] play idx=0 name=INJECTED url=http://stream.slam.nl/WEB15_MP3
1785928669.508|[I][spotify.tls] tls yield — client stopped
1785928669.513|[membudget] TASK-267 _play pre-acquire lfbInt=42996 freeInt=45192
1785928669.519|[I][webradio] HEAP pre-connect free=45192 min=43240 maxAlloc=42996
1785928669.527|[membudget] CP1-pre-connect skip=0 freeInt=45192 lfbInt=42996 freeDma=2048 lfbDma=1268
1785928669.532|[W][perf] iter=105ms (worst path so far: app.tick:103ms)
1785928669.546|[I][webradio] audio_info: buffers freed, free Heap: 45192 bytes
1785928669.555|[I][webradio] audio_info: Connect to new host: "http://stream.slam.nl/WEB15_MP3"
1785928669.586|[D][chrome] drawVolume pct=100 keyframe=4
1785928669.590|[D][chrome] drawVolume pct=100 keyframe=4
1785928669.600|[I][webradio] audio_info: Connection has been established in 38 ms, free Heap: 44416 bytes
1785928669.621|[W][perf] iter=88ms (worst path so far: app.tick:103ms)
1785928678.363|[I][webradio] HEAP play free=44644 min=43240
1785928678.398|[D][chrome] drawVolume pct=100 keyframe=4
1785928678.402|[D][chrome] drawVolume pct=100 keyframe=4
1785928678.428|[W][perf] iter=66ms (worst path so far: wr.connect:8830ms)
1785928683.368|[W][webradio] stream dead (isRunning=1 for 0ms, bufStalled for 5000ms) — stop + resume Spotify TLS
1785928683.371|[I][webradio] stall idx=0 — retrying once
1785928683.379|[I][spotify.tls] tls yield — resumed
1785928683.408|[D][chrome] drawVolume pct=100 keyframe=4
1785928683.411|[D][chrome] drawVolume pct=100 keyframe=4
1785928683.436|[W][perf] iter=74ms (worst path so far: wr.connect:8830ms)
1785928683.443|[I][webradio] play idx=0 name=INJECTED url=http://stream.slam.nl/WEB15_MP3
1785928683.880|[I][spotify.tls] tls yield — client stopped
1785928683.886|[membudget] TASK-267 _play pre-acquire lfbInt=42996 freeInt=44644
1785928683.892|[I][webradio] HEAP pre-connect free=44644 min=43240 maxAlloc=42996
1785928683.899|[membudget] CP1-pre-connect skip=0 freeInt=44644 lfbInt=42996 freeDma=1500 lfbDma=1012
1785928683.904|[W][perf] iter=467ms (worst path so far: wr.connect:8830ms)
1785928683.925|[I][webradio] audio_info: buffers freed, free Heap: 44816 bytes
1785928683.934|[I][webradio] audio_info: Connect to new host: "http://stream.slam.nl/WEB15_MP3"
1785928683.960|[D][chrome] drawVolume pct=100 keyframe=4
1785928683.963|[D][chrome] drawVolume pct=100 keyframe=4
1785928683.989|[W][perf] iter=84ms (worst path so far: wr.connect:8830ms)
1785928689.262|[I][hb] display=winamp wifi=rssi(-53) disc=1 heap=43k maxAlloc=41k stack_hwm=12876b uptime=00:37:34 poll=0/0 last=0 block_max=0ms loop_max=467ms slow=wr.connect:8830ms last_poll_age_ms=0 next_poll_in_ms=5000 last_render_age_ms=5283 build=Aug  5 2026-11:39
1785928690.941|[I][webradio] audio_info: Request http://stream.slam.nl/WEB15_MP3 failed!
1785928690.944|[W][webradio] connecttohost failed idx=0
1785928690.948|[W][webradio] auto-skip exhausted — no playable station
1785928690.951|[I][spotify.tls] tls yield — resumed
1785928690.954|[D][webradio] ICY:
1785928690.987|[D][chrome] drawVolume pct=100 keyframe=4
1785928690.991|[D][chrome] drawVolume pct=100 keyframe=4
1785928691.015|[W][perf] iter=76ms (worst path so far: wr.connect:7034ms)
1785928713.439|[I][webradio] terminal retry — re-arming scan idx=0
1785928713.447|[I][webradio] play idx=0 name=INJECTED url=http://stream.slam.nl/WEB15_MP3
1785928713.450|[I][spotify.tls] tls yield — client stopped
1785928713.456|[membudget] TASK-267 _play pre-acquire lfbInt=42996 freeInt=44852
1785928713.461|[I][webradio] HEAP pre-connect free=44852 min=43240 maxAlloc=42996
1785928713.470|[membudget] CP1-pre-connect skip=0 freeInt=44852 lfbInt=42996 freeDma=1708 lfbDma=1012
1785928713.487|[I][webradio] audio_info: buffers freed, free Heap: 44852 bytes
1785928713.496|[I][webradio] audio_info: Connect to new host: "http://stream.slam.nl/WEB15_MP3"
1785928713.526|[D][chrome] drawVolume pct=100 keyframe=4
1785928713.530|[D][chrome] drawVolume pct=100 keyframe=4
1785928713.556|[W][perf] iter=82ms (worst path so far: wr.connect:7034ms)
1785928719.262|[I][hb] display=winamp wifi=rssi(-52) disc=1 heap=43k maxAlloc=41k stack_hwm=12876b uptime=00:38:04 poll=0/0 last=0 block_max=0ms loop_max=82ms slow=wr.connect:7034ms last_poll_age_ms=0 next_poll_in_ms=5000 last_render_age_ms=5716 build=Aug  5 2026-11:39:
1785928720.502|[I][webradio] audio_info: Request http://stream.slam.nl/WEB15_MP3 failed!
1785928720.505|[W][webradio] connecttohost failed idx=0
1785928720.511|[W][webradio] auto-skip exhausted — no playable station
1785928720.513|[D][webradio] ICY:
1785928720.516|[I][spotify.tls] tls yield — resumed
1785928720.548|[D][chrome] drawVolume pct=100 keyframe=4
1785928720.551|[D][chrome] drawVolume pct=100 keyframe=4
1785928720.576|[W][perf] iter=74ms (worst path so far: wr.connect:7030ms)
1785928743.439|[I][webradio] terminal retry — re-arming scan idx=0
1785928743.446|[I][webradio] play idx=0 name=INJECTED url=http://stream.slam.nl/WEB15_MP3
1785928743.514|[I][spotify.tls] tls yield — client stopped
1785928743.519|[membudget] TASK-267 _play pre-acquire lfbInt=42996 freeInt=45076
1785928743.525|[I][webradio] HEAP pre-connect free=45076 min=43240 maxAlloc=42996
1785928743.533|[membudget] CP1-pre-connect skip=0 freeInt=45076 lfbInt=42996 freeDma=1932 lfbDma=1012
1785928743.538|[W][perf] iter=99ms (worst path so far: wr.connect:7030ms)
1785928743.554|[I][webradio] audio_info: buffers freed, free Heap: 45076 bytes
1785928743.563|[I][webradio] audio_info: Connect to new host: "http://stream.slam.nl/WEB15_MP3"
1785928743.593|[D][chrome] drawVolume pct=100 keyframe=4
1785928743.597|[D][chrome] drawVolume pct=100 keyframe=4
1785928743.622|[W][perf] iter=84ms (worst path so far: wr.connect:7030ms)
1785928749.261|[I][hb] display=winamp wifi=rssi(-54) disc=1 heap=43k maxAlloc=41k stack_hwm=12876b uptime=00:38:34 poll=0/0 last=0 block_max=0ms loop_max=99ms slow=wr.connect:7030ms last_poll_age_ms=0 next_poll_in_ms=5000 last_render_age_ms=5648 build=Aug  5 2026-11:39:
1785928750.570|[I][webradio] audio_info: Request http://stream.slam.nl/WEB15_MP3 failed!
1785928750.572|[W][webradio] connecttohost failed idx=0
1785928750.578|[W][webradio] auto-skip exhausted — no playable station
1785928750.580|[I][spotify.tls] tls yield — resumed
1785928750.583|[D][webradio] ICY:
1785928750.617|[D][chrome] drawVolume pct=100 keyframe=4
1785928750.621|[D][chrome] drawVolume pct=100 keyframe=4
1785928750.645|[W][perf] iter=76ms (worst path so far: wr.connect:7029ms)
1785928773.438|[I][webradio] terminal retry — re-arming scan idx=0
1785928773.445|[I][webradio] play idx=0 name=INJECTED url=http://stream.slam.nl/WEB15_MP3
1785928773.581|[I][spotify.tls] tls yield — client stopped
1785928773.587|[membudget] TASK-267 _play pre-acquire lfbInt=42996 freeInt=45300
1785928773.593|[I][webradio] HEAP pre-connect free=45300 min=43240 maxAlloc=42996
1785928773.601|[membudget] CP1-pre-connect skip=0 freeInt=45300 lfbInt=42996 freeDma=2156 lfbDma=1012
1785928773.606|[W][perf] iter=167ms (worst path so far: wr.connect:7029ms)
1785928773.620|[I][webradio] audio_info: buffers freed, free Heap: 45300 bytes
1785928773.629|[I][webradio] audio_info: Connect to new host: "http://stream.slam.nl/WEB15_MP3"
1785928773.659|[D][chrome] drawVolume pct=100 keyframe=4
1785928773.663|[D][chrome] drawVolume pct=100 keyframe=4
1785928773.689|[W][perf] iter=82ms (worst path so far: wr.connect:7029ms)
1785928779.263|[I][hb] display=winamp wifi=rssi(-54) disc=1 heap=43k maxAlloc=41k stack_hwm=12876b uptime=00:39:04 poll=0/0 last=0 block_max=0ms loop_max=167ms slow=wr.connect:7029ms last_poll_age_ms=0 next_poll_in_ms=5000 last_render_age_ms=5583 build=Aug  5 2026-11:39
1785928780.636|[I][webradio] audio_info: Request http://stream.slam.nl/WEB15_MP3 failed!
1785928780.638|[W][webradio] connecttohost failed idx=0
1785928780.644|[W][webradio] auto-skip exhausted — no playable station
1785928780.647|[I][spotify.tls] tls yield — resumed
1785928780.649|[D][webradio] ICY:
1785928780.682|[D][chrome] drawVolume pct=100 keyframe=4
1785928780.686|[D][chrome] drawVolume pct=100 keyframe=4
1785928780.711|[W][perf] iter=76ms (worst path so far: wr.connect:7029ms)
1785928803.438|[I][webradio] terminal retry — re-arming scan idx=0
1785928803.445|[I][webradio] play idx=0 name=INJECTED url=http://stream.slam.nl/WEB15_MP3
1785928803.645|[I][spotify.tls] tls yield — client stopped
1785928803.651|[membudget] TASK-267 _play pre-acquire lfbInt=42996 freeInt=45300
1785928803.656|[I][webradio] HEAP pre-connect free=45300 min=43240 maxAlloc=42996
1785928803.665|[membudget] CP1-pre-connect skip=0 freeInt=45300 lfbInt=42996 freeDma=2156 lfbDma=1012
1785928803.670|[W][perf] iter=231ms (worst path so far: wr.connect:7029ms)
1785928803.685|[I][webradio] audio_info: buffers freed, free Heap: 45300 bytes
1785928803.693|[I][webradio] audio_info: Connect to new host: "http://stream.slam.nl/WEB15_MP3"
1785928803.724|[D][chrome] drawVolume pct=100 keyframe=4
1785928803.728|[D][chrome] drawVolume pct=100 keyframe=4
1785928803.755|[W][perf] iter=84ms (worst path so far: wr.connect:7029ms)
1785928809.263|[I][hb] display=winamp wifi=rssi(-53) disc=1 heap=43k maxAlloc=41k stack_hwm=12876b uptime=00:39:34 poll=0/0 last=0 block_max=0ms loop_max=231ms slow=wr.connect:7029ms last_poll_age_ms=0 next_poll_in_ms=5000 last_render_age_ms=5518 build=Aug  5 2026-11:39
1785928810.700|[I][webradio] audio_info: Request http://stream.slam.nl/WEB15_MP3 failed!
1785928810.703|[W][webradio] connecttohost failed idx=0
1785928810.708|[W][webradio] auto-skip exhausted — no playable station
1785928810.711|[D][webradio] ICY:
1785928810.714|[I][spotify.tls] tls yield — resumed
1785928810.745|[D][chrome] drawVolume pct=100 keyframe=4
1785928810.749|[D][chrome] drawVolume pct=100 keyframe=4
1785928810.773|[W][perf] iter=74ms (worst path so far: wr.connect:7029ms)
1785928833.436|[I][webradio] terminal retry — re-arming scan idx=0
1785928833.444|[I][webradio] play idx=0 name=INJECTED url=http://stream.slam.nl/WEB15_MP3
1785928833.712|[I][spotify.tls] tls yield — client stopped
1785928833.717|[membudget] TASK-267 _play pre-acquire lfbInt=42996 freeInt=45300
1785928833.722|[I][webradio] HEAP pre-connect free=45300 min=43240 maxAlloc=42996
1785928833.731|[membudget] CP1-pre-connect skip=0 freeInt=45264 lfbInt=42996 freeDma=2156 lfbDma=1012
1785928833.737|[W][perf] iter=298ms (worst path so far: wr.connect:7029ms)
1785928833.752|[I][webradio] audio_info: buffers freed, free Heap: 45300 bytes
1785928833.761|[I][webradio] audio_info: Connect to new host: "http://stream.slam.nl/WEB15_MP3"
1785928833.791|[D][chrome] drawVolume pct=100 keyframe=4
1785928833.794|[D][chrome] drawVolume pct=100 keyframe=4
1785928833.820|[W][perf] iter=83ms (worst path so far: wr.connect:7029ms)
1785928839.261|[I][hb] display=winamp wifi=rssi(-53) disc=1 heap=43k maxAlloc=41k stack_hwm=12876b uptime=00:40:04 poll=0/0 last=0 block_max=0ms loop_max=298ms slow=wr.connect:7029ms last_poll_age_ms=0 next_poll_in_ms=5000 last_render_age_ms=5451 build=Aug  5 2026-11:39
1785928840.767|[I][webradio] audio_info: Request http://stream.slam.nl/WEB15_MP3 failed!
1785928840.769|[W][webradio] connecttohost failed idx=0
1785928840.776|[W][webradio] auto-skip exhausted — no playable station
1785928840.779|[I][spotify.tls] tls yield — resumed
1785928840.780|[D][webradio] ICY:
1785928840.813|[D][chrome] drawVolume pct=100 keyframe=4
1785928840.817|[D][chrome] drawVolume pct=100 keyframe=4
1785928840.841|[W][perf] iter=76ms (worst path so far: wr.connect:7029ms)
1785928849.855|{"ok":true,"cmd":"get","var":"wrState","state":5,"last":true}
1785928849.865|{"ok":true,"cmd":"get","var":"wrIdx","idx":0,"last":true}
1785928863.436|[I][webradio] terminal retry — re-arming scan idx=0
1785928863.444|[I][webradio] play idx=0 name=INJECTED url=http://stream.slam.nl/WEB15_MP3
1785928863.780|[I][spotify.tls] tls yield — client stopped
1785928863.785|[membudget] TASK-267 _play pre-acquire lfbInt=42996 freeInt=45300
1785928863.791|[I][webradio] HEAP pre-connect free=45300 min=43240 maxAlloc=42996
1785928863.798|[membudget] CP1-pre-connect skip=0 freeInt=45300 lfbInt=42996 freeDma=2156 lfbDma=1012
1785928863.804|[W][perf] iter=366ms (worst path so far: wr.connect:7029ms)
1785928863.818|[I][webradio] audio_info: buffers freed, free Heap: 45300 bytes
1785928863.827|[I][webradio] audio_info: Connect to new host: "http://stream.slam.nl/WEB15_MP3"
1785928863.857|[D][chrome] drawVolume pct=100 keyframe=4
1785928863.860|[D][chrome] drawVolume pct=100 keyframe=4
1785928863.886|[W][perf] iter=82ms (worst path so far: wr.connect:7029ms)
1785928869.260|[I][hb] display=winamp wifi=rssi(-53) disc=1 heap=43k maxAlloc=41k stack_hwm=12876b uptime=00:40:34 poll=0/0 last=0 block_max=0ms loop_max=366ms slow=wr.connect:7029ms last_poll_age_ms=0 next_poll_in_ms=5000 last_render_age_ms=5385 build=Aug  5 2026-11:39
1785928870.834|[I][webradio] audio_info: Request http://stream.slam.nl/WEB15_MP3 failed!
1785928870.836|[W][webradio] connecttohost failed idx=0
1785928870.842|[W][webradio] auto-skip exhausted — no playable station
1785928870.844|[I][spotify.tls] tls yield — resumed
1785928870.847|[D][webradio] ICY:
1785928870.880|[D][chrome] drawVolume pct=100 keyframe=4
1785928870.884|[D][chrome] drawVolume pct=100 keyframe=4
1785928870.908|[W][perf] iter=76ms (worst path so far: wr.connect:7030ms)
1785928893.436|[I][webradio] terminal retry — re-arming scan idx=0
1785928893.445|[I][webradio] play idx=0 name=INJECTED url=http://stream.slam.nl/WEB15_MP3
1785928893.845|[I][spotify.tls] tls yield — client stopped
1785928893.851|[membudget] TASK-267 _play pre-acquire lfbInt=42996 freeInt=45300
1785928893.856|[I][webradio] HEAP pre-connect free=45300 min=43240 maxAlloc=42996
1785928893.865|[membudget] CP1-pre-connect skip=0 freeInt=45300 lfbInt=42996 freeDma=2156 lfbDma=1012
1785928893.870|[W][perf] iter=433ms (worst path so far: wr.connect:7030ms)
1785928893.884|[I][webradio] audio_info: buffers freed, free Heap: 45300 bytes
1785928893.893|[I][webradio] audio_info: Connect to new host: "http://stream.slam.nl/WEB15_MP3"
1785928893.923|[D][chrome] drawVolume pct=100 keyframe=4
1785928893.927|[D][chrome] drawVolume pct=100 keyframe=4
1785928893.953|[W][perf] iter=82ms (worst path so far: wr.connect:7030ms)
1785928899.260|[I][hb] display=winamp wifi=rssi(-52) disc=1 heap=43k maxAlloc=41k stack_hwm=12876b uptime=00:41:04 poll=0/0 last=0 block_max=0ms loop_max=433ms slow=wr.connect:7030ms last_poll_age_ms=0 next_poll_in_ms=5000 last_render_age_ms=5318 build=Aug  5 2026-11:39
1785928900.899|[I][webradio] audio_info: Request http://stream.slam.nl/WEB15_MP3 failed!
1785928900.902|[W][webradio] connecttohost failed idx=0
1785928900.908|[W][webradio] auto-skip exhausted — no playable station
1785928900.910|[D][webradio] ICY:
1785928900.913|[I][spotify.tls] tls yield — resumed
1785928900.944|[D][chrome] drawVolume pct=100 keyframe=4
1785928900.950|[D][chrome] drawVolume pct=100 keyframe=4
1785928900.973|[W][perf] iter=74ms (worst path so far: wr.connect:7029ms)
1785928910.943|[wifi-ev] t=2476150 ev=5 STA_DISCONNECTED reason=16
1785928911.131|[wifi-ev] t=2476340 ev=4 STA_CONNECTED
1785928911.699|[wifi-ev] t=2476906 ev=7 STA_GOT_IP ip=192.168.1.181
1785928923.435|[I][webradio] terminal retry — re-arming scan idx=0
1785928923.443|[I][webradio] play idx=0 name=INJECTED url=http://stream.slam.nl/WEB15_MP3
1785928923.911|[I][spotify.tls] tls yield — client stopped
1785928923.917|[membudget] TASK-267 _play pre-acquire lfbInt=42996 freeInt=55728
1785928923.922|[I][webradio] HEAP pre-connect free=55728 min=43240 maxAlloc=42996
1785928923.931|[membudget] CP1-pre-connect skip=0 freeInt=55728 lfbInt=42996 freeDma=12584 lfbDma=11252
1785928923.937|[W][perf] iter=499ms (worst path so far: wr.connect:7029ms)
1785928923.951|[I][webradio] audio_info: buffers freed, free Heap: 55728 bytes
1785928923.960|[I][webradio] audio_info: Connect to new host: "http://stream.slam.nl/WEB15_MP3"
1785928923.990|[D][chrome] drawVolume pct=100 keyframe=4
1785928923.994|[D][chrome] drawVolume pct=100 keyframe=4
1785928924.021|[W][perf] iter=86ms (worst path so far: wr.connect:7029ms)
1785928924.043|[I][webradio] audio_info: Connection has been established in 77 ms, free Heap: 54576 bytes
1785928924.048|[I][webradio] HEAP play free=53044 min=43240
1785928924.074|[I][webradio] audio_info: chunked data transfer
1785928924.083|[I][webradio] audio_info: redirect to new host "http://22353.live.streamtheworld.com/WEB15_MP3_SC"
1785928924.097|[I][webradio] audio_info: buffers freed, free Heap: 55188 bytes
1785928924.107|[I][webradio] audio_info: Connect to new host: "http://22353.live.streamtheworld.com/WEB15_MP3_SC"
1785928924.110|[D][chrome] drawVolume pct=100 keyframe=4
1785928924.114|[D][chrome] drawVolume pct=100 keyframe=4
1785928924.142|[W][perf] iter=97ms (worst path so far: wr.connect:7029ms)
1785928924.164|[I][webradio] audio_info: Connection has been established in 51 ms, free Heap: 54356 bytes
1785928924.960|[I][webradio] audio_info: icy-name: SLAM! 00's
1785928924.979|[mbdbg] helix alloc: DecInfo=0x3fff9168(2000) FHdr=0x3fff9938(44) SI=0x3fff9964(40) SFJS=0x3fff998c(36) Huff=0x3fff99b0(4624) Deq=0x3fffabc0(792) IMDCT=0x3fffaed8(6944) Sub=0x3fffc9f8(8708) FInfo=0x3fffebfc(28)
1785928924.985|[I][webradio] audio_info: MP3Decoder has been initialized, free Heap: 46056 bytes
1785928924.993|[membudget] CP2-decoder-init freeInt=46056 lfbInt=42996 freeDma=2912 lfbDma=2292 arenaHWM=23216
1785928924.999|[W][perf] iter=53ms (worst path so far: wr.connect:7029ms)
1785928925.004|[I][webradio] audio_info: slow stream, dropouts are possible
1785928925.007|[I][webradio] audio_info: stream ready
1785928925.011|[I][webradio] audio_info: syncword found at pos 0
1785928925.028|[I][webradio] audio_info: Channels: 2
1785928925.031|[I][webradio] audio_info: SampleRate: 44100
1785928925.034|[I][webradio] audio_info: BitsPerSample: 16
1785928925.039|[I][webradio] audio_info: BitRate: 128000
1785928926.002|[I][webradio] audio_info: slow stream, dropouts are possible
1785928927.002|[I][webradio] audio_info: slow stream, dropouts are possible
1785928928.003|[I][webradio] audio_info: slow stream, dropouts are possible
1785928929.004|[I][webradio] audio_info: slow stream, dropouts are possible
1785928929.261|[I][hb] display=winamp wifi=rssi(-51) disc=2 heap=42k maxAlloc=41k stack_hwm=12876b uptime=00:41:34 poll=0/0 last=0 block_max=0ms loop_max=499ms slow=wr.connect:7029ms last_poll_age_ms=0 next_poll_in_ms=5000 last_render_age_ms=5130 build=Aug  5 2026-11:39
1785928930.005|[I][webradio] audio_info: slow stream, dropouts are possible
1785928930.240|[W][webradio] stream dead (isRunning=1 for 0ms, bufStalled for 5001ms) — stop + resume Spotify TLS
1785928930.243|[I][webradio] stall idx=0 — retrying once
1785928930.247|[I][spotify.tls] tls yield — resumed
1785928930.279|[D][chrome] drawVolume pct=100 keyframe=4
1785928930.283|[D][chrome] drawVolume pct=100 keyframe=4
1785928930.307|[W][perf] iter=74ms (worst path so far: app.tick:72ms)
1785928930.315|[I][webradio] play idx=0 name=INJECTED url=http://stream.slam.nl/WEB15_MP3
1785928930.747|[I][spotify.tls] tls yield — client stopped
1785928930.753|[membudget] TASK-267 _play pre-acquire lfbInt=42996 freeInt=43436
1785928930.758|[I][webradio] HEAP pre-connect free=43436 min=43240 maxAlloc=42996
1785928930.766|[membudget] CP1-pre-connect skip=0 freeInt=43436 lfbInt=42996 freeDma=292 lfbDma=96
1785928930.769|[W][perf] iter=462ms (worst path so far: app.tick:460ms)
1785928930.786|[I][webradio] audio_info: buffers freed, free Heap: 45248 bytes
1785928930.795|[I][webradio] audio_info: Connect to new host: "http://stream.slam.nl/WEB15_MP3"
1785928930.827|[D][chrome] drawVolume pct=100 keyframe=4
1785928930.831|[D][chrome] drawVolume pct=100 keyframe=4
1785928930.842|[I][webradio] audio_info: Connection has been established in 39 ms, free Heap: 44752 bytes
1785928930.861|[W][perf] iter=90ms (worst path so far: app.tick:460ms)
1785928938.805|[D][chrome] drawVolume pct=100 keyframe=4
1785928938.809|[D][chrome] drawVolume pct=100 keyframe=4
1785928938.835|[W][perf] iter=64ms (worst path so far: wr.connect:8000ms)
1785928943.776|[W][webradio] stream dead (isRunning=1 for 0ms, bufStalled for 5001ms) — stop + resume Spotify TLS
1785928943.778|[W][webradio] auto-skip exhausted — no playable station
1785928943.783|[I][spotify.tls] tls yield — resumed
1785928943.814|[D][chrome] drawVolume pct=100 keyframe=4
1785928943.819|[D][chrome] drawVolume pct=100 keyframe=4
1785928943.844|[W][perf] iter=74ms (worst path so far: wr.connect:8000ms)
1785928959.259|[I][hb] display=winamp wifi=rssi(-52) disc=2 heap=43k maxAlloc=41k stack_hwm=12876b uptime=00:42:04 poll=0/0 last=0 block_max=0ms loop_max=462ms slow=wr.connect:8000ms last_poll_age_ms=0 next_poll_in_ms=5000 last_render_age_ms=15425 build=Aug  5 2026-11:3
1785928960.311|[I][webradio] terminal retry — re-arming scan idx=0
1785928960.318|[I][webradio] play idx=0 name=INJECTED url=http://stream.slam.nl/WEB15_MP3
1785928960.783|[I][spotify.tls] tls yield — client stopped
1785928960.789|[membudget] TASK-267 _play pre-acquire lfbInt=42996 freeInt=44796
1785928960.794|[I][webradio] HEAP pre-connect free=44796 min=43240 maxAlloc=42996
1785928960.803|[membudget] CP1-pre-connect skip=0 freeInt=44796 lfbInt=42996 freeDma=1652 lfbDma=1204
1785928960.807|[W][perf] iter=495ms (worst path so far: app.tick:493ms)
1785928960.826|[I][webradio] audio_info: buffers freed, free Heap: 44992 bytes
1785928960.833|[I][webradio] audio_info: Connect to new host: "http://stream.slam.nl/WEB15_MP3"
1785928960.862|[D][chrome] drawVolume pct=100 keyframe=4
1785928960.866|[D][chrome] drawVolume pct=100 keyframe=4
1785928960.891|[W][perf] iter=85ms (worst path so far: app.tick:493ms)
1785928965.846|[I][webradio] audio_info: Request http://stream.slam.nl/WEB15_MP3 failed!
1785928965.849|[W][webradio] connecttohost failed idx=0
1785928965.854|[W][webradio] auto-skip exhausted — no playable station
1785928965.857|[I][spotify.tls] tls yield — resumed
1785928965.859|[D][webradio] ICY:
1785928965.892|[D][chrome] drawVolume pct=100 keyframe=4
1785928965.896|[D][chrome] drawVolume pct=100 keyframe=4
1785928965.921|[W][perf] iter=76ms (worst path so far: wr.connect:5038ms)
1785928989.258|[I][hb] display=winamp wifi=rssi(-54) disc=2 heap=43k maxAlloc=41k stack_hwm=12876b uptime=00:42:34 poll=0/0 last=0 block_max=0ms loop_max=495ms slow=wr.connect:5038ms last_poll_age_ms=0 next_poll_in_ms=5000 last_render_age_ms=23347 build=Aug  5 2026-11:3
1785928990.311|[I][webradio] terminal retry — re-arming scan idx=0
1785928990.317|[I][webradio] play idx=0 name=INJECTED url=http://stream.slam.nl/WEB15_MP3
1785928990.354|[I][spotify.tls] tls yield — client stopped
1785928990.359|[membudget] TASK-267 _play pre-acquire lfbInt=42996 freeInt=44992
1785928990.366|[I][webradio] HEAP pre-connect free=44992 min=43240 maxAlloc=42996
1785928990.374|[membudget] CP1-pre-connect skip=0 freeInt=44992 lfbInt=42996 freeDma=1848 lfbDma=1204
1785928990.378|[W][perf] iter=67ms (worst path so far: app.tick:65ms)
1785928990.392|[I][webradio] audio_info: buffers freed, free Heap: 44992 bytes
1785928990.401|[I][webradio] audio_info: Connect to new host: "http://stream.slam.nl/WEB15_MP3"
1785928990.432|[D][chrome] drawVolume pct=100 keyframe=4
1785928990.436|[D][chrome] drawVolume pct=100 keyframe=4
1785928990.461|[W][perf] iter=83ms (worst path so far: app.tick:66ms)
1785928995.415|[I][webradio] audio_info: Request http://stream.slam.nl/WEB15_MP3 failed!
1785928995.418|[W][webradio] connecttohost failed idx=0
1785928995.423|[W][webradio] auto-skip exhausted — no playable station
1785928995.426|[I][spotify.tls] tls yield — resumed
1785928995.428|[D][webradio] ICY:
1785928995.461|[D][chrome] drawVolume pct=100 keyframe=4
1785928995.465|[D][chrome] drawVolume pct=100 keyframe=4
1785928995.490|[W][perf] iter=77ms (worst path so far: wr.connect:5035ms)
1785929019.258|[I][hb] display=winamp wifi=rssi(-52) disc=2 heap=44k maxAlloc=41k stack_hwm=12876b uptime=00:43:04 poll=0/0 last=0 block_max=0ms loop_max=83ms slow=wr.connect:5035ms last_poll_age_ms=0 next_poll_in_ms=5000 last_render_age_ms=23778 build=Aug  5 2026-11:39
1785929020.310|[I][webradio] terminal retry — re-arming scan idx=0
1785929020.317|[I][webradio] play idx=0 name=INJECTED url=http://stream.slam.nl/WEB15_MP3
1785929020.423|[I][spotify.tls] tls yield — client stopped
1785929020.428|[membudget] TASK-267 _play pre-acquire lfbInt=42996 freeInt=45148
1785929020.434|[I][webradio] HEAP pre-connect free=45148 min=43240 maxAlloc=42996
1785929020.443|[membudget] CP1-pre-connect skip=0 freeInt=45148 lfbInt=42996 freeDma=2004 lfbDma=1204
1785929020.447|[W][perf] iter=136ms (worst path so far: app.tick:134ms)
1785929020.460|[I][webradio] audio_info: buffers freed, free Heap: 45148 bytes
1785929020.470|[I][webradio] audio_info: Connect to new host: "http://stream.slam.nl/WEB15_MP3"
1785929020.505|[I][webradio] audio_info: Connection has been established in 30 ms, free Heap: 44380 bytes
1785929020.511|[D][chrome] drawVolume pct=100 keyframe=4
1785929020.514|[D][chrome] drawVolume pct=100 keyframe=4
1785929020.535|[W][perf] iter=88ms (worst path so far: app.tick:134ms)
1785929029.293|[I][webradio] HEAP play free=44572 min=43240
1785929029.328|[D][chrome] drawVolume pct=100 keyframe=4
1785929029.332|[D][chrome] drawVolume pct=100 keyframe=4
1785929029.359|[W][perf] iter=67ms (worst path so far: wr.connect:8846ms)
1785929034.298|[W][webradio] stream dead (isRunning=1 for 0ms, bufStalled for 5000ms) — stop + resume Spotify TLS
1785929034.301|[I][webradio] stall idx=0 — retrying once
1785929034.305|[I][spotify.tls] tls yield — resumed
1785929034.337|[D][chrome] drawVolume pct=100 keyframe=4
1785929034.341|[D][chrome] drawVolume pct=100 keyframe=4
1785929034.365|[W][perf] iter=74ms (worst path so far: wr.connect:8846ms)
1785929034.373|[I][webradio] play idx=0 name=INJECTED url=http://stream.slam.nl/WEB15_MP3
1785929034.806|[I][spotify.tls] tls yield — client stopped
1785929034.811|[membudget] TASK-267 _play pre-acquire lfbInt=42996 freeInt=44604
1785929034.817|[I][webradio] HEAP pre-connect free=44604 min=43240 maxAlloc=42996
1785929034.825|[membudget] CP1-pre-connect skip=0 freeInt=44604 lfbInt=42996 freeDma=1460 lfbDma=980
1785929034.830|[W][perf] iter=462ms (worst path so far: wr.connect:8846ms)
1785929034.848|[I][webradio] audio_info: buffers freed, free Heap: 44808 bytes
1785929034.858|[I][webradio] audio_info: Connect to new host: "http://stream.slam.nl/WEB15_MP3"
1785929034.885|[D][chrome] drawVolume pct=100 keyframe=4
1785929034.889|[D][chrome] drawVolume pct=100 keyframe=4
1785929034.915|[W][perf] iter=85ms (worst path so far: wr.connect:8846ms)
1785929039.869|[I][webradio] audio_info: Request http://stream.slam.nl/WEB15_MP3 failed!
1785929039.873|[W][webradio] connecttohost failed idx=0
1785929039.878|[W][webradio] auto-skip exhausted — no playable station
1785929039.881|[I][spotify.tls] tls yield — resumed
1785929039.883|[D][webradio] ICY:
1785929039.916|[D][chrome] drawVolume pct=100 keyframe=4
1785929039.920|[D][chrome] drawVolume pct=100 keyframe=4
1785929039.944|[W][perf] iter=77ms (worst path so far: wr.connect:8846ms)
1785929049.258|[I][hb] display=winamp wifi=rssi(-53) disc=2 heap=43k maxAlloc=41k stack_hwm=12876b uptime=00:43:34 poll=0/0 last=0 block_max=0ms loop_max=462ms slow=wr.connect:8846ms last_poll_age_ms=0 next_poll_in_ms=5000 last_render_age_ms=9322 build=Aug  5 2026-11:39
1785929064.370|[I][webradio] terminal retry — re-arming scan idx=0
1785929064.377|[I][webradio] play idx=0 name=INJECTED url=http://stream.slam.nl/WEB15_MP3
1785929064.380|[I][spotify.tls] tls yield — client stopped
1785929064.386|[membudget] TASK-267 _play pre-acquire lfbInt=42996 freeInt=45032
1785929064.391|[I][webradio] HEAP pre-connect free=45032 min=43240 maxAlloc=42996
1785929064.399|[membudget] CP1-pre-connect skip=0 freeInt=45032 lfbInt=42996 freeDma=1888 lfbDma=980
1785929064.417|[I][webradio] audio_info: buffers freed, free Heap: 45032 bytes
1785929064.426|[I][webradio] audio_info: Connect to new host: "http://stream.slam.nl/WEB15_MP3"
1785929064.455|[D][chrome] drawVolume pct=100 keyframe=4
1785929064.460|[D][chrome] drawVolume pct=100 keyframe=4
1785929064.485|[W][perf] iter=83ms (worst path so far: app.tick:65ms)
1785929069.439|[I][webradio] audio_info: Request http://stream.slam.nl/WEB15_MP3 failed!
1785929069.442|[W][webradio] connecttohost failed idx=0
1785929069.448|[W][webradio] auto-skip exhausted — no playable station
1785929069.450|[I][spotify.tls] tls yield — resumed
1785929069.453|[D][webradio] ICY:
1785929069.486|[D][chrome] drawVolume pct=100 keyframe=4
1785929069.490|[D][chrome] drawVolume pct=100 keyframe=4
1785929069.514|[W][perf] iter=77ms (worst path so far: wr.connect:5036ms)
1785929079.258|[I][hb] display=winamp wifi=rssi(-53) disc=2 heap=44k maxAlloc=41k stack_hwm=12876b uptime=00:44:04 poll=0/0 last=0 block_max=0ms loop_max=83ms slow=wr.connect:5036ms last_poll_age_ms=0 next_poll_in_ms=5000 last_render_age_ms=9752 build=Aug  5 2026-11:39:
1785929094.368|[I][webradio] terminal retry — re-arming scan idx=0
1785929094.376|[I][webradio] play idx=0 name=INJECTED url=http://stream.slam.nl/WEB15_MP3
1785929094.447|[I][spotify.tls] tls yield — client stopped
1785929094.452|[membudget] TASK-267 _play pre-acquire lfbInt=42996 freeInt=45212
1785929094.458|[I][webradio] HEAP pre-connect free=45180 min=43240 maxAlloc=42996
1785929094.466|[membudget] CP1-pre-connect skip=0 freeInt=45180 lfbInt=42996 freeDma=2036 lfbDma=980
1785929094.471|[W][perf] iter=102ms (worst path so far: app.tick:100ms)
1785929094.485|[I][webradio] audio_info: buffers freed, free Heap: 45180 bytes
1785929094.494|[I][webradio] audio_info: Connect to new host: "http://stream.slam.nl/WEB15_MP3"
1785929094.525|[D][chrome] drawVolume pct=100 keyframe=4
1785929094.529|[D][chrome] drawVolume pct=100 keyframe=4
1785929094.554|[W][perf] iter=83ms (worst path so far: app.tick:100ms)
1785929099.507|[I][webradio] audio_info: Request http://stream.slam.nl/WEB15_MP3 failed!
1785929099.510|[W][webradio] connecttohost failed idx=0
1785929099.515|[W][webradio] auto-skip exhausted — no playable station
1785929099.518|[I][spotify.tls] tls yield — resumed
1785929099.521|[D][webradio] ICY:
1785929099.553|[D][chrome] drawVolume pct=100 keyframe=4
1785929099.557|[D][chrome] drawVolume pct=100 keyframe=4
1785929099.582|[W][perf] iter=77ms (worst path so far: wr.connect:5035ms)
1785929109.256|[I][hb] display=winamp wifi=rssi(-51) disc=2 heap=44k maxAlloc=41k stack_hwm=12876b uptime=00:44:34 poll=0/0 last=0 block_max=0ms loop_max=102ms slow=wr.connect:5035ms last_poll_age_ms=0 next_poll_in_ms=5000 last_render_age_ms=9683 build=Aug  5 2026-11:39
1785929124.369|[I][webradio] terminal retry — re-arming scan idx=0
1785929124.375|[I][webradio] play idx=0 name=INJECTED url=http://stream.slam.nl/WEB15_MP3
1785929124.515|[I][spotify.tls] tls yield — client stopped
1785929124.521|[membudget] TASK-267 _play pre-acquire lfbInt=42996 freeInt=45180
1785929124.527|[I][webradio] HEAP pre-connect free=45180 min=43240 maxAlloc=42996
1785929124.535|[membudget] CP1-pre-connect skip=0 freeInt=45180 lfbInt=42996 freeDma=2036 lfbDma=980
1785929124.540|[W][perf] iter=171ms (worst path so far: app.tick:169ms)
1785929124.554|[I][webradio] audio_info: buffers freed, free Heap: 45180 bytes
1785929124.563|[I][webradio] audio_info: Connect to new host: "http://stream.slam.nl/WEB15_MP3"
1785929124.593|[D][chrome] drawVolume pct=100 keyframe=4
1785929124.598|[D][chrome] drawVolume pct=100 keyframe=4
1785929124.623|[W][perf] iter=83ms (worst path so far: app.tick:169ms)
1785929129.576|[I][webradio] audio_info: Request http://stream.slam.nl/WEB15_MP3 failed!
1785929129.579|[W][webradio] connecttohost failed idx=0
1785929129.584|[W][webradio] auto-skip exhausted — no playable station
1785929129.587|[I][spotify.tls] tls yield — resumed
1785929129.589|[D][webradio] ICY:
1785929129.623|[D][chrome] drawVolume pct=100 keyframe=4
1785929129.626|[D][chrome] drawVolume pct=100 keyframe=4
1785929129.651|[W][perf] iter=77ms (worst path so far: wr.connect:5035ms)
1785929139.256|[I][hb] display=winamp wifi=rssi(-50) disc=2 heap=44k maxAlloc=41k stack_hwm=12876b uptime=00:45:04 poll=0/0 last=0 block_max=0ms loop_max=171ms slow=wr.connect:5035ms last_poll_age_ms=0 next_poll_in_ms=5000 last_render_age_ms=9614 build=Aug  5 2026-11:39
1785929149.951|{"ok":true,"cmd":"get","var":"wrState","state":5,"last":true}
1785929149.961|{"ok":true,"cmd":"get","var":"wrIdx","idx":0,"last":true}
1785929154.367|[I][webradio] terminal retry — re-arming scan idx=0
1785929154.375|[I][webradio] play idx=0 name=INJECTED url=http://stream.slam.nl/WEB15_MP3
1785929154.584|[I][spotify.tls] tls yield — client stopped
1785929154.589|[membudget] TASK-267 _play pre-acquire lfbInt=42996 freeInt=45404
1785929154.595|[I][webradio] HEAP pre-connect free=45404 min=43240 maxAlloc=42996
1785929154.604|[membudget] CP1-pre-connect skip=0 freeInt=45404 lfbInt=42996 freeDma=2260 lfbDma=980
1785929154.608|[W][perf] iter=240ms (worst path so far: app.tick:238ms)
1785929154.623|[I][webradio] audio_info: buffers freed, free Heap: 45404 bytes
1785929154.632|[I][webradio] audio_info: Connect to new host: "http://stream.slam.nl/WEB15_MP3"
1785929154.666|[D][chrome] drawVolume pct=100 keyframe=4
1785929154.673|[I][webradio] audio_info: Connection has been established in 33 ms, free Heap: 44628 bytes
1785929154.676|[D][chrome] drawVolume pct=100 keyframe=4
1785929154.697|[W][perf] iter=89ms (worst path so far: app.tick:238ms)
1785929163.311|[I][webradio] HEAP play free=44820 min=43240
1785929163.346|[D][chrome] drawVolume pct=100 keyframe=4
1785929163.350|[D][chrome] drawVolume pct=100 keyframe=4
1785929163.376|[W][perf] iter=65ms (worst path so far: wr.connect:8702ms)
1785929168.316|[W][webradio] stream dead (isRunning=1 for 0ms, bufStalled for 5000ms) — stop + resume Spotify TLS
1785929168.318|[I][webradio] stall idx=0 — retrying once
1785929168.323|[I][spotify.tls] tls yield — resumed
1785929168.354|[D][chrome] drawVolume pct=100 keyframe=4
1785929168.358|[D][chrome] drawVolume pct=100 keyframe=4
1785929168.384|[W][perf] iter=74ms (worst path so far: wr.connect:8702ms)
1785929168.391|[I][webradio] play idx=0 name=INJECTED url=http://stream.slam.nl/WEB15_MP3
1785929168.823|[I][spotify.tls] tls yield — client stopped
1785929168.828|[membudget] TASK-267 _play pre-acquire lfbInt=42996 freeInt=44820
1785929168.834|[I][webradio] HEAP pre-connect free=44820 min=43240 maxAlloc=42996
1785929168.842|[membudget] CP1-pre-connect skip=0 freeInt=44820 lfbInt=42996 freeDma=1676 lfbDma=980
1785929168.847|[W][perf] iter=462ms (worst path so far: wr.connect:8702ms)
1785929168.865|[I][webradio] audio_info: buffers freed, free Heap: 45032 bytes
1785929168.875|[I][webradio] audio_info: Connect to new host: "http://stream.slam.nl/WEB15_MP3"
1785929168.904|[D][chrome] drawVolume pct=100 keyframe=4
1785929168.907|[D][chrome] drawVolume pct=100 keyframe=4
1785929168.933|[W][perf] iter=85ms (worst path so far: wr.connect:8702ms)
1785929169.257|[I][hb] display=winamp wifi=rssi(-50) disc=2 heap=43k maxAlloc=41k stack_hwm=12876b uptime=00:45:34 poll=0/0 last=0 block_max=0ms loop_max=462ms slow=wr.connect:8702ms last_poll_age_ms=0 next_poll_in_ms=5000 last_render_age_ms=334 build=Aug  5 2026-11:39:
1785929173.887|[I][webradio] audio_info: Request http://stream.slam.nl/WEB15_MP3 failed!
1785929173.887|[D][webradio] ICY:
1785929173.893|[W][webradio] connecttohost failed idx=0
1785929173.898|[W][webradio] auto-skip exhausted — no playable station
1785929173.901|[I][spotify.tls] tls yield — resumed
1785929173.933|[D][chrome] drawVolume pct=100 keyframe=4
1785929173.938|[D][chrome] drawVolume pct=100 keyframe=4
1785929173.963|[W][perf] iter=74ms (worst path so far: wr.connect:5039ms)
1785929198.387|[I][webradio] terminal retry — re-arming scan idx=0
1785929198.395|[I][webradio] play idx=0 name=INJECTED url=http://stream.slam.nl/WEB15_MP3
1785929198.398|[I][spotify.tls] tls yield — client stopped
1785929198.404|[membudget] TASK-267 _play pre-acquire lfbInt=42996 freeInt=45404
1785929198.409|[I][webradio] HEAP pre-connect free=45404 min=43240 maxAlloc=42996
1785929198.418|[membudget] CP1-pre-connect skip=0 freeInt=45404 lfbInt=42996 freeDma=2260 lfbDma=1396
1785929198.438|[I][webradio] audio_info: buffers freed, free Heap: 45404 bytes
1785929198.447|[I][webradio] audio_info: Connect to new host: "http://stream.slam.nl/WEB15_MP3"
1785929198.479|[D][chrome] drawVolume pct=100 keyframe=4
1785929198.483|[D][chrome] drawVolume pct=100 keyframe=4
1785929198.497|[I][webradio] audio_info: Connection has been established in 42 ms, free Heap: 44616 bytes
1785929198.514|[W][perf] iter=90ms (worst path so far: wr.connect:5039ms)
1785929199.256|[I][hb] display=winamp wifi=rssi(-51) disc=2 heap=43k maxAlloc=41k stack_hwm=12876b uptime=00:46:04 poll=0/0 last=0 block_max=0ms loop_max=90ms slow=wr.connect:5039ms last_poll_age_ms=0 next_poll_in_ms=5000 last_render_age_ms=758 build=Aug  5 2026-11:39:4
1785929207.321|[I][webradio] HEAP play free=44808 min=43240
1785929207.356|[D][chrome] drawVolume pct=100 keyframe=4
1785929207.359|[D][chrome] drawVolume pct=100 keyframe=4
1785929207.386|[W][perf] iter=65ms (worst path so far: wr.connect:8897ms)
1785929212.328|[W][webradio] stream dead (isRunning=1 for 0ms, bufStalled for 5001ms) — stop + resume Spotify TLS
1785929212.330|[I][webradio] stall idx=0 — retrying once
1785929212.334|[I][spotify.tls] tls yield — resumed
1785929212.366|[D][chrome] drawVolume pct=100 keyframe=4
1785929212.369|[D][chrome] drawVolume pct=100 keyframe=4
1785929212.394|[W][perf] iter=74ms (worst path so far: wr.connect:8897ms)
1785929212.402|[I][webradio] play idx=0 name=INJECTED url=http://stream.slam.nl/WEB15_MP3
1785929212.834|[I][spotify.tls] tls yield — client stopped
1785929212.840|[membudget] TASK-267 _play pre-acquire lfbInt=42996 freeInt=44808
1785929212.845|[I][webradio] HEAP pre-connect free=44808 min=43240 maxAlloc=42996
1785929212.854|[membudget] CP1-pre-connect skip=0 freeInt=44808 lfbInt=42996 freeDma=1664 lfbDma=1204
1785929212.859|[W][perf] iter=462ms (worst path so far: wr.connect:8897ms)
1785929212.879|[I][webradio] audio_info: buffers freed, free Heap: 45032 bytes
1785929212.888|[I][webradio] audio_info: Connect to new host: "http://stream.slam.nl/WEB15_MP3"
1785929212.915|[D][chrome] drawVolume pct=100 keyframe=4
1785929212.919|[D][chrome] drawVolume pct=100 keyframe=4
1785929212.935|[I][webradio] audio_info: Connection has been established in 40 ms, free Heap: 44396 bytes
1785929212.950|[W][perf] iter=91ms (worst path so far: wr.connect:8897ms)
1785929221.856|[D][chrome] drawVolume pct=100 keyframe=4
1785929221.861|[D][chrome] drawVolume pct=100 keyframe=4
1785929221.887|[W][perf] iter=65ms (worst path so far: wr.connect:8963ms)
1785929226.827|[W][webradio] stream dead (isRunning=1 for 0ms, bufStalled for 5000ms) — stop + resume Spotify TLS
1785929226.830|[W][webradio] auto-skip exhausted — no playable station
1785929226.835|[I][spotify.tls] tls yield — resumed
1785929226.866|[D][chrome] drawVolume pct=100 keyframe=4
1785929226.870|[D][chrome] drawVolume pct=100 keyframe=4
1785929226.897|[W][perf] iter=74ms (worst path so far: wr.connect:8963ms)
1785929229.257|[I][hb] display=winamp wifi=rssi(-53) disc=2 heap=43k maxAlloc=41k stack_hwm=12876b uptime=00:46:34 poll=0/0 last=0 block_max=0ms loop_max=462ms slow=wr.connect:8963ms last_poll_age_ms=0 next_poll_in_ms=5000 last_render_age_ms=2370 build=Aug  5 2026-11:39
1785929242.398|[I][webradio] terminal retry — re-arming scan idx=0
1785929242.405|[I][webradio] play idx=0 name=INJECTED url=http://stream.slam.nl/WEB15_MP3
1785929242.833|[I][spotify.tls] tls yield — client stopped
1785929242.839|[membudget] TASK-267 _play pre-acquire lfbInt=42996 freeInt=44620
1785929242.845|[I][webradio] HEAP pre-connect free=44620 min=43240 maxAlloc=42996
1785929242.853|[membudget] CP1-pre-connect skip=0 freeInt=44620 lfbInt=42996 freeDma=1476 lfbDma=980
1785929242.858|[W][perf] iter=459ms (worst path so far: app.tick:457ms)
1785929242.877|[I][webradio] audio_info: buffers freed, free Heap: 44812 bytes
1785929242.886|[I][webradio] audio_info: Connect to new host: "http://stream.slam.nl/WEB15_MP3"
1785929242.912|[D][chrome] drawVolume pct=100 keyframe=4
1785929242.916|[D][chrome] drawVolume pct=100 keyframe=4
1785929242.941|[W][perf] iter=83ms (worst path so far: app.tick:457ms)
1785929249.894|[I][webradio] audio_info: Request http://stream.slam.nl/WEB15_MP3 failed!
1785929249.896|[W][webradio] connecttohost failed idx=0
1785929249.902|[W][webradio] auto-skip exhausted — no playable station
1785929249.905|[I][spotify.tls] tls yield — resumed
1785929249.907|[D][webradio] ICY:
1785929249.940|[D][chrome] drawVolume pct=100 keyframe=4
1785929249.944|[D][chrome] drawVolume pct=100 keyframe=4
1785929249.969|[W][perf] iter=75ms (worst path so far: wr.connect:7035ms)
1785929259.255|[I][hb] display=winamp wifi=rssi(-53) disc=2 heap=43k maxAlloc=41k stack_hwm=12876b uptime=00:47:04 poll=0/0 last=0 block_max=0ms loop_max=459ms slow=wr.connect:7035ms last_poll_age_ms=0 next_poll_in_ms=5000 last_render_age_ms=9296 build=Aug  5 2026-11:39
1785929272.398|[I][webradio] terminal retry — re-arming scan idx=0
1785929272.406|[I][webradio] play idx=0 name=INJECTED url=http://stream.slam.nl/WEB15_MP3
1785929272.409|[I][spotify.tls] tls yield — client stopped
1785929272.415|[membudget] TASK-267 _play pre-acquire lfbInt=42996 freeInt=44840
1785929272.420|[I][webradio] HEAP pre-connect free=44840 min=43240 maxAlloc=42996
1785929272.428|[membudget] CP1-pre-connect skip=0 freeInt=44840 lfbInt=42996 freeDma=1696 lfbDma=980
1785929272.442|[I][webradio] audio_info: buffers freed, free Heap: 44840 bytes
1785929272.451|[I][webradio] audio_info: Connect to new host: "http://stream.slam.nl/WEB15_MP3"
1785929272.481|[D][chrome] drawVolume pct=100 keyframe=4
1785929272.485|[D][chrome] drawVolume pct=100 keyframe=4
1785929272.510|[W][perf] iter=84ms (worst path so far: app.tick:65ms)
1785929279.458|[I][webradio] audio_info: Request http://stream.slam.nl/WEB15_MP3 failed!
1785929279.461|[W][webradio] connecttohost failed idx=0
1785929279.467|[W][webradio] auto-skip exhausted — no playable station
1785929279.469|[I][spotify.tls] tls yield — resumed
1785929279.472|[D][webradio] ICY:
1785929279.505|[D][chrome] drawVolume pct=100 keyframe=4
1785929279.509|[D][chrome] drawVolume pct=100 keyframe=4
1785929279.533|[W][perf] iter=76ms (worst path so far: wr.connect:7030ms)
1785929289.255|[I][hb] display=winamp wifi=rssi(-50) disc=2 heap=43k maxAlloc=41k stack_hwm=12876b uptime=00:47:34 poll=0/0 last=0 block_max=0ms loop_max=84ms slow=wr.connect:7030ms last_poll_age_ms=0 next_poll_in_ms=5000 last_render_age_ms=9730 build=Aug  5 2026-11:39:
1785929302.397|[I][webradio] terminal retry — re-arming scan idx=0
1785929302.405|[I][webradio] play idx=0 name=INJECTED url=http://stream.slam.nl/WEB15_MP3
1785929302.468|[I][spotify.tls] tls yield — client stopped
1785929302.474|[membudget] TASK-267 _play pre-acquire lfbInt=42996 freeInt=44840
1785929302.479|[I][webradio] HEAP pre-connect free=44840 min=43240 maxAlloc=42996
1785929302.487|[membudget] CP1-pre-connect skip=0 freeInt=44840 lfbInt=42996 freeDma=1696 lfbDma=980
1785929302.491|[W][perf] iter=94ms (worst path so far: app.tick:92ms)
1785929302.507|[I][webradio] audio_info: buffers freed, free Heap: 44840 bytes
1785929302.516|[I][webradio] audio_info: Connect to new host: "http://stream.slam.nl/WEB15_MP3"
1785929302.547|[D][chrome] drawVolume pct=100 keyframe=4
1785929302.551|[D][chrome] drawVolume pct=100 keyframe=4
1785929302.576|[W][perf] iter=84ms (worst path so far: app.tick:92ms)
1785929309.524|[I][webradio] audio_info: Request http://stream.slam.nl/WEB15_MP3 failed!
1785929309.527|[W][webradio] connecttohost failed idx=0
1785929309.532|[W][webradio] auto-skip exhausted — no playable station
1785929309.535|[I][spotify.tls] tls yield — resumed
1785929309.538|[D][webradio] ICY:
1785929309.571|[D][chrome] drawVolume pct=100 keyframe=4
1785929309.574|[D][chrome] drawVolume pct=100 keyframe=4
1785929309.599|[W][perf] iter=76ms (worst path so far: wr.connect:7030ms)
1785929319.255|[I][hb] display=winamp wifi=rssi(-51) disc=2 heap=44k maxAlloc=41k stack_hwm=12876b uptime=00:48:04 poll=0/0 last=0 block_max=0ms loop_max=94ms slow=wr.connect:7030ms last_poll_age_ms=0 next_poll_in_ms=5000 last_render_age_ms=9664 build=Aug  5 2026-11:39:
1785929332.397|[I][webradio] terminal retry — re-arming scan idx=0
1785929332.404|[I][webradio] play idx=0 name=INJECTED url=http://stream.slam.nl/WEB15_MP3
1785929332.533|[I][spotify.tls] tls yield — client stopped
1785929332.538|[membudget] TASK-267 _play pre-acquire lfbInt=42996 freeInt=45288
1785929332.544|[I][webradio] HEAP pre-connect free=45288 min=43240 maxAlloc=42996
1785929332.552|[membudget] CP1-pre-connect skip=0 freeInt=45288 lfbInt=42996 freeDma=2144 lfbDma=980
1785929332.557|[W][perf] iter=160ms (worst path so far: app.tick:158ms)
1785929332.573|[I][webradio] audio_info: buffers freed, free Heap: 45288 bytes
1785929332.582|[I][webradio] audio_info: Connect to new host: "http://stream.slam.nl/WEB15_MP3"
1785929332.612|[D][chrome] drawVolume pct=100 keyframe=4
1785929332.616|[D][chrome] drawVolume pct=100 keyframe=4
1785929332.641|[W][perf] iter=84ms (worst path so far: app.tick:158ms)
1785929339.588|[I][webradio] audio_info: Request http://stream.slam.nl/WEB15_MP3 failed!
1785929339.591|[W][webradio] connecttohost failed idx=0
1785929339.597|[W][webradio] auto-skip exhausted — no playable station
1785929339.600|[I][spotify.tls] tls yield — resumed
1785929339.602|[D][webradio] ICY:
1785929339.635|[D][chrome] drawVolume pct=100 keyframe=4
1785929339.639|[D][chrome] drawVolume pct=100 keyframe=4
1785929339.663|[W][perf] iter=75ms (worst path so far: wr.connect:7029ms)
1785929349.253|[I][hb] display=winamp wifi=rssi(-53) disc=2 heap=44k maxAlloc=41k stack_hwm=12876b uptime=00:48:34 poll=0/0 last=0 block_max=0ms loop_max=160ms slow=wr.connect:7029ms last_poll_age_ms=0 next_poll_in_ms=5000 last_render_age_ms=9599 build=Aug  5 2026-11:39
1785929362.397|[I][webradio] terminal retry — re-arming scan idx=0
1785929362.404|[I][webradio] play idx=0 name=INJECTED url=http://stream.slam.nl/WEB15_MP3
1785929362.597|[I][spotify.tls] tls yield — client stopped
1785929362.603|[membudget] TASK-267 _play pre-acquire lfbInt=42996 freeInt=45288
1785929362.609|[I][webradio] HEAP pre-connect free=45288 min=43240 maxAlloc=42996
1785929362.617|[membudget] CP1-pre-connect skip=0 freeInt=45288 lfbInt=42996 freeDma=2144 lfbDma=980
1785929362.622|[W][perf] iter=225ms (worst path so far: app.tick:223ms)
1785929362.638|[I][webradio] audio_info: buffers freed, free Heap: 45288 bytes
1785929362.647|[I][webradio] audio_info: Connect to new host: "http://stream.slam.nl/WEB15_MP3"
1785929362.677|[D][chrome] drawVolume pct=100 keyframe=4
1785929362.681|[D][chrome] drawVolume pct=100 keyframe=4
1785929362.707|[W][perf] iter=84ms (worst path so far: app.tick:223ms)
1785929369.653|[I][webradio] audio_info: Request http://stream.slam.nl/WEB15_MP3 failed!
1785929369.656|[W][webradio] connecttohost failed idx=0
1785929369.662|[W][webradio] auto-skip exhausted — no playable station
1785929369.665|[I][spotify.tls] tls yield — resumed
1785929369.667|[D][webradio] ICY:
1785929369.700|[D][chrome] drawVolume pct=100 keyframe=4
1785929369.704|[D][chrome] drawVolume pct=100 keyframe=4
1785929369.728|[W][perf] iter=76ms (worst path so far: wr.connect:7029ms)
1785929379.253|[I][hb] display=winamp wifi=rssi(-53) disc=2 heap=44k maxAlloc=41k stack_hwm=12876b uptime=00:49:04 poll=0/0 last=0 block_max=0ms loop_max=225ms slow=wr.connect:7029ms last_poll_age_ms=0 next_poll_in_ms=5000 last_render_age_ms=9534 build=Aug  5 2026-11:39
1785929392.396|[I][webradio] terminal retry — re-arming scan idx=0
1785929392.403|[I][webradio] play idx=0 name=INJECTED url=http://stream.slam.nl/WEB15_MP3
1785929392.666|[I][spotify.tls] tls yield — client stopped
1785929392.671|[membudget] TASK-267 _play pre-acquire lfbInt=42996 freeInt=45288
1785929392.676|[I][webradio] HEAP pre-connect free=45288 min=43240 maxAlloc=42996
1785929392.684|[membudget] CP1-pre-connect skip=0 freeInt=45288 lfbInt=42996 freeDma=2144 lfbDma=980
1785929392.689|[W][perf] iter=293ms (worst path so far: app.tick:291ms)
1785929392.704|[I][webradio] audio_info: buffers freed, free Heap: 45288 bytes
1785929392.713|[I][webradio] audio_info: Connect to new host: "http://stream.slam.nl/WEB15_MP3"
1785929392.743|[D][chrome] drawVolume pct=100 keyframe=4
1785929392.747|[D][chrome] drawVolume pct=100 keyframe=4
1785929392.772|[W][perf] iter=82ms (worst path so far: app.tick:291ms)
1785929399.720|[I][webradio] audio_info: Request http://stream.slam.nl/WEB15_MP3 failed!
1785929399.722|[W][webradio] connecttohost failed idx=0
1785929399.728|[W][webradio] auto-skip exhausted — no playable station
1785929399.731|[I][spotify.tls] tls yield — resumed
1785929399.733|[D][webradio] ICY:
1785929399.766|[D][chrome] drawVolume pct=100 keyframe=4
1785929399.770|[D][chrome] drawVolume pct=100 keyframe=4
1785929399.794|[W][perf] iter=76ms (worst path so far: wr.connect:7030ms)
1785929409.253|[I][hb] display=winamp wifi=rssi(-54) disc=2 heap=44k maxAlloc=41k stack_hwm=12876b uptime=00:49:34 poll=0/0 last=0 block_max=0ms loop_max=293ms slow=wr.connect:7030ms last_poll_age_ms=0 next_poll_in_ms=5000 last_render_age_ms=9467 build=Aug  5 2026-11:39
1785929422.395|[I][webradio] terminal retry — re-arming scan idx=0
1785929422.403|[I][webradio] play idx=0 name=INJECTED url=http://stream.slam.nl/WEB15_MP3
1785929422.732|[I][spotify.tls] tls yield — client stopped
1785929422.738|[membudget] TASK-267 _play pre-acquire lfbInt=42996 freeInt=45288
1785929422.743|[I][webradio] HEAP pre-connect free=45288 min=43240 maxAlloc=42996
1785929422.752|[membudget] CP1-pre-connect skip=0 freeInt=45288 lfbInt=42996 freeDma=2144 lfbDma=980
1785929422.756|[W][perf] iter=360ms (worst path so far: app.tick:358ms)
1785929422.770|[I][webradio] audio_info: buffers freed, free Heap: 45288 bytes
1785929422.779|[I][webradio] audio_info: Connect to new host: "http://stream.slam.nl/WEB15_MP3"
1785929422.809|[D][chrome] drawVolume pct=100 keyframe=4
1785929422.813|[D][chrome] drawVolume pct=100 keyframe=4
1785929422.839|[W][perf] iter=82ms (worst path so far: app.tick:358ms)
1785929429.787|[I][webradio] audio_info: Request http://stream.slam.nl/WEB15_MP3 failed!
1785929429.789|[W][webradio] connecttohost failed idx=0
1785929429.794|[W][webradio] auto-skip exhausted — no playable station
1785929429.798|[I][spotify.tls] tls yield — resumed
1785929429.800|[D][webradio] ICY:
1785929429.832|[D][chrome] drawVolume pct=100 keyframe=4
1785929429.836|[D][chrome] drawVolume pct=100 keyframe=4
1785929429.862|[W][perf] iter=76ms (worst path so far: wr.connect:7030ms)
1785929439.252|[I][hb] display=winamp wifi=rssi(-52) disc=2 heap=44k maxAlloc=41k stack_hwm=12876b uptime=00:50:04 poll=0/0 last=0 block_max=0ms loop_max=360ms slow=wr.connect:7030ms last_poll_age_ms=0 next_poll_in_ms=5000 last_render_age_ms=9400 build=Aug  5 2026-11:39
1785929450.055|{"ok":true,"cmd":"get","var":"wrState","state":5,"last":true}
1785929450.066|{"ok":true,"cmd":"get","var":"wrIdx","idx":0,"last":true}
1785929452.395|[I][webradio] terminal retry — re-arming scan idx=0
1785929452.402|[I][webradio] play idx=0 name=INJECTED url=http://stream.slam.nl/WEB15_MP3
1785929452.798|[I][spotify.tls] tls yield — client stopped
1785929452.805|[membudget] TASK-267 _play pre-acquire lfbInt=42996 freeInt=45288
1785929452.809|[I][webradio] HEAP pre-connect free=45288 min=43240 maxAlloc=42996
1785929452.818|[membudget] CP1-pre-connect skip=0 freeInt=45288 lfbInt=42996 freeDma=2144 lfbDma=980
1785929452.823|[W][perf] iter=427ms (worst path so far: app.tick:425ms)
1785929452.837|[I][webradio] audio_info: buffers freed, free Heap: 45288 bytes
1785929452.846|[I][webradio] audio_info: Connect to new host: "http://stream.slam.nl/WEB15_MP3"
1785929452.876|[D][chrome] drawVolume pct=100 keyframe=4
1785929452.880|[D][chrome] drawVolume pct=100 keyframe=4
1785929452.905|[W][perf] iter=82ms (worst path so far: app.tick:425ms)
1785929459.853|[I][webradio] audio_info: Request http://stream.slam.nl/WEB15_MP3 failed!
1785929459.856|[W][webradio] connecttohost failed idx=0
1785929459.861|[W][webradio] auto-skip exhausted — no playable station
1785929459.864|[I][spotify.tls] tls yield — resumed
1785929459.867|[D][webradio] ICY:
1785929459.899|[D][chrome] drawVolume pct=100 keyframe=4
1785929459.903|[D][chrome] drawVolume pct=100 keyframe=4
1785929459.928|[W][perf] iter=76ms (worst path so far: wr.connect:7030ms)
1785929469.252|[I][hb] display=winamp wifi=rssi(-51) disc=2 heap=44k maxAlloc=41k stack_hwm=12876b uptime=00:50:34 poll=0/0 last=0 block_max=0ms loop_max=427ms slow=wr.connect:7030ms last_poll_age_ms=0 next_poll_in_ms=5000 last_render_age_ms=9333 build=Aug  5 2026-11:39
1785929482.394|[I][webradio] terminal retry — re-arming scan idx=0
1785929482.401|[I][webradio] play idx=0 name=INJECTED url=http://stream.slam.nl/WEB15_MP3
1785929482.865|[I][spotify.tls] tls yield — client stopped
1785929482.871|[membudget] TASK-267 _play pre-acquire lfbInt=42996 freeInt=45288
1785929482.876|[I][webradio] HEAP pre-connect free=45288 min=43240 maxAlloc=42996
1785929482.884|[membudget] CP1-pre-connect skip=0 freeInt=45288 lfbInt=42996 freeDma=2144 lfbDma=980
1785929482.889|[W][perf] iter=494ms (worst path so far: app.tick:492ms)
1785929482.903|[I][webradio] audio_info: buffers freed, free Heap: 45288 bytes
1785929482.912|[I][webradio] audio_info: Connect to new host: "http://stream.slam.nl/WEB15_MP3"
1785929482.942|[D][chrome] drawVolume pct=100 keyframe=4
1785929482.946|[D][chrome] drawVolume pct=100 keyframe=4
1785929482.971|[W][perf] iter=82ms (worst path so far: app.tick:492ms)
1785929489.919|[I][webradio] audio_info: Request http://stream.slam.nl/WEB15_MP3 failed!
1785929489.922|[W][webradio] connecttohost failed idx=0
1785929489.928|[W][webradio] auto-skip exhausted — no playable station
1785929489.930|[I][spotify.tls] tls yield — resumed
1785929489.933|[D][webradio] ICY:
1785929489.966|[D][chrome] drawVolume pct=100 keyframe=4
1785929489.969|[D][chrome] drawVolume pct=100 keyframe=4
1785929489.994|[W][perf] iter=75ms (worst path so far: wr.connect:7030ms)
1785929499.252|[I][hb] display=winamp wifi=rssi(-51) disc=2 heap=44k maxAlloc=41k stack_hwm=12876b uptime=00:51:04 poll=0/0 last=0 block_max=0ms loop_max=494ms slow=wr.connect:7030ms last_poll_age_ms=0 next_poll_in_ms=5000 last_render_age_ms=9267 build=Aug  5 2026-11:39
1785929512.394|[I][webradio] terminal retry — re-arming scan idx=0
1785929512.402|[I][webradio] play idx=0 name=INJECTED url=http://stream.slam.nl/WEB15_MP3
1785929512.432|[I][spotify.tls] tls yield — client stopped
1785929512.438|[membudget] TASK-267 _play pre-acquire lfbInt=42996 freeInt=45288
1785929512.443|[I][webradio] HEAP pre-connect free=45288 min=43240 maxAlloc=42996
1785929512.451|[membudget] CP1-pre-connect skip=0 freeInt=45288 lfbInt=42996 freeDma=2144 lfbDma=980
1785929512.454|[W][perf] iter=61ms (worst path so far: app.tick:59ms)
1785929512.469|[I][webradio] audio_info: buffers freed, free Heap: 45288 bytes
1785929512.478|[I][webradio] audio_info: Connect to new host: "http://stream.slam.nl/WEB15_MP3"
1785929512.509|[D][chrome] drawVolume pct=100 keyframe=4
1785929512.512|[D][chrome] drawVolume pct=100 keyframe=4
1785929512.538|[W][perf] iter=82ms (worst path so far: app.tick:65ms)
1785929519.485|[I][webradio] audio_info: Request http://stream.slam.nl/WEB15_MP3 failed!
1785929519.488|[W][webradio] connecttohost failed idx=0
1785929519.494|[W][webradio] auto-skip exhausted — no playable station
1785929519.497|[I][spotify.tls] tls yield — resumed
1785929519.499|[D][webradio] ICY:
1785929519.532|[D][chrome] drawVolume pct=100 keyframe=4
1785929519.536|[D][chrome] drawVolume pct=100 keyframe=4
1785929519.561|[W][perf] iter=76ms (worst path so far: wr.connect:7030ms)
1785929529.253|[I][hb] display=winamp wifi=rssi(-52) disc=2 heap=44k maxAlloc=41k stack_hwm=12876b uptime=00:51:34 poll=0/0 last=0 block_max=0ms loop_max=82ms slow=wr.connect:7030ms last_poll_age_ms=0 next_poll_in_ms=5000 last_render_age_ms=9700 build=Aug  5 2026-11:39:
1785929542.394|[I][webradio] terminal retry — re-arming scan idx=0
1785929542.401|[I][webradio] play idx=0 name=INJECTED url=http://stream.slam.nl/WEB15_MP3
1785929542.498|[I][spotify.tls] tls yield — client stopped
1785929542.504|[membudget] TASK-267 _play pre-acquire lfbInt=42996 freeInt=45288
1785929542.509|[I][webradio] HEAP pre-connect free=45288 min=43240 maxAlloc=42996
1785929542.517|[membudget] CP1-pre-connect skip=0 freeInt=45288 lfbInt=42996 freeDma=2144 lfbDma=980
1785929542.522|[W][perf] iter=128ms (worst path so far: app.tick:126ms)
1785929542.537|[I][webradio] audio_info: buffers freed, free Heap: 45288 bytes
1785929542.546|[I][webradio] audio_info: Connect to new host: "http://stream.slam.nl/WEB15_MP3"
1785929542.576|[D][chrome] drawVolume pct=100 keyframe=4
1785929542.579|[D][chrome] drawVolume pct=100 keyframe=4
1785929542.604|[W][perf] iter=82ms (worst path so far: app.tick:126ms)
1785929549.552|[I][webradio] audio_info: Request http://stream.slam.nl/WEB15_MP3 failed!
1785929549.556|[W][webradio] connecttohost failed idx=0
1785929549.561|[W][webradio] auto-skip exhausted — no playable station
1785929549.564|[I][spotify.tls] tls yield — resumed
1785929549.567|[D][webradio] ICY:
1785929549.599|[D][chrome] drawVolume pct=100 keyframe=4
1785929549.603|[D][chrome] drawVolume pct=100 keyframe=4
1785929549.627|[W][perf] iter=76ms (worst path so far: wr.connect:7030ms)
1785929559.253|[I][hb] display=winamp wifi=rssi(-53) disc=2 heap=44k maxAlloc=41k stack_hwm=12876b uptime=00:52:04 poll=0/0 last=0 block_max=0ms loop_max=128ms slow=wr.connect:7030ms last_poll_age_ms=0 next_poll_in_ms=5000 last_render_age_ms=9634 build=Aug  5 2026-11:39
1785929572.393|[I][webradio] terminal retry — re-arming scan idx=0
1785929572.400|[I][webradio] play idx=0 name=INJECTED url=http://stream.slam.nl/WEB15_MP3
1785929572.565|[I][spotify.tls] tls yield — client stopped
1785929572.571|[membudget] TASK-267 _play pre-acquire lfbInt=42996 freeInt=45288
1785929572.576|[I][webradio] HEAP pre-connect free=45288 min=43240 maxAlloc=42996
1785929572.584|[membudget] CP1-pre-connect skip=0 freeInt=45288 lfbInt=42996 freeDma=2144 lfbDma=980
1785929572.588|[W][perf] iter=195ms (worst path so far: app.tick:193ms)
1785929572.602|[I][webradio] audio_info: buffers freed, free Heap: 45288 bytes
1785929572.612|[I][webradio] audio_info: Connect to new host: "http://stream.slam.nl/WEB15_MP3"
1785929572.642|[D][chrome] drawVolume pct=100 keyframe=4
1785929572.645|[D][chrome] drawVolume pct=100 keyframe=4
1785929572.672|[W][perf] iter=82ms (worst path so far: app.tick:193ms)
1785929579.619|[I][webradio] audio_info: Request http://stream.slam.nl/WEB15_MP3 failed!
1785929579.621|[W][webradio] connecttohost failed idx=0
1785929579.627|[W][webradio] auto-skip exhausted — no playable station
1785929579.630|[I][spotify.tls] tls yield — resumed
1785929579.632|[D][webradio] ICY:
1785929579.666|[D][chrome] drawVolume pct=100 keyframe=4
1785929579.669|[D][chrome] drawVolume pct=100 keyframe=4
1785929579.694|[W][perf] iter=76ms (worst path so far: wr.connect:7030ms)
1785929589.253|[I][hb] display=winamp wifi=rssi(-50) disc=2 heap=44k maxAlloc=41k stack_hwm=12876b uptime=00:52:34 poll=0/0 last=0 block_max=0ms loop_max=195ms slow=wr.connect:7030ms last_poll_age_ms=0 next_poll_in_ms=5000 last_render_age_ms=9567 build=Aug  5 2026-11:39
1785929602.393|[I][webradio] terminal retry — re-arming scan idx=0
1785929602.400|[I][webradio] play idx=0 name=INJECTED url=http://stream.slam.nl/WEB15_MP3
1785929602.631|[I][spotify.tls] tls yield — client stopped
1785929602.637|[membudget] TASK-267 _play pre-acquire lfbInt=42996 freeInt=45288
1785929602.642|[I][webradio] HEAP pre-connect free=45288 min=43240 maxAlloc=42996
1785929602.650|[membudget] CP1-pre-connect skip=0 freeInt=45288 lfbInt=42996 freeDma=2144 lfbDma=980
1785929602.656|[W][perf] iter=262ms (worst path so far: app.tick:260ms)
1785929602.671|[I][webradio] audio_info: buffers freed, free Heap: 45288 bytes
1785929602.680|[I][webradio] audio_info: Connect to new host: "http://stream.slam.nl/WEB15_MP3"
1785929602.711|[D][chrome] drawVolume pct=100 keyframe=4
1785929602.714|[D][chrome] drawVolume pct=100 keyframe=4
1785929602.739|[W][perf] iter=84ms (worst path so far: app.tick:260ms)
1785929609.687|[I][webradio] audio_info: Request http://stream.slam.nl/WEB15_MP3 failed!
1785929609.690|[W][webradio] connecttohost failed idx=0
1785929609.695|[W][webradio] auto-skip exhausted — no playable station
1785929609.697|[I][spotify.tls] tls yield — resumed
1785929609.700|[D][webradio] ICY:
1785929609.733|[D][chrome] drawVolume pct=100 keyframe=4
1785929609.737|[D][chrome] drawVolume pct=100 keyframe=4
1785929609.761|[W][perf] iter=76ms (worst path so far: wr.connect:7029ms)
1785929619.252|[I][hb] display=winamp wifi=rssi(-50) disc=2 heap=44k maxAlloc=41k stack_hwm=12876b uptime=00:53:04 poll=0/0 last=0 block_max=0ms loop_max=262ms slow=wr.connect:7029ms last_poll_age_ms=0 next_poll_in_ms=5000 last_render_age_ms=9499 build=Aug  5 2026-11:39
1785929632.392|[I][webradio] terminal retry — re-arming scan idx=0
1785929632.399|[I][webradio] play idx=0 name=INJECTED url=http://stream.slam.nl/WEB15_MP3
1785929632.699|[I][spotify.tls] tls yield — client stopped
1785929632.705|[membudget] TASK-267 _play pre-acquire lfbInt=42996 freeInt=45288
1785929632.710|[I][webradio] HEAP pre-connect free=45288 min=43240 maxAlloc=42996
1785929632.718|[membudget] CP1-pre-connect skip=0 freeInt=45288 lfbInt=42996 freeDma=2144 lfbDma=980
1785929632.723|[W][perf] iter=330ms (worst path so far: app.tick:328ms)
1785929632.737|[I][webradio] audio_info: buffers freed, free Heap: 45288 bytes
1785929632.746|[I][webradio] audio_info: Connect to new host: "http://stream.slam.nl/WEB15_MP3"
1785929632.776|[D][chrome] drawVolume pct=100 keyframe=4
1785929632.780|[D][chrome] drawVolume pct=100 keyframe=4
1785929632.806|[W][perf] iter=82ms (worst path so far: app.tick:328ms)
1785929639.753|[I][webradio] audio_info: Request http://stream.slam.nl/WEB15_MP3 failed!
1785929639.756|[W][webradio] connecttohost failed idx=0
1785929639.762|[W][webradio] auto-skip exhausted — no playable station
1785929639.765|[I][spotify.tls] tls yield — resumed
1785929639.767|[D][webradio] ICY:
1785929639.800|[D][chrome] drawVolume pct=100 keyframe=4
1785929639.803|[D][chrome] drawVolume pct=100 keyframe=4
1785929639.828|[W][perf] iter=76ms (worst path so far: wr.connect:7030ms)
1785929649.252|[I][hb] display=winamp wifi=rssi(-50) disc=2 heap=44k maxAlloc=41k stack_hwm=12876b uptime=00:53:34 poll=0/0 last=0 block_max=0ms loop_max=330ms slow=wr.connect:7030ms last_poll_age_ms=0 next_poll_in_ms=5000 last_render_age_ms=9433 build=Aug  5 2026-11:39
1785929662.392|[I][webradio] terminal retry — re-arming scan idx=0
1785929662.398|[I][webradio] play idx=0 name=INJECTED url=http://stream.slam.nl/WEB15_MP3
1785929662.765|[I][spotify.tls] tls yield — client stopped
1785929662.771|[membudget] TASK-267 _play pre-acquire lfbInt=42996 freeInt=45288
1785929662.776|[I][webradio] HEAP pre-connect free=45288 min=43240 maxAlloc=42996
1785929662.785|[membudget] CP1-pre-connect skip=0 freeInt=45288 lfbInt=42996 freeDma=2144 lfbDma=980
1785929662.789|[W][perf] iter=397ms (worst path so far: app.tick:395ms)
1785929662.804|[I][webradio] audio_info: buffers freed, free Heap: 45288 bytes
1785929662.812|[I][webradio] audio_info: Connect to new host: "http://stream.slam.nl/WEB15_MP3"
1785929662.843|[D][chrome] drawVolume pct=100 keyframe=4
1785929662.846|[D][chrome] drawVolume pct=100 keyframe=4
1785929662.872|[W][perf] iter=82ms (worst path so far: app.tick:395ms)
1785929669.820|[I][webradio] audio_info: Request http://stream.slam.nl/WEB15_MP3 failed!
1785929669.822|[W][webradio] connecttohost failed idx=0
1785929669.828|[W][webradio] auto-skip exhausted — no playable station
1785929669.830|[I][spotify.tls] tls yield — resumed
1785929669.833|[D][webradio] ICY:
1785929669.866|[D][chrome] drawVolume pct=100 keyframe=4
1785929669.870|[D][chrome] drawVolume pct=100 keyframe=4
1785929669.895|[W][perf] iter=76ms (worst path so far: wr.connect:7030ms)
1785929679.252|[I][hb] display=winamp wifi=rssi(-50) disc=2 heap=44k maxAlloc=41k stack_hwm=12876b uptime=00:54:04 poll=0/0 last=0 block_max=0ms loop_max=397ms slow=wr.connect:7030ms last_poll_age_ms=0 next_poll_in_ms=5000 last_render_age_ms=9366 build=Aug  5 2026-11:39
1785929692.391|[I][webradio] terminal retry — re-arming scan idx=0
1785929692.398|[I][webradio] play idx=0 name=INJECTED url=http://stream.slam.nl/WEB15_MP3
1785929692.831|[I][spotify.tls] tls yield — client stopped
1785929692.837|[membudget] TASK-267 _play pre-acquire lfbInt=42996 freeInt=45288
1785929692.843|[I][webradio] HEAP pre-connect free=45288 min=43240 maxAlloc=42996
1785929692.851|[membudget] CP1-pre-connect skip=0 freeInt=45288 lfbInt=42996 freeDma=2144 lfbDma=980
1785929692.855|[W][perf] iter=464ms (worst path so far: app.tick:462ms)
1785929692.870|[I][webradio] audio_info: buffers freed, free Heap: 45288 bytes
1785929692.879|[I][webradio] audio_info: Connect to new host: "http://stream.slam.nl/WEB15_MP3"
1785929692.909|[D][chrome] drawVolume pct=100 keyframe=4
1785929692.913|[D][chrome] drawVolume pct=100 keyframe=4
1785929692.938|[W][perf] iter=82ms (worst path so far: app.tick:462ms)
1785929699.886|[I][webradio] audio_info: Request http://stream.slam.nl/WEB15_MP3 failed!
1785929699.889|[W][webradio] connecttohost failed idx=0
1785929699.894|[W][webradio] auto-skip exhausted — no playable station
1785929699.898|[I][spotify.tls] tls yield — resumed
1785929699.900|[D][webradio] ICY:
1785929699.933|[D][chrome] drawVolume pct=100 keyframe=4
1785929699.937|[D][chrome] drawVolume pct=100 keyframe=4
1785929699.961|[W][perf] iter=76ms (worst path so far: wr.connect:7030ms)
1785929709.251|[I][hb] display=winamp wifi=rssi(-50) disc=2 heap=44k maxAlloc=41k stack_hwm=12876b uptime=00:54:34 poll=0/0 last=0 block_max=0ms loop_max=464ms slow=wr.connect:7030ms last_poll_age_ms=0 next_poll_in_ms=5000 last_render_age_ms=9299 build=Aug  5 2026-11:39
1785929722.391|[I][webradio] terminal retry — re-arming scan idx=0
1785929722.399|[I][webradio] play idx=0 name=INJECTED url=http://stream.slam.nl/WEB15_MP3
1785929722.402|[I][spotify.tls] tls yield — client stopped
1785929722.407|[membudget] TASK-267 _play pre-acquire lfbInt=42996 freeInt=45288
1785929722.413|[I][webradio] HEAP pre-connect free=45288 min=43240 maxAlloc=42996
1785929722.421|[membudget] CP1-pre-connect skip=0 freeInt=45288 lfbInt=42996 freeDma=2144 lfbDma=980
1785929722.436|[I][webradio] audio_info: buffers freed, free Heap: 45288 bytes
1785929722.445|[I][webradio] audio_info: Connect to new host: "http://stream.slam.nl/WEB15_MP3"
1785929722.475|[D][chrome] drawVolume pct=100 keyframe=4
1785929722.480|[D][chrome] drawVolume pct=100 keyframe=4
1785929722.505|[W][perf] iter=82ms (worst path so far: app.tick:65ms)
1785929729.453|[I][webradio] audio_info: Request http://stream.slam.nl/WEB15_MP3 failed!
1785929729.456|[W][webradio] connecttohost failed idx=0
1785929729.462|[W][webradio] auto-skip exhausted — no playable station
1785929729.464|[I][spotify.tls] tls yield — resumed
1785929729.467|[D][webradio] ICY:
1785929729.499|[D][chrome] drawVolume pct=100 keyframe=4
1785929729.502|[D][chrome] drawVolume pct=100 keyframe=4
1785929729.527|[W][perf] iter=75ms (worst path so far: wr.connect:7030ms)
1785929739.251|[I][hb] display=winamp wifi=rssi(-49) disc=2 heap=44k maxAlloc=41k stack_hwm=12876b uptime=00:55:04 poll=0/0 last=0 block_max=0ms loop_max=82ms slow=wr.connect:7030ms last_poll_age_ms=0 next_poll_in_ms=5000 last_render_age_ms=9733 build=Aug  5 2026-11:39:
1785929750.118|{"ok":true,"cmd":"get","var":"wrState","state":5,"last":true}
1785929750.129|{"ok":true,"cmd":"get","var":"wrIdx","idx":0,"last":true}
1785929752.391|[I][webradio] terminal retry — re-arming scan idx=0
1785929752.397|[I][webradio] play idx=0 name=INJECTED url=http://stream.slam.nl/WEB15_MP3
1785929752.465|[I][spotify.tls] tls yield — client stopped
1785929752.470|[membudget] TASK-267 _play pre-acquire lfbInt=42996 freeInt=45288
1785929752.476|[I][webradio] HEAP pre-connect free=45288 min=43240 maxAlloc=42996
1785929752.484|[membudget] CP1-pre-connect skip=0 freeInt=45288 lfbInt=42996 freeDma=2144 lfbDma=980
1785929752.488|[W][perf] iter=98ms (worst path so far: app.tick:96ms)
1785929752.503|[I][webradio] audio_info: buffers freed, free Heap: 45288 bytes
1785929752.512|[I][webradio] audio_info: Connect to new host: "http://stream.slam.nl/WEB15_MP3"
1785929752.542|[D][chrome] drawVolume pct=100 keyframe=4
1785929752.545|[D][chrome] drawVolume pct=100 keyframe=4
1785929752.571|[W][perf] iter=82ms (worst path so far: app.tick:96ms)
1785929759.519|[I][webradio] audio_info: Request http://stream.slam.nl/WEB15_MP3 failed!
1785929759.522|[W][webradio] connecttohost failed idx=0
1785929759.528|[W][webradio] auto-skip exhausted — no playable station
1785929759.531|[I][spotify.tls] tls yield — resumed
1785929759.533|[D][webradio] ICY:
1785929759.566|[D][chrome] drawVolume pct=100 keyframe=4
1785929759.570|[D][chrome] drawVolume pct=100 keyframe=4
1785929759.594|[W][perf] iter=76ms (worst path so far: wr.connect:7030ms)
1785929769.251|[I][hb] display=winamp wifi=rssi(-49) disc=2 heap=44k maxAlloc=41k stack_hwm=12876b uptime=00:55:34 poll=0/0 last=0 block_max=0ms loop_max=98ms slow=wr.connect:7030ms last_poll_age_ms=0 next_poll_in_ms=5000 last_render_age_ms=9666 build=Aug  5 2026-11:39:
1785929782.390|[I][webradio] terminal retry — re-arming scan idx=0
1785929782.397|[I][webradio] play idx=0 name=INJECTED url=http://stream.slam.nl/WEB15_MP3
1785929782.531|[I][spotify.tls] tls yield — client stopped
1785929782.537|[membudget] TASK-267 _play pre-acquire lfbInt=42996 freeInt=45288
1785929782.542|[I][webradio] HEAP pre-connect free=45288 min=43240 maxAlloc=42996
1785929782.550|[membudget] CP1-pre-connect skip=0 freeInt=45288 lfbInt=42996 freeDma=2144 lfbDma=980
1785929782.555|[W][perf] iter=165ms (worst path so far: app.tick:163ms)
1785929782.570|[I][webradio] audio_info: buffers freed, free Heap: 45288 bytes
1785929782.578|[I][webradio] audio_info: Connect to new host: "http://stream.slam.nl/WEB15_MP3"
1785929782.608|[D][chrome] drawVolume pct=100 keyframe=4
1785929782.612|[D][chrome] drawVolume pct=100 keyframe=4
1785929782.637|[W][perf] iter=82ms (worst path so far: app.tick:163ms)
1785929789.585|[I][webradio] audio_info: Request http://stream.slam.nl/WEB15_MP3 failed!
1785929789.588|[W][webradio] connecttohost failed idx=0
1785929789.594|[W][webradio] auto-skip exhausted — no playable station
1785929789.596|[I][spotify.tls] tls yield — resumed
1785929789.599|[D][webradio] ICY:
1785929789.631|[D][chrome] drawVolume pct=100 keyframe=4
1785929789.635|[D][chrome] drawVolume pct=100 keyframe=4
1785929789.660|[W][perf] iter=76ms (worst path so far: wr.connect:7030ms)
1785929799.251|[I][hb] display=winamp wifi=rssi(-51) disc=2 heap=44k maxAlloc=41k stack_hwm=12876b uptime=00:56:04 poll=0/0 last=0 block_max=0ms loop_max=165ms slow=wr.connect:7030ms last_poll_age_ms=0 next_poll_in_ms=5000 last_render_age_ms=9599 build=Aug  5 2026-11:39
1785929812.389|[I][webradio] terminal retry — re-arming scan idx=0
1785929812.397|[I][webradio] play idx=0 name=INJECTED url=http://stream.slam.nl/WEB15_MP3
1785929812.597|[I][spotify.tls] tls yield — client stopped
1785929812.603|[membudget] TASK-267 _play pre-acquire lfbInt=42996 freeInt=45288
1785929812.609|[I][webradio] HEAP pre-connect free=45288 min=43240 maxAlloc=42996
1785929812.617|[membudget] CP1-pre-connect skip=0 freeInt=45288 lfbInt=42996 freeDma=2144 lfbDma=980
1785929812.621|[W][perf] iter=232ms (worst path so far: app.tick:230ms)
1785929812.636|[I][webradio] audio_info: buffers freed, free Heap: 45288 bytes
1785929812.646|[I][webradio] audio_info: Connect to new host: "http://stream.slam.nl/WEB15_MP3"
1785929812.675|[D][chrome] drawVolume pct=100 keyframe=4
1785929812.679|[D][chrome] drawVolume pct=100 keyframe=4
1785929812.705|[W][perf] iter=82ms (worst path so far: app.tick:230ms)
1785929819.653|[I][webradio] audio_info: Request http://stream.slam.nl/WEB15_MP3 failed!
1785929819.655|[W][webradio] connecttohost failed idx=0
1785929819.661|[W][webradio] auto-skip exhausted — no playable station
1785929819.664|[I][spotify.tls] tls yield — resumed
1785929819.666|[D][webradio] ICY:
1785929819.698|[D][chrome] drawVolume pct=100 keyframe=4
1785929819.702|[D][chrome] drawVolume pct=100 keyframe=4
1785929819.727|[W][perf] iter=76ms (worst path so far: wr.connect:7030ms)
1785929829.250|[I][hb] display=winamp wifi=rssi(-51) disc=2 heap=44k maxAlloc=41k stack_hwm=12876b uptime=00:56:34 poll=0/0 last=0 block_max=0ms loop_max=232ms slow=wr.connect:7030ms last_poll_age_ms=0 next_poll_in_ms=5000 last_render_age_ms=9532 build=Aug  5 2026-11:39
1785929842.389|[I][webradio] terminal retry — re-arming scan idx=0
1785929842.396|[I][webradio] play idx=0 name=INJECTED url=http://stream.slam.nl/WEB15_MP3
1785929842.665|[I][spotify.tls] tls yield — client stopped
1785929842.670|[membudget] TASK-267 _play pre-acquire lfbInt=42996 freeInt=45288
1785929842.676|[I][webradio] HEAP pre-connect free=45288 min=43240 maxAlloc=42996
1785929842.684|[membudget] CP1-pre-connect skip=0 freeInt=45288 lfbInt=42996 freeDma=2144 lfbDma=980
1785929842.688|[W][perf] iter=299ms (worst path so far: app.tick:297ms)
1785929842.702|[I][webradio] audio_info: buffers freed, free Heap: 45288 bytes
1785929842.712|[I][webradio] audio_info: Connect to new host: "http://stream.slam.nl/WEB15_MP3"
1785929842.742|[D][chrome] drawVolume pct=100 keyframe=4
1785929842.746|[D][chrome] drawVolume pct=100 keyframe=4
1785929842.771|[W][perf] iter=82ms (worst path so far: app.tick:297ms)
1785929849.719|[I][webradio] audio_info: Request http://stream.slam.nl/WEB15_MP3 failed!
1785929849.722|[W][webradio] connecttohost failed idx=0
1785929849.727|[W][webradio] auto-skip exhausted — no playable station
1785929849.730|[I][spotify.tls] tls yield — resumed
1785929849.733|[D][webradio] ICY:
1785929849.765|[D][chrome] drawVolume pct=100 keyframe=4
1785929849.769|[D][chrome] drawVolume pct=100 keyframe=4
1785929849.794|[W][perf] iter=76ms (worst path so far: wr.connect:7030ms)
1785929859.250|[I][hb] display=winamp wifi=rssi(-51) disc=2 heap=44k maxAlloc=41k stack_hwm=12876b uptime=00:57:04 poll=0/0 last=0 block_max=0ms loop_max=299ms slow=wr.connect:7030ms last_poll_age_ms=0 next_poll_in_ms=5000 last_render_age_ms=9465 build=Aug  5 2026-11:39
1785929872.388|[I][webradio] terminal retry — re-arming scan idx=0
1785929872.395|[I][webradio] play idx=0 name=INJECTED url=http://stream.slam.nl/WEB15_MP3
1785929872.730|[I][spotify.tls] tls yield — client stopped
1785929872.736|[membudget] TASK-267 _play pre-acquire lfbInt=42996 freeInt=45288
1785929872.741|[I][webradio] HEAP pre-connect free=45288 min=43240 maxAlloc=42996
1785929872.750|[membudget] CP1-pre-connect skip=0 freeInt=45288 lfbInt=42996 freeDma=2144 lfbDma=980
1785929872.755|[W][perf] iter=366ms (worst path so far: app.tick:364ms)
1785929872.770|[I][webradio] audio_info: buffers freed, free Heap: 45288 bytes
1785929872.778|[I][webradio] audio_info: Connect to new host: "http://stream.slam.nl/WEB15_MP3"
1785929872.808|[D][chrome] drawVolume pct=100 keyframe=4
1785929872.812|[D][chrome] drawVolume pct=100 keyframe=4
1785929872.838|[W][perf] iter=82ms (worst path so far: app.tick:364ms)
1785929879.786|[I][webradio] audio_info: Request http://stream.slam.nl/WEB15_MP3 failed!
1785929879.788|[W][webradio] connecttohost failed idx=0
1785929879.793|[W][webradio] auto-skip exhausted — no playable station
1785929879.797|[I][spotify.tls] tls yield — resumed
1785929879.799|[D][webradio] ICY:
1785929879.831|[D][chrome] drawVolume pct=100 keyframe=4
1785929879.835|[D][chrome] drawVolume pct=100 keyframe=4
1785929879.860|[W][perf] iter=76ms (worst path so far: wr.connect:7030ms)
1785929889.249|[I][hb] display=winamp wifi=rssi(-54) disc=2 heap=44k maxAlloc=41k stack_hwm=12876b uptime=00:57:34 poll=0/0 last=0 block_max=0ms loop_max=366ms slow=wr.connect:7030ms last_poll_age_ms=0 next_poll_in_ms=5000 last_render_age_ms=9398 build=Aug  5 2026-11:39
1785929902.388|[I][webradio] terminal retry — re-arming scan idx=0
1785929902.395|[I][webradio] play idx=0 name=INJECTED url=http://stream.slam.nl/WEB15_MP3
1785929902.795|[I][spotify.tls] tls yield — client stopped
1785929902.800|[membudget] TASK-267 _play pre-acquire lfbInt=42996 freeInt=45288
1785929902.805|[I][webradio] HEAP pre-connect free=45288 min=43240 maxAlloc=42996
1785929902.813|[membudget] CP1-pre-connect skip=0 freeInt=45288 lfbInt=42996 freeDma=2144 lfbDma=980
1785929902.818|[W][perf] iter=430ms (worst path so far: app.tick:428ms)
1785929902.834|[I][webradio] audio_info: buffers freed, free Heap: 45288 bytes
1785929902.843|[I][webradio] audio_info: Connect to new host: "http://stream.slam.nl/WEB15_MP3"
1785929902.873|[D][chrome] drawVolume pct=100 keyframe=4
1785929902.877|[D][chrome] drawVolume pct=100 keyframe=4
1785929902.903|[W][perf] iter=84ms (worst path so far: app.tick:428ms)
1785929909.849|[I][webradio] audio_info: Request http://stream.slam.nl/WEB15_MP3 failed!
1785929909.853|[W][webradio] connecttohost failed idx=0
1785929909.858|[W][webradio] auto-skip exhausted — no playable station
1785929909.862|[I][spotify.tls] tls yield — resumed
1785929909.863|[D][webradio] ICY:
1785929909.896|[D][chrome] drawVolume pct=100 keyframe=4
1785929909.900|[D][chrome] drawVolume pct=100 keyframe=4
1785929909.925|[W][perf] iter=76ms (worst path so far: wr.connect:7029ms)
1785929919.249|[I][hb] display=winamp wifi=rssi(-54) disc=2 heap=44k maxAlloc=41k stack_hwm=12876b uptime=00:58:04 poll=0/0 last=0 block_max=0ms loop_max=430ms slow=wr.connect:7029ms last_poll_age_ms=0 next_poll_in_ms=5000 last_render_age_ms=9333 build=Aug  5 2026-11:39
1785929932.388|[I][webradio] terminal retry — re-arming scan idx=0
1785929932.395|[I][webradio] play idx=0 name=INJECTED url=http://stream.slam.nl/WEB15_MP3
1785929932.859|[I][spotify.tls] tls yield — client stopped
1785929932.865|[membudget] TASK-267 _play pre-acquire lfbInt=42996 freeInt=45288
1785929932.870|[I][webradio] HEAP pre-connect free=45288 min=43240 maxAlloc=42996
1785929932.879|[membudget] CP1-pre-connect skip=0 freeInt=45288 lfbInt=42996 freeDma=2144 lfbDma=980
1785929932.883|[W][perf] iter=495ms (worst path so far: app.tick:493ms)
1785929932.899|[I][webradio] audio_info: buffers freed, free Heap: 45288 bytes
1785929932.908|[I][webradio] audio_info: Connect to new host: "http://stream.slam.nl/WEB15_MP3"
1785929932.938|[D][chrome] drawVolume pct=100 keyframe=4
1785929932.942|[D][chrome] drawVolume pct=100 keyframe=4
1785929932.967|[W][perf] iter=84ms (worst path so far: app.tick:493ms)
1785929939.914|[I][webradio] audio_info: Request http://stream.slam.nl/WEB15_MP3 failed!
1785929939.918|[W][webradio] connecttohost failed idx=0
1785929939.922|[W][webradio] auto-skip exhausted — no playable station
1785929939.925|[I][spotify.tls] tls yield — resumed
1785929939.928|[D][webradio] ICY:
1785929939.960|[D][chrome] drawVolume pct=100 keyframe=4
1785929939.965|[D][chrome] drawVolume pct=100 keyframe=4
1785929939.989|[W][perf] iter=76ms (worst path so far: wr.connect:7029ms)
1785929949.249|[I][hb] display=winamp wifi=rssi(-50) disc=2 heap=44k maxAlloc=41k stack_hwm=12876b uptime=00:58:34 poll=0/0 last=0 block_max=0ms loop_max=495ms slow=wr.connect:7029ms last_poll_age_ms=0 next_poll_in_ms=5000 last_render_age_ms=9268 build=Aug  5 2026-11:39
1785929962.387|[I][webradio] terminal retry — re-arming scan idx=0
1785929962.395|[I][webradio] play idx=0 name=INJECTED url=http://stream.slam.nl/WEB15_MP3
1785929962.424|[I][spotify.tls] tls yield — client stopped
1785929962.429|[membudget] TASK-267 _play pre-acquire lfbInt=42996 freeInt=45288
1785929962.434|[I][webradio] HEAP pre-connect free=45288 min=43240 maxAlloc=42996
1785929962.443|[membudget] CP1-pre-connect skip=0 freeInt=45288 lfbInt=42996 freeDma=2144 lfbDma=980
1785929962.445|[W][perf] iter=60ms (worst path so far: app.tick:58ms)
1785929962.463|[I][webradio] audio_info: buffers freed, free Heap: 45288 bytes
1785929962.472|[I][webradio] audio_info: Connect to new host: "http://stream.slam.nl/WEB15_MP3"
1785929962.502|[D][chrome] drawVolume pct=100 keyframe=4
1785929962.506|[D][chrome] drawVolume pct=100 keyframe=4
1785929962.532|[W][perf] iter=84ms (worst path so far: app.tick:66ms)
1785929969.479|[I][webradio] audio_info: Request http://stream.slam.nl/WEB15_MP3 failed!
1785929969.481|[W][webradio] connecttohost failed idx=0
1785929969.487|[W][webradio] auto-skip exhausted — no playable station
1785929969.490|[I][spotify.tls] tls yield — resumed
1785929969.493|[D][webradio] ICY:
1785929969.525|[D][chrome] drawVolume pct=100 keyframe=4
1785929969.529|[D][chrome] drawVolume pct=100 keyframe=4
1785929969.553|[W][perf] iter=75ms (worst path so far: wr.connect:7029ms)
1785929979.248|[I][hb] display=winamp wifi=rssi(-51) disc=2 heap=44k maxAlloc=41k stack_hwm=12876b uptime=00:59:04 poll=0/0 last=0 block_max=0ms loop_max=84ms slow=wr.connect:7029ms last_poll_age_ms=0 next_poll_in_ms=5000 last_render_age_ms=9703 build=Aug  5 2026-11:39:
1785929992.386|[I][webradio] terminal retry — re-arming scan idx=0
1785929992.393|[I][webradio] play idx=0 name=INJECTED url=http://stream.slam.nl/WEB15_MP3
1785929992.492|[I][spotify.tls] tls yield — client stopped
1785929992.496|[membudget] TASK-267 _play pre-acquire lfbInt=42996 freeInt=45288
1785929992.502|[I][webradio] HEAP pre-connect free=45288 min=43240 maxAlloc=42996
1785929992.510|[membudget] CP1-pre-connect skip=0 freeInt=45288 lfbInt=42996 freeDma=2144 lfbDma=980
1785929992.515|[W][perf] iter=128ms (worst path so far: app.tick:126ms)
1785929992.530|[I][webradio] audio_info: buffers freed, free Heap: 45288 bytes
1785929992.538|[I][webradio] audio_info: Connect to new host: "http://stream.slam.nl/WEB15_MP3"
1785929992.568|[D][chrome] drawVolume pct=100 keyframe=4
1785929992.572|[D][chrome] drawVolume pct=100 keyframe=4
1785929992.597|[W][perf] iter=82ms (worst path so far: app.tick:126ms)
1785929999.546|[I][webradio] audio_info: Request http://stream.slam.nl/WEB15_MP3 failed!
1785929999.548|[W][webradio] connecttohost failed idx=0
1785929999.554|[W][webradio] auto-skip exhausted — no playable station
1785929999.556|[I][spotify.tls] tls yield — resumed
1785929999.560|[D][webradio] ICY:
1785929999.591|[D][chrome] drawVolume pct=100 keyframe=4
1785929999.595|[D][chrome] drawVolume pct=100 keyframe=4
1785929999.620|[W][perf] iter=76ms (worst path so far: wr.connect:7030ms)
1785930009.248|[I][hb] display=winamp wifi=rssi(-51) disc=2 heap=44k maxAlloc=41k stack_hwm=12876b uptime=00:59:34 poll=0/0 last=0 block_max=0ms loop_max=128ms slow=wr.connect:7030ms last_poll_age_ms=0 next_poll_in_ms=5000 last_render_age_ms=9636 build=Aug  5 2026-11:39
1785930022.386|[I][webradio] terminal retry — re-arming scan idx=0
1785930022.393|[I][webradio] play idx=0 name=INJECTED url=http://stream.slam.nl/WEB15_MP3
1785930022.558|[I][spotify.tls] tls yield — client stopped
1785930022.564|[membudget] TASK-267 _play pre-acquire lfbInt=42996 freeInt=45288
1785930022.568|[I][webradio] HEAP pre-connect free=45288 min=43240 maxAlloc=42996
1785930022.576|[membudget] CP1-pre-connect skip=0 freeInt=45288 lfbInt=42996 freeDma=2144 lfbDma=980
1785930022.581|[W][perf] iter=195ms (worst path so far: app.tick:193ms)
1785930022.596|[I][webradio] audio_info: buffers freed, free Heap: 45288 bytes
1785930022.605|[I][webradio] audio_info: Connect to new host: "http://stream.slam.nl/WEB15_MP3"
1785930022.634|[D][chrome] drawVolume pct=100 keyframe=4
1785930022.638|[D][chrome] drawVolume pct=100 keyframe=4
1785930022.664|[W][perf] iter=82ms (worst path so far: app.tick:193ms)
1785930029.611|[I][webradio] audio_info: Request http://stream.slam.nl/WEB15_MP3 failed!
1785930029.614|[W][webradio] connecttohost failed idx=0
1785930029.620|[W][webradio] auto-skip exhausted — no playable station
1785930029.622|[I][spotify.tls] tls yield — resumed
1785930029.625|[D][webradio] ICY:
1785930029.658|[D][chrome] drawVolume pct=100 keyframe=4
1785930029.661|[D][chrome] drawVolume pct=100 keyframe=4
1785930029.686|[W][perf] iter=76ms (worst path so far: wr.connect:7030ms)
1785930039.248|[I][hb] display=winamp wifi=rssi(-52) disc=2 heap=44k maxAlloc=41k stack_hwm=12876b uptime=01:00:04 poll=0/0 last=0 block_max=0ms loop_max=195ms slow=wr.connect:7030ms last_poll_age_ms=0 next_poll_in_ms=5000 last_render_age_ms=9569 build=Aug  5 2026-11:39
1785930050.215|{"ok":true,"cmd":"get","var":"wrState","state":5,"last":true}
1785930050.225|{"ok":true,"cmd":"get","var":"wrIdx","idx":0,"last":true}
1785930052.386|[I][webradio] terminal retry — re-arming scan idx=0
1785930052.393|[I][webradio] play idx=0 name=INJECTED url=http://stream.slam.nl/WEB15_MP3
1785930052.624|[I][spotify.tls] tls yield — client stopped
1785930052.629|[membudget] TASK-267 _play pre-acquire lfbInt=42996 freeInt=45288
1785930052.635|[I][webradio] HEAP pre-connect free=45288 min=43240 maxAlloc=42996
1785930052.643|[membudget] CP1-pre-connect skip=0 freeInt=45288 lfbInt=42996 freeDma=2144 lfbDma=980
1785930052.648|[W][perf] iter=262ms (worst path so far: app.tick:260ms)
1785930052.662|[I][webradio] audio_info: buffers freed, free Heap: 45288 bytes
1785930052.672|[I][webradio] audio_info: Connect to new host: "http://stream.slam.nl/WEB15_MP3"
1785930052.702|[D][chrome] drawVolume pct=100 keyframe=4
1785930052.705|[D][chrome] drawVolume pct=100 keyframe=4
1785930052.731|[W][perf] iter=83ms (worst path so far: app.tick:260ms)
1785930059.678|[I][webradio] audio_info: Request http://stream.slam.nl/WEB15_MP3 failed!
1785930059.682|[W][webradio] connecttohost failed idx=0
1785930059.687|[W][webradio] auto-skip exhausted — no playable station
1785930059.690|[I][spotify.tls] tls yield — resumed
1785930059.692|[D][webradio] ICY:
1785930059.725|[D][chrome] drawVolume pct=100 keyframe=4
1785930059.729|[D][chrome] drawVolume pct=100 keyframe=4
1785930059.753|[W][perf] iter=75ms (worst path so far: wr.connect:7030ms)
1785930069.247|[I][hb] display=winamp wifi=rssi(-51) disc=2 heap=44k maxAlloc=41k stack_hwm=12876b uptime=01:00:34 poll=0/0 last=0 block_max=0ms loop_max=262ms slow=wr.connect:7030ms last_poll_age_ms=0 next_poll_in_ms=5000 last_render_age_ms=9502 build=Aug  5 2026-11:39
1785930082.385|[I][webradio] terminal retry — re-arming scan idx=0
1785930082.393|[I][webradio] play idx=0 name=INJECTED url=http://stream.slam.nl/WEB15_MP3
1785930082.691|[I][spotify.tls] tls yield — client stopped
1785930082.696|[membudget] TASK-267 _play pre-acquire lfbInt=42996 freeInt=45288
1785930082.702|[I][webradio] HEAP pre-connect free=45288 min=43240 maxAlloc=42996
1785930082.710|[membudget] CP1-pre-connect skip=0 freeInt=45288 lfbInt=42996 freeDma=2144 lfbDma=980
1785930082.715|[W][perf] iter=329ms (worst path so far: app.tick:327ms)
1785930082.729|[I][webradio] audio_info: buffers freed, free Heap: 45288 bytes
1785930082.738|[I][webradio] audio_info: Connect to new host: "http://stream.slam.nl/WEB15_MP3"
1785930082.768|[D][chrome] drawVolume pct=100 keyframe=4
1785930082.772|[D][chrome] drawVolume pct=100 keyframe=4
1785930082.796|[W][perf] iter=82ms (worst path so far: app.tick:327ms)
1785930089.744|[I][webradio] audio_info: Request http://stream.slam.nl/WEB15_MP3 failed!
1785930089.747|[W][webradio] connecttohost failed idx=0
1785930089.753|[W][webradio] auto-skip exhausted — no playable station
1785930089.756|[I][spotify.tls] tls yield — resumed
1785930089.758|[D][webradio] ICY:
1785930089.791|[D][chrome] drawVolume pct=100 keyframe=4
1785930089.795|[D][chrome] drawVolume pct=100 keyframe=4
1785930089.819|[W][perf] iter=76ms (worst path so far: wr.connect:7030ms)
1785930099.246|[I][hb] display=winamp wifi=rssi(-51) disc=2 heap=44k maxAlloc=41k stack_hwm=12876b uptime=01:01:04 poll=0/0 last=0 block_max=0ms loop_max=329ms slow=wr.connect:7030ms last_poll_age_ms=0 next_poll_in_ms=5000 last_render_age_ms=9435 build=Aug  5 2026-11:39
1785930112.384|[I][webradio] terminal retry — re-arming scan idx=0
1785930112.391|[I][webradio] play idx=0 name=INJECTED url=http://stream.slam.nl/WEB15_MP3
1785930112.758|[I][spotify.tls] tls yield — client stopped
1785930112.763|[membudget] TASK-267 _play pre-acquire lfbInt=42996 freeInt=45288
1785930112.769|[I][webradio] HEAP pre-connect free=45288 min=43240 maxAlloc=42996
1785930112.776|[membudget] CP1-pre-connect skip=0 freeInt=45288 lfbInt=42996 freeDma=2144 lfbDma=980
1785930112.782|[W][perf] iter=396ms (worst path so far: app.tick:394ms)
1785930112.796|[I][webradio] audio_info: buffers freed, free Heap: 45288 bytes
1785930112.805|[I][webradio] audio_info: Connect to new host: "http://stream.slam.nl/WEB15_MP3"
1785930112.834|[D][chrome] drawVolume pct=100 keyframe=4
1785930112.839|[D][chrome] drawVolume pct=100 keyframe=4
1785930112.864|[W][perf] iter=82ms (worst path so far: app.tick:394ms)
1785930119.812|[I][webradio] audio_info: Request http://stream.slam.nl/WEB15_MP3 failed!
1785930119.814|[W][webradio] connecttohost failed idx=0
1785930119.819|[W][webradio] auto-skip exhausted — no playable station
1785930119.822|[I][spotify.tls] tls yield — resumed
1785930119.825|[D][webradio] ICY:
1785930119.858|[D][chrome] drawVolume pct=100 keyframe=4
1785930119.862|[D][chrome] drawVolume pct=100 keyframe=4
1785930119.887|[W][perf] iter=76ms (worst path so far: wr.connect:7030ms)
1785930129.245|[I][hb] display=winamp wifi=rssi(-52) disc=2 heap=44k maxAlloc=41k stack_hwm=12876b uptime=01:01:34 poll=0/0 last=0 block_max=0ms loop_max=396ms slow=wr.connect:7030ms last_poll_age_ms=0 next_poll_in_ms=5000 last_render_age_ms=9368 build=Aug  5 2026-11:39
1785930142.384|[I][webradio] terminal retry — re-arming scan idx=0
1785930142.391|[I][webradio] play idx=0 name=INJECTED url=http://stream.slam.nl/WEB15_MP3
1785930142.823|[I][spotify.tls] tls yield — client stopped
1785930142.830|[membudget] TASK-267 _play pre-acquire lfbInt=42996 freeInt=45288
1785930142.834|[I][webradio] HEAP pre-connect free=45288 min=43240 maxAlloc=42996
1785930142.843|[membudget] CP1-pre-connect skip=0 freeInt=45288 lfbInt=42996 freeDma=2144 lfbDma=980
1785930142.847|[W][perf] iter=463ms (worst path so far: app.tick:461ms)
1785930142.863|[I][webradio] audio_info: buffers freed, free Heap: 45288 bytes
1785930142.871|[I][webradio] audio_info: Connect to new host: "http://stream.slam.nl/WEB15_MP3"
1785930142.901|[D][chrome] drawVolume pct=100 keyframe=4
1785930142.905|[D][chrome] drawVolume pct=100 keyframe=4
1785930142.930|[W][perf] iter=82ms (worst path so far: app.tick:461ms)
1785930149.877|[I][webradio] audio_info: Request http://stream.slam.nl/WEB15_MP3 failed!
1785930149.880|[W][webradio] connecttohost failed idx=0
1785930149.886|[W][webradio] auto-skip exhausted — no playable station
1785930149.889|[I][spotify.tls] tls yield — resumed
1785930149.891|[D][webradio] ICY:
1785930149.924|[D][chrome] drawVolume pct=100 keyframe=4
1785930149.928|[D][chrome] drawVolume pct=100 keyframe=4
1785930149.953|[W][perf] iter=76ms (worst path so far: wr.connect:7030ms)
1785930159.245|[I][hb] display=winamp wifi=rssi(-52) disc=2 heap=44k maxAlloc=41k stack_hwm=12876b uptime=01:02:04 poll=0/0 last=0 block_max=0ms loop_max=463ms slow=wr.connect:7030ms last_poll_age_ms=0 next_poll_in_ms=5000 last_render_age_ms=9301 build=Aug  5 2026-11:39
1785930172.384|[I][webradio] terminal retry — re-arming scan idx=0
1785930172.392|[I][webradio] play idx=0 name=INJECTED url=http://stream.slam.nl/WEB15_MP3
1785930172.395|[I][spotify.tls] tls yield — client stopped
1785930172.400|[membudget] TASK-267 _play pre-acquire lfbInt=42996 freeInt=45288
1785930172.406|[I][webradio] HEAP pre-connect free=45288 min=43240 maxAlloc=42996
1785930172.414|[membudget] CP1-pre-connect skip=0 freeInt=45288 lfbInt=42996 freeDma=2144 lfbDma=980
1785930172.429|[I][webradio] audio_info: buffers freed, free Heap: 45288 bytes
1785930172.438|[I][webradio] audio_info: Connect to new host: "http://stream.slam.nl/WEB15_MP3"
1785930172.468|[D][chrome] drawVolume pct=100 keyframe=4
1785930172.471|[D][chrome] drawVolume pct=100 keyframe=4
1785930172.497|[W][perf] iter=82ms (worst path so far: app.tick:65ms)
1785930179.445|[I][webradio] audio_info: Request http://stream.slam.nl/WEB15_MP3 failed!
1785930179.448|[W][webradio] connecttohost failed idx=0
1785930179.453|[W][webradio] auto-skip exhausted — no playable station
1785930179.457|[I][spotify.tls] tls yield — resumed
1785930179.458|[D][webradio] ICY:
1785930179.491|[D][chrome] drawVolume pct=100 keyframe=4
1785930179.495|[D][chrome] drawVolume pct=100 keyframe=4
1785930179.519|[W][perf] iter=76ms (worst path so far: wr.connect:7030ms)
1785930189.245|[I][hb] display=winamp wifi=rssi(-53) disc=2 heap=44k maxAlloc=41k stack_hwm=12876b uptime=01:02:34 poll=0/0 last=0 block_max=0ms loop_max=82ms slow=wr.connect:7030ms last_poll_age_ms=0 next_poll_in_ms=5000 last_render_age_ms=9735 build=Aug  5 2026-11:39:
1785930202.384|[I][webradio] terminal retry — re-arming scan idx=0
1785930202.391|[I][webradio] play idx=0 name=INJECTED url=http://stream.slam.nl/WEB15_MP3
1785930202.456|[I][spotify.tls] tls yield — client stopped
1785930202.462|[membudget] TASK-267 _play pre-acquire lfbInt=42996 freeInt=45288
1785930202.468|[I][webradio] HEAP pre-connect free=45288 min=43240 maxAlloc=42996
1785930202.476|[membudget] CP1-pre-connect skip=0 freeInt=45288 lfbInt=42996 freeDma=2144 lfbDma=980
1785930202.479|[W][perf] iter=97ms (worst path so far: app.tick:95ms)
1785930202.496|[I][webradio] audio_info: buffers freed, free Heap: 45288 bytes
1785930202.504|[I][webradio] audio_info: Connect to new host: "http://stream.slam.nl/WEB15_MP3"
1785930202.535|[D][chrome] drawVolume pct=100 keyframe=4
1785930202.538|[D][chrome] drawVolume pct=100 keyframe=4
1785930202.563|[W][perf] iter=82ms (worst path so far: app.tick:95ms)
1785930209.511|[I][webradio] audio_info: Request http://stream.slam.nl/WEB15_MP3 failed!
1785930209.513|[W][webradio] connecttohost failed idx=0
1785930209.519|[W][webradio] auto-skip exhausted — no playable station
1785930209.522|[I][spotify.tls] tls yield — resumed
1785930209.524|[D][webradio] ICY:
1785930209.557|[D][chrome] drawVolume pct=100 keyframe=4
1785930209.561|[D][chrome] drawVolume pct=100 keyframe=4
1785930209.586|[W][perf] iter=76ms (worst path so far: wr.connect:7030ms)
1785930219.245|[I][hb] display=winamp wifi=rssi(-52) disc=2 heap=44k maxAlloc=41k stack_hwm=12876b uptime=01:03:04 poll=0/0 last=0 block_max=0ms loop_max=97ms slow=wr.connect:7030ms last_poll_age_ms=0 next_poll_in_ms=5000 last_render_age_ms=9668 build=Aug  5 2026-11:39:
1785930232.383|[I][webradio] terminal retry — re-arming scan idx=0
1785930232.390|[I][webradio] play idx=0 name=INJECTED url=http://stream.slam.nl/WEB15_MP3
1785930232.523|[I][spotify.tls] tls yield — client stopped
1785930232.529|[membudget] TASK-267 _play pre-acquire lfbInt=42996 freeInt=45288
1785930232.535|[I][webradio] HEAP pre-connect free=45288 min=43240 maxAlloc=42996
1785930232.542|[membudget] CP1-pre-connect skip=0 freeInt=45288 lfbInt=42996 freeDma=2144 lfbDma=980
1785930232.547|[W][perf] iter=164ms (worst path so far: app.tick:162ms)
1785930232.561|[I][webradio] audio_info: buffers freed, free Heap: 45288 bytes
1785930232.570|[I][webradio] audio_info: Connect to new host: "http://stream.slam.nl/WEB15_MP3"
1785930232.601|[D][chrome] drawVolume pct=100 keyframe=4
1785930232.604|[D][chrome] drawVolume pct=100 keyframe=4
1785930232.629|[W][perf] iter=82ms (worst path so far: app.tick:162ms)
1785930239.577|[I][webradio] audio_info: Request http://stream.slam.nl/WEB15_MP3 failed!
1785930239.580|[W][webradio] connecttohost failed idx=0
1785930239.586|[W][webradio] auto-skip exhausted — no playable station
1785930239.589|[I][spotify.tls] tls yield — resumed
1785930239.591|[D][webradio] ICY:
1785930239.623|[D][chrome] drawVolume pct=100 keyframe=4
1785930239.627|[D][chrome] drawVolume pct=100 keyframe=4
1785930239.652|[W][perf] iter=76ms (worst path so far: wr.connect:7030ms)
1785930249.245|[I][hb] display=winamp wifi=rssi(-51) disc=2 heap=44k maxAlloc=41k stack_hwm=12876b uptime=01:03:34 poll=0/0 last=0 block_max=0ms loop_max=164ms slow=wr.connect:7030ms last_poll_age_ms=0 next_poll_in_ms=5000 last_render_age_ms=9601 build=Aug  5 2026-11:39
1785930262.383|[I][webradio] terminal retry — re-arming scan idx=0
1785930262.389|[I][webradio] play idx=0 name=INJECTED url=http://stream.slam.nl/WEB15_MP3
1785930262.589|[I][spotify.tls] tls yield — client stopped
1785930262.595|[membudget] TASK-267 _play pre-acquire lfbInt=42996 freeInt=45288
1785930262.600|[I][webradio] HEAP pre-connect free=45288 min=43240 maxAlloc=42996
1785930262.609|[membudget] CP1-pre-connect skip=0 freeInt=45288 lfbInt=42996 freeDma=2144 lfbDma=980
1785930262.613|[W][perf] iter=231ms (worst path so far: app.tick:229ms)
1785930262.628|[I][webradio] audio_info: buffers freed, free Heap: 45288 bytes
1785930262.637|[I][webradio] audio_info: Connect to new host: "http://stream.slam.nl/WEB15_MP3"
1785930262.668|[D][chrome] drawVolume pct=100 keyframe=4
1785930262.670|[D][chrome] drawVolume pct=100 keyframe=4
1785930262.696|[W][perf] iter=82ms (worst path so far: app.tick:229ms)
1785930269.644|[I][webradio] audio_info: Request http://stream.slam.nl/WEB15_MP3 failed!
1785930269.647|[W][webradio] connecttohost failed idx=0
1785930269.652|[W][webradio] auto-skip exhausted — no playable station
1785930269.655|[I][spotify.tls] tls yield — resumed
1785930269.658|[D][webradio] ICY:
1785930269.690|[D][chrome] drawVolume pct=100 keyframe=4
1785930269.695|[D][chrome] drawVolume pct=100 keyframe=4
1785930269.718|[W][perf] iter=76ms (worst path so far: wr.connect:7030ms)
1785930279.244|[I][hb] display=winamp wifi=rssi(-52) disc=2 heap=44k maxAlloc=41k stack_hwm=12876b uptime=01:04:04 poll=0/0 last=0 block_max=0ms loop_max=231ms slow=wr.connect:7030ms last_poll_age_ms=0 next_poll_in_ms=5000 last_render_age_ms=9534 build=Aug  5 2026-11:39
1785930292.381|[I][webradio] terminal retry — re-arming scan idx=0
1785930292.389|[I][webradio] play idx=0 name=INJECTED url=http://stream.slam.nl/WEB15_MP3
1785930292.656|[I][spotify.tls] tls yield — client stopped
1785930292.662|[membudget] TASK-267 _play pre-acquire lfbInt=42996 freeInt=45288
1785930292.667|[I][webradio] HEAP pre-connect free=45288 min=43240 maxAlloc=42996
1785930292.675|[membudget] CP1-pre-connect skip=0 freeInt=45288 lfbInt=42996 freeDma=2144 lfbDma=980
1785930292.680|[W][perf] iter=298ms (worst path so far: app.tick:296ms)
1785930292.695|[I][webradio] audio_info: buffers freed, free Heap: 45288 bytes
1785930292.704|[I][webradio] audio_info: Connect to new host: "http://stream.slam.nl/WEB15_MP3"
1785930292.733|[D][chrome] drawVolume pct=100 keyframe=4
1785930292.737|[D][chrome] drawVolume pct=100 keyframe=4
1785930292.762|[W][perf] iter=82ms (worst path so far: app.tick:296ms)
1785930299.710|[I][webradio] audio_info: Request http://stream.slam.nl/WEB15_MP3 failed!
1785930299.714|[W][webradio] connecttohost failed idx=0
1785930299.719|[W][webradio] auto-skip exhausted — no playable station
1785930299.722|[I][spotify.tls] tls yield — resumed
1785930299.724|[D][webradio] ICY:
1785930299.756|[D][chrome] drawVolume pct=100 keyframe=4
1785930299.760|[D][chrome] drawVolume pct=100 keyframe=4
1785930299.785|[W][perf] iter=76ms (worst path so far: wr.connect:7030ms)
1785930309.244|[I][hb] display=winamp wifi=rssi(-51) disc=2 heap=44k maxAlloc=41k stack_hwm=12876b uptime=01:04:34 poll=0/0 last=0 block_max=0ms loop_max=298ms slow=wr.connect:7030ms last_poll_age_ms=0 next_poll_in_ms=5000 last_render_age_ms=9468 build=Aug  5 2026-11:39
1785930322.381|[I][webradio] terminal retry — re-arming scan idx=0
1785930322.388|[I][webradio] play idx=0 name=INJECTED url=http://stream.slam.nl/WEB15_MP3
1785930322.724|[I][spotify.tls] tls yield — client stopped
1785930322.729|[membudget] TASK-267 _play pre-acquire lfbInt=42996 freeInt=45288
1785930322.734|[I][webradio] HEAP pre-connect free=45288 min=43240 maxAlloc=42996
1785930322.742|[membudget] CP1-pre-connect skip=0 freeInt=45288 lfbInt=42996 freeDma=2144 lfbDma=980
1785930322.747|[W][perf] iter=365ms (worst path so far: app.tick:363ms)
1785930322.761|[I][webradio] audio_info: buffers freed, free Heap: 45288 bytes
1785930322.769|[I][webradio] audio_info: Connect to new host: "http://stream.slam.nl/WEB15_MP3"
1785930322.800|[D][chrome] drawVolume pct=100 keyframe=4
1785930322.804|[D][chrome] drawVolume pct=100 keyframe=4
1785930322.829|[W][perf] iter=82ms (worst path so far: app.tick:363ms)
1785930329.777|[I][webradio] audio_info: Request http://stream.slam.nl/WEB15_MP3 failed!
1785930329.780|[W][webradio] connecttohost failed idx=0
1785930329.785|[W][webradio] auto-skip exhausted — no playable station
1785930329.788|[I][spotify.tls] tls yield — resumed
1785930329.790|[D][webradio] ICY:
1785930329.823|[D][chrome] drawVolume pct=100 keyframe=4
1785930329.827|[D][chrome] drawVolume pct=100 keyframe=4
1785930329.852|[W][perf] iter=76ms (worst path so far: wr.connect:7030ms)
1785930339.245|[I][hb] display=winamp wifi=rssi(-53) disc=2 heap=44k maxAlloc=41k stack_hwm=12876b uptime=01:05:04 poll=0/0 last=0 block_max=0ms loop_max=365ms slow=wr.connect:7030ms last_poll_age_ms=0 next_poll_in_ms=5000 last_render_age_ms=9401 build=Aug  5 2026-11:39
1785930350.314|{"ok":true,"cmd":"get","var":"wrState","state":5,"last":true}
1785930350.326|{"ok":true,"cmd":"get","var":"wrIdx","idx":0,"last":true}
1785930352.380|[I][webradio] terminal retry — re-arming scan idx=0
1785930352.388|[I][webradio] play idx=0 name=INJECTED url=http://stream.slam.nl/WEB15_MP3
1785930352.790|[I][spotify.tls] tls yield — client stopped
1785930352.794|[membudget] TASK-267 _play pre-acquire lfbInt=42996 freeInt=45288
1785930352.800|[I][webradio] HEAP pre-connect free=45288 min=43240 maxAlloc=42996
1785930352.808|[membudget] CP1-pre-connect skip=0 freeInt=45288 lfbInt=42996 freeDma=2144 lfbDma=980
1785930352.813|[W][perf] iter=432ms (worst path so far: app.tick:430ms)
1785930352.828|[I][webradio] audio_info: buffers freed, free Heap: 45288 bytes
1785930352.837|[I][webradio] audio_info: Connect to new host: "http://stream.slam.nl/WEB15_MP3"
1785930352.867|[D][chrome] drawVolume pct=100 keyframe=4
1785930352.872|[D][chrome] drawVolume pct=100 keyframe=4
1785930352.897|[W][perf] iter=82ms (worst path so far: app.tick:430ms)
1785930359.844|[I][webradio] audio_info: Request http://stream.slam.nl/WEB15_MP3 failed!
1785930359.846|[W][webradio] connecttohost failed idx=0
1785930359.852|[W][webradio] auto-skip exhausted — no playable station
1785930359.855|[I][spotify.tls] tls yield — resumed
1785930359.857|[D][webradio] ICY:
1785930359.891|[D][chrome] drawVolume pct=100 keyframe=4
1785930359.893|[D][chrome] drawVolume pct=100 keyframe=4
1785930359.919|[W][perf] iter=76ms (worst path so far: wr.connect:7030ms)
1785930369.245|[I][hb] display=winamp wifi=rssi(-51) disc=2 heap=44k maxAlloc=41k stack_hwm=12876b uptime=01:05:34 poll=0/0 last=0 block_max=0ms loop_max=432ms slow=wr.connect:7030ms last_poll_age_ms=0 next_poll_in_ms=5000 last_render_age_ms=9335 build=Aug  5 2026-11:39
1785930382.380|[I][webradio] terminal retry — re-arming scan idx=0
1785930382.387|[I][webradio] play idx=0 name=INJECTED url=http://stream.slam.nl/WEB15_MP3
1785930382.852|[I][spotify.tls] tls yield — client stopped
1785930382.858|[membudget] TASK-267 _play pre-acquire lfbInt=42996 freeInt=45288
1785930382.864|[I][webradio] HEAP pre-connect free=45288 min=43240 maxAlloc=42996
1785930382.872|[membudget] CP1-pre-connect skip=0 freeInt=45288 lfbInt=42996 freeDma=2144 lfbDma=980
1785930382.877|[W][perf] iter=496ms (worst path so far: app.tick:494ms)
1785930382.892|[I][webradio] audio_info: buffers freed, free Heap: 45288 bytes
1785930382.901|[I][webradio] audio_info: Connect to new host: "http://stream.slam.nl/WEB15_MP3"
1785930382.931|[D][chrome] drawVolume pct=100 keyframe=4
1785930382.935|[D][chrome] drawVolume pct=100 keyframe=4
1785930382.961|[W][perf] iter=84ms (worst path so far: app.tick:494ms)
1785930389.908|[I][webradio] audio_info: Request http://stream.slam.nl/WEB15_MP3 failed!
1785930389.911|[W][webradio] connecttohost failed idx=0
1785930389.917|[W][webradio] auto-skip exhausted — no playable station
1785930389.920|[I][spotify.tls] tls yield — resumed
1785930389.921|[D][webradio] ICY:
1785930389.954|[D][chrome] drawVolume pct=100 keyframe=4
1785930389.958|[D][chrome] drawVolume pct=100 keyframe=4
1785930389.982|[W][perf] iter=75ms (worst path so far: wr.connect:7029ms)
1785930399.244|[I][hb] display=winamp wifi=rssi(-49) disc=2 heap=44k maxAlloc=41k stack_hwm=12876b uptime=01:06:04 poll=0/0 last=0 block_max=0ms loop_max=496ms slow=wr.connect:7029ms last_poll_age_ms=0 next_poll_in_ms=5000 last_render_age_ms=9270 build=Aug  5 2026-11:39
1785930412.380|[I][webradio] terminal retry — re-arming scan idx=0
1785930412.387|[I][webradio] play idx=0 name=INJECTED url=http://stream.slam.nl/WEB15_MP3
1785930412.417|[I][spotify.tls] tls yield — client stopped
1785930412.423|[membudget] TASK-267 _play pre-acquire lfbInt=42996 freeInt=45288
1785930412.429|[I][webradio] HEAP pre-connect free=45288 min=43240 maxAlloc=42996
1785930412.437|[membudget] CP1-pre-connect skip=0 freeInt=45288 lfbInt=42996 freeDma=2144 lfbDma=980
1785930412.440|[W][perf] iter=61ms (worst path so far: app.tick:59ms)
1785930412.458|[I][webradio] audio_info: buffers freed, free Heap: 45288 bytes
1785930412.466|[I][webradio] audio_info: Connect to new host: "http://stream.slam.nl/WEB15_MP3"
1785930412.496|[D][chrome] drawVolume pct=100 keyframe=4
1785930412.500|[D][chrome] drawVolume pct=100 keyframe=4
1785930412.525|[W][perf] iter=84ms (worst path so far: app.tick:65ms)
1785930419.474|[I][webradio] audio_info: Request http://stream.slam.nl/WEB15_MP3 failed!
1785930419.477|[W][webradio] connecttohost failed idx=0
1785930419.482|[W][webradio] auto-skip exhausted — no playable station
1785930419.484|[I][spotify.tls] tls yield — resumed
1785930419.487|[D][webradio] ICY:
1785930419.520|[D][chrome] drawVolume pct=100 keyframe=4
1785930419.524|[D][chrome] drawVolume pct=100 keyframe=4
1785930419.549|[W][perf] iter=76ms (worst path so far: wr.connect:7030ms)
1785930429.244|[I][hb] display=winamp wifi=rssi(-49) disc=2 heap=44k maxAlloc=41k stack_hwm=12876b uptime=01:06:34 poll=0/0 last=0 block_max=0ms loop_max=84ms slow=wr.connect:7030ms last_poll_age_ms=0 next_poll_in_ms=5000 last_render_age_ms=9704 build=Aug  5 2026-11:39:
1785930442.380|[I][webradio] terminal retry — re-arming scan idx=0
1785930442.387|[I][webradio] play idx=0 name=INJECTED url=http://stream.slam.nl/WEB15_MP3
1785930442.483|[I][spotify.tls] tls yield — client stopped
1785930442.488|[membudget] TASK-267 _play pre-acquire lfbInt=42996 freeInt=45288
1785930442.494|[I][webradio] HEAP pre-connect free=45288 min=43240 maxAlloc=42996
1785930442.502|[membudget] CP1-pre-connect skip=0 freeInt=45288 lfbInt=42996 freeDma=2144 lfbDma=980
1785930442.508|[W][perf] iter=127ms (worst path so far: app.tick:125ms)
1785930442.524|[I][webradio] audio_info: buffers freed, free Heap: 45288 bytes
1785930442.531|[I][webradio] audio_info: Connect to new host: "http://stream.slam.nl/WEB15_MP3"
1785930442.562|[D][chrome] drawVolume pct=100 keyframe=4
1785930442.565|[D][chrome] drawVolume pct=100 keyframe=4
1785930442.591|[W][perf] iter=84ms (worst path so far: app.tick:125ms)
1785930449.538|[I][webradio] audio_info: Request http://stream.slam.nl/WEB15_MP3 failed!
1785930449.541|[W][webradio] connecttohost failed idx=0
1785930449.546|[W][webradio] auto-skip exhausted — no playable station
1785930449.549|[I][spotify.tls] tls yield — resumed
1785930449.551|[D][webradio] ICY:
1785930449.584|[D][chrome] drawVolume pct=100 keyframe=4
1785930449.588|[D][chrome] drawVolume pct=100 keyframe=4
1785930449.613|[W][perf] iter=76ms (worst path so far: wr.connect:7029ms)
1785930459.243|[I][hb] display=winamp wifi=rssi(-50) disc=2 heap=44k maxAlloc=41k stack_hwm=12876b uptime=01:07:04 poll=0/0 last=0 block_max=0ms loop_max=127ms slow=wr.connect:7029ms last_poll_age_ms=0 next_poll_in_ms=5000 last_render_age_ms=9639 build=Aug  5 2026-11:39
1785930472.379|[I][webradio] terminal retry — re-arming scan idx=0
1785930472.386|[I][webradio] play idx=0 name=INJECTED url=http://stream.slam.nl/WEB15_MP3
1785930472.550|[I][spotify.tls] tls yield — client stopped
1785930472.556|[membudget] TASK-267 _play pre-acquire lfbInt=42996 freeInt=45288
1785930472.561|[I][webradio] HEAP pre-connect free=45288 min=43240 maxAlloc=42996
1785930472.570|[membudget] CP1-pre-connect skip=0 freeInt=45288 lfbInt=42996 freeDma=2144 lfbDma=980
1785930472.575|[W][perf] iter=195ms (worst path so far: app.tick:194ms)
1785930472.589|[I][webradio] audio_info: buffers freed, free Heap: 45288 bytes
1785930472.598|[I][webradio] audio_info: Connect to new host: "http://stream.slam.nl/WEB15_MP3"
1785930472.628|[D][chrome] drawVolume pct=100 keyframe=4
1785930472.632|[D][chrome] drawVolume pct=100 keyframe=4
1785930472.657|[W][perf] iter=82ms (worst path so far: app.tick:194ms)
1785930479.604|[I][webradio] audio_info: Request http://stream.slam.nl/WEB15_MP3 failed!
1785930479.607|[W][webradio] connecttohost failed idx=0
1785930479.613|[W][webradio] auto-skip exhausted — no playable station
1785930479.616|[I][spotify.tls] tls yield — resumed
1785930479.618|[D][webradio] ICY:
1785930479.651|[D][chrome] drawVolume pct=100 keyframe=4
1785930479.656|[D][chrome] drawVolume pct=100 keyframe=4
1785930479.679|[W][perf] iter=76ms (worst path so far: wr.connect:7030ms)
1785930489.243|[I][hb] display=winamp wifi=rssi(-50) disc=2 heap=44k maxAlloc=41k stack_hwm=12876b uptime=01:07:34 poll=0/0 last=0 block_max=0ms loop_max=195ms slow=wr.connect:7030ms last_poll_age_ms=0 next_poll_in_ms=5000 last_render_age_ms=9572 build=Aug  5 2026-11:39
1785930502.378|[I][webradio] terminal retry — re-arming scan idx=0
1785930502.386|[I][webradio] play idx=0 name=INJECTED url=http://stream.slam.nl/WEB15_MP3
1785930502.617|[I][spotify.tls] tls yield — client stopped
1785930502.622|[membudget] TASK-267 _play pre-acquire lfbInt=42996 freeInt=45288
1785930502.628|[I][webradio] HEAP pre-connect free=45288 min=43240 maxAlloc=42996
1785930502.636|[membudget] CP1-pre-connect skip=0 freeInt=45288 lfbInt=42996 freeDma=2144 lfbDma=980
1785930502.641|[W][perf] iter=262ms (worst path so far: app.tick:260ms)
1785930502.655|[I][webradio] audio_info: buffers freed, free Heap: 45288 bytes
1785930502.664|[I][webradio] audio_info: Connect to new host: "http://stream.slam.nl/WEB15_MP3"
1785930502.695|[D][chrome] drawVolume pct=100 keyframe=4
1785930502.698|[D][chrome] drawVolume pct=100 keyframe=4
1785930502.723|[W][perf] iter=82ms (worst path so far: app.tick:260ms)
1785930509.672|[I][webradio] audio_info: Request http://stream.slam.nl/WEB15_MP3 failed!
1785930509.674|[W][webradio] connecttohost failed idx=0
1785930509.680|[W][webradio] auto-skip exhausted — no playable station
1785930509.682|[I][spotify.tls] tls yield — resumed
1785930509.685|[D][webradio] ICY:
1785930509.717|[D][chrome] drawVolume pct=100 keyframe=4
1785930509.721|[D][chrome] drawVolume pct=100 keyframe=4
1785930509.746|[W][perf] iter=76ms (worst path so far: wr.connect:7030ms)
1785930519.242|[I][hb] display=winamp wifi=rssi(-51) disc=2 heap=44k maxAlloc=41k stack_hwm=12876b uptime=01:08:04 poll=0/0 last=0 block_max=0ms loop_max=262ms slow=wr.connect:7030ms last_poll_age_ms=0 next_poll_in_ms=5000 last_render_age_ms=9505 build=Aug  5 2026-11:39
1785930532.378|[I][webradio] terminal retry — re-arming scan idx=0
1785930532.385|[I][webradio] play idx=0 name=INJECTED url=http://stream.slam.nl/WEB15_MP3
1785930532.684|[I][spotify.tls] tls yield — client stopped
1785930532.690|[membudget] TASK-267 _play pre-acquire lfbInt=42996 freeInt=45288
1785930532.694|[I][webradio] HEAP pre-connect free=45288 min=43240 maxAlloc=42996
1785930532.704|[membudget] CP1-pre-connect skip=0 freeInt=45288 lfbInt=42996 freeDma=2144 lfbDma=980
1785930532.707|[W][perf] iter=329ms (worst path so far: app.tick:327ms)
1785930532.721|[I][webradio] audio_info: buffers freed, free Heap: 45288 bytes
1785930532.731|[I][webradio] audio_info: Connect to new host: "http://stream.slam.nl/WEB15_MP3"
1785930532.761|[D][chrome] drawVolume pct=100 keyframe=4
1785930532.765|[D][chrome] drawVolume pct=100 keyframe=4
1785930532.790|[W][perf] iter=82ms (worst path so far: app.tick:327ms)
1785930539.737|[I][webradio] audio_info: Request http://stream.slam.nl/WEB15_MP3 failed!
1785930539.740|[W][webradio] connecttohost failed idx=0
1785930539.746|[W][webradio] auto-skip exhausted — no playable station
1785930539.749|[I][spotify.tls] tls yield — resumed
1785930539.751|[D][webradio] ICY:
1785930539.784|[D][chrome] drawVolume pct=100 keyframe=4
1785930539.788|[D][chrome] drawVolume pct=100 keyframe=4
1785930539.813|[W][perf] iter=76ms (worst path so far: wr.connect:7030ms)
1785930549.243|[I][hb] display=winamp wifi=rssi(-50) disc=2 heap=44k maxAlloc=41k stack_hwm=12876b uptime=01:08:34 poll=0/0 last=0 block_max=0ms loop_max=329ms slow=wr.connect:7030ms last_poll_age_ms=0 next_poll_in_ms=5000 last_render_age_ms=9438 build=Aug  5 2026-11:39
1785930562.377|[I][webradio] terminal retry — re-arming scan idx=0
1785930562.385|[I][webradio] play idx=0 name=INJECTED url=http://stream.slam.nl/WEB15_MP3
1785930562.750|[I][spotify.tls] tls yield — client stopped
1785930562.755|[membudget] TASK-267 _play pre-acquire lfbInt=42996 freeInt=45288
1785930562.761|[I][webradio] HEAP pre-connect free=45288 min=43240 maxAlloc=42996
1785930562.769|[membudget] CP1-pre-connect skip=0 freeInt=45288 lfbInt=42996 freeDma=2144 lfbDma=980
1785930562.775|[W][perf] iter=396ms (worst path so far: app.tick:394ms)
1785930562.789|[I][webradio] audio_info: buffers freed, free Heap: 45288 bytes
1785930562.797|[I][webradio] audio_info: Connect to new host: "http://stream.slam.nl/WEB15_MP3"
1785930562.827|[D][chrome] drawVolume pct=100 keyframe=4
1785930562.831|[D][chrome] drawVolume pct=100 keyframe=4
1785930562.856|[W][perf] iter=82ms (worst path so far: app.tick:394ms)
1785930569.804|[I][webradio] audio_info: Request http://stream.slam.nl/WEB15_MP3 failed!
1785930569.807|[W][webradio] connecttohost failed idx=0
1785930569.813|[W][webradio] auto-skip exhausted — no playable station
1785930569.815|[I][spotify.tls] tls yield — resumed
1785930569.818|[D][webradio] ICY:
1785930569.851|[D][chrome] drawVolume pct=100 keyframe=4
1785930569.855|[D][chrome] drawVolume pct=100 keyframe=4
1785930569.879|[W][perf] iter=76ms (worst path so far: wr.connect:7030ms)
1785930579.241|[I][hb] display=winamp wifi=rssi(-51) disc=2 heap=44k maxAlloc=41k stack_hwm=12876b uptime=01:09:04 poll=0/0 last=0 block_max=0ms loop_max=396ms slow=wr.connect:7030ms last_poll_age_ms=0 next_poll_in_ms=5000 last_render_age_ms=9371 build=Aug  5 2026-11:39
1785930592.377|[I][webradio] terminal retry — re-arming scan idx=0
1785930592.384|[I][webradio] play idx=0 name=INJECTED url=http://stream.slam.nl/WEB15_MP3
1785930592.817|[I][spotify.tls] tls yield — client stopped
1785930592.822|[membudget] TASK-267 _play pre-acquire lfbInt=42996 freeInt=45288
1785930592.828|[I][webradio] HEAP pre-connect free=45288 min=43240 maxAlloc=42996
1785930592.836|[membudget] CP1-pre-connect skip=0 freeInt=45288 lfbInt=42996 freeDma=2144 lfbDma=980
1785930592.840|[W][perf] iter=463ms (worst path so far: app.tick:461ms)
1785930592.855|[I][webradio] audio_info: buffers freed, free Heap: 45288 bytes
1785930592.864|[I][webradio] audio_info: Connect to new host: "http://stream.slam.nl/WEB15_MP3"
1785930592.894|[D][chrome] drawVolume pct=100 keyframe=4
1785930592.898|[D][chrome] drawVolume pct=100 keyframe=4
1785930592.924|[W][perf] iter=82ms (worst path so far: app.tick:461ms)
1785930599.871|[I][webradio] audio_info: Request http://stream.slam.nl/WEB15_MP3 failed!
1785930599.874|[W][webradio] connecttohost failed idx=0
1785930599.880|[W][webradio] auto-skip exhausted — no playable station
1785930599.882|[I][spotify.tls] tls yield — resumed
1785930599.884|[D][webradio] ICY:
1785930599.917|[D][chrome] drawVolume pct=100 keyframe=4
1785930599.921|[D][chrome] drawVolume pct=100 keyframe=4
1785930599.945|[W][perf] iter=76ms (worst path so far: wr.connect:7030ms)
1785930609.241|[I][hb] display=winamp wifi=rssi(-50) disc=2 heap=44k maxAlloc=41k stack_hwm=12876b uptime=01:09:34 poll=0/0 last=0 block_max=0ms loop_max=463ms slow=wr.connect:7030ms last_poll_age_ms=0 next_poll_in_ms=5000 last_render_age_ms=9304 build=Aug  5 2026-11:39
1785930622.376|[I][webradio] terminal retry — re-arming scan idx=0
1785930622.384|[I][webradio] play idx=0 name=INJECTED url=http://stream.slam.nl/WEB15_MP3
1785930622.387|[I][spotify.tls] tls yield — client stopped
1785930622.393|[membudget] TASK-267 _play pre-acquire lfbInt=42996 freeInt=45288
1785930622.399|[I][webradio] HEAP pre-connect free=45288 min=43240 maxAlloc=42996
1785930622.407|[membudget] CP1-pre-connect skip=0 freeInt=45288 lfbInt=42996 freeDma=2144 lfbDma=980
1785930622.421|[I][webradio] audio_info: buffers freed, free Heap: 45288 bytes
1785930622.430|[I][webradio] audio_info: Connect to new host: "http://stream.slam.nl/WEB15_MP3"
1785930622.461|[D][chrome] drawVolume pct=100 keyframe=4
1785930622.464|[D][chrome] drawVolume pct=100 keyframe=4
1785930622.489|[W][perf] iter=82ms (worst path so far: app.tick:65ms)
1785930629.437|[I][webradio] audio_info: Request http://stream.slam.nl/WEB15_MP3 failed!
1785930629.440|[W][webradio] connecttohost failed idx=0
1785930629.446|[W][webradio] auto-skip exhausted — no playable station
1785930629.449|[I][spotify.tls] tls yield — resumed
1785930629.451|[D][webradio] ICY:
1785930629.484|[D][chrome] drawVolume pct=100 keyframe=4
1785930629.488|[D][chrome] drawVolume pct=100 keyframe=4
1785930629.512|[W][perf] iter=75ms (worst path so far: wr.connect:7030ms)
1785930639.242|[I][hb] display=winamp wifi=rssi(-50) disc=2 heap=44k maxAlloc=41k stack_hwm=12876b uptime=01:10:04 poll=0/0 last=0 block_max=0ms loop_max=82ms slow=wr.connect:7030ms last_poll_age_ms=0 next_poll_in_ms=5000 last_render_age_ms=9737 build=Aug  5 2026-11:39:
1785930650.414|{"ok":true,"cmd":"get","var":"wrState","state":5,"last":true}
1785930650.426|{"ok":true,"cmd":"get","var":"wrIdx","idx":0,"last":true}
1785930652.376|[I][webradio] terminal retry — re-arming scan idx=0
1785930652.383|[I][webradio] play idx=0 name=INJECTED url=http://stream.slam.nl/WEB15_MP3
1785930652.449|[I][spotify.tls] tls yield — client stopped
1785930652.455|[membudget] TASK-267 _play pre-acquire lfbInt=42996 freeInt=45288
1785930652.461|[I][webradio] HEAP pre-connect free=45288 min=43240 maxAlloc=42996
1785930652.470|[membudget] CP1-pre-connect skip=0 freeInt=45288 lfbInt=42996 freeDma=2144 lfbDma=980
1785930652.472|[W][perf] iter=97ms (worst path so far: app.tick:95ms)
1785930652.488|[I][webradio] audio_info: buffers freed, free Heap: 45288 bytes
1785930652.496|[I][webradio] audio_info: Connect to new host: "http://stream.slam.nl/WEB15_MP3"
1785930652.527|[D][chrome] drawVolume pct=100 keyframe=4
1785930652.531|[D][chrome] drawVolume pct=100 keyframe=4
1785930652.555|[W][perf] iter=82ms (worst path so far: app.tick:95ms)
1785930659.504|[I][webradio] audio_info: Request http://stream.slam.nl/WEB15_MP3 failed!
1785930659.507|[W][webradio] connecttohost failed idx=0
1785930659.512|[W][webradio] auto-skip exhausted — no playable station
1785930659.515|[I][spotify.tls] tls yield — resumed
1785930659.518|[D][webradio] ICY:
1785930659.550|[D][chrome] drawVolume pct=100 keyframe=4
1785930659.554|[D][chrome] drawVolume pct=100 keyframe=4
1785930659.579|[W][perf] iter=76ms (worst path so far: wr.connect:7030ms)
1785930669.240|[I][hb] display=winamp wifi=rssi(-51) disc=2 heap=44k maxAlloc=41k stack_hwm=12876b uptime=01:10:34 poll=0/0 last=0 block_max=0ms loop_max=97ms slow=wr.connect:7030ms last_poll_age_ms=0 next_poll_in_ms=5000 last_render_age_ms=9670 build=Aug  5 2026-11:39:
1785930682.375|[I][webradio] terminal retry — re-arming scan idx=0
1785930682.383|[I][webradio] play idx=0 name=INJECTED url=http://stream.slam.nl/WEB15_MP3
1785930682.516|[I][spotify.tls] tls yield — client stopped
1785930682.522|[membudget] TASK-267 _play pre-acquire lfbInt=42996 freeInt=45288
1785930682.527|[I][webradio] HEAP pre-connect free=45288 min=43240 maxAlloc=42996
1785930682.535|[membudget] CP1-pre-connect skip=0 freeInt=45288 lfbInt=42996 freeDma=2144 lfbDma=980
1785930682.540|[W][perf] iter=164ms (worst path so far: app.tick:162ms)
1785930682.555|[I][webradio] audio_info: buffers freed, free Heap: 45288 bytes
1785930682.563|[I][webradio] audio_info: Connect to new host: "http://stream.slam.nl/WEB15_MP3"
1785930682.594|[D][chrome] drawVolume pct=100 keyframe=4
1785930682.597|[D][chrome] drawVolume pct=100 keyframe=4
1785930682.623|[W][perf] iter=82ms (worst path so far: app.tick:162ms)
1785930689.570|[I][webradio] audio_info: Request http://stream.slam.nl/WEB15_MP3 failed!
1785930689.573|[W][webradio] connecttohost failed idx=0
1785930689.579|[W][webradio] auto-skip exhausted — no playable station
1785930689.582|[I][spotify.tls] tls yield — resumed
1785930689.584|[D][webradio] ICY:
1785930689.617|[D][chrome] drawVolume pct=100 keyframe=4
1785930689.621|[D][chrome] drawVolume pct=100 keyframe=4
1785930689.645|[W][perf] iter=76ms (worst path so far: wr.connect:7030ms)
1785930699.240|[I][hb] display=winamp wifi=rssi(-50) disc=2 heap=44k maxAlloc=41k stack_hwm=12876b uptime=01:11:04 poll=0/0 last=0 block_max=0ms loop_max=164ms slow=wr.connect:7030ms last_poll_age_ms=0 next_poll_in_ms=5000 last_render_age_ms=9603 build=Aug  5 2026-11:39
1785930712.377|[I][webradio] terminal retry — re-arming scan idx=0
1785930712.383|[I][webradio] play idx=0 name=INJECTED url=http://stream.slam.nl/WEB15_MP3
1785930712.582|[I][spotify.tls] tls yield — client stopped
1785930712.588|[membudget] TASK-267 _play pre-acquire lfbInt=42996 freeInt=45288
1785930712.594|[I][webradio] HEAP pre-connect free=45288 min=43240 maxAlloc=42996
1785930712.602|[membudget] CP1-pre-connect skip=0 freeInt=45288 lfbInt=42996 freeDma=2144 lfbDma=980
1785930712.607|[W][perf] iter=231ms (worst path so far: app.tick:228ms)
1785930712.621|[I][webradio] audio_info: buffers freed, free Heap: 45288 bytes
1785930712.630|[I][webradio] audio_info: Connect to new host: "http://stream.slam.nl/WEB15_MP3"
1785930712.660|[D][chrome] drawVolume pct=100 keyframe=4
1785930712.664|[D][chrome] drawVolume pct=100 keyframe=4
1785930712.690|[W][perf] iter=82ms (worst path so far: app.tick:228ms)
1785930719.637|[I][webradio] audio_info: Request http://stream.slam.nl/WEB15_MP3 failed!
1785930719.640|[W][webradio] connecttohost failed idx=0
1785930719.646|[W][webradio] auto-skip exhausted — no playable station
1785930719.648|[I][spotify.tls] tls yield — resumed
1785930719.651|[D][webradio] ICY:
1785930719.683|[D][chrome] drawVolume pct=100 keyframe=4
1785930719.687|[D][chrome] drawVolume pct=100 keyframe=4
1785930719.712|[W][perf] iter=75ms (worst path so far: wr.connect:7030ms)
1785930729.239|[I][hb] display=winamp wifi=rssi(-52) disc=2 heap=44k maxAlloc=41k stack_hwm=12876b uptime=01:11:34 poll=0/0 last=0 block_max=0ms loop_max=231ms slow=wr.connect:7030ms last_poll_age_ms=0 next_poll_in_ms=5000 last_render_age_ms=9536 build=Aug  5 2026-11:39
1785930742.375|[I][webradio] terminal retry — re-arming scan idx=0
1785930742.383|[I][webradio] play idx=0 name=INJECTED url=http://stream.slam.nl/WEB15_MP3
1785930742.649|[I][spotify.tls] tls yield — client stopped
1785930742.656|[membudget] TASK-267 _play pre-acquire lfbInt=42996 freeInt=45288
1785930742.661|[I][webradio] HEAP pre-connect free=45288 min=43240 maxAlloc=42996
1785930742.669|[membudget] CP1-pre-connect skip=0 freeInt=45288 lfbInt=42996 freeDma=2144 lfbDma=980
1785930742.674|[W][perf] iter=297ms (worst path so far: app.tick:295ms)
1785930742.687|[I][webradio] audio_info: buffers freed, free Heap: 45288 bytes
1785930742.696|[I][webradio] audio_info: Connect to new host: "http://stream.slam.nl/WEB15_MP3"
1785930742.726|[D][chrome] drawVolume pct=100 keyframe=4
1785930742.730|[D][chrome] drawVolume pct=100 keyframe=4
1785930742.756|[W][perf] iter=82ms (worst path so far: app.tick:295ms)
1785930749.703|[I][webradio] audio_info: Request http://stream.slam.nl/WEB15_MP3 failed!
1785930749.706|[W][webradio] connecttohost failed idx=0
1785930749.712|[W][webradio] auto-skip exhausted — no playable station
1785930749.715|[I][spotify.tls] tls yield — resumed
1785930749.717|[D][webradio] ICY:
1785930749.750|[D][chrome] drawVolume pct=100 keyframe=4
1785930749.754|[D][chrome] drawVolume pct=100 keyframe=4
1785930749.779|[W][perf] iter=76ms (worst path so far: wr.connect:7030ms)
1785930759.238|[I][hb] display=winamp wifi=rssi(-52) disc=2 heap=44k maxAlloc=41k stack_hwm=12876b uptime=01:12:04 poll=0/0 last=0 block_max=0ms loop_max=297ms slow=wr.connect:7030ms last_poll_age_ms=0 next_poll_in_ms=5000 last_render_age_ms=9469 build=Aug  5 2026-11:39
1785930772.375|[I][webradio] terminal retry — re-arming scan idx=0
1785930772.382|[I][webradio] play idx=0 name=INJECTED url=http://stream.slam.nl/WEB15_MP3
1785930772.716|[I][spotify.tls] tls yield — client stopped
1785930772.721|[membudget] TASK-267 _play pre-acquire lfbInt=42996 freeInt=45288
1785930772.727|[I][webradio] HEAP pre-connect free=45288 min=43240 maxAlloc=42996
1785930772.735|[membudget] CP1-pre-connect skip=0 freeInt=45288 lfbInt=42996 freeDma=2144 lfbDma=980
1785930772.740|[W][perf] iter=364ms (worst path so far: app.tick:362ms)
1785930772.754|[I][webradio] audio_info: buffers freed, free Heap: 45288 bytes
1785930772.763|[I][webradio] audio_info: Connect to new host: "http://stream.slam.nl/WEB15_MP3"
1785930772.794|[D][chrome] drawVolume pct=100 keyframe=4
1785930772.797|[D][chrome] drawVolume pct=100 keyframe=4
1785930772.823|[W][perf] iter=82ms (worst path so far: app.tick:362ms)
1785930779.770|[I][webradio] audio_info: Request http://stream.slam.nl/WEB15_MP3 failed!
1785930779.773|[W][webradio] connecttohost failed idx=0
1785930779.778|[W][webradio] auto-skip exhausted — no playable station
1785930779.781|[I][spotify.tls] tls yield — resumed
1785930779.783|[D][webradio] ICY:
1785930779.816|[D][chrome] drawVolume pct=100 keyframe=4
1785930779.820|[D][chrome] drawVolume pct=100 keyframe=4
1785930779.845|[W][perf] iter=76ms (worst path so far: wr.connect:7030ms)
1785930789.238|[I][hb] display=winamp wifi=rssi(-55) disc=2 heap=44k maxAlloc=41k stack_hwm=12876b uptime=01:12:34 poll=0/0 last=0 block_max=0ms loop_max=364ms slow=wr.connect:7030ms last_poll_age_ms=0 next_poll_in_ms=5000 last_render_age_ms=9402 build=Aug  5 2026-11:39
1785930802.375|[I][webradio] terminal retry — re-arming scan idx=0
1785930802.382|[I][webradio] play idx=0 name=INJECTED url=http://stream.slam.nl/WEB15_MP3
1785930802.783|[I][spotify.tls] tls yield — client stopped
1785930802.788|[membudget] TASK-267 _play pre-acquire lfbInt=42996 freeInt=45288
1785930802.794|[I][webradio] HEAP pre-connect free=45288 min=43240 maxAlloc=42996
1785930802.802|[membudget] CP1-pre-connect skip=0 freeInt=45288 lfbInt=42996 freeDma=2144 lfbDma=980
1785930802.807|[W][perf] iter=431ms (worst path so far: app.tick:429ms)
1785930802.821|[I][webradio] audio_info: buffers freed, free Heap: 45288 bytes
1785930802.829|[I][webradio] audio_info: Connect to new host: "http://stream.slam.nl/WEB15_MP3"
1785930802.860|[D][chrome] drawVolume pct=100 keyframe=4
1785930802.864|[D][chrome] drawVolume pct=100 keyframe=4
1785930802.889|[W][perf] iter=82ms (worst path so far: app.tick:429ms)
1785930809.836|[I][webradio] audio_info: Request http://stream.slam.nl/WEB15_MP3 failed!
1785930809.839|[W][webradio] connecttohost failed idx=0
1785930809.845|[W][webradio] auto-skip exhausted — no playable station
1785930809.848|[I][spotify.tls] tls yield — resumed
1785930809.850|[D][webradio] ICY:
1785930809.883|[D][chrome] drawVolume pct=100 keyframe=4
1785930809.886|[D][chrome] drawVolume pct=100 keyframe=4
1785930809.911|[W][perf] iter=76ms (worst path so far: wr.connect:7030ms)
1785930819.238|[I][hb] display=winamp wifi=rssi(-51) disc=2 heap=44k maxAlloc=41k stack_hwm=12876b uptime=01:13:04 poll=0/0 last=0 block_max=0ms loop_max=431ms slow=wr.connect:7030ms last_poll_age_ms=0 next_poll_in_ms=5000 last_render_age_ms=9335 build=Aug  5 2026-11:39
1785930832.374|[I][webradio] terminal retry — re-arming scan idx=0
1785930832.381|[I][webradio] play idx=0 name=INJECTED url=http://stream.slam.nl/WEB15_MP3
1785930832.849|[I][spotify.tls] tls yield — client stopped
1785930832.855|[membudget] TASK-267 _play pre-acquire lfbInt=42996 freeInt=45288
1785930832.860|[I][webradio] HEAP pre-connect free=45288 min=43240 maxAlloc=42996
1785930832.868|[membudget] CP1-pre-connect skip=0 freeInt=45288 lfbInt=42996 freeDma=2144 lfbDma=980
1785930832.873|[W][perf] iter=498ms (worst path so far: app.tick:496ms)
1785930832.888|[I][webradio] audio_info: buffers freed, free Heap: 45288 bytes
1785930832.897|[I][webradio] audio_info: Connect to new host: "http://stream.slam.nl/WEB15_MP3"
1785930832.926|[D][chrome] drawVolume pct=100 keyframe=4
1785930832.930|[D][chrome] drawVolume pct=100 keyframe=4
1785930832.955|[W][perf] iter=83ms (worst path so far: app.tick:496ms)
1785930839.903|[I][webradio] audio_info: Request http://stream.slam.nl/WEB15_MP3 failed!
1785930839.906|[W][webradio] connecttohost failed idx=0
1785930839.911|[W][webradio] auto-skip exhausted — no playable station
1785930839.914|[I][spotify.tls] tls yield — resumed
1785930839.916|[D][webradio] ICY:
1785930839.949|[D][chrome] drawVolume pct=100 keyframe=4
1785930839.953|[D][chrome] drawVolume pct=100 keyframe=4
1785930839.978|[W][perf] iter=76ms (worst path so far: wr.connect:7030ms)
1785930849.238|[I][hb] display=winamp wifi=rssi(-52) disc=2 heap=53k maxAlloc=41k stack_hwm=12876b uptime=01:13:34 poll=0/0 last=0 block_max=0ms loop_max=498ms slow=wr.connect:7030ms last_poll_age_ms=0 next_poll_in_ms=5000 last_render_age_ms=9268 build=Aug  5 2026-11:39
1785930862.374|[I][webradio] terminal retry — re-arming scan idx=0
1785930862.381|[I][webradio] play idx=0 name=INJECTED url=http://stream.slam.nl/WEB15_MP3
1785930862.415|[I][spotify.tls] tls yield — client stopped
1785930862.421|[membudget] TASK-267 _play pre-acquire lfbInt=42996 freeInt=55260
1785930862.426|[I][webradio] HEAP pre-connect free=55260 min=43240 maxAlloc=42996
1785930862.434|[membudget] CP1-pre-connect skip=0 freeInt=55260 lfbInt=42996 freeDma=12116 lfbDma=5876
1785930862.439|[W][perf] iter=65ms (worst path so far: app.tick:63ms)
1785930862.454|[I][webradio] audio_info: buffers freed, free Heap: 55260 bytes
1785930862.462|[I][webradio] audio_info: Connect to new host: "http://stream.slam.nl/WEB15_MP3"
1785930862.492|[D][chrome] drawVolume pct=100 keyframe=4
1785930862.496|[D][chrome] drawVolume pct=100 keyframe=4
1785930862.525|[W][perf] iter=85ms (worst path so far: app.tick:68ms)
1785930862.544|[I][webradio] audio_info: Connection has been established in 76 ms, free Heap: 54448 bytes
1785930862.549|[I][webradio] HEAP play free=52700 min=43240
1785930862.572|[I][webradio] audio_info: chunked data transfer
1785930862.581|[I][webradio] audio_info: redirect to new host "http://22333.live.streamtheworld.com/WEB15_MP3_SC"
1785930862.594|[I][webradio] audio_info: buffers freed, free Heap: 54852 bytes
1785930862.606|[I][webradio] audio_info: Connect to new host: "http://22333.live.streamtheworld.com/WEB15_MP3_SC"
1785930862.609|[D][chrome] drawVolume pct=100 keyframe=4
1785930862.613|[D][chrome] drawVolume pct=100 keyframe=4
1785930862.641|[W][perf] iter=96ms (worst path so far: wr.connect:107ms)
1785930862.654|[I][webradio] audio_info: Connection has been established in 43 ms, free Heap: 53972 bytes
1785930863.614|[W][perf] iter=53ms (worst path so far: wr.connect:107ms)
1785930863.668|[W][perf] iter=54ms (worst path so far: wr.connect:107ms)
1785930863.722|[W][perf] iter=54ms (worst path so far: wr.connect:107ms)
1785930863.776|[W][perf] iter=54ms (worst path so far: wr.connect:107ms)
1785930863.830|[W][perf] iter=54ms (worst path so far: wr.connect:107ms)
1785930863.885|[W][perf] iter=54ms (worst path so far: wr.connect:107ms)
1785930863.938|[W][perf] iter=54ms (worst path so far: wr.connect:107ms)
1785930863.992|[W][perf] iter=54ms (worst path so far: wr.connect:107ms)
1785930864.046|[W][perf] iter=54ms (worst path so far: wr.connect:107ms)
1785930864.100|[W][perf] iter=54ms (worst path so far: wr.connect:107ms)
1785930864.154|[W][perf] iter=54ms (worst path so far: wr.connect:107ms)
1785930864.210|[W][perf] iter=56ms (worst path so far: wr.connect:107ms)
1785930864.264|[W][perf] iter=54ms (worst path so far: wr.connect:107ms)
1785930864.318|[W][perf] iter=54ms (worst path so far: wr.connect:107ms)
1785930864.372|[W][perf] iter=54ms (worst path so far: wr.connect:107ms)
1785930864.426|[W][perf] iter=54ms (worst path so far: wr.connect:107ms)
1785930864.480|[W][perf] iter=54ms (worst path so far: wr.connect:107ms)
1785930864.534|[W][perf] iter=54ms (worst path so far: wr.connect:107ms)
1785930864.588|[W][perf] iter=54ms (worst path so far: wr.connect:107ms)
1785930864.642|[W][perf] iter=54ms (worst path so far: wr.connect:107ms)
1785930864.697|[W][perf] iter=54ms (worst path so far: wr.connect:107ms)
1785930864.750|[W][perf] iter=54ms (worst path so far: wr.connect:107ms)
1785930864.804|[W][perf] iter=54ms (worst path so far: wr.connect:107ms)
1785930864.858|[W][perf] iter=54ms (worst path so far: wr.connect:107ms)
1785930864.912|[W][perf] iter=54ms (worst path so far: wr.connect:107ms)
1785930864.966|[W][perf] iter=54ms (worst path so far: wr.connect:107ms)
1785930865.020|[W][perf] iter=54ms (worst path so far: wr.connect:107ms)
1785930865.074|[W][perf] iter=54ms (worst path so far: wr.connect:107ms)
1785930865.128|[W][perf] iter=54ms (worst path so far: wr.connect:107ms)
1785930865.182|[W][perf] iter=54ms (worst path so far: wr.connect:107ms)
1785930865.236|[W][perf] iter=54ms (worst path so far: wr.connect:107ms)
1785930865.290|[W][perf] iter=54ms (worst path so far: wr.connect:107ms)
1785930865.344|[W][perf] iter=54ms (worst path so far: wr.connect:107ms)
1785930865.398|[W][perf] iter=54ms (worst path so far: wr.connect:107ms)
1785930865.452|[W][perf] iter=54ms (worst path so far: wr.connect:107ms)
1785930865.506|[W][perf] iter=54ms (worst path so far: wr.connect:107ms)
1785930865.560|[W][perf] iter=54ms (worst path so far: wr.connect:107ms)
1785930865.614|[W][perf] iter=54ms (worst path so far: wr.connect:107ms)
1785930865.669|[W][perf] iter=54ms (worst path so far: wr.connect:107ms)
1785930865.723|[W][perf] iter=54ms (worst path so far: wr.connect:107ms)
1785930865.777|[W][perf] iter=54ms (worst path so far: wr.connect:107ms)
1785930865.830|[W][perf] iter=54ms (worst path so far: wr.connect:107ms)
1785930865.885|[W][perf] iter=54ms (worst path so far: wr.connect:107ms)
1785930865.938|[W][perf] iter=54ms (worst path so far: wr.connect:107ms)
1785930865.993|[W][perf] iter=54ms (worst path so far: wr.connect:107ms)
1785930866.046|[W][perf] iter=54ms (worst path so far: wr.connect:107ms)
1785930867.551|[W][webradio] stream dead (isRunning=0 for 1551ms, bufStalled for 5000ms) — stop + resume Spotify TLS
1785930867.553|[I][webradio] stall idx=0 — retrying once
1785930867.558|[I][spotify.tls] tls yield — resumed
1785930867.589|[D][chrome] drawVolume pct=100 keyframe=4
1785930867.593|[D][chrome] drawVolume pct=100 keyframe=4
1785930867.619|[W][perf] iter=74ms (worst path so far: wr.pump:2503ms)
1785930867.625|[I][webradio] play idx=0 name=INJECTED url=http://stream.slam.nl/WEB15_MP3
1785930868.056|[I][spotify.tls] tls yield — client stopped
1785930868.062|[membudget] TASK-267 _play pre-acquire lfbInt=42996 freeInt=55004
1785930868.068|[I][webradio] HEAP pre-connect free=55004 min=43240 maxAlloc=42996
1785930868.076|[membudget] CP1-pre-connect skip=0 freeInt=55004 lfbInt=42996 freeDma=11860 lfbDma=5876
1785930868.081|[W][perf] iter=461ms (worst path so far: wr.pump:2503ms)
1785930868.096|[I][webradio] audio_info: buffers freed, free Heap: 55004 bytes
1785930868.105|[I][webradio] audio_info: Connect to new host: "http://stream.slam.nl/WEB15_MP3"
1785930868.141|[I][webradio] audio_info: Connection has been established in 30 ms, free Heap: 54224 bytes
1785930868.146|[D][chrome] drawVolume pct=100 keyframe=4
1785930868.149|[D][chrome] drawVolume pct=100 keyframe=4
1785930868.166|[I][webradio] audio_info: chunked data transfer
1785930868.175|[I][webradio] audio_info: redirect to new host "http://25223.live.streamtheworld.com/WEB15_MP3_SC"
1785930868.188|[I][webradio] audio_info: buffers freed, free Heap: 54632 bytes
1785930868.199|[I][webradio] audio_info: Connect to new host: "http://25223.live.streamtheworld.com/WEB15_MP3_SC"
1785930868.204|[W][perf] iter=117ms (worst path so far: wr.pump:2503ms)
1785930868.246|[I][webradio] audio_info: Connection has been established in 41 ms, free Heap: 53964 bytes
1785930868.280|[D][chrome] drawVolume pct=100 keyframe=4
1785930868.283|[D][chrome] drawVolume pct=100 keyframe=4
1785930868.310|[W][perf] iter=106ms (worst path so far: wr.pump:2503ms)
1785930869.107|[I][webradio] audio_info: icy-name: SLAM! 00's
1785930869.126|[mbdbg] helix alloc: DecInfo=0x3fff9168(2000) FHdr=0x3fff9938(44) SI=0x3fff9964(40) SFJS=0x3fff998c(36) Huff=0x3fff99b0(4624) Deq=0x3fffabc0(792) IMDCT=0x3fffaed8(6944) Sub=0x3fffc9f8(8708) FInfo=0x3fffebfc(28)
1785930869.132|[I][webradio] audio_info: MP3Decoder has been initialized, free Heap: 48024 bytes
1785930869.141|[membudget] CP2-decoder-init freeInt=48024 lfbInt=42996 freeDma=4880 lfbDma=2292 arenaHWM=23216
1785930869.146|[W][perf] iter=54ms (worst path so far: wr.pump:2503ms)
1785930869.152|[I][webradio] audio_info: slow stream, dropouts are possible
1785930869.155|[I][webradio] audio_info: stream ready
1785930869.159|[I][webradio] audio_info: syncword found at pos 0
1785930869.166|[I][webradio] audio_info: Channels: 2
1785930869.169|[I][webradio] audio_info: SampleRate: 44100
1785930869.172|[I][webradio] audio_info: BitsPerSample: 16
1785930869.177|[I][webradio] audio_info: BitRate: 128000
1785930870.150|[I][webradio] audio_info: slow stream, dropouts are possible
1785930871.151|[I][webradio] audio_info: slow stream, dropouts are possible
1785930872.151|[I][webradio] audio_info: slow stream, dropouts are possible
1785930873.153|[I][webradio] audio_info: slow stream, dropouts are possible
1785930874.154|[I][webradio] audio_info: slow stream, dropouts are possible
1785930874.296|[W][webradio] stream dead (isRunning=1 for 0ms, bufStalled for 5000ms) — stop + resume Spotify TLS
1785930874.299|[W][webradio] auto-skip exhausted — no playable station
1785930874.304|[I][spotify.tls] tls yield — resumed
1785930874.336|[D][chrome] drawVolume pct=100 keyframe=4
1785930874.339|[D][chrome] drawVolume pct=100 keyframe=4
1785930874.365|[W][perf] iter=74ms (worst path so far: wr.pump:2503ms)
1785930879.237|[I][hb] display=winamp wifi=rssi(-51) disc=2 heap=44k maxAlloc=41k stack_hwm=12876b uptime=01:14:04 poll=0/0 last=0 block_max=0ms loop_max=461ms slow=wr.pump:2503ms last_poll_age_ms=0 next_poll_in_ms=5000 last_render_age_ms=4882 build=Aug  5 2026-11:39:45
1785930897.622|[I][webradio] terminal retry — re-arming scan idx=0
1785930897.629|[I][webradio] play idx=0 name=INJECTED url=http://stream.slam.nl/WEB15_MP3
1785930897.803|[I][spotify.tls] tls yield — client stopped
1785930897.808|[membudget] TASK-267 _play pre-acquire lfbInt=42996 freeInt=45652
1785930897.814|[I][webradio] HEAP pre-connect free=45652 min=43240 maxAlloc=42996
1785930897.822|[membudget] CP1-pre-connect skip=0 freeInt=45652 lfbInt=42996 freeDma=2508 lfbDma=1908
1785930897.827|[W][perf] iter=205ms (worst path so far: app.tick:202ms)
1785930897.845|[I][webradio] audio_info: buffers freed, free Heap: 54780 bytes
1785930897.855|[I][webradio] audio_info: Connect to new host: "http://stream.slam.nl/WEB15_MP3"
1785930897.884|[D][chrome] drawVolume pct=100 keyframe=4
1785930897.887|[D][chrome] drawVolume pct=100 keyframe=4
1785930897.895|[I][webradio] audio_info: Connection has been established in 32 ms, free Heap: 54000 bytes
1785930897.919|[I][webradio] audio_info: chunked data transfer
1785930897.928|[I][webradio] audio_info: redirect to new host "http://22333.live.streamtheworld.com/WEB15_MP3_SC"
1785930897.945|[W][perf] iter=99ms (worst path so far: app.tick:202ms)[I][webradio] audio_info: buffers freed, free Heap: 54408 bytes
1785930897.955|[I][webradio] audio_info: Connect to new host: "http://22333.live.streamtheworld.com/WEB15_MP3_SC"
1785930897.961|[I][webradio] HEAP play free=53552 min=43240
1785930897.985|[I][webradio] audio_info: Connection has been established in 27 ms, free Heap: 53740 bytes
1785930898.020|[D][chrome] drawVolume pct=100 keyframe=4
1785930898.025|[D][chrome] drawVolume pct=100 keyframe=4
1785930898.051|[W][perf] iter=95ms (worst path so far: app.tick:202ms)
1785930899.178|[I][webradio] audio_info: icy-name: SLAM! 00's
1785930899.197|[mbdbg] helix alloc: DecInfo=0x3fff9168(2000) FHdr=0x3fff9938(44) SI=0x3fff9964(40) SFJS=0x3fff998c(36) Huff=0x3fff99b0(4624) Deq=0x3fffabc0(792) IMDCT=0x3fffaed8(6944) Sub=0x3fffc9f8(8708) FInfo=0x3fffebfc(28)
1785930899.203|[I][webradio] audio_info: MP3Decoder has been initialized, free Heap: 47800 bytes
1785930899.211|[membudget] CP2-decoder-init freeInt=47800 lfbInt=42996 freeDma=4656 lfbDma=2292 arenaHWM=23216
1785930899.217|[W][perf] iter=52ms (worst path so far: app.tick:202ms)
1785930899.222|[I][webradio] audio_info: slow stream, dropouts are possible
1785930899.225|[I][webradio] audio_info: stream ready
1785930899.230|[I][webradio] audio_info: syncword found at pos 0
1785930899.238|[I][webradio] audio_info: Channels: 2
1785930899.242|[I][webradio] audio_info: SampleRate: 44100
1785930899.245|[I][webradio] audio_info: BitsPerSample: 16
1785930899.250|[I][webradio] audio_info: BitRate: 128000
1785930900.220|[I][webradio] audio_info: slow stream, dropouts are possible
1785930901.220|[I][webradio] audio_info: slow stream, dropouts are possible
1785930902.222|[I][webradio] audio_info: slow stream, dropouts are possible
1785930903.222|[I][webradio] audio_info: slow stream, dropouts are possible
1785930904.224|[I][webradio] audio_info: slow stream, dropouts are possible
1785930904.368|[W][webradio] stream dead (isRunning=1 for 0ms, bufStalled for 5000ms) — stop + resume Spotify TLS
1785930904.372|[I][webradio] stall idx=0 — retrying once
1785930904.376|[I][spotify.tls] tls yield — resumed
1785930904.408|[D][chrome] drawVolume pct=100 keyframe=4
1785930904.411|[D][chrome] drawVolume pct=100 keyframe=4
1785930904.437|[W][perf] iter=74ms (worst path so far: app.tick:202ms)
1785930904.443|[I][webradio] play idx=0 name=INJECTED url=http://stream.slam.nl/WEB15_MP3
1785930904.876|[I][spotify.tls] tls yield — client stopped
1785930904.881|[membudget] TASK-267 _play pre-acquire lfbInt=42996 freeInt=47724
1785930904.887|[I][webradio] HEAP pre-connect free=47724 min=43240 maxAlloc=42996
1785930904.896|[membudget] CP1-pre-connect skip=0 freeInt=47724 lfbInt=42996 freeDma=4580 lfbDma=2292
1785930904.900|[W][perf] iter=462ms (worst path so far: app.tick:460ms)
1785930904.920|[I][webradio] audio_info: buffers freed, free Heap: 49368 bytes
1785930904.928|[I][webradio] audio_info: Connect to new host: "http://stream.slam.nl/WEB15_MP3"
1785930904.956|[D][chrome] drawVolume pct=100 keyframe=4
1785930904.960|[D][chrome] drawVolume pct=100 keyframe=4
1785930904.970|[I][webradio] audio_info: Connection has been established in 35 ms, free Heap: 48528 bytes
1785930904.992|[W][perf] iter=92ms (worst path so far: app.tick:460ms)
1785930905.000|[I][webradio] audio_info: chunked data transfer
1785930905.009|[I][webradio] audio_info: redirect to new host "http://25223.live.streamtheworld.com/WEB15_MP3_SC"
1785930905.022|[I][webradio] audio_info: buffers freed, free Heap: 49156 bytes
1785930905.032|[I][webradio] audio_info: Connect to new host: "http://25223.live.streamtheworld.com/WEB15_MP3_SC"
1785930905.063|[I][webradio] audio_info: Connection has been established in 26 ms, free Heap: 48120 bytes
1785930905.096|[D][chrome] drawVolume pct=100 keyframe=4
1785930905.101|[D][chrome] drawVolume pct=100 keyframe=4
1785930905.126|[W][perf] iter=133ms (worst path so far: app.tick:460ms)
1785930909.238|[I][hb] display=winamp wifi=rssi(-51) disc=2 heap=45k maxAlloc=41k stack_hwm=12876b uptime=01:14:34 poll=0/0 last=0 block_max=0ms loop_max=462ms slow=app.tick:460ms last_poll_age_ms=0 next_poll_in_ms=5000 last_render_age_ms=4121 build=Aug  5 2026-11:39:45
1785930910.134|[W][webradio] stream dead (isRunning=1 for 0ms, bufStalled for 5000ms) — stop + resume Spotify TLS
1785930910.139|[W][webradio] auto-skip exhausted — no playable station
1785930910.147|[I][spotify.tls] tls yield — resumed
1785930910.173|[D][chrome] drawVolume pct=100 keyframe=4
1785930910.177|[D][chrome] drawVolume pct=100 keyframe=4
1785930910.203|[W][perf] iter=74ms (worst path so far: app.tick:72ms)
1785930934.439|[I][webradio] terminal retry — re-arming scan idx=0
1785930934.447|[I][webradio] play idx=0 name=INJECTED url=http://stream.slam.nl/WEB15_MP3
1785930934.649|[I][spotify.tls] tls yield — client stopped
1785930934.654|[membudget] TASK-267 _play pre-acquire lfbInt=42996 freeInt=49000
1785930934.660|[I][webradio] HEAP pre-connect free=49000 min=43240 maxAlloc=42996
1785930934.668|[membudget] CP1-pre-connect skip=0 freeInt=49000 lfbInt=42996 freeDma=5856 lfbDma=2292
1785930934.673|[W][perf] iter=232ms (worst path so far: app.tick:230ms)
1785930934.694|[I][webradio] audio_info: buffers freed, free Heap: 54332 bytes
1785930934.702|[I][webradio] audio_info: Connect to new host: "http://stream.slam.nl/WEB15_MP3"
1785930934.730|[D][chrome] drawVolume pct=100 keyframe=4
1785930934.734|[D][chrome] drawVolume pct=100 keyframe=4
1785930934.742|[I][webradio] audio_info: Connection has been established in 33 ms, free Heap: 53552 bytes
1785930934.763|[W][perf] iter=92ms (worst path so far: app.tick:230ms)
1785930934.768|[I][webradio] audio_info: chunked data transfer
1785930934.776|[I][webradio] audio_info: redirect to new host "http://22333.live.streamtheworld.com/WEB15_MP3_SC"
1785930934.790|[I][webradio] audio_info: buffers freed, free Heap: 53960 bytes
1785930934.801|[I][webradio] audio_info: Connect to new host: "http://22333.live.streamtheworld.com/WEB15_MP3_SC"
1785930934.804|[I][webradio] HEAP play free=53720 min=43240
1785930934.831|[I][webradio] audio_info: Connection has been established in 26 ms, free Heap: 53116 bytes
1785930934.866|[D][chrome] drawVolume pct=100 keyframe=4
1785930934.870|[D][chrome] drawVolume pct=100 keyframe=4
1785930934.896|[W][perf] iter=132ms (worst path so far: app.tick:230ms)
1785930935.899|[I][webradio] audio_info: icy-name: SLAM! 00's
1785930935.919|[mbdbg] helix alloc: DecInfo=0x3fff9168(2000) FHdr=0x3fff9938(44) SI=0x3fff9964(40) SFJS=0x3fff998c(36) Huff=0x3fff99b0(4624) Deq=0x3fffabc0(792) IMDCT=0x3fffaed8(6944) Sub=0x3fffc9f8(8708) FInfo=0x3fffebfc(28)
1785930935.924|[I][webradio] audio_info: MP3Decoder has been initialized, free Heap: 47172 bytes
1785930935.933|[membudget] CP2-decoder-init freeInt=47172 lfbInt=42996 freeDma=4028 lfbDma=2292 arenaHWM=23216
1785930935.938|[W][perf] iter=54ms (worst path so far: app.tick:230ms)
1785930935.944|[I][webradio] audio_info: slow stream, dropouts are possible
1785930935.947|[I][webradio] audio_info: stream ready
1785930935.951|[I][webradio] audio_info: syncword found at pos 0
1785930935.961|[I][webradio] audio_info: Channels: 2
1785930935.965|[I][webradio] audio_info: SampleRate: 44100
1785930935.967|[I][webradio] audio_info: BitsPerSample: 16
1785930935.973|[I][webradio] audio_info: BitRate: 128000
1785930936.940|[I][webradio] audio_info: slow stream, dropouts are possible
1785930937.941|[I][webradio] audio_info: slow stream, dropouts are possible
1785930938.942|[I][webradio] audio_info: slow stream, dropouts are possible
1785930939.238|[I][hb] display=winamp wifi=rssi(-54) disc=2 heap=46k maxAlloc=41k stack_hwm=12876b uptime=01:15:04 poll=0/0 last=0 block_max=0ms loop_max=232ms slow=app.tick:230ms last_poll_age_ms=0 next_poll_in_ms=5000 last_render_age_ms=4352 build=Aug  5 2026-11:39:45
1785930939.944|[I][webradio] audio_info: slow stream, dropouts are possible
1785930940.944|[I][webradio] audio_info: slow stream, dropouts are possible
1785930941.091|[W][webradio] stream dead (isRunning=1 for 0ms, bufStalled for 5000ms) — stop + resume Spotify TLS
1785930941.094|[I][webradio] stall idx=0 — retrying once
1785930941.106|[I][spotify.tls] tls yield — resumed
1785930941.130|[D][chrome] drawVolume pct=100 keyframe=4
1785930941.135|[D][chrome] drawVolume pct=100 keyframe=4
1785930941.160|[W][perf] iter=75ms (worst path so far: app.tick:72ms)
1785930941.167|[I][webradio] play idx=0 name=INJECTED url=http://stream.slam.nl/WEB15_MP3
1785930941.607|[I][spotify.tls] tls yield — client stopped
1785930941.613|[membudget] TASK-267 _play pre-acquire lfbInt=42996 freeInt=47240
1785930941.618|[I][webradio] HEAP pre-connect free=47240 min=43240 maxAlloc=42996
1785930941.626|[membudget] CP1-pre-connect skip=0 freeInt=47240 lfbInt=42996 freeDma=4096 lfbDma=2292
1785930941.631|[W][perf] iter=471ms (worst path so far: app.tick:468ms)
1785930941.652|[I][webradio] audio_info: buffers freed, free Heap: 48924 bytes
1785930941.661|[I][webradio] audio_info: Connect to new host: "http://stream.slam.nl/WEB15_MP3"
1785930941.689|[D][chrome] drawVolume pct=100 keyframe=4
1785930941.692|[D][chrome] drawVolume pct=100 keyframe=4
1785930941.707|[I][webradio] audio_info: Connection has been established in 39 ms, free Heap: 48288 bytes
1785930941.724|[W][perf] iter=92ms (worst path so far: app.tick:468ms)
1785930941.731|[I][webradio] audio_info: chunked data transfer
1785930941.740|[I][webradio] audio_info: redirect to new host "http://25223.live.streamtheworld.com/WEB15_MP3_SC"
1785930941.753|[I][webradio] audio_info: buffers freed, free Heap: 48700 bytes
1785930941.763|[I][webradio] audio_info: Connect to new host: "http://25223.live.streamtheworld.com/WEB15_MP3_SC"
1785930941.795|[I][webradio] audio_info: Connection has been established in 26 ms, free Heap: 47808 bytes
1785930941.826|[D][chrome] drawVolume pct=100 keyframe=4
1785930941.830|[D][chrome] drawVolume pct=100 keyframe=4
1785930941.857|[W][perf] iter=132ms (worst path so far: app.tick:468ms)
1785930946.866|[W][webradio] stream dead (isRunning=1 for 0ms, bufStalled for 5000ms) — stop + resume Spotify TLS
1785930946.869|[W][webradio] auto-skip exhausted — no playable station
1785930946.874|[I][spotify.tls] tls yield — resumed
1785930946.905|[D][chrome] drawVolume pct=100 keyframe=4
1785930946.909|[D][chrome] drawVolume pct=100 keyframe=4
1785930946.934|[W][perf] iter=76ms (worst path so far: app.tick:468ms)
1785930950.499|{"ok":true,"cmd":"get","var":"wrState","state":4,"last":true}
1785930950.509|{"ok":true,"cmd":"get","var":"wrIdx","idx":0,"last":true}
1785930969.238|[I][hb] display=winamp wifi=rssi(-53) disc=2 heap=47k maxAlloc=41k stack_hwm=12876b uptime=01:15:34 poll=0/0 last=0 block_max=0ms loop_max=471ms slow=app.tick:468ms last_poll_age_ms=0 next_poll_in_ms=5000 last_render_age_ms=22313 build=Aug  5 2026-11:39:4
1785930971.163|[I][webradio] terminal retry — re-arming scan idx=0
1785930971.171|[I][webradio] play idx=0 name=INJECTED url=http://stream.slam.nl/WEB15_MP3
1785930971.371|[I][spotify.tls] tls yield — client stopped
1785930971.377|[membudget] TASK-267 _play pre-acquire lfbInt=42996 freeInt=48564
1785930971.383|[I][webradio] HEAP pre-connect free=48564 min=43240 maxAlloc=42996
1785930971.391|[membudget] CP1-pre-connect skip=0 freeInt=48564 lfbInt=42996 freeDma=5420 lfbDma=2292
1785930971.396|[W][perf] iter=232ms (worst path so far: app.tick:230ms)
1785930971.416|[I][webradio] audio_info: buffers freed, free Heap: 53884 bytes
1785930971.426|[I][webradio] audio_info: Connect to new host: "http://stream.slam.nl/WEB15_MP3"
1785930971.453|[D][chrome] drawVolume pct=100 keyframe=4
1785930971.457|[D][chrome] drawVolume pct=100 keyframe=4
1785930971.482|[W][perf] iter=86ms (worst path so far: app.tick:230ms)
1785930971.568|[I][webradio] audio_info: Connection has been established in 138 ms, free Heap: 53096 bytes
1785930971.573|[I][webradio] HEAP play free=51352 min=43240
1785930971.594|[I][webradio] audio_info: chunked data transfer
1785930971.603|[I][webradio] audio_info: redirect to new host "http://22353.live.streamtheworld.com/WEB15_MP3_SC"
1785930971.616|[I][webradio] audio_info: buffers freed, free Heap: 53512 bytes
1785930971.626|[I][webradio] audio_info: Connect to new host: "http://22353.live.streamtheworld.com/WEB15_MP3_SC"
1785930971.633|[D][chrome] drawVolume pct=100 keyframe=4
1785930971.637|[D][chrome] drawVolume pct=100 keyframe=4
1785930971.665|[W][perf] iter=95ms (worst path so far: app.tick:230ms)
1785930971.675|[I][webradio] audio_info: Connection has been established in 43 ms, free Heap: 52616 bytes
1785930972.587|[I][webradio] audio_info: icy-name: SLAM! 00's
1785930972.607|[mbdbg] helix alloc: DecInfo=0x3fff9168(2000) FHdr=0x3fff9938(44) SI=0x3fff9964(40) SFJS=0x3fff998c(36) Huff=0x3fff99b0(4624) Deq=0x3fffabc0(792) IMDCT=0x3fffaed8(6944) Sub=0x3fffc9f8(8708) FInfo=0x3fffebfc(28)
1785930972.613|[I][webradio] audio_info: MP3Decoder has been initialized, free Heap: 49244 bytes
1785930972.621|[membudget] CP2-decoder-init freeInt=49244 lfbInt=42996 freeDma=6100 lfbDma=2292 arenaHWM=23216
1785930972.626|[W][perf] iter=54ms (worst path so far: app.tick:230ms)
1785930972.632|[I][webradio] audio_info: slow stream, dropouts are possible
1785930972.635|[I][webradio] audio_info: stream ready
1785930972.639|[I][webradio] audio_info: syncword found at pos 0
1785930972.647|[I][webradio] audio_info: Channels: 2
1785930972.650|[I][webradio] audio_info: SampleRate: 44100
1785930972.653|[I][webradio] audio_info: BitsPerSample: 16
1785930972.658|[I][webradio] audio_info: BitRate: 128000
1785930973.629|[I][webradio] audio_info: slow stream, dropouts are possible
1785930974.630|[I][webradio] audio_info: slow stream, dropouts are possible
1785930975.631|[I][webradio] audio_info: slow stream, dropouts are possible
1785930976.632|[I][webradio] audio_info: slow stream, dropouts are possible
1785930977.633|[I][webradio] audio_info: slow stream, dropouts are possible
1785930977.653|[W][webradio] stream dead (isRunning=1 for 0ms, bufStalled for 5000ms) — stop + resume Spotify TLS
1785930977.656|[I][webradio] stall idx=0 — retrying once
1785930977.661|[I][spotify.tls] tls yield — resumed
1785930977.692|[D][chrome] drawVolume pct=100 keyframe=4
1785930977.696|[D][chrome] drawVolume pct=100 keyframe=4
1785930977.720|[W][perf] iter=74ms (worst path so far: app.tick:230ms)
1785930977.728|[I][webradio] play idx=0 name=INJECTED url=http://stream.slam.nl/WEB15_MP3
1785930978.161|[I][spotify.tls] tls yield — client stopped
1785930978.166|[membudget] TASK-267 _play pre-acquire lfbInt=42996 freeInt=49204
1785930978.172|[I][webradio] HEAP pre-connect free=49204 min=43240 maxAlloc=42996
1785930978.180|[membudget] CP1-pre-connect skip=0 freeInt=49204 lfbInt=42996 freeDma=6060 lfbDma=2292
1785930978.185|[W][perf] iter=462ms (worst path so far: app.tick:460ms)
1785930978.204|[I][webradio] audio_info: buffers freed, free Heap: 50880 bytes
1785930978.213|[I][webradio] audio_info: Connect to new host: "http://stream.slam.nl/WEB15_MP3"
1785930978.241|[D][chrome] drawVolume pct=100 keyframe=4
1785930978.245|[D][chrome] drawVolume pct=100 keyframe=4
1785930978.254|[I][webradio] audio_info: Connection has been established in 34 ms, free Heap: 50252 bytes
1785930978.276|[W][perf] iter=92ms (worst path so far: app.tick:460ms)
1785930978.282|[I][webradio] audio_info: chunked data transfer
1785930978.291|[I][webradio] audio_info: redirect to new host "http://25223.live.streamtheworld.com/WEB15_MP3_SC"
1785930978.303|[I][webradio] audio_info: buffers freed, free Heap: 50660 bytes
1785930978.313|[I][webradio] audio_info: Connect to new host: "http://25223.live.streamtheworld.com/WEB15_MP3_SC"
1785930978.361|[I][webradio] audio_info: Connection has been established in 42 ms, free Heap: 49812 bytes
1785930978.396|[D][chrome] drawVolume pct=100 keyframe=4
1785930978.400|[D][chrome] drawVolume pct=100 keyframe=4
1785930978.428|[W][perf] iter=149ms (worst path so far: app.tick:460ms)
1785930979.216|[I][webradio] audio_info: icy-name: SLAM! 00's
1785930979.236|[mbdbg] helix alloc: DecInfo=0x3fff9168(2000) FHdr=0x3fff9938(44) SI=0x3fff9964(40) SFJS=0x3fff998c(36) Huff=0x3fff99b0(4624) Deq=0x3fffabc0(792) IMDCT=0x3fffaed8(6944) Sub=0x3fffc9f8(8708) FInfo=0x3fffebfc(28)
1785930979.242|[I][webradio] audio_info: MP3Decoder has been initialized, free Heap: 48600 bytes
1785930979.250|[membudget] CP2-decoder-init freeInt=48600 lfbInt=42996 freeDma=5456 lfbDma=2292 arenaHWM=23216
1785930979.256|[W][perf] iter=53ms (worst path so far: app.tick:460ms)
1785930980.259|[I][webradio] audio_info: slow stream, dropouts are possible
1785930981.259|[I][webradio] audio_info: slow stream, dropouts are possible
1785930982.260|[I][webradio] audio_info: slow stream, dropouts are possible
1785930983.262|[I][webradio] audio_info: slow stream, dropouts are possible
1785930984.263|[W][webradio] stream dead (isRunning=1 for 0ms, bufStalled for 5001ms) — stop + resume Spotify TLS
1785930984.266|[W][webradio] auto-skip exhausted — no playable station
1785930984.270|[I][spotify.tls] tls yield — resumed
1785930984.301|[D][chrome] drawVolume pct=100 keyframe=4
1785930984.306|[D][chrome] drawVolume pct=100 keyframe=4
1785930984.331|[W][perf] iter=74ms (worst path so far: app.tick:460ms)
1785930999.237|[I][hb] display=winamp wifi=rssi(-55) disc=2 heap=48k maxAlloc=41k stack_hwm=12876b uptime=01:16:04 poll=0/0 last=0 block_max=0ms loop_max=462ms slow=app.tick:460ms last_poll_age_ms=0 next_poll_in_ms=5000 last_render_age_ms=14916 build=Aug  5 2026-11:39:4
1785931007.725|[I][webradio] terminal retry — re-arming scan idx=0
1785931007.732|[I][webradio] play idx=0 name=INJECTED url=http://stream.slam.nl/WEB15_MP3
1785931007.769|[I][spotify.tls] tls yield — client stopped
1785931007.775|[membudget] TASK-267 _play pre-acquire lfbInt=42996 freeInt=49456
1785931007.780|[I][webradio] HEAP pre-connect free=49456 min=43240 maxAlloc=42996
1785931007.789|[membudget] CP1-pre-connect skip=0 freeInt=49456 lfbInt=42996 freeDma=6312 lfbDma=2292
1785931007.793|[W][perf] iter=68ms (worst path so far: app.tick:66ms)
1785931007.813|[I][webradio] audio_info: buffers freed, free Heap: 53884 bytes
1785931007.822|[I][webradio] audio_info: Connect to new host: "http://stream.slam.nl/WEB15_MP3"
1785931007.850|[D][chrome] drawVolume pct=100 keyframe=4
1785931007.852|[D][chrome] drawVolume pct=100 keyframe=4
1785931007.862|[I][webradio] audio_info: Connection has been established in 32 ms, free Heap: 53092 bytes
1785931007.885|[I][webradio] audio_info: chunked data transfer
1785931007.893|[I][webradio] audio_info: redirect to new host "http://22333.live.streamtheworld.com/WEB15_MP3_SC"
1785931007.906|[I][webradio] audio_info: buffers freed, free Heap: 53512 bytes
1785931007.917|[I][webradio] audio_info: Connect to new host: "http://22333.live.streamtheworld.com/WEB15_MP3_SC"
1785931007.920|[W][perf] iter=116ms (worst path so far: app.tick:114ms)
1785931007.926|[I][webradio] HEAP play free=52500 min=43240
1785931007.948|[I][webradio] audio_info: Connection has been established in 26 ms, free Heap: 52480 bytes
1785931007.981|[D][chrome] drawVolume pct=100 keyframe=4
1785931007.985|[D][chrome] drawVolume pct=100 keyframe=4
1785931008.011|[W][perf] iter=92ms (worst path so far: app.tick:114ms)
1785931008.909|[I][webradio] audio_info: icy-name: SLAM! 00's
1785931008.929|[mbdbg] helix alloc: DecInfo=0x3fff9168(2000) FHdr=0x3fff9938(44) SI=0x3fff9964(40) SFJS=0x3fff998c(36) Huff=0x3fff99b0(4624) Deq=0x3fffabc0(792) IMDCT=0x3fffaed8(6944) Sub=0x3fffc9f8(8708) FInfo=0x3fffebfc(28)
1785931008.934|[I][webradio] audio_info: MP3Decoder has been initialized, free Heap: 49108 bytes
1785931008.943|[membudget] CP2-decoder-init freeInt=49108 lfbInt=42996 freeDma=5964 lfbDma=2292 arenaHWM=23216
1785931008.948|[W][perf] iter=54ms (worst path so far: app.tick:114ms)
1785931008.953|[I][webradio] audio_info: slow stream, dropouts are possible
1785931008.956|[I][webradio] audio_info: stream ready
1785931008.961|[I][webradio] audio_info: syncword found at pos 0
1785931008.976|[I][webradio] audio_info: Channels: 2
1785931008.979|[I][webradio] audio_info: SampleRate: 44100
1785931008.982|[I][webradio] audio_info: BitsPerSample: 16
1785931008.987|[I][webradio] audio_info: BitRate: 128000
1785931009.951|[I][webradio] audio_info: slow stream, dropouts are possible
1785931010.952|[I][webradio] audio_info: slow stream, dropouts are possible
1785931011.953|[I][webradio] audio_info: slow stream, dropouts are possible
1785931012.954|[I][webradio] audio_info: slow stream, dropouts are possible
1785931013.954|[I][webradio] audio_info: slow stream, dropouts are possible
1785931013.984|[W][webradio] stream dead (isRunning=1 for 0ms, bufStalled for 5001ms) — stop + resume Spotify TLS
1785931013.987|[I][webradio] stall idx=0 — retrying once
1785931013.998|[I][spotify.tls] tls yield — resumed
1785931014.023|[D][chrome] drawVolume pct=100 keyframe=4
1785931014.027|[D][chrome] drawVolume pct=100 keyframe=4
1785931014.052|[W][perf] iter=74ms (worst path so far: app.tick:114ms)
1785931014.059|[I][webradio] play idx=0 name=INJECTED url=http://stream.slam.nl/WEB15_MP3
1785931014.499|[I][spotify.tls] tls yield — client stopped
1785931014.504|[membudget] TASK-267 _play pre-acquire lfbInt=42996 freeInt=49216
1785931014.510|[I][webradio] HEAP pre-connect free=49216 min=43240 maxAlloc=42996
1785931014.519|[membudget] CP1-pre-connect skip=0 freeInt=49216 lfbInt=42996 freeDma=6072 lfbDma=2292
1785931014.523|[W][perf] iter=470ms (worst path so far: app.tick:468ms)
1785931014.543|[I][webradio] audio_info: buffers freed, free Heap: 50884 bytes
1785931014.552|[I][webradio] audio_info: Connect to new host: "http://stream.slam.nl/WEB15_MP3"
1785931014.579|[D][chrome] drawVolume pct=100 keyframe=4
1785931014.584|[D][chrome] drawVolume pct=100 keyframe=4
1785931014.592|[I][webradio] audio_info: Connection has been established in 33 ms, free Heap: 50248 bytes
1785931014.614|[W][perf] iter=91ms (worst path so far: app.tick:468ms)
1785931014.622|[I][webradio] audio_info: chunked data transfer
1785931014.631|[I][webradio] audio_info: redirect to new host "http://22353.live.streamtheworld.com/WEB15_MP3_SC"
1785931014.644|[I][webradio] audio_info: buffers freed, free Heap: 50652 bytes
1785931014.655|[I][webradio] audio_info: Connect to new host: "http://22353.live.streamtheworld.com/WEB15_MP3_SC"
1785931014.680|[D][chrome] drawVolume pct=100 keyframe=4
1785931014.684|[D][chrome] drawVolume pct=100 keyframe=4
1785931014.692|[I][webradio] audio_info: Connection has been established in 32 ms, free Heap: 49780 bytes
1785931014.714|[W][perf] iter=99ms (worst path so far: app.tick:468ms)
1785931015.446|[I][webradio] audio_info: icy-name: SLAM! 00's
1785931015.465|[mbdbg] helix alloc: DecInfo=0x3fff9168(2000) FHdr=0x3fff9938(44) SI=0x3fff9964(40) SFJS=0x3fff998c(36) Huff=0x3fff99b0(4624) Deq=0x3fffabc0(792) IMDCT=0x3fffaed8(6944) Sub=0x3fffc9f8(8708) FInfo=0x3fffebfc(28)
1785931015.471|[I][webradio] audio_info: MP3Decoder has been initialized, free Heap: 48780 bytes
1785931015.479|[membudget] CP2-decoder-init freeInt=48780 lfbInt=42996 freeDma=5636 lfbDma=2292 arenaHWM=23216
1785931015.485|[W][perf] iter=53ms (worst path so far: app.tick:468ms)
1785931016.487|[I][webradio] audio_info: slow stream, dropouts are possible
1785931017.489|[I][webradio] audio_info: slow stream, dropouts are possible
1785931018.489|[I][webradio] audio_info: slow stream, dropouts are possible
1785931019.490|[I][webradio] audio_info: slow stream, dropouts are possible
1785931019.929|[I][webradio] audio_info: stream ready
1785931019.933|[I][webradio] audio_info: syncword found at pos 0
1785931019.946|[I][webradio] audio_info: Channels: 2
1785931019.949|[I][webradio] audio_info: SampleRate: 44100
1785931019.951|[I][webradio] audio_info: BitsPerSample: 16
1785931019.956|[I][webradio] audio_info: BitRate: 128000
1785931021.493|[I][webradio] audio_info: slow stream, dropouts are possible
1785931022.494|[I][webradio] audio_info: slow stream, dropouts are possible
1785931023.495|[I][webradio] audio_info: slow stream, dropouts are possible
1785931024.496|[I][webradio] audio_info: slow stream, dropouts are possible
1785931024.954|[W][webradio] stream dead (isRunning=1 for 0ms, bufStalled for 5000ms) — stop + resume Spotify TLS
1785931024.958|[W][webradio] auto-skip exhausted — no playable station
1785931024.962|[I][spotify.tls] tls yield — resumed
1785931024.994|[D][chrome] drawVolume pct=100 keyframe=4
1785931024.997|[D][chrome] drawVolume pct=100 keyframe=4
1785931025.023|[W][perf] iter=74ms (worst path so far: app.tick:468ms)
1785931029.237|[I][hb] display=winamp wifi=rssi(-54) disc=2 heap=47k maxAlloc=41k stack_hwm=12876b uptime=01:16:34 poll=0/0 last=0 block_max=0ms loop_max=470ms slow=app.tick:468ms last_poll_age_ms=0 next_poll_in_ms=5000 last_render_age_ms=4223 build=Aug  5 2026-11:39:45
1785931044.054|[I][webradio] terminal retry — re-arming scan idx=0
1785931044.062|[I][webradio] play idx=0 name=INJECTED url=http://stream.slam.nl/WEB15_MP3
1785931044.461|[I][spotify.tls] tls yield — client stopped
1785931044.467|[membudget] TASK-267 _play pre-acquire lfbInt=42996 freeInt=51856
1785931044.472|[I][webradio] HEAP pre-connect free=51856 min=43240 maxAlloc=42996
1785931044.481|[membudget] CP1-pre-connect skip=0 freeInt=51856 lfbInt=42996 freeDma=8712 lfbDma=2676
1785931044.485|[W][perf] iter=430ms (worst path so far: app.tick:428ms)
1785931044.504|[I][webradio] audio_info: buffers freed, free Heap: 53308 bytes
1785931044.512|[I][webradio] audio_info: Connect to new host: "http://stream.slam.nl/WEB15_MP3"
1785931044.541|[D][chrome] drawVolume pct=100 keyframe=4
1785931044.545|[D][chrome] drawVolume pct=100 keyframe=4
1785931044.570|[W][perf] iter=85ms (worst path so far: app.tick:428ms)
1785931044.591|[I][webradio] audio_info: Connection has been established in 73 ms, free Heap: 52516 bytes
1785931044.597|[I][webradio] HEAP play free=50772 min=43240
1785931044.618|[I][webradio] audio_info: chunked data transfer
1785931044.627|[I][webradio] audio_info: redirect to new host "http://25223.live.streamtheworld.com/WEB15_MP3_SC"
1785931044.642|[I][webradio] audio_info: buffers freed, free Heap: 53288 bytes
1785931044.653|[I][webradio] audio_info: Connect to new host: "http://25223.live.streamtheworld.com/WEB15_MP3_SC"
1785931044.656|[D][chrome] drawVolume pct=100 keyframe=4
1785931044.660|[D][chrome] drawVolume pct=100 keyframe=4
1785931044.685|[I][webradio] audio_info: Connection has been established in 28 ms, free Heap: 52600 bytes
1785931044.691|[W][perf] iter=100ms (worst path so far: app.tick:428ms)
1785931045.450|[I][webradio] audio_info: icy-name: SLAM! 00's
1785931045.469|[mbdbg] helix alloc: DecInfo=0x3fff9168(2000) FHdr=0x3fff9938(44) SI=0x3fff9964(40) SFJS=0x3fff998c(36) Huff=0x3fff99b0(4624) Deq=0x3fffabc0(792) IMDCT=0x3fffaed8(6944) Sub=0x3fffc9f8(8708) FInfo=0x3fffebfc(28)
1785931045.475|[I][webradio] audio_info: MP3Decoder has been initialized, free Heap: 46884 bytes
1785931045.483|[membudget] CP2-decoder-init freeInt=46884 lfbInt=42996 freeDma=3740 lfbDma=2420 arenaHWM=23216
1785931045.489|[W][perf] iter=54ms (worst path so far: app.tick:428ms)
1785931045.494|[I][webradio] audio_info: slow stream, dropouts are possible
1785931045.497|[I][webradio] audio_info: stream ready
1785931045.502|[I][webradio] audio_info: syncword found at pos 0
1785931045.508|[I][webradio] audio_info: Channels: 2
1785931045.511|[I][webradio] audio_info: SampleRate: 44100
1785931045.514|[I][webradio] audio_info: BitsPerSample: 16
1785931045.519|[I][webradio] audio_info: BitRate: 128000
1785931046.490|[I][webradio] audio_info: slow stream, dropouts are possible
1785931047.491|[I][webradio] audio_info: slow stream, dropouts are possible
1785931048.493|[I][webradio] audio_info: slow stream, dropouts are possible
1785931049.494|[I][webradio] audio_info: slow stream, dropouts are possible
1785931050.494|[I][webradio] audio_info: slow stream, dropouts are possible
1785931050.637|[W][webradio] stream dead (isRunning=1 for 0ms, bufStalled for 5000ms) — stop + resume Spotify TLS
1785931050.640|[I][webradio] stall idx=0 — retrying once
1785931050.644|[I][spotify.tls] tls yield — resumed
1785931050.676|[D][chrome] drawVolume pct=100 keyframe=4
1785931050.680|[D][chrome] drawVolume pct=100 keyframe=4
1785931050.705|[W][perf] iter=74ms (worst path so far: app.tick:428ms)
1785931050.712|[I][webradio] play idx=0 name=INJECTED url=http://stream.slam.nl/WEB15_MP3
1785931051.145|[I][spotify.tls] tls yield — client stopped
1785931051.151|[membudget] TASK-267 _play pre-acquire lfbInt=42996 freeInt=44412
1785931051.156|[I][webradio] HEAP pre-connect free=44412 min=43240 maxAlloc=42996
1785931051.164|[membudget] CP1-pre-connect skip=0 freeInt=44412 lfbInt=42996 freeDma=1268 lfbDma=204
1785931051.169|[W][perf] iter=462ms (worst path so far: app.tick:460ms)
1785931051.188|[I][webradio] audio_info: buffers freed, free Heap: 46084 bytes
1785931051.197|[I][webradio] audio_info: Connect to new host: "http://stream.slam.nl/WEB15_MP3"
1785931051.227|[D][chrome] drawVolume pct=100 keyframe=4
1785931051.235|[I][webradio] audio_info: Connection has been established in 30 ms, free Heap: 45288 bytes
1785931051.239|[D][chrome] drawVolume pct=100 keyframe=4
1785931051.260|[W][perf] iter=91ms (worst path so far: app.tick:460ms)
1785931058.912|[D][chrome] drawVolume pct=100 keyframe=4
1785931058.916|[D][chrome] drawVolume pct=100 keyframe=4
1785931058.942|[W][perf] iter=64ms (worst path so far: wr.connect:7710ms)
1785931059.236|[I][hb] display=winamp wifi=rssi(-54) disc=2 heap=44k maxAlloc=41k stack_hwm=12876b uptime=01:17:04 poll=0/0 last=0 block_max=0ms loop_max=462ms slow=wr.connect:7710ms last_poll_age_ms=0 next_poll_in_ms=5000 last_render_age_ms=305 build=Aug  5 2026-11:39:
1785931063.883|[W][webradio] stream dead (isRunning=1 for 0ms, bufStalled for 5001ms) — stop + resume Spotify TLS
1785931063.888|[W][webradio] auto-skip exhausted — no playable station
1785931063.898|[I][spotify.tls] tls yield — resumed
1785931063.922|[D][chrome] drawVolume pct=100 keyframe=4
1785931063.926|[D][chrome] drawVolume pct=100 keyframe=4
1785931063.952|[W][perf] iter=75ms (worst path so far: app.tick:73ms)
1785931080.709|[I][webradio] terminal retry — re-arming scan idx=0
1785931080.716|[I][webradio] play idx=0 name=INJECTED url=http://stream.slam.nl/WEB15_MP3
1785931080.899|[I][spotify.tls] tls yield — client stopped
1785931080.904|[membudget] TASK-267 _play pre-acquire lfbInt=42996 freeInt=45944
1785931080.910|[I][webradio] HEAP pre-connect free=45944 min=43240 maxAlloc=42996
1785931080.918|[membudget] CP1-pre-connect skip=0 freeInt=45944 lfbInt=42996 freeDma=2800 lfbDma=1652
1785931080.923|[W][perf] iter=214ms (worst path so far: app.tick:211ms)
1785931080.944|[I][webradio] audio_info: buffers freed, free Heap: 46152 bytes
1785931080.953|[I][webradio] audio_info: Connect to new host: "http://stream.slam.nl/WEB15_MP3"
1785931080.980|[D][chrome] drawVolume pct=100 keyframe=4
1785931080.984|[D][chrome] drawVolume pct=100 keyframe=4
1785931080.997|[I][webradio] audio_info: Connection has been established in 37 ms, free Heap: 45312 bytes
1785931081.014|[W][perf] iter=91ms (worst path so far: app.tick:211ms)
1785931081.019|[I][webradio] HEAP play free=44120 min=43240
1785931081.053|[D][chrome] drawVolume pct=100 keyframe=4
1785931081.058|[D][chrome] drawVolume pct=100 keyframe=4
1785931081.083|[W][perf] iter=68ms (worst path so far: app.tick:211ms)
1785931086.021|[W][webradio] stream dead (isRunning=1 for 0ms, bufStalled for 5000ms) — stop + resume Spotify TLS
1785931086.024|[I][webradio] stall idx=0 — retrying once
1785931086.030|[I][spotify.tls] tls yield — resumed
1785931086.060|[D][chrome] drawVolume pct=100 keyframe=4
1785931086.064|[D][chrome] drawVolume pct=100 keyframe=4
1785931086.088|[W][perf] iter=74ms (worst path so far: app.tick:211ms)
1785931086.096|[I][webradio] play idx=0 name=INJECTED url=http://stream.slam.nl/WEB15_MP3
1785931086.532|[I][spotify.tls] tls yield — client stopped
1785931086.537|[membudget] TASK-267 _play pre-acquire lfbInt=42996 freeInt=44120
1785931086.543|[I][webradio] HEAP pre-connect free=44120 min=43240 maxAlloc=42996
1785931086.551|[membudget] CP1-pre-connect skip=0 freeInt=44120 lfbInt=42996 freeDma=976 lfbDma=220
1785931086.556|[W][perf] iter=466ms (worst path so far: app.tick:464ms)
1785931086.573|[I][webradio] audio_info: buffers freed, free Heap: 44344 bytes
1785931086.582|[I][webradio] audio_info: Connect to new host: "http://stream.slam.nl/WEB15_MP3"
1785931086.590|[I][webradio] audio_info: Request http://stream.slam.nl/WEB15_MP3 failed!
1785931086.611|[D][chrome] drawVolume pct=100 keyframe=4
1785931086.615|[D][chrome] drawVolume pct=100 keyframe=4
1785931086.640|[W][perf] iter=85ms (worst path so far: app.tick:464ms)
1785931086.645|[W][webradio] connecttohost failed idx=0
1785931086.648|[W][webradio] auto-skip exhausted — no playable station
1785931086.651|[D][webradio] ICY:
1785931086.658|[I][spotify.tls] tls yield — resumed
1785931086.682|[D][chrome] drawVolume pct=100 keyframe=4
1785931086.686|[D][chrome] drawVolume pct=100 keyframe=4
1785931086.710|[W][perf] iter=68ms (worst path so far: app.tick:464ms)
1785931089.236|[I][hb] display=winamp wifi=rssi(-55) disc=2 heap=43k maxAlloc=41k stack_hwm=12876b uptime=01:17:34 poll=0/0 last=0 block_max=0ms loop_max=466ms slow=app.tick:464ms last_poll_age_ms=0 next_poll_in_ms=5000 last_render_age_ms=2534 build=Aug  5 2026-11:39:45
1785931116.092|[I][webradio] terminal retry — re-arming scan idx=0
1785931116.099|[I][webradio] play idx=0 name=INJECTED url=http://stream.slam.nl/WEB15_MP3
1785931116.158|[I][spotify.tls] tls yield — client stopped
1785931116.164|[membudget] TASK-267 _play pre-acquire lfbInt=42996 freeInt=44672
1785931116.169|[I][webradio] HEAP pre-connect free=44672 min=43240 maxAlloc=42996
1785931116.177|[membudget] CP1-pre-connect skip=0 freeInt=44672 lfbInt=42996 freeDma=1528 lfbDma=244
1785931116.181|[W][perf] iter=90ms (worst path so far: app.tick:88ms)
1785931116.197|[I][webradio] audio_info: buffers freed, free Heap: 44672 bytes
1785931116.205|[I][webradio] audio_info: Connect to new host: "http://stream.slam.nl/WEB15_MP3"
1785931116.236|[D][chrome] drawVolume pct=100 keyframe=4
1785931116.239|[D][chrome] drawVolume pct=100 keyframe=4
1785931116.266|[W][perf] iter=82ms (worst path so far: app.tick:88ms)
1785931119.237|[I][hb] display=winamp wifi=rssi(-54) disc=2 heap=42k maxAlloc=41k stack_hwm=12876b uptime=01:18:04 poll=0/0 last=0 block_max=0ms loop_max=90ms slow=app.tick:88ms last_poll_age_ms=0 next_poll_in_ms=5000 last_render_age_ms=2980 build=Aug  5 2026-11:39:45
1785931121.216|[I][webradio] audio_info: Request http://stream.slam.nl/WEB15_MP3 failed!
1785931121.218|[W][webradio] connecttohost failed idx=0
1785931121.224|[W][webradio] auto-skip exhausted — no playable station
1785931121.227|[I][spotify.tls] tls yield — resumed
1785931121.229|[D][webradio] ICY:
1785931121.261|[D][chrome] drawVolume pct=100 keyframe=4
1785931121.265|[D][chrome] drawVolume pct=100 keyframe=4
1785931121.289|[W][perf] iter=75ms (worst path so far: wr.connect:5032ms)
1785931146.091|[I][webradio] terminal retry — re-arming scan idx=0
1785931146.098|[I][webradio] play idx=0 name=INJECTED url=http://stream.slam.nl/WEB15_MP3
1785931146.225|[I][spotify.tls] tls yield — client stopped
1785931146.230|[membudget] TASK-267 _play pre-acquire lfbInt=42996 freeInt=45120
1785931146.236|[I][webradio] HEAP pre-connect free=45120 min=43240 maxAlloc=42996
1785931146.244|[membudget] CP1-pre-connect skip=0 freeInt=45120 lfbInt=42996 freeDma=1976 lfbDma=452
1785931146.249|[W][perf] iter=157ms (worst path so far: wr.connect:5032ms)
1785931146.265|[I][webradio] audio_info: buffers freed, free Heap: 45120 bytes
1785931146.273|[I][webradio] audio_info: Connect to new host: "http://stream.slam.nl/WEB15_MP3"
1785931146.304|[D][chrome] drawVolume pct=100 keyframe=4
1785931146.308|[D][chrome] drawVolume pct=100 keyframe=4
1785931146.334|[W][perf] iter=84ms (worst path so far: wr.connect:5032ms)
1785931149.235|[I][hb] display=winamp wifi=rssi(-55) disc=2 heap=43k maxAlloc=41k stack_hwm=12876b uptime=01:18:34 poll=0/0 last=0 block_max=0ms loop_max=157ms slow=wr.connect:5032ms last_poll_age_ms=0 next_poll_in_ms=5000 last_render_age_ms=2911 build=Aug  5 2026-11:39
1785931151.284|[I][webradio] audio_info: Request http://stream.slam.nl/WEB15_MP3 failed!
1785931151.288|[W][webradio] connecttohost failed idx=0
1785931151.293|[W][webradio] auto-skip exhausted — no playable station
1785931151.295|[I][spotify.tls] tls yield — resumed
1785931151.298|[D][webradio] ICY:
1785931151.331|[D][chrome] drawVolume pct=100 keyframe=4
1785931151.334|[D][chrome] drawVolume pct=100 keyframe=4
1785931151.360|[W][perf] iter=76ms (worst path so far: wr.connect:5032ms)
1785931176.090|[I][webradio] terminal retry — re-arming scan idx=0
1785931176.098|[I][webradio] play idx=0 name=INJECTED url=http://stream.slam.nl/WEB15_MP3
1785931176.293|[I][spotify.tls] tls yield — client stopped
1785931176.298|[membudget] TASK-267 _play pre-acquire lfbInt=42996 freeInt=45568
1785931176.304|[I][webradio] HEAP pre-connect free=45568 min=43240 maxAlloc=42996
1785931176.312|[membudget] CP1-pre-connect skip=0 freeInt=45568 lfbInt=42996 freeDma=2424 lfbDma=452
1785931176.317|[W][perf] iter=225ms (worst path so far: wr.connect:5032ms)
1785931176.331|[I][webradio] audio_info: buffers freed, free Heap: 45568 bytes
1785931176.340|[I][webradio] audio_info: Connect to new host: "http://stream.slam.nl/WEB15_MP3"
1785931176.370|[D][chrome] drawVolume pct=100 keyframe=4
1785931176.373|[D][chrome] drawVolume pct=100 keyframe=4
1785931176.399|[W][perf] iter=82ms (worst path so far: wr.connect:5032ms)
1785931179.234|[I][hb] display=winamp wifi=rssi(-55) disc=2 heap=44k maxAlloc=41k stack_hwm=12876b uptime=01:19:04 poll=0/0 last=0 block_max=0ms loop_max=225ms slow=wr.connect:5032ms last_poll_age_ms=0 next_poll_in_ms=5000 last_render_age_ms=2845 build=Aug  5 2026-11:39
1785931182.464|[I][webradio] audio_info: Request http://stream.slam.nl/WEB15_MP3 failed!
1785931182.467|[W][webradio] connecttohost failed idx=0
1785931182.472|[W][webradio] auto-skip exhausted — no playable station
1785931182.475|[D][webradio] ICY:
1785931182.478|[I][spotify.tls] tls yield — resumed
1785931182.509|[D][chrome] drawVolume pct=100 keyframe=4
1785931182.512|[D][chrome] drawVolume pct=100 keyframe=4
1785931182.537|[W][perf] iter=74ms (worst path so far: wr.connect:6146ms)
1785931206.090|[I][webradio] terminal retry — re-arming scan idx=0
1785931206.097|[I][webradio] play idx=0 name=INJECTED url=http://stream.slam.nl/WEB15_MP3
1785931206.478|[I][spotify.tls] tls yield — client stopped
1785931206.484|[membudget] TASK-267 _play pre-acquire lfbInt=42996 freeInt=45568
1785931206.490|[I][webradio] HEAP pre-connect free=45568 min=43240 maxAlloc=42996
1785931206.497|[membudget] CP1-pre-connect skip=0 freeInt=45568 lfbInt=42996 freeDma=2424 lfbDma=452
1785931206.502|[W][perf] iter=411ms (worst path so far: wr.connect:6146ms)
1785931206.516|[I][webradio] audio_info: buffers freed, free Heap: 45568 bytes
1785931206.526|[I][webradio] audio_info: Connect to new host: "http://stream.slam.nl/WEB15_MP3"
1785931206.554|[D][chrome] drawVolume pct=100 keyframe=4
1785931206.558|[D][chrome] drawVolume pct=100 keyframe=4
1785931206.584|[W][perf] iter=81ms (worst path so far: wr.connect:6146ms)
1785931209.234|[I][hb] display=winamp wifi=rssi(-54) disc=2 heap=44k maxAlloc=41k stack_hwm=12876b uptime=01:19:34 poll=0/0 last=0 block_max=0ms loop_max=411ms slow=wr.connect:6146ms last_poll_age_ms=0 next_poll_in_ms=5000 last_render_age_ms=2659 build=Aug  5 2026-11:39
1785931213.464|[I][webradio] audio_info: Request http://stream.slam.nl/WEB15_MP3 failed!
1785931213.466|[W][webradio] connecttohost failed idx=0
1785931213.471|[W][webradio] auto-skip exhausted — no playable station
1785931213.474|[I][spotify.tls] tls yield — resumed
1785931213.478|[D][webradio] ICY:
1785931213.508|[D][chrome] drawVolume pct=100 keyframe=4
1785931213.511|[D][chrome] drawVolume pct=100 keyframe=4
1785931213.536|[W][perf] iter=74ms (worst path so far: wr.connect:6960ms)
1785931236.090|[I][webradio] terminal retry — re-arming scan idx=0
1785931236.097|[I][webradio] play idx=0 name=INJECTED url=http://stream.slam.nl/WEB15_MP3
1785931236.474|[I][spotify.tls] tls yield — client stopped
1785931236.479|[membudget] TASK-267 _play pre-acquire lfbInt=42996 freeInt=45568
1785931236.484|[I][webradio] HEAP pre-connect free=45568 min=43240 maxAlloc=42996
1785931236.493|[membudget] CP1-pre-connect skip=0 freeInt=45568 lfbInt=42996 freeDma=2424 lfbDma=452
1785931236.498|[W][perf] iter=407ms (worst path so far: wr.connect:6960ms)
1785931236.512|[I][webradio] audio_info: buffers freed, free Heap: 45568 bytes
1785931236.520|[I][webradio] audio_info: Connect to new host: "http://stream.slam.nl/WEB15_MP3"
1785931236.550|[D][chrome] drawVolume pct=100 keyframe=4
1785931236.555|[D][chrome] drawVolume pct=100 keyframe=4
1785931236.579|[W][perf] iter=81ms (worst path so far: wr.connect:6960ms)
1785931239.233|[I][hb] display=winamp wifi=rssi(-54) disc=2 heap=44k maxAlloc=41k stack_hwm=12876b uptime=01:20:04 poll=0/0 last=0 block_max=0ms loop_max=407ms slow=wr.connect:6960ms last_poll_age_ms=0 next_poll_in_ms=5000 last_render_age_ms=2664 build=Aug  5 2026-11:39
1785931243.462|[I][webradio] audio_info: Request http://stream.slam.nl/WEB15_MP3 failed!
1785931243.465|[W][webradio] connecttohost failed idx=0
1785931243.471|[W][webradio] auto-skip exhausted — no playable station
1785931243.473|[D][webradio] ICY:
1785931243.480|[I][spotify.tls] tls yield — resumed
1785931243.508|[D][chrome] drawVolume pct=100 keyframe=4
1785931243.512|[D][chrome] drawVolume pct=100 keyframe=4
1785931243.536|[W][perf] iter=75ms (worst path so far: wr.connect:6965ms)
1785931250.585|{"ok":true,"cmd":"get","var":"wrState","state":5,"last":true}
1785931250.597|{"ok":true,"cmd":"get","var":"wrIdx","idx":0,"last":true}
1785931266.089|[I][webradio] terminal retry — re-arming scan idx=0
1785931266.096|[I][webradio] play idx=0 name=INJECTED url=http://stream.slam.nl/WEB15_MP3
1785931266.481|[I][spotify.tls] tls yield — client stopped
1785931266.487|[membudget] TASK-267 _play pre-acquire lfbInt=42996 freeInt=45568
1785931266.492|[I][webradio] HEAP pre-connect free=45568 min=43240 maxAlloc=42996
1785931266.500|[membudget] CP1-pre-connect skip=0 freeInt=45568 lfbInt=42996 freeDma=2424 lfbDma=452
1785931266.505|[W][perf] iter=415ms (worst path so far: wr.connect:6965ms)
1785931266.519|[I][webradio] audio_info: buffers freed, free Heap: 45568 bytes
1785931266.528|[I][webradio] audio_info: Connect to new host: "http://stream.slam.nl/WEB15_MP3"
1785931266.557|[D][chrome] drawVolume pct=100 keyframe=4
1785931266.562|[D][chrome] drawVolume pct=100 keyframe=4
1785931266.587|[W][perf] iter=82ms (worst path so far: wr.connect:6965ms)
1785931269.233|[I][hb] display=winamp wifi=rssi(-56) disc=2 heap=44k maxAlloc=41k stack_hwm=12876b uptime=01:20:34 poll=0/0 last=0 block_max=0ms loop_max=415ms slow=wr.connect:6965ms last_poll_age_ms=0 next_poll_in_ms=5000 last_render_age_ms=2655 build=Aug  5 2026-11:39
1785931273.462|[I][webradio] audio_info: Request http://stream.slam.nl/WEB15_MP3 failed!
1785931273.465|[W][webradio] connecttohost failed idx=0
1785931273.471|[W][webradio] auto-skip exhausted — no playable station
1785931273.474|[I][spotify.tls] tls yield — resumed
1785931273.476|[D][webradio] ICY:
1785931273.507|[D][chrome] drawVolume pct=100 keyframe=4
1785931273.511|[D][chrome] drawVolume pct=100 keyframe=4
1785931273.536|[W][perf] iter=74ms (worst path so far: wr.connect:6957ms)
1785931296.088|[I][webradio] terminal retry — re-arming scan idx=0
1785931296.096|[I][webradio] play idx=0 name=INJECTED url=http://stream.slam.nl/WEB15_MP3
1785931296.472|[I][spotify.tls] tls yield — client stopped
1785931296.478|[membudget] TASK-267 _play pre-acquire lfbInt=42996 freeInt=52800
1785931296.483|[I][webradio] HEAP pre-connect free=52800 min=43240 maxAlloc=42996
1785931296.491|[membudget] CP1-pre-connect skip=0 freeInt=52800 lfbInt=42996 freeDma=9656 lfbDma=4852
1785931296.496|[W][perf] iter=406ms (worst path so far: wr.connect:6957ms)
1785931296.511|[I][webradio] audio_info: buffers freed, free Heap: 52800 bytes
1785931296.520|[I][webradio] audio_info: Connect to new host: "http://stream.slam.nl/WEB15_MP3"
1785931296.550|[D][chrome] drawVolume pct=100 keyframe=4
1785931296.554|[D][chrome] drawVolume pct=100 keyframe=4
1785931296.579|[W][perf] iter=83ms (worst path so far: wr.connect:6957ms)
1785931299.232|[I][hb] display=winamp wifi=rssi(-55) disc=2 heap=51k maxAlloc=41k stack_hwm=12876b uptime=01:21:04 poll=0/0 last=0 block_max=0ms loop_max=406ms slow=wr.connect:6957ms last_poll_age_ms=0 next_poll_in_ms=5000 last_render_age_ms=2663 build=Aug  5 2026-11:39
1785931303.527|[I][webradio] audio_info: Request http://stream.slam.nl/WEB15_MP3 failed!
1785931303.530|[W][webradio] connecttohost failed idx=0
1785931303.535|[W][webradio] auto-skip exhausted — no playable station
1785931303.538|[I][spotify.tls] tls yield — resumed
1785931303.540|[D][webradio] ICY:
1785931303.572|[D][chrome] drawVolume pct=100 keyframe=4
1785931303.575|[D][chrome] drawVolume pct=100 keyframe=4
1785931303.600|[W][perf] iter=74ms (worst path so far: wr.connect:7029ms)
1785931326.088|[I][webradio] terminal retry — re-arming scan idx=0
1785931326.096|[I][webradio] play idx=0 name=INJECTED url=http://stream.slam.nl/WEB15_MP3
1785931326.537|[I][spotify.tls] tls yield — client stopped
1785931326.543|[membudget] TASK-267 _play pre-acquire lfbInt=42996 freeInt=52800
1785931326.548|[I][webradio] HEAP pre-connect free=52800 min=43240 maxAlloc=42996
1785931326.556|[membudget] CP1-pre-connect skip=0 freeInt=52800 lfbInt=42996 freeDma=9656 lfbDma=4852
1785931326.561|[W][perf] iter=472ms (worst path so far: wr.connect:7029ms)
1785931326.575|[I][webradio] audio_info: buffers freed, free Heap: 52800 bytes
1785931326.584|[I][webradio] audio_info: Connect to new host: "http://stream.slam.nl/WEB15_MP3"
1785931326.613|[D][chrome] drawVolume pct=100 keyframe=4
1785931326.617|[D][chrome] drawVolume pct=100 keyframe=4
1785931326.643|[W][perf] iter=81ms (worst path so far: wr.connect:7029ms)
1785931329.231|[I][hb] display=winamp wifi=rssi(-55) disc=2 heap=51k maxAlloc=41k stack_hwm=12876b uptime=01:21:34 poll=0/0 last=0 block_max=0ms loop_max=472ms slow=wr.connect:7029ms last_poll_age_ms=0 next_poll_in_ms=5000 last_render_age_ms=2598 build=Aug  5 2026-11:39
1785931333.590|[I][webradio] audio_info: Request http://stream.slam.nl/WEB15_MP3 failed!
1785931333.593|[W][webradio] connecttohost failed idx=0
1785931333.598|[W][webradio] auto-skip exhausted — no playable station
1785931333.601|[I][spotify.tls] tls yield — resumed
1785931333.604|[D][webradio] ICY:
1785931333.637|[D][chrome] drawVolume pct=100 keyframe=4
1785931333.641|[D][chrome] drawVolume pct=100 keyframe=4
1785931333.665|[W][perf] iter=76ms (worst path so far: wr.connect:7029ms)
1785931356.088|[I][webradio] terminal retry — re-arming scan idx=0
1785931356.095|[I][webradio] play idx=0 name=INJECTED url=http://stream.slam.nl/WEB15_MP3
1785931356.102|[I][spotify.tls] tls yield — client stopped
1785931356.108|[membudget] TASK-267 _play pre-acquire lfbInt=42996 freeInt=52800
1785931356.113|[I][webradio] HEAP pre-connect free=52800 min=43240 maxAlloc=42996
1785931356.122|[membudget] CP1-pre-connect skip=0 freeInt=52800 lfbInt=42996 freeDma=9656 lfbDma=4852
1785931356.141|[I][webradio] audio_info: buffers freed, free Heap: 52800 bytes
1785931356.150|[I][webradio] audio_info: Connect to new host: "http://stream.slam.nl/WEB15_MP3"
1785931356.179|[D][chrome] drawVolume pct=100 keyframe=4
1785931356.183|[D][chrome] drawVolume pct=100 keyframe=4
1785931356.209|[W][perf] iter=82ms (worst path so far: wr.connect:7029ms)
1785931359.232|[I][hb] display=winamp wifi=rssi(-55) disc=2 heap=50k maxAlloc=41k stack_hwm=12876b uptime=01:22:04 poll=0/0 last=0 block_max=0ms loop_max=82ms slow=wr.connect:7029ms last_poll_age_ms=0 next_poll_in_ms=5000 last_render_age_ms=3033 build=Aug  5 2026-11:39:
1785931363.158|[I][webradio] audio_info: Request http://stream.slam.nl/WEB15_MP3 failed!
1785931363.160|[W][webradio] connecttohost failed idx=0
1785931363.166|[W][webradio] auto-skip exhausted — no playable station
1785931363.168|[I][spotify.tls] tls yield — resumed
1785931363.171|[D][webradio] ICY:
1785931363.203|[D][chrome] drawVolume pct=100 keyframe=4
1785931363.207|[D][chrome] drawVolume pct=100 keyframe=4
1785931363.231|[W][perf] iter=76ms (worst path so far: wr.connect:7029ms)
1785931386.087|[I][webradio] terminal retry — re-arming scan idx=0
1785931386.095|[I][webradio] play idx=0 name=INJECTED url=http://stream.slam.nl/WEB15_MP3
1785931386.170|[I][spotify.tls] tls yield — client stopped
1785931386.175|[membudget] TASK-267 _play pre-acquire lfbInt=42996 freeInt=52800
1785931386.180|[I][webradio] HEAP pre-connect free=52800 min=43240 maxAlloc=42996
1785931386.189|[membudget] CP1-pre-connect skip=0 freeInt=52800 lfbInt=42996 freeDma=9656 lfbDma=4852
1785931386.194|[W][perf] iter=106ms (worst path so far: wr.connect:7029ms)
1785931386.208|[I][webradio] audio_info: buffers freed, free Heap: 52800 bytes
1785931386.217|[I][webradio] audio_info: Connect to new host: "http://stream.slam.nl/WEB15_MP3"
1785931386.246|[D][chrome] drawVolume pct=100 keyframe=4
1785931386.250|[D][chrome] drawVolume pct=100 keyframe=4
1785931386.275|[W][perf] iter=82ms (worst path so far: wr.connect:7029ms)
1785931389.232|[I][hb] display=winamp wifi=rssi(-56) disc=2 heap=50k maxAlloc=41k stack_hwm=12876b uptime=01:22:34 poll=0/0 last=0 block_max=0ms loop_max=106ms slow=wr.connect:7029ms last_poll_age_ms=0 next_poll_in_ms=5000 last_render_age_ms=2966 build=Aug  5 2026-11:39
1785931393.223|[I][webradio] audio_info: Request http://stream.slam.nl/WEB15_MP3 failed!
1785931393.227|[W][webradio] connecttohost failed idx=0
1785931393.232|[W][webradio] auto-skip exhausted — no playable station
1785931393.235|[D][webradio] ICY:
1785931393.237|[I][spotify.tls] tls yield — resumed
1785931393.269|[D][chrome] drawVolume pct=100 keyframe=4
1785931393.272|[D][chrome] drawVolume pct=100 keyframe=4
1785931393.297|[W][perf] iter=74ms (worst path so far: wr.connect:7029ms)
1785931416.087|[I][webradio] terminal retry — re-arming scan idx=0
1785931416.094|[I][webradio] play idx=0 name=INJECTED url=http://stream.slam.nl/WEB15_MP3
1785931416.235|[I][spotify.tls] tls yield — client stopped
1785931416.240|[membudget] TASK-267 _play pre-acquire lfbInt=42996 freeInt=52800
1785931416.246|[I][webradio] HEAP pre-connect free=52800 min=43240 maxAlloc=42996
1785931416.254|[membudget] CP1-pre-connect skip=0 freeInt=52800 lfbInt=42996 freeDma=9656 lfbDma=4852
1785931416.259|[W][perf] iter=171ms (worst path so far: wr.connect:7029ms)
1785931416.275|[I][webradio] audio_info: buffers freed, free Heap: 52800 bytes
1785931416.283|[I][webradio] audio_info: Connect to new host: "http://stream.slam.nl/WEB15_MP3"
1785931416.314|[D][chrome] drawVolume pct=100 keyframe=4
1785931416.317|[D][chrome] drawVolume pct=100 keyframe=4
1785931416.343|[W][perf] iter=83ms (worst path so far: wr.connect:7029ms)
1785931419.232|[I][hb] display=winamp wifi=rssi(-55) disc=2 heap=50k maxAlloc=41k stack_hwm=12876b uptime=01:23:04 poll=0/0 last=0 block_max=0ms loop_max=171ms slow=wr.connect:7029ms last_poll_age_ms=0 next_poll_in_ms=5000 last_render_age_ms=2898 build=Aug  5 2026-11:39
1785931423.291|[I][webradio] audio_info: Request http://stream.slam.nl/WEB15_MP3 failed!
1785931423.294|[W][webradio] connecttohost failed idx=0
1785931423.299|[W][webradio] auto-skip exhausted — no playable station
1785931423.301|[I][spotify.tls] tls yield — resumed
1785931423.304|[D][webradio] ICY:
1785931423.337|[D][chrome] drawVolume pct=100 keyframe=4
1785931423.340|[D][chrome] drawVolume pct=100 keyframe=4
1785931423.365|[W][perf] iter=76ms (worst path so far: wr.connect:7029ms)
1785931446.086|[I][webradio] terminal retry — re-arming scan idx=0
1785931446.094|[I][webradio] play idx=0 name=INJECTED url=http://stream.slam.nl/WEB15_MP3
1785931446.299|[I][spotify.tls] tls yield — client stopped
1785931446.304|[membudget] TASK-267 _play pre-acquire lfbInt=42996 freeInt=52800
1785931446.310|[I][webradio] HEAP pre-connect free=52800 min=43240 maxAlloc=42996
1785931446.319|[membudget] CP1-pre-connect skip=0 freeInt=52800 lfbInt=42996 freeDma=9656 lfbDma=4852
1785931446.324|[W][perf] iter=236ms (worst path so far: wr.connect:7029ms)
1785931446.339|[I][webradio] audio_info: buffers freed, free Heap: 52800 bytes
1785931446.349|[I][webradio] audio_info: Connect to new host: "http://stream.slam.nl/WEB15_MP3"
1785931446.378|[D][chrome] drawVolume pct=100 keyframe=4
1785931446.381|[D][chrome] drawVolume pct=100 keyframe=4
1785931446.407|[W][perf] iter=83ms (worst path so far: wr.connect:7029ms)
1785931449.232|[I][hb] display=winamp wifi=rssi(-55) disc=2 heap=50k maxAlloc=41k stack_hwm=12876b uptime=01:23:34 poll=0/0 last=0 block_max=0ms loop_max=236ms slow=wr.connect:7029ms last_poll_age_ms=0 next_poll_in_ms=5000 last_render_age_ms=2835 build=Aug  5 2026-11:39
1785931453.355|[I][webradio] audio_info: Request http://stream.slam.nl/WEB15_MP3 failed!
1785931453.357|[W][webradio] connecttohost failed idx=0
1785931453.363|[W][webradio] auto-skip exhausted — no playable station
1785931453.365|[I][spotify.tls] tls yield — resumed
1785931453.368|[D][webradio] ICY:
1785931453.401|[D][chrome] drawVolume pct=100 keyframe=4
1785931453.406|[D][chrome] drawVolume pct=100 keyframe=4
1785931453.429|[W][perf] iter=76ms (worst path so far: wr.connect:7029ms)
1785931476.087|[I][webradio] terminal retry — re-arming scan idx=0
1785931476.094|[I][webradio] play idx=0 name=INJECTED url=http://stream.slam.nl/WEB15_MP3
1785931476.364|[I][spotify.tls] tls yield — client stopped
1785931476.369|[membudget] TASK-267 _play pre-acquire lfbInt=42996 freeInt=52800
1785931476.375|[I][webradio] HEAP pre-connect free=52800 min=43240 maxAlloc=42996
1785931476.383|[membudget] CP1-pre-connect skip=0 freeInt=52800 lfbInt=42996 freeDma=9656 lfbDma=4852
1785931476.388|[W][perf] iter=302ms (worst path so far: wr.connect:7029ms)
1785931476.404|[I][webradio] audio_info: buffers freed, free Heap: 52800 bytes
1785931476.412|[I][webradio] audio_info: Connect to new host: "http://stream.slam.nl/WEB15_MP3"
1785931476.442|[D][chrome] drawVolume pct=100 keyframe=4
1785931476.446|[D][chrome] drawVolume pct=100 keyframe=4
1785931476.471|[W][perf] iter=83ms (worst path so far: wr.connect:7029ms)
1785931479.232|[I][hb] display=winamp wifi=rssi(-55) disc=2 heap=50k maxAlloc=41k stack_hwm=12876b uptime=01:24:04 poll=0/0 last=0 block_max=0ms loop_max=302ms slow=wr.connect:7029ms last_poll_age_ms=0 next_poll_in_ms=5000 last_render_age_ms=2770 build=Aug  5 2026-11:39
1785931483.419|[I][webradio] audio_info: Request http://stream.slam.nl/WEB15_MP3 failed!
1785931483.422|[W][webradio] connecttohost failed idx=0
1785931483.428|[W][webradio] auto-skip exhausted — no playable station
1785931483.431|[I][spotify.tls] tls yield — resumed
1785931483.432|[D][webradio] ICY:
1785931483.464|[D][chrome] drawVolume pct=100 keyframe=4
1785931483.468|[D][chrome] drawVolume pct=100 keyframe=4
1785931483.493|[W][perf] iter=74ms (worst path so far: wr.connect:7028ms)
1785931506.086|[I][webradio] terminal retry — re-arming scan idx=0
1785931506.094|[I][webradio] play idx=0 name=INJECTED url=http://stream.slam.nl/WEB15_MP3
1785931506.429|[I][spotify.tls] tls yield — client stopped
1785931506.436|[membudget] TASK-267 _play pre-acquire lfbInt=42996 freeInt=52800
1785931506.441|[I][webradio] HEAP pre-connect free=52800 min=43240 maxAlloc=42996
1785931506.449|[membudget] CP1-pre-connect skip=0 freeInt=52800 lfbInt=42996 freeDma=9656 lfbDma=4852
1785931506.454|[W][perf] iter=366ms (worst path so far: wr.connect:7028ms)
1785931506.468|[I][webradio] audio_info: buffers freed, free Heap: 52800 bytes
1785931506.476|[I][webradio] audio_info: Connect to new host: "http://stream.slam.nl/WEB15_MP3"
1785931506.506|[D][chrome] drawVolume pct=100 keyframe=4
1785931506.510|[D][chrome] drawVolume pct=100 keyframe=4
1785931506.536|[W][perf] iter=82ms (worst path so far: wr.connect:7028ms)
1785931509.231|[I][hb] display=winamp wifi=rssi(-54) disc=2 heap=50k maxAlloc=41k stack_hwm=12876b uptime=01:24:34 poll=0/0 last=0 block_max=0ms loop_max=366ms slow=wr.connect:7028ms last_poll_age_ms=0 next_poll_in_ms=5000 last_render_age_ms=2705 build=Aug  5 2026-11:39
1785931513.484|[I][webradio] audio_info: Request http://stream.slam.nl/WEB15_MP3 failed!
1785931513.487|[W][webradio] connecttohost failed idx=0
1785931513.492|[W][webradio] auto-skip exhausted — no playable station
1785931513.495|[I][spotify.tls] tls yield — resumed
1785931513.497|[D][webradio] ICY:
1785931513.530|[D][chrome] drawVolume pct=100 keyframe=4
1785931513.533|[D][chrome] drawVolume pct=100 keyframe=4
1785931513.559|[W][perf] iter=76ms (worst path so far: wr.connect:7029ms)
1785931536.086|[I][webradio] terminal retry — re-arming scan idx=0
1785931536.093|[I][webradio] play idx=0 name=INJECTED url=http://stream.slam.nl/WEB15_MP3
1785931536.496|[I][spotify.tls] tls yield — client stopped
1785931536.501|[membudget] TASK-267 _play pre-acquire lfbInt=42996 freeInt=52800
1785931536.507|[I][webradio] HEAP pre-connect free=52800 min=43240 maxAlloc=42996
1785931536.515|[membudget] CP1-pre-connect skip=0 freeInt=52800 lfbInt=42996 freeDma=9656 lfbDma=4852
1785931536.520|[W][perf] iter=433ms (worst path so far: wr.connect:7029ms)
1785931536.534|[I][webradio] audio_info: buffers freed, free Heap: 52800 bytes
1785931536.543|[I][webradio] audio_info: Connect to new host: "http://stream.slam.nl/WEB15_MP3"
1785931536.573|[D][chrome] drawVolume pct=100 keyframe=4
1785931536.576|[D][chrome] drawVolume pct=100 keyframe=4
1785931536.602|[W][perf] iter=82ms (worst path so far: wr.connect:7029ms)
1785931539.231|[I][hb] display=winamp wifi=rssi(-56) disc=2 heap=50k maxAlloc=41k stack_hwm=12876b uptime=01:25:04 poll=0/0 last=0 block_max=0ms loop_max=433ms slow=wr.connect:7029ms last_poll_age_ms=0 next_poll_in_ms=5000 last_render_age_ms=2638 build=Aug  5 2026-11:39
1785931543.550|[I][webradio] audio_info: Request http://stream.slam.nl/WEB15_MP3 failed!
1785931543.554|[W][webradio] connecttohost failed idx=0
1785931543.559|[W][webradio] auto-skip exhausted — no playable station
1785931543.561|[I][spotify.tls] tls yield — resumed
1785931543.564|[D][webradio] ICY:
1785931543.597|[D][chrome] drawVolume pct=100 keyframe=4
1785931543.600|[D][chrome] drawVolume pct=100 keyframe=4
1785931543.625|[W][perf] iter=76ms (worst path so far: wr.connect:7030ms)
1785931550.650|{"ok":true,"cmd":"get","var":"wrState","state":5,"last":true}
1785931550.662|{"ok":true,"cmd":"get","var":"wrIdx","idx":0,"last":true}
1785931566.085|[I][webradio] terminal retry — re-arming scan idx=0
1785931566.093|[I][webradio] play idx=0 name=INJECTED url=http://stream.slam.nl/WEB15_MP3
1785931566.562|[I][spotify.tls] tls yield — client stopped
1785931566.568|[membudget] TASK-267 _play pre-acquire lfbInt=42996 freeInt=53172
1785931566.574|[I][webradio] HEAP pre-connect free=53172 min=43240 maxAlloc=42996
1785931566.582|[membudget] CP1-pre-connect skip=0 freeInt=53172 lfbInt=42996 freeDma=10028 lfbDma=4852
1785931566.587|[W][perf] iter=500ms (worst path so far: wr.connect:7030ms)
1785931566.601|[I][webradio] audio_info: buffers freed, free Heap: 53172 bytes
1785931566.610|[I][webradio] audio_info: Connect to new host: "http://stream.slam.nl/WEB15_MP3"
1785931566.639|[D][chrome] drawVolume pct=100 keyframe=4
1785931566.643|[D][chrome] drawVolume pct=100 keyframe=4
1785931566.669|[W][perf] iter=82ms (worst path so far: wr.connect:7030ms)
1785931569.231|[I][hb] display=winamp wifi=rssi(-55) disc=2 heap=51k maxAlloc=41k stack_hwm=12876b uptime=01:25:34 poll=0/0 last=0 block_max=0ms loop_max=500ms slow=wr.connect:7030ms last_poll_age_ms=0 next_poll_in_ms=5000 last_render_age_ms=2571 build=Aug  5 2026-11:39
1785931573.616|[I][webradio] audio_info: Request http://stream.slam.nl/WEB15_MP3 failed!
1785931573.620|[W][webradio] connecttohost failed idx=0
1785931573.625|[W][webradio] auto-skip exhausted — no playable station
1785931573.628|[D][webradio] ICY:
1785931573.630|[I][spotify.tls] tls yield — resumed
1785931573.662|[D][chrome] drawVolume pct=100 keyframe=4
1785931573.665|[D][chrome] drawVolume pct=100 keyframe=4
1785931573.690|[W][perf] iter=74ms (worst path so far: wr.connect:7030ms)
1785931596.086|[I][webradio] terminal retry — re-arming scan idx=0
1785931596.092|[I][webradio] play idx=0 name=INJECTED url=http://stream.slam.nl/WEB15_MP3
1785931596.129|[I][spotify.tls] tls yield — client stopped
1785931596.134|[membudget] TASK-267 _play pre-acquire lfbInt=42996 freeInt=53172
1785931596.140|[I][webradio] HEAP pre-connect free=53172 min=43240 maxAlloc=42996
1785931596.148|[membudget] CP1-pre-connect skip=0 freeInt=53172 lfbInt=42996 freeDma=10028 lfbDma=4852
1785931596.153|[W][perf] iter=67ms (worst path so far: wr.connect:7030ms)
1785931596.167|[I][webradio] audio_info: buffers freed, free Heap: 53172 bytes
1785931596.177|[I][webradio] audio_info: Connect to new host: "http://stream.slam.nl/WEB15_MP3"
1785931596.206|[D][chrome] drawVolume pct=100 keyframe=4
1785931596.210|[D][chrome] drawVolume pct=100 keyframe=4
1785931596.235|[W][perf] iter=82ms (worst path so far: wr.connect:7030ms)
1785931599.230|[I][hb] display=winamp wifi=rssi(-55) disc=2 heap=51k maxAlloc=41k stack_hwm=12876b uptime=01:26:04 poll=0/0 last=0 block_max=0ms loop_max=82ms slow=wr.connect:7030ms last_poll_age_ms=0 next_poll_in_ms=5000 last_render_age_ms=3004 build=Aug  5 2026-11:39:
1785931603.183|[I][webradio] audio_info: Request http://stream.slam.nl/WEB15_MP3 failed!
1785931603.186|[W][webradio] connecttohost failed idx=0
1785931603.191|[W][webradio] auto-skip exhausted — no playable station
1785931603.194|[I][spotify.tls] tls yield — resumed
1785931603.197|[D][webradio] ICY:
1785931603.230|[D][chrome] drawVolume pct=100 keyframe=4
1785931603.233|[D][chrome] drawVolume pct=100 keyframe=4
1785931603.258|[W][perf] iter=76ms (worst path so far: wr.connect:7030ms)
1785931626.084|[I][webradio] terminal retry — re-arming scan idx=0
1785931626.092|[I][webradio] play idx=0 name=INJECTED url=http://stream.slam.nl/WEB15_MP3
1785931626.195|[I][spotify.tls] tls yield — client stopped
1785931626.201|[membudget] TASK-267 _play pre-acquire lfbInt=42996 freeInt=53172
1785931626.206|[I][webradio] HEAP pre-connect free=53172 min=43240 maxAlloc=42996
1785931626.215|[membudget] CP1-pre-connect skip=0 freeInt=53172 lfbInt=42996 freeDma=10028 lfbDma=4852
1785931626.220|[W][perf] iter=134ms (worst path so far: wr.connect:7030ms)
1785931626.234|[I][webradio] audio_info: buffers freed, free Heap: 53172 bytes
1785931626.243|[I][webradio] audio_info: Connect to new host: "http://stream.slam.nl/WEB15_MP3"
1785931626.272|[D][chrome] drawVolume pct=100 keyframe=4
1785931626.277|[D][chrome] drawVolume pct=100 keyframe=4
1785931626.301|[W][perf] iter=82ms (worst path so far: wr.connect:7030ms)
1785931629.229|[I][hb] display=winamp wifi=rssi(-50) disc=2 heap=51k maxAlloc=41k stack_hwm=12876b uptime=01:26:34 poll=0/0 last=0 block_max=0ms loop_max=134ms slow=wr.connect:7030ms last_poll_age_ms=0 next_poll_in_ms=5000 last_render_age_ms=2937 build=Aug  5 2026-11:39
1785931633.250|[I][webradio] audio_info: Request http://stream.slam.nl/WEB15_MP3 failed!
1785931633.253|[W][webradio] connecttohost failed idx=0
1785931633.258|[W][webradio] auto-skip exhausted — no playable station
1785931633.261|[I][spotify.tls] tls yield — resumed
1785931633.263|[D][webradio] ICY:
1785931633.297|[D][chrome] drawVolume pct=100 keyframe=4
1785931633.301|[D][chrome] drawVolume pct=100 keyframe=4
1785931633.324|[W][perf] iter=76ms (worst path so far: wr.connect:7030ms)
1785931656.086|[I][webradio] terminal retry — re-arming scan idx=0
1785931656.092|[I][webradio] play idx=0 name=INJECTED url=http://stream.slam.nl/WEB15_MP3
1785931656.262|[I][spotify.tls] tls yield — client stopped
1785931656.267|[membudget] TASK-267 _play pre-acquire lfbInt=42996 freeInt=53172
1785931656.273|[I][webradio] HEAP pre-connect free=53172 min=43240 maxAlloc=42996
1785931656.281|[membudget] CP1-pre-connect skip=0 freeInt=53172 lfbInt=42996 freeDma=10028 lfbDma=4852
1785931656.287|[W][perf] iter=201ms (worst path so far: wr.connect:7030ms)
1785931656.300|[I][webradio] audio_info: buffers freed, free Heap: 53172 bytes
1785931656.310|[I][webradio] audio_info: Connect to new host: "http://stream.slam.nl/WEB15_MP3"
1785931656.340|[D][chrome] drawVolume pct=100 keyframe=4
1785931656.343|[D][chrome] drawVolume pct=100 keyframe=4
1785931656.368|[W][perf] iter=82ms (worst path so far: wr.connect:7030ms)
1785931659.228|[I][hb] display=winamp wifi=rssi(-52) disc=2 heap=51k maxAlloc=41k stack_hwm=12876b uptime=01:27:04 poll=0/0 last=0 block_max=0ms loop_max=201ms slow=wr.connect:7030ms last_poll_age_ms=0 next_poll_in_ms=5000 last_render_age_ms=2870 build=Aug  5 2026-11:39
1785931663.317|[I][webradio] audio_info: Request http://stream.slam.nl/WEB15_MP3 failed!
1785931663.319|[W][webradio] connecttohost failed idx=0
1785931663.325|[W][webradio] auto-skip exhausted — no playable station
1785931663.327|[D][webradio] ICY:
1785931663.331|[I][spotify.tls] tls yield — resumed
1785931663.361|[D][chrome] drawVolume pct=100 keyframe=4
1785931663.365|[D][chrome] drawVolume pct=100 keyframe=4
1785931663.390|[W][perf] iter=74ms (worst path so far: wr.connect:7030ms)
1785931686.084|[I][webradio] terminal retry — re-arming scan idx=0
1785931686.092|[I][webradio] play idx=0 name=INJECTED url=http://stream.slam.nl/WEB15_MP3
1785931686.327|[I][spotify.tls] tls yield — client stopped
1785931686.333|[membudget] TASK-267 _play pre-acquire lfbInt=42996 freeInt=53172
1785931686.339|[I][webradio] HEAP pre-connect free=53172 min=43240 maxAlloc=42996
1785931686.347|[membudget] CP1-pre-connect skip=0 freeInt=53172 lfbInt=42996 freeDma=10028 lfbDma=4852
1785931686.352|[W][perf] iter=266ms (worst path so far: wr.connect:7030ms)
1785931686.368|[I][webradio] audio_info: buffers freed, free Heap: 53172 bytes
1785931686.376|[I][webradio] audio_info: Connect to new host: "http://stream.slam.nl/WEB15_MP3"
1785931686.406|[D][chrome] drawVolume pct=100 keyframe=4
1785931686.410|[D][chrome] drawVolume pct=100 keyframe=4
1785931686.435|[W][perf] iter=83ms (worst path so far: wr.connect:7030ms)
1785931689.228|[I][hb] display=winamp wifi=rssi(-51) disc=2 heap=51k maxAlloc=41k stack_hwm=12876b uptime=01:27:34 poll=0/0 last=0 block_max=0ms loop_max=266ms slow=wr.connect:7030ms last_poll_age_ms=0 next_poll_in_ms=5000 last_render_age_ms=2803 build=Aug  5 2026-11:39
1785931693.383|[I][webradio] audio_info: Request http://stream.slam.nl/WEB15_MP3 failed!
1785931693.386|[W][webradio] connecttohost failed idx=0
1785931693.391|[W][webradio] auto-skip exhausted — no playable station
1785931693.394|[I][spotify.tls] tls yield — resumed
1785931693.396|[D][webradio] ICY:
1785931693.429|[D][chrome] drawVolume pct=100 keyframe=4
1785931693.433|[D][chrome] drawVolume pct=100 keyframe=4
1785931693.457|[W][perf] iter=76ms (worst path so far: wr.connect:7028ms)
1785931716.085|[I][webradio] terminal retry — re-arming scan idx=0
1785931716.092|[I][webradio] play idx=0 name=INJECTED url=http://stream.slam.nl/WEB15_MP3
1785931716.393|[I][spotify.tls] tls yield — client stopped
1785931716.398|[membudget] TASK-267 _play pre-acquire lfbInt=42996 freeInt=53172
1785931716.403|[I][webradio] HEAP pre-connect free=53172 min=43240 maxAlloc=42996
1785931716.411|[membudget] CP1-pre-connect skip=0 freeInt=53172 lfbInt=42996 freeDma=10028 lfbDma=4852
1785931716.417|[W][perf] iter=331ms (worst path so far: wr.connect:7028ms)
1785931716.432|[I][webradio] audio_info: buffers freed, free Heap: 53172 bytes
1785931716.441|[I][webradio] audio_info: Connect to new host: "http://stream.slam.nl/WEB15_MP3"
1785931716.470|[D][chrome] drawVolume pct=100 keyframe=4
1785931716.474|[D][chrome] drawVolume pct=100 keyframe=4
1785931716.499|[W][perf] iter=83ms (worst path so far: wr.connect:7028ms)
1785931719.228|[I][hb] display=winamp wifi=rssi(-54) disc=2 heap=51k maxAlloc=41k stack_hwm=12876b uptime=01:28:04 poll=0/0 last=0 block_max=0ms loop_max=331ms slow=wr.connect:7028ms last_poll_age_ms=0 next_poll_in_ms=5000 last_render_age_ms=2738 build=Aug  5 2026-11:39
1785931723.447|[I][webradio] audio_info: Request http://stream.slam.nl/WEB15_MP3 failed!
1785931723.450|[W][webradio] connecttohost failed idx=0
1785931723.455|[W][webradio] auto-skip exhausted — no playable station
1785931723.458|[I][spotify.tls] tls yield — resumed
1785931723.461|[D][webradio] ICY:
1785931723.494|[D][chrome] drawVolume pct=100 keyframe=4
1785931723.497|[D][chrome] drawVolume pct=100 keyframe=4
1785931723.523|[W][perf] iter=76ms (worst path so far: wr.connect:7028ms)
1785931746.084|[I][webradio] terminal retry — re-arming scan idx=0
1785931746.091|[I][webradio] play idx=0 name=INJECTED url=http://stream.slam.nl/WEB15_MP3
1785931746.456|[I][spotify.tls] tls yield — client stopped
1785931746.462|[membudget] TASK-267 _play pre-acquire lfbInt=42996 freeInt=53172
1785931746.468|[I][webradio] HEAP pre-connect free=53172 min=43240 maxAlloc=42996
1785931746.476|[membudget] CP1-pre-connect skip=0 freeInt=53172 lfbInt=42996 freeDma=10028 lfbDma=4852
1785931746.481|[W][perf] iter=396ms (worst path so far: wr.connect:7028ms)
1785931746.496|[I][webradio] audio_info: buffers freed, free Heap: 53172 bytes
1785931746.505|[I][webradio] audio_info: Connect to new host: "http://stream.slam.nl/WEB15_MP3"
1785931746.534|[D][chrome] drawVolume pct=100 keyframe=4
1785931746.538|[D][chrome] drawVolume pct=100 keyframe=4
1785931746.564|[W][perf] iter=83ms (worst path so far: wr.connect:7028ms)
1785931749.227|[I][hb] display=winamp wifi=rssi(-55) disc=2 heap=51k maxAlloc=41k stack_hwm=12876b uptime=01:28:34 poll=0/0 last=0 block_max=0ms loop_max=396ms slow=wr.connect:7028ms last_poll_age_ms=0 next_poll_in_ms=5000 last_render_age_ms=2673 build=Aug  5 2026-11:39
1785931753.512|[I][webradio] audio_info: Request http://stream.slam.nl/WEB15_MP3 failed!
1785931753.515|[W][webradio] connecttohost failed idx=0
1785931753.520|[W][webradio] auto-skip exhausted — no playable station
1785931753.523|[I][spotify.tls] tls yield — resumed
1785931753.525|[D][webradio] ICY:
1785931753.557|[D][chrome] drawVolume pct=100 keyframe=4
1785931753.560|[D][chrome] drawVolume pct=100 keyframe=4
1785931753.585|[W][perf] iter=74ms (worst path so far: wr.connect:7029ms)
1785931776.084|[I][webradio] terminal retry — re-arming scan idx=0
1785931776.091|[I][webradio] play idx=0 name=INJECTED url=http://stream.slam.nl/WEB15_MP3
1785931776.522|[I][spotify.tls] tls yield — client stopped
1785931776.528|[membudget] TASK-267 _play pre-acquire lfbInt=42996 freeInt=53172
1785931776.533|[I][webradio] HEAP pre-connect free=53172 min=43240 maxAlloc=42996
1785931776.542|[membudget] CP1-pre-connect skip=0 freeInt=53172 lfbInt=42996 freeDma=10028 lfbDma=4852
1785931776.547|[W][perf] iter=462ms (worst path so far: wr.connect:7029ms)
1785931776.560|[I][webradio] audio_info: buffers freed, free Heap: 53172 bytes
1785931776.569|[I][webradio] audio_info: Connect to new host: "http://stream.slam.nl/WEB15_MP3"
1785931776.599|[D][chrome] drawVolume pct=100 keyframe=4
1785931776.603|[D][chrome] drawVolume pct=100 keyframe=4
1785931776.628|[W][perf] iter=82ms (worst path so far: wr.connect:7029ms)
1785931779.227|[I][hb] display=winamp wifi=rssi(-55) disc=2 heap=51k maxAlloc=41k stack_hwm=12876b uptime=01:29:04 poll=0/0 last=0 block_max=0ms loop_max=462ms slow=wr.connect:7029ms last_poll_age_ms=0 next_poll_in_ms=5000 last_render_age_ms=2608 build=Aug  5 2026-11:39
1785931783.576|[I][webradio] audio_info: Request http://stream.slam.nl/WEB15_MP3 failed!
1785931783.579|[W][webradio] connecttohost failed idx=0
1785931783.584|[W][webradio] auto-skip exhausted — no playable station
1785931783.587|[I][spotify.tls] tls yield — resumed
1785931783.590|[D][webradio] ICY:
1785931783.623|[D][chrome] drawVolume pct=100 keyframe=4
1785931783.626|[D][chrome] drawVolume pct=100 keyframe=4
1785931783.651|[W][perf] iter=76ms (worst path so far: wr.connect:7030ms)
1785931806.083|[I][webradio] terminal retry — re-arming scan idx=0
1785931806.091|[I][webradio] play idx=0 name=INJECTED url=http://stream.slam.nl/WEB15_MP3
1785931806.094|[I][spotify.tls] tls yield — client stopped
1785931806.099|[membudget] TASK-267 _play pre-acquire lfbInt=42996 freeInt=53172
1785931806.105|[I][webradio] HEAP pre-connect free=53172 min=43240 maxAlloc=42996
1785931806.113|[membudget] CP1-pre-connect skip=0 freeInt=53172 lfbInt=42996 freeDma=10028 lfbDma=4852
1785931806.126|[I][webradio] audio_info: buffers freed, free Heap: 53172 bytes
1785931806.135|[I][webradio] audio_info: Connect to new host: "http://stream.slam.nl/WEB15_MP3"
1785931806.164|[D][chrome] drawVolume pct=100 keyframe=4
1785931806.168|[D][chrome] drawVolume pct=100 keyframe=4
1785931806.193|[W][perf] iter=83ms (worst path so far: wr.connect:7030ms)
1785931809.226|[I][hb] display=winamp wifi=rssi(-51) disc=2 heap=51k maxAlloc=41k stack_hwm=12876b uptime=01:29:34 poll=0/0 last=0 block_max=0ms loop_max=83ms slow=wr.connect:7030ms last_poll_age_ms=0 next_poll_in_ms=5000 last_render_age_ms=3043 build=Aug  5 2026-11:39:
1785931813.141|[I][webradio] audio_info: Request http://stream.slam.nl/WEB15_MP3 failed!
1785931813.143|[W][webradio] connecttohost failed idx=0
1785931813.149|[W][webradio] auto-skip exhausted — no playable station
1785931813.152|[I][spotify.tls] tls yield — resumed
1785931813.154|[D][webradio] ICY:
1785931813.188|[D][chrome] drawVolume pct=100 keyframe=4
1785931813.191|[D][chrome] drawVolume pct=100 keyframe=4
1785931813.216|[W][perf] iter=76ms (worst path so far: wr.connect:7028ms)
1785931836.083|[I][webradio] terminal retry — re-arming scan idx=0
1785931836.090|[I][webradio] play idx=0 name=INJECTED url=http://stream.slam.nl/WEB15_MP3
1785931836.151|[I][spotify.tls] tls yield — client stopped
1785931836.156|[membudget] TASK-267 _play pre-acquire lfbInt=42996 freeInt=53172
1785931836.161|[I][webradio] HEAP pre-connect free=53172 min=43240 maxAlloc=42996
1785931836.169|[membudget] CP1-pre-connect skip=0 freeInt=53172 lfbInt=42996 freeDma=10028 lfbDma=4852
1785931836.175|[W][perf] iter=91ms (worst path so far: wr.connect:7028ms)
1785931836.190|[I][webradio] audio_info: buffers freed, free Heap: 53172 bytes
1785931836.199|[I][webradio] audio_info: Connect to new host: "http://stream.slam.nl/WEB15_MP3"
1785931836.229|[D][chrome] drawVolume pct=100 keyframe=4
1785931836.233|[D][chrome] drawVolume pct=100 keyframe=4
1785931836.258|[W][perf] iter=83ms (worst path so far: wr.connect:7028ms)
1785931839.226|[I][hb] display=winamp wifi=rssi(-55) disc=2 heap=51k maxAlloc=41k stack_hwm=12876b uptime=01:30:04 poll=0/0 last=0 block_max=0ms loop_max=91ms slow=wr.connect:7028ms last_poll_age_ms=0 next_poll_in_ms=5000 last_render_age_ms=2977 build=Aug  5 2026-11:39:
1785931843.205|[I][webradio] audio_info: Request http://stream.slam.nl/WEB15_MP3 failed!
1785931843.208|[W][webradio] connecttohost failed idx=0
1785931843.214|[W][webradio] auto-skip exhausted — no playable station
1785931843.217|[I][spotify.tls] tls yield — resumed
1785931843.219|[D][webradio] ICY:
1785931843.251|[D][chrome] drawVolume pct=100 keyframe=4
1785931843.254|[D][chrome] drawVolume pct=100 keyframe=4
1785931843.279|[W][perf] iter=74ms (worst path so far: wr.connect:7029ms)
1785931850.749|{"ok":true,"cmd":"get","var":"wrState","state":5,"last":true}
1785931850.759|{"ok":true,"cmd":"get","var":"wrIdx","idx":0,"last":true}
1785931866.083|[I][webradio] terminal retry — re-arming scan idx=0
1785931866.090|[I][webradio] play idx=0 name=INJECTED url=http://stream.slam.nl/WEB15_MP3
1785931866.216|[I][spotify.tls] tls yield — client stopped
1785931866.221|[membudget] TASK-267 _play pre-acquire lfbInt=42996 freeInt=53172
1785931866.227|[I][webradio] HEAP pre-connect free=53172 min=43240 maxAlloc=42996
1785931866.235|[membudget] CP1-pre-connect skip=0 freeInt=53172 lfbInt=42996 freeDma=10028 lfbDma=4852
1785931866.241|[W][perf] iter=157ms (worst path so far: wr.connect:7029ms)
1785931866.255|[I][webradio] audio_info: buffers freed, free Heap: 53172 bytes
1785931866.263|[I][webradio] audio_info: Connect to new host: "http://stream.slam.nl/WEB15_MP3"
1785931866.293|[D][chrome] drawVolume pct=100 keyframe=4
1785931866.297|[D][chrome] drawVolume pct=100 keyframe=4
1785931866.323|[W][perf] iter=82ms (worst path so far: wr.connect:7029ms)
1785931869.225|[I][hb] display=winamp wifi=rssi(-54) disc=2 heap=51k maxAlloc=41k stack_hwm=12876b uptime=01:30:34 poll=0/0 last=0 block_max=0ms loop_max=157ms slow=wr.connect:7029ms last_poll_age_ms=0 next_poll_in_ms=5000 last_render_age_ms=2913 build=Aug  5 2026-11:39
1785931873.270|[I][webradio] audio_info: Request http://stream.slam.nl/WEB15_MP3 failed!
1785931873.273|[W][webradio] connecttohost failed idx=0
1785931873.279|[W][webradio] auto-skip exhausted — no playable station
1785931873.281|[D][webradio] ICY:
1785931873.284|[I][spotify.tls] tls yield — resumed
1785931873.315|[D][chrome] drawVolume pct=100 keyframe=4
1785931873.318|[D][chrome] drawVolume pct=100 keyframe=4
1785931873.344|[W][perf] iter=74ms (worst path so far: wr.connect:7029ms)
1785931896.084|[I][webradio] terminal retry — re-arming scan idx=0
1785931896.090|[I][webradio] play idx=0 name=INJECTED url=http://stream.slam.nl/WEB15_MP3
1785931896.282|[I][spotify.tls] tls yield — client stopped
1785931896.288|[membudget] TASK-267 _play pre-acquire lfbInt=42996 freeInt=53172
1785931896.294|[I][webradio] HEAP pre-connect free=53172 min=43240 maxAlloc=42996
1785931896.301|[membudget] CP1-pre-connect skip=0 freeInt=53172 lfbInt=42996 freeDma=10028 lfbDma=4852
1785931896.307|[W][perf] iter=223ms (worst path so far: wr.connect:7029ms)
1785931896.321|[I][webradio] audio_info: buffers freed, free Heap: 53172 bytes
1785931896.329|[I][webradio] audio_info: Connect to new host: "http://stream.slam.nl/WEB15_MP3"
1785931896.359|[D][chrome] drawVolume pct=100 keyframe=4
1785931896.363|[D][chrome] drawVolume pct=100 keyframe=4
1785931896.389|[W][perf] iter=82ms (worst path so far: wr.connect:7029ms)
1785931899.226|[I][hb] display=winamp wifi=rssi(-53) disc=2 heap=51k maxAlloc=41k stack_hwm=12876b uptime=01:31:04 poll=0/0 last=0 block_max=0ms loop_max=223ms slow=wr.connect:7029ms last_poll_age_ms=0 next_poll_in_ms=5000 last_render_age_ms=2846 build=Aug  5 2026-11:39
1785931903.336|[I][webradio] audio_info: Request http://stream.slam.nl/WEB15_MP3 failed!
1785931903.340|[W][webradio] connecttohost failed idx=0
1785931903.345|[W][webradio] auto-skip exhausted — no playable station
1785931903.348|[I][spotify.tls] tls yield — resumed
1785931903.350|[D][webradio] ICY:
1785931903.383|[D][chrome] drawVolume pct=100 keyframe=4
1785931903.387|[D][chrome] drawVolume pct=100 keyframe=4
1785931903.412|[W][perf] iter=76ms (worst path so far: wr.connect:7030ms)
1785931926.082|[I][webradio] terminal retry — re-arming scan idx=0
1785931926.089|[I][webradio] play idx=0 name=INJECTED url=http://stream.slam.nl/WEB15_MP3
1785931926.349|[I][spotify.tls] tls yield — client stopped
1785931926.354|[membudget] TASK-267 _play pre-acquire lfbInt=42996 freeInt=53172
1785931926.360|[I][webradio] HEAP pre-connect free=53172 min=43240 maxAlloc=42996
1785931926.368|[membudget] CP1-pre-connect skip=0 freeInt=53172 lfbInt=42996 freeDma=10028 lfbDma=4852
1785931926.373|[W][perf] iter=290ms (worst path so far: wr.connect:7030ms)
1785931926.387|[I][webradio] audio_info: buffers freed, free Heap: 53172 bytes
1785931926.396|[I][webradio] audio_info: Connect to new host: "http://stream.slam.nl/WEB15_MP3"
1785931926.426|[D][chrome] drawVolume pct=100 keyframe=4
1785931926.429|[D][chrome] drawVolume pct=100 keyframe=4
1785931926.455|[W][perf] iter=82ms (worst path so far: wr.connect:7030ms)
1785931929.225|[I][hb] display=winamp wifi=rssi(-53) disc=2 heap=51k maxAlloc=41k stack_hwm=12876b uptime=01:31:34 poll=0/0 last=0 block_max=0ms loop_max=290ms slow=wr.connect:7030ms last_poll_age_ms=0 next_poll_in_ms=5000 last_render_age_ms=2779 build=Aug  5 2026-11:39
1785931933.403|[I][webradio] audio_info: Request http://stream.slam.nl/WEB15_MP3 failed!
1785931933.406|[W][webradio] connecttohost failed idx=0
1785931933.412|[W][webradio] auto-skip exhausted — no playable station
1785931933.414|[D][webradio] ICY:
1785931933.417|[I][spotify.tls] tls yield — resumed
1785931933.448|[D][chrome] drawVolume pct=100 keyframe=4
1785931933.452|[D][chrome] drawVolume pct=100 keyframe=4
1785931933.476|[W][perf] iter=74ms (worst path so far: wr.connect:7029ms)
1785931956.081|[I][webradio] terminal retry — re-arming scan idx=0
1785931956.089|[I][webradio] play idx=0 name=INJECTED url=http://stream.slam.nl/WEB15_MP3
1785931956.414|[I][spotify.tls] tls yield — client stopped
1785931956.420|[membudget] TASK-267 _play pre-acquire lfbInt=42996 freeInt=53172
1785931956.426|[I][webradio] HEAP pre-connect free=53172 min=43240 maxAlloc=42996
1785931956.434|[membudget] CP1-pre-connect skip=0 freeInt=53172 lfbInt=42996 freeDma=10028 lfbDma=4852
1785931956.439|[W][perf] iter=356ms (worst path so far: wr.connect:7029ms)
1785931956.454|[I][webradio] audio_info: buffers freed, free Heap: 53172 bytes
1785931956.463|[I][webradio] audio_info: Connect to new host: "http://stream.slam.nl/WEB15_MP3"
1785931956.493|[D][chrome] drawVolume pct=100 keyframe=4
1785931956.496|[D][chrome] drawVolume pct=100 keyframe=4
1785931956.522|[W][perf] iter=83ms (worst path so far: wr.connect:7029ms)
1785931959.224|[I][hb] display=winamp wifi=rssi(-54) disc=2 heap=51k maxAlloc=41k stack_hwm=12876b uptime=01:32:04 poll=0/0 last=0 block_max=0ms loop_max=356ms slow=wr.connect:7029ms last_poll_age_ms=0 next_poll_in_ms=5000 last_render_age_ms=2712 build=Aug  5 2026-11:39
1785931963.469|[I][webradio] audio_info: Request http://stream.slam.nl/WEB15_MP3 failed!
1785931963.472|[W][webradio] connecttohost failed idx=0
1785931963.478|[W][webradio] auto-skip exhausted — no playable station
1785931963.481|[I][spotify.tls] tls yield — resumed
1785931963.483|[D][webradio] ICY:
1785931963.514|[D][chrome] drawVolume pct=100 keyframe=4
1785931963.518|[D][chrome] drawVolume pct=100 keyframe=4
1785931963.543|[W][perf] iter=74ms (worst path so far: wr.connect:7029ms)
1785931986.081|[I][webradio] terminal retry — re-arming scan idx=0
1785931986.088|[I][webradio] play idx=0 name=INJECTED url=http://stream.slam.nl/WEB15_MP3
1785931986.481|[I][spotify.tls] tls yield — client stopped
1785931986.485|[membudget] TASK-267 _play pre-acquire lfbInt=42996 freeInt=53172
1785931986.491|[I][webradio] HEAP pre-connect free=53172 min=43240 maxAlloc=42996
1785931986.499|[membudget] CP1-pre-connect skip=0 freeInt=53172 lfbInt=42996 freeDma=10028 lfbDma=4852
1785931986.504|[W][perf] iter=422ms (worst path so far: wr.connect:7029ms)
1785931986.518|[I][webradio] audio_info: buffers freed, free Heap: 53172 bytes
1785931986.527|[I][webradio] audio_info: Connect to new host: "http://stream.slam.nl/WEB15_MP3"
1785931986.557|[D][chrome] drawVolume pct=100 keyframe=4
1785931986.561|[D][chrome] drawVolume pct=100 keyframe=4
1785931986.586|[W][perf] iter=82ms (worst path so far: wr.connect:7029ms)
1785931989.224|[I][hb] display=winamp wifi=rssi(-51) disc=2 heap=51k maxAlloc=41k stack_hwm=12876b uptime=01:32:34 poll=0/0 last=0 block_max=0ms loop_max=422ms slow=wr.connect:7029ms last_poll_age_ms=0 next_poll_in_ms=5000 last_render_age_ms=2647 build=Aug  5 2026-11:39
1785931993.534|[I][webradio] audio_info: Request http://stream.slam.nl/WEB15_MP3 failed!
1785931993.537|[W][webradio] connecttohost failed idx=0
1785931993.542|[W][webradio] auto-skip exhausted — no playable station
1785931993.545|[I][spotify.tls] tls yield — resumed
1785931993.548|[D][webradio] ICY:
1785931993.580|[D][chrome] drawVolume pct=100 keyframe=4
1785931993.584|[D][chrome] drawVolume pct=100 keyframe=4
1785931993.609|[W][perf] iter=76ms (worst path so far: wr.connect:7030ms)
1785932016.080|[I][webradio] terminal retry — re-arming scan idx=0
1785932016.088|[I][webradio] play idx=0 name=INJECTED url=http://stream.slam.nl/WEB15_MP3
1785932016.543|[I][spotify.tls] tls yield — client stopped
1785932016.549|[membudget] TASK-267 _play pre-acquire lfbInt=42996 freeInt=53172
1785932016.555|[I][webradio] HEAP pre-connect free=53172 min=43240 maxAlloc=42996
1785932016.563|[membudget] CP1-pre-connect skip=0 freeInt=53172 lfbInt=42996 freeDma=10028 lfbDma=4852
1785932016.568|[W][perf] iter=486ms (worst path so far: wr.connect:7030ms)
1785932016.584|[I][webradio] audio_info: buffers freed, free Heap: 53172 bytes
1785932016.592|[I][webradio] audio_info: Connect to new host: "http://stream.slam.nl/WEB15_MP3"
1785932016.622|[D][chrome] drawVolume pct=100 keyframe=4
1785932016.625|[D][chrome] drawVolume pct=100 keyframe=4
1785932016.651|[W][perf] iter=83ms (worst path so far: wr.connect:7030ms)
1785932019.224|[I][hb] display=winamp wifi=rssi(-49) disc=2 heap=51k maxAlloc=41k stack_hwm=12876b uptime=01:33:04 poll=0/0 last=0 block_max=0ms loop_max=486ms slow=wr.connect:7030ms last_poll_age_ms=0 next_poll_in_ms=5000 last_render_age_ms=2583 build=Aug  5 2026-11:39
1785932023.598|[I][webradio] audio_info: Request http://stream.slam.nl/WEB15_MP3 failed!
1785932023.601|[W][webradio] connecttohost failed idx=0
1785932023.607|[W][webradio] auto-skip exhausted — no playable station
1785932023.610|[I][spotify.tls] tls yield — resumed
1785932023.612|[D][webradio] ICY:
1785932023.645|[D][chrome] drawVolume pct=100 keyframe=4
1785932023.649|[D][chrome] drawVolume pct=100 keyframe=4
1785932023.674|[W][perf] iter=76ms (worst path so far: wr.connect:7029ms)
1785932046.080|[I][webradio] terminal retry — re-arming scan idx=0
1785932046.087|[I][webradio] play idx=0 name=INJECTED url=http://stream.slam.nl/WEB15_MP3
1785932046.111|[I][spotify.tls] tls yield — client stopped
1785932046.116|[membudget] TASK-267 _play pre-acquire lfbInt=42996 freeInt=53172
1785932046.122|[I][webradio] HEAP pre-connect free=53172 min=43240 maxAlloc=42996
1785932046.130|[membudget] CP1-pre-connect skip=0 freeInt=53172 lfbInt=42996 freeDma=10028 lfbDma=4852
1785932046.135|[W][perf] iter=55ms (worst path so far: wr.connect:7029ms)
1785932046.149|[I][webradio] audio_info: buffers freed, free Heap: 53172 bytes
1785932046.158|[I][webradio] audio_info: Connect to new host: "http://stream.slam.nl/WEB15_MP3"
1785932046.188|[D][chrome] drawVolume pct=100 keyframe=4
1785932046.193|[D][chrome] drawVolume pct=100 keyframe=4
1785932046.218|[W][perf] iter=82ms (worst path so far: wr.connect:7029ms)
1785932049.223|[I][hb] display=winamp wifi=rssi(-50) disc=2 heap=51k maxAlloc=41k stack_hwm=12876b uptime=01:33:34 poll=0/0 last=0 block_max=0ms loop_max=82ms slow=wr.connect:7029ms last_poll_age_ms=0 next_poll_in_ms=5000 last_render_age_ms=3016 build=Aug  5 2026-11:39:
1785932053.165|[I][webradio] audio_info: Request http://stream.slam.nl/WEB15_MP3 failed!
1785932053.168|[W][webradio] connecttohost failed idx=0
1785932053.174|[W][webradio] auto-skip exhausted — no playable station
1785932053.176|[D][webradio] ICY:
1785932053.179|[I][spotify.tls] tls yield — resumed
1785932053.211|[D][chrome] drawVolume pct=100 keyframe=4
1785932053.214|[D][chrome] drawVolume pct=100 keyframe=4
1785932053.239|[W][perf] iter=74ms (worst path so far: wr.connect:7029ms)
1785932076.080|[I][webradio] terminal retry — re-arming scan idx=0
1785932076.087|[I][webradio] play idx=0 name=INJECTED url=http://stream.slam.nl/WEB15_MP3
1785932076.176|[I][spotify.tls] tls yield — client stopped
1785932076.182|[membudget] TASK-267 _play pre-acquire lfbInt=42996 freeInt=53172
1785932076.188|[I][webradio] HEAP pre-connect free=53172 min=43240 maxAlloc=42996
1785932076.196|[membudget] CP1-pre-connect skip=0 freeInt=53172 lfbInt=42996 freeDma=10028 lfbDma=4852
1785932076.202|[W][perf] iter=120ms (worst path so far: wr.connect:7029ms)
1785932076.217|[I][webradio] audio_info: buffers freed, free Heap: 53172 bytes
1785932076.225|[I][webradio] audio_info: Connect to new host: "http://stream.slam.nl/WEB15_MP3"
1785932076.255|[D][chrome] drawVolume pct=100 keyframe=4
1785932076.259|[D][chrome] drawVolume pct=100 keyframe=4
1785932076.284|[W][perf] iter=83ms (worst path so far: wr.connect:7029ms)
1785932079.223|[I][hb] display=winamp wifi=rssi(-51) disc=2 heap=51k maxAlloc=41k stack_hwm=12876b uptime=01:34:04 poll=0/0 last=0 block_max=0ms loop_max=120ms slow=wr.connect:7029ms last_poll_age_ms=0 next_poll_in_ms=5000 last_render_age_ms=2949 build=Aug  5 2026-11:39
1785932083.231|[I][webradio] audio_info: Request http://stream.slam.nl/WEB15_MP3 failed!
1785932083.234|[W][webradio] connecttohost failed idx=0
1785932083.240|[W][webradio] auto-skip exhausted — no playable station
1785932083.243|[I][spotify.tls] tls yield — resumed
1785932083.245|[D][webradio] ICY:
1785932083.278|[D][chrome] drawVolume pct=100 keyframe=4
1785932083.282|[D][chrome] drawVolume pct=100 keyframe=4
1785932083.308|[W][perf] iter=76ms (worst path so far: wr.connect:7029ms)
1785932106.079|[I][webradio] terminal retry — re-arming scan idx=0
1785932106.086|[I][webradio] play idx=0 name=INJECTED url=http://stream.slam.nl/WEB15_MP3
1785932106.241|[I][spotify.tls] tls yield — client stopped
1785932106.247|[membudget] TASK-267 _play pre-acquire lfbInt=42996 freeInt=53172
1785932106.252|[I][webradio] HEAP pre-connect free=53172 min=43240 maxAlloc=42996
1785932106.261|[membudget] CP1-pre-connect skip=0 freeInt=53172 lfbInt=42996 freeDma=10028 lfbDma=4852
1785932106.265|[W][perf] iter=185ms (worst path so far: wr.connect:7029ms)
1785932106.281|[I][webradio] audio_info: buffers freed, free Heap: 53172 bytes
1785932106.290|[I][webradio] audio_info: Connect to new host: "http://stream.slam.nl/WEB15_MP3"
1785932106.319|[D][chrome] drawVolume pct=100 keyframe=4
1785932106.323|[D][chrome] drawVolume pct=100 keyframe=4
1785932106.349|[W][perf] iter=83ms (worst path so far: wr.connect:7029ms)
1785932109.223|[I][hb] display=winamp wifi=rssi(-49) disc=2 heap=51k maxAlloc=41k stack_hwm=12876b uptime=01:34:34 poll=0/0 last=0 block_max=0ms loop_max=185ms slow=wr.connect:7029ms last_poll_age_ms=0 next_poll_in_ms=5000 last_render_age_ms=2884 build=Aug  5 2026-11:39
1785932113.298|[I][webradio] audio_info: Request http://stream.slam.nl/WEB15_MP3 failed!
1785932113.300|[W][webradio] connecttohost failed idx=0
1785932113.306|[W][webradio] auto-skip exhausted — no playable station
1785932113.308|[I][spotify.tls] tls yield — resumed
1785932113.311|[D][webradio] ICY:
1785932113.344|[D][chrome] drawVolume pct=100 keyframe=4
1785932113.348|[D][chrome] drawVolume pct=100 keyframe=4
1785932113.372|[W][perf] iter=76ms (worst path so far: wr.connect:7030ms)
1785932136.079|[I][webradio] terminal retry — re-arming scan idx=0
1785932136.087|[I][webradio] play idx=0 name=INJECTED url=http://stream.slam.nl/WEB15_MP3
1785932136.305|[I][spotify.tls] tls yield — client stopped
1785932136.311|[membudget] TASK-267 _play pre-acquire lfbInt=42996 freeInt=53172
1785932136.317|[I][webradio] HEAP pre-connect free=53172 min=43240 maxAlloc=42996
1785932136.325|[membudget] CP1-pre-connect skip=0 freeInt=53172 lfbInt=42996 freeDma=10028 lfbDma=4852
1785932136.330|[W][perf] iter=251ms (worst path so far: wr.connect:7030ms)
1785932136.344|[I][webradio] audio_info: buffers freed, free Heap: 53172 bytes
1785932136.353|[I][webradio] audio_info: Connect to new host: "http://stream.slam.nl/WEB15_MP3"
1785932136.382|[D][chrome] drawVolume pct=100 keyframe=4
1785932136.386|[D][chrome] drawVolume pct=100 keyframe=4
1785932136.413|[W][perf] iter=82ms (worst path so far: wr.connect:7030ms)
1785932139.222|[I][hb] display=winamp wifi=rssi(-51) disc=2 heap=51k maxAlloc=41k stack_hwm=12876b uptime=01:35:04 poll=0/0 last=0 block_max=0ms loop_max=251ms slow=wr.connect:7030ms last_poll_age_ms=0 next_poll_in_ms=5000 last_render_age_ms=2820 build=Aug  5 2026-11:39
1785932143.359|[I][webradio] audio_info: Request http://stream.slam.nl/WEB15_MP3 failed!
1785932143.362|[W][webradio] connecttohost failed idx=0
1785932143.368|[W][webradio] auto-skip exhausted — no playable station
1785932143.371|[D][webradio] ICY:
1785932143.373|[I][spotify.tls] tls yield — resumed
1785932143.405|[D][chrome] drawVolume pct=100 keyframe=4
1785932143.408|[D][chrome] drawVolume pct=100 keyframe=4
1785932143.433|[W][perf] iter=74ms (worst path so far: wr.connect:7030ms)
1785932150.842|{"ok":true,"cmd":"get","var":"wrState","state":5,"last":true}
1785932150.854|{"ok":true,"cmd":"get","var":"wrIdx","idx":0,"last":true}
1785932166.079|[I][webradio] terminal retry — re-arming scan idx=0
1785932166.086|[I][webradio] play idx=0 name=INJECTED url=http://stream.slam.nl/WEB15_MP3
1785932166.371|[I][spotify.tls] tls yield — client stopped
1785932166.377|[membudget] TASK-267 _play pre-acquire lfbInt=42996 freeInt=53172
1785932166.382|[I][webradio] HEAP pre-connect free=53172 min=43240 maxAlloc=42996
1785932166.391|[membudget] CP1-pre-connect skip=0 freeInt=53172 lfbInt=42996 freeDma=10028 lfbDma=4852
1785932166.396|[W][perf] iter=315ms (worst path so far: wr.connect:7030ms)
1785932166.411|[I][webradio] audio_info: buffers freed, free Heap: 53172 bytes
1785932166.420|[I][webradio] audio_info: Connect to new host: "http://stream.slam.nl/WEB15_MP3"
1785932166.450|[D][chrome] drawVolume pct=100 keyframe=4
1785932166.453|[D][chrome] drawVolume pct=100 keyframe=4
1785932166.479|[W][perf] iter=83ms (worst path so far: wr.connect:7030ms)
1785932169.221|[I][hb] display=winamp wifi=rssi(-51) disc=2 heap=51k maxAlloc=41k stack_hwm=12876b uptime=01:35:34 poll=0/0 last=0 block_max=0ms loop_max=315ms slow=wr.connect:7030ms last_poll_age_ms=0 next_poll_in_ms=5000 last_render_age_ms=2753 build=Aug  5 2026-11:39
1785932173.426|[I][webradio] audio_info: Request http://stream.slam.nl/WEB15_MP3 failed!
1785932173.429|[W][webradio] connecttohost failed idx=0
1785932173.434|[W][webradio] auto-skip exhausted — no playable station
1785932173.437|[I][spotify.tls] tls yield — resumed
1785932173.440|[D][webradio] ICY:
1785932173.473|[D][chrome] drawVolume pct=100 keyframe=4
1785932173.476|[D][chrome] drawVolume pct=100 keyframe=4
1785932173.501|[W][perf] iter=76ms (worst path so far: wr.connect:7028ms)
1785932196.079|[I][webradio] terminal retry — re-arming scan idx=0
1785932196.086|[I][webradio] play idx=0 name=INJECTED url=http://stream.slam.nl/WEB15_MP3
1785932196.436|[I][spotify.tls] tls yield — client stopped
1785932196.442|[membudget] TASK-267 _play pre-acquire lfbInt=42996 freeInt=53172
1785932196.447|[I][webradio] HEAP pre-connect free=53172 min=43240 maxAlloc=42996
1785932196.455|[membudget] CP1-pre-connect skip=0 freeInt=53172 lfbInt=42996 freeDma=10028 lfbDma=4852
1785932196.461|[W][perf] iter=380ms (worst path so far: wr.connect:7028ms)
1785932196.476|[I][webradio] audio_info: buffers freed, free Heap: 53172 bytes
1785932196.485|[I][webradio] audio_info: Connect to new host: "http://stream.slam.nl/WEB15_MP3"
1785932196.514|[D][chrome] drawVolume pct=100 keyframe=4
1785932196.518|[D][chrome] drawVolume pct=100 keyframe=4
1785932196.543|[W][perf] iter=83ms (worst path so far: wr.connect:7028ms)
1785932199.221|[I][hb] display=winamp wifi=rssi(-50) disc=2 heap=51k maxAlloc=41k stack_hwm=12876b uptime=01:36:04 poll=0/0 last=0 block_max=0ms loop_max=380ms slow=wr.connect:7028ms last_poll_age_ms=0 next_poll_in_ms=5000 last_render_age_ms=2688 build=Aug  5 2026-11:39
1785932203.491|[I][webradio] audio_info: Request http://stream.slam.nl/WEB15_MP3 failed!
1785932203.494|[W][webradio] connecttohost failed idx=0
1785932203.499|[W][webradio] auto-skip exhausted — no playable station
1785932203.502|[I][spotify.tls] tls yield — resumed
1785932203.504|[D][webradio] ICY:
1785932203.538|[D][chrome] drawVolume pct=100 keyframe=4
1785932203.541|[D][chrome] drawVolume pct=100 keyframe=4
1785932203.566|[W][perf] iter=76ms (worst path so far: wr.connect:7029ms)
1785932226.078|[I][webradio] terminal retry — re-arming scan idx=0
1785932226.085|[I][webradio] play idx=0 name=INJECTED url=http://stream.slam.nl/WEB15_MP3
1785932226.500|[I][spotify.tls] tls yield — client stopped
1785932226.506|[membudget] TASK-267 _play pre-acquire lfbInt=42996 freeInt=53172
1785932226.512|[I][webradio] HEAP pre-connect free=53172 min=43240 maxAlloc=42996
1785932226.520|[membudget] CP1-pre-connect skip=0 freeInt=53172 lfbInt=42996 freeDma=10028 lfbDma=4852
1785932226.525|[W][perf] iter=445ms (worst path so far: wr.connect:7029ms)
1785932226.540|[I][webradio] audio_info: buffers freed, free Heap: 53172 bytes
1785932226.549|[I][webradio] audio_info: Connect to new host: "http://stream.slam.nl/WEB15_MP3"
1785932226.578|[D][chrome] drawVolume pct=100 keyframe=4
1785932226.583|[D][chrome] drawVolume pct=100 keyframe=4
1785932226.607|[W][perf] iter=83ms (worst path so far: wr.connect:7029ms)
1785932229.220|[I][hb] display=winamp wifi=rssi(-50) disc=2 heap=51k maxAlloc=41k stack_hwm=12876b uptime=01:36:34 poll=0/0 last=0 block_max=0ms loop_max=445ms slow=wr.connect:7029ms last_poll_age_ms=0 next_poll_in_ms=5000 last_render_age_ms=2623 build=Aug  5 2026-11:39
1785932233.556|[I][webradio] audio_info: Request http://stream.slam.nl/WEB15_MP3 failed!
1785932233.559|[W][webradio] connecttohost failed idx=0
1785932233.564|[W][webradio] auto-skip exhausted — no playable station
1785932233.567|[I][spotify.tls] tls yield — resumed
1785932233.570|[D][webradio] ICY:
1785932233.600|[D][chrome] drawVolume pct=100 keyframe=4
1785932233.604|[D][chrome] drawVolume pct=100 keyframe=4
1785932233.628|[W][perf] iter=74ms (worst path so far: wr.connect:7029ms)
1785932256.078|[I][webradio] terminal retry — re-arming scan idx=0
1785932256.085|[I][webradio] play idx=0 name=INJECTED url=http://stream.slam.nl/WEB15_MP3
1785932256.566|[I][spotify.tls] tls yield — client stopped
1785932256.571|[membudget] TASK-267 _play pre-acquire lfbInt=42996 freeInt=53172
1785932256.577|[I][webradio] HEAP pre-connect free=53172 min=43240 maxAlloc=42996
1785932256.585|[membudget] CP1-pre-connect skip=0 freeInt=53172 lfbInt=42996 freeDma=10028 lfbDma=4852
1785932256.590|[W][perf] iter=511ms (worst path so far: wr.connect:7029ms)
1785932256.604|[I][webradio] audio_info: buffers freed, free Heap: 53172 bytes
1785932256.613|[I][webradio] audio_info: Connect to new host: "http://stream.slam.nl/WEB15_MP3"
1785932256.643|[D][chrome] drawVolume pct=100 keyframe=4
1785932256.647|[D][chrome] drawVolume pct=100 keyframe=4
1785932256.672|[W][perf] iter=82ms (worst path so far: wr.connect:7029ms)
1785932259.221|[I][hb] display=winamp wifi=rssi(-52) disc=2 heap=51k maxAlloc=41k stack_hwm=12876b uptime=01:37:04 poll=0/0 last=0 block_max=0ms loop_max=511ms slow=wr.connect:7029ms last_poll_age_ms=0 next_poll_in_ms=5000 last_render_age_ms=2558 build=Aug  5 2026-11:39
1785932263.620|[I][webradio] audio_info: Request http://stream.slam.nl/WEB15_MP3 failed!
1785932263.623|[W][webradio] connecttohost failed idx=0
1785932263.629|[W][webradio] auto-skip exhausted — no playable station
1785932263.631|[I][spotify.tls] tls yield — resumed
1785932263.634|[D][webradio] ICY:
1785932263.667|[D][chrome] drawVolume pct=100 keyframe=4
1785932263.670|[D][chrome] drawVolume pct=100 keyframe=4
1785932263.695|[W][perf] iter=76ms (worst path so far: wr.connect:7030ms)
1785932286.077|[I][webradio] terminal retry — re-arming scan idx=0
1785932286.084|[I][webradio] play idx=0 name=INJECTED url=http://stream.slam.nl/WEB15_MP3
1785932286.132|[I][spotify.tls] tls yield — client stopped
1785932286.138|[membudget] TASK-267 _play pre-acquire lfbInt=42996 freeInt=53172
1785932286.143|[I][webradio] HEAP pre-connect free=53172 min=43240 maxAlloc=42996
1785932286.151|[membudget] CP1-pre-connect skip=0 freeInt=53172 lfbInt=42996 freeDma=10028 lfbDma=4852
1785932286.156|[W][perf] iter=78ms (worst path so far: wr.connect:7030ms)
1785932286.170|[I][webradio] audio_info: buffers freed, free Heap: 53172 bytes
1785932286.179|[I][webradio] audio_info: Connect to new host: "http://stream.slam.nl/WEB15_MP3"
1785932286.210|[D][chrome] drawVolume pct=100 keyframe=4
1785932286.214|[D][chrome] drawVolume pct=100 keyframe=4
1785932286.239|[W][perf] iter=82ms (worst path so far: wr.connect:7030ms)
1785932289.219|[I][hb] display=winamp wifi=rssi(-51) disc=2 heap=51k maxAlloc=41k stack_hwm=12876b uptime=01:37:34 poll=0/0 last=0 block_max=0ms loop_max=82ms slow=wr.connect:7030ms last_poll_age_ms=0 next_poll_in_ms=5000 last_render_age_ms=2991 build=Aug  5 2026-11:39:
1785932293.186|[I][webradio] audio_info: Request http://stream.slam.nl/WEB15_MP3 failed!
1785932293.189|[W][webradio] connecttohost failed idx=0
1785932293.194|[W][webradio] auto-skip exhausted — no playable station
1785932293.197|[I][spotify.tls] tls yield — resumed
1785932293.200|[D][webradio] ICY:
1785932293.233|[D][chrome] drawVolume pct=100 keyframe=4
1785932293.236|[D][chrome] drawVolume pct=100 keyframe=4
1785932293.262|[W][perf] iter=76ms (worst path so far: wr.connect:7029ms)
1785932316.077|[I][webradio] terminal retry — re-arming scan idx=0
1785932316.084|[I][webradio] play idx=0 name=INJECTED url=http://stream.slam.nl/WEB15_MP3
1785932316.199|[I][spotify.tls] tls yield — client stopped
1785932316.204|[membudget] TASK-267 _play pre-acquire lfbInt=42996 freeInt=53172
1785932316.209|[I][webradio] HEAP pre-connect free=53172 min=43240 maxAlloc=42996
1785932316.218|[membudget] CP1-pre-connect skip=0 freeInt=53172 lfbInt=42996 freeDma=10028 lfbDma=4852
1785932316.223|[W][perf] iter=145ms (worst path so far: wr.connect:7029ms)
1785932316.237|[I][webradio] audio_info: buffers freed, free Heap: 53172 bytes
1785932316.246|[I][webradio] audio_info: Connect to new host: "http://stream.slam.nl/WEB15_MP3"
1785932316.276|[D][chrome] drawVolume pct=100 keyframe=4
1785932316.279|[D][chrome] drawVolume pct=100 keyframe=4
1785932316.305|[W][perf] iter=82ms (worst path so far: wr.connect:7029ms)
1785932319.219|[I][hb] display=winamp wifi=rssi(-49) disc=2 heap=51k maxAlloc=41k stack_hwm=12876b uptime=01:38:04 poll=0/0 last=0 block_max=0ms loop_max=145ms slow=wr.connect:7029ms last_poll_age_ms=0 next_poll_in_ms=5000 last_render_age_ms=2924 build=Aug  5 2026-11:39
1785932323.253|[I][webradio] audio_info: Request http://stream.slam.nl/WEB15_MP3 failed!
1785932323.255|[W][webradio] connecttohost failed idx=0
1785932323.261|[W][webradio] auto-skip exhausted — no playable station
1785932323.264|[D][webradio] ICY:
1785932323.266|[I][spotify.tls] tls yield — resumed
1785932323.298|[D][chrome] drawVolume pct=100 keyframe=4
1785932323.302|[D][chrome] drawVolume pct=100 keyframe=4
1785932323.327|[W][perf] iter=74ms (worst path so far: wr.connect:7030ms)
1785932346.076|[I][webradio] terminal retry — re-arming scan idx=0
1785932346.084|[I][webradio] play idx=0 name=INJECTED url=http://stream.slam.nl/WEB15_MP3
1785932346.264|[I][spotify.tls] tls yield — client stopped
1785932346.269|[membudget] TASK-267 _play pre-acquire lfbInt=42996 freeInt=53172
1785932346.275|[I][webradio] HEAP pre-connect free=53172 min=43240 maxAlloc=42996
1785932346.283|[membudget] CP1-pre-connect skip=0 freeInt=53172 lfbInt=42996 freeDma=10028 lfbDma=4852
1785932346.289|[W][perf] iter=211ms (worst path so far: wr.connect:7030ms)
1785932346.304|[I][webradio] audio_info: buffers freed, free Heap: 53172 bytes
1785932346.313|[I][webradio] audio_info: Connect to new host: "http://stream.slam.nl/WEB15_MP3"
1785932346.343|[D][chrome] drawVolume pct=100 keyframe=4
1785932346.346|[D][chrome] drawVolume pct=100 keyframe=4
1785932346.372|[W][perf] iter=83ms (worst path so far: wr.connect:7030ms)
1785932349.219|[I][hb] display=winamp wifi=rssi(-52) disc=2 heap=51k maxAlloc=41k stack_hwm=12876b uptime=01:38:34 poll=0/0 last=0 block_max=0ms loop_max=211ms slow=wr.connect:7030ms last_poll_age_ms=0 next_poll_in_ms=5000 last_render_age_ms=2857 build=Aug  5 2026-11:39
1785932353.319|[I][webradio] audio_info: Request http://stream.slam.nl/WEB15_MP3 failed!
1785932353.322|[W][webradio] connecttohost failed idx=0
1785932353.327|[W][webradio] auto-skip exhausted — no playable station
1785932353.330|[I][spotify.tls] tls yield — resumed
1785932353.333|[D][webradio] ICY:
1785932353.366|[D][chrome] drawVolume pct=100 keyframe=4
1785932353.370|[D][chrome] drawVolume pct=100 keyframe=4
1785932353.395|[W][perf] iter=76ms (worst path so far: wr.connect:7029ms)
1785932376.076|[I][webradio] terminal retry — re-arming scan idx=0
1785932376.083|[I][webradio] play idx=0 name=INJECTED url=http://stream.slam.nl/WEB15_MP3
1785932376.329|[I][spotify.tls] tls yield — client stopped
1785932376.334|[membudget] TASK-267 _play pre-acquire lfbInt=42996 freeInt=53172
1785932376.340|[I][webradio] HEAP pre-connect free=53172 min=43240 maxAlloc=42996
1785932376.348|[membudget] CP1-pre-connect skip=0 freeInt=53172 lfbInt=42996 freeDma=10028 lfbDma=4852
1785932376.353|[W][perf] iter=276ms (worst path so far: wr.connect:7029ms)
1785932376.369|[I][webradio] audio_info: buffers freed, free Heap: 53172 bytes
1785932376.377|[I][webradio] audio_info: Connect to new host: "http://stream.slam.nl/WEB15_MP3"
1785932376.408|[D][chrome] drawVolume pct=100 keyframe=4
1785932376.411|[D][chrome] drawVolume pct=100 keyframe=4
1785932376.437|[W][perf] iter=83ms (worst path so far: wr.connect:7029ms)
1785932379.219|[I][hb] display=winamp wifi=rssi(-50) disc=2 heap=51k maxAlloc=41k stack_hwm=12876b uptime=01:39:04 poll=0/0 last=0 block_max=0ms loop_max=276ms slow=wr.connect:7029ms last_poll_age_ms=0 next_poll_in_ms=5000 last_render_age_ms=2791 build=Aug  5 2026-11:39
1785932383.384|[I][webradio] audio_info: Request http://stream.slam.nl/WEB15_MP3 failed!
1785932383.387|[W][webradio] connecttohost failed idx=0
1785932383.392|[W][webradio] auto-skip exhausted — no playable station
1785932383.395|[I][spotify.tls] tls yield — resumed
1785932383.398|[D][webradio] ICY:
1785932383.431|[D][chrome] drawVolume pct=100 keyframe=4
1785932383.434|[D][chrome] drawVolume pct=100 keyframe=4
1785932383.460|[W][perf] iter=76ms (worst path so far: wr.connect:7028ms)
1785932406.076|[I][webradio] terminal retry — re-arming scan idx=0
1785932406.083|[I][webradio] play idx=0 name=INJECTED url=http://stream.slam.nl/WEB15_MP3
1785932406.393|[I][spotify.tls] tls yield — client stopped
1785932406.399|[membudget] TASK-267 _play pre-acquire lfbInt=42996 freeInt=53172
1785932406.405|[I][webradio] HEAP pre-connect free=53172 min=43240 maxAlloc=42996
1785932406.412|[membudget] CP1-pre-connect skip=0 freeInt=53172 lfbInt=42996 freeDma=10028 lfbDma=4852
1785932406.418|[W][perf] iter=341ms (worst path so far: wr.connect:7028ms)
1785932406.433|[I][webradio] audio_info: buffers freed, free Heap: 53172 bytes
1785932406.442|[I][webradio] audio_info: Connect to new host: "http://stream.slam.nl/WEB15_MP3"
1785932406.472|[D][chrome] drawVolume pct=100 keyframe=4
1785932406.476|[D][chrome] drawVolume pct=100 keyframe=4
1785932406.501|[W][perf] iter=83ms (worst path so far: wr.connect:7028ms)
1785932409.219|[I][hb] display=winamp wifi=rssi(-51) disc=2 heap=51k maxAlloc=41k stack_hwm=12876b uptime=01:39:34 poll=0/0 last=0 block_max=0ms loop_max=341ms slow=wr.connect:7028ms last_poll_age_ms=0 next_poll_in_ms=5000 last_render_age_ms=2727 build=Aug  5 2026-11:39
1785932413.448|[I][webradio] audio_info: Request http://stream.slam.nl/WEB15_MP3 failed!
1785932413.451|[W][webradio] connecttohost failed idx=0
1785932413.457|[W][webradio] auto-skip exhausted — no playable station
1785932413.460|[I][spotify.tls] tls yield — resumed
1785932413.462|[D][webradio] ICY:
1785932413.494|[D][chrome] drawVolume pct=100 keyframe=4
1785932413.497|[D][chrome] drawVolume pct=100 keyframe=4
1785932413.522|[W][perf] iter=74ms (worst path so far: wr.connect:7028ms)
1785932436.076|[I][webradio] terminal retry — re-arming scan idx=0
1785932436.082|[I][webradio] play idx=0 name=INJECTED url=http://stream.slam.nl/WEB15_MP3
1785932436.459|[I][spotify.tls] tls yield — client stopped
1785932436.465|[membudget] TASK-267 _play pre-acquire lfbInt=42996 freeInt=53172
1785932436.470|[I][webradio] HEAP pre-connect free=53172 min=43240 maxAlloc=42996
1785932436.478|[membudget] CP1-pre-connect skip=0 freeInt=53172 lfbInt=42996 freeDma=10028 lfbDma=4852
1785932436.483|[W][perf] iter=407ms (worst path so far: wr.connect:7028ms)
1785932436.497|[I][webradio] audio_info: buffers freed, free Heap: 53172 bytes
1785932436.506|[I][webradio] audio_info: Connect to new host: "http://stream.slam.nl/WEB15_MP3"
1785932436.536|[D][chrome] drawVolume pct=100 keyframe=4
1785932436.540|[D][chrome] drawVolume pct=100 keyframe=4
1785932436.565|[W][perf] iter=82ms (worst path so far: wr.connect:7028ms)
1785932439.217|[I][hb] display=winamp wifi=rssi(-51) disc=2 heap=51k maxAlloc=41k stack_hwm=12876b uptime=01:40:04 poll=0/0 last=0 block_max=0ms loop_max=407ms slow=wr.connect:7028ms last_poll_age_ms=0 next_poll_in_ms=5000 last_render_age_ms=2662 build=Aug  5 2026-11:39
1785932443.514|[I][webradio] audio_info: Request http://stream.slam.nl/WEB15_MP3 failed!
1785932443.516|[W][webradio] connecttohost failed idx=0
1785932443.522|[W][webradio] auto-skip exhausted — no playable station
1785932443.524|[D][webradio] ICY:
1785932443.528|[I][spotify.tls] tls yield — resumed
1785932443.558|[D][chrome] drawVolume pct=100 keyframe=4
1785932443.562|[D][chrome] drawVolume pct=100 keyframe=4
1785932443.586|[W][perf] iter=74ms (worst path so far: wr.connect:7030ms)
1785932450.948|{"ok":true,"cmd":"get","var":"wrState","state":5,"last":true}
1785932450.959|{"ok":true,"cmd":"get","var":"wrIdx","idx":0,"last":true}
1785932466.075|[I][webradio] terminal retry — re-arming scan idx=0
1785932466.082|[I][webradio] play idx=0 name=INJECTED url=http://stream.slam.nl/WEB15_MP3
1785932466.527|[I][spotify.tls] tls yield — client stopped
1785932466.532|[membudget] TASK-267 _play pre-acquire lfbInt=42996 freeInt=53172
1785932466.538|[I][webradio] HEAP pre-connect free=53172 min=43240 maxAlloc=42996
1785932466.546|[membudget] CP1-pre-connect skip=0 freeInt=53172 lfbInt=42996 freeDma=10028 lfbDma=4852
1785932466.551|[W][perf] iter=475ms (worst path so far: wr.connect:7030ms)
1785932466.566|[I][webradio] audio_info: buffers freed, free Heap: 53172 bytes
1785932466.575|[I][webradio] audio_info: Connect to new host: "http://stream.slam.nl/WEB15_MP3"
1785932466.605|[D][chrome] drawVolume pct=100 keyframe=4
1785932466.609|[D][chrome] drawVolume pct=100 keyframe=4
1785932466.635|[W][perf] iter=83ms (worst path so far: wr.connect:7030ms)
1785932469.217|[I][hb] display=winamp wifi=rssi(-49) disc=2 heap=51k maxAlloc=41k stack_hwm=12876b uptime=01:40:34 poll=0/0 last=0 block_max=0ms loop_max=475ms slow=wr.connect:7030ms last_poll_age_ms=0 next_poll_in_ms=5000 last_render_age_ms=2592 build=Aug  5 2026-11:39
1785932473.581|[I][webradio] audio_info: Request http://stream.slam.nl/WEB15_MP3 failed!
1785932473.584|[W][webradio] connecttohost failed idx=0
1785932473.590|[W][webradio] auto-skip exhausted — no playable station
1785932473.593|[I][spotify.tls] tls yield — resumed
1785932473.595|[D][webradio] ICY:
1785932473.628|[D][chrome] drawVolume pct=100 keyframe=4
1785932473.632|[D][chrome] drawVolume pct=100 keyframe=4
1785932473.657|[W][perf] iter=76ms (worst path so far: wr.connect:7029ms)
1785932496.074|[I][webradio] terminal retry — re-arming scan idx=0
1785932496.081|[I][webradio] play idx=0 name=INJECTED url=http://stream.slam.nl/WEB15_MP3
1785932496.091|[I][spotify.tls] tls yield — client stopped
1785932496.096|[membudget] TASK-267 _play pre-acquire lfbInt=42996 freeInt=53172
1785932496.102|[I][webradio] HEAP pre-connect free=53172 min=43240 maxAlloc=42996
1785932496.111|[membudget] CP1-pre-connect skip=0 freeInt=53172 lfbInt=42996 freeDma=10028 lfbDma=4852
1785932496.131|[I][webradio] audio_info: buffers freed, free Heap: 53172 bytes
1785932496.140|[I][webradio] audio_info: Connect to new host: "http://stream.slam.nl/WEB15_MP3"
1785932496.169|[D][chrome] drawVolume pct=100 keyframe=4
1785932496.173|[D][chrome] drawVolume pct=100 keyframe=4
1785932496.198|[W][perf] iter=83ms (worst path so far: wr.connect:7029ms)
1785932499.217|[I][hb] display=winamp wifi=rssi(-51) disc=2 heap=51k maxAlloc=41k stack_hwm=12876b uptime=01:41:04 poll=0/0 last=0 block_max=0ms loop_max=83ms slow=wr.connect:7029ms last_poll_age_ms=0 next_poll_in_ms=5000 last_render_age_ms=3028 build=Aug  5 2026-11:39:
1785932503.146|[I][webradio] audio_info: Request http://stream.slam.nl/WEB15_MP3 failed!
1785932503.149|[W][webradio] connecttohost failed idx=0
1785932503.154|[W][webradio] auto-skip exhausted — no playable station
1785932503.158|[I][spotify.tls] tls yield — resumed
1785932503.160|[D][webradio] ICY:
1785932503.191|[D][chrome] drawVolume pct=100 keyframe=4
1785932503.195|[D][chrome] drawVolume pct=100 keyframe=4
1785932503.220|[W][perf] iter=74ms (worst path so far: wr.connect:7028ms)
1785932510.976|[wifi-ev] t=6076240 ev=5 STA_DISCONNECTED reason=16
1785932511.087|[wifi-ev] t=6076352 ev=4 STA_CONNECTED
1785932511.628|[wifi-ev] t=6076891 ev=7 STA_GOT_IP ip=192.168.1.181
1785932526.074|[I][webradio] terminal retry — re-arming scan idx=0
1785932526.081|[I][webradio] play idx=0 name=INJECTED url=http://stream.slam.nl/WEB15_MP3
1785932526.156|[I][spotify.tls] tls yield — client stopped
1785932526.162|[membudget] TASK-267 _play pre-acquire lfbInt=42996 freeInt=55724
1785932526.168|[I][webradio] HEAP pre-connect free=55724 min=43240 maxAlloc=42996
1785932526.176|[membudget] CP1-pre-connect skip=0 freeInt=55724 lfbInt=42996 freeDma=12580 lfbDma=11252
1785932526.181|[W][perf] iter=106ms (worst path so far: wr.connect:7028ms)
1785932526.195|[I][webradio] audio_info: buffers freed, free Heap: 55724 bytes
1785932526.203|[I][webradio] audio_info: Connect to new host: "http://stream.slam.nl/WEB15_MP3"
1785932526.235|[D][chrome] drawVolume pct=100 keyframe=4
1785932526.238|[D][chrome] drawVolume pct=100 keyframe=4
1785932526.263|[W][perf] iter=82ms (worst path so far: wr.connect:7028ms)
1785932526.317|[I][webradio] audio_info: Connection has been established in 108 ms, free Heap: 54780 bytes
1785932526.322|[I][webradio] HEAP play free=53392 min=43240
1785932526.345|[I][webradio] audio_info: chunked data transfer
1785932526.354|[I][webradio] audio_info: redirect to new host "http://22333.live.streamtheworld.com/WEB15_MP3_SC"
1785932526.367|[I][webradio] audio_info: buffers freed, free Heap: 55184 bytes
1785932526.379|[I][webradio] audio_info: Connect to new host: "http://22333.live.streamtheworld.com/WEB15_MP3_SC"
1785932526.382|[D][chrome] drawVolume pct=100 keyframe=4
1785932526.386|[D][chrome] drawVolume pct=100 keyframe=4
1785932526.415|[W][perf] iter=96ms (worst path so far: wr.connect:7028ms)
1785932526.435|[I][webradio] audio_info: Connection has been established in 51 ms, free Heap: 54356 bytes
1785932526.920|[I][webradio] audio_info: icy-name: SLAM! 00's
1785932526.939|[mbdbg] helix alloc: DecInfo=0x3fff9168(2000) FHdr=0x3fff9938(44) SI=0x3fff9964(40) SFJS=0x3fff998c(36) Huff=0x3fff99b0(4624) Deq=0x3fffabc0(792) IMDCT=0x3fffaed8(6944) Sub=0x3fffc9f8(8708) FInfo=0x3fffebfc(28)
1785932526.944|[I][webradio] audio_info: MP3Decoder has been initialized, free Heap: 46048 bytes
1785932526.952|[membudget] CP2-decoder-init freeInt=46048 lfbInt=42996 freeDma=2904 lfbDma=2292 arenaHWM=23216
1785932526.958|[W][perf] iter=53ms (worst path so far: wr.connect:7028ms)
1785932526.964|[I][webradio] audio_info: slow stream, dropouts are possible
1785932526.967|[I][webradio] audio_info: stream ready
1785932526.972|[I][webradio] audio_info: syncword found at pos 0
1785932526.987|[I][webradio] audio_info: Channels: 2
1785932526.990|[I][webradio] audio_info: SampleRate: 44100
1785932526.992|[I][webradio] audio_info: BitsPerSample: 16
1785932526.998|[I][webradio] audio_info: BitRate: 128000
1785932527.960|[I][webradio] audio_info: slow stream, dropouts are possible
1785932528.961|[I][webradio] audio_info: slow stream, dropouts are possible
1785932529.217|[I][hb] display=winamp wifi=rssi(-51) disc=3 heap=45k maxAlloc=41k stack_hwm=12876b uptime=01:41:34 poll=0/0 last=0 block_max=0ms loop_max=106ms slow=wr.connect:7028ms last_poll_age_ms=0 next_poll_in_ms=5000 last_render_age_ms=2815 build=Aug  5 2026-11:39
1785932529.962|[I][webradio] audio_info: slow stream, dropouts are possible
1785932530.963|[I][webradio] audio_info: slow stream, dropouts are possible
1785932531.965|[I][webradio] audio_info: slow stream, dropouts are possible
1785932532.199|[W][webradio] stream dead (isRunning=1 for 0ms, bufStalled for 5000ms) — stop + resume Spotify TLS
1785932532.202|[I][webradio] stall idx=0 — retrying once
1785932532.214|[I][spotify.tls] tls yield — resumed
1785932532.238|[D][chrome] drawVolume pct=100 keyframe=4
1785932532.242|[D][chrome] drawVolume pct=100 keyframe=4
1785932532.267|[W][perf] iter=74ms (worst path so far: app.tick:72ms)
1785932532.274|[I][webradio] play idx=0 name=INJECTED url=http://stream.slam.nl/WEB15_MP3
1785932532.715|[I][spotify.tls] tls yield — client stopped
1785932532.721|[membudget] TASK-267 _play pre-acquire lfbInt=42996 freeInt=46092
1785932532.727|[I][webradio] HEAP pre-connect free=46092 min=43240 maxAlloc=42996
1785932532.735|[membudget] CP1-pre-connect skip=0 freeInt=46092 lfbInt=42996 freeDma=2948 lfbDma=2292
1785932532.739|[W][perf] iter=471ms (worst path so far: app.tick:469ms)
1785932532.760|[I][webradio] audio_info: buffers freed, free Heap: 47756 bytes
1785932532.769|[I][webradio] audio_info: Connect to new host: "http://stream.slam.nl/WEB15_MP3"
1785932532.796|[D][chrome] drawVolume pct=100 keyframe=4
1785932532.800|[D][chrome] drawVolume pct=100 keyframe=4
1785932532.808|[I][webradio] audio_info: Connection has been established in 33 ms, free Heap: 47124 bytes
1785932532.832|[W][perf] iter=93ms (worst path so far: app.tick:469ms)
1785932532.844|[I][webradio] audio_info: chunked data transfer
1785932532.853|[I][webradio] audio_info: redirect to new host "http://22353.live.streamtheworld.com/WEB15_MP3_SC"
1785932532.868|[I][webradio] audio_info: buffers freed, free Heap: 47532 bytes
1785932532.878|[I][webradio] audio_info: Connect to new host: "http://22353.live.streamtheworld.com/WEB15_MP3_SC"
1785932532.901|[D][chrome] drawVolume pct=100 keyframe=4
1785932532.905|[D][chrome] drawVolume pct=100 keyframe=4
1785932532.928|[I][webradio] audio_info: Connection has been established in 45 ms, free Heap: 46844 bytes
1785932532.935|[W][perf] iter=103ms (worst path so far: app.tick:469ms)
1785932537.839|[W][webradio] stream dead (isRunning=1 for 0ms, bufStalled for 5000ms) — stop + resume Spotify TLS
1785932537.844|[W][webradio] auto-skip exhausted — no playable station
1785932537.851|[I][spotify.tls] tls yield — resumed
1785932537.879|[D][chrome] drawVolume pct=100 keyframe=4
1785932537.882|[D][chrome] drawVolume pct=100 keyframe=4
1785932537.908|[W][perf] iter=74ms (worst path so far: app.tick:469ms)
1785932559.217|[I][hb] display=winamp wifi=rssi(-52) disc=3 heap=46k maxAlloc=41k stack_hwm=12876b uptime=01:42:04 poll=0/0 last=0 block_max=0ms loop_max=471ms slow=app.tick:469ms last_poll_age_ms=0 next_poll_in_ms=5000 last_render_age_ms=21319 build=Aug  5 2026-11:39:4
1785932562.271|[I][webradio] terminal retry — re-arming scan idx=0
1785932562.279|[I][webradio] play idx=0 name=INJECTED url=http://stream.slam.nl/WEB15_MP3
1785932562.352|[I][spotify.tls] tls yield — client stopped
1785932562.358|[membudget] TASK-267 _play pre-acquire lfbInt=42996 freeInt=47420
1785932562.363|[I][webradio] HEAP pre-connect free=47420 min=43240 maxAlloc=42996
1785932562.372|[membudget] CP1-pre-connect skip=0 freeInt=47420 lfbInt=42996 freeDma=4276 lfbDma=1716
1785932562.376|[W][perf] iter=105ms (worst path so far: app.tick:103ms)
1785932562.395|[I][webradio] audio_info: buffers freed, free Heap: 55108 bytes
1785932562.403|[I][webradio] audio_info: Connect to new host: "http://stream.slam.nl/WEB15_MP3"
1785932562.437|[I][webradio] audio_info: Connection has been established in 28 ms, free Heap: 54328 bytes
1785932562.442|[D][chrome] drawVolume pct=100 keyframe=4
1785932562.447|[D][chrome] drawVolume pct=100 keyframe=4
1785932562.464|[I][webradio] audio_info: chunked data transfer
1785932562.472|[I][webradio] audio_info: redirect to new host "http://22353.live.streamtheworld.com/WEB15_MP3_SC"
1785932562.486|[I][webradio] audio_info: buffers freed, free Heap: 54732 bytes
1785932562.496|[I][webradio] audio_info: Connect to new host: "http://22353.live.streamtheworld.com/WEB15_MP3_SC"
1785932562.499|[W][perf] iter=118ms (worst path so far: app.tick:115ms)
1785932562.505|[I][webradio] HEAP play free=53864 min=43240
1785932562.527|[I][webradio] audio_info: Connection has been established in 25 ms, free Heap: 53856 bytes
1785932562.561|[D][chrome] drawVolume pct=100 keyframe=4
1785932562.565|[D][chrome] drawVolume pct=100 keyframe=4
1785932562.592|[W][perf] iter=93ms (worst path so far: app.tick:115ms)
1785932563.659|[W][perf] iter=53ms (worst path so far: app.tick:115ms)
1785932563.714|[W][perf] iter=54ms (worst path so far: app.tick:115ms)
1785932563.768|[W][perf] iter=54ms (worst path so far: app.tick:115ms)
1785932563.821|[W][perf] iter=54ms (worst path so far: app.tick:115ms)
1785932563.875|[W][perf] iter=54ms (worst path so far: app.tick:115ms)
1785932563.929|[W][perf] iter=54ms (worst path so far: app.tick:115ms)
1785932563.983|[W][perf] iter=54ms (worst path so far: app.tick:115ms)
1785932564.037|[W][perf] iter=54ms (worst path so far: app.tick:115ms)
1785932564.091|[W][perf] iter=54ms (worst path so far: app.tick:115ms)
1785932564.146|[W][perf] iter=55ms (worst path so far: app.tick:115ms)
1785932564.201|[W][perf] iter=54ms (worst path so far: app.tick:115ms)
1785932564.254|[W][perf] iter=54ms (worst path so far: app.tick:115ms)
1785932564.309|[W][perf] iter=54ms (worst path so far: app.tick:115ms)
1785932564.362|[W][perf] iter=54ms (worst path so far: app.tick:115ms)
1785932564.416|[W][perf] iter=54ms (worst path so far: app.tick:115ms)
1785932564.470|[W][perf] iter=54ms (worst path so far: app.tick:115ms)
1785932564.524|[W][perf] iter=54ms (worst path so far: app.tick:115ms)
1785932564.578|[W][perf] iter=54ms (worst path so far: app.tick:115ms)
1785932564.632|[W][perf] iter=54ms (worst path so far: app.tick:115ms)
1785932564.686|[W][perf] iter=54ms (worst path so far: app.tick:115ms)
1785932564.740|[W][perf] iter=54ms (worst path so far: app.tick:115ms)
1785932564.794|[W][perf] iter=54ms (worst path so far: app.tick:115ms)
1785932564.849|[W][perf] iter=54ms (worst path so far: app.tick:115ms)
1785932564.903|[W][perf] iter=54ms (worst path so far: app.tick:115ms)
1785932564.956|[W][perf] iter=54ms (worst path so far: app.tick:115ms)
1785932565.011|[W][perf] iter=54ms (worst path so far: app.tick:115ms)
1785932565.064|[W][perf] iter=54ms (worst path so far: app.tick:115ms)
1785932565.118|[W][perf] iter=54ms (worst path so far: app.tick:115ms)
1785932565.173|[W][perf] iter=54ms (worst path so far: app.tick:115ms)
1785932565.226|[W][perf] iter=54ms (worst path so far: app.tick:115ms)
1785932565.280|[W][perf] iter=54ms (worst path so far: app.tick:115ms)
1785932565.334|[W][perf] iter=54ms (worst path so far: app.tick:115ms)
1785932565.388|[W][perf] iter=54ms (worst path so far: app.tick:115ms)
1785932565.443|[W][perf] iter=54ms (worst path so far: app.tick:115ms)
1785932565.496|[W][perf] iter=54ms (worst path so far: app.tick:115ms)
1785932565.550|[W][perf] iter=54ms (worst path so far: app.tick:115ms)
1785932565.604|[W][perf] iter=54ms (worst path so far: app.tick:115ms)
1785932565.658|[W][perf] iter=54ms (worst path so far: app.tick:115ms)
1785932565.713|[W][perf] iter=54ms (worst path so far: app.tick:115ms)
1785932565.766|[W][perf] iter=54ms (worst path so far: app.tick:115ms)
1785932565.821|[W][perf] iter=54ms (worst path so far: app.tick:115ms)
1785932565.874|[W][perf] iter=54ms (worst path so far: app.tick:115ms)
1785932565.929|[W][perf] iter=54ms (worst path so far: app.tick:115ms)
1785932565.983|[W][perf] iter=54ms (worst path so far: app.tick:115ms)
1785932566.036|[W][perf] iter=54ms (worst path so far: app.tick:115ms)
1785932566.090|[W][perf] iter=54ms (worst path so far: app.tick:115ms)
1785932567.505|[W][webradio] stream dead (isRunning=0 for 1462ms, bufStalled for 5000ms) — stop + resume Spotify TLS
1785932567.509|[I][webradio] stall idx=0 — retrying once
1785932567.517|[I][spotify.tls] tls yield — resumed
1785932567.544|[D][chrome] drawVolume pct=100 keyframe=4
1785932567.548|[D][chrome] drawVolume pct=100 keyframe=4
1785932567.574|[W][perf] iter=74ms (worst path so far: wr.pump:2501ms)
1785932567.581|[I][webradio] play idx=0 name=INJECTED url=http://stream.slam.nl/WEB15_MP3
1785932568.019|[I][spotify.tls] tls yield — client stopped
1785932568.025|[membudget] TASK-267 _play pre-acquire lfbInt=42996 freeInt=54884
1785932568.031|[I][webradio] HEAP pre-connect free=54884 min=43240 maxAlloc=42996
1785932568.038|[membudget] CP1-pre-connect skip=0 freeInt=54884 lfbInt=42996 freeDma=11740 lfbDma=8180
1785932568.043|[W][perf] iter=467ms (worst path so far: wr.pump:2501ms)
1785932568.058|[I][webradio] audio_info: buffers freed, free Heap: 54884 bytes
1785932568.066|[I][webradio] audio_info: Connect to new host: "http://stream.slam.nl/WEB15_MP3"
1785932568.101|[I][webradio] audio_info: Connection has been established in 29 ms, free Heap: 54104 bytes
1785932568.106|[D][chrome] drawVolume pct=100 keyframe=4
1785932568.110|[D][chrome] drawVolume pct=100 keyframe=4
1785932568.127|[I][webradio] audio_info: chunked data transfer
1785932568.137|[I][webradio] audio_info: redirect to new host "http://25223.live.streamtheworld.com/WEB15_MP3_SC"
1785932568.149|[I][webradio] audio_info: buffers freed, free Heap: 54512 bytes
1785932568.160|[I][webradio] audio_info: Connect to new host: "http://25223.live.streamtheworld.com/WEB15_MP3_SC"
1785932568.165|[W][perf] iter=115ms (worst path so far: wr.pump:2501ms)
1785932568.204|[I][webradio] audio_info: Connection has been established in 39 ms, free Heap: 53816 bytes
1785932568.238|[D][chrome] drawVolume pct=100 keyframe=4
1785932568.242|[D][chrome] drawVolume pct=100 keyframe=4
1785932568.268|[W][perf] iter=104ms (worst path so far: wr.pump:2501ms)
1785932569.270|[I][webradio] audio_info: icy-name: SLAM! 00's
1785932569.289|[mbdbg] helix alloc: DecInfo=0x3fff9168(2000) FHdr=0x3fff9938(44) SI=0x3fff9964(40) SFJS=0x3fff998c(36) Huff=0x3fff99b0(4624) Deq=0x3fffabc0(792) IMDCT=0x3fffaed8(6944) Sub=0x3fffc9f8(8708) FInfo=0x3fffebfc(28)
1785932569.295|[I][webradio] audio_info: MP3Decoder has been initialized, free Heap: 47872 bytes
1785932569.303|[membudget] CP2-decoder-init freeInt=47872 lfbInt=42996 freeDma=4728 lfbDma=2292 arenaHWM=23216
1785932569.309|[W][perf] iter=52ms (worst path so far: wr.pump:2501ms)
1785932569.314|[I][webradio] audio_info: slow stream, dropouts are possible
1785932569.317|[I][webradio] audio_info: stream ready
1785932569.321|[I][webradio] audio_info: syncword found at pos 0
1785932569.334|[I][webradio] audio_info: Channels: 2
1785932569.336|[I][webradio] audio_info: SampleRate: 44100
1785932569.340|[I][webradio] audio_info: BitsPerSample: 16
1785932569.345|[I][webradio] audio_info: BitRate: 128000
1785932570.312|[I][webradio] audio_info: slow stream, dropouts are possible
1785932571.312|[I][webradio] audio_info: slow stream, dropouts are possible
1785932572.313|[I][webradio] audio_info: slow stream, dropouts are possible
1785932573.314|[I][webradio] audio_info: slow stream, dropouts are possible
1785932574.315|[I][webradio] audio_info: slow stream, dropouts are possible
1785932574.463|[W][webradio] stream dead (isRunning=1 for 0ms, bufStalled for 5001ms) — stop + resume Spotify TLS
1785932574.469|[W][webradio] auto-skip exhausted — no playable station
1785932574.479|[I][spotify.tls] tls yield — resumed
1785932574.503|[D][chrome] drawVolume pct=100 keyframe=4
1785932574.506|[D][chrome] drawVolume pct=100 keyframe=4
1785932574.532|[W][perf] iter=74ms (worst path so far: wr.pump:2501ms)
1785932589.217|[I][hb] display=winamp wifi=rssi(-51) disc=3 heap=51k maxAlloc=41k stack_hwm=12876b uptime=01:42:34 poll=0/0 last=0 block_max=0ms loop_max=467ms slow=wr.pump:2501ms last_poll_age_ms=0 next_poll_in_ms=5000 last_render_age_ms=14694 build=Aug  5 2026-11:39:4
1785932597.577|[I][webradio] terminal retry — re-arming scan idx=0
1785932597.585|[I][webradio] play idx=0 name=INJECTED url=http://stream.slam.nl/WEB15_MP3
1785932597.979|[I][spotify.tls] tls yield — client stopped
1785932597.985|[membudget] TASK-267 _play pre-acquire lfbInt=42996 freeInt=52608
1785932597.990|[I][webradio] HEAP pre-connect free=52608 min=43240 maxAlloc=42996
1785932597.999|[membudget] CP1-pre-connect skip=0 freeInt=52608 lfbInt=42996 freeDma=9464 lfbDma=8180
1785932598.003|[W][perf] iter=425ms (worst path so far: app.tick:423ms)
1785932598.024|[I][webradio] audio_info: buffers freed, free Heap: 54288 bytes
1785932598.033|[I][webradio] audio_info: Connect to new host: "http://stream.slam.nl/WEB15_MP3"
1785932598.060|[D][chrome] drawVolume pct=100 keyframe=4
1785932598.063|[D][chrome] drawVolume pct=100 keyframe=4
1785932598.071|[I][webradio] audio_info: Connection has been established in 30 ms, free Heap: 53296 bytes
1785932598.095|[I][webradio] audio_info: chunked data transfer
1785932598.104|[I][webradio] audio_info: redirect to new host "http://22353.live.streamtheworld.com/WEB15_MP3_SC"
1785932598.116|[I][webradio] audio_info: buffers freed, free Heap: 54064 bytes
1785932598.127|[I][webradio] audio_info: Connect to new host: "http://22353.live.streamtheworld.com/WEB15_MP3_SC"
1785932598.130|[W][perf] iter=117ms (worst path so far: app.tick:423ms)
1785932598.135|[I][webradio] HEAP play free=52972 min=43240
1785932598.160|[I][webradio] audio_info: Connection has been established in 28 ms, free Heap: 53164 bytes
1785932598.195|[D][chrome] drawVolume pct=100 keyframe=4
1785932598.199|[D][chrome] drawVolume pct=100 keyframe=4
1785932598.226|[W][perf] iter=95ms (worst path so far: app.tick:423ms)
1785932599.034|[I][webradio] audio_info: icy-name: SLAM! 00's
1785932599.053|[mbdbg] helix alloc: DecInfo=0x3fff9168(2000) FHdr=0x3fff9938(44) SI=0x3fff9964(40) SFJS=0x3fff998c(36) Huff=0x3fff99b0(4624) Deq=0x3fffabc0(792) IMDCT=0x3fffaed8(6944) Sub=0x3fffc9f8(8708) FInfo=0x3fffebfc(28)
1785932599.059|[I][webradio] audio_info: MP3Decoder has been initialized, free Heap: 47364 bytes
1785932599.067|[membudget] CP2-decoder-init freeInt=47664 lfbInt=42996 freeDma=4520 lfbDma=2292 arenaHWM=23216
1785932599.073|[W][perf] iter=54ms (worst path so far: app.tick:423ms)
1785932599.078|[I][webradio] audio_info: slow stream, dropouts are possible
1785932599.081|[I][webradio] audio_info: stream ready
1785932599.086|[I][webradio] audio_info: syncword found at pos 0
1785932599.093|[I][webradio] audio_info: Channels: 2
1785932599.096|[I][webradio] audio_info: SampleRate: 44100
1785932599.098|[I][webradio] audio_info: BitsPerSample: 16
1785932599.104|[I][webradio] audio_info: BitRate: 128000
1785932600.074|[I][webradio] audio_info: slow stream, dropouts are possible
1785932601.075|[I][webradio] audio_info: slow stream, dropouts are possible
1785932602.076|[I][webradio] audio_info: slow stream, dropouts are possible
1785932603.077|[I][webradio] audio_info: slow stream, dropouts are possible
1785932604.078|[I][webradio] audio_info: slow stream, dropouts are possible
1785932604.223|[W][webradio] stream dead (isRunning=1 for 0ms, bufStalled for 5000ms) — stop + resume Spotify TLS
1785932604.228|[I][webradio] stall idx=0 — retrying once
1785932604.238|[I][spotify.tls] tls yield — resumed
1785932604.262|[D][chrome] drawVolume pct=100 keyframe=4
1785932604.267|[D][chrome] drawVolume pct=100 keyframe=4
1785932604.291|[W][perf] iter=75ms (worst path so far: app.tick:423ms)
1785932604.299|[I][webradio] play idx=0 name=INJECTED url=http://stream.slam.nl/WEB15_MP3
1785932604.740|[I][spotify.tls] tls yield — client stopped
1785932604.745|[membudget] TASK-267 _play pre-acquire lfbInt=42996 freeInt=45192
1785932604.751|[I][webradio] HEAP pre-connect free=45192 min=43240 maxAlloc=42996
1785932604.759|[membudget] CP1-pre-connect skip=0 freeInt=45192 lfbInt=42996 freeDma=2048 lfbDma=1268
1785932604.764|[W][perf] iter=471ms (worst path so far: app.tick:468ms)
1785932604.785|[I][webradio] audio_info: buffers freed, free Heap: 46856 bytes
1785932604.793|[I][webradio] audio_info: Connect to new host: "http://stream.slam.nl/WEB15_MP3"
1785932604.820|[D][chrome] drawVolume pct=100 keyframe=4
1785932604.822|[D][chrome] drawVolume pct=100 keyframe=4
1785932604.831|[I][webradio] audio_info: Connection has been established in 30 ms, free Heap: 46076 bytes
1785932604.857|[I][webradio] audio_info: chunked data transfer
1785932604.866|[I][webradio] audio_info: redirect to new host "http://22353.live.streamtheworld.com/WEB15_MP3_SC"
1785932604.883|[W][perf] iter=100ms (worst path so far: app.tick:468ms)[I][webradio] audio_info: buffers freed, free Heap: 46484 bytes
1785932604.890|[I][webradio] audio_info: Connect to new host: "http://22353.live.streamtheworld.com/WEB15_MP3_SC"
1785932604.983|[D][chrome] drawVolume pct=100 keyframe=4
1785932604.987|[D][chrome] drawVolume pct=100 keyframe=4
1785932605.012|[W][perf] iter=119ms (worst path so far: app.tick:468ms)
1785932605.066|[W][perf] iter=54ms (worst path so far: app.tick:468ms)
1785932605.120|[W][perf] iter=54ms (worst path so far: app.tick:468ms)
1785932605.174|[W][perf] iter=54ms (worst path so far: app.tick:468ms)
1785932605.228|[W][perf] iter=54ms (worst path so far: app.tick:468ms)
1785932605.282|[W][perf] iter=54ms (worst path so far: app.tick:468ms)
1785932605.336|[W][perf] iter=54ms (worst path so far: app.tick:468ms)
1785932605.389|[W][perf] iter=54ms (worst path so far: app.tick:468ms)
1785932605.444|[W][perf] iter=54ms (worst path so far: app.tick:468ms)
1785932605.498|[W][perf] iter=54ms (worst path so far: app.tick:468ms)
1785932605.552|[W][perf] iter=54ms (worst path so far: app.tick:468ms)
1785932605.605|[W][perf] iter=54ms (worst path so far: app.tick:468ms)
1785932605.660|[W][perf] iter=54ms (worst path so far: app.tick:468ms)
1785932605.714|[W][perf] iter=54ms (worst path so far: app.tick:468ms)
1785932605.768|[W][perf] iter=54ms (worst path so far: app.tick:468ms)
1785932605.822|[W][perf] iter=54ms (worst path so far: app.tick:468ms)
1785932605.876|[W][perf] iter=54ms (worst path so far: app.tick:468ms)
1785932605.930|[W][perf] iter=54ms (worst path so far: app.tick:468ms)
1785932605.984|[W][perf] iter=54ms (worst path so far: app.tick:468ms)
1785932606.038|[W][perf] iter=54ms (worst path so far: app.tick:468ms)
1785932606.092|[W][perf] iter=54ms (worst path so far: app.tick:468ms)
1785932606.146|[W][perf] iter=54ms (worst path so far: app.tick:468ms)
1785932606.200|[W][perf] iter=54ms (worst path so far: app.tick:468ms)
1785932606.254|[W][perf] iter=54ms (worst path so far: app.tick:468ms)
1785932606.309|[W][perf] iter=54ms (worst path so far: app.tick:468ms)
1785932606.362|[W][perf] iter=54ms (worst path so far: app.tick:468ms)
1785932606.416|[W][perf] iter=54ms (worst path so far: app.tick:468ms)
1785932606.470|[W][perf] iter=54ms (worst path so far: app.tick:468ms)
1785932606.524|[W][perf] iter=54ms (worst path so far: app.tick:468ms)
1785932606.579|[W][perf] iter=55ms (worst path so far: app.tick:468ms)
1785932606.633|[W][perf] iter=54ms (worst path so far: app.tick:468ms)
1785932606.688|[W][perf] iter=54ms (worst path so far: app.tick:468ms)
1785932606.742|[W][perf] iter=54ms (worst path so far: app.tick:468ms)
1785932606.794|[W][perf] iter=54ms (worst path so far: app.tick:468ms)
1785932606.849|[W][perf] iter=54ms (worst path so far: app.tick:468ms)
1785932606.903|[W][perf] iter=54ms (worst path so far: app.tick:468ms)
1785932606.957|[W][perf] iter=54ms (worst path so far: app.tick:468ms)
1785932607.011|[W][perf] iter=54ms (worst path so far: app.tick:468ms)
1785932607.064|[W][perf] iter=54ms (worst path so far: app.tick:468ms)
1785932607.119|[W][perf] iter=54ms (worst path so far: app.tick:468ms)
1785932607.173|[W][perf] iter=54ms (worst path so far: app.tick:468ms)
1785932607.227|[W][perf] iter=54ms (worst path so far: app.tick:468ms)
1785932607.281|[W][perf] iter=54ms (worst path so far: app.tick:468ms)
1785932607.335|[W][perf] iter=54ms (worst path so far: app.tick:468ms)
1785932607.389|[W][perf] iter=54ms (worst path so far: app.tick:468ms)
1785932607.442|[W][perf] iter=54ms (worst path so far: app.tick:468ms)
1785932607.497|[W][perf] iter=54ms (worst path so far: app.tick:468ms)
1785932607.551|[W][perf] iter=54ms (worst path so far: app.tick:468ms)
1785932607.604|[W][perf] iter=54ms (worst path so far: app.tick:468ms)
1785932607.659|[W][perf] iter=54ms (worst path so far: app.tick:468ms)
1785932607.712|[W][perf] iter=54ms (worst path so far: app.tick:468ms)
1785932607.767|[W][perf] iter=54ms (worst path so far: app.tick:468ms)
1785932607.821|[W][perf] iter=54ms (worst path so far: app.tick:468ms)
1785932607.875|[W][perf] iter=54ms (worst path so far: app.tick:468ms)
1785932607.929|[W][perf] iter=54ms (worst path so far: app.tick:468ms)
1785932607.984|[W][perf] iter=54ms (worst path so far: app.tick:468ms)
1785932608.037|[W][perf] iter=54ms (worst path so far: app.tick:468ms)
1785932608.091|[W][perf] iter=54ms (worst path so far: app.tick:468ms)
1785932608.145|[W][perf] iter=54ms (worst path so far: app.tick:468ms)
1785932608.199|[W][perf] iter=54ms (worst path so far: app.tick:468ms)
1785932608.254|[W][perf] iter=54ms (worst path so far: app.tick:468ms)
1785932608.307|[W][perf] iter=54ms (worst path so far: app.tick:468ms)
1785932608.362|[W][perf] iter=54ms (worst path so far: app.tick:468ms)
1785932608.415|[W][perf] iter=54ms (worst path so far: app.tick:468ms)
1785932608.468|[W][perf] iter=54ms (worst path so far: app.tick:468ms)
1785932608.523|[W][perf] iter=54ms (worst path so far: app.tick:468ms)
1785932608.577|[W][perf] iter=54ms (worst path so far: app.tick:468ms)
1785932608.631|[W][perf] iter=54ms (worst path so far: app.tick:468ms)
1785932608.684|[W][perf] iter=54ms (worst path so far: app.tick:468ms)
1785932608.739|[W][perf] iter=54ms (worst path so far: app.tick:468ms)
1785932608.793|[W][perf] iter=54ms (worst path so far: app.tick:468ms)
1785932608.847|[W][perf] iter=54ms (worst path so far: app.tick:468ms)
1785932608.902|[W][perf] iter=54ms (worst path so far: app.tick:468ms)
1785932608.955|[W][perf] iter=54ms (worst path so far: app.tick:468ms)
1785932609.010|[W][perf] iter=54ms (worst path so far: app.tick:468ms)
1785932609.062|[W][perf] iter=54ms (worst path so far: app.tick:468ms)
1785932609.117|[W][perf] iter=54ms (worst path so far: app.tick:468ms)
1785932609.170|[W][perf] iter=54ms (worst path so far: app.tick:468ms)
1785932609.225|[W][perf] iter=54ms (worst path so far: app.tick:468ms)
1785932609.279|[W][perf] iter=54ms (worst path so far: app.tick:468ms)
1785932609.333|[W][perf] iter=54ms (worst path so far: app.tick:468ms)
1785932609.386|[W][perf] iter=54ms (worst path so far: app.tick:468ms)
1785932609.441|[W][perf] iter=54ms (worst path so far: app.tick:468ms)
1785932609.495|[W][perf] iter=54ms (worst path so far: app.tick:468ms)
1785932609.549|[W][perf] iter=54ms (worst path so far: app.tick:468ms)
1785932609.602|[W][perf] iter=54ms (worst path so far: app.tick:468ms)
1785932609.658|[W][perf] iter=54ms (worst path so far: app.tick:468ms)
1785932609.711|[W][perf] iter=54ms (worst path so far: app.tick:468ms)
1785932609.765|[W][perf] iter=54ms (worst path so far: app.tick:468ms)
1785932609.819|[W][perf] iter=54ms (worst path so far: app.tick:468ms)
1785932609.873|[W][perf] iter=54ms (worst path so far: app.tick:468ms)
1785932609.900|[I][webradio] audio_info: Request http://22353.live.streamtheworld.com/WEB15_MP3_SC failed!
1785932609.903|[D][webradio] ICY:
1785932614.827|[W][webradio] stream dead (isRunning=0 for 5000ms, bufStalled for 4945ms) — stop + resume Spotify TLS
1785932614.831|[W][webradio] auto-skip exhausted — no playable station
1785932614.838|[I][spotify.tls] tls yield — resumed
1785932614.865|[D][chrome] drawVolume pct=100 keyframe=4
1785932614.869|[D][chrome] drawVolume pct=100 keyframe=4
1785932614.896|[W][perf] iter=75ms (worst path so far: wr.pump:5044ms)
1785932619.216|[I][hb] display=winamp wifi=rssi(-52) disc=3 heap=45k maxAlloc=41k stack_hwm=12876b uptime=01:43:04 poll=0/0 last=0 block_max=0ms loop_max=471ms slow=wr.pump:5044ms last_poll_age_ms=0 next_poll_in_ms=5000 last_render_age_ms=4331 build=Aug  5 2026-11:39:45
1785932634.295|[I][webradio] terminal retry — re-arming scan idx=0
1785932634.302|[I][webradio] play idx=0 name=INJECTED url=http://stream.slam.nl/WEB15_MP3
1785932634.338|[I][spotify.tls] tls yield — client stopped
1785932634.344|[membudget] TASK-267 _play pre-acquire lfbInt=42996 freeInt=46668
1785932634.350|[I][webradio] HEAP pre-connect free=46668 min=43240 maxAlloc=42996
1785932634.358|[membudget] CP1-pre-connect skip=0 freeInt=46668 lfbInt=42996 freeDma=3524 lfbDma=1780
1785932634.363|[W][perf] iter=67ms (worst path so far: app.tick:65ms)
1785932634.377|[I][webradio] audio_info: buffers freed, free Heap: 46668 bytes
1785932634.386|[I][webradio] audio_info: Connect to new host: "http://stream.slam.nl/WEB15_MP3"
1785932634.416|[D][chrome] drawVolume pct=100 keyframe=4
1785932634.420|[D][chrome] drawVolume pct=100 keyframe=4
1785932634.445|[W][perf] iter=82ms (worst path so far: app.tick:65ms)
1785932639.399|[I][webradio] audio_info: Request http://stream.slam.nl/WEB15_MP3 failed!
1785932639.402|[W][webradio] connecttohost failed idx=0
1785932639.407|[W][webradio] auto-skip exhausted — no playable station
1785932639.410|[I][spotify.tls] tls yield — resumed
1785932639.413|[D][webradio] ICY:
1785932639.445|[D][chrome] drawVolume pct=100 keyframe=4
1785932639.449|[D][chrome] drawVolume pct=100 keyframe=4
1785932639.475|[W][perf] iter=77ms (worst path so far: wr.connect:5035ms)
1785932649.215|[I][hb] display=winamp wifi=rssi(-52) disc=3 heap=45k maxAlloc=41k stack_hwm=12876b uptime=01:43:34 poll=0/0 last=0 block_max=0ms loop_max=82ms slow=wr.connect:5035ms last_poll_age_ms=0 next_poll_in_ms=5000 last_render_age_ms=9751 build=Aug  5 2026-11:39:
1785932664.295|[I][webradio] terminal retry — re-arming scan idx=0
1785932664.302|[I][webradio] play idx=0 name=INJECTED url=http://stream.slam.nl/WEB15_MP3
1785932664.408|[I][spotify.tls] tls yield — client stopped
1785932664.413|[membudget] TASK-267 _play pre-acquire lfbInt=42996 freeInt=47116
1785932664.418|[I][webradio] HEAP pre-connect free=47116 min=43240 maxAlloc=42996
1785932664.427|[membudget] CP1-pre-connect skip=0 freeInt=47116 lfbInt=42996 freeDma=3972 lfbDma=2036
1785932664.432|[W][perf] iter=136ms (worst path so far: app.tick:134ms)
1785932664.446|[I][webradio] audio_info: buffers freed, free Heap: 47116 bytes
1785932664.454|[I][webradio] audio_info: Connect to new host: "http://stream.slam.nl/WEB15_MP3"
1785932664.485|[D][chrome] drawVolume pct=100 keyframe=4
1785932664.489|[D][chrome] drawVolume pct=100 keyframe=4
1785932664.514|[W][perf] iter=82ms (worst path so far: app.tick:134ms)
1785932669.467|[I][webradio] audio_info: Request http://stream.slam.nl/WEB15_MP3 failed!
1785932669.470|[W][webradio] connecttohost failed idx=0
1785932669.476|[W][webradio] auto-skip exhausted — no playable station
1785932669.479|[I][spotify.tls] tls yield — resumed
1785932669.481|[D][webradio] ICY:
1785932669.513|[D][chrome] drawVolume pct=100 keyframe=4
1785932669.517|[D][chrome] drawVolume pct=100 keyframe=4
1785932669.542|[W][perf] iter=76ms (worst path so far: wr.connect:5035ms)
1785932679.216|[I][hb] display=winamp wifi=rssi(-53) disc=3 heap=46k maxAlloc=41k stack_hwm=12876b uptime=01:44:04 poll=0/0 last=0 block_max=0ms loop_max=136ms slow=wr.connect:5035ms last_poll_age_ms=0 next_poll_in_ms=5000 last_render_age_ms=9682 build=Aug  5 2026-11:39
1785932694.295|[I][webradio] terminal retry — re-arming scan idx=0
1785932694.301|[I][webradio] play idx=0 name=INJECTED url=http://stream.slam.nl/WEB15_MP3
1785932694.476|[I][spotify.tls] tls yield — client stopped
1785932694.481|[membudget] TASK-267 _play pre-acquire lfbInt=42996 freeInt=47564
1785932694.487|[I][webradio] HEAP pre-connect free=47564 min=43240 maxAlloc=42996
1785932694.495|[membudget] CP1-pre-connect skip=0 freeInt=47564 lfbInt=42996 freeDma=4420 lfbDma=2036
1785932694.500|[W][perf] iter=205ms (worst path so far: app.tick:203ms)
1785932694.514|[I][webradio] audio_info: buffers freed, free Heap: 47564 bytes
1785932694.523|[I][webradio] audio_info: Connect to new host: "http://stream.slam.nl/WEB15_MP3"
1785932694.554|[D][chrome] drawVolume pct=100 keyframe=4
1785932694.558|[D][chrome] drawVolume pct=100 keyframe=4
1785932694.583|[W][perf] iter=83ms (worst path so far: app.tick:203ms)
1785932699.536|[I][webradio] audio_info: Request http://stream.slam.nl/WEB15_MP3 failed!
1785932699.539|[W][webradio] connecttohost failed idx=0
1785932699.544|[W][webradio] auto-skip exhausted — no playable station
1785932699.547|[I][spotify.tls] tls yield — resumed
1785932699.549|[D][webradio] ICY:
1785932699.583|[D][chrome] drawVolume pct=100 keyframe=4
1785932699.586|[D][chrome] drawVolume pct=100 keyframe=4
1785932699.611|[W][perf] iter=77ms (worst path so far: wr.connect:5035ms)
1785932709.215|[I][hb] display=winamp wifi=rssi(-53) disc=3 heap=46k maxAlloc=41k stack_hwm=12876b uptime=01:44:34 poll=0/0 last=0 block_max=0ms loop_max=205ms slow=wr.connect:5035ms last_poll_age_ms=0 next_poll_in_ms=5000 last_render_age_ms=9613 build=Aug  5 2026-11:39
1785932724.294|[I][webradio] terminal retry — re-arming scan idx=0
1785932724.301|[I][webradio] play idx=0 name=INJECTED url=http://stream.slam.nl/WEB15_MP3
1785932724.544|[I][spotify.tls] tls yield — client stopped
1785932724.550|[membudget] TASK-267 _play pre-acquire lfbInt=42996 freeInt=47788
1785932724.556|[I][webradio] HEAP pre-connect free=47788 min=43240 maxAlloc=42996
1785932724.563|[membudget] CP1-pre-connect skip=0 freeInt=47788 lfbInt=42996 freeDma=4644 lfbDma=2036
1785932724.568|[W][perf] iter=274ms (worst path so far: app.tick:272ms)
1785932724.582|[I][webradio] audio_info: buffers freed, free Heap: 47788 bytes
1785932724.592|[I][webradio] audio_info: Connect to new host: "http://stream.slam.nl/WEB15_MP3"
1785932724.622|[D][chrome] drawVolume pct=100 keyframe=4
1785932724.626|[D][chrome] drawVolume pct=100 keyframe=4
1785932724.651|[W][perf] iter=82ms (worst path so far: app.tick:272ms)
1785932729.604|[I][webradio] audio_info: Request http://stream.slam.nl/WEB15_MP3 failed!
1785932729.607|[W][webradio] connecttohost failed idx=0
1785932729.613|[W][webradio] auto-skip exhausted — no playable station
1785932729.615|[I][spotify.tls] tls yield — resumed
1785932729.618|[D][webradio] ICY:
1785932729.651|[D][chrome] drawVolume pct=100 keyframe=4
1785932729.655|[D][chrome] drawVolume pct=100 keyframe=4
1785932729.680|[W][perf] iter=77ms (worst path so far: wr.connect:5035ms)
1785932739.215|[I][hb] display=winamp wifi=rssi(-52) disc=3 heap=46k maxAlloc=41k stack_hwm=12876b uptime=01:45:04 poll=0/0 last=0 block_max=0ms loop_max=274ms slow=wr.connect:5035ms last_poll_age_ms=0 next_poll_in_ms=5000 last_render_age_ms=9545 build=Aug  5 2026-11:39
1785932751.053|{"ok":true,"cmd":"get","var":"wrState","state":5,"last":true}
1785932751.064|{"ok":true,"cmd":"get","var":"wrIdx","idx":0,"last":true}
1785932754.293|[I][webradio] terminal retry — re-arming scan idx=0
1785932754.301|[I][webradio] play idx=0 name=INJECTED url=http://stream.slam.nl/WEB15_MP3
1785932754.614|[I][spotify.tls] tls yield — client stopped
1785932754.618|[membudget] TASK-267 _play pre-acquire lfbInt=42996 freeInt=48012
1785932754.624|[I][webradio] HEAP pre-connect free=48012 min=43240 maxAlloc=42996
1785932754.632|[membudget] CP1-pre-connect skip=0 freeInt=48012 lfbInt=42996 freeDma=4868 lfbDma=2036
1785932754.637|[W][perf] iter=343ms (worst path so far: app.tick:341ms)
1785932754.651|[I][webradio] audio_info: buffers freed, free Heap: 48012 bytes
1785932754.660|[I][webradio] audio_info: Connect to new host: "http://stream.slam.nl/WEB15_MP3"
1785932754.696|[I][webradio] audio_info: Connection has been established in 30 ms, free Heap: 47236 bytes
1785932754.701|[D][chrome] drawVolume pct=100 keyframe=4
1785932754.705|[D][chrome] drawVolume pct=100 keyframe=4
1785932754.723|[I][webradio] audio_info: chunked data transfer
1785932754.733|[I][webradio] audio_info: redirect to new host "http://25223.live.streamtheworld.com/WEB15_MP3_SC"
1785932754.745|[I][webradio] audio_info: buffers freed, free Heap: 47640 bytes
1785932754.755|[I][webradio] audio_info: Connect to new host: "http://25223.live.streamtheworld.com/WEB15_MP3_SC"
1785932754.758|[W][perf] iter=114ms (worst path so far: app.tick:341ms)
1785932754.764|[I][webradio] HEAP play free=46776 min=43240
1785932754.847|[D][chrome] drawVolume pct=100 keyframe=4
1785932754.851|[D][chrome] drawVolume pct=100 keyframe=4
1785932754.876|[W][perf] iter=118ms (worst path so far: app.tick:341ms)
1785932754.931|[W][perf] iter=56ms (worst path so far: app.tick:341ms)
1785932754.985|[W][perf] iter=54ms (worst path so far: app.tick:341ms)
1785932755.040|[W][perf] iter=54ms (worst path so far: app.tick:341ms)
1785932755.094|[W][perf] iter=54ms (worst path so far: app.tick:341ms)
1785932755.147|[W][perf] iter=54ms (worst path so far: app.tick:341ms)
1785932755.201|[W][perf] iter=54ms (worst path so far: app.tick:341ms)
1785932755.256|[W][perf] iter=54ms (worst path so far: app.tick:341ms)
1785932755.310|[W][perf] iter=54ms (worst path so far: app.tick:341ms)
1785932755.364|[W][perf] iter=54ms (worst path so far: app.tick:341ms)
1785932755.419|[W][perf] iter=54ms (worst path so far: app.tick:341ms)
1785932755.471|[W][perf] iter=54ms (worst path so far: app.tick:341ms)
1785932755.525|[W][perf] iter=54ms (worst path so far: app.tick:341ms)
1785932755.579|[W][perf] iter=54ms (worst path so far: app.tick:341ms)
1785932755.633|[W][perf] iter=54ms (worst path so far: app.tick:341ms)
1785932755.687|[W][perf] iter=54ms (worst path so far: app.tick:341ms)
1785932755.741|[W][perf] iter=54ms (worst path so far: app.tick:341ms)
1785932755.795|[W][perf] iter=54ms (worst path so far: app.tick:341ms)
1785932755.849|[W][perf] iter=54ms (worst path so far: app.tick:341ms)
1785932755.904|[W][perf] iter=54ms (worst path so far: app.tick:341ms)
1785932755.958|[W][perf] iter=54ms (worst path so far: app.tick:341ms)
1785932756.012|[W][perf] iter=54ms (worst path so far: app.tick:341ms)
1785932756.066|[W][perf] iter=54ms (worst path so far: app.tick:341ms)
1785932756.120|[W][perf] iter=54ms (worst path so far: app.tick:341ms)
1785932756.174|[W][perf] iter=54ms (worst path so far: app.tick:341ms)
1785932756.228|[W][perf] iter=54ms (worst path so far: app.tick:341ms)
1785932756.282|[W][perf] iter=54ms (worst path so far: app.tick:341ms)
1785932756.336|[W][perf] iter=54ms (worst path so far: app.tick:341ms)
1785932756.389|[W][perf] iter=54ms (worst path so far: app.tick:341ms)
1785932756.445|[W][perf] iter=55ms (worst path so far: app.tick:341ms)
1785932756.498|[W][perf] iter=54ms (worst path so far: app.tick:341ms)
1785932756.552|[W][perf] iter=54ms (worst path so far: app.tick:341ms)
1785932756.606|[W][perf] iter=54ms (worst path so far: app.tick:341ms)
1785932756.661|[W][perf] iter=54ms (worst path so far: app.tick:341ms)
1785932756.715|[W][perf] iter=54ms (worst path so far: app.tick:341ms)
1785932756.768|[W][perf] iter=54ms (worst path so far: app.tick:341ms)
1785932756.822|[W][perf] iter=54ms (worst path so far: app.tick:341ms)
1785932756.876|[W][perf] iter=54ms (worst path so far: app.tick:341ms)
1785932756.931|[W][perf] iter=54ms (worst path so far: app.tick:341ms)
1785932756.984|[W][perf] iter=54ms (worst path so far: app.tick:341ms)
1785932757.039|[W][perf] iter=54ms (worst path so far: app.tick:341ms)
1785932757.092|[W][perf] iter=54ms (worst path so far: app.tick:341ms)
1785932757.147|[W][perf] iter=54ms (worst path so far: app.tick:341ms)
1785932757.200|[W][perf] iter=54ms (worst path so far: app.tick:341ms)
1785932757.254|[W][perf] iter=54ms (worst path so far: app.tick:341ms)
1785932757.309|[W][perf] iter=54ms (worst path so far: app.tick:341ms)
1785932757.363|[W][perf] iter=54ms (worst path so far: app.tick:341ms)
1785932757.417|[W][perf] iter=54ms (worst path so far: app.tick:341ms)
1785932757.471|[W][perf] iter=54ms (worst path so far: app.tick:341ms)
1785932757.524|[W][perf] iter=54ms (worst path so far: app.tick:341ms)
1785932757.578|[W][perf] iter=54ms (worst path so far: app.tick:341ms)
1785932757.634|[W][perf] iter=55ms (worst path so far: app.tick:341ms)
1785932757.687|[W][perf] iter=54ms (worst path so far: app.tick:341ms)
1785932757.742|[W][perf] iter=54ms (worst path so far: app.tick:341ms)
1785932757.795|[W][perf] iter=54ms (worst path so far: app.tick:341ms)
1785932757.849|[W][perf] iter=54ms (worst path so far: app.tick:341ms)
1785932757.903|[W][perf] iter=54ms (worst path so far: app.tick:341ms)
1785932757.957|[W][perf] iter=54ms (worst path so far: app.tick:341ms)
1785932758.012|[W][perf] iter=54ms (worst path so far: app.tick:341ms)
1785932758.065|[W][perf] iter=54ms (worst path so far: app.tick:341ms)
1785932758.119|[W][perf] iter=54ms (worst path so far: app.tick:341ms)
1785932758.173|[W][perf] iter=54ms (worst path so far: app.tick:341ms)
1785932758.227|[W][perf] iter=54ms (worst path so far: app.tick:341ms)
1785932758.281|[W][perf] iter=54ms (worst path so far: app.tick:341ms)
1785932758.335|[W][perf] iter=54ms (worst path so far: app.tick:341ms)
1785932758.390|[W][perf] iter=54ms (worst path so far: app.tick:341ms)
1785932758.443|[W][perf] iter=54ms (worst path so far: app.tick:341ms)
1785932758.497|[W][perf] iter=54ms (worst path so far: app.tick:341ms)
1785932758.552|[W][perf] iter=54ms (worst path so far: app.tick:341ms)
1785932758.605|[W][perf] iter=54ms (worst path so far: app.tick:341ms)
1785932758.659|[W][perf] iter=54ms (worst path so far: app.tick:341ms)
1785932758.713|[W][perf] iter=54ms (worst path so far: app.tick:341ms)
1785932758.767|[W][perf] iter=54ms (worst path so far: app.tick:341ms)
1785932758.821|[W][perf] iter=54ms (worst path so far: app.tick:341ms)
1785932758.875|[W][perf] iter=54ms (worst path so far: app.tick:341ms)
1785932758.930|[W][perf] iter=54ms (worst path so far: app.tick:341ms)
1785932758.983|[W][perf] iter=54ms (worst path so far: app.tick:341ms)
1785932759.037|[W][perf] iter=54ms (worst path so far: app.tick:341ms)
1785932759.091|[W][perf] iter=54ms (worst path so far: app.tick:341ms)
1785932759.146|[W][perf] iter=54ms (worst path so far: app.tick:341ms)
1785932759.199|[W][perf] iter=54ms (worst path so far: app.tick:341ms)
1785932759.253|[W][perf] iter=54ms (worst path so far: app.tick:341ms)
1785932759.308|[W][perf] iter=54ms (worst path so far: app.tick:341ms)
1785932759.362|[W][perf] iter=54ms (worst path so far: app.tick:341ms)
1785932759.416|[W][perf] iter=54ms (worst path so far: app.tick:341ms)
1785932759.469|[W][perf] iter=54ms (worst path so far: app.tick:341ms)
1785932759.524|[W][perf] iter=54ms (worst path so far: app.tick:341ms)
1785932759.577|[W][perf] iter=54ms (worst path so far: app.tick:341ms)
1785932759.631|[W][perf] iter=54ms (worst path so far: app.tick:341ms)
1785932759.687|[W][perf] iter=54ms (worst path so far: app.tick:341ms)
1785932759.739|[W][perf] iter=54ms (worst path so far: app.tick:341ms)
1785932759.765|[I][webradio] audio_info: Request http://25223.live.streamtheworld.com/WEB15_MP3_SC failed!
1785932759.768|[D][webradio] ICY:
1785932759.777|[W][webradio] stream dead (isRunning=0 for 5006ms, bufStalled for 5006ms) — stop + resume Spotify TLS
1785932759.782|[I][webradio] stall idx=0 — retrying once
1785932759.785|[I][spotify.tls] tls yield — resumed
1785932759.810|[D][chrome] drawVolume pct=100 keyframe=4
1785932759.814|[D][chrome] drawVolume pct=100 keyframe=4
1785932759.838|[W][perf] iter=75ms (worst path so far: wr.pump:5044ms)
1785932759.846|[I][webradio] play idx=0 name=INJECTED url=http://stream.slam.nl/WEB15_MP3
1785932760.285|[I][spotify.tls] tls yield — client stopped
1785932760.290|[membudget] TASK-267 _play pre-acquire lfbInt=42996 freeInt=47788
1785932760.296|[I][webradio] HEAP pre-connect free=47788 min=43240 maxAlloc=42996
1785932760.304|[membudget] CP1-pre-connect skip=0 freeInt=47788 lfbInt=42996 freeDma=4644 lfbDma=2036
1785932760.309|[W][perf] iter=469ms (worst path so far: wr.pump:5044ms)
1785932760.324|[I][webradio] audio_info: buffers freed, free Heap: 47788 bytes
1785932760.332|[I][webradio] audio_info: Connect to new host: "http://stream.slam.nl/WEB15_MP3"
1785932760.367|[I][webradio] audio_info: Connection has been established in 29 ms, free Heap: 47012 bytes
1785932760.372|[D][chrome] drawVolume pct=100 keyframe=4
1785932760.375|[D][chrome] drawVolume pct=100 keyframe=4
1785932760.397|[I][webradio] audio_info: chunked data transfer
1785932760.406|[I][webradio] audio_info: redirect to new host "http://22353.live.streamtheworld.com/WEB15_MP3_SC"
1785932760.418|[I][webradio] audio_info: buffers freed, free Heap: 47408 bytes
1785932760.430|[I][webradio] audio_info: Connect to new host: "http://22353.live.streamtheworld.com/WEB15_MP3_SC"
1785932760.434|[W][perf] iter=115ms (worst path so far: wr.pump:5044ms)
1785932760.520|[D][chrome] drawVolume pct=100 keyframe=4
1785932760.524|[D][chrome] drawVolume pct=100 keyframe=4
1785932760.549|[W][perf] iter=117ms (worst path so far: wr.pump:5044ms)
1785932760.603|[W][perf] iter=54ms (worst path so far: wr.pump:5044ms)
1785932760.657|[W][perf] iter=54ms (worst path so far: wr.pump:5044ms)
1785932760.712|[W][perf] iter=54ms (worst path so far: wr.pump:5044ms)
1785932760.765|[W][perf] iter=54ms (worst path so far: wr.pump:5044ms)
1785932760.819|[W][perf] iter=54ms (worst path so far: wr.pump:5044ms)
1785932760.873|[W][perf] iter=54ms (worst path so far: wr.pump:5044ms)
1785932760.928|[W][perf] iter=54ms (worst path so far: wr.pump:5044ms)
1785932760.981|[W][perf] iter=54ms (worst path so far: wr.pump:5044ms)
1785932761.036|[W][perf] iter=54ms (worst path so far: wr.pump:5044ms)
1785932761.089|[W][perf] iter=54ms (worst path so far: wr.pump:5044ms)
1785932761.144|[W][perf] iter=54ms (worst path so far: wr.pump:5044ms)
1785932761.197|[W][perf] iter=54ms (worst path so far: wr.pump:5044ms)
1785932761.251|[W][perf] iter=54ms (worst path so far: wr.pump:5044ms)
1785932761.305|[W][perf] iter=54ms (worst path so far: wr.pump:5044ms)
1785932761.359|[W][perf] iter=54ms (worst path so far: wr.pump:5044ms)
1785932761.413|[W][perf] iter=54ms (worst path so far: wr.pump:5044ms)
1785932761.468|[W][perf] iter=54ms (worst path so far: wr.pump:5044ms)
1785932761.521|[W][perf] iter=54ms (worst path so far: wr.pump:5044ms)
1785932761.575|[W][perf] iter=54ms (worst path so far: wr.pump:5044ms)
1785932761.629|[W][perf] iter=54ms (worst path so far: wr.pump:5044ms)
1785932761.683|[W][perf] iter=54ms (worst path so far: wr.pump:5044ms)
1785932761.737|[W][perf] iter=54ms (worst path so far: wr.pump:5044ms)
1785932761.791|[W][perf] iter=54ms (worst path so far: wr.pump:5044ms)
1785932761.845|[W][perf] iter=54ms (worst path so far: wr.pump:5044ms)
1785932761.899|[W][perf] iter=54ms (worst path so far: wr.pump:5044ms)
1785932761.953|[W][perf] iter=54ms (worst path so far: wr.pump:5044ms)
1785932762.008|[W][perf] iter=54ms (worst path so far: wr.pump:5044ms)
1785932762.062|[W][perf] iter=54ms (worst path so far: wr.pump:5044ms)
1785932762.116|[W][perf] iter=55ms (worst path so far: wr.pump:5044ms)
1785932762.171|[W][perf] iter=54ms (worst path so far: wr.pump:5044ms)
1785932762.224|[W][perf] iter=54ms (worst path so far: wr.pump:5044ms)
1785932762.279|[W][perf] iter=54ms (worst path so far: wr.pump:5044ms)
1785932762.333|[W][perf] iter=54ms (worst path so far: wr.pump:5044ms)
1785932762.386|[W][perf] iter=54ms (worst path so far: wr.pump:5044ms)
1785932762.441|[W][perf] iter=54ms (worst path so far: wr.pump:5044ms)
1785932762.495|[W][perf] iter=54ms (worst path so far: wr.pump:5044ms)
1785932762.548|[W][perf] iter=54ms (worst path so far: wr.pump:5044ms)
1785932762.602|[W][perf] iter=54ms (worst path so far: wr.pump:5044ms)
1785932762.656|[W][perf] iter=54ms (worst path so far: wr.pump:5044ms)
1785932762.710|[W][perf] iter=54ms (worst path so far: wr.pump:5044ms)
1785932762.764|[W][perf] iter=54ms (worst path so far: wr.pump:5044ms)
1785932762.818|[W][perf] iter=54ms (worst path so far: wr.pump:5044ms)
1785932762.873|[W][perf] iter=54ms (worst path so far: wr.pump:5044ms)
1785932762.926|[W][perf] iter=54ms (worst path so far: wr.pump:5044ms)
1785932762.980|[W][perf] iter=54ms (worst path so far: wr.pump:5044ms)
1785932763.035|[W][perf] iter=54ms (worst path so far: wr.pump:5044ms)
1785932763.088|[W][perf] iter=54ms (worst path so far: wr.pump:5044ms)
1785932763.142|[W][perf] iter=54ms (worst path so far: wr.pump:5044ms)
1785932763.196|[W][perf] iter=54ms (worst path so far: wr.pump:5044ms)
1785932763.250|[W][perf] iter=54ms (worst path so far: wr.pump:5044ms)
1785932763.304|[W][perf] iter=54ms (worst path so far: wr.pump:5044ms)
1785932763.359|[W][perf] iter=54ms (worst path so far: wr.pump:5044ms)
1785932763.412|[W][perf] iter=54ms (worst path so far: wr.pump:5044ms)
1785932763.467|[W][perf] iter=54ms (worst path so far: wr.pump:5044ms)
1785932763.520|[W][perf] iter=54ms (worst path so far: wr.pump:5044ms)
1785932763.574|[W][perf] iter=54ms (worst path so far: wr.pump:5044ms)
1785932763.628|[W][perf] iter=54ms (worst path so far: wr.pump:5044ms)
1785932763.682|[W][perf] iter=54ms (worst path so far: wr.pump:5044ms)
1785932763.736|[W][perf] iter=54ms (worst path so far: wr.pump:5044ms)
1785932763.790|[W][perf] iter=54ms (worst path so far: wr.pump:5044ms)
1785932763.845|[W][perf] iter=54ms (worst path so far: wr.pump:5044ms)
1785932763.898|[W][perf] iter=54ms (worst path so far: wr.pump:5044ms)
1785932763.952|[W][perf] iter=54ms (worst path so far: wr.pump:5044ms)
1785932764.007|[W][perf] iter=54ms (worst path so far: wr.pump:5044ms)
1785932764.060|[W][perf] iter=54ms (worst path so far: wr.pump:5044ms)
1785932764.115|[W][perf] iter=54ms (worst path so far: wr.pump:5044ms)
1785932764.168|[W][perf] iter=54ms (worst path so far: wr.pump:5044ms)
1785932764.222|[W][perf] iter=54ms (worst path so far: wr.pump:5044ms)
1785932764.276|[W][perf] iter=54ms (worst path so far: wr.pump:5044ms)
1785932764.330|[W][perf] iter=54ms (worst path so far: wr.pump:5044ms)
1785932764.384|[W][perf] iter=54ms (worst path so far: wr.pump:5044ms)
1785932764.439|[W][perf] iter=54ms (worst path so far: wr.pump:5044ms)
1785932764.492|[W][perf] iter=54ms (worst path so far: wr.pump:5044ms)
1785932764.547|[W][perf] iter=54ms (worst path so far: wr.pump:5044ms)
1785932764.600|[W][perf] iter=54ms (worst path so far: wr.pump:5044ms)
1785932764.655|[W][perf] iter=54ms (worst path so far: wr.pump:5044ms)
1785932764.709|[W][perf] iter=54ms (worst path so far: wr.pump:5044ms)
1785932764.762|[W][perf] iter=54ms (worst path so far: wr.pump:5044ms)
1785932764.816|[W][perf] iter=54ms (worst path so far: wr.pump:5044ms)
1785932764.870|[W][perf] iter=54ms (worst path so far: wr.pump:5044ms)
1785932764.924|[W][perf] iter=54ms (worst path so far: wr.pump:5044ms)
1785932764.978|[W][perf] iter=54ms (worst path so far: wr.pump:5044ms)
1785932765.032|[W][perf] iter=54ms (worst path so far: wr.pump:5044ms)
1785932765.086|[W][perf] iter=54ms (worst path so far: wr.pump:5044ms)
1785932765.140|[W][perf] iter=54ms (worst path so far: wr.pump:5044ms)
1785932765.194|[W][perf] iter=54ms (worst path so far: wr.pump:5044ms)
1785932765.248|[W][perf] iter=54ms (worst path so far: wr.pump:5044ms)
1785932765.303|[W][perf] iter=54ms (worst path so far: wr.pump:5044ms)
1785932765.357|[W][perf] iter=54ms (worst path so far: wr.pump:5044ms)
1785932765.410|[W][perf] iter=54ms (worst path so far: wr.pump:5044ms)
1785932765.440|[I][webradio] audio_info: Request http://22353.live.streamtheworld.com/WEB15_MP3_SC failed!
1785932765.442|[D][webradio] ICY:
1785932765.450|[W][webradio] stream dead (isRunning=0 for 5005ms, bufStalled for 5005ms) — stop + resume Spotify TLS
1785932765.456|[W][webradio] auto-skip exhausted — no playable station
1785932765.460|[I][spotify.tls] tls yield — resumed
1785932765.483|[D][chrome] drawVolume pct=100 keyframe=4
1785932765.487|[D][chrome] drawVolume pct=100 keyframe=4
1785932765.513|[W][perf] iter=75ms (worst path so far: wr.pump:5044ms)
1785932769.214|[I][hb] display=winamp wifi=rssi(-52) disc=3 heap=46k maxAlloc=41k stack_hwm=12876b uptime=01:45:34 poll=0/0 last=0 block_max=0ms loop_max=469ms slow=wr.pump:5044ms last_poll_age_ms=0 next_poll_in_ms=5000 last_render_age_ms=3712 build=Aug  5 2026-11:39:45
1785932789.841|[I][webradio] terminal retry — re-arming scan idx=0
1785932789.849|[I][webradio] play idx=0 name=INJECTED url=http://stream.slam.nl/WEB15_MP3
1785932789.958|[I][spotify.tls] tls yield — client stopped
1785932789.963|[membudget] TASK-267 _play pre-acquire lfbInt=42996 freeInt=47564
1785932789.969|[I][webradio] HEAP pre-connect free=47564 min=43240 maxAlloc=42996
1785932789.977|[membudget] CP1-pre-connect skip=0 freeInt=47564 lfbInt=42996 freeDma=4420 lfbDma=2036
1785932789.982|[W][perf] iter=139ms (worst path so far: app.tick:137ms)
1785932789.995|[I][webradio] audio_info: buffers freed, free Heap: 47564 bytes
1785932790.005|[I][webradio] audio_info: Connect to new host: "http://stream.slam.nl/WEB15_MP3"
1785932790.035|[D][chrome] drawVolume pct=100 keyframe=4
1785932790.039|[D][chrome] drawVolume pct=100 keyframe=4
1785932790.064|[W][perf] iter=82ms (worst path so far: app.tick:137ms)
1785932795.018|[I][webradio] audio_info: Request http://stream.slam.nl/WEB15_MP3 failed!
1785932795.020|[W][webradio] connecttohost failed idx=0
1785932795.026|[W][webradio] auto-skip exhausted — no playable station
1785932795.028|[I][spotify.tls] tls yield — resumed
1785932795.031|[D][webradio] ICY:
1785932795.064|[D][chrome] drawVolume pct=100 keyframe=4
1785932795.068|[D][chrome] drawVolume pct=100 keyframe=4
1785932795.092|[W][perf] iter=76ms (worst path so far: wr.connect:5035ms)
1785932799.214|[I][hb] display=winamp wifi=rssi(-52) disc=3 heap=46k maxAlloc=41k stack_hwm=12876b uptime=01:46:04 poll=0/0 last=0 block_max=0ms loop_max=139ms slow=wr.connect:5035ms last_poll_age_ms=0 next_poll_in_ms=5000 last_render_age_ms=4130 build=Aug  5 2026-11:39
1785932819.841|[I][webradio] terminal retry — re-arming scan idx=0
1785932819.848|[I][webradio] play idx=0 name=INJECTED url=http://stream.slam.nl/WEB15_MP3
1785932820.025|[I][spotify.tls] tls yield — client stopped
1785932820.032|[membudget] TASK-267 _play pre-acquire lfbInt=42996 freeInt=47564
1785932820.037|[I][webradio] HEAP pre-connect free=47564 min=43240 maxAlloc=42996
1785932820.045|[membudget] CP1-pre-connect skip=0 freeInt=47564 lfbInt=42996 freeDma=4420 lfbDma=2036
1785932820.051|[W][perf] iter=208ms (worst path so far: app.tick:206ms)
1785932820.064|[I][webradio] audio_info: buffers freed, free Heap: 47564 bytes
1785932820.073|[I][webradio] audio_info: Connect to new host: "http://stream.slam.nl/WEB15_MP3"
1785932820.106|[D][chrome] drawVolume pct=100 keyframe=4
1785932820.114|[I][webradio] audio_info: Connection has been established in 33 ms, free Heap: 46776 bytes
1785932820.118|[D][chrome] drawVolume pct=100 keyframe=4
1785932820.143|[I][webradio] audio_info: chunked data transfer
1785932820.151|[I][webradio] audio_info: redirect to new host "http://22333.live.streamtheworld.com/WEB15_MP3_SC"
1785932820.170|[W][perf] iter=90ms (worst path so far: app.tick:206ms)[I][webradio] audio_info: buffers freed, free Heap: 47192 bytes
1785932820.179|[I][webradio] audio_info: Connect to new host: "http://22333.live.streamtheworld.com/WEB15_MP3_SC"
1785932820.183|[I][webradio] HEAP play free=46116 min=43240
1785932820.268|[D][chrome] drawVolume pct=100 keyframe=4
1785932820.271|[D][chrome] drawVolume pct=100 keyframe=4
1785932820.296|[W][perf] iter=118ms (worst path so far: app.tick:206ms)
1785932820.351|[W][perf] iter=54ms (worst path so far: app.tick:206ms)
1785932820.404|[W][perf] iter=54ms (worst path so far: app.tick:206ms)
1785932820.459|[W][perf] iter=54ms (worst path so far: app.tick:206ms)
1785932820.512|[W][perf] iter=54ms (worst path so far: app.tick:206ms)
1785932820.567|[W][perf] iter=54ms (worst path so far: app.tick:206ms)
1785932820.620|[W][perf] iter=54ms (worst path so far: app.tick:206ms)
1785932820.674|[W][perf] iter=54ms (worst path so far: app.tick:206ms)
1785932820.729|[W][perf] iter=54ms (worst path so far: app.tick:206ms)
1785932820.783|[W][perf] iter=54ms (worst path so far: app.tick:206ms)
1785932820.836|[W][perf] iter=54ms (worst path so far: app.tick:206ms)
1785932820.890|[W][perf] iter=54ms (worst path so far: app.tick:206ms)
1785932820.944|[W][perf] iter=54ms (worst path so far: app.tick:206ms)
1785932820.998|[W][perf] iter=54ms (worst path so far: app.tick:206ms)
1785932821.053|[W][perf] iter=54ms (worst path so far: app.tick:206ms)
1785932821.106|[W][perf] iter=54ms (worst path so far: app.tick:206ms)
1785932821.161|[W][perf] iter=54ms (worst path so far: app.tick:206ms)
1785932821.214|[W][perf] iter=54ms (worst path so far: app.tick:206ms)
1785932821.268|[W][perf] iter=54ms (worst path so far: app.tick:206ms)
1785932821.322|[W][perf] iter=54ms (worst path so far: app.tick:206ms)
1785932821.377|[W][perf] iter=54ms (worst path so far: app.tick:206ms)
1785932821.431|[W][perf] iter=54ms (worst path so far: app.tick:206ms)
1785932821.485|[W][perf] iter=54ms (worst path so far: app.tick:206ms)
1785932821.539|[W][perf] iter=54ms (worst path so far: app.tick:206ms)
1785932821.592|[W][perf] iter=54ms (worst path so far: app.tick:206ms)
1785932821.647|[W][perf] iter=54ms (worst path so far: app.tick:206ms)
1785932821.700|[W][perf] iter=54ms (worst path so far: app.tick:206ms)
1785932821.755|[W][perf] iter=54ms (worst path so far: app.tick:206ms)
1785932821.809|[W][perf] iter=54ms (worst path so far: app.tick:206ms)
1785932821.863|[W][perf] iter=55ms (worst path so far: app.tick:206ms)
1785932821.918|[W][perf] iter=54ms (worst path so far: app.tick:206ms)
1785932821.971|[W][perf] iter=54ms (worst path so far: app.tick:206ms)
1785932822.025|[W][perf] iter=54ms (worst path so far: app.tick:206ms)
1785932822.079|[W][perf] iter=54ms (worst path so far: app.tick:206ms)
1785932822.133|[W][perf] iter=54ms (worst path so far: app.tick:206ms)
1785932822.187|[W][perf] iter=54ms (worst path so far: app.tick:206ms)
1785932822.241|[W][perf] iter=54ms (worst path so far: app.tick:206ms)
1785932822.295|[W][perf] iter=54ms (worst path so far: app.tick:206ms)
1785932822.350|[W][perf] iter=54ms (worst path so far: app.tick:206ms)
1785932822.404|[W][perf] iter=54ms (worst path so far: app.tick:206ms)
1785932822.458|[W][perf] iter=54ms (worst path so far: app.tick:206ms)
1785932822.511|[W][perf] iter=54ms (worst path so far: app.tick:206ms)
1785932822.566|[W][perf] iter=54ms (worst path so far: app.tick:206ms)
1785932822.619|[W][perf] iter=54ms (worst path so far: app.tick:206ms)
1785932822.673|[W][perf] iter=54ms (worst path so far: app.tick:206ms)
1785932822.728|[W][perf] iter=54ms (worst path so far: app.tick:206ms)
1785932822.781|[W][perf] iter=54ms (worst path so far: app.tick:206ms)
1785932822.835|[W][perf] iter=54ms (worst path so far: app.tick:206ms)
1785932822.889|[W][perf] iter=54ms (worst path so far: app.tick:206ms)
1785932822.944|[W][perf] iter=54ms (worst path so far: app.tick:206ms)
1785932822.997|[W][perf] iter=54ms (worst path so far: app.tick:206ms)
1785932823.051|[W][perf] iter=54ms (worst path so far: app.tick:206ms)
1785932823.105|[W][perf] iter=54ms (worst path so far: app.tick:206ms)
1785932823.159|[W][perf] iter=54ms (worst path so far: app.tick:206ms)
1785932823.213|[W][perf] iter=54ms (worst path so far: app.tick:206ms)
1785932823.267|[W][perf] iter=54ms (worst path so far: app.tick:206ms)
1785932823.322|[W][perf] iter=54ms (worst path so far: app.tick:206ms)
1785932823.376|[W][perf] iter=54ms (worst path so far: app.tick:206ms)
1785932823.429|[W][perf] iter=54ms (worst path so far: app.tick:206ms)
1785932823.483|[W][perf] iter=54ms (worst path so far: app.tick:206ms)
1785932823.537|[W][perf] iter=54ms (worst path so far: app.tick:206ms)
1785932823.591|[W][perf] iter=54ms (worst path so far: app.tick:206ms)
1785932823.645|[W][perf] iter=54ms (worst path so far: app.tick:206ms)
1785932823.699|[W][perf] iter=54ms (worst path so far: app.tick:206ms)
1785932823.754|[W][perf] iter=54ms (worst path so far: app.tick:206ms)
1785932823.808|[W][perf] iter=54ms (worst path so far: app.tick:206ms)
1785932823.861|[W][perf] iter=54ms (worst path so far: app.tick:206ms)
1785932823.915|[W][perf] iter=54ms (worst path so far: app.tick:206ms)
1785932823.970|[W][perf] iter=54ms (worst path so far: app.tick:206ms)
1785932824.023|[W][perf] iter=54ms (worst path so far: app.tick:206ms)
1785932824.077|[W][perf] iter=54ms (worst path so far: app.tick:206ms)
1785932824.132|[W][perf] iter=54ms (worst path so far: app.tick:206ms)
1785932824.186|[W][perf] iter=54ms (worst path so far: app.tick:206ms)
1785932824.240|[W][perf] iter=54ms (worst path so far: app.tick:206ms)
1785932824.294|[W][perf] iter=54ms (worst path so far: app.tick:206ms)
1785932824.347|[W][perf] iter=54ms (worst path so far: app.tick:206ms)
1785932824.402|[W][perf] iter=54ms (worst path so far: app.tick:206ms)
1785932824.455|[W][perf] iter=54ms (worst path so far: app.tick:206ms)
1785932824.510|[W][perf] iter=54ms (worst path so far: app.tick:206ms)
1785932824.563|[W][perf] iter=54ms (worst path so far: app.tick:206ms)
1785932824.617|[W][perf] iter=54ms (worst path so far: app.tick:206ms)
1785932824.671|[W][perf] iter=54ms (worst path so far: app.tick:206ms)
1785932824.726|[W][perf] iter=54ms (worst path so far: app.tick:206ms)
1785932824.780|[W][perf] iter=54ms (worst path so far: app.tick:206ms)
1785932824.834|[W][perf] iter=54ms (worst path so far: app.tick:206ms)
1785932824.887|[W][perf] iter=54ms (worst path so far: app.tick:206ms)
1785932824.941|[W][perf] iter=54ms (worst path so far: app.tick:206ms)
1785932824.996|[W][perf] iter=54ms (worst path so far: app.tick:206ms)
1785932825.049|[W][perf] iter=54ms (worst path so far: app.tick:206ms)
1785932825.103|[W][perf] iter=54ms (worst path so far: app.tick:206ms)
1785932825.157|[W][perf] iter=54ms (worst path so far: app.tick:206ms)
1785932825.186|[I][webradio] audio_info: Request http://22333.live.streamtheworld.com/WEB15_MP3_SC failed!
1785932825.188|[D][webradio] ICY:
1785932825.197|[W][webradio] stream dead (isRunning=0 for 5006ms, bufStalled for 5006ms) — stop + resume Spotify TLS
1785932825.202|[I][webradio] stall idx=0 — retrying once
1785932825.205|[I][spotify.tls] tls yield — resumed
1785932825.230|[D][chrome] drawVolume pct=100 keyframe=4
1785932825.234|[D][chrome] drawVolume pct=100 keyframe=4
1785932825.258|[W][perf] iter=74ms (worst path so far: wr.pump:5044ms)
1785932825.266|[I][webradio] play idx=0 name=INJECTED url=http://stream.slam.nl/WEB15_MP3
1785932825.702|[I][spotify.tls] tls yield — client stopped
1785932825.708|[membudget] TASK-267 _play pre-acquire lfbInt=42996 freeInt=47340
1785932825.713|[I][webradio] HEAP pre-connect free=47340 min=43240 maxAlloc=42996
1785932825.721|[membudget] CP1-pre-connect skip=0 freeInt=47340 lfbInt=42996 freeDma=4196 lfbDma=2036
1785932825.726|[W][perf] iter=466ms (worst path so far: wr.pump:5044ms)
1785932825.741|[I][webradio] audio_info: buffers freed, free Heap: 47340 bytes
1785932825.750|[I][webradio] audio_info: Connect to new host: "http://stream.slam.nl/WEB15_MP3"
1785932825.782|[D][chrome] drawVolume pct=100 keyframe=4
1785932825.790|[I][webradio] audio_info: Connection has been established in 33 ms, free Heap: 46552 bytes
1785932825.794|[D][chrome] drawVolume pct=100 keyframe=4
1785932825.816|[I][webradio] audio_info: chunked data transfer
1785932825.824|[I][webradio] audio_info: redirect to new host "http://22353.live.streamtheworld.com/WEB15_MP3_SC"
1785932825.837|[I][webradio] audio_info: buffers freed, free Heap: 46968 bytes
1785932825.847|[I][webradio] audio_info: Connect to new host: "http://22353.live.streamtheworld.com/WEB15_MP3_SC"
1785932825.852|[W][perf] iter=115ms (worst path so far: wr.pump:5044ms)
1785932825.938|[D][chrome] drawVolume pct=100 keyframe=4
1785932825.942|[D][chrome] drawVolume pct=100 keyframe=4
1785932825.968|[W][perf] iter=116ms (worst path so far: wr.pump:5044ms)
1785932826.022|[W][perf] iter=55ms (worst path so far: wr.pump:5044ms)
1785932826.076|[W][perf] iter=54ms (worst path so far: wr.pump:5044ms)
1785932826.130|[W][perf] iter=54ms (worst path so far: wr.pump:5044ms)
1785932826.184|[W][perf] iter=54ms (worst path so far: wr.pump:5044ms)
1785932826.238|[W][perf] iter=54ms (worst path so far: wr.pump:5044ms)
1785932826.293|[W][perf] iter=54ms (worst path so far: wr.pump:5044ms)
1785932826.347|[W][perf] iter=54ms (worst path so far: wr.pump:5044ms)
1785932826.400|[W][perf] iter=54ms (worst path so far: wr.pump:5044ms)
1785932826.454|[W][perf] iter=54ms (worst path so far: wr.pump:5044ms)
1785932826.508|[W][perf] iter=54ms (worst path so far: wr.pump:5044ms)
1785932826.562|[W][perf] iter=54ms (worst path so far: wr.pump:5044ms)
1785932826.617|[W][perf] iter=54ms (worst path so far: wr.pump:5044ms)
1785932826.670|[W][perf] iter=54ms (worst path so far: wr.pump:5044ms)
1785932826.725|[W][perf] iter=54ms (worst path so far: wr.pump:5044ms)
1785932826.778|[W][perf] iter=54ms (worst path so far: wr.pump:5044ms)
1785932826.832|[W][perf] iter=54ms (worst path so far: wr.pump:5044ms)
1785932826.886|[W][perf] iter=54ms (worst path so far: wr.pump:5044ms)
1785932826.941|[W][perf] iter=54ms (worst path so far: wr.pump:5044ms)
1785932826.994|[W][perf] iter=54ms (worst path so far: wr.pump:5044ms)
1785932827.048|[W][perf] iter=54ms (worst path so far: wr.pump:5044ms)
1785932827.102|[W][perf] iter=54ms (worst path so far: wr.pump:5044ms)
1785932827.157|[W][perf] iter=54ms (worst path so far: wr.pump:5044ms)
1785932827.210|[W][perf] iter=54ms (worst path so far: wr.pump:5044ms)
1785932827.265|[W][perf] iter=54ms (worst path so far: wr.pump:5044ms)
1785932827.319|[W][perf] iter=54ms (worst path so far: wr.pump:5044ms)
1785932827.373|[W][perf] iter=54ms (worst path so far: wr.pump:5044ms)
1785932827.426|[W][perf] iter=54ms (worst path so far: wr.pump:5044ms)
1785932827.480|[W][perf] iter=54ms (worst path so far: wr.pump:5044ms)
1785932827.536|[W][perf] iter=55ms (worst path so far: wr.pump:5044ms)
1785932827.589|[W][perf] iter=54ms (worst path so far: wr.pump:5044ms)
1785932827.644|[W][perf] iter=54ms (worst path so far: wr.pump:5044ms)
1785932827.697|[W][perf] iter=54ms (worst path so far: wr.pump:5044ms)
1785932827.751|[W][perf] iter=54ms (worst path so far: wr.pump:5044ms)
1785932827.805|[W][perf] iter=54ms (worst path so far: wr.pump:5044ms)
1785932827.859|[W][perf] iter=54ms (worst path so far: wr.pump:5044ms)
1785932827.913|[W][perf] iter=54ms (worst path so far: wr.pump:5044ms)
1785932827.967|[W][perf] iter=54ms (worst path so far: wr.pump:5044ms)
1785932828.021|[W][perf] iter=54ms (worst path so far: wr.pump:5044ms)
1785932828.075|[W][perf] iter=54ms (worst path so far: wr.pump:5044ms)
1785932828.130|[W][perf] iter=54ms (worst path so far: wr.pump:5044ms)
1785932828.184|[W][perf] iter=54ms (worst path so far: wr.pump:5044ms)
1785932828.237|[W][perf] iter=54ms (worst path so far: wr.pump:5044ms)
1785932828.292|[W][perf] iter=54ms (worst path so far: wr.pump:5044ms)
1785932828.346|[W][perf] iter=54ms (worst path so far: wr.pump:5044ms)
1785932828.400|[W][perf] iter=54ms (worst path so far: wr.pump:5044ms)
1785932828.454|[W][perf] iter=54ms (worst path so far: wr.pump:5044ms)
1785932828.507|[W][perf] iter=54ms (worst path so far: wr.pump:5044ms)
1785932828.562|[W][perf] iter=54ms (worst path so far: wr.pump:5044ms)
1785932828.615|[W][perf] iter=54ms (worst path so far: wr.pump:5044ms)
1785932828.669|[W][perf] iter=54ms (worst path so far: wr.pump:5044ms)
1785932828.724|[W][perf] iter=54ms (worst path so far: wr.pump:5044ms)
1785932828.778|[W][perf] iter=54ms (worst path so far: wr.pump:5044ms)
1785932828.831|[W][perf] iter=54ms (worst path so far: wr.pump:5044ms)
1785932828.885|[W][perf] iter=54ms (worst path so far: wr.pump:5044ms)
1785932828.939|[W][perf] iter=54ms (worst path so far: wr.pump:5044ms)
1785932828.994|[W][perf] iter=54ms (worst path so far: wr.pump:5044ms)
1785932829.047|[W][perf] iter=54ms (worst path so far: wr.pump:5044ms)
1785932829.101|[W][perf] iter=54ms (worst path so far: wr.pump:5044ms)
1785932829.155|[W][perf] iter=54ms (worst path so far: wr.pump:5044ms)
1785932829.208|[W][perf] iter=54ms (worst path so far: wr.pump:5044ms)
1785932829.231|[I][hb] display=winamp wifi=rssi(-51) disc=3 heap=45k maxAlloc=41k stack_hwm=12876b uptime=01:46:34 poll=0/0 last=0 block_max=0ms loop_max=466ms slow=wr.pump:5044ms last_poll_age_ms=0 next_poll_in_ms=5000 last_render_age_ms=3270 build=Aug  5 2026-11:39:45
1785932829.286|[W][perf] iter=77ms (worst path so far: app.tick:53ms)
1785932829.340|[W][perf] iter=54ms (worst path so far: app.tick:53ms)
1785932829.394|[W][perf] iter=54ms (worst path so far: app.tick:53ms)
1785932829.448|[W][perf] iter=54ms (worst path so far: app.tick:53ms)
1785932829.502|[W][perf] iter=54ms (worst path so far: app.tick:53ms)
1785932829.556|[W][perf] iter=54ms (worst path so far: app.tick:53ms)
1785932829.610|[W][perf] iter=54ms (worst path so far: app.tick:53ms)
1785932829.665|[W][perf] iter=54ms (worst path so far: app.tick:53ms)
1785932829.718|[W][perf] iter=54ms (worst path so far: app.tick:53ms)
1785932829.773|[W][perf] iter=54ms (worst path so far: app.tick:53ms)
1785932829.827|[W][perf] iter=54ms (worst path so far: app.tick:53ms)
1785932829.880|[W][perf] iter=54ms (worst path so far: app.tick:53ms)
1785932829.935|[W][perf] iter=54ms (worst path so far: app.tick:53ms)
1785932829.988|[W][perf] iter=54ms (worst path so far: app.tick:53ms)
1785932830.043|[W][perf] iter=54ms (worst path so far: app.tick:53ms)
1785932830.096|[W][perf] iter=54ms (worst path so far: app.tick:53ms)
1785932830.150|[W][perf] iter=54ms (worst path so far: app.tick:53ms)
1785932830.204|[W][perf] iter=54ms (worst path so far: app.tick:53ms)
1785932830.258|[W][perf] iter=54ms (worst path so far: app.tick:53ms)
1785932830.312|[W][perf] iter=54ms (worst path so far: app.tick:53ms)
1785932830.366|[W][perf] iter=54ms (worst path so far: app.tick:53ms)
1785932830.420|[W][perf] iter=54ms (worst path so far: app.tick:53ms)
1785932830.474|[W][perf] iter=54ms (worst path so far: app.tick:53ms)
1785932830.528|[W][perf] iter=54ms (worst path so far: app.tick:53ms)
1785932830.582|[W][perf] iter=54ms (worst path so far: app.tick:53ms)
1785932830.636|[W][perf] iter=54ms (worst path so far: app.tick:53ms)
1785932830.690|[W][perf] iter=54ms (worst path so far: app.tick:53ms)
1785932830.744|[W][perf] iter=54ms (worst path so far: app.tick:53ms)
1785932830.798|[W][perf] iter=54ms (worst path so far: app.tick:53ms)
1785932830.851|[W][perf] iter=54ms (worst path so far: app.tick:53ms)
1785932830.860|[I][webradio] audio_info: Request http://22353.live.streamtheworld.com/WEB15_MP3_SC failed!
1785932830.867|[W][webradio] stream dead (isRunning=0 for 5003ms, bufStalled for 5003ms) — stop + resume Spotify TLS
1785932830.873|[W][webradio] auto-skip exhausted — no playable station
1785932830.877|[I][spotify.tls] tls yield — resumed
1785932830.901|[D][chrome] drawVolume pct=100 keyframe=4
1785932830.905|[D][chrome] drawVolume pct=100 keyframe=4
1785932830.929|[W][perf] iter=77ms (worst path so far: wr.pump:5045ms)
1785932830.932|[D][webradio] ICY:
1785932855.261|[I][webradio] terminal retry — re-arming scan idx=0
1785932855.269|[I][webradio] play idx=0 name=INJECTED url=http://stream.slam.nl/WEB15_MP3
1785932855.373|[I][spotify.tls] tls yield — client stopped
1785932855.379|[membudget] TASK-267 _play pre-acquire lfbInt=42996 freeInt=47148
1785932855.384|[I][webradio] HEAP pre-connect free=47148 min=43240 maxAlloc=42996
1785932855.393|[membudget] CP1-pre-connect skip=0 freeInt=47148 lfbInt=42996 freeDma=4004 lfbDma=2036
1785932855.397|[W][perf] iter=135ms (worst path so far: wr.pump:5045ms)
1785932855.411|[I][webradio] audio_info: buffers freed, free Heap: 47148 bytes
1785932855.421|[I][webradio] audio_info: Connect to new host: "http://stream.slam.nl/WEB15_MP3"
1785932855.451|[D][chrome] drawVolume pct=100 keyframe=4
1785932855.455|[D][chrome] drawVolume pct=100 keyframe=4
1785932855.480|[W][perf] iter=82ms (worst path so far: wr.pump:5045ms)
1785932855.514|[I][webradio] audio_info: Connection has been established in 88 ms, free Heap: 46328 bytes
1785932855.519|[I][webradio] HEAP play free=44580 min=43240
1785932855.543|[I][webradio] audio_info: chunked data transfer
1785932855.552|[I][webradio] audio_info: redirect to new host "http://22333.live.streamtheworld.com/WEB15_MP3_SC"
1785932855.565|[I][webradio] audio_info: buffers freed, free Heap: 46740 bytes
1785932855.576|[I][webradio] audio_info: Connect to new host: "http://22333.live.streamtheworld.com/WEB15_MP3_SC"
1785932855.579|[D][chrome] drawVolume pct=100 keyframe=4
1785932855.583|[D][chrome] drawVolume pct=100 keyframe=4
1785932855.612|[W][perf] iter=95ms (worst path so far: wr.pump:5045ms)
1785932855.666|[W][perf] iter=54ms (worst path so far: wr.pump:5045ms)
1785932855.720|[W][perf] iter=54ms (worst path so far: wr.pump:5045ms)
1785932855.775|[W][perf] iter=54ms (worst path so far: wr.pump:5045ms)
1785932855.828|[W][perf] iter=54ms (worst path so far: wr.pump:5045ms)
1785932855.882|[W][perf] iter=54ms (worst path so far: wr.pump:5045ms)
1785932855.936|[W][perf] iter=54ms (worst path so far: wr.pump:5045ms)
1785932855.990|[W][perf] iter=54ms (worst path so far: wr.pump:5045ms)
1785932856.045|[W][perf] iter=54ms (worst path so far: wr.pump:5045ms)
1785932856.098|[W][perf] iter=54ms (worst path so far: wr.pump:5045ms)
1785932856.152|[W][perf] iter=54ms (worst path so far: wr.pump:5045ms)
1785932856.206|[W][perf] iter=54ms (worst path so far: wr.pump:5045ms)
1785932856.261|[W][perf] iter=54ms (worst path so far: wr.pump:5045ms)
1785932856.315|[W][perf] iter=54ms (worst path so far: wr.pump:5045ms)
1785932856.368|[W][perf] iter=54ms (worst path so far: wr.pump:5045ms)
1785932856.422|[W][perf] iter=54ms (worst path so far: wr.pump:5045ms)
1785932856.476|[W][perf] iter=54ms (worst path so far: wr.pump:5045ms)
1785932856.530|[W][perf] iter=54ms (worst path so far: wr.pump:5045ms)
1785932856.584|[W][perf] iter=54ms (worst path so far: wr.pump:5045ms)
1785932856.638|[W][perf] iter=54ms (worst path so far: wr.pump:5045ms)
1785932856.692|[W][perf] iter=54ms (worst path so far: wr.pump:5045ms)
1785932856.745|[W][perf] iter=54ms (worst path so far: wr.pump:5045ms)
1785932856.801|[W][perf] iter=54ms (worst path so far: wr.pump:5045ms)
1785932856.854|[W][perf] iter=54ms (worst path so far: wr.pump:5045ms)
1785932856.907|[W][perf] iter=54ms (worst path so far: wr.pump:5045ms)
1785932856.962|[W][perf] iter=54ms (worst path so far: wr.pump:5045ms)
1785932857.016|[W][perf] iter=54ms (worst path so far: wr.pump:5045ms)
1785932857.070|[W][perf] iter=54ms (worst path so far: wr.pump:5045ms)
1785932857.124|[W][perf] iter=54ms (worst path so far: wr.pump:5045ms)
1785932857.179|[W][perf] iter=55ms (worst path so far: wr.pump:5045ms)
1785932857.233|[W][perf] iter=54ms (worst path so far: wr.pump:5045ms)
1785932857.287|[W][perf] iter=54ms (worst path so far: wr.pump:5045ms)
1785932857.341|[W][perf] iter=54ms (worst path so far: wr.pump:5045ms)
1785932857.395|[W][perf] iter=54ms (worst path so far: wr.pump:5045ms)
1785932857.449|[W][perf] iter=54ms (worst path so far: wr.pump:5045ms)
1785932857.503|[W][perf] iter=54ms (worst path so far: wr.pump:5045ms)
1785932857.557|[W][perf] iter=54ms (worst path so far: wr.pump:5045ms)
1785932857.611|[W][perf] iter=54ms (worst path so far: wr.pump:5045ms)
1785932857.665|[W][perf] iter=54ms (worst path so far: wr.pump:5045ms)
1785932857.720|[W][perf] iter=54ms (worst path so far: wr.pump:5045ms)
1785932857.773|[W][perf] iter=54ms (worst path so far: wr.pump:5045ms)
1785932857.827|[W][perf] iter=54ms (worst path so far: wr.pump:5045ms)
1785932857.882|[W][perf] iter=54ms (worst path so far: wr.pump:5045ms)
1785932857.935|[W][perf] iter=54ms (worst path so far: wr.pump:5045ms)
1785932857.989|[W][perf] iter=54ms (worst path so far: wr.pump:5045ms)
1785932858.043|[W][perf] iter=54ms (worst path so far: wr.pump:5045ms)
1785932858.097|[W][perf] iter=54ms (worst path so far: wr.pump:5045ms)
1785932858.152|[W][perf] iter=54ms (worst path so far: wr.pump:5045ms)
1785932858.205|[W][perf] iter=54ms (worst path so far: wr.pump:5045ms)
1785932858.259|[W][perf] iter=54ms (worst path so far: wr.pump:5045ms)
1785932858.313|[W][perf] iter=54ms (worst path so far: wr.pump:5045ms)
1785932858.366|[W][perf] iter=54ms (worst path so far: wr.pump:5045ms)
1785932858.421|[W][perf] iter=54ms (worst path so far: wr.pump:5045ms)
1785932858.475|[W][perf] iter=54ms (worst path so far: wr.pump:5045ms)
1785932858.530|[W][perf] iter=54ms (worst path so far: wr.pump:5045ms)
1785932858.583|[W][perf] iter=54ms (worst path so far: wr.pump:5045ms)
1785932858.637|[W][perf] iter=54ms (worst path so far: wr.pump:5045ms)
1785932858.691|[W][perf] iter=54ms (worst path so far: wr.pump:5045ms)
1785932858.745|[W][perf] iter=54ms (worst path so far: wr.pump:5045ms)
1785932858.799|[W][perf] iter=54ms (worst path so far: wr.pump:5045ms)
1785932858.853|[W][perf] iter=54ms (worst path so far: wr.pump:5045ms)
1785932858.906|[W][perf] iter=54ms (worst path so far: wr.pump:5045ms)
1785932858.961|[W][perf] iter=54ms (worst path so far: wr.pump:5045ms)
1785932859.015|[W][perf] iter=54ms (worst path so far: wr.pump:5045ms)
1785932859.069|[W][perf] iter=54ms (worst path so far: wr.pump:5045ms)
1785932859.123|[W][perf] iter=54ms (worst path so far: wr.pump:5045ms)
1785932859.177|[W][perf] iter=54ms (worst path so far: wr.pump:5045ms)
1785932859.230|[W][perf] iter=54ms (worst path so far: wr.pump:5045ms)
1785932859.253|[I][hb] display=winamp wifi=rssi(-52) disc=3 heap=44k maxAlloc=41k stack_hwm=12876b uptime=01:47:04 poll=0/0 last=0 block_max=0ms loop_max=135ms slow=wr.pump:5045ms last_poll_age_ms=0 next_poll_in_ms=5000 last_render_age_ms=3651 build=Aug  5 2026-11:39:45
1785932859.308|[W][perf] iter=77ms (worst path so far: app.tick:53ms)
1785932859.362|[W][perf] iter=54ms (worst path so far: app.tick:53ms)
1785932859.415|[W][perf] iter=54ms (worst path so far: app.tick:53ms)
1785932859.470|[W][perf] iter=54ms (worst path so far: app.tick:53ms)
1785932859.524|[W][perf] iter=54ms (worst path so far: app.tick:53ms)
1785932859.578|[W][perf] iter=54ms (worst path so far: app.tick:53ms)
1785932859.632|[W][perf] iter=54ms (worst path so far: app.tick:53ms)
1785932859.685|[W][perf] iter=54ms (worst path so far: app.tick:53ms)
1785932859.740|[W][perf] iter=54ms (worst path so far: app.tick:53ms)
1785932859.794|[W][perf] iter=54ms (worst path so far: app.tick:53ms)
1785932859.848|[W][perf] iter=54ms (worst path so far: app.tick:53ms)
1785932859.901|[W][perf] iter=54ms (worst path so far: app.tick:53ms)
1785932859.956|[W][perf] iter=54ms (worst path so far: app.tick:53ms)
1785932860.010|[W][perf] iter=54ms (worst path so far: app.tick:53ms)
1785932860.064|[W][perf] iter=54ms (worst path so far: app.tick:53ms)
1785932860.118|[W][perf] iter=54ms (worst path so far: app.tick:53ms)
1785932860.172|[W][perf] iter=54ms (worst path so far: app.tick:53ms)
1785932860.226|[W][perf] iter=54ms (worst path so far: app.tick:53ms)
1785932860.279|[W][perf] iter=54ms (worst path so far: app.tick:53ms)
1785932860.334|[W][perf] iter=54ms (worst path so far: app.tick:53ms)
1785932860.388|[W][perf] iter=54ms (worst path so far: app.tick:53ms)
1785932860.441|[W][perf] iter=54ms (worst path so far: app.tick:53ms)
1785932860.496|[W][perf] iter=54ms (worst path so far: app.tick:53ms)
1785932860.550|[W][perf] iter=54ms (worst path so far: app.tick:53ms)
1785932860.599|[I][webradio] audio_info: Request http://22333.live.streamtheworld.com/WEB15_MP3_SC failed!
1785932860.610|[W][webradio] stream dead (isRunning=0 for 55ms, bufStalled for 5037ms) — stop + resume Spotify TLS
1785932860.613|[I][webradio] stall idx=0 — retrying once
1785932860.622|[I][spotify.tls] tls yield — resumed
1785932860.642|[D][chrome] drawVolume pct=100 keyframe=4
1785932860.646|[D][chrome] drawVolume pct=100 keyframe=4
1785932860.671|[W][perf] iter=121ms (worst path so far: wr.pump:5058ms)
1785932860.679|[I][webradio] play idx=0 name=INJECTED url=http://stream.slam.nl/WEB15_MP3
1785932861.123|[I][spotify.tls] tls yield — client stopped
1785932861.129|[membudget] TASK-267 _play pre-acquire lfbInt=42996 freeInt=46888
1785932861.134|[I][webradio] HEAP pre-connect free=46888 min=43240 maxAlloc=42996
1785932861.143|[membudget] CP1-pre-connect skip=0 freeInt=46888 lfbInt=42996 freeDma=3744 lfbDma=2036
1785932861.148|[W][perf] iter=475ms (worst path so far: wr.pump:5058ms)
1785932861.163|[I][webradio] audio_info: buffers freed, free Heap: 46888 bytes
1785932861.171|[I][webradio] audio_info: Connect to new host: "http://stream.slam.nl/WEB15_MP3"
1785932861.174|[D][webradio] ICY:
1785932861.212|[I][webradio] audio_info: Connection has been established in 34 ms, free Heap: 45900 bytes
1785932861.218|[D][chrome] drawVolume pct=100 keyframe=4
1785932861.221|[D][chrome] drawVolume pct=100 keyframe=4
1785932861.239|[I][webradio] audio_info: chunked data transfer
1785932861.248|[I][webradio] audio_info: redirect to new host "http://22353.live.streamtheworld.com/WEB15_MP3_SC"
1785932861.261|[I][webradio] audio_info: buffers freed, free Heap: 46516 bytes
1785932861.271|[I][webradio] audio_info: Connect to new host: "http://22353.live.streamtheworld.com/WEB15_MP3_SC"
1785932861.276|[W][perf] iter=123ms (worst path so far: wr.pump:5058ms)
1785932861.362|[D][chrome] drawVolume pct=100 keyframe=4
1785932861.366|[D][chrome] drawVolume pct=100 keyframe=4
1785932861.391|[W][perf] iter=115ms (worst path so far: wr.pump:5058ms)
1785932861.446|[W][perf] iter=55ms (worst path so far: wr.pump:5058ms)
1785932861.500|[W][perf] iter=54ms (worst path so far: wr.pump:5058ms)
1785932861.555|[W][perf] iter=54ms (worst path so far: wr.pump:5058ms)
1785932861.608|[W][perf] iter=54ms (worst path so far: wr.pump:5058ms)
1785932861.662|[W][perf] iter=54ms (worst path so far: wr.pump:5058ms)
1785932861.716|[W][perf] iter=54ms (worst path so far: wr.pump:5058ms)
1785932861.770|[W][perf] iter=54ms (worst path so far: wr.pump:5058ms)
1785932861.824|[W][perf] iter=54ms (worst path so far: wr.pump:5058ms)
1785932861.878|[W][perf] iter=54ms (worst path so far: wr.pump:5058ms)
1785932861.931|[W][perf] iter=54ms (worst path so far: wr.pump:5058ms)
1785932861.986|[W][perf] iter=54ms (worst path so far: wr.pump:5058ms)
1785932862.041|[W][perf] iter=54ms (worst path so far: wr.pump:5058ms)
1785932862.093|[W][perf] iter=54ms (worst path so far: wr.pump:5058ms)
1785932862.147|[W][perf] iter=54ms (worst path so far: wr.pump:5058ms)
1785932862.201|[W][perf] iter=54ms (worst path so far: wr.pump:5058ms)
1785932862.257|[W][perf] iter=54ms (worst path so far: wr.pump:5058ms)
1785932862.310|[W][perf] iter=54ms (worst path so far: wr.pump:5058ms)
1785932862.364|[W][perf] iter=54ms (worst path so far: wr.pump:5058ms)
1785932862.418|[W][perf] iter=54ms (worst path so far: wr.pump:5058ms)
1785932862.471|[W][perf] iter=54ms (worst path so far: wr.pump:5058ms)
1785932862.525|[W][perf] iter=54ms (worst path so far: wr.pump:5058ms)
1785932862.580|[W][perf] iter=54ms (worst path so far: wr.pump:5058ms)
1785932862.634|[W][perf] iter=54ms (worst path so far: wr.pump:5058ms)
1785932862.688|[W][perf] iter=54ms (worst path so far: wr.pump:5058ms)
1785932862.742|[W][perf] iter=54ms (worst path so far: wr.pump:5058ms)
1785932862.796|[W][perf] iter=54ms (worst path so far: wr.pump:5058ms)
1785932862.850|[W][perf] iter=54ms (worst path so far: wr.pump:5058ms)
1785932862.904|[W][perf] iter=54ms (worst path so far: wr.pump:5058ms)
1785932862.960|[W][perf] iter=56ms (worst path so far: wr.pump:5058ms)
1785932863.014|[W][perf] iter=54ms (worst path so far: wr.pump:5058ms)
1785932863.068|[W][perf] iter=54ms (worst path so far: wr.pump:5058ms)
1785932863.121|[W][perf] iter=54ms (worst path so far: wr.pump:5058ms)
1785932863.176|[W][perf] iter=54ms (worst path so far: wr.pump:5058ms)
1785932863.230|[W][perf] iter=54ms (worst path so far: wr.pump:5058ms)
1785932863.284|[W][perf] iter=54ms (worst path so far: wr.pump:5058ms)
1785932863.338|[W][perf] iter=54ms (worst path so far: wr.pump:5058ms)
1785932863.392|[W][perf] iter=54ms (worst path so far: wr.pump:5058ms)
1785932863.446|[W][perf] iter=54ms (worst path so far: wr.pump:5058ms)
1785932863.499|[W][perf] iter=54ms (worst path so far: wr.pump:5058ms)
1785932863.554|[W][perf] iter=54ms (worst path so far: wr.pump:5058ms)
1785932863.608|[W][perf] iter=54ms (worst path so far: wr.pump:5058ms)
1785932863.662|[W][perf] iter=54ms (worst path so far: wr.pump:5058ms)
1785932863.716|[W][perf] iter=54ms (worst path so far: wr.pump:5058ms)
1785932863.770|[W][perf] iter=54ms (worst path so far: wr.pump:5058ms)
1785932863.825|[W][perf] iter=54ms (worst path so far: wr.pump:5058ms)
1785932863.878|[W][perf] iter=54ms (worst path so far: wr.pump:5058ms)
1785932863.931|[W][perf] iter=54ms (worst path so far: wr.pump:5058ms)
1785932863.986|[W][perf] iter=54ms (worst path so far: wr.pump:5058ms)
1785932864.040|[W][perf] iter=54ms (worst path so far: wr.pump:5058ms)
1785932864.094|[W][perf] iter=54ms (worst path so far: wr.pump:5058ms)
1785932864.149|[W][perf] iter=54ms (worst path so far: wr.pump:5058ms)
1785932864.202|[W][perf] iter=54ms (worst path so far: wr.pump:5058ms)
1785932864.256|[W][perf] iter=54ms (worst path so far: wr.pump:5058ms)
1785932864.310|[W][perf] iter=54ms (worst path so far: wr.pump:5058ms)
1785932864.364|[W][perf] iter=54ms (worst path so far: wr.pump:5058ms)
1785932864.418|[W][perf] iter=54ms (worst path so far: wr.pump:5058ms)
1785932864.472|[W][perf] iter=54ms (worst path so far: wr.pump:5058ms)
1785932864.526|[W][perf] iter=54ms (worst path so far: wr.pump:5058ms)
1785932864.580|[W][perf] iter=54ms (worst path so far: wr.pump:5058ms)
1785932864.634|[W][perf] iter=54ms (worst path so far: wr.pump:5058ms)
1785932864.688|[W][perf] iter=54ms (worst path so far: wr.pump:5058ms)
1785932864.742|[W][perf] iter=54ms (worst path so far: wr.pump:5058ms)
1785932864.796|[W][perf] iter=54ms (worst path so far: wr.pump:5058ms)
1785932864.849|[W][perf] iter=54ms (worst path so far: wr.pump:5058ms)
1785932864.904|[W][perf] iter=54ms (worst path so far: wr.pump:5058ms)
1785932864.958|[W][perf] iter=54ms (worst path so far: wr.pump:5058ms)
1785932865.012|[W][perf] iter=54ms (worst path so far: wr.pump:5058ms)
1785932865.066|[W][perf] iter=54ms (worst path so far: wr.pump:5058ms)
1785932865.120|[W][perf] iter=54ms (worst path so far: wr.pump:5058ms)
1785932865.174|[W][perf] iter=54ms (worst path so far: wr.pump:5058ms)
1785932865.228|[W][perf] iter=54ms (worst path so far: wr.pump:5058ms)
1785932865.282|[W][perf] iter=54ms (worst path so far: wr.pump:5058ms)
1785932865.336|[W][perf] iter=54ms (worst path so far: wr.pump:5058ms)
1785932865.390|[W][perf] iter=54ms (worst path so far: wr.pump:5058ms)
1785932865.444|[W][perf] iter=54ms (worst path so far: wr.pump:5058ms)
1785932865.498|[W][perf] iter=54ms (worst path so far: wr.pump:5058ms)
1785932865.552|[W][perf] iter=54ms (worst path so far: wr.pump:5058ms)
1785932865.606|[W][perf] iter=54ms (worst path so far: wr.pump:5058ms)
1785932865.661|[W][perf] iter=54ms (worst path so far: wr.pump:5058ms)
1785932865.713|[W][perf] iter=54ms (worst path so far: wr.pump:5058ms)
1785932865.768|[W][perf] iter=54ms (worst path so far: wr.pump:5058ms)
1785932865.822|[W][perf] iter=54ms (worst path so far: wr.pump:5058ms)
1785932865.876|[W][perf] iter=54ms (worst path so far: wr.pump:5058ms)
1785932865.930|[W][perf] iter=54ms (worst path so far: wr.pump:5058ms)
1785932865.984|[W][perf] iter=54ms (worst path so far: wr.pump:5058ms)
1785932866.038|[W][perf] iter=54ms (worst path so far: wr.pump:5058ms)
1785932866.091|[W][perf] iter=54ms (worst path so far: wr.pump:5058ms)
1785932866.146|[W][perf] iter=54ms (worst path so far: wr.pump:5058ms)
1785932866.200|[W][perf] iter=54ms (worst path so far: wr.pump:5058ms)
1785932866.254|[W][perf] iter=54ms (worst path so far: wr.pump:5058ms)
1785932866.294|[I][webradio] audio_info: Request http://22353.live.streamtheworld.com/WEB15_MP3_SC failed!
1785932866.298|[D][webradio] ICY:
1785932866.305|[W][webradio] stream dead (isRunning=0 for 5018ms, bufStalled for 5018ms) — stop + resume Spotify TLS
1785932866.311|[W][webradio] auto-skip exhausted — no playable station
1785932866.319|[I][spotify.tls] tls yield — resumed
1785932866.339|[D][chrome] drawVolume pct=100 keyframe=4
1785932866.343|[D][chrome] drawVolume pct=100 keyframe=4
1785932866.368|[W][perf] iter=75ms (worst path so far: wr.pump:5058ms)
1785932889.249|[I][hb] display=winamp wifi=rssi(-53) disc=3 heap=46k maxAlloc=41k stack_hwm=12876b uptime=01:47:34 poll=0/0 last=0 block_max=0ms loop_max=475ms slow=wr.pump:5058ms last_poll_age_ms=0 next_poll_in_ms=5000 last_render_age_ms=22892 build=Aug  5 2026-11:39:4
1785932890.675|[I][webradio] terminal retry — re-arming scan idx=0
1785932890.682|[I][webradio] play idx=0 name=INJECTED url=http://stream.slam.nl/WEB15_MP3
1785932890.819|[I][spotify.tls] tls yield — client stopped
1785932890.825|[membudget] TASK-267 _play pre-acquire lfbInt=42996 freeInt=47116
1785932890.830|[I][webradio] HEAP pre-connect free=47116 min=43240 maxAlloc=42996
1785932890.838|[membudget] CP1-pre-connect skip=0 freeInt=47116 lfbInt=42996 freeDma=3972 lfbDma=2036
1785932890.843|[W][perf] iter=168ms (worst path so far: app.tick:166ms)
1785932890.857|[I][webradio] audio_info: buffers freed, free Heap: 47116 bytes
1785932890.866|[I][webradio] audio_info: Connect to new host: "http://stream.slam.nl/WEB15_MP3"
1785932890.897|[D][chrome] drawVolume pct=100 keyframe=4
1785932890.900|[D][chrome] drawVolume pct=100 keyframe=4
1785932890.925|[W][perf] iter=82ms (worst path so far: app.tick:166ms)
1785932895.879|[I][webradio] audio_info: Request http://stream.slam.nl/WEB15_MP3 failed!
1785932895.882|[W][webradio] connecttohost failed idx=0
1785932895.887|[W][webradio] auto-skip exhausted — no playable station
1785932895.890|[I][spotify.tls] tls yield — resumed
1785932895.892|[D][webradio] ICY:
1785932895.926|[D][chrome] drawVolume pct=100 keyframe=4
1785932895.929|[D][chrome] drawVolume pct=100 keyframe=4
1785932895.953|[W][perf] iter=76ms (worst path so far: wr.connect:5035ms)
1785932919.249|[I][hb] display=winamp wifi=rssi(-51) disc=3 heap=46k maxAlloc=41k stack_hwm=12876b uptime=01:48:04 poll=0/0 last=0 block_max=0ms loop_max=168ms slow=wr.connect:5035ms last_poll_age_ms=0 next_poll_in_ms=5000 last_render_age_ms=23304 build=Aug  5 2026-11:3
1785932920.675|[I][webradio] terminal retry — re-arming scan idx=0
1785932920.682|[I][webradio] play idx=0 name=INJECTED url=http://stream.slam.nl/WEB15_MP3
1785932920.887|[I][spotify.tls] tls yield — client stopped
1785932920.893|[membudget] TASK-267 _play pre-acquire lfbInt=42996 freeInt=47116
1785932920.898|[I][webradio] HEAP pre-connect free=47116 min=43240 maxAlloc=42996
1785932920.906|[membudget] CP1-pre-connect skip=0 freeInt=47116 lfbInt=42996 freeDma=3972 lfbDma=2036
1785932920.912|[W][perf] iter=236ms (worst path so far: app.tick:234ms)
1785932920.926|[I][webradio] audio_info: buffers freed, free Heap: 47116 bytes
1785932920.935|[I][webradio] audio_info: Connect to new host: "http://stream.slam.nl/WEB15_MP3"
1785932920.965|[D][chrome] drawVolume pct=100 keyframe=4
1785932920.969|[D][chrome] drawVolume pct=100 keyframe=4
1785932920.994|[W][perf] iter=83ms (worst path so far: app.tick:234ms)
1785932925.947|[I][webradio] audio_info: Request http://stream.slam.nl/WEB15_MP3 failed!
1785932925.949|[W][webradio] connecttohost failed idx=0
1785932925.955|[W][webradio] auto-skip exhausted — no playable station
1785932925.959|[I][spotify.tls] tls yield — resumed
1785932925.961|[D][webradio] ICY:
1785932925.992|[D][chrome] drawVolume pct=100 keyframe=4
1785932925.996|[D][chrome] drawVolume pct=100 keyframe=4
1785932926.021|[W][perf] iter=76ms (worst path so far: wr.connect:5034ms)
1785932949.248|[I][hb] display=winamp wifi=rssi(-53) disc=3 heap=46k maxAlloc=41k stack_hwm=12876b uptime=01:48:34 poll=0/0 last=0 block_max=0ms loop_max=236ms slow=wr.connect:5034ms last_poll_age_ms=0 next_poll_in_ms=5000 last_render_age_ms=23236 build=Aug  5 2026-11:3
1785932950.675|[I][webradio] terminal retry — re-arming scan idx=0
1785932950.682|[I][webradio] play idx=0 name=INJECTED url=http://stream.slam.nl/WEB15_MP3
1785932950.954|[I][spotify.tls] tls yield — client stopped
1785932950.960|[membudget] TASK-267 _play pre-acquire lfbInt=42996 freeInt=47564
1785932950.966|[I][webradio] HEAP pre-connect free=47564 min=43240 maxAlloc=42996
1785932950.974|[membudget] CP1-pre-connect skip=0 freeInt=47564 lfbInt=42996 freeDma=4420 lfbDma=2036
1785932950.979|[W][perf] iter=304ms (worst path so far: app.tick:303ms)
1785932950.993|[I][webradio] audio_info: buffers freed, free Heap: 47564 bytes
1785932951.002|[I][webradio] audio_info: Connect to new host: "http://stream.slam.nl/WEB15_MP3"
1785932951.032|[D][chrome] drawVolume pct=100 keyframe=4
1785932951.036|[D][chrome] drawVolume pct=100 keyframe=4
1785932951.062|[W][perf] iter=82ms (worst path so far: app.tick:303ms)
1785932956.015|[I][webradio] audio_info: Request http://stream.slam.nl/WEB15_MP3 failed!
1785932956.018|[W][webradio] connecttohost failed idx=0
1785932956.023|[W][webradio] auto-skip exhausted — no playable station
1785932956.026|[I][spotify.tls] tls yield — resumed
1785932956.028|[D][webradio] ICY:
1785932956.061|[D][chrome] drawVolume pct=100 keyframe=4
1785932956.065|[D][chrome] drawVolume pct=100 keyframe=4
1785932956.090|[W][perf] iter=77ms (worst path so far: wr.connect:5035ms)
1785932979.248|[I][hb] display=winamp wifi=rssi(-52) disc=3 heap=46k maxAlloc=41k stack_hwm=12876b uptime=01:49:04 poll=0/0 last=0 block_max=0ms loop_max=304ms slow=wr.connect:5035ms last_poll_age_ms=0 next_poll_in_ms=5000 last_render_age_ms=23167 build=Aug  5 2026-11:3
1785932980.673|[I][webradio] terminal retry — re-arming scan idx=0
1785932980.681|[I][webradio] play idx=0 name=INJECTED url=http://stream.slam.nl/WEB15_MP3
1785932981.023|[I][spotify.tls] tls yield — client stopped
1785932981.029|[membudget] TASK-267 _play pre-acquire lfbInt=42996 freeInt=47788
1785932981.034|[I][webradio] HEAP pre-connect free=47788 min=43240 maxAlloc=42996
1785932981.042|[membudget] CP1-pre-connect skip=0 freeInt=47788 lfbInt=42996 freeDma=4644 lfbDma=2036
1785932981.047|[W][perf] iter=373ms (worst path so far: app.tick:371ms)
1785932981.061|[I][webradio] audio_info: buffers freed, free Heap: 47788 bytes
1785932981.070|[I][webradio] audio_info: Connect to new host: "http://stream.slam.nl/WEB15_MP3"
1785932981.101|[D][chrome] drawVolume pct=100 keyframe=4
1785932981.105|[D][chrome] drawVolume pct=100 keyframe=4
1785932981.130|[W][perf] iter=83ms (worst path so far: app.tick:371ms)
1785932986.083|[I][webradio] audio_info: Request http://stream.slam.nl/WEB15_MP3 failed!
1785932986.086|[W][webradio] connecttohost failed idx=0
1785932986.091|[W][webradio] auto-skip exhausted — no playable station
1785932986.094|[I][spotify.tls] tls yield — resumed
1785932986.097|[D][webradio] ICY:
1785932986.130|[D][chrome] drawVolume pct=100 keyframe=4
1785932986.134|[D][chrome] drawVolume pct=100 keyframe=4
1785932986.159|[W][perf] iter=76ms (worst path so far: wr.connect:5035ms)
1785933009.249|[I][hb] display=winamp wifi=rssi(-52) disc=3 heap=46k maxAlloc=41k stack_hwm=12876b uptime=01:49:34 poll=0/0 last=0 block_max=0ms loop_max=373ms slow=wr.connect:5035ms last_poll_age_ms=0 next_poll_in_ms=5000 last_render_age_ms=23098 build=Aug  5 2026-11:3
1785933010.673|[I][webradio] terminal retry — re-arming scan idx=0
1785933010.680|[I][webradio] play idx=0 name=INJECTED url=http://stream.slam.nl/WEB15_MP3
1785933011.091|[I][spotify.tls] tls yield — client stopped
1785933011.097|[membudget] TASK-267 _play pre-acquire lfbInt=42996 freeInt=48012
1785933011.103|[I][webradio] HEAP pre-connect free=48012 min=43240 maxAlloc=42996
1785933011.111|[membudget] CP1-pre-connect skip=0 freeInt=48012 lfbInt=42996 freeDma=4868 lfbDma=2036
1785933011.116|[W][perf] iter=442ms (worst path so far: app.tick:440ms)
1785933011.130|[I][webradio] audio_info: buffers freed, free Heap: 48012 bytes
1785933011.139|[I][webradio] audio_info: Connect to new host: "http://stream.slam.nl/WEB15_MP3"
1785933011.170|[D][chrome] drawVolume pct=100 keyframe=4
1785933011.174|[D][chrome] drawVolume pct=100 keyframe=4
1785933011.200|[W][perf] iter=83ms (worst path so far: app.tick:440ms)
1785933016.152|[I][webradio] audio_info: Request http://stream.slam.nl/WEB15_MP3 failed!
1785933016.155|[W][webradio] connecttohost failed idx=0
1785933016.161|[W][webradio] auto-skip exhausted — no playable station
1785933016.163|[I][spotify.tls] tls yield — resumed
1785933016.166|[D][webradio] ICY:
1785933016.199|[D][chrome] drawVolume pct=100 keyframe=4
1785933016.203|[D][chrome] drawVolume pct=100 keyframe=4
1785933016.228|[W][perf] iter=77ms (worst path so far: wr.connect:5035ms)
1785933039.247|[I][hb] display=winamp wifi=rssi(-51) disc=3 heap=46k maxAlloc=41k stack_hwm=12876b uptime=01:50:04 poll=0/0 last=0 block_max=0ms loop_max=442ms slow=wr.connect:5035ms last_poll_age_ms=0 next_poll_in_ms=5000 last_render_age_ms=23029 build=Aug  5 2026-11:3
1785933040.673|[I][webradio] terminal retry — re-arming scan idx=0
1785933040.680|[I][webradio] play idx=0 name=INJECTED url=http://stream.slam.nl/WEB15_MP3
1785933041.160|[I][spotify.tls] tls yield — client stopped
1785933041.166|[membudget] TASK-267 _play pre-acquire lfbInt=42996 freeInt=48012
1785933041.171|[I][webradio] HEAP pre-connect free=48012 min=43240 maxAlloc=42996
1785933041.180|[membudget] CP1-pre-connect skip=0 freeInt=48012 lfbInt=42996 freeDma=4868 lfbDma=2036
1785933041.185|[W][perf] iter=510ms (worst path so far: app.tick:509ms)
1785933041.198|[I][webradio] audio_info: buffers freed, free Heap: 48012 bytes
1785933041.208|[I][webradio] audio_info: Connect to new host: "http://stream.slam.nl/WEB15_MP3"
1785933041.238|[D][chrome] drawVolume pct=100 keyframe=4
1785933041.242|[D][chrome] drawVolume pct=100 keyframe=4
1785933041.268|[W][perf] iter=82ms (worst path so far: app.tick:509ms)
1785933046.221|[I][webradio] audio_info: Request http://stream.slam.nl/WEB15_MP3 failed!
1785933046.223|[W][webradio] connecttohost failed idx=0
1785933046.228|[W][webradio] auto-skip exhausted — no playable station
1785933046.231|[I][spotify.tls] tls yield — resumed
1785933046.234|[D][webradio] ICY:
1785933046.267|[D][chrome] drawVolume pct=100 keyframe=4
1785933046.271|[D][chrome] drawVolume pct=100 keyframe=4
1785933046.296|[W][perf] iter=76ms (worst path so far: wr.connect:5035ms)
1785933051.115|{"ok":true,"cmd":"get","var":"wrState","state":5,"last":true}
1785933051.126|{"ok":true,"cmd":"get","var":"wrIdx","idx":0,"last":true}
1785933069.247|[I][hb] display=winamp wifi=rssi(-50) disc=3 heap=46k maxAlloc=41k stack_hwm=12876b uptime=01:50:34 poll=0/0 last=0 block_max=0ms loop_max=510ms slow=wr.connect:5035ms last_poll_age_ms=0 next_poll_in_ms=5000 last_render_age_ms=22960 build=Aug  5 2026-11:3
1785933070.672|[I][webradio] terminal retry — re-arming scan idx=0
1785933070.679|[I][webradio] play idx=0 name=INJECTED url=http://stream.slam.nl/WEB15_MP3
1785933070.729|[I][spotify.tls] tls yield — client stopped
1785933070.734|[membudget] TASK-267 _play pre-acquire lfbInt=42996 freeInt=48012
1785933070.740|[I][webradio] HEAP pre-connect free=48012 min=43240 maxAlloc=42996
1785933070.748|[membudget] CP1-pre-connect skip=0 freeInt=48012 lfbInt=42996 freeDma=4868 lfbDma=2036
1785933070.753|[W][perf] iter=80ms (worst path so far: app.tick:78ms)
1785933070.767|[I][webradio] audio_info: buffers freed, free Heap: 48012 bytes
1785933070.777|[I][webradio] audio_info: Connect to new host: "http://stream.slam.nl/WEB15_MP3"
1785933070.806|[D][chrome] drawVolume pct=100 keyframe=4
1785933070.810|[D][chrome] drawVolume pct=100 keyframe=4
1785933070.835|[W][perf] iter=82ms (worst path so far: app.tick:78ms)
1785933075.789|[I][webradio] audio_info: Request http://stream.slam.nl/WEB15_MP3 failed!
1785933075.792|[W][webradio] connecttohost failed idx=0
1785933075.797|[W][webradio] auto-skip exhausted — no playable station
1785933075.800|[I][spotify.tls] tls yield — resumed
1785933075.802|[D][webradio] ICY:
1785933075.835|[D][chrome] drawVolume pct=100 keyframe=4
1785933075.839|[D][chrome] drawVolume pct=100 keyframe=4
1785933075.864|[W][perf] iter=76ms (worst path so far: wr.connect:5035ms)
1785933099.247|[I][hb] display=winamp wifi=rssi(-51) disc=3 heap=46k maxAlloc=41k stack_hwm=12876b uptime=01:51:04 poll=0/0 last=0 block_max=0ms loop_max=82ms slow=wr.connect:5035ms last_poll_age_ms=0 next_poll_in_ms=5000 last_render_age_ms=23392 build=Aug  5 2026-11:39
1785933100.672|[I][webradio] terminal retry — re-arming scan idx=0
1785933100.679|[I][webradio] play idx=0 name=INJECTED url=http://stream.slam.nl/WEB15_MP3
1785933100.798|[I][spotify.tls] tls yield — client stopped
1785933100.803|[membudget] TASK-267 _play pre-acquire lfbInt=42996 freeInt=48012
1785933100.808|[I][webradio] HEAP pre-connect free=48012 min=43240 maxAlloc=42996
1785933100.817|[membudget] CP1-pre-connect skip=0 freeInt=48012 lfbInt=42996 freeDma=4868 lfbDma=2036
1785933100.822|[W][perf] iter=150ms (worst path so far: app.tick:147ms)
1785933100.836|[I][webradio] audio_info: buffers freed, free Heap: 48012 bytes
1785933100.845|[I][webradio] audio_info: Connect to new host: "http://stream.slam.nl/WEB15_MP3"
1785933100.876|[D][chrome] drawVolume pct=100 keyframe=4
1785933100.880|[D][chrome] drawVolume pct=100 keyframe=4
1785933100.905|[W][perf] iter=83ms (worst path so far: app.tick:147ms)
1785933105.859|[I][webradio] audio_info: Request http://stream.slam.nl/WEB15_MP3 failed!
1785933105.861|[W][webradio] connecttohost failed idx=0
1785933105.866|[W][webradio] auto-skip exhausted — no playable station
1785933105.869|[I][spotify.tls] tls yield — resumed
1785933105.872|[D][webradio] ICY:
1785933105.904|[D][chrome] drawVolume pct=100 keyframe=4
1785933105.908|[D][chrome] drawVolume pct=100 keyframe=4
1785933105.933|[W][perf] iter=77ms (worst path so far: wr.connect:5035ms)
1785933129.246|[I][hb] display=winamp wifi=rssi(-50) disc=3 heap=46k maxAlloc=41k stack_hwm=12876b uptime=01:51:34 poll=0/0 last=0 block_max=0ms loop_max=150ms slow=wr.connect:5035ms last_poll_age_ms=0 next_poll_in_ms=5000 last_render_age_ms=23323 build=Aug  5 2026-11:3
1785933130.672|[I][webradio] terminal retry — re-arming scan idx=0
1785933130.679|[I][webradio] play idx=0 name=INJECTED url=http://stream.slam.nl/WEB15_MP3
1785933130.866|[I][spotify.tls] tls yield — client stopped
1785933130.871|[membudget] TASK-267 _play pre-acquire lfbInt=42996 freeInt=48012
1785933130.877|[I][webradio] HEAP pre-connect free=48012 min=43240 maxAlloc=42996
1785933130.885|[membudget] CP1-pre-connect skip=0 freeInt=48012 lfbInt=42996 freeDma=4868 lfbDma=2036
1785933130.891|[W][perf] iter=218ms (worst path so far: app.tick:215ms)
1785933130.905|[I][webradio] audio_info: buffers freed, free Heap: 48012 bytes
1785933130.913|[I][webradio] audio_info: Connect to new host: "http://stream.slam.nl/WEB15_MP3"
1785933130.943|[D][chrome] drawVolume pct=100 keyframe=4
1785933130.947|[D][chrome] drawVolume pct=100 keyframe=4
1785933130.973|[W][perf] iter=82ms (worst path so far: app.tick:215ms)
1785933135.927|[I][webradio] audio_info: Request http://stream.slam.nl/WEB15_MP3 failed!
1785933135.929|[W][webradio] connecttohost failed idx=0
1785933135.934|[W][webradio] auto-skip exhausted — no playable station
1785933135.937|[I][spotify.tls] tls yield — resumed
1785933135.940|[D][webradio] ICY:
1785933135.973|[D][chrome] drawVolume pct=100 keyframe=4
1785933135.976|[D][chrome] drawVolume pct=100 keyframe=4
1785933136.001|[W][perf] iter=76ms (worst path so far: wr.connect:5035ms)
1785933159.247|[I][hb] display=winamp wifi=rssi(-51) disc=3 heap=46k maxAlloc=41k stack_hwm=12876b uptime=01:52:04 poll=0/0 last=0 block_max=0ms loop_max=218ms slow=wr.connect:5035ms last_poll_age_ms=0 next_poll_in_ms=5000 last_render_age_ms=23254 build=Aug  5 2026-11:3
1785933160.672|[I][webradio] terminal retry — re-arming scan idx=0
1785933160.679|[I][webradio] play idx=0 name=INJECTED url=http://stream.slam.nl/WEB15_MP3
1785933160.934|[I][spotify.tls] tls yield — client stopped
1785933160.940|[membudget] TASK-267 _play pre-acquire lfbInt=42996 freeInt=48044
1785933160.946|[I][webradio] HEAP pre-connect free=48044 min=43240 maxAlloc=42996
1785933160.954|[membudget] CP1-pre-connect skip=0 freeInt=48044 lfbInt=42996 freeDma=4900 lfbDma=2036
1785933160.959|[W][perf] iter=286ms (worst path so far: app.tick:284ms)
1785933160.973|[I][webradio] audio_info: buffers freed, free Heap: 48044 bytes
1785933160.982|[I][webradio] audio_info: Connect to new host: "http://stream.slam.nl/WEB15_MP3"
1785933161.013|[D][chrome] drawVolume pct=100 keyframe=4
1785933161.016|[D][chrome] drawVolume pct=100 keyframe=4
1785933161.041|[W][perf] iter=82ms (worst path so far: app.tick:284ms)
1785933167.989|[I][webradio] audio_info: Request http://stream.slam.nl/WEB15_MP3 failed!
1785933167.992|[W][webradio] connecttohost failed idx=0
1785933167.997|[W][webradio] auto-skip exhausted — no playable station
1785933168.000|[I][spotify.tls] tls yield — resumed
1785933168.002|[D][webradio] ICY:
1785933168.035|[D][chrome] drawVolume pct=100 keyframe=4
1785933168.039|[D][chrome] drawVolume pct=100 keyframe=4
1785933168.064|[W][perf] iter=76ms (worst path so far: wr.connect:7030ms)
1785933189.246|[I][hb] display=winamp wifi=rssi(-52) disc=3 heap=46k maxAlloc=41k stack_hwm=12876b uptime=01:52:34 poll=0/0 last=0 block_max=0ms loop_max=286ms slow=wr.connect:7030ms last_poll_age_ms=0 next_poll_in_ms=5000 last_render_age_ms=21191 build=Aug  5 2026-11:3
1785933190.672|[I][webradio] terminal retry — re-arming scan idx=0
1785933190.680|[I][webradio] play idx=0 name=INJECTED url=http://stream.slam.nl/WEB15_MP3
1785933191.001|[I][spotify.tls] tls yield — client stopped
1785933191.006|[membudget] TASK-267 _play pre-acquire lfbInt=42996 freeInt=48044
1785933191.012|[I][webradio] HEAP pre-connect free=48044 min=43240 maxAlloc=42996
1785933191.020|[membudget] CP1-pre-connect skip=0 freeInt=48044 lfbInt=42996 freeDma=4900 lfbDma=2036
1785933191.026|[W][perf] iter=353ms (worst path so far: app.tick:350ms)
1785933191.040|[I][webradio] audio_info: buffers freed, free Heap: 48044 bytes
1785933191.048|[I][webradio] audio_info: Connect to new host: "http://stream.slam.nl/WEB15_MP3"
1785933191.078|[D][chrome] drawVolume pct=100 keyframe=4
1785933191.083|[D][chrome] drawVolume pct=100 keyframe=4
1785933191.107|[W][perf] iter=82ms (worst path so far: app.tick:350ms)
1785933198.056|[I][webradio] audio_info: Request http://stream.slam.nl/WEB15_MP3 failed!
1785933198.059|[W][webradio] connecttohost failed idx=0
1785933198.064|[W][webradio] auto-skip exhausted — no playable station
1785933198.067|[I][spotify.tls] tls yield — resumed
1785933198.069|[D][webradio] ICY:
1785933198.102|[D][chrome] drawVolume pct=100 keyframe=4
1785933198.105|[D][chrome] drawVolume pct=100 keyframe=4
1785933198.130|[W][perf] iter=76ms (worst path so far: wr.connect:7030ms)
1785933219.245|[I][hb] display=winamp wifi=rssi(-51) disc=3 heap=46k maxAlloc=41k stack_hwm=12876b uptime=01:53:04 poll=0/0 last=0 block_max=0ms loop_max=353ms slow=wr.connect:7030ms last_poll_age_ms=0 next_poll_in_ms=5000 last_render_age_ms=21124 build=Aug  5 2026-11:3
1785933220.672|[I][webradio] terminal retry — re-arming scan idx=0
1785933220.679|[I][webradio] play idx=0 name=INJECTED url=http://stream.slam.nl/WEB15_MP3
1785933221.067|[I][spotify.tls] tls yield — client stopped
1785933221.073|[membudget] TASK-267 _play pre-acquire lfbInt=42996 freeInt=48044
1785933221.079|[I][webradio] HEAP pre-connect free=48044 min=43240 maxAlloc=42996
1785933221.087|[membudget] CP1-pre-connect skip=0 freeInt=48044 lfbInt=42996 freeDma=4900 lfbDma=2036
1785933221.092|[W][perf] iter=419ms (worst path so far: app.tick:417ms)
1785933221.106|[I][webradio] audio_info: buffers freed, free Heap: 48044 bytes
1785933221.115|[I][webradio] audio_info: Connect to new host: "http://stream.slam.nl/WEB15_MP3"
1785933221.145|[D][chrome] drawVolume pct=100 keyframe=4
1785933221.149|[D][chrome] drawVolume pct=100 keyframe=4
1785933221.174|[W][perf] iter=83ms (worst path so far: app.tick:417ms)
1785933228.122|[I][webradio] audio_info: Request http://stream.slam.nl/WEB15_MP3 failed!
1785933228.124|[W][webradio] connecttohost failed idx=0
1785933228.130|[W][webradio] auto-skip exhausted — no playable station
1785933228.133|[I][spotify.tls] tls yield — resumed
1785933228.135|[D][webradio] ICY:
1785933228.168|[D][chrome] drawVolume pct=100 keyframe=4
1785933228.172|[D][chrome] drawVolume pct=100 keyframe=4
1785933228.197|[W][perf] iter=76ms (worst path so far: wr.connect:7030ms)
1785933249.245|[I][hb] display=winamp wifi=rssi(-52) disc=3 heap=46k maxAlloc=41k stack_hwm=12876b uptime=01:53:34 poll=0/0 last=0 block_max=0ms loop_max=419ms slow=wr.connect:7030ms last_poll_age_ms=0 next_poll_in_ms=5000 last_render_age_ms=21057 build=Aug  5 2026-11:3
1785933250.671|[I][webradio] terminal retry — re-arming scan idx=0
1785933250.679|[I][webradio] play idx=0 name=INJECTED url=http://stream.slam.nl/WEB15_MP3
1785933251.134|[I][spotify.tls] tls yield — client stopped
1785933251.140|[membudget] TASK-267 _play pre-acquire lfbInt=42996 freeInt=48044
1785933251.146|[I][webradio] HEAP pre-connect free=48044 min=43240 maxAlloc=42996
1785933251.154|[membudget] CP1-pre-connect skip=0 freeInt=48044 lfbInt=42996 freeDma=4900 lfbDma=2036
1785933251.158|[W][perf] iter=486ms (worst path so far: app.tick:484ms)
1785933251.173|[I][webradio] audio_info: buffers freed, free Heap: 48044 bytes
1785933251.181|[I][webradio] audio_info: Connect to new host: "http://stream.slam.nl/WEB15_MP3"
1785933251.212|[D][chrome] drawVolume pct=100 keyframe=4
1785933251.216|[D][chrome] drawVolume pct=100 keyframe=4
1785933251.241|[W][perf] iter=82ms (worst path so far: app.tick:484ms)
1785933258.188|[I][webradio] audio_info: Request http://stream.slam.nl/WEB15_MP3 failed!
1785933258.191|[W][webradio] connecttohost failed idx=0
1785933258.197|[W][webradio] auto-skip exhausted — no playable station
1785933258.199|[I][spotify.tls] tls yield — resumed
1785933258.202|[D][webradio] ICY:
1785933258.235|[D][chrome] drawVolume pct=100 keyframe=4
1785933258.240|[D][chrome] drawVolume pct=100 keyframe=4
1785933258.264|[W][perf] iter=76ms (worst path so far: wr.connect:7030ms)
1785933279.245|[I][hb] display=winamp wifi=rssi(-53) disc=3 heap=46k maxAlloc=41k stack_hwm=12876b uptime=01:54:04 poll=0/0 last=0 block_max=0ms loop_max=486ms slow=wr.connect:7030ms last_poll_age_ms=0 next_poll_in_ms=5000 last_render_age_ms=20990 build=Aug  5 2026-11:3
1785933280.671|[I][webradio] terminal retry — re-arming scan idx=0
1785933280.678|[I][webradio] play idx=0 name=INJECTED url=http://stream.slam.nl/WEB15_MP3
1785933280.701|[I][spotify.tls] tls yield — client stopped
1785933280.706|[membudget] TASK-267 _play pre-acquire lfbInt=42996 freeInt=48044
1785933280.713|[I][webradio] HEAP pre-connect free=48044 min=43240 maxAlloc=42996
1785933280.720|[membudget] CP1-pre-connect skip=0 freeInt=48044 lfbInt=42996 freeDma=4900 lfbDma=2036
1785933280.725|[W][perf] iter=54ms (worst path so far: app.tick:51ms)
1785933280.739|[I][webradio] audio_info: buffers freed, free Heap: 48044 bytes
1785933280.748|[I][webradio] audio_info: Connect to new host: "http://stream.slam.nl/WEB15_MP3"
1785933280.778|[D][chrome] drawVolume pct=100 keyframe=4
1785933280.782|[D][chrome] drawVolume pct=100 keyframe=4
1785933280.807|[W][perf] iter=82ms (worst path so far: app.tick:65ms)
1785933287.756|[I][webradio] audio_info: Request http://stream.slam.nl/WEB15_MP3 failed!
1785933287.758|[W][webradio] connecttohost failed idx=0
1785933287.764|[W][webradio] auto-skip exhausted — no playable station
1785933287.766|[I][spotify.tls] tls yield — resumed
1785933287.769|[D][webradio] ICY:
1785933287.802|[D][chrome] drawVolume pct=100 keyframe=4
1785933287.806|[D][chrome] drawVolume pct=100 keyframe=4
1785933287.830|[W][perf] iter=76ms (worst path so far: wr.connect:7030ms)
1785933309.244|[I][hb] display=winamp wifi=rssi(-52) disc=3 heap=46k maxAlloc=41k stack_hwm=12876b uptime=01:54:34 poll=0/0 last=0 block_max=0ms loop_max=82ms slow=wr.connect:7030ms last_poll_age_ms=0 next_poll_in_ms=5000 last_render_age_ms=21423 build=Aug  5 2026-11:39
1785933310.670|[I][webradio] terminal retry — re-arming scan idx=0
1785933310.678|[I][webradio] play idx=0 name=INJECTED url=http://stream.slam.nl/WEB15_MP3
1785933310.767|[I][spotify.tls] tls yield — client stopped
1785933310.774|[membudget] TASK-267 _play pre-acquire lfbInt=42996 freeInt=48044
1785933310.778|[I][webradio] HEAP pre-connect free=48044 min=43240 maxAlloc=42996
1785933310.786|[membudget] CP1-pre-connect skip=0 freeInt=48044 lfbInt=42996 freeDma=4900 lfbDma=2036
1785933310.791|[W][perf] iter=120ms (worst path so far: app.tick:118ms)
1785933310.806|[I][webradio] audio_info: buffers freed, free Heap: 48044 bytes
1785933310.814|[I][webradio] audio_info: Connect to new host: "http://stream.slam.nl/WEB15_MP3"
1785933310.845|[D][chrome] drawVolume pct=100 keyframe=4
1785933310.849|[D][chrome] drawVolume pct=100 keyframe=4
1785933310.874|[W][perf] iter=82ms (worst path so far: app.tick:118ms)
1785933317.821|[I][webradio] audio_info: Request http://stream.slam.nl/WEB15_MP3 failed!
1785933317.824|[W][webradio] connecttohost failed idx=0
1785933317.830|[W][webradio] auto-skip exhausted — no playable station
1785933317.832|[I][spotify.tls] tls yield — resumed
1785933317.835|[D][webradio] ICY:
1785933317.869|[D][chrome] drawVolume pct=100 keyframe=4
1785933317.873|[D][chrome] drawVolume pct=100 keyframe=4
1785933317.897|[W][perf] iter=76ms (worst path so far: wr.connect:7030ms)
1785933339.244|[I][hb] display=winamp wifi=rssi(-52) disc=3 heap=46k maxAlloc=41k stack_hwm=12876b uptime=01:55:04 poll=0/0 last=0 block_max=0ms loop_max=120ms slow=wr.connect:7030ms last_poll_age_ms=0 next_poll_in_ms=5000 last_render_age_ms=21356 build=Aug  5 2026-11:3
1785933340.671|[I][webradio] terminal retry — re-arming scan idx=0
1785933340.677|[I][webradio] play idx=0 name=INJECTED url=http://stream.slam.nl/WEB15_MP3
1785933340.833|[I][spotify.tls] tls yield — client stopped
1785933340.839|[membudget] TASK-267 _play pre-acquire lfbInt=42996 freeInt=48044
1785933340.845|[I][webradio] HEAP pre-connect free=48044 min=43240 maxAlloc=42996
1785933340.853|[membudget] CP1-pre-connect skip=0 freeInt=48044 lfbInt=42996 freeDma=4900 lfbDma=2036
1785933340.859|[W][perf] iter=187ms (worst path so far: app.tick:185ms)
1785933340.872|[I][webradio] audio_info: buffers freed, free Heap: 48044 bytes
1785933340.881|[I][webradio] audio_info: Connect to new host: "http://stream.slam.nl/WEB15_MP3"
1785933340.913|[D][chrome] drawVolume pct=100 keyframe=4
1785933340.915|[D][chrome] drawVolume pct=100 keyframe=4
1785933340.941|[W][perf] iter=82ms (worst path so far: app.tick:185ms)
1785933347.888|[I][webradio] audio_info: Request http://stream.slam.nl/WEB15_MP3 failed!
1785933347.891|[W][webradio] connecttohost failed idx=0
1785933347.896|[W][webradio] auto-skip exhausted — no playable station
1785933347.899|[I][spotify.tls] tls yield — resumed
1785933347.902|[D][webradio] ICY:
1785933347.934|[D][chrome] drawVolume pct=100 keyframe=4
1785933347.938|[D][chrome] drawVolume pct=100 keyframe=4
1785933347.963|[W][perf] iter=76ms (worst path so far: wr.connect:7030ms)
1785933351.210|{"ok":true,"cmd":"get","var":"wrState","state":5,"last":true}
1785933351.220|{"ok":true,"cmd":"get","var":"wrIdx","idx":0,"last":true}
1785933369.243|[I][hb] display=winamp wifi=rssi(-52) disc=3 heap=46k maxAlloc=41k stack_hwm=12876b uptime=01:55:34 poll=0/0 last=0 block_max=0ms loop_max=187ms slow=wr.connect:7030ms last_poll_age_ms=0 next_poll_in_ms=5000 last_render_age_ms=21289 build=Aug  5 2026-11:3
1785933370.671|[I][webradio] terminal retry — re-arming scan idx=0
1785933370.678|[I][webradio] play idx=0 name=INJECTED url=http://stream.slam.nl/WEB15_MP3
1785933370.900|[I][spotify.tls] tls yield — client stopped
1785933370.906|[membudget] TASK-267 _play pre-acquire lfbInt=42996 freeInt=48044
1785933370.912|[I][webradio] HEAP pre-connect free=48044 min=43240 maxAlloc=42996
1785933370.920|[membudget] CP1-pre-connect skip=0 freeInt=48044 lfbInt=42996 freeDma=4900 lfbDma=2036
1785933370.926|[W][perf] iter=254ms (worst path so far: app.tick:251ms)
1785933370.939|[I][webradio] audio_info: buffers freed, free Heap: 48044 bytes
1785933370.947|[I][webradio] audio_info: Connect to new host: "http://stream.slam.nl/WEB15_MP3"
1785933370.978|[D][chrome] drawVolume pct=100 keyframe=4
1785933370.981|[D][chrome] drawVolume pct=100 keyframe=4
1785933371.007|[W][perf] iter=82ms (worst path so far: app.tick:251ms)
1785933377.955|[I][webradio] audio_info: Request http://stream.slam.nl/WEB15_MP3 failed!
1785933377.957|[W][webradio] connecttohost failed idx=0
1785933377.963|[W][webradio] auto-skip exhausted — no playable station
1785933377.966|[I][spotify.tls] tls yield — resumed
1785933377.969|[D][webradio] ICY:
1785933378.001|[D][chrome] drawVolume pct=100 keyframe=4
1785933378.005|[D][chrome] drawVolume pct=100 keyframe=4
1785933378.030|[W][perf] iter=76ms (worst path so far: wr.connect:7030ms)
1785933399.243|[I][hb] display=winamp wifi=rssi(-52) disc=3 heap=46k maxAlloc=41k stack_hwm=12876b uptime=01:56:04 poll=0/0 last=0 block_max=0ms loop_max=254ms slow=wr.connect:7030ms last_poll_age_ms=0 next_poll_in_ms=5000 last_render_age_ms=21222 build=Aug  5 2026-11:3
1785933400.670|[I][webradio] terminal retry — re-arming scan idx=0
1785933400.677|[I][webradio] play idx=0 name=INJECTED url=http://stream.slam.nl/WEB15_MP3
1785933400.967|[I][spotify.tls] tls yield — client stopped
1785933400.972|[membudget] TASK-267 _play pre-acquire lfbInt=42996 freeInt=48044
1785933400.978|[I][webradio] HEAP pre-connect free=48044 min=43240 maxAlloc=42996
1785933400.986|[membudget] CP1-pre-connect skip=0 freeInt=48044 lfbInt=42996 freeDma=4900 lfbDma=2036
1785933400.991|[W][perf] iter=320ms (worst path so far: app.tick:318ms)
1785933401.005|[I][webradio] audio_info: buffers freed, free Heap: 48044 bytes
1785933401.014|[I][webradio] audio_info: Connect to new host: "http://stream.slam.nl/WEB15_MP3"
1785933401.044|[D][chrome] drawVolume pct=100 keyframe=4
1785933401.048|[D][chrome] drawVolume pct=100 keyframe=4
1785933401.073|[W][perf] iter=82ms (worst path so far: app.tick:318ms)
1785933408.021|[I][webradio] audio_info: Request http://stream.slam.nl/WEB15_MP3 failed!
1785933408.025|[W][webradio] connecttohost failed idx=0
1785933408.030|[W][webradio] auto-skip exhausted — no playable station
1785933408.033|[I][spotify.tls] tls yield — resumed
1785933408.036|[D][webradio] ICY:
1785933408.068|[D][chrome] drawVolume pct=100 keyframe=4
1785933408.071|[D][chrome] drawVolume pct=100 keyframe=4
1785933408.096|[W][perf] iter=76ms (worst path so far: wr.connect:7030ms)
1785933429.242|[I][hb] display=winamp wifi=rssi(-54) disc=3 heap=46k maxAlloc=41k stack_hwm=12876b uptime=01:56:34 poll=0/0 last=0 block_max=0ms loop_max=320ms slow=wr.connect:7030ms last_poll_age_ms=0 next_poll_in_ms=5000 last_render_age_ms=21155 build=Aug  5 2026-11:3
1785933430.670|[I][webradio] terminal retry — re-arming scan idx=0
1785933430.677|[I][webradio] play idx=0 name=INJECTED url=http://stream.slam.nl/WEB15_MP3
1785933431.033|[I][spotify.tls] tls yield — client stopped
1785933431.039|[membudget] TASK-267 _play pre-acquire lfbInt=42996 freeInt=48044
1785933431.045|[I][webradio] HEAP pre-connect free=48044 min=43240 maxAlloc=42996
1785933431.053|[membudget] CP1-pre-connect skip=0 freeInt=48044 lfbInt=42996 freeDma=4900 lfbDma=2036
1785933431.057|[W][perf] iter=387ms (worst path so far: app.tick:385ms)
1785933431.072|[I][webradio] audio_info: buffers freed, free Heap: 48044 bytes
1785933431.080|[I][webradio] audio_info: Connect to new host: "http://stream.slam.nl/WEB15_MP3"
1785933431.110|[D][chrome] drawVolume pct=100 keyframe=4
1785933431.114|[D][chrome] drawVolume pct=100 keyframe=4
1785933431.140|[W][perf] iter=82ms (worst path so far: app.tick:385ms)
1785933438.087|[I][webradio] audio_info: Request http://stream.slam.nl/WEB15_MP3 failed!
1785933438.090|[W][webradio] connecttohost failed idx=0
1785933438.096|[W][webradio] auto-skip exhausted — no playable station
1785933438.098|[I][spotify.tls] tls yield — resumed
1785933438.101|[D][webradio] ICY:
1785933438.134|[D][chrome] drawVolume pct=100 keyframe=4
1785933438.138|[D][chrome] drawVolume pct=100 keyframe=4
1785933438.163|[W][perf] iter=76ms (worst path so far: wr.connect:7030ms)
1785933459.242|[I][hb] display=winamp wifi=rssi(-54) disc=3 heap=46k maxAlloc=41k stack_hwm=12876b uptime=01:57:04 poll=0/0 last=0 block_max=0ms loop_max=387ms slow=wr.connect:7030ms last_poll_age_ms=0 next_poll_in_ms=5000 last_render_age_ms=21088 build=Aug  5 2026-11:3
1785933460.670|[I][webradio] terminal retry — re-arming scan idx=0
1785933460.677|[I][webradio] play idx=0 name=INJECTED url=http://stream.slam.nl/WEB15_MP3
1785933461.100|[I][spotify.tls] tls yield — client stopped
1785933461.105|[membudget] TASK-267 _play pre-acquire lfbInt=42996 freeInt=48044
1785933461.111|[I][webradio] HEAP pre-connect free=48044 min=43240 maxAlloc=42996
1785933461.120|[membudget] CP1-pre-connect skip=0 freeInt=48044 lfbInt=42996 freeDma=4900 lfbDma=2036
1785933461.124|[W][perf] iter=454ms (worst path so far: app.tick:451ms)
1785933461.139|[I][webradio] audio_info: buffers freed, free Heap: 48044 bytes
1785933461.147|[I][webradio] audio_info: Connect to new host: "http://stream.slam.nl/WEB15_MP3"
1785933461.177|[D][chrome] drawVolume pct=100 keyframe=4
1785933461.181|[D][chrome] drawVolume pct=100 keyframe=4
1785933461.206|[W][perf] iter=82ms (worst path so far: app.tick:451ms)
1785933468.155|[I][webradio] audio_info: Request http://stream.slam.nl/WEB15_MP3 failed!
1785933468.157|[W][webradio] connecttohost failed idx=0
1785933468.163|[W][webradio] auto-skip exhausted — no playable station
1785933468.165|[I][spotify.tls] tls yield — resumed
1785933468.168|[D][webradio] ICY:
1785933468.201|[D][chrome] drawVolume pct=100 keyframe=4
1785933468.205|[D][chrome] drawVolume pct=100 keyframe=4
1785933468.230|[W][perf] iter=76ms (worst path so far: wr.connect:7030ms)
1785933489.241|[I][hb] display=winamp wifi=rssi(-52) disc=3 heap=46k maxAlloc=41k stack_hwm=12876b uptime=01:57:34 poll=0/0 last=0 block_max=0ms loop_max=454ms slow=wr.connect:7030ms last_poll_age_ms=0 next_poll_in_ms=5000 last_render_age_ms=21021 build=Aug  5 2026-11:3
1785933490.669|[I][webradio] terminal retry — re-arming scan idx=0
1785933490.677|[I][webradio] play idx=0 name=INJECTED url=http://stream.slam.nl/WEB15_MP3
1785933491.166|[I][spotify.tls] tls yield — client stopped
1785933491.173|[membudget] TASK-267 _play pre-acquire lfbInt=42996 freeInt=48044
1785933491.178|[I][webradio] HEAP pre-connect free=48044 min=43240 maxAlloc=42996
1785933491.186|[membudget] CP1-pre-connect skip=0 freeInt=48044 lfbInt=42996 freeDma=4900 lfbDma=2036
1785933491.191|[W][perf] iter=519ms (worst path so far: app.tick:518ms)
1785933491.205|[I][webradio] audio_info: buffers freed, free Heap: 48044 bytes
1785933491.213|[I][webradio] audio_info: Connect to new host: "http://stream.slam.nl/WEB15_MP3"
1785933491.244|[D][chrome] drawVolume pct=100 keyframe=4
1785933491.248|[D][chrome] drawVolume pct=100 keyframe=4
1785933491.273|[W][perf] iter=82ms (worst path so far: app.tick:518ms)
1785933498.221|[I][webradio] audio_info: Request http://stream.slam.nl/WEB15_MP3 failed!
1785933498.224|[W][webradio] connecttohost failed idx=0
1785933498.229|[W][webradio] auto-skip exhausted — no playable station
1785933498.232|[I][spotify.tls] tls yield — resumed
1785933498.235|[D][webradio] ICY:
1785933498.267|[D][chrome] drawVolume pct=100 keyframe=4
1785933498.271|[D][chrome] drawVolume pct=100 keyframe=4
1785933498.295|[W][perf] iter=76ms (worst path so far: wr.connect:7030ms)
1785933519.241|[I][hb] display=winamp wifi=rssi(-52) disc=3 heap=46k maxAlloc=41k stack_hwm=12876b uptime=01:58:04 poll=0/0 last=0 block_max=0ms loop_max=519ms slow=wr.connect:7030ms last_poll_age_ms=0 next_poll_in_ms=5000 last_render_age_ms=20954 build=Aug  5 2026-11:3
1785933520.670|[I][webradio] terminal retry — re-arming scan idx=0
1785933520.676|[I][webradio] play idx=0 name=INJECTED url=http://stream.slam.nl/WEB15_MP3
1785933520.733|[I][spotify.tls] tls yield — client stopped
1785933520.738|[membudget] TASK-267 _play pre-acquire lfbInt=42996 freeInt=48044
1785933520.744|[I][webradio] HEAP pre-connect free=48044 min=43240 maxAlloc=42996
1785933520.752|[membudget] CP1-pre-connect skip=0 freeInt=48044 lfbInt=42996 freeDma=4900 lfbDma=2036
1785933520.757|[W][perf] iter=87ms (worst path so far: app.tick:85ms)
1785933520.771|[I][webradio] audio_info: buffers freed, free Heap: 48044 bytes
1785933520.780|[I][webradio] audio_info: Connect to new host: "http://stream.slam.nl/WEB15_MP3"
1785933520.811|[D][chrome] drawVolume pct=100 keyframe=4
1785933520.814|[D][chrome] drawVolume pct=100 keyframe=4
1785933520.839|[W][perf] iter=82ms (worst path so far: app.tick:85ms)
1785933527.788|[I][webradio] audio_info: Request http://stream.slam.nl/WEB15_MP3 failed!
1785933527.790|[W][webradio] connecttohost failed idx=0
1785933527.796|[W][webradio] auto-skip exhausted — no playable station
1785933527.799|[I][spotify.tls] tls yield — resumed
1785933527.801|[D][webradio] ICY:
1785933527.834|[D][chrome] drawVolume pct=100 keyframe=4
1785933527.838|[D][chrome] drawVolume pct=100 keyframe=4
1785933527.862|[W][perf] iter=76ms (worst path so far: wr.connect:7030ms)
1785933549.241|[I][hb] display=winamp wifi=rssi(-52) disc=3 heap=46k maxAlloc=41k stack_hwm=12876b uptime=01:58:34 poll=0/0 last=0 block_max=0ms loop_max=87ms slow=wr.connect:7030ms last_poll_age_ms=0 next_poll_in_ms=5000 last_render_age_ms=21388 build=Aug  5 2026-11:39
1785933550.669|[I][webradio] terminal retry — re-arming scan idx=0
1785933550.677|[I][webradio] play idx=0 name=INJECTED url=http://stream.slam.nl/WEB15_MP3
1785933550.799|[I][spotify.tls] tls yield — client stopped
1785933550.805|[membudget] TASK-267 _play pre-acquire lfbInt=42996 freeInt=48044
1785933550.810|[I][webradio] HEAP pre-connect free=48044 min=43240 maxAlloc=42996
1785933550.819|[membudget] CP1-pre-connect skip=0 freeInt=48044 lfbInt=42996 freeDma=4900 lfbDma=2036
1785933550.824|[W][perf] iter=155ms (worst path so far: app.tick:153ms)
1785933550.838|[I][webradio] audio_info: buffers freed, free Heap: 48044 bytes
1785933550.847|[I][webradio] audio_info: Connect to new host: "http://stream.slam.nl/WEB15_MP3"
1785933550.877|[D][chrome] drawVolume pct=100 keyframe=4
1785933550.881|[D][chrome] drawVolume pct=100 keyframe=4
1785933550.906|[W][perf] iter=82ms (worst path so far: app.tick:153ms)
1785933557.854|[I][webradio] audio_info: Request http://stream.slam.nl/WEB15_MP3 failed!
1785933557.857|[W][webradio] connecttohost failed idx=0
1785933557.862|[W][webradio] auto-skip exhausted — no playable station
1785933557.865|[I][spotify.tls] tls yield — resumed
1785933557.868|[D][webradio] ICY:
1785933557.900|[D][chrome] drawVolume pct=100 keyframe=4
1785933557.904|[D][chrome] drawVolume pct=100 keyframe=4
1785933557.929|[W][perf] iter=76ms (worst path so far: wr.connect:7030ms)
1785933579.241|[I][hb] display=winamp wifi=rssi(-52) disc=3 heap=46k maxAlloc=41k stack_hwm=12876b uptime=01:59:04 poll=0/0 last=0 block_max=0ms loop_max=155ms slow=wr.connect:7030ms last_poll_age_ms=0 next_poll_in_ms=5000 last_render_age_ms=21321 build=Aug  5 2026-11:3
1785933580.668|[I][webradio] terminal retry — re-arming scan idx=0
1785933580.677|[I][webradio] play idx=0 name=INJECTED url=http://stream.slam.nl/WEB15_MP3
1785933580.866|[I][spotify.tls] tls yield — client stopped
1785933580.872|[membudget] TASK-267 _play pre-acquire lfbInt=42996 freeInt=48044
1785933580.877|[I][webradio] HEAP pre-connect free=48044 min=43240 maxAlloc=42996
1785933580.885|[membudget] CP1-pre-connect skip=0 freeInt=48044 lfbInt=42996 freeDma=4900 lfbDma=2036
1785933580.890|[W][perf] iter=221ms (worst path so far: app.tick:219ms)
1785933580.904|[I][webradio] audio_info: buffers freed, free Heap: 48044 bytes
1785933580.913|[I][webradio] audio_info: Connect to new host: "http://stream.slam.nl/WEB15_MP3"
1785933580.944|[D][chrome] drawVolume pct=100 keyframe=4
1785933580.948|[D][chrome] drawVolume pct=100 keyframe=4
1785933580.973|[W][perf] iter=82ms (worst path so far: app.tick:219ms)
1785933587.920|[I][webradio] audio_info: Request http://stream.slam.nl/WEB15_MP3 failed!
1785933587.924|[W][webradio] connecttohost failed idx=0
1785933587.930|[W][webradio] auto-skip exhausted — no playable station
1785933587.932|[I][spotify.tls] tls yield — resumed
1785933587.934|[D][webradio] ICY:
1785933587.967|[D][chrome] drawVolume pct=100 keyframe=4
1785933587.970|[D][chrome] drawVolume pct=100 keyframe=4
1785933587.996|[W][perf] iter=76ms (worst path so far: wr.connect:7030ms)
1785933609.240|[I][hb] display=winamp wifi=rssi(-54) disc=3 heap=46k maxAlloc=41k stack_hwm=12876b uptime=01:59:34 poll=0/0 last=0 block_max=0ms loop_max=221ms slow=wr.connect:7030ms last_poll_age_ms=0 next_poll_in_ms=5000 last_render_age_ms=21254 build=Aug  5 2026-11:3
1785933610.668|[I][webradio] terminal retry — re-arming scan idx=0
1785933610.675|[I][webradio] play idx=0 name=INJECTED url=http://stream.slam.nl/WEB15_MP3
1785933610.933|[I][spotify.tls] tls yield — client stopped
1785933610.938|[membudget] TASK-267 _play pre-acquire lfbInt=42996 freeInt=48044
1785933610.944|[I][webradio] HEAP pre-connect free=48044 min=43240 maxAlloc=42996
1785933610.952|[membudget] CP1-pre-connect skip=0 freeInt=48044 lfbInt=42996 freeDma=4900 lfbDma=2036
1785933610.957|[W][perf] iter=288ms (worst path so far: app.tick:286ms)
1785933610.972|[I][webradio] audio_info: buffers freed, free Heap: 48044 bytes
1785933610.980|[I][webradio] audio_info: Connect to new host: "http://stream.slam.nl/WEB15_MP3"
1785933611.010|[D][chrome] drawVolume pct=100 keyframe=4
1785933611.013|[D][chrome] drawVolume pct=100 keyframe=4
1785933611.039|[W][perf] iter=82ms (worst path so far: app.tick:286ms)
1785933617.987|[I][webradio] audio_info: Request http://stream.slam.nl/WEB15_MP3 failed!
1785933617.990|[W][webradio] connecttohost failed idx=0
1785933617.995|[W][webradio] auto-skip exhausted — no playable station
1785933617.998|[I][spotify.tls] tls yield — resumed
1785933618.001|[D][webradio] ICY:
1785933618.034|[D][chrome] drawVolume pct=100 keyframe=4
1785933618.037|[D][chrome] drawVolume pct=100 keyframe=4
1785933618.062|[W][perf] iter=76ms (worst path so far: wr.connect:7030ms)
1785933639.240|[I][hb] display=winamp wifi=rssi(-52) disc=3 heap=46k maxAlloc=41k stack_hwm=12876b uptime=02:00:04 poll=0/0 last=0 block_max=0ms loop_max=288ms slow=wr.connect:7030ms last_poll_age_ms=0 next_poll_in_ms=5000 last_render_age_ms=21187 build=Aug  5 2026-11:3
1785933640.668|[I][webradio] terminal retry — re-arming scan idx=0
1785933640.675|[I][webradio] play idx=0 name=INJECTED url=http://stream.slam.nl/WEB15_MP3
1785933640.999|[I][spotify.tls] tls yield — client stopped
1785933641.004|[membudget] TASK-267 _play pre-acquire lfbInt=42996 freeInt=48044
1785933641.010|[I][webradio] HEAP pre-connect free=48044 min=43240 maxAlloc=42996
1785933641.018|[membudget] CP1-pre-connect skip=0 freeInt=48044 lfbInt=42996 freeDma=4900 lfbDma=2036
1785933641.023|[W][perf] iter=355ms (worst path so far: app.tick:354ms)
1785933641.037|[I][webradio] audio_info: buffers freed, free Heap: 48044 bytes
1785933641.046|[I][webradio] audio_info: Connect to new host: "http://stream.slam.nl/WEB15_MP3"
1785933641.076|[D][chrome] drawVolume pct=100 keyframe=4
1785933641.080|[D][chrome] drawVolume pct=100 keyframe=4
1785933641.106|[W][perf] iter=82ms (worst path so far: app.tick:354ms)
1785933648.053|[I][webradio] audio_info: Request http://stream.slam.nl/WEB15_MP3 failed!
1785933648.056|[W][webradio] connecttohost failed idx=0
1785933648.062|[W][webradio] auto-skip exhausted — no playable station
1785933648.064|[I][spotify.tls] tls yield — resumed
1785933648.067|[D][webradio] ICY:
1785933648.100|[D][chrome] drawVolume pct=100 keyframe=4
1785933648.104|[D][chrome] drawVolume pct=100 keyframe=4
1785933648.128|[W][perf] iter=76ms (worst path so far: wr.connect:7030ms)
1785933649.306|{"ok":true,"cmd":"set","var":"bgPoll","val":"1"}
1785933649.316|{"ok":true,"cmd":"set","var":"wrAutoSkip","val":"1"}
1785933649.328|[shell] leaving 11  heap=48044 maxAlloc=42996 minFree=43240
1785933649.330|[I][wrpump] ack
1785933649.330|[I][wrpump] deleted
1785933649.345|[I][webradio] audio_info: buffers freed, free Heap: 48044 bytes
1785933649.351|[membudget] TASK-267 arena released
1785933649.406|[D][chrome] drawVolume pct=100 keyframe=4
1785933649.410|[D][chrome] drawVolume pct=-1 keyframe=NONE
1785933649.417|[shell] entered 0  heap=102736 maxAlloc=42996 minFree=43240
1785933649.424|[shell] switch 11->0 suspend=20ms wipe=27ms init=36ms taskbar=11ms total=94ms
1785933649.428|{"ok":true,"cmd":"switchApp","id":0}
