1785817240.186|ets Jul 29 2019 12:21:46
1785817240.192|rst:0x1 (POWERON_RESET),boot:0x13 (SPI_FAST_FLASH_BOOT)
1785817240.195|configsip: 0, SPIWP:0xee
1785817240.201|clk_drv:0x00,q_drv:0x00,d_drv:0x00,cs0_drv:0x00,hd_drv:0x00,wp_drv:0x00
1785817240.203|mode:DIO, clock div:2
1785817240.205|load:0x3fff0030,len:1184
1785817240.209|load:0x40078000,len:13232
1785817240.209|load:0x40080400,len:3028
1785817240.212|entry 0x400805e4
1785817240.967|[membudget] boot-baseline freeInt=204604 lfbInt=110580 freeDma=161460 lfbDma=110580
1785817240.973|[boot] git=d4ebd91 elf=5fbdf734 build=Aug  4 2026 05:09:55
1785817240.975|cyd display setup
1785817241.278|winamp display setup
1785817241.395|Initialisation done.
1785817241.426|SettingsStorage: loaded
1785817241.471|TouchCalStorage: loaded xMin=223 xMax=3582 yMin=196 yMax=3890
1785817241.532|[D][chrome] drawVolume pct=-1 keyframe=NONE
1785817241.546|reading config file
1785817241.549|opened config file
1785817241.549|parsed json
1785817241.559|config loaded: clientId=db…e0 (len=32) clientSecret=b9…63 (len=32) refreshToken=AQ…ng (len=131)
1785817241.578|[wifi-ev] t=681 ev=0 EV
1785817241.655|[wifi-ev] t=757 ev=2 STA_START
1785817241.695|[wifi-ev] t=797 ev=5 STA_DISCONNECTED reason=202
1785817241.805|[wifi-ev] t=908 ev=4 STA_CONNECTED
1785817242.368|[wifi-ev] t=1469 ev=7 STA_GOT_IP ip=192.168.1.181
1785817242.370|IP address: 192.168.1.181
1785817242.377|[membudget] post-wifi freeInt=148572 lfbInt=102388 freeDma=105428 lfbDma=102388
1785817245.677|[time] synced epoch=1785817245 in 3302ms
1785817245.682|[boot] spotify=idle (playerMode=webradio) — refresh deferred to first toggle
1785817245.685|[boot] spotify=off
1785817245.693|[membudget] post-spotifyTask freeInt=146912 lfbInt=102388 freeDma=103768 lfbDma=102388
1785817245.699|[membudget] post-dataTask freeInt=132056 lfbInt=86004 freeDma=88912 lfbDma=86004
1785817245.703|[I][dataTask] task started stack=14336B
1785817245.765|[D][chrome] drawVolume pct=-1 keyframe=NONE
1785817245.780|[shell] leaving 0  heap=132056 maxAlloc=86004 minFree=131936
1785817245.805|[I][webradio] HEAP init free=131652 min=131632
1785817245.811|[I][webradio] HEAP pre-fetch free=131652 min=131632
1785817245.816|[shell] entered 11  heap=131652 maxAlloc=86004 minFree=131632
1785817245.819|[D][dataTask.webradio] heap free=86k maxBlk=83k
1785817245.836|[D][dataTask.webradio] url=https://all.api.radio-browser.info/json/stations/search?countrycode=NL&codec=MP3&hidebroken=true&order=votes&reverse=true&limit=30&offset=0&bitrateMax=128
1785817245.842|[shell] switch 0->11 suspend=1ms wipe=27ms init=1ms taskbar=26ms total=55ms
1785817245.849|[membudget] post-init-idle freeInt=123820 lfbInt=77812 freeDma=80676 lfbDma=77812
1785817245.855|{"ok":true,"cmd":"get","var":"appId","id":11,"name":"WebRadio","last":true}
1785817245.861|{"ok":true,"cmd":"get","var":"appId","id":11,"name":"WebRadio","last":true}
1785817245.885|[I][hb] display=winamp wifi=rssi(-48) disc=1 heap=119k maxAlloc=75k stack_hwm=17580b uptime=00:00:04 poll=0/0 last=0 block_max=0ms loop_max=0ms slow=shell.switch:55ms last_poll_age_ms=0 next_poll_in_ms=5000 last_render_age_ms=97 build=Aug  4 2026-05:09:55
1785817245.938|[D][chrome] drawVolume pct=-1 keyframe=NONE
1785817245.941|[D][chrome] drawVolume pct=100 keyframe=4
1785817245.968|[W][perf] iter=117ms (worst path so far: app.tick:79ms)
1785817246.203|{"ok":true,"cmd":"get","var":"appId","id":11,"name":"WebRadio","last":true}
1785817246.215|{"ok":true,"cmd":"set","var":"bgPoll","val":"0"}
1785817246.224|{"ok":true,"cmd":"switchApp","id":11}
1785817246.239|{"ok":true,"cmd":"get","var":"wrCount","count":0,"pending":1,"last":true}
1785817248.254|{"ok":true,"cmd":"get","var":"wrCount","count":0,"pending":1,"last":true}
1785817248.560|[I][dataTask.webradio] GET mirror=all.api.radio-browser.info code=200 elapsed=2717ms
1785817248.975|[D][dataTask.webradio] url=https://all.api.radio-browser.info/json/stations/search?countrycode=NL&codec=MP3&hidebroken=true&order=votes&reverse=true&limit=30&offset=30&bitrateMax=128
1785817250.270|{"ok":true,"cmd":"get","var":"wrCount","count":0,"pending":1,"last":true}
1785817251.690|[I][dataTask.webradio] GET mirror=all.api.radio-browser.info code=200 elapsed=2712ms
1785817252.099|[I][dataTask.webradio] ok mirror=all.api.radio-browser.info country=NL count=30
1785817252.101|[D][dataTask.webradio] heap free=85k maxBlk=35k
1785817252.106|[I][webradio] HEAP post-fetch free=130612 min=66316
1785817252.111|[I][webradio] stations loaded count=30 country=NL
1785817252.140|[D][chrome] drawVolume pct=100 keyframe=4
1785817252.144|[D][chrome] drawVolume pct=100 keyframe=4
1785817252.174|[W][perf] iter=79ms (worst path so far: app.tick:79ms)
1785817252.284|{"ok":true,"cmd":"get","var":"wrCount","count":30,"pending":0,"last":true}
1785817252.296|{"ok":true,"cmd":"get","var":"wrCount","count":30,"pending":0,"last":true}
1785817252.319|{"ok":true,"cmd":"get","var":"wrStation","idx":0,"name":"Radio 10","bitrate":128,"url":"http://playerservices.streamtheworld.com/api/livestream-redirect/RADIO10.mp3","last":true}
1785817252.343|{"ok":true,"cmd":"get","var":"wrStation","idx":1,"name":"Sky Radio 80's Hits","bitrate":128,"url":"http://playerservices.streamtheworld.com/api/livestream-redirect/SRGSTR04.mp3","last":true}
1785817252.360|{"ok":true,"cmd":"get","var":"wrStation","idx":2,"name":"SLAM!","bitrate":128,"url":"http://stream.slam.nl/slam","last":true}
1785817252.380|{"ok":true,"cmd":"get","var":"wrStation","idx":3,"name":"Concertzender Baroque","bitrate":128,"url":"http://streams.greenhost.nl:8080/barok","last":true}
1785817252.402|{"ok":true,"cmd":"get","var":"wrStation","idx":4,"name":"Radio 10 60's & 70's Hits","bitrate":128,"url":"http://22333.live.streamtheworld.com:3690/TLPSTR18_SC","last":true}
1785817252.425|{"ok":true,"cmd":"get","var":"wrStation","idx":5,"name":"Sky Radio Christmas","bitrate":128,"url":"http://playerservices.streamtheworld.com/api/livestream-redirect/SRGSTR08.mp3","last":true}
1785817252.445|{"ok":true,"cmd":"get","var":"wrStation","idx":6,"name":"SLAM! Non Stop","bitrate":128,"url":"http://stream.radiocorp.nl/web10_mp3","last":true}
1785817252.462|{"ok":true,"cmd":"get","var":"wrStation","idx":7,"name":"100% NL","bitrate":128,"url":"http://stream.100p.nl/100pctnl.mp3","last":true}
1785817252.483|{"ok":true,"cmd":"get","var":"wrStation","idx":8,"name":"Concertzender Oude Muziek","bitrate":128,"url":"http://streams.greenhost.nl:8080/oudemuziek","last":true}
1785817252.502|{"ok":true,"cmd":"get","var":"wrStation","idx":9,"name":"The Great American Songbook","bitrate":128,"url":"http://tgas.dyndns.org:8001/;","last":true}
1785817252.525|{"ok":true,"cmd":"get","var":"wrStation","idx":10,"name":"Sky Radio 101 FM","bitrate":128,"url":"http://playerservices.streamtheworld.com/api/livestream-redirect/SKYRADIO.mp3","last":true}
1785817252.548|{"ok":true,"cmd":"get","var":"wrStation","idx":11,"name":"Radio 538","bitrate":128,"url":"http://playerservices.streamtheworld.com/api/livestream-redirect/RADIO538.mp3","last":true}
1785817252.569|{"ok":true,"cmd":"get","var":"wrStation","idx":12,"name":"Sky Radio 90's Hits","bitrate":128,"url":"http://22343.live.streamtheworld.com:80/SRGSTR05.mp3","last":true}
1785817252.589|{"ok":true,"cmd":"get","var":"wrStation","idx":13,"name":"Concertzender Geen dag zonder Bach","bitrate":128,"url":"http://streams.greenhost.nl:8080/bach","last":true}
1785817252.611|{"ok":true,"cmd":"get","var":"wrStation","idx":14,"name":"Slam! Mixmarathon","bitrate":128,"url":"http://stream.radiocorp.nl/web13_mp3","last":true}
1785817252.634|{"ok":true,"cmd":"get","var":"wrStation","idx":15,"name":"538 Dance Departmetn","bitrate":128,"url":"http://playerservices.streamtheworld.com/api/livestream-redirect/TLPSTR01.mp3","last":true}
1785817252.654|{"ok":true,"cmd":"get","var":"wrStation","idx":16,"name":"Radio 538 Ibiza","bitrate":128,"url":"http://22323.live.streamtheworld.com/TLPSTR19_SC","last":true}
1785817252.674|{"ok":true,"cmd":"get","var":"wrStation","idx":17,"name":"Radio 538 Nonstop","bitrate":128,"url":"http://25303.live.streamtheworld.com/TLPSTR09_SC","last":true}
1785817252.694|{"ok":true,"cmd":"get","var":"wrStation","idx":18,"name":"Concertzender Gregoriaans","bitrate":128,"url":"http://streams.greenhost.nl:8080/gregoriaans","last":true}
1785817252.714|{"ok":true,"cmd":"get","var":"wrStation","idx":19,"name":"Radio 538 Party","bitrate":128,"url":"http://28973.live.streamtheworld.com/TLPSTR16_SC","last":true}
1785817252.733|{"ok":true,"cmd":"get","var":"wrStation","idx":20,"name":"Radio Caroline 319 Gold","bitrate":128,"url":"http://www.rmgoldserver.eu:8313/","last":true}
1785817252.753|{"ok":true,"cmd":"get","var":"wrStation","idx":21,"name":"RTV Oost Radio","bitrate":128,"url":"http://streams.rtvoost.nl/audio/oost/mp3","last":true}
1785817252.773|{"ok":true,"cmd":"get","var":"wrStation","idx":22,"name":"Concertzender De Muzikant","bitrate":128,"url":"http://streams.greenhost.nl:8080/amateurmuziek","last":true}
1785817252.792|{"ok":true,"cmd":"get","var":"wrStation","idx":23,"name":"SLAM! DANCE CLASSICS","bitrate":128,"url":"http://stream.slam.nl/WEB15_MP3","last":true}
1785817252.814|{"ok":true,"cmd":"get","var":"wrStation","idx":24,"name":"538 Non-Stop","bitrate":128,"url":"http://playerservices.streamtheworld.com/api/livestream-redirect/TLPSTR09.mp3","last":true}
1785817252.835|{"ok":true,"cmd":"get","var":"wrStation","idx":25,"name":"Concertzender Geen dag zonder Bach","bitrate":128,"url":"http://streams.greenhost.nl:8080/bach","last":true}
1785817252.852|{"ok":true,"cmd":"get","var":"wrStation","idx":26,"name":"Coastline","bitrate":128,"url":"http://81.169.223.8/","last":true}
1785817252.874|{"ok":true,"cmd":"get","var":"wrStation","idx":27,"name":"RADIO 10 TOP 4000","bitrate":128,"url":"http://playerservices.streamtheworld.com/api/livestream-redirect/TLPSTR24.mp3","last":true}
1785817252.897|{"ok":true,"cmd":"get","var":"wrStation","idx":28,"name":"Sky Radio Nice & Easy","bitrate":128,"url":"http://playerservices.streamtheworld.com/api/livestream-redirect/SRGSTR07.mp3","last":true}
1785817252.918|{"ok":true,"cmd":"get","var":"wrStation","idx":29,"name":"Radio Noordvaarder Angel Healing","bitrate":128,"url":"http://www1.radionoordvaarder.nl:8000/;","last":true}
1785817252.932|{"ok":true,"cmd":"get","var":"wrSkip","autoSkip":1,"tried":0,"retries":0,"settled":0,"pending":0,"last":true}
1785817252.944|{"ok":true,"cmd":"set","var":"wrAutoSkip","val":"1"}
1785817252.960|{"ok":true,"cmd":"get","var":"wrSkip","autoSkip":1,"tried":0,"retries":0,"settled":0,"pending":0,"last":true}
1785817252.975|[I][webradio] play idx=0 name=INJECTED url=http://stream.slam.nl/WEB15_MP3
1785817252.980|[membudget] TASK-267 _play pre-acquire lfbInt=42996 freeInt=131016
1785817252.986|[membudget] TASK-267 arena acquire=24576B lfbBefore=42996 OK
1785817252.989|[membudget] arena init base=0x3fff91a4 cap=24576
1785817252.995|[membudget] CP0-pre-audio-init freeDma=63280 lfbDma=38900
1785817253.000|[I][wrpump] created stack=8192B prio=2 core=1
1785817253.005|[I][webradio] HEAP pre-connect free=75736 min=66316 maxAlloc=42996
1785817253.012|[membudget] CP1-pre-connect skip=0 freeInt=75736 lfbInt=42996 freeDma=32592 lfbDma=29684
1785817253.019|[I][webradio] audio_info: PSRAM not found, inputBufferSize: 6399 bytes
1785817253.035|[I][webradio] audio_info: buffers freed, free Heap: 67520 bytes
1785817253.044|[I][webradio] audio_info: Connect to new host: "http://stream.slam.nl/WEB15_MP3"
1785817253.126|[I][webradio] audio_info: Connection has been established in 78 ms, free Heap: 66704 bytes
1785817253.134|{"ok":true,"cmd":"set","var":"wrUrl","val":"http://stream.slam.nl/WEB15_MP3"}
1785817253.154|[I][webradio] audio_info: chunked data transfer
1785817253.164|[I][webradio] audio_info: redirect to new host "http://22713.live.streamtheworld.com/WEB15_MP3_SC"
1785817253.177|[I][webradio] audio_info: buffers freed, free Heap: 66948 bytes
1785817253.187|[I][webradio] audio_info: Connect to new host: "http://22713.live.streamtheworld.com/WEB15_MP3_SC"
1785817253.195|[D][chrome] drawVolume pct=100 keyframe=4
1785817253.199|[D][chrome] drawVolume pct=100 keyframe=4
1785817253.229|[W][perf] iter=255ms (worst path so far: wr.connect:119ms)
1785817253.245|[I][webradio] audio_info: Connection has been established in 51 ms, free Heap: 66256 bytes
1785817254.245|[I][webradio] audio_info: icy-name: SLAM! 00's
1785817254.251|[mbdbg] arena FIRST alloc: base=0x3fff91a4 cap=24576 req=2000
1785817254.268|[mbdbg] helix alloc: DecInfo=0x3fff91a4(2000) FHdr=0x3fff9974(44) SI=0x3fff99a0(40) SFJS=0x3fff99c8(36) Huff=0x3fff99ec(4624) Deq=0x3fffabfc(792) IMDCT=0x3fffaf14(6944) Sub=0x3fffca34(8708) FInfo=0x3fffec38(28)
1785817254.276|[I][webradio] audio_info: MP3Decoder has been initialized, free Heap: 57964 bytes
1785817254.285|[membudget] CP2-decoder-init freeInt=57964 lfbInt=42996 freeDma=14820 lfbDma=10740 arenaHWM=23216
1785817254.293|[W][perf] iter=52ms (worst path so far: wr.connect:119ms)[I][webradio] audio_info: stream ready
1785817254.298|[I][webradio] audio_info: syncword found at pos 0
1785817254.315|[I][webradio] audio_info: Channels: 2
1785817254.318|[I][webradio] audio_info: SampleRate: 44100
1785817254.321|[I][webradio] audio_info: BitsPerSample: 16
1785817254.326|[I][webradio] audio_info: BitRate: 128000
1785817254.927|[I][webradio] audio_info: StreamTitle='Jay-Z & Linkin Park - Numb Encore'
1785817254.946|[D][webradio] ICY: Jay-Z & Linkin Park - Numb Encore
1785817270.913|[I][webradio] HEAP play free=57956 min=50388
1785817275.895|[I][hb] display=winamp wifi=rssi(-51) disc=1 heap=54k maxAlloc=41k stack_hwm=11744b uptime=00:00:34 poll=0/0 last=0 block_max=0ms loop_max=255ms slow=wr.connect:119ms last_poll_age_ms=0 next_poll_in_ms=5000 last_render_age_ms=22670 build=Aug  4 2026-05:09
1785817294.945|[I][webradio] audio_info: StreamTitle='The Source & Candi Staton - You Got The Love'
1785817294.952|[D][webradio] ICY: The Source & Candi Staton - You Got The Love
1785817300.924|[I][webradio] HEAP play free=53228 min=50388
1785817305.907|[I][hb] display=winamp wifi=rssi(-51) disc=1 heap=54k maxAlloc=41k stack_hwm=11744b uptime=00:01:04 poll=0/0 last=0 block_max=0ms loop_max=46ms slow=app.tick:27ms last_poll_age_ms=0 next_poll_in_ms=5000 last_render_age_ms=52681 build=Aug  4 2026-05:09:55
1785817330.929|[I][webradio] HEAP play free=50656 min=50284
1785817335.915|[I][hb] display=winamp wifi=rssi(-49) disc=1 heap=54k maxAlloc=41k stack_hwm=11744b uptime=00:01:34 poll=0/0 last=0 block_max=0ms loop_max=49ms slow=app.tick:26ms last_poll_age_ms=0 next_poll_in_ms=5000 last_render_age_ms=82693 build=Aug  4 2026-05:09:55
1785817335.927|[W][perf] iter=51ms (worst path so far: wr.pump:22ms)
1785817360.930|[I][webradio] HEAP play free=60128 min=47888
1785817365.911|[I][hb] display=winamp wifi=rssi(-51) disc=1 heap=56k maxAlloc=41k stack_hwm=11744b uptime=00:02:04 poll=0/0 last=0 block_max=0ms loop_max=51ms slow=app.tick:27ms last_poll_age_ms=0 next_poll_in_ms=5000 last_render_age_ms=112693 build=Aug  4 2026-05:09:55
1785817367.169|{"ok":true,"cmd":"get","var":"wrState","state":2,"last":true}
1785817390.938|[I][webradio] HEAP play free=60352 min=47888
1785817395.921|[I][hb] display=winamp wifi=rssi(-48) disc=1 heap=56k maxAlloc=41k stack_hwm=11744b uptime=00:02:35 poll=0/0 last=0 block_max=0ms loop_max=44ms slow=app.tick:25ms last_poll_age_ms=0 next_poll_in_ms=5000 last_render_age_ms=142705 build=Aug  4 2026-05:09:55
1785817397.207|{"ok":true,"cmd":"get","var":"wrState","state":2,"last":true}
1785817420.948|[I][webradio] HEAP play free=55616 min=47888
1785817425.938|[I][hb] display=winamp wifi=rssi(-51) disc=1 heap=54k maxAlloc=41k stack_hwm=11744b uptime=00:03:05 poll=0/0 last=0 block_max=0ms loop_max=40ms slow=app.tick:26ms last_poll_age_ms=0 next_poll_in_ms=5000 last_render_age_ms=172717 build=Aug  4 2026-05:09:55
1785817427.226|{"ok":true,"cmd":"get","var":"wrState","state":2,"last":true}
1785817450.967|[I][webradio] HEAP play free=57980 min=47888
1785817454.938|[I][webradio] audio_info: StreamTitle='Daddy DJ - Daddy DJ'
1785817454.943|[D][webradio] ICY: Daddy DJ - Daddy DJ
1785817455.951|[I][hb] display=winamp wifi=rssi(-49) disc=1 heap=54k maxAlloc=41k stack_hwm=11744b uptime=00:03:35 poll=0/0 last=0 block_max=0ms loop_max=47ms slow=app.tick:27ms last_poll_age_ms=0 next_poll_in_ms=5000 last_render_age_ms=202728 build=Aug  4 2026-05:09:55
1785817457.259|{"ok":true,"cmd":"get","var":"wrState","state":2,"last":true}
1785817480.970|[I][webradio] HEAP play free=53244 min=47888
1785817485.968|[I][hb] display=winamp wifi=rssi(-50) disc=1 heap=54k maxAlloc=41k stack_hwm=11744b uptime=00:04:05 poll=0/0 last=0 block_max=0ms loop_max=50ms slow=app.tick:25ms last_poll_age_ms=0 next_poll_in_ms=5000 last_render_age_ms=232745 build=Aug  4 2026-05:09:55
1785817487.300|{"ok":true,"cmd":"get","var":"wrState","state":2,"last":true}
1785817510.974|[I][webradio] HEAP play free=60352 min=47888
1785817515.978|[I][hb] display=winamp wifi=rssi(-48) disc=1 heap=56k maxAlloc=41k stack_hwm=11744b uptime=00:04:35 poll=0/0 last=0 block_max=0ms loop_max=33ms slow=app.tick:27ms last_poll_age_ms=0 next_poll_in_ms=5000 last_render_age_ms=262761 build=Aug  4 2026-05:09:55
1785817517.338|{"ok":true,"cmd":"get","var":"wrState","state":2,"last":true}
1785817540.982|[I][webradio] HEAP play free=55624 min=47888
1785817545.992|[I][hb] display=winamp wifi=rssi(-49) disc=1 heap=56k maxAlloc=41k stack_hwm=11744b uptime=00:05:05 poll=0/0 last=0 block_max=0ms loop_max=47ms slow=app.tick:26ms last_poll_age_ms=0 next_poll_in_ms=5000 last_render_age_ms=292773 build=Aug  4 2026-05:09:55
1785817547.374|{"ok":true,"cmd":"get","var":"wrState","state":2,"last":true}
1785817553.395|{"ok":true,"cmd":"get","var":"wrState","state":2,"last":true}
1785817553.418|{"ok":true,"cmd":"get","var":"wrIdx","idx":0,"last":true}
1785817570.987|[I][webradio] HEAP play free=55648 min=47888
1785817576.009|[I][hb] display=winamp wifi=rssi(-50) disc=1 heap=54k maxAlloc=41k stack_hwm=11744b uptime=00:05:35 poll=0/0 last=0 block_max=0ms loop_max=40ms slow=app.tick:28ms last_poll_age_ms=0 next_poll_in_ms=5000 last_render_age_ms=322775 build=Aug  4 2026-05:09:55
1785817577.449|{"ok":true,"cmd":"get","var":"wrState","state":2,"last":true}
1785817601.004|[I][webradio] HEAP play free=58012 min=47888
1785817605.994|[I][hb] display=winamp wifi=rssi(-49) disc=1 heap=54k maxAlloc=41k stack_hwm=11744b uptime=00:06:05 poll=0/0 last=0 block_max=0ms loop_max=46ms slow=app.tick:28ms last_poll_age_ms=0 next_poll_in_ms=5000 last_render_age_ms=352781 build=Aug  4 2026-05:09:55
1785817607.488|{"ok":true,"cmd":"get","var":"wrState","state":2,"last":true}
1785817631.001|[I][webradio] HEAP play free=58012 min=47888
1785817636.013|[I][hb] display=winamp wifi=rssi(-49) disc=1 heap=52k maxAlloc=41k stack_hwm=11744b uptime=00:06:35 poll=0/0 last=0 block_max=0ms loop_max=41ms slow=app.tick:27ms last_poll_age_ms=0 next_poll_in_ms=5000 last_render_age_ms=382788 build=Aug  4 2026-05:09:55
1785817637.509|{"ok":true,"cmd":"get","var":"wrState","state":2,"last":true}
1785817661.003|[I][webradio] HEAP play free=58020 min=47888
1785817666.023|[I][hb] display=winamp wifi=rssi(-49) disc=1 heap=56k maxAlloc=41k stack_hwm=11744b uptime=00:07:05 poll=0/0 last=0 block_max=0ms loop_max=50ms slow=app.tick:26ms last_poll_age_ms=0 next_poll_in_ms=5000 last_render_age_ms=412788 build=Aug  4 2026-05:09:55
1785817667.541|{"ok":true,"cmd":"get","var":"wrState","state":2,"last":true}
1785817687.925|[I][webradio] audio_info: StreamTitle='Dante Thomas & Pras Michel - Miss California'
1785817687.944|[D][webradio] ICY: Dante Thomas & Pras Michel - Miss California
1785817691.004|[I][webradio] HEAP play free=60052 min=47888
1785817696.011|[I][hb] display=winamp wifi=rssi(-51) disc=1 heap=56k maxAlloc=41k stack_hwm=11744b uptime=00:07:35 poll=0/0 last=0 block_max=0ms loop_max=50ms slow=app.tick:27ms last_poll_age_ms=0 next_poll_in_ms=5000 last_render_age_ms=442796 build=Aug  4 2026-05:09:55
1785817697.558|{"ok":true,"cmd":"get","var":"wrState","state":2,"last":true}
1785817721.015|[I][webradio] HEAP play free=55648 min=47888
1785817726.026|[I][hb] display=winamp wifi=rssi(-50) disc=1 heap=56k maxAlloc=41k stack_hwm=11744b uptime=00:08:05 poll=0/0 last=0 block_max=0ms loop_max=50ms slow=app.tick:26ms last_poll_age_ms=0 next_poll_in_ms=5000 last_render_age_ms=472809 build=Aug  4 2026-05:09:55
1785817727.593|{"ok":true,"cmd":"get","var":"wrState","state":2,"last":true}
1785817751.028|[I][webradio] HEAP play free=58012 min=47888
1785817756.039|[I][hb] display=winamp wifi=rssi(-49) disc=1 heap=54k maxAlloc=41k stack_hwm=11744b uptime=00:08:35 poll=0/0 last=0 block_max=0ms loop_max=37ms slow=app.tick:26ms last_poll_age_ms=0 next_poll_in_ms=5000 last_render_age_ms=502828 build=Aug  4 2026-05:09:55
1785817757.616|{"ok":true,"cmd":"get","var":"wrState","state":2,"last":true}
1785817781.045|[I][webradio] HEAP play free=58012 min=47888
1785817786.063|[I][hb] display=winamp wifi=rssi(-48) disc=1 heap=56k maxAlloc=41k stack_hwm=11744b uptime=00:09:05 poll=0/0 last=0 block_max=0ms loop_max=47ms slow=app.tick:29ms last_poll_age_ms=0 next_poll_in_ms=5000 last_render_age_ms=532843 build=Aug  4 2026-05:09:55
1785817787.656|{"ok":true,"cmd":"get","var":"wrState","state":2,"last":true}
1785817811.051|[I][webradio] HEAP play free=58020 min=47888
1785817816.067|[I][hb] display=winamp wifi=rssi(-47) disc=1 heap=56k maxAlloc=41k stack_hwm=11744b uptime=00:09:35 poll=0/0 last=0 block_max=0ms loop_max=48ms slow=app.tick:29ms last_poll_age_ms=0 next_poll_in_ms=5000 last_render_age_ms=562857 build=Aug  4 2026-05:09:55
1785817817.695|{"ok":true,"cmd":"get","var":"wrState","state":2,"last":true}
1785817841.074|[I][webradio] HEAP play free=55648 min=47888
1785817846.091|[I][hb] display=winamp wifi=rssi(-48) disc=1 heap=58k maxAlloc=41k stack_hwm=11744b uptime=00:10:05 poll=0/0 last=0 block_max=0ms loop_max=42ms slow=app.tick:30ms last_poll_age_ms=0 next_poll_in_ms=5000 last_render_age_ms=592872 build=Aug  4 2026-05:09:55
1785817846.111|[W][perf] iter=51ms (worst path so far: app.tick:24ms)
1785817847.738|{"ok":true,"cmd":"get","var":"wrState","state":2,"last":true}
1785817853.769|{"ok":true,"cmd":"get","var":"wrState","state":2,"last":true}
1785817853.799|{"ok":true,"cmd":"get","var":"wrIdx","idx":0,"last":true}
1785817871.075|[I][webradio] HEAP play free=55648 min=47888
1785817876.100|[I][hb] display=winamp wifi=rssi(-48) disc=1 heap=54k maxAlloc=41k stack_hwm=11744b uptime=00:10:35 poll=0/0 last=0 block_max=0ms loop_max=51ms slow=app.tick:26ms last_poll_age_ms=0 next_poll_in_ms=5000 last_render_age_ms=622886 build=Aug  4 2026-05:09:55
1785817877.822|{"ok":true,"cmd":"get","var":"wrState","state":2,"last":true}
1785817901.079|[I][webradio] HEAP play free=58020 min=47888
1785817906.113|[I][hb] display=winamp wifi=rssi(-50) disc=1 heap=54k maxAlloc=41k stack_hwm=11744b uptime=00:11:05 poll=0/0 last=0 block_max=0ms loop_max=48ms slow=app.tick:26ms last_poll_age_ms=0 next_poll_in_ms=5000 last_render_age_ms=652893 build=Aug  4 2026-05:09:55
1785817907.845|{"ok":true,"cmd":"get","var":"wrState","state":2,"last":true}
1785817925.916|[I][webradio] audio_info: StreamTitle='Lasgo - Something'
1785817925.921|[D][webradio] ICY: Lasgo - Something
1785817931.085|[I][webradio] HEAP play free=58012 min=47888
1785817936.102|[I][hb] display=winamp wifi=rssi(-50) disc=1 heap=56k maxAlloc=41k stack_hwm=11744b uptime=00:11:35 poll=0/0 last=0 block_max=0ms loop_max=50ms slow=app.tick:28ms last_poll_age_ms=0 next_poll_in_ms=5000 last_render_age_ms=682893 build=Aug  4 2026-05:09:55
1785817937.883|{"ok":true,"cmd":"get","var":"wrState","state":2,"last":true}
1785817961.092|[I][webradio] HEAP play free=58020 min=47888
1785817966.111|[I][hb] display=winamp wifi=rssi(-50) disc=1 heap=56k maxAlloc=41k stack_hwm=11744b uptime=00:12:05 poll=0/0 last=0 block_max=0ms loop_max=38ms slow=app.tick:27ms last_poll_age_ms=0 next_poll_in_ms=5000 last_render_age_ms=712899 build=Aug  4 2026-05:09:55
1785817967.921|{"ok":true,"cmd":"get","var":"wrState","state":2,"last":true}
1785817991.096|[I][webradio] HEAP play free=60376 min=47888
1785817996.121|[I][hb] display=winamp wifi=rssi(-48) disc=1 heap=49k maxAlloc=41k stack_hwm=11744b uptime=00:12:35 poll=0/0 last=0 block_max=0ms loop_max=49ms slow=app.tick:25ms last_poll_age_ms=0 next_poll_in_ms=5000 last_render_age_ms=742910 build=Aug  4 2026-05:09:55
1785817997.939|{"ok":true,"cmd":"get","var":"wrState","state":2,"last":true}
1785818021.102|[I][webradio] HEAP play free=60384 min=47888
1785818026.123|[I][hb] display=winamp wifi=rssi(-48) disc=1 heap=58k maxAlloc=41k stack_hwm=11744b uptime=00:13:05 poll=0/0 last=0 block_max=0ms loop_max=49ms slow=app.tick:27ms last_poll_age_ms=0 next_poll_in_ms=5000 last_render_age_ms=772911 build=Aug  4 2026-05:09:55
1785818027.979|{"ok":true,"cmd":"get","var":"wrState","state":2,"last":true}
1785818051.112|[I][webradio] HEAP play free=55648 min=47888
1785818056.128|[I][hb] display=winamp wifi=rssi(-48) disc=1 heap=54k maxAlloc=41k stack_hwm=11744b uptime=00:13:35 poll=0/0 last=0 block_max=0ms loop_max=48ms slow=app.tick:30ms last_poll_age_ms=0 next_poll_in_ms=5000 last_render_age_ms=802922 build=Aug  4 2026-05:09:55
1785818058.019|{"ok":true,"cmd":"get","var":"wrState","state":2,"last":true}
1785818081.126|[I][webradio] HEAP play free=58012 min=47888
1785818086.147|[I][hb] display=winamp wifi=rssi(-48) disc=1 heap=54k maxAlloc=41k stack_hwm=11744b uptime=00:14:05 poll=0/0 last=0 block_max=0ms loop_max=43ms slow=app.tick:28ms last_poll_age_ms=0 next_poll_in_ms=5000 last_render_age_ms=832932 build=Aug  4 2026-05:09:55
1785818088.033|{"ok":true,"cmd":"get","var":"wrState","state":2,"last":true}
1785818111.140|[I][webradio] HEAP play free=58012 min=47888
1785818116.156|[I][hb] display=winamp wifi=rssi(-49) disc=1 heap=56k maxAlloc=41k stack_hwm=11744b uptime=00:14:35 poll=0/0 last=0 block_max=0ms loop_max=46ms slow=app.tick:28ms last_poll_age_ms=0 next_poll_in_ms=5000 last_render_age_ms=862951 build=Aug  4 2026-05:09:55
1785818118.066|{"ok":true,"cmd":"get","var":"wrState","state":2,"last":true}
1785818141.162|[I][webradio] HEAP play free=55648 min=47888
1785818146.174|[I][hb] display=winamp wifi=rssi(-48) disc=1 heap=56k maxAlloc=41k stack_hwm=11744b uptime=00:15:05 poll=0/0 last=0 block_max=0ms loop_max=33ms slow=app.tick:29ms last_poll_age_ms=0 next_poll_in_ms=5000 last_render_age_ms=892962 build=Aug  4 2026-05:09:55
1785818148.087|{"ok":true,"cmd":"get","var":"wrState","state":2,"last":true}
1785818154.119|{"ok":true,"cmd":"get","var":"wrState","state":2,"last":true}
1785818154.145|{"ok":true,"cmd":"get","var":"wrIdx","idx":0,"last":true}
1785818155.926|[I][webradio] audio_info: StreamTitle='Pirates Of The Carribean - He's A Pirate'
1785818155.947|[D][webradio] ICY: Pirates Of The Carribean - He's A Pirate
1785818171.169|[I][webradio] HEAP play free=55648 min=47888
1785818176.186|[I][hb] display=winamp wifi=rssi(-49) disc=1 heap=54k maxAlloc=41k stack_hwm=11744b uptime=00:15:35 poll=0/0 last=0 block_max=0ms loop_max=42ms slow=app.tick:25ms last_poll_age_ms=0 next_poll_in_ms=5000 last_render_age_ms=922980 build=Aug  4 2026-05:09:55
1785818178.179|{"ok":true,"cmd":"get","var":"wrState","state":2,"last":true}
1785818201.187|[I][webradio] HEAP play free=58012 min=47888
1785818206.201|[I][hb] display=winamp wifi=rssi(-49) disc=1 heap=54k maxAlloc=41k stack_hwm=11744b uptime=00:16:05 poll=0/0 last=0 block_max=0ms loop_max=46ms slow=app.tick:26ms last_poll_age_ms=0 next_poll_in_ms=5000 last_render_age_ms=952991 build=Aug  4 2026-05:09:55
1785818208.220|{"ok":true,"cmd":"get","var":"wrState","state":2,"last":true}
1785818231.193|[I][webradio] HEAP play free=58012 min=47888
1785818236.213|[I][hb] display=winamp wifi=rssi(-50) disc=1 heap=56k maxAlloc=41k stack_hwm=11744b uptime=00:16:35 poll=0/0 last=0 block_max=0ms loop_max=46ms slow=app.tick:28ms last_poll_age_ms=0 next_poll_in_ms=5000 last_render_age_ms=983005 build=Aug  4 2026-05:09:55
1785818236.247|{"ok":true,"cmd":"get","var":"wrState","state":2,"last":true}
1785818261.193|[I][webradio] HEAP play free=58012 min=47888
1785818266.229|[I][hb] display=winamp wifi=rssi(-48) disc=1 heap=56k maxAlloc=41k stack_hwm=11744b uptime=00:17:05 poll=0/0 last=0 block_max=0ms loop_max=48ms slow=app.tick:26ms last_poll_age_ms=0 next_poll_in_ms=5000 last_render_age_ms=1013015 build=Aug  4 2026-05:09:5
1785818266.236|[W][perf] iter=53ms (worst path so far: wr.pump:23ms)
1785818266.288|{"ok":true,"cmd":"get","var":"wrState","state":2,"last":true}
1785818291.205|[I][webradio] HEAP play free=55296 min=47888
1785818296.218|[I][hb] display=winamp wifi=rssi(-49) disc=1 heap=56k maxAlloc=41k stack_hwm=11744b uptime=00:17:35 poll=0/0 last=0 block_max=0ms loop_max=53ms slow=app.tick:24ms last_poll_age_ms=0 next_poll_in_ms=5000 last_render_age_ms=1043015 build=Aug  4 2026-05:09:5
1785818296.325|{"ok":true,"cmd":"get","var":"wrState","state":2,"last":true}
1785818321.215|[I][webradio] HEAP play free=55648 min=47888
1785818326.234|[I][hb] display=winamp wifi=rssi(-50) disc=1 heap=54k maxAlloc=41k stack_hwm=11744b uptime=00:18:05 poll=0/0 last=0 block_max=0ms loop_max=28ms slow=app.tick:25ms last_poll_age_ms=0 next_poll_in_ms=5000 last_render_age_ms=1073028 build=Aug  4 2026-05:09:5
1785818326.343|{"ok":true,"cmd":"get","var":"wrState","state":2,"last":true}
1785818351.227|[I][webradio] HEAP play free=55648 min=47888
1785818356.245|[I][hb] display=winamp wifi=rssi(-49) disc=1 heap=54k maxAlloc=41k stack_hwm=11744b uptime=00:18:35 poll=0/0 last=0 block_max=0ms loop_max=45ms slow=app.tick:28ms last_poll_age_ms=0 next_poll_in_ms=5000 last_render_age_ms=1103032 build=Aug  4 2026-05:09:5
1785818356.252|[W][perf] iter=52ms (worst path so far: wr.pump:22ms)
1785818356.382|{"ok":true,"cmd":"get","var":"wrState","state":2,"last":true}
1785818381.237|[I][webradio] HEAP play free=58012 min=47888
1785818386.235|[I][hb] display=winamp wifi=rssi(-48) disc=1 heap=54k maxAlloc=41k stack_hwm=11744b uptime=00:19:05 poll=0/0 last=0 block_max=0ms loop_max=52ms slow=app.tick:26ms last_poll_age_ms=0 next_poll_in_ms=5000 last_render_age_ms=1133033 build=Aug  4 2026-05:09:5
1785818386.416|{"ok":true,"cmd":"get","var":"wrState","state":2,"last":true}
1785818398.912|[I][webradio] audio_info: StreamTitle='Pussycat Dolls & Busta Rhymes - Don't Cha'
1785818398.932|[D][webradio] ICY: Pussycat Dolls & Busta Rhymes - Don't Cha
1785818411.255|[I][webradio] HEAP play free=58020 min=47888
1785818416.245|[I][hb] display=winamp wifi=rssi(-48) disc=1 heap=56k maxAlloc=41k stack_hwm=11744b uptime=00:19:35 poll=0/0 last=0 block_max=0ms loop_max=46ms slow=app.tick:29ms last_poll_age_ms=0 next_poll_in_ms=5000 last_render_age_ms=1163043 build=Aug  4 2026-05:09:5
1785818416.453|{"ok":true,"cmd":"get","var":"wrState","state":2,"last":true}
1785818441.254|[I][webradio] HEAP play free=55648 min=47888
1785818446.263|[I][hb] display=winamp wifi=rssi(-48) disc=1 heap=56k maxAlloc=41k stack_hwm=11744b uptime=00:20:05 poll=0/0 last=0 block_max=0ms loop_max=39ms slow=app.tick:25ms last_poll_age_ms=0 next_poll_in_ms=5000 last_render_age_ms=1193054 build=Aug  4 2026-05:09:5
1785818446.482|{"ok":true,"cmd":"get","var":"wrState","state":2,"last":true}
1785818454.497|{"ok":true,"cmd":"get","var":"wrState","state":2,"last":true}
1785818454.520|{"ok":true,"cmd":"get","var":"wrIdx","idx":0,"last":true}
1785818471.262|[I][webradio] HEAP play free=55648 min=47888
1785818476.274|[I][hb] display=winamp wifi=rssi(-48) disc=1 heap=58k maxAlloc=41k stack_hwm=11744b uptime=00:20:35 poll=0/0 last=0 block_max=0ms loop_max=48ms slow=app.tick:30ms last_poll_age_ms=0 next_poll_in_ms=5000 last_render_age_ms=1223073 build=Aug  4 2026-05:09:5
1785818476.544|{"ok":true,"cmd":"get","var":"wrState","state":2,"last":true}
1785818501.279|[I][webradio] HEAP play free=58012 min=47888
1785818506.291|[I][hb] display=winamp wifi=rssi(-50) disc=1 heap=54k maxAlloc=41k stack_hwm=11744b uptime=00:21:05 poll=0/0 last=0 block_max=0ms loop_max=47ms slow=app.tick:28ms last_poll_age_ms=0 next_poll_in_ms=5000 last_render_age_ms=1253088 build=Aug  4 2026-05:09:5
1785818506.578|{"ok":true,"cmd":"get","var":"wrState","state":2,"last":true}
1785818531.282|[I][webradio] HEAP play free=58012 min=47888
1785818536.303|[I][hb] display=winamp wifi=rssi(-51) disc=1 heap=54k maxAlloc=41k stack_hwm=11744b uptime=00:21:35 poll=0/0 last=0 block_max=0ms loop_max=37ms slow=app.tick:25ms last_poll_age_ms=0 next_poll_in_ms=5000 last_render_age_ms=1283097 build=Aug  4 2026-05:09:5
1785818536.599|{"ok":true,"cmd":"get","var":"wrState","state":2,"last":true}
1785818561.283|[I][webradio] HEAP play free=58020 min=47888
1785818566.318|[I][hb] display=winamp wifi=rssi(-48) disc=1 heap=56k maxAlloc=41k stack_hwm=11744b uptime=00:22:05 poll=0/0 last=0 block_max=0ms loop_max=48ms slow=app.tick:29ms last_poll_age_ms=0 next_poll_in_ms=5000 last_render_age_ms=1313120 build=Aug  4 2026-05:09:5
1785818566.637|{"ok":true,"cmd":"get","var":"wrState","state":2,"last":true}
1785818591.292|[I][webradio] HEAP play free=58012 min=47888
1785818596.335|[I][hb] display=winamp wifi=rssi(-49) disc=1 heap=56k maxAlloc=41k stack_hwm=11744b uptime=00:22:35 poll=0/0 last=0 block_max=0ms loop_max=28ms slow=app.tick:26ms last_poll_age_ms=0 next_poll_in_ms=5000 last_render_age_ms=1343126 build=Aug  4 2026-05:09:5
1785818596.675|{"ok":true,"cmd":"get","var":"wrState","state":2,"last":true}
1785818621.304|[I][webradio] HEAP play free=55648 min=47888
1785818626.347|[I][hb] display=winamp wifi=rssi(-48) disc=1 heap=54k maxAlloc=41k stack_hwm=11744b uptime=00:23:05 poll=0/0 last=0 block_max=0ms loop_max=50ms slow=app.tick:27ms last_poll_age_ms=0 next_poll_in_ms=5000 last_render_age_ms=1373128 build=Aug  4 2026-05:09:5
1785818626.716|{"ok":true,"cmd":"get","var":"wrState","state":2,"last":true}
1785818651.315|[I][webradio] HEAP play free=55648 min=47888
1785818651.900|[I][webradio] audio_info: StreamTitle='Bomfunk Mc's - Freestyler'
1785818651.919|[D][webradio] ICY: Bomfunk Mc's - Freestyler
1785818656.359|[I][hb] display=winamp wifi=rssi(-48) disc=1 heap=54k maxAlloc=41k stack_hwm=11744b uptime=00:23:35 poll=0/0 last=0 block_max=0ms loop_max=46ms slow=app.tick:27ms last_poll_age_ms=0 next_poll_in_ms=5000 last_render_age_ms=1403140 build=Aug  4 2026-05:09:5
1785818656.755|{"ok":true,"cmd":"get","var":"wrState","state":2,"last":true}
1785818681.326|[I][webradio] HEAP play free=58020 min=47888
1785818686.347|[I][hb] display=winamp wifi=rssi(-49) disc=1 heap=56k maxAlloc=41k stack_hwm=11744b uptime=00:24:05 poll=0/0 last=0 block_max=0ms loop_max=50ms slow=app.tick:28ms last_poll_age_ms=0 next_poll_in_ms=5000 last_render_age_ms=1433145 build=Aug  4 2026-05:09:5
1785818686.779|{"ok":true,"cmd":"get","var":"wrState","state":2,"last":true}
1785818711.329|[I][webradio] HEAP play free=58012 min=47888
1785818716.363|[I][hb] display=winamp wifi=rssi(-48) disc=1 heap=56k maxAlloc=41k stack_hwm=11744b uptime=00:24:35 poll=0/0 last=0 block_max=0ms loop_max=50ms slow=app.tick:25ms last_poll_age_ms=0 next_poll_in_ms=5000 last_render_age_ms=1463156 build=Aug  4 2026-05:09:5
1785818716.369|[W][perf] iter=52ms (worst path so far: wr.pump:22ms)
1785818716.812|{"ok":true,"cmd":"get","var":"wrState","state":2,"last":true}
1785818741.341|[I][webradio] HEAP play free=55648 min=47888
1785818746.352|[I][hb] display=winamp wifi=rssi(-50) disc=1 heap=56k maxAlloc=41k stack_hwm=11744b uptime=00:25:05 poll=0/0 last=0 block_max=0ms loop_max=52ms slow=app.tick:25ms last_poll_age_ms=0 next_poll_in_ms=5000 last_render_age_ms=1493156 build=Aug  4 2026-05:09:5
1785818746.848|{"ok":true,"cmd":"get","var":"wrState","state":2,"last":true}
1785818754.872|{"ok":true,"cmd":"get","var":"wrState","state":2,"last":true}
1785818754.898|{"ok":true,"cmd":"get","var":"wrIdx","idx":0,"last":true}
1785818771.344|[I][webradio] HEAP play free=55648 min=47888
1785818776.363|[I][hb] display=winamp wifi=rssi(-48) disc=1 heap=54k maxAlloc=41k stack_hwm=11744b uptime=00:25:35 poll=0/0 last=0 block_max=0ms loop_max=45ms slow=app.tick:26ms last_poll_age_ms=0 next_poll_in_ms=5000 last_render_age_ms=1523169 build=Aug  4 2026-05:09:5
1785818776.917|{"ok":true,"cmd":"get","var":"wrState","state":2,"last":true}
1785818801.359|[I][webradio] HEAP play free=55648 min=47888
1785818806.380|[I][hb] display=winamp wifi=rssi(-50) disc=1 heap=54k maxAlloc=41k stack_hwm=11744b uptime=00:26:05 poll=0/0 last=0 block_max=0ms loop_max=38ms slow=app.tick:25ms last_poll_age_ms=0 next_poll_in_ms=5000 last_render_age_ms=1553179 build=Aug  4 2026-05:09:5
1785818806.956|{"ok":true,"cmd":"get","var":"wrState","state":2,"last":true}
1785818809.916|[I][webradio] audio_info: StreamTitle='Bodyrox & Luciana - What Planet You On'
1785818809.936|[D][webradio] ICY: Bodyrox & Luciana - What Planet You On
1785818831.374|[I][webradio] HEAP play free=58020 min=47888
1785818836.393|[I][hb] display=winamp wifi=rssi(-49) disc=1 heap=54k maxAlloc=41k stack_hwm=11744b uptime=00:26:35 poll=0/0 last=0 block_max=0ms loop_max=48ms slow=app.tick:28ms last_poll_age_ms=0 next_poll_in_ms=5000 last_render_age_ms=1583191 build=Aug  4 2026-05:09:5
1785818836.400|[W][perf] iter=51ms (worst path so far: wr.pump:21ms)
1785818836.976|{"ok":true,"cmd":"get","var":"wrState","state":2,"last":true}
1785818861.373|[I][webradio] HEAP play free=58012 min=47888
1785818866.408|[I][hb] display=winamp wifi=rssi(-49) disc=1 heap=56k maxAlloc=41k stack_hwm=11744b uptime=00:27:05 poll=0/0 last=0 block_max=0ms loop_max=51ms slow=app.tick:26ms last_poll_age_ms=0 next_poll_in_ms=5000 last_render_age_ms=1613214 build=Aug  4 2026-05:09:5
1785818867.012|{"ok":true,"cmd":"get","var":"wrState","state":2,"last":true}
1785818891.381|[I][webradio] HEAP play free=58020 min=47888
1785818896.421|[I][hb] display=winamp wifi=rssi(-49) disc=1 heap=52k maxAlloc=41k stack_hwm=11744b uptime=00:27:35 poll=0/0 last=0 block_max=0ms loop_max=48ms slow=app.tick:29ms last_poll_age_ms=0 next_poll_in_ms=5000 last_render_age_ms=1643220 build=Aug  4 2026-05:09:5
1785818897.047|{"ok":true,"cmd":"get","var":"wrState","state":2,"last":true}
1785818921.391|[I][webradio] HEAP play free=55648 min=47888
1785818926.436|[I][hb] display=winamp wifi=rssi(-48) disc=1 heap=54k maxAlloc=41k stack_hwm=11744b uptime=00:28:05 poll=0/0 last=0 block_max=0ms loop_max=48ms slow=app.tick:27ms last_poll_age_ms=0 next_poll_in_ms=5000 last_render_age_ms=1673220 build=Aug  4 2026-05:09:5
1785818927.068|{"ok":true,"cmd":"get","var":"wrState","state":2,"last":true}
1785818951.404|[I][webradio] HEAP play free=55648 min=47888
1785818956.425|[I][hb] display=winamp wifi=rssi(-48) disc=1 heap=54k maxAlloc=41k stack_hwm=11744b uptime=00:28:35 poll=0/0 last=0 block_max=0ms loop_max=48ms slow=app.tick:27ms last_poll_age_ms=0 next_poll_in_ms=5000 last_render_age_ms=1703224 build=Aug  4 2026-05:09:5
1785818957.104|{"ok":true,"cmd":"get","var":"wrState","state":2,"last":true}
1785818981.416|[I][webradio] HEAP play free=58012 min=47888
1785818986.437|[I][hb] display=winamp wifi=rssi(-50) disc=1 heap=56k maxAlloc=41k stack_hwm=11744b uptime=00:29:05 poll=0/0 last=0 block_max=0ms loop_max=50ms slow=app.tick:24ms last_poll_age_ms=0 next_poll_in_ms=5000 last_render_age_ms=1733244 build=Aug  4 2026-05:09:5
1785818987.125|{"ok":true,"cmd":"get","var":"wrState","state":2,"last":true}
1785818999.898|[I][webradio] audio_info: StreamTitle='Black Eyed Peas - Where Is The Love'
1785818999.916|[D][webradio] ICY: Black Eyed Peas - Where Is The Love
1785819011.416|[I][webradio] HEAP play free=58012 min=47888
1785819016.471|[I][hb] display=winamp wifi=rssi(-48) disc=1 heap=56k maxAlloc=41k stack_hwm=11744b uptime=00:29:35 poll=0/0 last=0 block_max=0ms loop_max=29ms slow=app.tick:27ms last_poll_age_ms=0 next_poll_in_ms=5000 last_render_age_ms=1763261 build=Aug  4 2026-05:09:5
1785819016.495|[W][perf] iter=57ms (worst path so far: wr.pump:20ms)
1785819017.157|{"ok":true,"cmd":"get","var":"wrState","state":2,"last":true}
1785819041.421|[I][webradio] HEAP play free=58012 min=47888
1785819046.469|[I][hb] display=winamp wifi=rssi(-48) disc=1 heap=56k maxAlloc=41k stack_hwm=11744b uptime=00:30:05 poll=0/0 last=0 block_max=0ms loop_max=57ms slow=app.tick:25ms last_poll_age_ms=0 next_poll_in_ms=5000 last_render_age_ms=1793267 build=Aug  4 2026-05:09:5
1785819047.179|{"ok":true,"cmd":"get","var":"wrState","state":2,"last":true}
1785819055.198|{"ok":true,"cmd":"get","var":"wrState","state":2,"last":true}
1785819055.221|{"ok":true,"cmd":"get","var":"wrIdx","idx":0,"last":true}
1785819071.420|[I][webradio] HEAP play free=55648 min=47888
1785819076.458|[I][hb] display=winamp wifi=rssi(-49) disc=1 heap=54k maxAlloc=41k stack_hwm=11744b uptime=00:30:35 poll=0/0 last=0 block_max=0ms loop_max=50ms slow=app.tick:27ms last_poll_age_ms=0 next_poll_in_ms=5000 last_render_age_ms=1823267 build=Aug  4 2026-05:09:5
1785819077.239|{"ok":true,"cmd":"get","var":"wrState","state":2,"last":true}
1785819101.424|[I][webradio] HEAP play free=55648 min=47888
1785819106.469|[I][hb] display=winamp wifi=rssi(-48) disc=1 heap=54k maxAlloc=41k stack_hwm=11744b uptime=00:31:05 poll=0/0 last=0 block_max=0ms loop_max=27ms slow=app.tick:25ms last_poll_age_ms=0 next_poll_in_ms=5000 last_render_age_ms=1853273 build=Aug  4 2026-05:09:5
1785819107.277|{"ok":true,"cmd":"get","var":"wrState","state":2,"last":true}
1785819131.437|[I][webradio] HEAP play free=58012 min=47888
1785819136.481|[I][hb] display=winamp wifi=rssi(-49) disc=1 heap=56k maxAlloc=41k stack_hwm=11744b uptime=00:31:35 poll=0/0 last=0 block_max=0ms loop_max=49ms slow=app.tick:26ms last_poll_age_ms=0 next_poll_in_ms=5000 last_render_age_ms=1883291 build=Aug  4 2026-05:09:5
1785819137.318|{"ok":true,"cmd":"get","var":"wrState","state":2,"last":true}
1785819161.447|[I][webradio] HEAP play free=58012 min=47888
1785819166.496|[I][hb] display=winamp wifi=rssi(-50) disc=1 heap=56k maxAlloc=41k stack_hwm=11744b uptime=00:32:05 poll=0/0 last=0 block_max=0ms loop_max=44ms slow=app.tick:27ms last_poll_age_ms=0 next_poll_in_ms=5000 last_render_age_ms=1913298 build=Aug  4 2026-05:09:5
1785819167.340|{"ok":true,"cmd":"get","var":"wrState","state":2,"last":true}
1785819187.899|[I][webradio] audio_info: StreamTitle='Alex Gaudino & Crystal Waters - Destination Calabria'
1785819187.907|[D][webradio] ICY: Alex Gaudino & Crystal Waters - Destination Calabria
1785819191.447|[I][webradio] HEAP play free=58020 min=47888
1785819196.515|[I][hb] display=winamp wifi=rssi(-48) disc=1 heap=56k maxAlloc=41k stack_hwm=11744b uptime=00:32:35 poll=0/0 last=0 block_max=0ms loop_max=40ms slow=app.tick:28ms last_poll_age_ms=0 next_poll_in_ms=5000 last_render_age_ms=1943315 build=Aug  4 2026-05:09:5
1785819197.381|{"ok":true,"cmd":"get","var":"wrState","state":2,"last":true}
1785819221.463|[I][webradio] HEAP play free=55648 min=47888
1785819226.525|[I][hb] display=winamp wifi=rssi(-49) disc=1 heap=54k maxAlloc=41k stack_hwm=11744b uptime=00:33:05 poll=0/0 last=0 block_max=0ms loop_max=50ms slow=app.tick:29ms last_poll_age_ms=0 next_poll_in_ms=5000 last_render_age_ms=1973337 build=Aug  4 2026-05:09:5
1785819227.416|{"ok":true,"cmd":"get","var":"wrState","state":2,"last":true}
1785819251.470|[I][webradio] HEAP play free=55648 min=47888
1785819256.538|[I][hb] display=winamp wifi=rssi(-50) disc=1 heap=54k maxAlloc=41k stack_hwm=11744b uptime=00:33:35 poll=0/0 last=0 block_max=0ms loop_max=47ms slow=app.tick:29ms last_poll_age_ms=0 next_poll_in_ms=5000 last_render_age_ms=2003343 build=Aug  4 2026-05:09:5
1785819257.455|{"ok":true,"cmd":"get","var":"wrState","state":2,"last":true}
1785819281.485|[I][webradio] HEAP play free=58012 min=47888
1785819286.554|[I][hb] display=winamp wifi=rssi(-49) disc=1 heap=56k maxAlloc=41k stack_hwm=11744b uptime=00:34:05 poll=0/0 last=0 block_max=0ms loop_max=49ms slow=app.tick:29ms last_poll_age_ms=0 next_poll_in_ms=5000 last_render_age_ms=2033356 build=Aug  4 2026-05:09:5
1785819286.560|[W][perf] iter=52ms (worst path so far: wr.pump:22ms)
1785819287.475|{"ok":true,"cmd":"get","var":"wrState","state":2,"last":true}
1785819311.492|[I][webradio] HEAP play free=58020 min=47888
1785819316.564|[I][hb] display=winamp wifi=rssi(-50) disc=1 heap=56k maxAlloc=41k stack_hwm=11744b uptime=00:34:35 poll=0/0 last=0 block_max=0ms loop_max=52ms slow=app.tick:28ms last_poll_age_ms=0 next_poll_in_ms=5000 last_render_age_ms=2063357 build=Aug  4 2026-05:09:5
1785819316.571|[W][perf] iter=51ms (worst path so far: wr.pump:22ms)
1785819317.511|{"ok":true,"cmd":"get","var":"wrState","state":2,"last":true}
1785819341.492|[I][webradio] HEAP play free=58012 min=47888
1785819346.550|[I][hb] display=winamp wifi=rssi(-48) disc=1 heap=56k maxAlloc=41k stack_hwm=11744b uptime=00:35:05 poll=0/0 last=0 block_max=0ms loop_max=51ms slow=app.tick:29ms last_poll_age_ms=0 next_poll_in_ms=5000 last_render_age_ms=2093360 build=Aug  4 2026-05:09:5
1785819346.563|[W][perf] iter=52ms (worst path so far: wr.pump:19ms)
1785819347.546|{"ok":true,"cmd":"get","var":"wrState","state":2,"last":true}
1785819355.570|{"ok":true,"cmd":"get","var":"wrState","state":2,"last":true}
1785819355.598|{"ok":true,"cmd":"get","var":"wrIdx","idx":0,"last":true}
1785819357.901|[I][webradio] audio_info: StreamTitle='Cahill & Nikki Belle - Trippin On You'
1785819357.922|[D][webradio] ICY: Cahill & Nikki Belle - Trippin On You
1785819371.502|[I][webradio] HEAP play free=55648 min=47888
1785819376.569|[I][hb] display=winamp wifi=rssi(-50) disc=1 heap=54k maxAlloc=41k stack_hwm=11744b uptime=00:35:35 poll=0/0 last=0 block_max=0ms loop_max=52ms slow=app.tick:29ms last_poll_age_ms=0 next_poll_in_ms=5000 last_render_age_ms=2123384 build=Aug  4 2026-05:09:5
1785819377.623|{"ok":true,"cmd":"get","var":"wrState","state":2,"last":true}
1785819401.513|[I][webradio] HEAP play free=55648 min=47888
1785819406.582|[I][hb] display=winamp wifi=rssi(-48) disc=1 heap=56k maxAlloc=41k stack_hwm=11744b uptime=00:36:05 poll=0/0 last=0 block_max=0ms loop_max=46ms slow=app.tick:29ms last_poll_age_ms=0 next_poll_in_ms=5000 last_render_age_ms=2153395 build=Aug  4 2026-05:09:5
1785819407.658|{"ok":true,"cmd":"get","var":"wrState","state":2,"last":true}
1785819431.512|[I][webradio] HEAP play free=58012 min=47888
1785819436.599|[I][hb] display=winamp wifi=rssi(-48) disc=1 heap=56k maxAlloc=41k stack_hwm=11744b uptime=00:36:35 poll=0/0 last=0 block_max=0ms loop_max=42ms slow=app.tick:27ms last_poll_age_ms=0 next_poll_in_ms=5000 last_render_age_ms=2183413 build=Aug  4 2026-05:09:5
1785819437.696|{"ok":true,"cmd":"get","var":"wrState","state":2,"last":true}
1785819461.517|[I][webradio] HEAP play free=58012 min=47888
1785819466.610|[I][hb] display=winamp wifi=rssi(-48) disc=1 heap=56k maxAlloc=41k stack_hwm=11744b uptime=00:37:05 poll=0/0 last=0 block_max=0ms loop_max=29ms slow=app.tick:28ms last_poll_age_ms=0 next_poll_in_ms=5000 last_render_age_ms=2213424 build=Aug  4 2026-05:09:5
1785819467.718|{"ok":true,"cmd":"get","var":"wrState","state":2,"last":true}
1785819491.525|[I][webradio] HEAP play free=58012 min=47888
1785819496.626|[I][hb] display=winamp wifi=rssi(-48) disc=1 heap=54k maxAlloc=41k stack_hwm=11744b uptime=00:37:35 poll=0/0 last=0 block_max=0ms loop_max=34ms slow=app.tick:27ms last_poll_age_ms=0 next_poll_in_ms=5000 last_render_age_ms=2243437 build=Aug  4 2026-05:09:5
1785819497.750|{"ok":true,"cmd":"get","var":"wrState","state":2,"last":true}
1785819521.527|[I][webradio] HEAP play free=60064 min=47888
1785819521.898|[I][webradio] audio_info: StreamTitle='Fatman Scoop & The Crooklyn Clan - Be Faithful'
1785819521.920|[D][webradio] ICY: Fatman Scoop & The Crooklyn Clan - Be Faithful
1785819526.637|[I][hb] display=winamp wifi=rssi(-49) disc=1 heap=54k maxAlloc=41k stack_hwm=11744b uptime=00:38:05 poll=0/0 last=0 block_max=0ms loop_max=48ms slow=app.tick:27ms last_poll_age_ms=0 next_poll_in_ms=5000 last_render_age_ms=2273455 build=Aug  4 2026-05:09:5
1785819527.769|{"ok":true,"cmd":"get","var":"wrState","state":2,"last":true}
1785819551.540|[I][webradio] HEAP play free=55648 min=47888
1785819556.655|[I][hb] display=winamp wifi=rssi(-50) disc=1 heap=56k maxAlloc=41k stack_hwm=11744b uptime=00:38:35 poll=0/0 last=0 block_max=0ms loop_max=43ms slow=app.tick:28ms last_poll_age_ms=0 next_poll_in_ms=5000 last_render_age_ms=2303465 build=Aug  4 2026-05:09:5
1785819557.790|{"ok":true,"cmd":"get","var":"wrState","state":2,"last":true}
1785819581.545|[I][webradio] HEAP play free=55648 min=47888
1785819586.666|[I][hb] display=winamp wifi=rssi(-50) disc=1 heap=56k maxAlloc=41k stack_hwm=11744b uptime=00:39:05 poll=0/0 last=0 block_max=0ms loop_max=47ms slow=app.tick:29ms last_poll_age_ms=0 next_poll_in_ms=5000 last_render_age_ms=2333479 build=Aug  4 2026-05:09:5
1785819587.826|{"ok":true,"cmd":"get","var":"wrState","state":2,"last":true}
1785819611.544|[I][webradio] HEAP play free=58012 min=47888
1785819616.679|[I][hb] display=winamp wifi=rssi(-48) disc=1 heap=56k maxAlloc=41k stack_hwm=11744b uptime=00:39:35 poll=0/0 last=0 block_max=0ms loop_max=49ms slow=app.tick:27ms last_poll_age_ms=0 next_poll_in_ms=5000 last_render_age_ms=2363490 build=Aug  4 2026-05:09:5
1785819616.706|[W][perf] iter=70ms (worst path so far: wr.pump:22ms)
1785819617.858|{"ok":true,"cmd":"get","var":"wrState","state":2,"last":true}
1785819641.547|[I][webradio] HEAP play free=58012 min=47888
1785819646.695|[I][hb] display=winamp wifi=rssi(-48) disc=1 heap=54k maxAlloc=41k stack_hwm=11744b uptime=00:40:05 poll=0/0 last=0 block_max=0ms loop_max=70ms slow=app.tick:26ms last_poll_age_ms=0 next_poll_in_ms=5000 last_render_age_ms=2393492 build=Aug  4 2026-05:09:5
1785819647.899|{"ok":true,"cmd":"get","var":"wrState","state":2,"last":true}
1785819655.926|{"ok":true,"cmd":"get","var":"wrState","state":2,"last":true}
1785819655.944|{"ok":true,"cmd":"get","var":"wrIdx","idx":0,"last":true}
1785819671.558|[I][webradio] HEAP play free=58020 min=47888
1785819676.681|[I][hb] display=winamp wifi=rssi(-49) disc=1 heap=54k maxAlloc=41k stack_hwm=11744b uptime=00:40:35 poll=0/0 last=0 block_max=0ms loop_max=48ms slow=app.tick:29ms last_poll_age_ms=0 next_poll_in_ms=5000 last_render_age_ms=2423495 build=Aug  4 2026-05:09:5
1785819677.985|{"ok":true,"cmd":"get","var":"wrState","state":2,"last":true}
1785819701.560|[I][webradio] HEAP play free=60052 min=47888
1785819706.700|[I][hb] display=winamp wifi=rssi(-48) disc=1 heap=56k maxAlloc=41k stack_hwm=11744b uptime=00:41:05 poll=0/0 last=0 block_max=0ms loop_max=50ms slow=app.tick:28ms last_poll_age_ms=0 next_poll_in_ms=5000 last_render_age_ms=2453513 build=Aug  4 2026-05:09:5
1785819707.881|[I][webradio] audio_info: StreamTitle='Darude - Feel The Beat'
1785819707.886|[D][webradio] ICY: Darude - Feel The Beat
1785819708.013|{"ok":true,"cmd":"get","var":"wrState","state":2,"last":true}
1785819731.567|[I][webradio] HEAP play free=55648 min=47888
1785819736.710|[I][hb] display=winamp wifi=rssi(-49) disc=1 heap=56k maxAlloc=41k stack_hwm=11744b uptime=00:41:35 poll=0/0 last=0 block_max=0ms loop_max=38ms slow=app.tick:26ms last_poll_age_ms=0 next_poll_in_ms=5000 last_render_age_ms=2483531 build=Aug  4 2026-05:09:5
1785819738.048|{"ok":true,"cmd":"get","var":"wrState","state":2,"last":true}
1785819761.574|[I][webradio] HEAP play free=55648 min=47888
1785819766.724|[I][hb] display=winamp wifi=rssi(-48) disc=1 heap=56k maxAlloc=41k stack_hwm=11744b uptime=00:42:05 poll=0/0 last=0 block_max=0ms loop_max=33ms slow=app.tick:29ms last_poll_age_ms=0 next_poll_in_ms=5000 last_render_age_ms=2513536 build=Aug  4 2026-05:09:5
1785819766.751|[W][perf] iter=68ms (worst path so far: wr.pump:22ms)
1785819768.083|{"ok":true,"cmd":"get","var":"wrState","state":2,"last":true}
1785819791.575|[I][webradio] HEAP play free=58012 min=47888
1785819796.716|[I][hb] display=winamp wifi=rssi(-50) disc=1 heap=54k maxAlloc=41k stack_hwm=11744b uptime=00:42:35 poll=0/0 last=0 block_max=0ms loop_max=68ms slow=app.tick:26ms last_poll_age_ms=0 next_poll_in_ms=5000 last_render_age_ms=2543537 build=Aug  4 2026-05:09:5
1785819798.109|{"ok":true,"cmd":"get","var":"wrState","state":2,"last":true}
1785819821.583|[I][webradio] HEAP play free=58012 min=47888
1785819826.727|[I][hb] display=winamp wifi=rssi(-48) disc=1 heap=54k maxAlloc=41k stack_hwm=11744b uptime=00:43:05 poll=0/0 last=0 block_max=0ms loop_max=30ms slow=app.tick:28ms last_poll_age_ms=0 next_poll_in_ms=5000 last_render_age_ms=2573549 build=Aug  4 2026-05:09:5
1785819828.147|{"ok":true,"cmd":"get","var":"wrState","state":2,"last":true}
1785819851.591|[I][webradio] HEAP play free=58012 min=47888
1785819856.746|[I][hb] display=winamp wifi=rssi(-48) disc=1 heap=54k maxAlloc=41k stack_hwm=11744b uptime=00:43:35 poll=0/0 last=0 block_max=0ms loop_max=30ms slow=app.tick:28ms last_poll_age_ms=0 next_poll_in_ms=5000 last_render_age_ms=2603559 build=Aug  4 2026-05:09:5
1785819858.180|{"ok":true,"cmd":"get","var":"wrState","state":2,"last":true}
1785819881.592|[I][webradio] HEAP play free=55648 min=47888
1785819886.755|[I][hb] display=winamp wifi=rssi(-48) disc=1 heap=56k maxAlloc=41k stack_hwm=11744b uptime=00:44:05 poll=0/0 last=0 block_max=0ms loop_max=34ms slow=app.tick:27ms last_poll_age_ms=0 next_poll_in_ms=5000 last_render_age_ms=2633578 build=Aug  4 2026-05:09:5
1785819888.222|{"ok":true,"cmd":"get","var":"wrState","state":2,"last":true}
1785819911.604|[I][webradio] HEAP play free=55648 min=47888
1785819916.770|[I][hb] display=winamp wifi=rssi(-51) disc=1 heap=56k maxAlloc=41k stack_hwm=11744b uptime=00:44:35 poll=0/0 last=0 block_max=0ms loop_max=28ms slow=app.tick:25ms last_poll_age_ms=0 next_poll_in_ms=5000 last_render_age_ms=2663587 build=Aug  4 2026-05:09:5
1785819918.240|{"ok":true,"cmd":"get","var":"wrState","state":2,"last":true}
1785819941.607|[I][webradio] HEAP play free=55648 min=47888
1785819946.783|[I][hb] display=winamp wifi=rssi(-49) disc=1 heap=54k maxAlloc=41k stack_hwm=11744b uptime=00:45:05 poll=0/0 last=0 block_max=0ms loop_max=39ms slow=app.tick:25ms last_poll_age_ms=0 next_poll_in_ms=5000 last_render_age_ms=2693602 build=Aug  4 2026-05:09:5
1785819948.277|{"ok":true,"cmd":"get","var":"wrState","state":2,"last":true}
1785819954.892|[I][webradio] audio_info: StreamTitle='Dance 2 Trance - Power Of American Natives 2009'
1785819954.907|[D][webradio] ICY: Dance 2 Trance - Power Of American Natives 2009
1785819956.302|{"ok":true,"cmd":"get","var":"wrState","state":2,"last":true}
1785819956.325|{"ok":true,"cmd":"get","var":"wrIdx","idx":0,"last":true}
1785819971.607|[I][webradio] HEAP play free=58012 min=47888
1785819976.792|[I][hb] display=winamp wifi=rssi(-48) disc=1 heap=54k maxAlloc=41k stack_hwm=11744b uptime=00:45:35 poll=0/0 last=0 block_max=0ms loop_max=49ms slow=app.tick:26ms last_poll_age_ms=0 next_poll_in_ms=5000 last_render_age_ms=2723612 build=Aug  4 2026-05:09:5
1785819976.804|[W][perf] iter=52ms (worst path so far: wr.pump:22ms)
1785819978.348|{"ok":true,"cmd":"get","var":"wrState","state":2,"last":true}
1785820001.612|[I][webradio] HEAP play free=58012 min=47888
1785820006.791|[I][hb] display=winamp wifi=rssi(-49) disc=1 heap=56k maxAlloc=41k stack_hwm=11744b uptime=00:46:05 poll=0/0 last=0 block_max=0ms loop_max=52ms slow=app.tick:25ms last_poll_age_ms=0 next_poll_in_ms=5000 last_render_age_ms=2753613 build=Aug  4 2026-05:09:5
1785820008.386|{"ok":true,"cmd":"get","var":"wrState","state":2,"last":true}
1785820031.611|[I][webradio] HEAP play free=60180 min=47888
1785820036.799|[I][hb] display=winamp wifi=rssi(-49) disc=1 heap=56k maxAlloc=41k stack_hwm=11744b uptime=00:46:35 poll=0/0 last=0 block_max=0ms loop_max=39ms slow=app.tick:27ms last_poll_age_ms=0 next_poll_in_ms=5000 last_render_age_ms=2783620 build=Aug  4 2026-05:09:5
1785820038.431|{"ok":true,"cmd":"get","var":"wrState","state":2,"last":true}
1785820061.617|[I][webradio] HEAP play free=55648 min=47888
1785820066.823|[I][hb] display=winamp wifi=rssi(-48) disc=1 heap=58k maxAlloc=41k stack_hwm=11744b uptime=00:47:05 poll=0/0 last=0 block_max=0ms loop_max=49ms slow=app.tick:25ms last_poll_age_ms=0 next_poll_in_ms=5000 last_render_age_ms=2813640 build=Aug  4 2026-05:09:5
1785820068.465|{"ok":true,"cmd":"get","var":"wrState","state":2,"last":true}
1785820091.628|[I][webradio] HEAP play free=55648 min=47888
1785820096.829|[I][hb] display=winamp wifi=rssi(-48) disc=1 heap=54k maxAlloc=41k stack_hwm=11744b uptime=00:47:35 poll=0/0 last=0 block_max=0ms loop_max=32ms slow=app.tick:27ms last_poll_age_ms=0 next_poll_in_ms=5000 last_render_age_ms=2843649 build=Aug  4 2026-05:09:5
1785820098.508|{"ok":true,"cmd":"get","var":"wrState","state":2,"last":true}
1785820121.649|[I][webradio] HEAP play free=58020 min=47888
1785820126.837|[I][hb] display=winamp wifi=rssi(-50) disc=1 heap=54k maxAlloc=41k stack_hwm=11744b uptime=00:48:05 poll=0/0 last=0 block_max=0ms loop_max=48ms slow=app.tick:28ms last_poll_age_ms=0 next_poll_in_ms=5000 last_render_age_ms=2873660 build=Aug  4 2026-05:09:5
1785820128.548|{"ok":true,"cmd":"get","var":"wrState","state":2,"last":true}
1785820151.660|[I][webradio] HEAP play free=58012 min=47888
1785820156.835|[I][hb] display=winamp wifi=rssi(-49) disc=1 heap=56k maxAlloc=41k stack_hwm=11744b uptime=00:48:35 poll=0/0 last=0 block_max=0ms loop_max=49ms slow=app.tick:29ms last_poll_age_ms=0 next_poll_in_ms=5000 last_render_age_ms=2903660 build=Aug  4 2026-05:09:5
1785820158.591|{"ok":true,"cmd":"get","var":"wrState","state":2,"last":true}
1785820167.891|[I][webradio] audio_info: StreamTitle='Jojo - Leave (Get Out)'
1785820167.913|[D][webradio] ICY: Jojo - Leave (Get Out)
1785820181.675|[I][webradio] HEAP play free=55648 min=47888
1785820186.844|[I][hb] display=winamp wifi=rssi(-49) disc=1 heap=56k maxAlloc=41k stack_hwm=11744b uptime=00:49:05 poll=0/0 last=0 block_max=0ms loop_max=31ms slow=app.tick:29ms last_poll_age_ms=0 next_poll_in_ms=5000 last_render_age_ms=2933666 build=Aug  4 2026-05:09:5
1785820188.631|{"ok":true,"cmd":"get","var":"wrState","state":2,"last":true}
1785820211.689|[I][webradio] HEAP play free=55648 min=47888
1785820216.867|[I][hb] display=winamp wifi=rssi(-49) disc=1 heap=58k maxAlloc=41k stack_hwm=11744b uptime=00:49:35 poll=0/0 last=0 block_max=0ms loop_max=50ms slow=app.tick:28ms last_poll_age_ms=0 next_poll_in_ms=5000 last_render_age_ms=2963687 build=Aug  4 2026-05:09:5
1785820216.888|[W][perf] iter=51ms (worst path so far: app.tick:24ms)
1785820218.666|{"ok":true,"cmd":"get","var":"wrState","state":2,"last":true}
1785820241.697|[I][webradio] HEAP play free=55648 min=47888
1785820246.877|[I][hb] display=winamp wifi=rssi(-48) disc=1 heap=54k maxAlloc=41k stack_hwm=11744b uptime=00:50:06 poll=0/0 last=0 block_max=0ms loop_max=51ms slow=app.tick:27ms last_poll_age_ms=0 next_poll_in_ms=5000 last_render_age_ms=2993701 build=Aug  4 2026-05:09:5
1785820248.702|{"ok":true,"cmd":"get","var":"wrState","state":2,"last":true}
1785820256.728|{"ok":true,"cmd":"get","var":"wrState","state":2,"last":true}
1785820256.754|{"ok":true,"cmd":"get","var":"wrIdx","idx":0,"last":true}
1785820271.696|[I][webradio] HEAP play free=58012 min=47888
1785820276.895|[I][hb] display=winamp wifi=rssi(-48) disc=1 heap=54k maxAlloc=41k stack_hwm=11744b uptime=00:50:36 poll=0/0 last=0 block_max=0ms loop_max=47ms slow=app.tick:29ms last_poll_age_ms=0 next_poll_in_ms=5000 last_render_age_ms=3023712 build=Aug  4 2026-05:09:5
1785820278.778|{"ok":true,"cmd":"get","var":"wrState","state":2,"last":true}
1785820301.701|[I][webradio] HEAP play free=58012 min=47888
1785820306.905|[I][hb] display=winamp wifi=rssi(-49) disc=1 heap=56k maxAlloc=41k stack_hwm=11744b uptime=00:51:06 poll=0/0 last=0 block_max=0ms loop_max=35ms slow=app.tick:26ms last_poll_age_ms=0 next_poll_in_ms=5000 last_render_age_ms=3053726 build=Aug  4 2026-05:09:5
1785820308.818|{"ok":true,"cmd":"get","var":"wrState","state":2,"last":true}
1785820331.713|[I][webradio] HEAP play free=58020 min=47888
1785820336.918|[I][hb] display=winamp wifi=rssi(-48) disc=1 heap=56k maxAlloc=41k stack_hwm=11744b uptime=00:51:36 poll=0/0 last=0 block_max=0ms loop_max=47ms slow=app.tick:27ms last_poll_age_ms=0 next_poll_in_ms=5000 last_render_age_ms=3083740 build=Aug  4 2026-05:09:5
1785820338.854|{"ok":true,"cmd":"get","var":"wrState","state":2,"last":true}
1785820361.712|[I][webradio] HEAP play free=55648 min=47888
1785820366.916|[I][hb] display=winamp wifi=rssi(-48) disc=1 heap=58k maxAlloc=41k stack_hwm=11744b uptime=00:52:06 poll=0/0 last=0 block_max=0ms loop_max=47ms slow=app.tick:27ms last_poll_age_ms=0 next_poll_in_ms=5000 last_render_age_ms=3113740 build=Aug  4 2026-05:09:5
1785820368.899|{"ok":true,"cmd":"get","var":"wrState","state":2,"last":true}
1785820391.721|[I][webradio] HEAP play free=55648 min=47888
1785820396.923|[I][hb] display=winamp wifi=rssi(-48) disc=1 heap=54k maxAlloc=41k stack_hwm=11744b uptime=00:52:36 poll=0/0 last=0 block_max=0ms loop_max=36ms slow=app.tick:24ms last_poll_age_ms=0 next_poll_in_ms=5000 last_render_age_ms=3143750 build=Aug  4 2026-05:09:5
1785820398.956|{"ok":true,"cmd":"get","var":"wrState","state":2,"last":true}
1785820401.892|[I][webradio] audio_info: StreamTitle='Jeckyll & Hyde - Frozen Flame'
1785820401.896|[D][webradio] ICY: Jeckyll & Hyde - Frozen Flame
1785820421.738|[I][webradio] HEAP play free=58020 min=47888
1785820426.934|[I][hb] display=winamp wifi=rssi(-50) disc=1 heap=54k maxAlloc=41k stack_hwm=11744b uptime=00:53:06 poll=0/0 last=0 block_max=0ms loop_max=44ms slow=app.tick:26ms last_poll_age_ms=0 next_poll_in_ms=5000 last_render_age_ms=3173759 build=Aug  4 2026-05:09:5
1785820427.010|{"ok":true,"cmd":"get","var":"wrState","state":2,"last":true}
1785820451.745|[I][webradio] HEAP play free=58012 min=47888
1785820456.945|[I][hb] display=winamp wifi=rssi(-49) disc=1 heap=56k maxAlloc=41k stack_hwm=11744b uptime=00:53:36 poll=0/0 last=0 block_max=0ms loop_max=40ms slow=app.tick:27ms last_poll_age_ms=0 next_poll_in_ms=5000 last_render_age_ms=3203775 build=Aug  4 2026-05:09:5
1785820457.030|{"ok":true,"cmd":"get","var":"wrState","state":2,"last":true}
1785820481.758|[I][webradio] HEAP play free=58020 min=47888
1785820486.962|[I][hb] display=winamp wifi=rssi(-48) disc=1 heap=56k maxAlloc=41k stack_hwm=11744b uptime=00:54:06 poll=0/0 last=0 block_max=0ms loop_max=47ms slow=app.tick:29ms last_poll_age_ms=0 next_poll_in_ms=5000 last_render_age_ms=3233794 build=Aug  4 2026-05:09:5
1785820487.067|{"ok":true,"cmd":"get","var":"wrState","state":2,"last":true}
1785820511.757|[I][webradio] HEAP play free=55648 min=47888
1785820516.979|[I][hb] display=winamp wifi=rssi(-48) disc=1 heap=54k maxAlloc=41k stack_hwm=11744b uptime=00:54:36 poll=0/0 last=0 block_max=0ms loop_max=48ms slow=app.tick:28ms last_poll_age_ms=0 next_poll_in_ms=5000 last_render_age_ms=3263807 build=Aug  4 2026-05:09:5
1785820517.110|{"ok":true,"cmd":"get","var":"wrState","state":2,"last":true}
1785820541.766|[I][webradio] HEAP play free=55648 min=47888
1785820546.991|[I][hb] display=winamp wifi=rssi(-50) disc=1 heap=54k maxAlloc=41k stack_hwm=11744b uptime=00:55:06 poll=0/0 last=0 block_max=0ms loop_max=45ms slow=app.tick:27ms last_poll_age_ms=0 next_poll_in_ms=5000 last_render_age_ms=3293818 build=Aug  4 2026-05:09:5
1785820547.145|{"ok":true,"cmd":"get","var":"wrState","state":2,"last":true}
1785820557.178|{"ok":true,"cmd":"get","var":"wrState","state":2,"last":true}
1785820557.211|{"ok":true,"cmd":"get","var":"wrIdx","idx":0,"last":true}
1785820571.774|[I][webradio] HEAP play free=58012 min=47888
1785820577.004|[I][hb] display=winamp wifi=rssi(-49) disc=1 heap=56k maxAlloc=41k stack_hwm=11744b uptime=00:55:36 poll=0/0 last=0 block_max=0ms loop_max=46ms slow=app.tick:26ms last_poll_age_ms=0 next_poll_in_ms=5000 last_render_age_ms=3323836 build=Aug  4 2026-05:09:5
1785820577.243|{"ok":true,"cmd":"get","var":"wrState","state":2,"last":true}
1785820601.790|[I][webradio] HEAP play free=58012 min=47888
1785820606.873|[I][webradio] audio_info: StreamTitle='Love Inc. - You're A Superstar'
1785820606.894|[D][webradio] ICY: Love Inc. - You're A Superstar
1785820607.019|[I][hb] display=winamp wifi=rssi(-48) disc=1 heap=56k maxAlloc=41k stack_hwm=11744b uptime=00:56:06 poll=0/0 last=0 block_max=0ms loop_max=28ms slow=app.tick:26ms last_poll_age_ms=0 next_poll_in_ms=5000 last_render_age_ms=3353846 build=Aug  4 2026-05:09:5
1785820607.281|{"ok":true,"cmd":"get","var":"wrState","state":2,"last":true}
1785820631.802|[I][webradio] HEAP play free=58020 min=47888
1785820637.037|[I][hb] display=winamp wifi=rssi(-48) disc=1 heap=58k maxAlloc=41k stack_hwm=11744b uptime=00:56:36 poll=0/0 last=0 block_max=0ms loop_max=34ms slow=app.tick:27ms last_poll_age_ms=0 next_poll_in_ms=5000 last_render_age_ms=3383866 build=Aug  4 2026-05:09:5
1785820637.301|{"ok":true,"cmd":"get","var":"wrState","state":2,"last":true}
1785820661.802|[I][webradio] HEAP play free=55648 min=47888
1785820667.047|[I][hb] display=winamp wifi=rssi(-48) disc=1 heap=54k maxAlloc=41k stack_hwm=11744b uptime=00:57:06 poll=0/0 last=0 block_max=0ms loop_max=46ms slow=app.tick:28ms last_poll_age_ms=0 next_poll_in_ms=5000 last_render_age_ms=3413871 build=Aug  4 2026-05:09:5
1785820667.344|{"ok":true,"cmd":"get","var":"wrState","state":2,"last":true}
1785820691.808|[I][webradio] HEAP play free=55648 min=47888
1785820697.059|[I][hb] display=winamp wifi=rssi(-48) disc=1 heap=54k maxAlloc=41k stack_hwm=11744b uptime=00:57:36 poll=0/0 last=0 block_max=0ms loop_max=49ms slow=app.tick:25ms last_poll_age_ms=0 next_poll_in_ms=5000 last_render_age_ms=3443872 build=Aug  4 2026-05:09:5
1785820697.382|{"ok":true,"cmd":"get","var":"wrState","state":2,"last":true}
1785820721.823|[I][webradio] HEAP play free=55648 min=47888
1785820727.048|[I][hb] display=winamp wifi=rssi(-48) disc=1 heap=54k maxAlloc=41k stack_hwm=11744b uptime=00:58:06 poll=0/0 last=0 block_max=0ms loop_max=50ms slow=app.tick:25ms last_poll_age_ms=0 next_poll_in_ms=5000 last_render_age_ms=3473880 build=Aug  4 2026-05:09:5
1785820727.415|{"ok":true,"cmd":"get","var":"wrState","state":2,"last":true}
1785820751.835|[I][webradio] HEAP play free=58012 min=47888
1785820757.055|[I][hb] display=winamp wifi=rssi(-49) disc=1 heap=56k maxAlloc=41k stack_hwm=11744b uptime=00:58:36 poll=0/0 last=0 block_max=0ms loop_max=38ms slow=app.tick:26ms last_poll_age_ms=0 next_poll_in_ms=5000 last_render_age_ms=3503888 build=Aug  4 2026-05:09:5
1785820757.437|{"ok":true,"cmd":"get","var":"wrState","state":2,"last":true}
1785820781.847|[I][webradio] HEAP play free=58012 min=47888
1785820787.070|[I][hb] display=winamp wifi=rssi(-49) disc=1 heap=56k maxAlloc=41k stack_hwm=11744b uptime=00:59:06 poll=0/0 last=0 block_max=0ms loop_max=50ms slow=app.tick:29ms last_poll_age_ms=0 next_poll_in_ms=5000 last_render_age_ms=3533890 build=Aug  4 2026-05:09:5
1785820787.473|{"ok":true,"cmd":"get","var":"wrState","state":2,"last":true}
1785820811.847|[I][webradio] HEAP play free=58020 min=47888
1785820817.069|[I][hb] display=winamp wifi=rssi(-48) disc=1 heap=58k maxAlloc=41k stack_hwm=11744b uptime=00:59:36 poll=0/0 last=0 block_max=0ms loop_max=50ms slow=app.tick:27ms last_poll_age_ms=0 next_poll_in_ms=5000 last_render_age_ms=3563899 build=Aug  4 2026-05:09:5
1785820817.512|{"ok":true,"cmd":"get","var":"wrState","state":2,"last":true}
1785820841.855|[I][webradio] HEAP play free=55648 min=47888
1785820842.883|[I][webradio] audio_info: StreamTitle='Leann Rimes - Can't Fight The Moonlight'
1785820842.889|[D][webradio] ICY: Leann Rimes - Can't Fight The Moonlight
1785820847.079|[I][hb] display=winamp wifi=rssi(-48) disc=1 heap=54k maxAlloc=41k stack_hwm=11744b uptime=01:00:06 poll=0/0 last=0 block_max=0ms loop_max=44ms slow=app.tick:27ms last_poll_age_ms=0 next_poll_in_ms=5000 last_render_age_ms=3593910 build=Aug  4 2026-05:09:5
1785820847.531|{"ok":true,"cmd":"get","var":"wrState","state":2,"last":true}
1785820857.562|{"ok":true,"cmd":"get","var":"wrState","state":2,"last":true}
1785820857.587|{"ok":true,"cmd":"get","var":"wrIdx","idx":0,"last":true}
1785820871.868|[I][webradio] HEAP play free=55648 min=47888
1785820877.092|[I][hb] display=winamp wifi=rssi(-49) disc=1 heap=54k maxAlloc=41k stack_hwm=11744b uptime=01:00:36 poll=0/0 last=0 block_max=0ms loop_max=47ms slow=app.tick:26ms last_poll_age_ms=0 next_poll_in_ms=5000 last_render_age_ms=3623928 build=Aug  4 2026-05:09:5
1785820877.624|{"ok":true,"cmd":"get","var":"wrState","state":2,"last":true}
1785820901.898|[I][webradio] HEAP play free=58012 min=47888
1785820907.108|[I][hb] display=winamp wifi=rssi(-48) disc=1 heap=56k maxAlloc=41k stack_hwm=11744b uptime=01:01:06 poll=0/0 last=0 block_max=0ms loop_max=33ms slow=app.tick:27ms last_poll_age_ms=0 next_poll_in_ms=5000 last_render_age_ms=3653935 build=Aug  4 2026-05:09:5
1785820907.662|{"ok":true,"cmd":"get","var":"wrState","state":2,"last":true}
1785820931.896|[I][webradio] HEAP play free=58020 min=47888
1785820937.096|[I][hb] display=winamp wifi=rssi(-49) disc=1 heap=56k maxAlloc=41k stack_hwm=11744b uptime=01:01:36 poll=0/0 last=0 block_max=0ms loop_max=49ms slow=app.tick:27ms last_poll_age_ms=0 next_poll_in_ms=5000 last_render_age_ms=3683935 build=Aug  4 2026-05:09:5
1785820937.704|{"ok":true,"cmd":"get","var":"wrState","state":2,"last":true}
1785820961.907|[I][webradio] HEAP play free=55648 min=47888
1785820967.115|[I][hb] display=winamp wifi=rssi(-48) disc=1 heap=58k maxAlloc=41k stack_hwm=11744b uptime=01:02:06 poll=0/0 last=0 block_max=0ms loop_max=48ms slow=app.tick:30ms last_poll_age_ms=0 next_poll_in_ms=5000 last_render_age_ms=3713948 build=Aug  4 2026-05:09:5
1785820967.745|{"ok":true,"cmd":"get","var":"wrState","state":2,"last":true}
1785820991.920|[I][webradio] HEAP play free=55648 min=47888
1785820997.124|[I][hb] display=winamp wifi=rssi(-49) disc=1 heap=54k maxAlloc=41k stack_hwm=11744b uptime=01:02:36 poll=0/0 last=0 block_max=0ms loop_max=48ms slow=app.tick:30ms last_poll_age_ms=0 next_poll_in_ms=5000 last_render_age_ms=3743960 build=Aug  4 2026-05:09:5
1785820997.777|{"ok":true,"cmd":"get","var":"wrState","state":2,"last":true}
1785821021.941|[I][webradio] HEAP play free=58012 min=47888
1785821027.136|[I][hb] display=winamp wifi=rssi(-48) disc=1 heap=54k maxAlloc=41k stack_hwm=11744b uptime=01:03:06 poll=0/0 last=0 block_max=0ms loop_max=47ms slow=app.tick:28ms last_poll_age_ms=0 next_poll_in_ms=5000 last_render_age_ms=3773974 build=Aug  4 2026-05:09:5
1785821027.813|{"ok":true,"cmd":"get","var":"wrState","state":2,"last":true}
1785821051.946|[I][webradio] HEAP play free=58012 min=47888
1785821057.152|[I][hb] display=winamp wifi=rssi(-48) disc=1 heap=56k maxAlloc=41k stack_hwm=11744b uptime=01:03:36 poll=0/0 last=0 block_max=0ms loop_max=49ms slow=app.tick:30ms last_poll_age_ms=0 next_poll_in_ms=5000 last_render_age_ms=3803983 build=Aug  4 2026-05:09:5
1785821057.836|{"ok":true,"cmd":"get","var":"wrState","state":2,"last":true}
1785821070.875|[I][webradio] audio_info: StreamTitle='Freemasons & Amanda Wilson - Love On My Mind'
1785821070.882|[D][webradio] ICY: Freemasons & Amanda Wilson - Love On My Mind
1785821081.947|[I][webradio] HEAP play free=60064 min=47888
1785821087.142|[I][hb] display=winamp wifi=rssi(-48) disc=1 heap=56k maxAlloc=41k stack_hwm=11744b uptime=01:04:06 poll=0/0 last=0 block_max=0ms loop_max=47ms slow=app.tick:24ms last_poll_age_ms=0 next_poll_in_ms=5000 last_render_age_ms=3833983 build=Aug  4 2026-05:09:5
1785821087.874|{"ok":true,"cmd":"get","var":"wrState","state":2,"last":true}
1785821111.953|[I][webradio] HEAP play free=55648 min=47888
1785821117.157|[I][hb] display=winamp wifi=rssi(-48) disc=1 heap=56k maxAlloc=41k stack_hwm=11744b uptime=01:04:36 poll=0/0 last=0 block_max=0ms loop_max=30ms slow=app.tick:25ms last_poll_age_ms=0 next_poll_in_ms=5000 last_render_age_ms=3863988 build=Aug  4 2026-05:09:5
1785821117.163|[W][perf] iter=51ms (worst path so far: wr.pump:19ms)
1785821117.910|{"ok":true,"cmd":"get","var":"wrState","state":2,"last":true}
1785821141.964|[I][webradio] HEAP play free=55648 min=47888
1785821147.168|[I][hb] display=winamp wifi=rssi(-48) disc=1 heap=54k maxAlloc=41k stack_hwm=11744b uptime=01:05:06 poll=0/0 last=0 block_max=0ms loop_max=51ms slow=app.tick:27ms last_poll_age_ms=0 next_poll_in_ms=5000 last_render_age_ms=3894001 build=Aug  4 2026-05:09:5
1785821147.933|{"ok":true,"cmd":"get","var":"wrState","state":2,"last":true}
1785821157.961|{"ok":true,"cmd":"get","var":"wrState","state":2,"last":true}
1785821157.985|{"ok":true,"cmd":"get","var":"wrIdx","idx":0,"last":true}
1785821171.961|[I][webradio] HEAP play free=55648 min=47888
1785821177.180|[I][hb] display=winamp wifi=rssi(-49) disc=1 heap=54k maxAlloc=41k stack_hwm=11744b uptime=01:05:36 poll=0/0 last=0 block_max=0ms loop_max=48ms slow=app.tick:26ms last_poll_age_ms=0 next_poll_in_ms=5000 last_render_age_ms=3924002 build=Aug  4 2026-05:09:5
1785821178.022|{"ok":true,"cmd":"get","var":"wrState","state":2,"last":true}
1785821201.972|[I][webradio] HEAP play free=58004 min=47888
1785821207.168|[I][hb] display=winamp wifi=rssi(-49) disc=1 heap=56k maxAlloc=41k stack_hwm=11744b uptime=01:06:06 poll=0/0 last=0 block_max=0ms loop_max=49ms slow=app.tick:28ms last_poll_age_ms=0 next_poll_in_ms=5000 last_render_age_ms=3954012 build=Aug  4 2026-05:09:5
1785821208.059|{"ok":true,"cmd":"get","var":"wrState","state":2,"last":true}
1785821229.857|[I][webradio] audio_info: StreamTitle='Axwell & Dirty South - Open Your Heart'
1785821229.862|[D][webradio] ICY: Axwell & Dirty South - Open Your Heart
1785821231.985|[I][webradio] HEAP play free=58004 min=47888
1785821237.184|[I][hb] display=winamp wifi=rssi(-48) disc=1 heap=56k maxAlloc=41k stack_hwm=11744b uptime=01:06:36 poll=0/0 last=0 block_max=0ms loop_max=40ms slow=app.tick:29ms last_poll_age_ms=0 next_poll_in_ms=5000 last_render_age_ms=3984017 build=Aug  4 2026-05:09:5
1785821238.080|{"ok":true,"cmd":"get","var":"wrState","state":2,"last":true}
1785821261.998|[I][webradio] HEAP play free=55640 min=47888
1785821267.193|[I][hb] display=winamp wifi=rssi(-49) disc=1 heap=56k maxAlloc=41k stack_hwm=11744b uptime=01:07:06 poll=0/0 last=0 block_max=0ms loop_max=50ms slow=app.tick:29ms last_poll_age_ms=0 next_poll_in_ms=5000 last_render_age_ms=4014019 build=Aug  4 2026-05:09:5
1785821267.202|[W][perf] iter=51ms (worst path so far: wr.pump:19ms)
1785821268.117|{"ok":true,"cmd":"get","var":"wrState","state":2,"last":true}
1785821292.008|[I][webradio] HEAP play free=55640 min=47888
1785821297.188|[I][hb] display=winamp wifi=rssi(-49) disc=1 heap=54k maxAlloc=41k stack_hwm=11744b uptime=01:07:36 poll=0/0 last=0 block_max=0ms loop_max=51ms slow=app.tick:28ms last_poll_age_ms=0 next_poll_in_ms=5000 last_render_age_ms=4044029 build=Aug  4 2026-05:09:5
1785821298.136|{"ok":true,"cmd":"get","var":"wrState","state":2,"last":true}
1785821322.009|[I][webradio] HEAP play free=58012 min=47888
1785821327.202|[I][hb] display=winamp wifi=rssi(-50) disc=1 heap=54k maxAlloc=41k stack_hwm=11744b uptime=01:08:06 poll=0/0 last=0 block_max=0ms loop_max=47ms slow=app.tick:37ms last_poll_age_ms=0 next_poll_in_ms=5000 last_render_age_ms=4074036 build=Aug  4 2026-05:09:5
1785821327.208|[W][perf] iter=51ms (worst path so far: wr.pump:21ms)
1785821328.175|{"ok":true,"cmd":"get","var":"wrState","state":2,"last":true}
1785821352.013|[I][webradio] HEAP play free=58012 min=47888
1785821357.212|[I][hb] display=winamp wifi=rssi(-48) disc=1 heap=56k maxAlloc=41k stack_hwm=11744b uptime=01:08:36 poll=0/0 last=0 block_max=0ms loop_max=51ms slow=app.tick:26ms last_poll_age_ms=0 next_poll_in_ms=5000 last_render_age_ms=4104038 build=Aug  4 2026-05:09:5
1785821358.211|{"ok":true,"cmd":"get","var":"wrState","state":2,"last":true}
1785821382.025|[I][webradio] HEAP play free=58012 min=47888
1785821387.201|[I][hb] display=winamp wifi=rssi(-48) disc=1 heap=56k maxAlloc=41k stack_hwm=11744b uptime=01:09:06 poll=0/0 last=0 block_max=0ms loop_max=50ms slow=app.tick:28ms last_poll_age_ms=0 next_poll_in_ms=5000 last_render_age_ms=4134043 build=Aug  4 2026-05:09:5
1785821388.247|{"ok":true,"cmd":"get","var":"wrState","state":2,"last":true}
1785821398.862|[I][webradio] audio_info: StreamTitle='Jordin Sparks & Chris Brown - No Air'
1785821398.882|[D][webradio] ICY: Jordin Sparks & Chris Brown - No Air
1785821412.041|[I][webradio] HEAP play free=55648 min=47888
1785821417.217|[I][hb] display=winamp wifi=rssi(-49) disc=1 heap=56k maxAlloc=41k stack_hwm=11744b uptime=01:09:36 poll=0/0 last=0 block_max=0ms loop_max=47ms slow=app.tick:28ms last_poll_age_ms=0 next_poll_in_ms=5000 last_render_age_ms=4164053 build=Aug  4 2026-05:09:5
1785821417.224|[W][perf] iter=54ms (worst path so far: wr.pump:23ms)
1785821418.287|{"ok":true,"cmd":"get","var":"wrState","state":2,"last":true}
1785821442.060|[I][webradio] HEAP play free=55648 min=47888
1785821447.213|[I][hb] display=winamp wifi=rssi(-50) disc=1 heap=58k maxAlloc=41k stack_hwm=11744b uptime=01:10:06 poll=0/0 last=0 block_max=0ms loop_max=54ms slow=app.tick:27ms last_poll_age_ms=0 next_poll_in_ms=5000 last_render_age_ms=4194055 build=Aug  4 2026-05:09:5
1785821448.309|{"ok":true,"cmd":"get","var":"wrState","state":2,"last":true}
1785821458.343|{"ok":true,"cmd":"get","var":"wrState","state":2,"last":true}
1785821458.364|{"ok":true,"cmd":"get","var":"wrIdx","idx":0,"last":true}
1785821472.074|[I][webradio] HEAP play free=58012 min=47888
1785821477.221|[I][hb] display=winamp wifi=rssi(-49) disc=1 heap=54k maxAlloc=41k stack_hwm=11744b uptime=01:10:36 poll=0/0 last=0 block_max=0ms loop_max=38ms slow=app.tick:28ms last_poll_age_ms=0 next_poll_in_ms=5000 last_render_age_ms=4224068 build=Aug  4 2026-05:09:5
1785821478.398|{"ok":true,"cmd":"get","var":"wrState","state":2,"last":true}
1785821502.086|[I][webradio] HEAP play free=58012 min=47888
1785821507.234|[I][hb] display=winamp wifi=rssi(-48) disc=1 heap=54k maxAlloc=41k stack_hwm=11744b uptime=01:11:06 poll=0/0 last=0 block_max=0ms loop_max=27ms slow=app.tick:24ms last_poll_age_ms=0 next_poll_in_ms=5000 last_render_age_ms=4254082 build=Aug  4 2026-05:09:5
1785821508.438|{"ok":true,"cmd":"get","var":"wrState","state":2,"last":true}
1785821532.109|[I][webradio] HEAP play free=55648 min=47888
1785821537.246|[I][hb] display=winamp wifi=rssi(-50) disc=1 heap=56k maxAlloc=41k stack_hwm=11744b uptime=01:11:36 poll=0/0 last=0 block_max=0ms loop_max=40ms slow=app.tick:25ms last_poll_age_ms=0 next_poll_in_ms=5000 last_render_age_ms=4284090 build=Aug  4 2026-05:09:5
1785821538.477|{"ok":true,"cmd":"get","var":"wrState","state":2,"last":true}
1785821562.114|[I][webradio] HEAP play free=55648 min=47888
1785821567.261|[I][hb] display=winamp wifi=rssi(-48) disc=1 heap=56k maxAlloc=41k stack_hwm=11744b uptime=01:12:06 poll=0/0 last=0 block_max=0ms loop_max=49ms slow=app.tick:27ms last_poll_age_ms=0 next_poll_in_ms=5000 last_render_age_ms=4314100 build=Aug  4 2026-05:09:5
1785821567.268|[W][perf] iter=51ms (worst path so far: wr.pump:23ms)
1785821568.497|{"ok":true,"cmd":"get","var":"wrState","state":2,"last":true}
1785821592.126|[I][webradio] HEAP play free=55648 min=47888
1785821597.258|[I][hb] display=winamp wifi=rssi(-50) disc=1 heap=58k maxAlloc=41k stack_hwm=11744b uptime=01:12:36 poll=0/0 last=0 block_max=0ms loop_max=51ms slow=app.tick:27ms last_poll_age_ms=0 next_poll_in_ms=5000 last_render_age_ms=4344100 build=Aug  4 2026-05:09:5
1785821597.279|[W][perf] iter=51ms (worst path so far: app.tick:24ms)
1785821598.531|{"ok":true,"cmd":"get","var":"wrState","state":2,"last":true}
1785821622.147|[I][webradio] HEAP play free=58020 min=47888
1785821627.262|[I][hb] display=winamp wifi=rssi(-48) disc=1 heap=54k maxAlloc=41k stack_hwm=11744b uptime=01:13:06 poll=0/0 last=0 block_max=0ms loop_max=51ms slow=app.tick:25ms last_poll_age_ms=0 next_poll_in_ms=5000 last_render_age_ms=4374111 build=Aug  4 2026-05:09:5
1785821628.568|{"ok":true,"cmd":"get","var":"wrState","state":2,"last":true}
1785821652.158|[I][webradio] HEAP play free=58012 min=47888
1785821657.270|[I][hb] display=winamp wifi=rssi(-50) disc=1 heap=54k maxAlloc=41k stack_hwm=11744b uptime=01:13:36 poll=0/0 last=0 block_max=0ms loop_max=47ms slow=app.tick:28ms last_poll_age_ms=0 next_poll_in_ms=5000 last_render_age_ms=4404117 build=Aug  4 2026-05:09:5
1785821658.610|{"ok":true,"cmd":"get","var":"wrState","state":2,"last":true}
1785821669.851|[I][webradio] audio_info: StreamTitle='Afro Medusa - Pasilda'
1785821669.871|[D][webradio] ICY: Afro Medusa - Pasilda
1785821682.171|[I][webradio] HEAP play free=55648 min=47888
1785821687.268|[I][hb] display=winamp wifi=rssi(-49) disc=1 heap=56k maxAlloc=41k stack_hwm=11744b uptime=01:14:06 poll=0/0 last=0 block_max=0ms loop_max=50ms slow=app.tick:26ms last_poll_age_ms=0 next_poll_in_ms=5000 last_render_age_ms=4434118 build=Aug  4 2026-05:09:5
1785821688.650|{"ok":true,"cmd":"get","var":"wrState","state":2,"last":true}
1785821712.182|[I][webradio] HEAP play free=55648 min=47888
1785821717.277|[I][hb] display=winamp wifi=rssi(-48) disc=1 heap=56k maxAlloc=41k stack_hwm=11744b uptime=01:14:36 poll=0/0 last=0 block_max=0ms loop_max=38ms slow=app.tick:27ms last_poll_age_ms=0 next_poll_in_ms=5000 last_render_age_ms=4464130 build=Aug  4 2026-05:09:5
1785821718.672|{"ok":true,"cmd":"get","var":"wrState","state":2,"last":true}
1785821742.200|[I][webradio] HEAP play free=58012 min=47888
1785821747.301|[I][hb] display=winamp wifi=rssi(-48) disc=1 heap=58k maxAlloc=41k stack_hwm=11744b uptime=01:15:06 poll=0/0 last=0 block_max=0ms loop_max=29ms slow=app.tick:24ms last_poll_age_ms=0 next_poll_in_ms=5000 last_render_age_ms=4494145 build=Aug  4 2026-05:09:5
1785821748.708|{"ok":true,"cmd":"get","var":"wrState","state":2,"last":true}
1785821758.742|{"ok":true,"cmd":"get","var":"wrState","state":2,"last":true}
1785821758.767|{"ok":true,"cmd":"get","var":"wrIdx","idx":0,"last":true}
1785821772.212|[I][webradio] HEAP play free=58012 min=47888
1785821777.311|[I][hb] display=winamp wifi=rssi(-50) disc=1 heap=54k maxAlloc=41k stack_hwm=11744b uptime=01:15:36 poll=0/0 last=0 block_max=0ms loop_max=32ms slow=app.tick:27ms last_poll_age_ms=0 next_poll_in_ms=5000 last_render_age_ms=4524160 build=Aug  4 2026-05:09:5
1785821778.801|{"ok":true,"cmd":"get","var":"wrState","state":2,"last":true}
1785821802.231|[I][webradio] HEAP play free=55648 min=47888
1785821807.322|[I][hb] display=winamp wifi=rssi(-48) disc=1 heap=54k maxAlloc=41k stack_hwm=11744b uptime=01:16:06 poll=0/0 last=0 block_max=0ms loop_max=44ms slow=app.tick:28ms last_poll_age_ms=0 next_poll_in_ms=5000 last_render_age_ms=4554165 build=Aug  4 2026-05:09:5
1785821808.835|{"ok":true,"cmd":"get","var":"wrState","state":2,"last":true}
1785821832.240|[I][webradio] HEAP play free=55648 min=47888
1785821837.334|[I][hb] display=winamp wifi=rssi(-49) disc=1 heap=56k maxAlloc=41k stack_hwm=11744b uptime=01:16:36 poll=0/0 last=0 block_max=0ms loop_max=50ms slow=app.tick:27ms last_poll_age_ms=0 next_poll_in_ms=5000 last_render_age_ms=4584167 build=Aug  4 2026-05:09:5
1785821838.860|{"ok":true,"cmd":"get","var":"wrState","state":2,"last":true}
1785821862.251|[I][webradio] HEAP play free=58012 min=47888
1785821864.854|[I][webradio] audio_info: StreamTitle='Utah Saints - Something Good '08'
1785821864.859|[D][webradio] ICY: Utah Saints - Something Good '08
1785821867.322|[I][hb] display=winamp wifi=rssi(-49) disc=1 heap=56k maxAlloc=41k stack_hwm=11744b uptime=01:17:06 poll=0/0 last=0 block_max=0ms loop_max=49ms slow=app.tick:29ms last_poll_age_ms=0 next_poll_in_ms=5000 last_render_age_ms=4614171 build=Aug  4 2026-05:09:5
1785821868.900|{"ok":true,"cmd":"get","var":"wrState","state":2,"last":true}
1785821892.251|[I][webradio] HEAP play free=58012 min=47888
1785821897.339|[I][hb] display=winamp wifi=rssi(-48) disc=1 heap=56k maxAlloc=41k stack_hwm=11744b uptime=01:17:36 poll=0/0 last=0 block_max=0ms loop_max=48ms slow=app.tick:29ms last_poll_age_ms=0 next_poll_in_ms=5000 last_render_age_ms=4644183 build=Aug  4 2026-05:09:5
1785821898.932|{"ok":true,"cmd":"get","var":"wrState","state":2,"last":true}
1785821922.259|[I][webradio] HEAP play free=58012 min=47888
1785821927.334|[I][hb] display=winamp wifi=rssi(-50) disc=1 heap=58k maxAlloc=41k stack_hwm=11744b uptime=01:18:06 poll=0/0 last=0 block_max=0ms loop_max=48ms slow=app.tick:28ms last_poll_age_ms=0 next_poll_in_ms=5000 last_render_age_ms=4674184 build=Aug  4 2026-05:09:5
1785821928.954|{"ok":true,"cmd":"get","var":"wrState","state":2,"last":true}
1785821952.277|[I][webradio] HEAP play free=57980 min=47888
1785821957.339|[I][hb] display=winamp wifi=rssi(-50) disc=1 heap=54k maxAlloc=41k stack_hwm=11744b uptime=01:18:36 poll=0/0 last=0 block_max=0ms loop_max=46ms slow=app.tick:28ms last_poll_age_ms=0 next_poll_in_ms=5000 last_render_age_ms=4704189 build=Aug  4 2026-05:09:5
1785821958.992|{"ok":true,"cmd":"get","var":"wrState","state":2,"last":true}
1785821982.287|[I][webradio] HEAP play free=55648 min=47888
1785821987.356|[I][hb] display=winamp wifi=rssi(-51) disc=1 heap=54k maxAlloc=41k stack_hwm=11744b uptime=01:19:06 poll=0/0 last=0 block_max=0ms loop_max=49ms slow=app.tick:27ms last_poll_age_ms=0 next_poll_in_ms=5000 last_render_age_ms=4734200 build=Aug  4 2026-05:09:5
1785821989.031|{"ok":true,"cmd":"get","var":"wrState","state":2,"last":true}
1785822012.296|[I][webradio] HEAP play free=58012 min=47888
1785822017.345|[I][hb] display=winamp wifi=rssi(-48) disc=1 heap=56k maxAlloc=41k stack_hwm=11744b uptime=01:19:36 poll=0/0 last=0 block_max=0ms loop_max=50ms slow=app.tick:25ms last_poll_age_ms=0 next_poll_in_ms=5000 last_render_age_ms=4764201 build=Aug  4 2026-05:09:5
1785822019.050|{"ok":true,"cmd":"get","var":"wrState","state":2,"last":true}
1785822038.848|[I][webradio] audio_info: StreamTitle='Beyonce - Irreplaceable'
1785822038.853|[D][webradio] ICY: Beyonce - Irreplaceable
1785822042.312|[I][webradio] HEAP play free=58012 min=47888
1785822047.355|[I][hb] display=winamp wifi=rssi(-49) disc=1 heap=56k maxAlloc=41k stack_hwm=11744b uptime=01:20:06 poll=0/0 last=0 block_max=0ms loop_max=38ms slow=app.tick:28ms last_poll_age_ms=0 next_poll_in_ms=5000 last_render_age_ms=4794211 build=Aug  4 2026-05:09:5
1785822049.082|{"ok":true,"cmd":"get","var":"wrState","state":2,"last":true}
1785822059.120|{"ok":true,"cmd":"get","var":"wrState","state":2,"last":true}
1785822059.144|{"ok":true,"cmd":"get","var":"wrIdx","idx":0,"last":true}
1785822072.304|[I][webradio] HEAP play free=58012 min=47888
1785822077.369|[I][hb] display=winamp wifi=rssi(-48) disc=1 heap=56k maxAlloc=41k stack_hwm=11744b uptime=01:20:36 poll=0/0 last=0 block_max=0ms loop_max=37ms slow=app.tick:28ms last_poll_age_ms=0 next_poll_in_ms=5000 last_render_age_ms=4824218 build=Aug  4 2026-05:09:5
1785822077.377|[W][perf] iter=51ms (worst path so far: wr.pump:22ms)
1785822079.178|{"ok":true,"cmd":"get","var":"wrState","state":2,"last":true}
1785822102.318|[I][webradio] HEAP play free=58012 min=47888
1785822107.368|[I][hb] display=winamp wifi=rssi(-50) disc=1 heap=58k maxAlloc=41k stack_hwm=11744b uptime=01:21:06 poll=0/0 last=0 block_max=0ms loop_max=51ms slow=app.tick:26ms last_poll_age_ms=0 next_poll_in_ms=5000 last_render_age_ms=4854219 build=Aug  4 2026-05:09:5
1785822109.222|{"ok":true,"cmd":"get","var":"wrState","state":2,"last":true}
1785822132.334|[I][webradio] HEAP play free=55648 min=47888
1785822137.371|[I][hb] display=winamp wifi=rssi(-50) disc=1 heap=54k maxAlloc=41k stack_hwm=11744b uptime=01:21:36 poll=0/0 last=0 block_max=0ms loop_max=29ms slow=app.tick:25ms last_poll_age_ms=0 next_poll_in_ms=5000 last_render_age_ms=4884224 build=Aug  4 2026-05:09:5
1785822139.260|{"ok":true,"cmd":"get","var":"wrState","state":2,"last":true}
1785822162.346|[I][webradio] HEAP play free=55648 min=47888
1785822167.390|[I][hb] display=winamp wifi=rssi(-48) disc=1 heap=54k maxAlloc=41k stack_hwm=11744b uptime=01:22:06 poll=0/0 last=0 block_max=0ms loop_max=50ms slow=app.tick:29ms last_poll_age_ms=0 next_poll_in_ms=5000 last_render_age_ms=4914239 build=Aug  4 2026-05:09:5
1785822169.299|{"ok":true,"cmd":"get","var":"wrState","state":2,"last":true}
1785822192.357|[I][webradio] HEAP play free=58012 min=47888
1785822197.400|[I][hb] display=winamp wifi=rssi(-49) disc=1 heap=56k maxAlloc=41k stack_hwm=11744b uptime=01:22:36 poll=0/0 last=0 block_max=0ms loop_max=39ms slow=app.tick:27ms last_poll_age_ms=0 next_poll_in_ms=5000 last_render_age_ms=4944253 build=Aug  4 2026-05:09:5
1785822199.331|{"ok":true,"cmd":"get","var":"wrState","state":2,"last":true}
1785822222.374|[I][webradio] HEAP play free=58012 min=47888
1785822227.424|[I][hb] display=winamp wifi=rssi(-49) disc=1 heap=58k maxAlloc=41k stack_hwm=11744b uptime=01:23:06 poll=0/0 last=0 block_max=0ms loop_max=49ms slow=app.tick:28ms last_poll_age_ms=0 next_poll_in_ms=5000 last_render_age_ms=4974276 build=Aug  4 2026-05:09:5
1785822229.355|{"ok":true,"cmd":"get","var":"wrState","state":2,"last":true}
1785822252.386|[I][webradio] HEAP play free=55648 min=47888
1785822257.429|[I][hb] display=winamp wifi=rssi(-48) disc=1 heap=54k maxAlloc=41k stack_hwm=11744b uptime=01:23:36 poll=0/0 last=0 block_max=0ms loop_max=43ms slow=app.tick:28ms last_poll_age_ms=0 next_poll_in_ms=5000 last_render_age_ms=5004287 build=Aug  4 2026-05:09:5
1785822259.393|{"ok":true,"cmd":"get","var":"wrState","state":2,"last":true}
1785822276.844|[I][webradio] audio_info: StreamTitle='Kosheen - Hide U'
1785822276.866|[D][webradio] ICY: Kosheen - Hide U
1785822282.401|[I][webradio] HEAP play free=55648 min=47888
1785822287.437|[I][hb] display=winamp wifi=rssi(-50) disc=1 heap=54k maxAlloc=41k stack_hwm=11744b uptime=01:24:06 poll=0/0 last=0 block_max=0ms loop_max=49ms slow=app.tick:28ms last_poll_age_ms=0 next_poll_in_ms=5000 last_render_age_ms=5034294 build=Aug  4 2026-05:09:5
1785822287.460|[W][perf] iter=54ms (worst path so far: wr.pump:23ms)
1785822289.414|{"ok":true,"cmd":"get","var":"wrState","state":2,"last":true}
1785822312.413|[I][webradio] HEAP play free=58012 min=47888
1785822317.436|[I][hb] display=winamp wifi=rssi(-49) disc=1 heap=56k maxAlloc=41k stack_hwm=11744b uptime=01:24:36 poll=0/0 last=0 block_max=0ms loop_max=54ms slow=app.tick:29ms last_poll_age_ms=0 next_poll_in_ms=5000 last_render_age_ms=5064294 build=Aug  4 2026-05:09:5
1785822319.443|{"ok":true,"cmd":"get","var":"wrState","state":2,"last":true}
1785822342.402|[I][webradio] HEAP play free=58012 min=47888
1785822347.445|[I][hb] display=winamp wifi=rssi(-50) disc=1 heap=56k maxAlloc=41k stack_hwm=11744b uptime=01:25:06 poll=0/0 last=0 block_max=0ms loop_max=28ms slow=app.tick:24ms last_poll_age_ms=0 next_poll_in_ms=5000 last_render_age_ms=5094300 build=Aug  4 2026-05:09:5
1785822347.476|{"ok":true,"cmd":"get","var":"wrState","state":2,"last":true}
1785822359.498|{"ok":true,"cmd":"get","var":"wrState","state":2,"last":true}
1785822359.542|{"ok":true,"cmd":"get","var":"wrIdx","idx":0,"last":true}
1785822372.412|[I][webradio] HEAP play free=58012 min=47888
1785822377.467|[I][hb] display=winamp wifi=rssi(-49) disc=1 heap=56k maxAlloc=41k stack_hwm=11744b uptime=01:25:36 poll=0/0 last=0 block_max=0ms loop_max=49ms slow=app.tick:39ms last_poll_age_ms=0 next_poll_in_ms=5000 last_render_age_ms=5124321 build=Aug  4 2026-05:09:5
1785822377.570|{"ok":true,"cmd":"get","var":"wrState","state":2,"last":true}
1785822402.414|[I][webradio] HEAP play free=55648 min=47888
1785822407.478|[I][hb] display=winamp wifi=rssi(-49) disc=1 heap=54k maxAlloc=41k stack_hwm=11744b uptime=01:26:06 poll=0/0 last=0 block_max=0ms loop_max=37ms slow=app.tick:26ms last_poll_age_ms=0 next_poll_in_ms=5000 last_render_age_ms=5154336 build=Aug  4 2026-05:09:5
1785822407.610|{"ok":true,"cmd":"get","var":"wrState","state":2,"last":true}
1785822432.424|[I][webradio] HEAP play free=55648 min=47888
1785822437.489|[I][hb] display=winamp wifi=rssi(-48) disc=1 heap=54k maxAlloc=41k stack_hwm=11744b uptime=01:26:36 poll=0/0 last=0 block_max=0ms loop_max=44ms slow=app.tick:25ms last_poll_age_ms=0 next_poll_in_ms=5000 last_render_age_ms=5184341 build=Aug  4 2026-05:09:5
1785822437.495|[W][perf] iter=51ms (worst path so far: wr.pump:23ms)
1785822437.648|{"ok":true,"cmd":"get","var":"wrState","state":2,"last":true}
1785822462.429|[I][webradio] HEAP play free=55648 min=47888
1785822467.480|[I][hb] display=winamp wifi=rssi(-49) disc=1 heap=56k maxAlloc=41k stack_hwm=11744b uptime=01:27:06 poll=0/0 last=0 block_max=0ms loop_max=51ms slow=app.tick:29ms last_poll_age_ms=0 next_poll_in_ms=5000 last_render_age_ms=5214341 build=Aug  4 2026-05:09:5
1785822467.669|{"ok":true,"cmd":"get","var":"wrState","state":2,"last":true}
1785822487.839|[I][webradio] audio_info: StreamTitle='Soulvation - Summer In The City'
1785822487.860|[D][webradio] ICY: Soulvation - Summer In The City
1785822492.442|[I][webradio] HEAP play free=58020 min=47888
1785822497.489|[I][hb] display=winamp wifi=rssi(-49) disc=1 heap=56k maxAlloc=41k stack_hwm=11744b uptime=01:27:36 poll=0/0 last=0 block_max=0ms loop_max=27ms slow=app.tick:25ms last_poll_age_ms=0 next_poll_in_ms=5000 last_render_age_ms=5244347 build=Aug  4 2026-05:09:5
1785822497.710|{"ok":true,"cmd":"get","var":"wrState","state":2,"last":true}
1785822522.437|[I][webradio] HEAP play free=58012 min=47888
1785822527.513|[I][hb] display=winamp wifi=rssi(-48) disc=1 heap=58k maxAlloc=41k stack_hwm=11744b uptime=01:28:06 poll=0/0 last=0 block_max=0ms loop_max=49ms slow=app.tick:26ms last_poll_age_ms=0 next_poll_in_ms=5000 last_render_age_ms=5274368 build=Aug  4 2026-05:09:5
1785822527.741|{"ok":true,"cmd":"get","var":"wrState","state":2,"last":true}
1785822552.456|[I][webradio] HEAP play free=55444 min=47888
1785822557.518|[I][hb] display=winamp wifi=rssi(-49) disc=1 heap=54k maxAlloc=41k stack_hwm=11744b uptime=01:28:36 poll=0/0 last=0 block_max=0ms loop_max=32ms slow=app.tick:26ms last_poll_age_ms=0 next_poll_in_ms=5000 last_render_age_ms=5304381 build=Aug  4 2026-05:09:5
1785822557.779|{"ok":true,"cmd":"get","var":"wrState","state":2,"last":true}
1785822582.469|[I][webradio] HEAP play free=55648 min=47888
1785822587.534|[I][hb] display=winamp wifi=rssi(-49) disc=1 heap=54k maxAlloc=41k stack_hwm=11744b uptime=01:29:06 poll=0/0 last=0 block_max=0ms loop_max=47ms slow=app.tick:26ms last_poll_age_ms=0 next_poll_in_ms=5000 last_render_age_ms=5334387 build=Aug  4 2026-05:09:5
1785822587.540|[W][perf] iter=53ms (worst path so far: wr.pump:22ms)
1785822587.803|{"ok":true,"cmd":"get","var":"wrState","state":2,"last":true}
1785822612.474|[I][webradio] HEAP play free=55648 min=47888
1785822617.524|[I][hb] display=winamp wifi=rssi(-49) disc=1 heap=56k maxAlloc=41k stack_hwm=11744b uptime=01:29:36 poll=0/0 last=0 block_max=0ms loop_max=53ms slow=app.tick:29ms last_poll_age_ms=0 next_poll_in_ms=5000 last_render_age_ms=5364389 build=Aug  4 2026-05:09:5
1785822617.841|{"ok":true,"cmd":"get","var":"wrState","state":2,"last":true}
1785822642.474|[I][webradio] HEAP play free=58012 min=47888
1785822647.533|[I][hb] display=winamp wifi=rssi(-48) disc=1 heap=56k maxAlloc=41k stack_hwm=11744b uptime=01:30:06 poll=0/0 last=0 block_max=0ms loop_max=29ms slow=app.tick:27ms last_poll_age_ms=0 next_poll_in_ms=5000 last_render_age_ms=5394394 build=Aug  4 2026-05:09:5
1785822647.879|{"ok":true,"cmd":"get","var":"wrState","state":2,"last":true}
1785822659.895|{"ok":true,"cmd":"get","var":"wrState","state":2,"last":true}
1785822659.924|{"ok":true,"cmd":"get","var":"wrIdx","idx":0,"last":true}
1785822672.479|[I][webradio] HEAP play free=58012 min=47888
1785822677.551|[I][hb] display=winamp wifi=rssi(-48) disc=1 heap=56k maxAlloc=41k stack_hwm=11744b uptime=01:30:36 poll=0/0 last=0 block_max=0ms loop_max=48ms slow=app.tick:29ms last_poll_age_ms=0 next_poll_in_ms=5000 last_render_age_ms=5424409 build=Aug  4 2026-05:09:5
1785822677.947|{"ok":true,"cmd":"get","var":"wrState","state":2,"last":true}
1785822701.823|[I][webradio] audio_info: StreamTitle='Mario - Let Me Love You'
1785822701.830|[D][webradio] ICY: Mario - Let Me Love You
1785822702.489|[I][webradio] HEAP play free=58012 min=47888
1785822707.563|[I][hb] display=winamp wifi=rssi(-50) disc=1 heap=54k maxAlloc=41k stack_hwm=11744b uptime=01:31:06 poll=0/0 last=0 block_max=0ms loop_max=46ms slow=app.tick:29ms last_poll_age_ms=0 next_poll_in_ms=5000 last_render_age_ms=5454411 build=Aug  4 2026-05:09:5
1785822707.983|{"ok":true,"cmd":"get","var":"wrState","state":2,"last":true}
1785822732.506|[I][webradio] HEAP play free=55648 min=47888
1785822737.551|[I][hb] display=winamp wifi=rssi(-48) disc=1 heap=54k maxAlloc=41k stack_hwm=11744b uptime=01:31:36 poll=0/0 last=0 block_max=0ms loop_max=49ms slow=app.tick:27ms last_poll_age_ms=0 next_poll_in_ms=5000 last_render_age_ms=5484413 build=Aug  4 2026-05:09:5
1785822738.017|{"ok":true,"cmd":"get","var":"wrState","state":2,"last":true}
1785822762.518|[I][webradio] HEAP play free=55648 min=47888
1785822767.568|[I][hb] display=winamp wifi=rssi(-48) disc=1 heap=54k maxAlloc=41k stack_hwm=11744b uptime=01:32:06 poll=0/0 last=0 block_max=0ms loop_max=49ms slow=app.tick:26ms last_poll_age_ms=0 next_poll_in_ms=5000 last_render_age_ms=5514427 build=Aug  4 2026-05:09:5
1785822768.039|{"ok":true,"cmd":"get","var":"wrState","state":2,"last":true}
1785822792.518|[I][webradio] HEAP play free=58012 min=47888
1785822797.578|[I][hb] display=winamp wifi=rssi(-49) disc=1 heap=56k maxAlloc=41k stack_hwm=11744b uptime=01:32:36 poll=0/0 last=0 block_max=0ms loop_max=48ms slow=app.tick:28ms last_poll_age_ms=0 next_poll_in_ms=5000 last_render_age_ms=5544447 build=Aug  4 2026-05:09:5
1785822798.080|{"ok":true,"cmd":"get","var":"wrState","state":2,"last":true}
1785822822.524|[I][webradio] HEAP play free=58020 min=47888
1785822827.594|[I][hb] display=winamp wifi=rssi(-48) disc=1 heap=56k maxAlloc=41k stack_hwm=11744b uptime=01:33:06 poll=0/0 last=0 block_max=0ms loop_max=29ms slow=app.tick:26ms last_poll_age_ms=0 next_poll_in_ms=5000 last_render_age_ms=5574452 build=Aug  4 2026-05:09:5
1785822828.116|{"ok":true,"cmd":"get","var":"wrState","state":2,"last":true}
1785822852.538|[I][webradio] HEAP play free=58012 min=47888
1785822857.590|[I][hb] display=winamp wifi=rssi(-50) disc=1 heap=58k maxAlloc=41k stack_hwm=11744b uptime=01:33:36 poll=0/0 last=0 block_max=0ms loop_max=49ms slow=app.tick:26ms last_poll_age_ms=0 next_poll_in_ms=5000 last_render_age_ms=5604452 build=Aug  4 2026-05:09:5
1785822858.140|{"ok":true,"cmd":"get","var":"wrState","state":2,"last":true}
1785822882.555|[I][webradio] HEAP play free=55648 min=47888
1785822887.596|[I][hb] display=winamp wifi=rssi(-48) disc=1 heap=54k maxAlloc=41k stack_hwm=11744b uptime=01:34:06 poll=0/0 last=0 block_max=0ms loop_max=33ms slow=app.tick:27ms last_poll_age_ms=0 next_poll_in_ms=5000 last_render_age_ms=5634463 build=Aug  4 2026-05:09:5
1785822888.179|{"ok":true,"cmd":"get","var":"wrState","state":2,"last":true}
1785822912.567|[I][webradio] HEAP play free=55648 min=47888
1785822917.612|[I][hb] display=winamp wifi=rssi(-48) disc=1 heap=54k maxAlloc=41k stack_hwm=11744b uptime=01:34:36 poll=0/0 last=0 block_max=0ms loop_max=47ms slow=app.tick:27ms last_poll_age_ms=0 next_poll_in_ms=5000 last_render_age_ms=5664471 build=Aug  4 2026-05:09:5
1785822917.618|[W][perf] iter=51ms (worst path so far: wr.pump:22ms)
1785822918.217|{"ok":true,"cmd":"get","var":"wrState","state":2,"last":true}
1785822942.581|[I][webradio] HEAP play free=58012 min=47888
1785822945.826|[I][webradio] audio_info: StreamTitle='Dance Nation - Sunshine'
1785822945.848|[D][webradio] ICY: Dance Nation - Sunshine
1785822947.622|[I][hb] display=winamp wifi=rssi(-48) disc=1 heap=56k maxAlloc=41k stack_hwm=11744b uptime=01:35:06 poll=0/0 last=0 block_max=0ms loop_max=51ms slow=app.tick:25ms last_poll_age_ms=0 next_poll_in_ms=5000 last_render_age_ms=5694488 build=Aug  4 2026-05:09:5
1785822948.253|{"ok":true,"cmd":"get","var":"wrState","state":2,"last":true}
1785822960.276|{"ok":true,"cmd":"get","var":"wrState","state":2,"last":true}
1785822960.299|{"ok":true,"cmd":"get","var":"wrIdx","idx":0,"last":true}
1785822972.591|[I][webradio] HEAP play free=58012 min=47888
1785822977.640|[I][hb] display=winamp wifi=rssi(-49) disc=1 heap=56k maxAlloc=41k stack_hwm=11744b uptime=01:35:36 poll=0/0 last=0 block_max=0ms loop_max=49ms slow=app.tick:25ms last_poll_age_ms=0 next_poll_in_ms=5000 last_render_age_ms=5724499 build=Aug  4 2026-05:09:5
1785822978.322|{"ok":true,"cmd":"get","var":"wrState","state":2,"last":true}
1785823002.591|[I][webradio] HEAP play free=60260 min=47888
1785823007.635|[I][hb] display=winamp wifi=rssi(-49) disc=1 heap=58k maxAlloc=41k stack_hwm=11744b uptime=01:36:06 poll=0/0 last=0 block_max=0ms loop_max=49ms slow=app.tick:25ms last_poll_age_ms=0 next_poll_in_ms=5000 last_render_age_ms=5754499 build=Aug  4 2026-05:09:5
1785823008.362|{"ok":true,"cmd":"get","var":"wrState","state":2,"last":true}
1785823032.596|[I][webradio] HEAP play free=55648 min=47888
1785823037.641|[I][hb] display=winamp wifi=rssi(-50) disc=1 heap=54k maxAlloc=41k stack_hwm=11744b uptime=01:36:36 poll=0/0 last=0 block_max=0ms loop_max=32ms slow=app.tick:24ms last_poll_age_ms=0 next_poll_in_ms=5000 last_render_age_ms=5784511 build=Aug  4 2026-05:09:5
1785823038.402|{"ok":true,"cmd":"get","var":"wrState","state":2,"last":true}
1785823062.612|[I][webradio] HEAP play free=55648 min=47888
1785823067.648|[I][hb] display=winamp wifi=rssi(-49) disc=1 heap=54k maxAlloc=41k stack_hwm=11744b uptime=01:37:06 poll=0/0 last=0 block_max=0ms loop_max=46ms slow=app.tick:28ms last_poll_age_ms=0 next_poll_in_ms=5000 last_render_age_ms=5814517 build=Aug  4 2026-05:09:5
1785823067.660|[W][perf] iter=52ms (worst path so far: wr.pump:23ms)
1785823068.437|{"ok":true,"cmd":"get","var":"wrState","state":2,"last":true}
1785823092.625|[I][webradio] HEAP play free=58012 min=47888
1785823097.667|[I][hb] display=winamp wifi=rssi(-48) disc=1 heap=56k maxAlloc=41k stack_hwm=11744b uptime=01:37:36 poll=0/0 last=0 block_max=0ms loop_max=52ms slow=app.tick:29ms last_poll_age_ms=0 next_poll_in_ms=5000 last_render_age_ms=5844536 build=Aug  4 2026-05:09:5
1785823098.462|{"ok":true,"cmd":"get","var":"wrState","state":2,"last":true}
1785823122.635|[I][webradio] HEAP play free=58012 min=47888
1785823127.684|[I][hb] display=winamp wifi=rssi(-50) disc=1 heap=56k maxAlloc=41k stack_hwm=11744b uptime=01:38:06 poll=0/0 last=0 block_max=0ms loop_max=48ms slow=app.tick:28ms last_poll_age_ms=0 next_poll_in_ms=5000 last_render_age_ms=5874546 build=Aug  4 2026-05:09:5
1785823128.493|{"ok":true,"cmd":"get","var":"wrState","state":2,"last":true}
1785823152.636|[I][webradio] HEAP play free=58012 min=47888
1785823153.840|[I][webradio] audio_info: StreamTitle='David Guetta Ft. Estelle - One Love'
1785823153.845|[D][webradio] ICY: David Guetta Ft. Estelle - One Love
1785823157.679|[I][hb] display=winamp wifi=rssi(-50) disc=1 heap=58k maxAlloc=41k stack_hwm=11744b uptime=01:38:36 poll=0/0 last=0 block_max=0ms loop_max=50ms slow=app.tick:30ms last_poll_age_ms=0 next_poll_in_ms=5000 last_render_age_ms=5904548 build=Aug  4 2026-05:09:5
1785823158.513|{"ok":true,"cmd":"get","var":"wrState","state":2,"last":true}
1785823182.642|[I][webradio] HEAP play free=55648 min=47888
1785823187.685|[I][hb] display=winamp wifi=rssi(-50) disc=1 heap=54k maxAlloc=41k stack_hwm=11744b uptime=01:39:06 poll=0/0 last=0 block_max=0ms loop_max=38ms slow=app.tick:28ms last_poll_age_ms=0 next_poll_in_ms=5000 last_render_age_ms=5934558 build=Aug  4 2026-05:09:5
1785823188.552|{"ok":true,"cmd":"get","var":"wrState","state":2,"last":true}
1785823212.658|[I][webradio] HEAP play free=55648 min=47888
1785823217.701|[I][hb] display=winamp wifi=rssi(-50) disc=1 heap=54k maxAlloc=41k stack_hwm=11744b uptime=01:39:36 poll=0/0 last=0 block_max=0ms loop_max=46ms slow=app.tick:28ms last_poll_age_ms=0 next_poll_in_ms=5000 last_render_age_ms=5964575 build=Aug  4 2026-05:09:5
1785823218.587|{"ok":true,"cmd":"get","var":"wrState","state":2,"last":true}
1785823242.670|[I][webradio] HEAP play free=58012 min=47888
1785823247.711|[I][hb] display=winamp wifi=rssi(-51) disc=1 heap=56k maxAlloc=41k stack_hwm=11744b uptime=01:40:06 poll=0/0 last=0 block_max=0ms loop_max=29ms slow=app.tick:27ms last_poll_age_ms=0 next_poll_in_ms=5000 last_render_age_ms=5994583 build=Aug  4 2026-05:09:5
1785823248.610|{"ok":true,"cmd":"get","var":"wrState","state":2,"last":true}
1785823260.626|{"ok":true,"cmd":"get","var":"wrState","state":2,"last":true}
1785823260.647|{"ok":true,"cmd":"get","var":"wrIdx","idx":0,"last":true}
1785823272.684|[I][webradio] HEAP play free=58012 min=47888
1785823277.730|[I][hb] display=winamp wifi=rssi(-50) disc=1 heap=56k maxAlloc=41k stack_hwm=11744b uptime=01:40:36 poll=0/0 last=0 block_max=0ms loop_max=49ms slow=app.tick:25ms last_poll_age_ms=0 next_poll_in_ms=5000 last_render_age_ms=6024598 build=Aug  4 2026-05:09:5
1785823278.675|{"ok":true,"cmd":"get","var":"wrState","state":2,"last":true}
1785823302.687|[I][webradio] HEAP play free=60180 min=47888
1785823307.745|[I][hb] display=winamp wifi=rssi(-50) disc=1 heap=54k maxAlloc=41k stack_hwm=11744b uptime=01:41:06 poll=0/0 last=0 block_max=0ms loop_max=39ms slow=app.tick:25ms last_poll_age_ms=0 next_poll_in_ms=5000 last_render_age_ms=6054618 build=Aug  4 2026-05:09:5
1785823308.713|{"ok":true,"cmd":"get","var":"wrState","state":2,"last":true}
1785823332.692|[I][webradio] HEAP play free=55648 min=47888
1785823337.758|[I][hb] display=winamp wifi=rssi(-48) disc=1 heap=54k maxAlloc=41k stack_hwm=11744b uptime=01:41:36 poll=0/0 last=0 block_max=0ms loop_max=45ms slow=app.tick:28ms last_poll_age_ms=0 next_poll_in_ms=5000 last_render_age_ms=6084628 build=Aug  4 2026-05:09:5
1785823338.752|{"ok":true,"cmd":"get","var":"wrState","state":2,"last":true}
1785823362.701|[I][webradio] HEAP play free=55648 min=47888
1785823367.770|[I][hb] display=winamp wifi=rssi(-48) disc=1 heap=54k maxAlloc=41k stack_hwm=11744b uptime=01:42:06 poll=0/0 last=0 block_max=0ms loop_max=45ms slow=app.tick:27ms last_poll_age_ms=0 next_poll_in_ms=5000 last_render_age_ms=6114640 build=Aug  4 2026-05:09:5
1785823368.772|{"ok":true,"cmd":"get","var":"wrState","state":2,"last":true}
1785823392.714|[I][webradio] HEAP play free=58012 min=47888
1785823397.786|[I][hb] display=winamp wifi=rssi(-48) disc=1 heap=56k maxAlloc=41k stack_hwm=11744b uptime=01:42:36 poll=0/0 last=0 block_max=0ms loop_max=49ms slow=app.tick:26ms last_poll_age_ms=0 next_poll_in_ms=5000 last_render_age_ms=6144657 build=Aug  4 2026-05:09:5
1785823398.812|{"ok":true,"cmd":"get","var":"wrState","state":2,"last":true}
1785823414.824|[I][webradio] audio_info: StreamTitle='Gigi D'agostino - L'amour Toujours'
1785823414.843|[D][webradio] ICY: Gigi D'agostino - L'amour Toujours
1785823422.724|[I][webradio] HEAP play free=58012 min=47888
1785823427.802|[I][hb] display=winamp wifi=rssi(-48) disc=1 heap=56k maxAlloc=41k stack_hwm=11744b uptime=01:43:06 poll=0/0 last=0 block_max=0ms loop_max=31ms slow=app.tick:26ms last_poll_age_ms=0 next_poll_in_ms=5000 last_render_age_ms=6174669 build=Aug  4 2026-05:09:5
1785823428.854|{"ok":true,"cmd":"get","var":"wrState","state":2,"last":true}
1785823452.728|[I][webradio] HEAP play free=60064 min=47888
1785823457.813|[I][hb] display=winamp wifi=rssi(-48) disc=1 heap=54k maxAlloc=41k stack_hwm=11744b uptime=01:43:36 poll=0/0 last=0 block_max=0ms loop_max=50ms slow=app.tick:25ms last_poll_age_ms=0 next_poll_in_ms=5000 last_render_age_ms=6204670 build=Aug  4 2026-05:09:5
1785823458.892|{"ok":true,"cmd":"get","var":"wrState","state":2,"last":true}
1785823482.733|[I][webradio] HEAP play free=53252 min=47888
1785823487.802|[I][hb] display=winamp wifi=rssi(-49) disc=1 heap=54k maxAlloc=41k stack_hwm=11744b uptime=01:44:06 poll=0/0 last=0 block_max=0ms loop_max=50ms slow=app.tick:29ms last_poll_age_ms=0 next_poll_in_ms=5000 last_render_age_ms=6234674 build=Aug  4 2026-05:09:5
1785823488.933|{"ok":true,"cmd":"get","var":"wrState","state":2,"last":true}
1785823512.741|[I][webradio] HEAP play free=55648 min=47888
1785823517.815|[I][hb] display=winamp wifi=rssi(-50) disc=1 heap=54k maxAlloc=41k stack_hwm=11744b uptime=01:44:36 poll=0/0 last=0 block_max=0ms loop_max=47ms slow=app.tick:29ms last_poll_age_ms=0 next_poll_in_ms=5000 last_render_age_ms=6264687 build=Aug  4 2026-05:09:5
1785823517.822|[W][perf] iter=51ms (worst path so far: wr.pump:21ms)
1785823518.972|{"ok":true,"cmd":"get","var":"wrState","state":2,"last":true}
1785823542.758|[I][webradio] HEAP play free=58012 min=47888
1785823547.823|[I][hb] display=winamp wifi=rssi(-49) disc=1 heap=56k maxAlloc=41k stack_hwm=11744b uptime=01:45:06 poll=0/0 last=0 block_max=0ms loop_max=51ms slow=app.tick:28ms last_poll_age_ms=0 next_poll_in_ms=5000 last_render_age_ms=6294698 build=Aug  4 2026-05:09:5
1785823549.005|{"ok":true,"cmd":"get","var":"wrState","state":2,"last":true}
1785823561.029|{"ok":true,"cmd":"get","var":"wrState","state":2,"last":true}
1785823561.053|{"ok":true,"cmd":"get","var":"wrIdx","idx":0,"last":true}
1785823572.752|[I][webradio] HEAP play free=58012 min=47888
1785823577.819|[I][hb] display=winamp wifi=rssi(-48) disc=1 heap=56k maxAlloc=41k stack_hwm=11744b uptime=01:45:36 poll=0/0 last=0 block_max=0ms loop_max=49ms slow=app.tick:25ms last_poll_age_ms=0 next_poll_in_ms=5000 last_render_age_ms=6324699 build=Aug  4 2026-05:09:5
1785823579.079|{"ok":true,"cmd":"get","var":"wrState","state":2,"last":true}
1785823602.762|[I][webradio] HEAP play free=58020 min=47888
1785823607.836|[I][hb] display=winamp wifi=rssi(-49) disc=1 heap=56k maxAlloc=41k stack_hwm=11744b uptime=01:46:07 poll=0/0 last=0 block_max=0ms loop_max=30ms slow=app.tick:28ms last_poll_age_ms=0 next_poll_in_ms=5000 last_render_age_ms=6354705 build=Aug  4 2026-05:09:5
1785823607.842|[W][perf] iter=51ms (worst path so far: wr.pump:18ms)
1785823609.115|{"ok":true,"cmd":"get","var":"wrState","state":2,"last":true}
1785823632.784|[I][webradio] HEAP play free=55648 min=47888
1785823637.850|[I][hb] display=winamp wifi=rssi(-48) disc=1 heap=54k maxAlloc=41k stack_hwm=11744b uptime=01:46:37 poll=0/0 last=0 block_max=0ms loop_max=51ms slow=app.tick:29ms last_poll_age_ms=0 next_poll_in_ms=5000 last_render_age_ms=6384726 build=Aug  4 2026-05:09:5
1785823639.132|{"ok":true,"cmd":"get","var":"wrState","state":2,"last":true}
1785823643.809|[I][webradio] audio_info: StreamTitle='Dash Berlin - Till The Sky Falls Down'
1785823643.828|[D][webradio] ICY: Dash Berlin - Till The Sky Falls Down
1785823662.786|[I][webradio] HEAP play free=55648 min=47888
1785823667.859|[I][hb] display=winamp wifi=rssi(-49) disc=1 heap=54k maxAlloc=41k stack_hwm=11744b uptime=01:47:07 poll=0/0 last=0 block_max=0ms loop_max=34ms slow=app.tick:30ms last_poll_age_ms=0 next_poll_in_ms=5000 last_render_age_ms=6414738 build=Aug  4 2026-05:09:5
1785823669.166|{"ok":true,"cmd":"get","var":"wrState","state":2,"last":true}
1785823692.804|[I][webradio] HEAP play free=58020 min=47888
1785823697.875|[I][hb] display=winamp wifi=rssi(-48) disc=1 heap=56k maxAlloc=41k stack_hwm=11744b uptime=01:47:37 poll=0/0 last=0 block_max=0ms loop_max=47ms slow=app.tick:27ms last_poll_age_ms=0 next_poll_in_ms=5000 last_render_age_ms=6444750 build=Aug  4 2026-05:09:5
1785823699.206|{"ok":true,"cmd":"get","var":"wrState","state":2,"last":true}
1785823722.815|[I][webradio] HEAP play free=58012 min=47888
1785823727.892|[I][hb] display=winamp wifi=rssi(-48) disc=1 heap=56k maxAlloc=41k stack_hwm=11744b uptime=01:48:07 poll=0/0 last=0 block_max=0ms loop_max=48ms slow=app.tick:26ms last_poll_age_ms=0 next_poll_in_ms=5000 last_render_age_ms=6474763 build=Aug  4 2026-05:09:5
1785823729.245|{"ok":true,"cmd":"get","var":"wrState","state":2,"last":true}
1785823752.818|[I][webradio] HEAP play free=60376 min=47888
1785823757.903|[I][hb] display=winamp wifi=rssi(-51) disc=1 heap=54k maxAlloc=41k stack_hwm=11744b uptime=01:48:37 poll=0/0 last=0 block_max=0ms loop_max=50ms slow=app.tick:26ms last_poll_age_ms=0 next_poll_in_ms=5000 last_render_age_ms=6504781 build=Aug  4 2026-05:09:5
1785823759.266|{"ok":true,"cmd":"get","var":"wrState","state":2,"last":true}
1785823782.829|[I][webradio] HEAP play free=55648 min=47888
1785823787.914|[I][hb] display=winamp wifi=rssi(-47) disc=1 heap=54k maxAlloc=41k stack_hwm=11744b uptime=01:49:07 poll=0/0 last=0 block_max=0ms loop_max=49ms slow=app.tick:27ms last_poll_age_ms=0 next_poll_in_ms=5000 last_render_age_ms=6534793 build=Aug  4 2026-05:09:5
1785823789.304|{"ok":true,"cmd":"get","var":"wrState","state":2,"last":true}
1785823812.834|[I][webradio] HEAP play free=55648 min=47888
1785823817.932|[I][hb] display=winamp wifi=rssi(-49) disc=1 heap=49k maxAlloc=41k stack_hwm=11744b uptime=01:49:37 poll=0/0 last=0 block_max=0ms loop_max=49ms slow=app.tick:26ms last_poll_age_ms=0 next_poll_in_ms=5000 last_render_age_ms=6564809 build=Aug  4 2026-05:09:5
1785823819.343|{"ok":true,"cmd":"get","var":"wrState","state":2,"last":true}
1785823842.850|[I][webradio] HEAP play free=58012 min=47888
1785823847.942|[I][hb] display=winamp wifi=rssi(-48) disc=1 heap=56k maxAlloc=41k stack_hwm=11744b uptime=01:50:07 poll=0/0 last=0 block_max=0ms loop_max=49ms slow=app.tick:29ms last_poll_age_ms=0 next_poll_in_ms=5000 last_render_age_ms=6594828 build=Aug  4 2026-05:09:5
1785823849.363|{"ok":true,"cmd":"get","var":"wrState","state":2,"last":true}
1785823850.828|[I][webradio] audio_info: StreamTitle='Fat Joe & Ashanti - What's Luv'
1785823850.832|[D][webradio] ICY: Fat Joe & Ashanti - What's Luv
1785823861.379|{"ok":true,"cmd":"get","var":"wrState","state":2,"last":true}
1785823861.401|{"ok":true,"cmd":"get","var":"wrIdx","idx":0,"last":true}
1785823872.860|[I][webradio] HEAP play free=58020 min=47888
1785823877.960|[I][hb] display=winamp wifi=rssi(-48) disc=1 heap=54k maxAlloc=41k stack_hwm=11744b uptime=01:50:37 poll=0/0 last=0 block_max=0ms loop_max=40ms slow=app.tick:28ms last_poll_age_ms=0 next_poll_in_ms=5000 last_render_age_ms=6624839 build=Aug  4 2026-05:09:5
1785823879.428|{"ok":true,"cmd":"get","var":"wrState","state":2,"last":true}
1785823902.861|[I][webradio] HEAP play free=60056 min=47888
1785823907.971|[I][hb] display=winamp wifi=rssi(-48) disc=1 heap=54k maxAlloc=41k stack_hwm=11744b uptime=01:51:07 poll=0/0 last=0 block_max=0ms loop_max=48ms slow=app.tick:28ms last_poll_age_ms=0 next_poll_in_ms=5000 last_render_age_ms=6654852 build=Aug  4 2026-05:09:5
1785823909.468|{"ok":true,"cmd":"get","var":"wrState","state":2,"last":true}
1785823932.887|[I][webradio] HEAP play free=55648 min=47888
1785823937.990|[I][hb] display=winamp wifi=rssi(-49) disc=1 heap=54k maxAlloc=41k stack_hwm=11744b uptime=01:51:37 poll=0/0 last=0 block_max=0ms loop_max=50ms slow=app.tick:29ms last_poll_age_ms=0 next_poll_in_ms=5000 last_render_age_ms=6684868 build=Aug  4 2026-05:09:5
1785823939.505|{"ok":true,"cmd":"get","var":"wrState","state":2,"last":true}
1785823962.879|[I][webradio] HEAP play free=55648 min=47888
1785823968.001|[I][hb] display=winamp wifi=rssi(-50) disc=1 heap=56k maxAlloc=41k stack_hwm=11744b uptime=01:52:07 poll=0/0 last=0 block_max=0ms loop_max=31ms slow=app.tick:27ms last_poll_age_ms=0 next_poll_in_ms=5000 last_render_age_ms=6714880 build=Aug  4 2026-05:09:5
1785823969.525|{"ok":true,"cmd":"get","var":"wrState","state":2,"last":true}
1785823992.898|[I][webradio] HEAP play free=58012 min=47888
1785823998.013|[I][hb] display=winamp wifi=rssi(-48) disc=1 heap=56k maxAlloc=41k stack_hwm=11744b uptime=01:52:37 poll=0/0 last=0 block_max=0ms loop_max=49ms slow=app.tick:28ms last_poll_age_ms=0 next_poll_in_ms=5000 last_render_age_ms=6744892 build=Aug  4 2026-05:09:5
1785823998.021|[W][perf] iter=52ms (worst path so far: wr.pump:22ms)
1785823999.565|{"ok":true,"cmd":"get","var":"wrState","state":2,"last":true}
1785824022.913|[I][webradio] HEAP play free=58020 min=47888
1785824028.005|[I][hb] display=winamp wifi=rssi(-48) disc=1 heap=54k maxAlloc=41k stack_hwm=11744b uptime=01:53:07 poll=0/0 last=0 block_max=0ms loop_max=52ms slow=app.tick:28ms last_poll_age_ms=0 next_poll_in_ms=5000 last_render_age_ms=6774892 build=Aug  4 2026-05:09:5
1785824029.605|{"ok":true,"cmd":"get","var":"wrState","state":2,"last":true}
1785824052.920|[I][webradio] HEAP play free=58012 min=47888
1785824058.015|[I][hb] display=winamp wifi=rssi(-49) disc=1 heap=54k maxAlloc=41k stack_hwm=11744b uptime=01:53:37 poll=0/0 last=0 block_max=0ms loop_max=33ms slow=app.tick:29ms last_poll_age_ms=0 next_poll_in_ms=5000 last_render_age_ms=6804899 build=Aug  4 2026-05:09:5
1785824059.637|{"ok":true,"cmd":"get","var":"wrState","state":2,"last":true}
1785824082.817|[I][webradio] audio_info: StreamTitle='Hi_Tack - Say Say Say (Waiting 4 U)'
1785824082.836|[D][webradio] ICY: Hi_Tack - Say Say Say (Waiting 4 U)
1785824082.933|[I][webradio] HEAP play free=55648 min=47888
1785824088.033|[I][hb] display=winamp wifi=rssi(-48) disc=1 heap=54k maxAlloc=41k stack_hwm=11744b uptime=01:54:07 poll=0/0 last=0 block_max=0ms loop_max=50ms slow=app.tick:26ms last_poll_age_ms=0 next_poll_in_ms=5000 last_render_age_ms=6834913 build=Aug  4 2026-05:09:5
1785824089.657|{"ok":true,"cmd":"get","var":"wrState","state":2,"last":true}
1785824112.932|[I][webradio] HEAP play free=55648 min=47888
1785824118.044|[I][hb] display=winamp wifi=rssi(-50) disc=1 heap=56k maxAlloc=41k stack_hwm=11744b uptime=01:54:37 poll=0/0 last=0 block_max=0ms loop_max=39ms slow=app.tick:27ms last_poll_age_ms=0 next_poll_in_ms=5000 last_render_age_ms=6864933 build=Aug  4 2026-05:09:5
1785824119.698|{"ok":true,"cmd":"get","var":"wrState","state":2,"last":true}
1785824142.941|[I][webradio] HEAP play free=58012 min=47888
1785824148.058|[I][hb] display=winamp wifi=rssi(-49) disc=1 heap=56k maxAlloc=41k stack_hwm=11744b uptime=01:55:07 poll=0/0 last=0 block_max=0ms loop_max=40ms slow=app.tick:27ms last_poll_age_ms=0 next_poll_in_ms=5000 last_render_age_ms=6894939 build=Aug  4 2026-05:09:5
1785824148.068|[W][perf] iter=54ms (worst path so far: wr.pump:22ms)
1785824149.736|{"ok":true,"cmd":"get","var":"wrState","state":2,"last":true}
1785824161.755|{"ok":true,"cmd":"get","var":"wrState","state":2,"last":true}
1785824161.780|{"ok":true,"cmd":"get","var":"wrIdx","idx":0,"last":true}
1785824172.951|[I][webradio] HEAP play free=50920 min=47888
1785824178.056|[I][hb] display=winamp wifi=rssi(-48) disc=1 heap=58k maxAlloc=41k stack_hwm=11744b uptime=01:55:37 poll=0/0 last=0 block_max=0ms loop_max=54ms slow=app.tick:27ms last_poll_age_ms=0 next_poll_in_ms=5000 last_render_age_ms=6924939 build=Aug  4 2026-05:09:5
1785824179.806|{"ok":true,"cmd":"get","var":"wrState","state":2,"last":true}
1785824202.966|[I][webradio] HEAP play free=58012 min=47888
1785824208.060|[I][hb] display=winamp wifi=rssi(-48) disc=1 heap=54k maxAlloc=41k stack_hwm=11744b uptime=01:56:07 poll=0/0 last=0 block_max=0ms loop_max=31ms slow=app.tick:26ms last_poll_age_ms=0 next_poll_in_ms=5000 last_render_age_ms=6954951 build=Aug  4 2026-05:09:5
1785824209.824|{"ok":true,"cmd":"get","var":"wrState","state":2,"last":true}
1785824232.981|[I][webradio] HEAP play free=55648 min=47888
1785824238.079|[I][hb] display=winamp wifi=rssi(-48) disc=1 heap=54k maxAlloc=41k stack_hwm=11744b uptime=01:56:37 poll=0/0 last=0 block_max=0ms loop_max=46ms slow=app.tick:28ms last_poll_age_ms=0 next_poll_in_ms=5000 last_render_age_ms=6984961 build=Aug  4 2026-05:09:5
1785824239.859|{"ok":true,"cmd":"get","var":"wrState","state":2,"last":true}
1785824247.800|[I][webradio] audio_info: StreamTitle='Paul Van Dyk - For An Angel 2009'
1785824247.819|[D][webradio] ICY: Paul Van Dyk - For An Angel 2009
1785824262.993|[I][webradio] HEAP play free=55648 min=47888
1785824268.088|[I][hb] display=winamp wifi=rssi(-48) disc=1 heap=56k maxAlloc=41k stack_hwm=11744b uptime=01:57:07 poll=0/0 last=0 block_max=0ms loop_max=43ms slow=app.tick:25ms last_poll_age_ms=0 next_poll_in_ms=5000 last_render_age_ms=7014974 build=Aug  4 2026-05:09:5
1785824268.097|[W][perf] iter=51ms (worst path so far: wr.pump:23ms)
1785824269.902|{"ok":true,"cmd":"get","var":"wrState","state":2,"last":true}
1785824293.004|[I][webradio] HEAP play free=58012 min=47888
1785824298.111|[I][hb] display=winamp wifi=rssi(-51) disc=1 heap=56k maxAlloc=41k stack_hwm=11744b uptime=01:57:37 poll=0/0 last=0 block_max=0ms loop_max=51ms slow=app.tick:27ms last_poll_age_ms=0 next_poll_in_ms=5000 last_render_age_ms=7044991 build=Aug  4 2026-05:09:5
1785824299.937|{"ok":true,"cmd":"get","var":"wrState","state":2,"last":true}
1785824323.006|[I][webradio] HEAP play free=58012 min=47888
1785824328.121|[I][hb] display=winamp wifi=rssi(-50) disc=1 heap=54k maxAlloc=41k stack_hwm=11744b uptime=01:58:07 poll=0/0 last=0 block_max=0ms loop_max=34ms slow=app.tick:26ms last_poll_age_ms=0 next_poll_in_ms=5000 last_render_age_ms=7074992 build=Aug  4 2026-05:09:5
1785824329.975|{"ok":true,"cmd":"get","var":"wrState","state":2,"last":true}
1785824353.010|[I][webradio] HEAP play free=58012 min=47888
1785824358.104|[I][hb] display=winamp wifi=rssi(-49) disc=1 heap=54k maxAlloc=41k stack_hwm=11744b uptime=01:58:37 poll=0/0 last=0 block_max=0ms loop_max=47ms slow=app.tick:27ms last_poll_age_ms=0 next_poll_in_ms=5000 last_render_age_ms=7104995 build=Aug  4 2026-05:09:5
1785824360.019|{"ok":true,"cmd":"get","var":"wrState","state":2,"last":true}
1785824383.026|[I][webradio] HEAP play free=55648 min=47888
1785824388.115|[I][hb] display=winamp wifi=rssi(-48) disc=1 heap=54k maxAlloc=41k stack_hwm=11744b uptime=01:59:07 poll=0/0 last=0 block_max=0ms loop_max=50ms slow=app.tick:29ms last_poll_age_ms=0 next_poll_in_ms=5000 last_render_age_ms=7135004 build=Aug  4 2026-05:09:5
1785824390.053|{"ok":true,"cmd":"get","var":"wrState","state":2,"last":true}
1785824413.038|[I][webradio] HEAP play free=55648 min=47888
1785824418.133|[I][hb] display=winamp wifi=rssi(-48) disc=1 heap=56k maxAlloc=41k stack_hwm=11744b uptime=01:59:37 poll=0/0 last=0 block_max=0ms loop_max=49ms slow=app.tick:27ms last_poll_age_ms=0 next_poll_in_ms=5000 last_render_age_ms=7165005 build=Aug  4 2026-05:09:5
1785824420.074|{"ok":true,"cmd":"get","var":"wrState","state":2,"last":true}
1785824421.799|[I][webradio] audio_info: StreamTitle='Rihanna - Take A Bow'
1785824421.804|[D][webradio] ICY: Rihanna - Take A Bow
1785824443.048|[I][webradio] HEAP play free=58012 min=47888
1785824448.121|[I][hb] display=winamp wifi=rssi(-50) disc=1 heap=56k maxAlloc=41k stack_hwm=11744b uptime=02:00:07 poll=0/0 last=0 block_max=0ms loop_max=50ms slow=app.tick:29ms last_poll_age_ms=0 next_poll_in_ms=5000 last_render_age_ms=7195014 build=Aug  4 2026-05:09:5
1785824450.118|{"ok":true,"cmd":"get","var":"wrState","state":2,"last":true}
1785824462.138|{"ok":true,"cmd":"get","var":"wrState","state":2,"last":true}
1785824462.160|{"ok":true,"cmd":"get","var":"wrIdx","idx":0,"last":true}
1785824473.051|[I][webradio] HEAP play free=58020 min=47888
1785824478.134|[I][hb] display=winamp wifi=rssi(-50) disc=1 heap=56k maxAlloc=41k stack_hwm=11744b uptime=02:00:37 poll=0/0 last=0 block_max=0ms loop_max=43ms slow=app.tick:28ms last_poll_age_ms=0 next_poll_in_ms=5000 last_render_age_ms=7225021 build=Aug  4 2026-05:09:5
1785824478.142|[W][perf] iter=52ms (worst path so far: wr.pump:23ms)
1785824478.214|{"ok":true,"cmd":"get","var":"wrState","state":2,"last":true}
1785824503.055|[I][webradio] HEAP play free=58012 min=47888
1785824508.149|[I][hb] display=winamp wifi=rssi(-49) disc=1 heap=54k maxAlloc=41k stack_hwm=11744b uptime=02:01:07 poll=0/0 last=0 block_max=0ms loop_max=52ms slow=app.tick:27ms last_poll_age_ms=0 next_poll_in_ms=5000 last_render_age_ms=7255023 build=Aug  4 2026-05:09:5
1785824508.155|[W][perf] iter=51ms (worst path so far: wr.pump:22ms)
1785824508.236|{"ok":true,"cmd":"get","var":"wrState","state":2,"last":true}
1785824533.071|[I][webradio] HEAP play free=55648 min=47888
1785824538.138|[I][hb] display=winamp wifi=rssi(-49) disc=1 heap=54k maxAlloc=41k stack_hwm=11744b uptime=02:01:37 poll=0/0 last=0 block_max=0ms loop_max=51ms slow=app.tick:27ms last_poll_age_ms=0 next_poll_in_ms=5000 last_render_age_ms=7285028 build=Aug  4 2026-05:09:5
1785824538.273|{"ok":true,"cmd":"get","var":"wrState","state":2,"last":true}
1785824563.090|[I][webradio] HEAP play free=58012 min=47888
1785824568.155|[I][hb] display=winamp wifi=rssi(-48) disc=1 heap=54k maxAlloc=41k stack_hwm=11744b uptime=02:02:07 poll=0/0 last=0 block_max=0ms loop_max=48ms slow=app.tick:27ms last_poll_age_ms=0 next_poll_in_ms=5000 last_render_age_ms=7315039 build=Aug  4 2026-05:09:5
1785824568.295|{"ok":true,"cmd":"get","var":"wrState","state":2,"last":true}
1785824593.097|[I][webradio] HEAP play free=58020 min=47888
1785824598.143|[I][hb] display=winamp wifi=rssi(-48) disc=1 heap=56k maxAlloc=41k stack_hwm=11744b uptime=02:02:37 poll=0/0 last=0 block_max=0ms loop_max=50ms slow=app.tick:25ms last_poll_age_ms=0 next_poll_in_ms=5000 last_render_age_ms=7345039 build=Aug  4 2026-05:09:5
1785824598.330|{"ok":true,"cmd":"get","var":"wrState","state":2,"last":true}
1785824623.111|[I][webradio] HEAP play free=58012 min=47888
1785824628.154|[I][hb] display=winamp wifi=rssi(-49) disc=1 heap=56k maxAlloc=41k stack_hwm=11744b uptime=02:03:07 poll=0/0 last=0 block_max=0ms loop_max=27ms slow=app.tick:25ms last_poll_age_ms=0 next_poll_in_ms=5000 last_render_age_ms=7375051 build=Aug  4 2026-05:09:5
1785824628.350|{"ok":true,"cmd":"get","var":"wrState","state":2,"last":true}
1785824653.128|[I][webradio] HEAP play free=55648 min=47888
1785824655.805|[I][webradio] audio_info: StreamTitle='Akcent - Kylie'
1785824655.825|[D][webradio] ICY: Akcent - Kylie
1785824658.171|[I][hb] display=winamp wifi=rssi(-49) disc=1 heap=54k maxAlloc=41k stack_hwm=11744b uptime=02:03:37 poll=0/0 last=0 block_max=0ms loop_max=31ms slow=app.tick:25ms last_poll_age_ms=0 next_poll_in_ms=5000 last_render_age_ms=7405065 build=Aug  4 2026-05:09:5
1785824658.403|{"ok":true,"cmd":"get","var":"wrState","state":2,"last":true}
1785824683.145|[I][webradio] HEAP play free=55648 min=47888
1785824688.183|[I][hb] display=winamp wifi=rssi(-49) disc=1 heap=54k maxAlloc=41k stack_hwm=11744b uptime=02:04:07 poll=0/0 last=0 block_max=0ms loop_max=38ms slow=app.tick:26ms last_poll_age_ms=0 next_poll_in_ms=5000 last_render_age_ms=7435078 build=Aug  4 2026-05:09:5
1785824688.422|{"ok":true,"cmd":"get","var":"wrState","state":2,"last":true}
1785824713.154|[I][webradio] HEAP play free=58012 min=47888
1785824718.200|[I][hb] display=winamp wifi=rssi(-47) disc=1 heap=56k maxAlloc=41k stack_hwm=11744b uptime=02:04:37 poll=0/0 last=0 block_max=0ms loop_max=36ms slow=app.tick:24ms last_poll_age_ms=0 next_poll_in_ms=5000 last_render_age_ms=7465097 build=Aug  4 2026-05:09:5
1785824718.440|{"ok":true,"cmd":"get","var":"wrState","state":2,"last":true}
1785824743.171|[I][webradio] HEAP play free=58012 min=47888
1785824748.210|[I][hb] display=winamp wifi=rssi(-48) disc=1 heap=56k maxAlloc=41k stack_hwm=11744b uptime=02:05:07 poll=0/0 last=0 block_max=0ms loop_max=29ms slow=app.tick:27ms last_poll_age_ms=0 next_poll_in_ms=5000 last_render_age_ms=7495108 build=Aug  4 2026-05:09:5
1785824748.481|{"ok":true,"cmd":"get","var":"wrState","state":2,"last":true}
1785824762.507|{"ok":true,"cmd":"get","var":"wrState","state":2,"last":true}
1785824762.532|{"ok":true,"cmd":"get","var":"wrIdx","idx":0,"last":true}
1785824773.187|[I][webradio] HEAP play free=55444 min=47888
1785824778.234|[I][hb] display=winamp wifi=rssi(-49) disc=1 heap=56k maxAlloc=41k stack_hwm=11744b uptime=02:05:37 poll=0/0 last=0 block_max=0ms loop_max=48ms slow=app.tick:30ms last_poll_age_ms=0 next_poll_in_ms=5000 last_render_age_ms=7525126 build=Aug  4 2026-05:09:5
1785824778.568|{"ok":true,"cmd":"get","var":"wrState","state":2,"last":true}
1785824803.196|[I][webradio] HEAP play free=55648 min=47888
1785824808.241|[I][hb] display=winamp wifi=rssi(-48) disc=1 heap=54k maxAlloc=41k stack_hwm=11744b uptime=02:06:07 poll=0/0 last=0 block_max=0ms loop_max=49ms slow=app.tick:25ms last_poll_age_ms=0 next_poll_in_ms=5000 last_render_age_ms=7555139 build=Aug  4 2026-05:09:5
1785824808.602|{"ok":true,"cmd":"get","var":"wrState","state":2,"last":true}
1785824833.207|[I][webradio] HEAP play free=55648 min=47888
1785824838.257|[I][hb] display=winamp wifi=rssi(-50) disc=1 heap=56k maxAlloc=41k stack_hwm=11744b uptime=02:06:37 poll=0/0 last=0 block_max=0ms loop_max=43ms slow=app.tick:28ms last_poll_age_ms=0 next_poll_in_ms=5000 last_render_age_ms=7585154 build=Aug  4 2026-05:09:5
1785824838.626|{"ok":true,"cmd":"get","var":"wrState","state":2,"last":true}
1785824863.209|[I][webradio] HEAP play free=58020 min=47888
1785824868.267|[I][hb] display=winamp wifi=rssi(-50) disc=1 heap=56k maxAlloc=41k stack_hwm=11744b uptime=02:07:07 poll=0/0 last=0 block_max=0ms loop_max=29ms slow=app.tick:27ms last_poll_age_ms=0 next_poll_in_ms=5000 last_render_age_ms=7615163 build=Aug  4 2026-05:09:5
1785824868.666|{"ok":true,"cmd":"get","var":"wrState","state":2,"last":true}
1785824884.784|[I][webradio] audio_info: StreamTitle='Fake Blood - Mars'
1785824884.789|[D][webradio] ICY: Fake Blood - Mars
1785824893.212|[I][webradio] HEAP play free=58012 min=47888
1785824898.284|[I][hb] display=winamp wifi=rssi(-48) disc=1 heap=56k maxAlloc=41k stack_hwm=11744b uptime=02:07:37 poll=0/0 last=0 block_max=0ms loop_max=49ms slow=app.tick:30ms last_poll_age_ms=0 next_poll_in_ms=5000 last_render_age_ms=7645183 build=Aug  4 2026-05:09:5
1785824898.703|{"ok":true,"cmd":"get","var":"wrState","state":2,"last":true}
1785824923.227|[I][webradio] HEAP play free=58020 min=47888
1785824928.296|[I][hb] display=winamp wifi=rssi(-51) disc=1 heap=54k maxAlloc=41k stack_hwm=11744b uptime=02:08:07 poll=0/0 last=0 block_max=0ms loop_max=28ms slow=app.tick:24ms last_poll_age_ms=0 next_poll_in_ms=5000 last_render_age_ms=7675197 build=Aug  4 2026-05:09:5
1785824928.724|{"ok":true,"cmd":"get","var":"wrState","state":2,"last":true}
1785824953.241|[I][webradio] HEAP play free=55648 min=47888
1785824958.312|[I][hb] display=winamp wifi=rssi(-48) disc=1 heap=54k maxAlloc=41k stack_hwm=11744b uptime=02:08:37 poll=0/0 last=0 block_max=0ms loop_max=45ms slow=app.tick:26ms last_poll_age_ms=0 next_poll_in_ms=5000 last_render_age_ms=7705212 build=Aug  4 2026-05:09:5
1785824958.762|{"ok":true,"cmd":"get","var":"wrState","state":2,"last":true}
1785824983.252|[I][webradio] HEAP play free=55648 min=47888
1785824988.323|[I][hb] display=winamp wifi=rssi(-48) disc=1 heap=56k maxAlloc=41k stack_hwm=11744b uptime=02:09:07 poll=0/0 last=0 block_max=0ms loop_max=31ms slow=app.tick:29ms last_poll_age_ms=0 next_poll_in_ms=5000 last_render_age_ms=7735225 build=Aug  4 2026-05:09:5
1785824988.804|{"ok":true,"cmd":"get","var":"wrState","state":2,"last":true}
1785825013.252|[I][webradio] HEAP play free=58012 min=47888
1785825018.341|[I][hb] display=winamp wifi=rssi(-49) disc=1 heap=56k maxAlloc=41k stack_hwm=11744b uptime=02:09:37 poll=0/0 last=0 block_max=0ms loop_max=28ms slow=app.tick:25ms last_poll_age_ms=0 next_poll_in_ms=5000 last_render_age_ms=7765243 build=Aug  4 2026-05:09:5
1785825018.842|{"ok":true,"cmd":"get","var":"wrState","state":2,"last":true}
1785825043.260|[I][webradio] HEAP play free=58012 min=47888
1785825048.359|[I][hb] display=winamp wifi=rssi(-50) disc=1 heap=58k maxAlloc=41k stack_hwm=11744b uptime=02:10:07 poll=0/0 last=0 block_max=0ms loop_max=36ms slow=app.tick:26ms last_poll_age_ms=0 next_poll_in_ms=5000 last_render_age_ms=7795254 build=Aug  4 2026-05:09:5
1785825048.884|{"ok":true,"cmd":"get","var":"wrState","state":2,"last":true}
1785825051.782|[I][webradio] audio_info: StreamTitle='Akon & Eminem - Smack That'
1785825051.802|[D][webradio] ICY: Akon & Eminem - Smack That
1785825062.908|{"ok":true,"cmd":"get","var":"wrState","state":2,"last":true}
1785825062.931|{"ok":true,"cmd":"get","var":"wrIdx","idx":0,"last":true}
1785825073.273|[I][webradio] HEAP play free=58020 min=47888
1785825078.370|[I][hb] display=winamp wifi=rssi(-50) disc=1 heap=54k maxAlloc=41k stack_hwm=11744b uptime=02:10:37 poll=0/0 last=0 block_max=0ms loop_max=45ms slow=app.tick:28ms last_poll_age_ms=0 next_poll_in_ms=5000 last_render_age_ms=7825263 build=Aug  4 2026-05:09:5
1785825078.948|{"ok":true,"cmd":"get","var":"wrState","state":2,"last":true}
1785825103.289|[I][webradio] HEAP play free=55648 min=47888
1785825108.380|[I][hb] display=winamp wifi=rssi(-50) disc=1 heap=54k maxAlloc=41k stack_hwm=11744b uptime=02:11:07 poll=0/0 last=0 block_max=0ms loop_max=47ms slow=app.tick:25ms last_poll_age_ms=0 next_poll_in_ms=5000 last_render_age_ms=7855263 build=Aug  4 2026-05:09:5
1785825108.988|{"ok":true,"cmd":"get","var":"wrState","state":2,"last":true}
1785825133.297|[I][webradio] HEAP play free=55648 min=47888
1785825138.368|[I][hb] display=winamp wifi=rssi(-48) disc=1 heap=56k maxAlloc=41k stack_hwm=11744b uptime=02:11:37 poll=0/0 last=0 block_max=0ms loop_max=50ms slow=app.tick:28ms last_poll_age_ms=0 next_poll_in_ms=5000 last_render_age_ms=7885272 build=Aug  4 2026-05:09:5
1785825139.027|{"ok":true,"cmd":"get","var":"wrState","state":2,"last":true}
1785825163.296|[I][webradio] HEAP play free=58020 min=47888
1785825168.385|[I][hb] display=winamp wifi=rssi(-49) disc=1 heap=56k maxAlloc=41k stack_hwm=11744b uptime=02:12:07 poll=0/0 last=0 block_max=0ms loop_max=46ms slow=app.tick:28ms last_poll_age_ms=0 next_poll_in_ms=5000 last_render_age_ms=7915290 build=Aug  4 2026-05:09:5
1785825169.066|{"ok":true,"cmd":"get","var":"wrState","state":2,"last":true}
1785825193.301|[I][webradio] HEAP play free=58012 min=47888
1785825198.404|[I][hb] display=winamp wifi=rssi(-48) disc=1 heap=58k maxAlloc=41k stack_hwm=11744b uptime=02:12:37 poll=0/0 last=0 block_max=0ms loop_max=40ms slow=app.tick:27ms last_poll_age_ms=0 next_poll_in_ms=5000 last_render_age_ms=7945303 build=Aug  4 2026-05:09:5
1785825199.087|{"ok":true,"cmd":"get","var":"wrState","state":2,"last":true}
1785825223.316|[I][webradio] HEAP play free=58020 min=47888
1785825228.414|[I][hb] display=winamp wifi=rssi(-50) disc=1 heap=54k maxAlloc=41k stack_hwm=11744b uptime=02:13:07 poll=0/0 last=0 block_max=0ms loop_max=36ms slow=app.tick:25ms last_poll_age_ms=0 next_poll_in_ms=5000 last_render_age_ms=7975317 build=Aug  4 2026-05:09:5
1785825229.123|{"ok":true,"cmd":"get","var":"wrState","state":2,"last":true}
1785825253.330|[I][webradio] HEAP play free=55648 min=47888
1785825258.427|[I][hb] display=winamp wifi=rssi(-48) disc=1 heap=56k maxAlloc=41k stack_hwm=11744b uptime=02:13:37 poll=0/0 last=0 block_max=0ms loop_max=46ms slow=app.tick:27ms last_poll_age_ms=0 next_poll_in_ms=5000 last_render_age_ms=8005330 build=Aug  4 2026-05:09:5
1785825259.159|{"ok":true,"cmd":"get","var":"wrState","state":2,"last":true}
1785825283.346|[I][webradio] HEAP play free=55648 min=47888
1785825288.442|[I][hb] display=winamp wifi=rssi(-48) disc=1 heap=56k maxAlloc=41k stack_hwm=11744b uptime=02:14:07 poll=0/0 last=0 block_max=0ms loop_max=48ms slow=app.tick:30ms last_poll_age_ms=0 next_poll_in_ms=5000 last_render_age_ms=8035338 build=Aug  4 2026-05:09:5
1785825289.199|{"ok":true,"cmd":"get","var":"wrState","state":2,"last":true}
1785825313.366|[I][webradio] HEAP play free=58020 min=47888
1785825318.452|[I][hb] display=winamp wifi=rssi(-49) disc=1 heap=56k maxAlloc=41k stack_hwm=11744b uptime=02:14:37 poll=0/0 last=0 block_max=0ms loop_max=48ms slow=app.tick:26ms last_poll_age_ms=0 next_poll_in_ms=5000 last_render_age_ms=8065355 build=Aug  4 2026-05:09:5
1785825318.462|[W][perf] iter=51ms (worst path so far: wr.pump:23ms)
1785825319.219|{"ok":true,"cmd":"get","var":"wrState","state":2,"last":true}
1785825343.369|[I][webradio] HEAP play free=58012 min=47888
1785825348.470|[I][hb] display=winamp wifi=rssi(-48) disc=1 heap=54k maxAlloc=41k stack_hwm=11744b uptime=02:15:07 poll=0/0 last=0 block_max=0ms loop_max=51ms slow=app.tick:29ms last_poll_age_ms=0 next_poll_in_ms=5000 last_render_age_ms=8095356 build=Aug  4 2026-05:09:5
1785825349.260|{"ok":true,"cmd":"get","var":"wrState","state":2,"last":true}
1785825363.288|{"ok":true,"cmd":"get","var":"wrState","state":2,"last":true}
1785825363.309|{"ok":true,"cmd":"get","var":"wrIdx","idx":0,"last":true}
1785825373.370|[I][webradio] HEAP play free=60268 min=47888
1785825378.457|[I][hb] display=winamp wifi=rssi(-50) disc=1 heap=54k maxAlloc=41k stack_hwm=11744b uptime=02:15:37 poll=0/0 last=0 block_max=0ms loop_max=47ms slow=app.tick:28ms last_poll_age_ms=0 next_poll_in_ms=5000 last_render_age_ms=8125361 build=Aug  4 2026-05:09:5
1785825379.327|{"ok":true,"cmd":"get","var":"wrState","state":2,"last":true}
1785825403.383|[I][webradio] HEAP play free=55648 min=47888
1785825408.471|[I][hb] display=winamp wifi=rssi(-48) disc=1 heap=54k maxAlloc=41k stack_hwm=11744b uptime=02:16:07 poll=0/0 last=0 block_max=0ms loop_max=45ms slow=app.tick:29ms last_poll_age_ms=0 next_poll_in_ms=5000 last_render_age_ms=8155373 build=Aug  4 2026-05:09:5
1785825409.360|{"ok":true,"cmd":"get","var":"wrState","state":2,"last":true}
1785825433.390|[I][webradio] HEAP play free=55648 min=47888
1785825438.486|[I][hb] display=winamp wifi=rssi(-50) disc=1 heap=56k maxAlloc=41k stack_hwm=11744b uptime=02:16:37 poll=0/0 last=0 block_max=0ms loop_max=50ms slow=app.tick:29ms last_poll_age_ms=0 next_poll_in_ms=5000 last_render_age_ms=8185385 build=Aug  4 2026-05:09:5
1785825439.400|{"ok":true,"cmd":"get","var":"wrState","state":2,"last":true}
1785825463.403|[I][webradio] HEAP play free=58012 min=47888
1785825468.497|[I][hb] display=winamp wifi=rssi(-49) disc=1 heap=56k maxAlloc=41k stack_hwm=11744b uptime=02:17:07 poll=0/0 last=0 block_max=0ms loop_max=50ms slow=app.tick:28ms last_poll_age_ms=0 next_poll_in_ms=5000 last_render_age_ms=8215386 build=Aug  4 2026-05:09:5
1785825468.794|[I][webradio] audio_info: StreamTitle='Rank 1 - Such Is Life'
1785825468.812|[D][webradio] ICY: Rank 1 - Such Is Life
1785825469.424|{"ok":true,"cmd":"get","var":"wrState","state":2,"last":true}
1785825480.787|[I][webradio] audio_info: StreamTitle='M.A.N.D.Y. & Booka Shade - Body Language'
1785825480.809|[D][webradio] ICY: M.A.N.D.Y. & Booka Shade - Body Language
1785825493.414|[I][webradio] HEAP play free=58020 min=47888
1785825498.492|[I][hb] display=winamp wifi=rssi(-48) disc=1 heap=56k maxAlloc=41k stack_hwm=11744b uptime=02:17:37 poll=0/0 last=0 block_max=0ms loop_max=50ms slow=app.tick:27ms last_poll_age_ms=0 next_poll_in_ms=5000 last_render_age_ms=8245391 build=Aug  4 2026-05:09:5
1785825498.498|[W][perf] iter=51ms (worst path so far: wr.pump:19ms)
1785825499.457|{"ok":true,"cmd":"get","var":"wrState","state":2,"last":true}
1785825523.414|[I][webradio] HEAP play free=58012 min=47888
1785825528.502|[I][hb] display=winamp wifi=rssi(-48) disc=1 heap=54k maxAlloc=41k stack_hwm=11744b uptime=02:18:07 poll=0/0 last=0 block_max=0ms loop_max=51ms slow=app.tick:27ms last_poll_age_ms=0 next_poll_in_ms=5000 last_render_age_ms=8275409 build=Aug  4 2026-05:09:5
1785825529.496|{"ok":true,"cmd":"get","var":"wrState","state":2,"last":true}
1785825553.425|[I][webradio] HEAP play free=55648 min=47888
1785825558.515|[I][hb] display=winamp wifi=rssi(-49) disc=1 heap=56k maxAlloc=41k stack_hwm=11744b uptime=02:18:37 poll=0/0 last=0 block_max=0ms loop_max=46ms slow=app.tick:27ms last_poll_age_ms=0 next_poll_in_ms=5000 last_render_age_ms=8305424 build=Aug  4 2026-05:09:5
1785825559.517|{"ok":true,"cmd":"get","var":"wrState","state":2,"last":true}
1785825583.431|[I][webradio] HEAP play free=55648 min=47888
1785825588.532|[I][hb] display=winamp wifi=rssi(-49) disc=1 heap=56k maxAlloc=41k stack_hwm=11744b uptime=02:19:07 poll=0/0 last=0 block_max=0ms loop_max=46ms slow=app.tick:28ms last_poll_age_ms=0 next_poll_in_ms=5000 last_render_age_ms=8335441 build=Aug  4 2026-05:09:5
1785825589.558|{"ok":true,"cmd":"get","var":"wrState","state":2,"last":true}
1785825613.448|[I][webradio] HEAP play free=58020 min=47888
1785825618.542|[I][hb] display=winamp wifi=rssi(-50) disc=1 heap=56k maxAlloc=41k stack_hwm=11744b uptime=02:19:37 poll=0/0 last=0 block_max=0ms loop_max=28ms slow=app.tick:25ms last_poll_age_ms=0 next_poll_in_ms=5000 last_render_age_ms=8365452 build=Aug  4 2026-05:09:5
1785825619.595|{"ok":true,"cmd":"get","var":"wrState","state":2,"last":true}
1785825637.780|[I][webradio] audio_info: StreamTitle='Britney Spears - Oops! I Did It Again'
1785825637.785|[D][webradio] ICY: Britney Spears - Oops! I Did It Again
1785825643.458|[I][webradio] HEAP play free=58012 min=47888
1785825648.560|[I][hb] display=winamp wifi=rssi(-49) disc=1 heap=54k maxAlloc=41k stack_hwm=11744b uptime=02:20:07 poll=0/0 last=0 block_max=0ms loop_max=46ms slow=app.tick:28ms last_poll_age_ms=0 next_poll_in_ms=5000 last_render_age_ms=8395470 build=Aug  4 2026-05:09:5
1785825649.638|{"ok":true,"cmd":"get","var":"wrState","state":2,"last":true}
1785825663.660|{"ok":true,"cmd":"get","var":"wrState","state":2,"last":true}
1785825663.683|{"ok":true,"cmd":"get","var":"wrIdx","idx":0,"last":true}
1785825673.462|[I][webradio] HEAP play free=60384 min=47888
1785825678.571|[I][hb] display=winamp wifi=rssi(-50) disc=1 heap=54k maxAlloc=41k stack_hwm=11744b uptime=02:20:37 poll=0/0 last=0 block_max=0ms loop_max=47ms slow=app.tick:29ms last_poll_age_ms=0 next_poll_in_ms=5000 last_render_age_ms=8425484 build=Aug  4 2026-05:09:5
1785825679.718|{"ok":true,"cmd":"get","var":"wrState","state":2,"last":true}
1785825703.472|[I][webradio] HEAP play free=55648 min=47888
1785825708.588|[I][hb] display=winamp wifi=rssi(-50) disc=1 heap=56k maxAlloc=41k stack_hwm=11744b uptime=02:21:07 poll=0/0 last=0 block_max=0ms loop_max=31ms slow=app.tick:29ms last_poll_age_ms=0 next_poll_in_ms=5000 last_render_age_ms=8455490 build=Aug  4 2026-05:09:5
1785825709.762|{"ok":true,"cmd":"get","var":"wrState","state":2,"last":true}
1785825733.478|[I][webradio] HEAP play free=55648 min=47888
1785825738.577|[I][hb] display=winamp wifi=rssi(-48) disc=1 heap=56k maxAlloc=41k stack_hwm=11744b uptime=02:21:37 poll=0/0 last=0 block_max=0ms loop_max=49ms slow=app.tick:27ms last_poll_age_ms=0 next_poll_in_ms=5000 last_render_age_ms=8485490 build=Aug  4 2026-05:09:5
1785825739.785|{"ok":true,"cmd":"get","var":"wrState","state":2,"last":true}
1785825763.493|[I][webradio] HEAP play free=58012 min=47888
1785825768.586|[I][hb] display=winamp wifi=rssi(-48) disc=1 heap=56k maxAlloc=41k stack_hwm=11744b uptime=02:22:07 poll=0/0 last=0 block_max=0ms loop_max=37ms slow=app.tick:27ms last_poll_age_ms=0 next_poll_in_ms=5000 last_render_age_ms=8515502 build=Aug  4 2026-05:09:5
1785825769.821|{"ok":true,"cmd":"get","var":"wrState","state":2,"last":true}
1785825793.503|[I][webradio] HEAP play free=58012 min=47888
1785825798.605|[I][hb] display=winamp wifi=rssi(-49) disc=1 heap=54k maxAlloc=41k stack_hwm=11744b uptime=02:22:37 poll=0/0 last=0 block_max=0ms loop_max=46ms slow=app.tick:27ms last_poll_age_ms=0 next_poll_in_ms=5000 last_render_age_ms=8545516 build=Aug  4 2026-05:09:5
1785825799.856|{"ok":true,"cmd":"get","var":"wrState","state":2,"last":true}
1785825823.507|[I][webradio] HEAP play free=60376 min=47888
1785825828.614|[I][hb] display=winamp wifi=rssi(-48) disc=1 heap=54k maxAlloc=41k stack_hwm=11744b uptime=02:23:07 poll=0/0 last=0 block_max=0ms loop_max=45ms slow=app.tick:26ms last_poll_age_ms=0 next_poll_in_ms=5000 last_render_age_ms=8575524 build=Aug  4 2026-05:09:5
1785825829.877|{"ok":true,"cmd":"get","var":"wrState","state":2,"last":true}
1785825853.514|[I][webradio] HEAP play free=55648 min=47888
1785825858.632|[I][hb] display=winamp wifi=rssi(-48) disc=1 heap=56k maxAlloc=41k stack_hwm=11744b uptime=02:23:37 poll=0/0 last=0 block_max=0ms loop_max=50ms slow=app.tick:28ms last_poll_age_ms=0 next_poll_in_ms=5000 last_render_age_ms=8605538 build=Aug  4 2026-05:09:5
1785825859.919|{"ok":true,"cmd":"get","var":"wrState","state":2,"last":true}
1785825872.774|[I][webradio] audio_info: StreamTitle='Bob Sinclar & Gary Pine - Love Generation'
1785825872.795|[D][webradio] ICY: Bob Sinclar & Gary Pine - Love Generation
1785825883.520|[I][webradio] HEAP play free=55648 min=47888
1785825888.644|[I][hb] display=winamp wifi=rssi(-50) disc=1 heap=56k maxAlloc=41k stack_hwm=11744b uptime=02:24:07 poll=0/0 last=0 block_max=0ms loop_max=48ms slow=app.tick:27ms last_poll_age_ms=0 next_poll_in_ms=5000 last_render_age_ms=8635538 build=Aug  4 2026-05:09:5
1785825889.957|{"ok":true,"cmd":"get","var":"wrState","state":2,"last":true}
1785825913.521|[I][webradio] HEAP play free=58012 min=47888
1785825918.632|[I][hb] display=winamp wifi=rssi(-48) disc=1 heap=56k maxAlloc=41k stack_hwm=11744b uptime=02:24:37 poll=0/0 last=0 block_max=0ms loop_max=50ms slow=app.tick:28ms last_poll_age_ms=0 next_poll_in_ms=5000 last_render_age_ms=8665546 build=Aug  4 2026-05:09:5
1785825920.000|{"ok":true,"cmd":"get","var":"wrState","state":2,"last":true}
1785825943.525|[I][webradio] HEAP play free=58012 min=47888
1785825948.649|[I][hb] display=winamp wifi=rssi(-50) disc=1 heap=54k maxAlloc=41k stack_hwm=11744b uptime=02:25:07 poll=0/0 last=0 block_max=0ms loop_max=50ms slow=app.tick:28ms last_poll_age_ms=0 next_poll_in_ms=5000 last_render_age_ms=8695562 build=Aug  4 2026-05:09:5
1785825950.042|{"ok":true,"cmd":"get","var":"wrState","state":2,"last":true}
1785825964.086|{"ok":true,"cmd":"get","var":"wrState","state":2,"last":true}
1785825964.118|{"ok":true,"cmd":"get","var":"wrIdx","idx":0,"last":true}
1785825973.535|[I][webradio] HEAP play free=53284 min=47888
1785825978.659|[I][hb] display=winamp wifi=rssi(-49) disc=1 heap=54k maxAlloc=41k stack_hwm=11744b uptime=02:25:37 poll=0/0 last=0 block_max=0ms loop_max=44ms slow=app.tick:28ms last_poll_age_ms=0 next_poll_in_ms=5000 last_render_age_ms=8725572 build=Aug  4 2026-05:09:5
1785825980.150|{"ok":true,"cmd":"get","var":"wrState","state":2,"last":true}
1785826003.538|[I][webradio] HEAP play free=60064 min=47888
1785826008.677|[I][hb] display=winamp wifi=rssi(-49) disc=1 heap=56k maxAlloc=41k stack_hwm=11744b uptime=02:26:07 poll=0/0 last=0 block_max=0ms loop_max=50ms slow=app.tick:26ms last_poll_age_ms=0 next_poll_in_ms=5000 last_render_age_ms=8755585 build=Aug  4 2026-05:09:5
1785826010.174|{"ok":true,"cmd":"get","var":"wrState","state":2,"last":true}
1785826033.541|[I][webradio] HEAP play free=55648 min=47888
1785826038.689|[I][hb] display=winamp wifi=rssi(-49) disc=1 heap=56k maxAlloc=41k stack_hwm=11744b uptime=02:26:37 poll=0/0 last=0 block_max=0ms loop_max=50ms slow=app.tick:28ms last_poll_age_ms=0 next_poll_in_ms=5000 last_render_age_ms=8785585 build=Aug  4 2026-05:09:5
1785826040.213|{"ok":true,"cmd":"get","var":"wrState","state":2,"last":true}
1785826047.787|[I][webradio] audio_info: StreamTitle='Moguai - U Know Y'
1785826047.791|[D][webradio] ICY: Moguai - U Know Y
1785826063.552|[I][webradio] HEAP play free=55648 min=47888
1785826068.676|[I][hb] display=winamp wifi=rssi(-48) disc=1 heap=56k maxAlloc=41k stack_hwm=11744b uptime=02:27:07 poll=0/0 last=0 block_max=0ms loop_max=50ms slow=app.tick:28ms last_poll_age_ms=0 next_poll_in_ms=5000 last_render_age_ms=8815596 build=Aug  4 2026-05:09:5
1785826070.253|{"ok":true,"cmd":"get","var":"wrState","state":2,"last":true}
1785826093.553|[I][webradio] HEAP play free=58020 min=47888
1785826098.695|[I][hb] display=winamp wifi=rssi(-48) disc=1 heap=54k maxAlloc=41k stack_hwm=11744b uptime=02:27:37 poll=0/0 last=0 block_max=0ms loop_max=30ms slow=app.tick:27ms last_poll_age_ms=0 next_poll_in_ms=5000 last_render_age_ms=8845608 build=Aug  4 2026-05:09:5
1785826100.288|{"ok":true,"cmd":"get","var":"wrState","state":2,"last":true}
1785826123.557|[I][webradio] HEAP play free=58012 min=47888
1785826128.705|[I][hb] display=winamp wifi=rssi(-49) disc=1 heap=56k maxAlloc=41k stack_hwm=11744b uptime=02:28:07 poll=0/0 last=0 block_max=0ms loop_max=29ms slow=app.tick:24ms last_poll_age_ms=0 next_poll_in_ms=5000 last_render_age_ms=8875625 build=Aug  4 2026-05:09:5
1785826130.321|{"ok":true,"cmd":"get","var":"wrState","state":2,"last":true}
1785826153.572|[I][webradio] HEAP play free=58012 min=47888
1785826158.723|[I][hb] display=winamp wifi=rssi(-50) disc=1 heap=54k maxAlloc=41k stack_hwm=11744b uptime=02:28:37 poll=0/0 last=0 block_max=0ms loop_max=30ms slow=app.tick:28ms last_poll_age_ms=0 next_poll_in_ms=5000 last_render_age_ms=8905634 build=Aug  4 2026-05:09:5
1785826160.346|{"ok":true,"cmd":"get","var":"wrState","state":2,"last":true}
1785826183.589|[I][webradio] HEAP play free=55648 min=47888
1785826188.732|[I][hb] display=winamp wifi=rssi(-48) disc=1 heap=56k maxAlloc=41k stack_hwm=11744b uptime=02:29:07 poll=0/0 last=0 block_max=0ms loop_max=47ms slow=app.tick:28ms last_poll_age_ms=0 next_poll_in_ms=5000 last_render_age_ms=8935648 build=Aug  4 2026-05:09:5
1785826190.384|{"ok":true,"cmd":"get","var":"wrState","state":2,"last":true}
1785826213.596|[I][webradio] HEAP play free=55648 min=47888
1785826218.747|[I][hb] display=winamp wifi=rssi(-50) disc=1 heap=56k maxAlloc=41k stack_hwm=11744b uptime=02:29:37 poll=0/0 last=0 block_max=0ms loop_max=49ms slow=app.tick:26ms last_poll_age_ms=0 next_poll_in_ms=5000 last_render_age_ms=8965663 build=Aug  4 2026-05:09:5
1785826220.423|{"ok":true,"cmd":"get","var":"wrState","state":2,"last":true}
1785826243.596|[I][webradio] HEAP play free=58012 min=47888
1785826248.761|[I][hb] display=winamp wifi=rssi(-48) disc=1 heap=54k maxAlloc=41k stack_hwm=11744b uptime=02:30:07 poll=0/0 last=0 block_max=0ms loop_max=40ms slow=app.tick:27ms last_poll_age_ms=0 next_poll_in_ms=5000 last_render_age_ms=8995677 build=Aug  4 2026-05:09:5
1785826250.443|{"ok":true,"cmd":"get","var":"wrState","state":2,"last":true}
1785826264.467|{"ok":true,"cmd":"get","var":"wrState","state":2,"last":true}
1785826264.488|{"ok":true,"cmd":"get","var":"wrIdx","idx":0,"last":true}
1785826273.601|[I][webradio] HEAP play free=58012 min=47888
1785826278.783|[I][hb] display=winamp wifi=rssi(-48) disc=1 heap=56k maxAlloc=41k stack_hwm=11744b uptime=02:30:37 poll=0/0 last=0 block_max=0ms loop_max=49ms slow=app.tick:27ms last_poll_age_ms=0 next_poll_in_ms=5000 last_render_age_ms=9025700 build=Aug  4 2026-05:09:5
1785826280.510|{"ok":true,"cmd":"get","var":"wrState","state":2,"last":true}
1785826293.779|[I][webradio] audio_info: StreamTitle='Outkast - Ms Jackson'
1785826293.799|[D][webradio] ICY: Outkast - Ms Jackson
1785826303.617|[I][webradio] HEAP play free=58012 min=47888
1785826308.792|[I][hb] display=winamp wifi=rssi(-49) disc=1 heap=56k maxAlloc=41k stack_hwm=11744b uptime=02:31:08 poll=0/0 last=0 block_max=0ms loop_max=43ms slow=app.tick:25ms last_poll_age_ms=0 next_poll_in_ms=5000 last_render_age_ms=9055708 build=Aug  4 2026-05:09:5
1785826310.544|{"ok":true,"cmd":"get","var":"wrState","state":2,"last":true}
1785826333.630|[I][webradio] HEAP play free=55648 min=47888
1785826338.807|[I][hb] display=winamp wifi=rssi(-50) disc=1 heap=56k maxAlloc=41k stack_hwm=11744b uptime=02:31:38 poll=0/0 last=0 block_max=0ms loop_max=50ms slow=app.tick:26ms last_poll_age_ms=0 next_poll_in_ms=5000 last_render_age_ms=9085723 build=Aug  4 2026-05:09:5
1785826340.563|{"ok":true,"cmd":"get","var":"wrState","state":2,"last":true}
1785826363.642|[I][webradio] HEAP play free=55648 min=47888
1785826368.804|[I][hb] display=winamp wifi=rssi(-48) disc=1 heap=58k maxAlloc=41k stack_hwm=11744b uptime=02:32:08 poll=0/0 last=0 block_max=0ms loop_max=39ms slow=app.tick:26ms last_poll_age_ms=0 next_poll_in_ms=5000 last_render_age_ms=9115723 build=Aug  4 2026-05:09:5
1785826370.599|{"ok":true,"cmd":"get","var":"wrState","state":2,"last":true}
1785826393.640|[I][webradio] HEAP play free=58012 min=47888
1785826398.806|[I][hb] display=winamp wifi=rssi(-49) disc=1 heap=54k maxAlloc=41k stack_hwm=11744b uptime=02:32:38 poll=0/0 last=0 block_max=0ms loop_max=30ms slow=app.tick:26ms last_poll_age_ms=0 next_poll_in_ms=5000 last_render_age_ms=9145725 build=Aug  4 2026-05:09:5
1785826400.632|{"ok":true,"cmd":"get","var":"wrState","state":2,"last":true}
1785826423.653|[I][webradio] HEAP play free=58012 min=47888
1785826428.823|[I][hb] display=winamp wifi=rssi(-50) disc=1 heap=54k maxAlloc=41k stack_hwm=11744b uptime=02:33:08 poll=0/0 last=0 block_max=0ms loop_max=48ms slow=app.tick:27ms last_poll_age_ms=0 next_poll_in_ms=5000 last_render_age_ms=9175741 build=Aug  4 2026-05:09:5
1785826430.656|{"ok":true,"cmd":"get","var":"wrState","state":2,"last":true}
1785826453.663|[I][webradio] HEAP play free=58012 min=47888
1785826458.834|[I][hb] display=winamp wifi=rssi(-50) disc=1 heap=56k maxAlloc=41k stack_hwm=11744b uptime=02:33:38 poll=0/0 last=0 block_max=0ms loop_max=49ms slow=app.tick:26ms last_poll_age_ms=0 next_poll_in_ms=5000 last_render_age_ms=9205754 build=Aug  4 2026-05:09:5
1785826460.696|{"ok":true,"cmd":"get","var":"wrState","state":2,"last":true}
1785826483.678|[I][webradio] HEAP play free=55648 min=47888
1785826488.851|[I][hb] display=winamp wifi=rssi(-50) disc=1 heap=56k maxAlloc=41k stack_hwm=11744b uptime=02:34:08 poll=0/0 last=0 block_max=0ms loop_max=47ms slow=app.tick:26ms last_poll_age_ms=0 next_poll_in_ms=5000 last_render_age_ms=9235766 build=Aug  4 2026-05:09:5
1785826490.735|{"ok":true,"cmd":"get","var":"wrState","state":2,"last":true}
1785826513.685|[I][webradio] HEAP play free=55648 min=47888
1785826518.770|[I][webradio] audio_info: StreamTitle='Paul & Fritz Kalkbrenner - Sky And Sand'
1785826518.792|[D][webradio] ICY: Paul & Fritz Kalkbrenner - Sky And Sand
1785826518.864|[I][hb] display=winamp wifi=rssi(-50) disc=1 heap=58k maxAlloc=41k stack_hwm=11744b uptime=02:34:38 poll=0/0 last=0 block_max=0ms loop_max=49ms slow=app.tick:25ms last_poll_age_ms=0 next_poll_in_ms=5000 last_render_age_ms=9265770 build=Aug  4 2026-05:09:5
1785826520.771|{"ok":true,"cmd":"get","var":"wrState","state":2,"last":true}
1785826543.685|[I][webradio] HEAP play free=58020 min=47888
1785826548.856|[I][hb] display=winamp wifi=rssi(-49) disc=1 heap=54k maxAlloc=41k stack_hwm=11744b uptime=02:35:08 poll=0/0 last=0 block_max=0ms loop_max=49ms slow=app.tick:29ms last_poll_age_ms=0 next_poll_in_ms=5000 last_render_age_ms=9295777 build=Aug  4 2026-05:09:5
1785826550.796|{"ok":true,"cmd":"get","var":"wrState","state":2,"last":true}
1785826564.819|{"ok":true,"cmd":"get","var":"wrState","state":2,"last":true}
1785826564.847|{"ok":true,"cmd":"get","var":"wrIdx","idx":0,"last":true}
1785826573.691|[I][webradio] HEAP play free=58012 min=47888
1785826578.890|[I][hb] display=winamp wifi=rssi(-48) disc=1 heap=56k maxAlloc=41k stack_hwm=11744b uptime=02:35:38 poll=0/0 last=0 block_max=0ms loop_max=48ms slow=app.tick:30ms last_poll_age_ms=0 next_poll_in_ms=5000 last_render_age_ms=9325797 build=Aug  4 2026-05:09:5
1785826580.879|{"ok":true,"cmd":"get","var":"wrState","state":2,"last":true}
1785826603.702|[I][webradio] HEAP play free=58020 min=47888
1785826608.879|[I][hb] display=winamp wifi=rssi(-49) disc=1 heap=56k maxAlloc=41k stack_hwm=11744b uptime=02:36:08 poll=0/0 last=0 block_max=0ms loop_max=49ms slow=app.tick:27ms last_poll_age_ms=0 next_poll_in_ms=5000 last_render_age_ms=9355802 build=Aug  4 2026-05:09:5
1785826608.916|{"ok":true,"cmd":"get","var":"wrState","state":2,"last":true}
1785826633.704|[I][webradio] HEAP play free=60056 min=47888
1785826638.895|[I][hb] display=winamp wifi=rssi(-48) disc=1 heap=56k maxAlloc=41k stack_hwm=11744b uptime=02:36:38 poll=0/0 last=0 block_max=0ms loop_max=47ms slow=app.tick:27ms last_poll_age_ms=0 next_poll_in_ms=5000 last_render_age_ms=9385811 build=Aug  4 2026-05:09:5
1785826638.948|{"ok":true,"cmd":"get","var":"wrState","state":2,"last":true}
1785826663.715|[I][webradio] HEAP play free=55648 min=47888
1785826668.891|[I][hb] display=winamp wifi=rssi(-48) disc=1 heap=58k maxAlloc=41k stack_hwm=11744b uptime=02:37:08 poll=0/0 last=0 block_max=0ms loop_max=50ms slow=app.tick:24ms last_poll_age_ms=0 next_poll_in_ms=5000 last_render_age_ms=9415813 build=Aug  4 2026-05:09:5
1785826668.969|{"ok":true,"cmd":"get","var":"wrState","state":2,"last":true}
1785826693.722|[I][webradio] HEAP play free=55648 min=47888
1785826698.897|[I][hb] display=winamp wifi=rssi(-48) disc=1 heap=54k maxAlloc=41k stack_hwm=11744b uptime=02:37:38 poll=0/0 last=0 block_max=0ms loop_max=27ms slow=app.tick:24ms last_poll_age_ms=0 next_poll_in_ms=5000 last_render_age_ms=9445824 build=Aug  4 2026-05:09:5
1785826699.001|{"ok":true,"cmd":"get","var":"wrState","state":2,"last":true}
1785826723.721|[I][webradio] HEAP play free=58012 min=47888
1785826728.912|[I][hb] display=winamp wifi=rssi(-48) disc=1 heap=54k maxAlloc=41k stack_hwm=11744b uptime=02:38:08 poll=0/0 last=0 block_max=0ms loop_max=45ms slow=app.tick:26ms last_poll_age_ms=0 next_poll_in_ms=5000 last_render_age_ms=9475830 build=Aug  4 2026-05:09:5
1785826729.026|{"ok":true,"cmd":"get","var":"wrState","state":2,"last":true}
1785826737.776|[I][webradio] audio_info: StreamTitle='Dizzee Rascal & Armand Van Helden - Bonkers'
1785826737.783|[D][webradio] ICY: Dizzee Rascal & Armand Van Helden - Bonkers
1785826753.724|[I][webradio] HEAP play free=58020 min=47888
1785826758.902|[I][hb] display=winamp wifi=rssi(-49) disc=1 heap=56k maxAlloc=41k stack_hwm=11744b uptime=02:38:38 poll=0/0 last=0 block_max=0ms loop_max=48ms slow=app.tick:27ms last_poll_age_ms=0 next_poll_in_ms=5000 last_render_age_ms=9505830 build=Aug  4 2026-05:09:5
1785826759.063|{"ok":true,"cmd":"get","var":"wrState","state":2,"last":true}
1785826783.735|[I][webradio] HEAP play free=58020 min=47888
1785826788.911|[I][hb] display=winamp wifi=rssi(-49) disc=1 heap=56k maxAlloc=41k stack_hwm=11744b uptime=02:39:08 poll=0/0 last=0 block_max=0ms loop_max=45ms slow=app.tick:27ms last_poll_age_ms=0 next_poll_in_ms=5000 last_render_age_ms=9535842 build=Aug  4 2026-05:09:5
1785826789.103|{"ok":true,"cmd":"get","var":"wrState","state":2,"last":true}
1785826813.736|[I][webradio] HEAP play free=55648 min=47888
1785826818.933|[I][hb] display=winamp wifi=rssi(-48) disc=1 heap=56k maxAlloc=41k stack_hwm=11744b uptime=02:39:38 poll=0/0 last=0 block_max=0ms loop_max=29ms slow=app.tick:27ms last_poll_age_ms=0 next_poll_in_ms=5000 last_render_age_ms=9565852 build=Aug  4 2026-05:09:5
1785826819.159|{"ok":true,"cmd":"get","var":"wrState","state":2,"last":true}
1785826843.740|[I][webradio] HEAP play free=55648 min=47888
1785826848.941|[I][hb] display=winamp wifi=rssi(-50) disc=1 heap=54k maxAlloc=41k stack_hwm=11744b uptime=02:40:08 poll=0/0 last=0 block_max=0ms loop_max=45ms slow=app.tick:27ms last_poll_age_ms=0 next_poll_in_ms=5000 last_render_age_ms=9595853 build=Aug  4 2026-05:09:5
1785826849.181|{"ok":true,"cmd":"get","var":"wrState","state":2,"last":true}
1785826865.197|{"ok":true,"cmd":"get","var":"wrState","state":2,"last":true}
1785826865.222|{"ok":true,"cmd":"get","var":"wrIdx","idx":0,"last":true}
1785826873.756|[I][webradio] HEAP play free=58012 min=47888
1785826878.928|[I][hb] display=winamp wifi=rssi(-49) disc=1 heap=54k maxAlloc=41k stack_hwm=11744b uptime=02:40:38 poll=0/0 last=0 block_max=0ms loop_max=47ms slow=app.tick:24ms last_poll_age_ms=0 next_poll_in_ms=5000 last_render_age_ms=9625860 build=Aug  4 2026-05:09:5
1785826879.251|{"ok":true,"cmd":"get","var":"wrState","state":2,"last":true}
1785826903.755|[I][webradio] HEAP play free=58012 min=47888
1785826908.946|[I][hb] display=winamp wifi=rssi(-50) disc=1 heap=54k maxAlloc=41k stack_hwm=11744b uptime=02:41:08 poll=0/0 last=0 block_max=0ms loop_max=39ms slow=app.tick:26ms last_poll_age_ms=0 next_poll_in_ms=5000 last_render_age_ms=9655870 build=Aug  4 2026-05:09:5
1785826909.289|{"ok":true,"cmd":"get","var":"wrState","state":2,"last":true}
1785826933.757|[I][webradio] HEAP play free=58012 min=47888
1785826938.957|[I][hb] display=winamp wifi=rssi(-47) disc=1 heap=56k maxAlloc=41k stack_hwm=11744b uptime=02:41:38 poll=0/0 last=0 block_max=0ms loop_max=45ms slow=app.tick:27ms last_poll_age_ms=0 next_poll_in_ms=5000 last_render_age_ms=9685889 build=Aug  4 2026-05:09:5
1785826939.323|{"ok":true,"cmd":"get","var":"wrState","state":2,"last":true}
1785826941.760|[I][webradio] audio_info: StreamTitle='Cascada - Evacuate The Dancefloor'
1785826941.783|[D][webradio] ICY: Cascada - Evacuate The Dancefloor
1785826963.759|[I][webradio] HEAP play free=60180 min=47888
1785826968.970|[I][hb] display=winamp wifi=rssi(-49) disc=1 heap=56k maxAlloc=41k stack_hwm=11744b uptime=02:42:08 poll=0/0 last=0 block_max=0ms loop_max=47ms slow=app.tick:28ms last_poll_age_ms=0 next_poll_in_ms=5000 last_render_age_ms=9715895 build=Aug  4 2026-05:09:5
1785826968.979|[W][perf] iter=51ms (worst path so far: wr.pump:22ms)
1785826969.364|{"ok":true,"cmd":"get","var":"wrState","state":2,"last":true}
1785826993.760|[I][webradio] HEAP play free=55648 min=47888
1785826998.967|[I][hb] display=winamp wifi=rssi(-50) disc=1 heap=58k maxAlloc=41k stack_hwm=11744b uptime=02:42:38 poll=0/0 last=0 block_max=0ms loop_max=51ms slow=app.tick:28ms last_poll_age_ms=0 next_poll_in_ms=5000 last_render_age_ms=9745896 build=Aug  4 2026-05:09:5
1785826999.386|{"ok":true,"cmd":"get","var":"wrState","state":2,"last":true}
1785827023.759|[I][webradio] HEAP play free=55648 min=47888
1785827028.973|[I][hb] display=winamp wifi=rssi(-47) disc=1 heap=54k maxAlloc=41k stack_hwm=11744b uptime=02:43:08 poll=0/0 last=0 block_max=0ms loop_max=47ms slow=app.tick:29ms last_poll_age_ms=0 next_poll_in_ms=5000 last_render_age_ms=9775905 build=Aug  4 2026-05:09:5
1785827029.425|{"ok":true,"cmd":"get","var":"wrState","state":2,"last":true}
1785827053.765|[I][webradio] HEAP play free=55648 min=47888
1785827058.990|[I][hb] display=winamp wifi=rssi(-50) disc=1 heap=54k maxAlloc=41k stack_hwm=11744b uptime=02:43:38 poll=0/0 last=0 block_max=0ms loop_max=32ms slow=app.tick:27ms last_poll_age_ms=0 next_poll_in_ms=5000 last_render_age_ms=9805923 build=Aug  4 2026-05:09:5
1785827059.465|{"ok":true,"cmd":"get","var":"wrState","state":2,"last":true}
1785827083.776|[I][webradio] HEAP play free=58012 min=47888
1785827089.001|[I][hb] display=winamp wifi=rssi(-50) disc=1 heap=56k maxAlloc=41k stack_hwm=11744b uptime=02:44:08 poll=0/0 last=0 block_max=0ms loop_max=33ms slow=app.tick:29ms last_poll_age_ms=0 next_poll_in_ms=5000 last_render_age_ms=9835929 build=Aug  4 2026-05:09:5
1785827089.504|{"ok":true,"cmd":"get","var":"wrState","state":2,"last":true}
1785827113.789|[I][webradio] HEAP play free=58012 min=47888
1785827119.023|[I][hb] display=winamp wifi=rssi(-49) disc=1 heap=56k maxAlloc=41k stack_hwm=11744b uptime=02:44:38 poll=0/0 last=0 block_max=0ms loop_max=50ms slow=app.tick:27ms last_poll_age_ms=0 next_poll_in_ms=5000 last_render_age_ms=9865946 build=Aug  4 2026-05:09:5
1785827119.521|{"ok":true,"cmd":"get","var":"wrState","state":2,"last":true}
1785827120.747|[I][webradio] audio_info: StreamTitle='Audio Bullys - We Don't Care'
1785827120.751|[D][webradio] ICY: Audio Bullys - We Don't Care
1785827143.789|[I][webradio] HEAP play free=60376 min=47888
1785827149.029|[I][hb] display=winamp wifi=rssi(-47) disc=1 heap=54k maxAlloc=41k stack_hwm=11744b uptime=02:45:08 poll=0/0 last=0 block_max=0ms loop_max=38ms slow=app.tick:27ms last_poll_age_ms=0 next_poll_in_ms=5000 last_render_age_ms=9895964 build=Aug  4 2026-05:09:5
1785827149.562|{"ok":true,"cmd":"get","var":"wrState","state":2,"last":true}
1785827165.600|{"ok":true,"cmd":"get","var":"wrState","state":2,"last":true}
1785827165.622|{"ok":true,"cmd":"get","var":"wrIdx","idx":0,"last":true}
1785827173.797|[I][webradio] HEAP play free=55648 min=47888
1785827179.046|[I][hb] display=winamp wifi=rssi(-49) disc=1 heap=54k maxAlloc=41k stack_hwm=11744b uptime=02:45:38 poll=0/0 last=0 block_max=0ms loop_max=46ms slow=app.tick:27ms last_poll_age_ms=0 next_poll_in_ms=5000 last_render_age_ms=9925974 build=Aug  4 2026-05:09:5
1785827179.651|{"ok":true,"cmd":"get","var":"wrState","state":2,"last":true}
1785827203.808|[I][webradio] HEAP play free=55648 min=47888
1785827209.057|[I][hb] display=winamp wifi=rssi(-48) disc=1 heap=56k maxAlloc=41k stack_hwm=11744b uptime=02:46:08 poll=0/0 last=0 block_max=0ms loop_max=50ms slow=app.tick:25ms last_poll_age_ms=0 next_poll_in_ms=5000 last_render_age_ms=9955988 build=Aug  4 2026-05:09:5
1785827209.687|{"ok":true,"cmd":"get","var":"wrState","state":2,"last":true}
1785827233.816|[I][webradio] HEAP play free=58012 min=47888
1785827239.065|[I][hb] display=winamp wifi=rssi(-47) disc=1 heap=56k maxAlloc=41k stack_hwm=11744b uptime=02:46:38 poll=0/0 last=0 block_max=0ms loop_max=48ms slow=app.tick:26ms last_poll_age_ms=0 next_poll_in_ms=5000 last_render_age_ms=9985999 build=Aug  4 2026-05:09:5
1785827239.079|[W][perf] iter=51ms (worst path so far: wr.pump:22ms)
1785827239.707|{"ok":true,"cmd":"get","var":"wrState","state":2,"last":true}
1785827263.817|[I][webradio] HEAP play free=58012 min=47888
1785827269.069|[I][hb] display=winamp wifi=rssi(-48) disc=1 heap=58k maxAlloc=41k stack_hwm=11744b uptime=02:47:08 poll=0/0 last=0 block_max=0ms loop_max=51ms slow=app.tick:28ms last_poll_age_ms=0 next_poll_in_ms=5000 last_render_age_ms=10016000 build=Aug  4 2026-05:09:
1785827269.742|{"ok":true,"cmd":"get","var":"wrState","state":2,"last":true}
1785827293.825|[I][webradio] HEAP play free=58012 min=47888
1785827299.075|[I][hb] display=winamp wifi=rssi(-49) disc=1 heap=54k maxAlloc=41k stack_hwm=11744b uptime=02:47:38 poll=0/0 last=0 block_max=0ms loop_max=46ms slow=app.tick:27ms last_poll_age_ms=0 next_poll_in_ms=5000 last_render_age_ms=10046011 build=Aug  4 2026-05:09:
1785827299.763|{"ok":true,"cmd":"get","var":"wrState","state":2,"last":true}
1785827323.839|[I][webradio] HEAP play free=55648 min=47888
1785827329.090|[I][hb] display=winamp wifi=rssi(-50) disc=1 heap=54k maxAlloc=41k stack_hwm=11744b uptime=02:48:08 poll=0/0 last=0 block_max=0ms loop_max=45ms slow=app.tick:27ms last_poll_age_ms=0 next_poll_in_ms=5000 last_render_age_ms=10076021 build=Aug  4 2026-05:09:
1785827329.804|{"ok":true,"cmd":"get","var":"wrState","state":2,"last":true}
1785827334.741|[I][webradio] audio_info: StreamTitle='Nelly Furtado - Maneater'
1785827334.762|[D][webradio] ICY: Nelly Furtado - Maneater
1785827353.850|[I][webradio] HEAP play free=55648 min=47888
1785827359.102|[I][hb] display=winamp wifi=rssi(-48) disc=1 heap=56k maxAlloc=41k stack_hwm=11744b uptime=02:48:38 poll=0/0 last=0 block_max=0ms loop_max=47ms slow=app.tick:29ms last_poll_age_ms=0 next_poll_in_ms=5000 last_render_age_ms=10106039 build=Aug  4 2026-05:09:
1785827359.843|{"ok":true,"cmd":"get","var":"wrState","state":2,"last":true}
1785827383.861|[I][webradio] HEAP play free=58020 min=47888
1785827389.118|[I][hb] display=winamp wifi=rssi(-48) disc=1 heap=56k maxAlloc=41k stack_hwm=11744b uptime=02:49:08 poll=0/0 last=0 block_max=0ms loop_max=38ms slow=app.tick:27ms last_poll_age_ms=0 next_poll_in_ms=5000 last_render_age_ms=10136056 build=Aug  4 2026-05:09:
1785827389.879|{"ok":true,"cmd":"get","var":"wrState","state":2,"last":true}
1785827413.862|[I][webradio] HEAP play free=55648 min=47888
1785827419.131|[I][hb] display=winamp wifi=rssi(-48) disc=1 heap=54k maxAlloc=41k stack_hwm=11744b uptime=02:49:38 poll=0/0 last=0 block_max=0ms loop_max=46ms slow=app.tick:28ms last_poll_age_ms=0 next_poll_in_ms=5000 last_render_age_ms=10166068 build=Aug  4 2026-05:09:
1785827419.921|{"ok":true,"cmd":"get","var":"wrState","state":2,"last":true}
1785827443.866|[I][webradio] HEAP play free=58012 min=47888
1785827449.147|[I][hb] display=winamp wifi=rssi(-49) disc=1 heap=54k maxAlloc=41k stack_hwm=11744b uptime=02:50:08 poll=0/0 last=0 block_max=0ms loop_max=33ms slow=app.tick:25ms last_poll_age_ms=0 next_poll_in_ms=5000 last_render_age_ms=10196080 build=Aug  4 2026-05:09:
1785827449.966|{"ok":true,"cmd":"get","var":"wrState","state":2,"last":true}
1785827465.998|{"ok":true,"cmd":"get","var":"wrState","state":2,"last":true}
1785827466.027|{"ok":true,"cmd":"get","var":"wrIdx","idx":0,"last":true}
1785827473.879|[I][webradio] HEAP play free=55648 min=47888
1785827479.163|[I][hb] display=winamp wifi=rssi(-47) disc=1 heap=54k maxAlloc=41k stack_hwm=11744b uptime=02:50:38 poll=0/0 last=0 block_max=0ms loop_max=44ms slow=app.tick:26ms last_poll_age_ms=0 next_poll_in_ms=5000 last_render_age_ms=10226094 build=Aug  4 2026-05:09:
1785827480.052|{"ok":true,"cmd":"get","var":"wrState","state":2,"last":true}
1785827503.878|[I][webradio] HEAP play free=55648 min=47888
1785827509.176|[I][hb] display=winamp wifi=rssi(-49) disc=1 heap=56k maxAlloc=41k stack_hwm=11744b uptime=02:51:08 poll=0/0 last=0 block_max=0ms loop_max=50ms slow=app.tick:26ms last_poll_age_ms=0 next_poll_in_ms=5000 last_render_age_ms=10256110 build=Aug  4 2026-05:09:
1785827510.070|{"ok":true,"cmd":"get","var":"wrState","state":2,"last":true}
1785827518.742|[I][webradio] audio_info: StreamTitle='Milk Inc. - Walk On Water'
1785827518.761|[D][webradio] ICY: Milk Inc. - Walk On Water
1785827533.887|[I][webradio] HEAP play free=58012 min=47888
1785827539.194|[I][hb] display=winamp wifi=rssi(-49) disc=1 heap=58k maxAlloc=41k stack_hwm=11744b uptime=02:51:38 poll=0/0 last=0 block_max=0ms loop_max=46ms slow=app.tick:28ms last_poll_age_ms=0 next_poll_in_ms=5000 last_render_age_ms=10286129 build=Aug  4 2026-05:09:
1785827540.106|{"ok":true,"cmd":"get","var":"wrState","state":2,"last":true}
1785827563.894|[I][webradio] HEAP play free=58020 min=47888
1785827569.203|[I][hb] display=winamp wifi=rssi(-48) disc=1 heap=54k maxAlloc=41k stack_hwm=11744b uptime=02:52:08 poll=0/0 last=0 block_max=0ms loop_max=47ms slow=app.tick:28ms last_poll_age_ms=0 next_poll_in_ms=5000 last_render_age_ms=10316140 build=Aug  4 2026-05:09:
1785827570.148|{"ok":true,"cmd":"get","var":"wrState","state":2,"last":true}
1785827593.910|[I][webradio] HEAP play free=58012 min=47888
1785827599.216|[I][hb] display=winamp wifi=rssi(-50) disc=1 heap=54k maxAlloc=41k stack_hwm=11744b uptime=02:52:38 poll=0/0 last=0 block_max=0ms loop_max=45ms slow=app.tick:27ms last_poll_age_ms=0 next_poll_in_ms=5000 last_render_age_ms=10346152 build=Aug  4 2026-05:09:
1785827600.185|{"ok":true,"cmd":"get","var":"wrState","state":2,"last":true}
1785827623.912|[I][webradio] HEAP play free=55648 min=47888
1785827629.231|[I][hb] display=winamp wifi=rssi(-47) disc=1 heap=56k maxAlloc=41k stack_hwm=11744b uptime=02:53:08 poll=0/0 last=0 block_max=0ms loop_max=49ms slow=app.tick:28ms last_poll_age_ms=0 next_poll_in_ms=5000 last_render_age_ms=10376163 build=Aug  4 2026-05:09:
1785827630.205|{"ok":true,"cmd":"get","var":"wrState","state":2,"last":true}
1785827653.914|[I][webradio] HEAP play free=55648 min=47888
1785827659.243|[I][hb] display=winamp wifi=rssi(-49) disc=1 heap=56k maxAlloc=41k stack_hwm=11744b uptime=02:53:38 poll=0/0 last=0 block_max=0ms loop_max=49ms slow=app.tick:25ms last_poll_age_ms=0 next_poll_in_ms=5000 last_render_age_ms=10406165 build=Aug  4 2026-05:09:
1785827660.244|{"ok":true,"cmd":"get","var":"wrState","state":2,"last":true}
1785827683.928|[I][webradio] HEAP play free=55648 min=47888
1785827689.236|[I][hb] display=winamp wifi=rssi(-49) disc=1 heap=56k maxAlloc=41k stack_hwm=11744b uptime=02:54:08 poll=0/0 last=0 block_max=0ms loop_max=50ms slow=app.tick:26ms last_poll_age_ms=0 next_poll_in_ms=5000 last_render_age_ms=10436170 build=Aug  4 2026-05:09:
1785827690.286|{"ok":true,"cmd":"get","var":"wrState","state":2,"last":true}
1785827703.736|[I][webradio] audio_info: StreamTitle='Justice - D.A.N.C.E.'
1785827703.756|[D][webradio] ICY: Justice - D.A.N.C.E.
1785827713.943|[I][webradio] HEAP play free=58012 min=47888
1785827719.248|[I][hb] display=winamp wifi=rssi(-48) disc=1 heap=54k maxAlloc=41k stack_hwm=11744b uptime=02:54:38 poll=0/0 last=0 block_max=0ms loop_max=50ms slow=app.tick:28ms last_poll_age_ms=0 next_poll_in_ms=5000 last_render_age_ms=10466187 build=Aug  4 2026-05:09:
1785827720.319|{"ok":true,"cmd":"get","var":"wrState","state":2,"last":true}
1785827743.955|[I][webradio] HEAP play free=58012 min=47888
1785827749.258|[I][hb] display=winamp wifi=rssi(-49) disc=1 heap=54k maxAlloc=41k stack_hwm=11744b uptime=02:55:08 poll=0/0 last=0 block_max=0ms loop_max=47ms slow=app.tick:28ms last_poll_age_ms=0 next_poll_in_ms=5000 last_render_age_ms=10496199 build=Aug  4 2026-05:09:
1785827749.268|[W][perf] iter=51ms (worst path so far: wr.pump:23ms)
1785827750.358|{"ok":true,"cmd":"get","var":"wrState","state":2,"last":true}
1785827766.379|{"ok":true,"cmd":"get","var":"wrState","state":2,"last":true}
1785827766.407|{"ok":true,"cmd":"get","var":"wrIdx","idx":0,"last":true}
1785827773.977|[I][webradio] HEAP play free=55292 min=47888
1785827779.276|[I][hb] display=winamp wifi=rssi(-48) disc=1 heap=56k maxAlloc=41k stack_hwm=11744b uptime=02:55:38 poll=0/0 last=0 block_max=0ms loop_max=51ms slow=app.tick:27ms last_poll_age_ms=0 next_poll_in_ms=5000 last_render_age_ms=10526216 build=Aug  4 2026-05:09:
1785827780.450|{"ok":true,"cmd":"get","var":"wrState","state":2,"last":true}
1785827803.991|[I][webradio] HEAP play free=58012 min=47888
1785827809.288|[I][hb] display=winamp wifi=rssi(-49) disc=1 heap=56k maxAlloc=41k stack_hwm=11744b uptime=02:56:08 poll=0/0 last=0 block_max=0ms loop_max=33ms slow=app.tick:28ms last_poll_age_ms=0 next_poll_in_ms=5000 last_render_age_ms=10556227 build=Aug  4 2026-05:09:
1785827810.472|{"ok":true,"cmd":"get","var":"wrState","state":2,"last":true}
1785827833.996|[I][webradio] HEAP play free=58012 min=47888
1785827839.304|[I][hb] display=winamp wifi=rssi(-48) disc=1 heap=54k maxAlloc=41k stack_hwm=11744b uptime=02:56:38 poll=0/0 last=0 block_max=0ms loop_max=50ms slow=app.tick:29ms last_poll_age_ms=0 next_poll_in_ms=5000 last_render_age_ms=10586230 build=Aug  4 2026-05:09:
1785827840.509|{"ok":true,"cmd":"get","var":"wrState","state":2,"last":true}
1785827864.016|[I][webradio] HEAP play free=58020 min=47888
1785827869.294|[I][hb] display=winamp wifi=rssi(-48) disc=1 heap=54k maxAlloc=41k stack_hwm=11744b uptime=02:57:08 poll=0/0 last=0 block_max=0ms loop_max=46ms slow=app.tick:28ms last_poll_age_ms=0 next_poll_in_ms=5000 last_render_age_ms=10616234 build=Aug  4 2026-05:09:
1785827870.527|{"ok":true,"cmd":"get","var":"wrState","state":2,"last":true}
1785827894.028|[I][webradio] HEAP play free=55648 min=47888
1785827899.303|[I][hb] display=winamp wifi=rssi(-49) disc=1 heap=54k maxAlloc=41k stack_hwm=11744b uptime=02:57:38 poll=0/0 last=0 block_max=0ms loop_max=45ms slow=app.tick:26ms last_poll_age_ms=0 next_poll_in_ms=5000 last_render_age_ms=10646246 build=Aug  4 2026-05:09:
1785827900.559|{"ok":true,"cmd":"get","var":"wrState","state":2,"last":true}
1785827919.742|[I][webradio] audio_info: StreamTitle='Miley Cyrus - Party In The USA'
1785827919.748|[D][webradio] ICY: Miley Cyrus - Party In The USA
1785827924.039|[I][webradio] HEAP play free=55648 min=47888
1785827929.321|[I][hb] display=winamp wifi=rssi(-50) disc=1 heap=56k maxAlloc=41k stack_hwm=11744b uptime=02:58:08 poll=0/0 last=0 block_max=0ms loop_max=50ms slow=app.tick:29ms last_poll_age_ms=0 next_poll_in_ms=5000 last_render_age_ms=10676258 build=Aug  4 2026-05:09:
1785827930.596|{"ok":true,"cmd":"get","var":"wrState","state":2,"last":true}
1785827954.059|[I][webradio] HEAP play free=58012 min=47888
1785827959.332|[I][hb] display=winamp wifi=rssi(-47) disc=1 heap=56k maxAlloc=41k stack_hwm=11744b uptime=02:58:38 poll=0/0 last=0 block_max=0ms loop_max=48ms slow=app.tick:27ms last_poll_age_ms=0 next_poll_in_ms=5000 last_render_age_ms=10706275 build=Aug  4 2026-05:09:
1785827959.340|[W][perf] iter=51ms (worst path so far: wr.pump:22ms)
1785827960.622|{"ok":true,"cmd":"get","var":"wrState","state":2,"last":true}
1785827984.068|[I][webradio] HEAP play free=58012 min=47888
1785827989.345|[I][hb] display=winamp wifi=rssi(-50) disc=1 heap=56k maxAlloc=41k stack_hwm=11744b uptime=02:59:08 poll=0/0 last=0 block_max=0ms loop_max=51ms slow=app.tick:27ms last_poll_age_ms=0 next_poll_in_ms=5000 last_render_age_ms=10736286 build=Aug  4 2026-05:09:
1785827990.661|{"ok":true,"cmd":"get","var":"wrState","state":2,"last":true}
1785828014.080|[I][webradio] HEAP play free=58012 min=47888
1785828019.360|[I][hb] display=winamp wifi=rssi(-49) disc=1 heap=54k maxAlloc=41k stack_hwm=11744b uptime=02:59:38 poll=0/0 last=0 block_max=0ms loop_max=50ms slow=app.tick:29ms last_poll_age_ms=0 next_poll_in_ms=5000 last_render_age_ms=10766290 build=Aug  4 2026-05:09:
1785828020.697|{"ok":true,"cmd":"get","var":"wrState","state":2,"last":true}
1785828044.080|[I][webradio] HEAP play free=60384 min=47888
1785828049.348|[I][hb] display=winamp wifi=rssi(-48) disc=1 heap=54k maxAlloc=41k stack_hwm=11744b uptime=03:00:08 poll=0/0 last=0 block_max=0ms loop_max=48ms slow=app.tick:25ms last_poll_age_ms=0 next_poll_in_ms=5000 last_render_age_ms=10796294 build=Aug  4 2026-05:09:
1785828050.716|{"ok":true,"cmd":"get","var":"wrState","state":2,"last":true}
1785828066.756|{"ok":true,"cmd":"get","var":"wrState","state":2,"last":true}
1785828066.779|{"ok":true,"cmd":"get","var":"wrIdx","idx":0,"last":true}
1785828074.091|[I][webradio] HEAP play free=55648 min=47888
1785828079.365|[I][hb] display=winamp wifi=rssi(-48) disc=1 heap=56k maxAlloc=41k stack_hwm=11744b uptime=03:00:38 poll=0/0 last=0 block_max=0ms loop_max=49ms slow=app.tick:25ms last_poll_age_ms=0 next_poll_in_ms=5000 last_render_age_ms=10826311 build=Aug  4 2026-05:09:
1785828080.807|{"ok":true,"cmd":"get","var":"wrState","state":2,"last":true}
1785828104.100|[I][webradio] HEAP play free=55648 min=47888
1785828109.376|[I][hb] display=winamp wifi=rssi(-50) disc=1 heap=56k maxAlloc=41k stack_hwm=11744b uptime=03:01:08 poll=0/0 last=0 block_max=0ms loop_max=39ms slow=app.tick:25ms last_poll_age_ms=0 next_poll_in_ms=5000 last_render_age_ms=10856328 build=Aug  4 2026-05:09:
1785828110.843|{"ok":true,"cmd":"get","var":"wrState","state":2,"last":true}
1785828130.727|[I][webradio] audio_info: StreamTitle='Rollergirl - Dear Jessie'
1785828130.746|[D][webradio] ICY: Rollergirl - Dear Jessie
1785828134.113|[I][webradio] HEAP play free=58012 min=47888
1785828139.400|[I][hb] display=winamp wifi=rssi(-49) disc=1 heap=58k maxAlloc=41k stack_hwm=11744b uptime=03:01:38 poll=0/0 last=0 block_max=0ms loop_max=30ms slow=app.tick:27ms last_poll_age_ms=0 next_poll_in_ms=5000 last_render_age_ms=10886343 build=Aug  4 2026-05:09:
1785828140.881|{"ok":true,"cmd":"get","var":"wrState","state":2,"last":true}
1785828164.123|[I][webradio] HEAP play free=58012 min=47888
1785828169.405|[I][hb] display=winamp wifi=rssi(-49) disc=1 heap=54k maxAlloc=41k stack_hwm=11744b uptime=03:02:08 poll=0/0 last=0 block_max=0ms loop_max=46ms slow=app.tick:28ms last_poll_age_ms=0 next_poll_in_ms=5000 last_render_age_ms=10916352 build=Aug  4 2026-05:09:
1785828170.902|{"ok":true,"cmd":"get","var":"wrState","state":2,"last":true}
1785828194.126|[I][webradio] HEAP play free=55648 min=47888
1785828199.423|[I][hb] display=winamp wifi=rssi(-50) disc=1 heap=54k maxAlloc=41k stack_hwm=11744b uptime=03:02:38 poll=0/0 last=0 block_max=0ms loop_max=49ms slow=app.tick:29ms last_poll_age_ms=0 next_poll_in_ms=5000 last_render_age_ms=10946374 build=Aug  4 2026-05:09:
1785828200.940|{"ok":true,"cmd":"get","var":"wrState","state":2,"last":true}
1785828224.133|[I][webradio] HEAP play free=55648 min=47888
1785828229.434|[I][hb] display=winamp wifi=rssi(-48) disc=1 heap=56k maxAlloc=41k stack_hwm=11744b uptime=03:03:08 poll=0/0 last=0 block_max=0ms loop_max=40ms slow=app.tick:26ms last_poll_age_ms=0 next_poll_in_ms=5000 last_render_age_ms=10976384 build=Aug  4 2026-05:09:
1785828230.958|{"ok":true,"cmd":"get","var":"wrState","state":2,"last":true}
1785828254.141|[I][webradio] HEAP play free=55648 min=47888
1785828259.446|[I][hb] display=winamp wifi=rssi(-48) disc=1 heap=56k maxAlloc=41k stack_hwm=11744b uptime=03:03:38 poll=0/0 last=0 block_max=0ms loop_max=49ms slow=app.tick:28ms last_poll_age_ms=0 next_poll_in_ms=5000 last_render_age_ms=11006393 build=Aug  4 2026-05:09:
1785828260.999|{"ok":true,"cmd":"get","var":"wrState","state":2,"last":true}
1785828284.140|[I][webradio] HEAP play free=58012 min=47888
1785828289.445|[I][hb] display=winamp wifi=rssi(-47) disc=1 heap=58k maxAlloc=41k stack_hwm=11744b uptime=03:04:08 poll=0/0 last=0 block_max=0ms loop_max=47ms slow=app.tick:28ms last_poll_age_ms=0 next_poll_in_ms=5000 last_render_age_ms=11036393 build=Aug  4 2026-05:09:
1785828291.035|{"ok":true,"cmd":"get","var":"wrState","state":2,"last":true}
1785828314.149|[I][webradio] HEAP play free=58012 min=47888
1785828319.449|[I][hb] display=winamp wifi=rssi(-48) disc=1 heap=54k maxAlloc=41k stack_hwm=11744b uptime=03:04:38 poll=0/0 last=0 block_max=0ms loop_max=46ms slow=app.tick:27ms last_poll_age_ms=0 next_poll_in_ms=5000 last_render_age_ms=11066399 build=Aug  4 2026-05:09:
1785828319.743|[I][webradio] audio_info: StreamTitle='Peter Gelderblom - Lost'
1785828319.748|[D][webradio] ICY: Peter Gelderblom - Lost
1785828321.050|{"ok":true,"cmd":"get","var":"wrState","state":2,"last":true}
1785828344.166|[I][webradio] HEAP play free=55500 min=47888
1785828349.459|[I][hb] display=winamp wifi=rssi(-49) disc=1 heap=54k maxAlloc=41k stack_hwm=11744b uptime=03:05:08 poll=0/0 last=0 block_max=0ms loop_max=49ms slow=app.tick:28ms last_poll_age_ms=0 next_poll_in_ms=5000 last_render_age_ms=11096409 build=Aug  4 2026-05:09:
1785828349.470|[W][perf] iter=52ms (worst path so far: wr.pump:22ms)
1785828351.067|{"ok":true,"cmd":"get","var":"wrState","state":2,"last":true}
1785828367.105|{"ok":true,"cmd":"get","var":"wrState","state":2,"last":true}
1785828367.129|{"ok":true,"cmd":"get","var":"wrIdx","idx":0,"last":true}
1785828374.173|[I][webradio] HEAP play free=55648 min=47888
1785828379.455|[I][hb] display=winamp wifi=rssi(-48) disc=1 heap=56k maxAlloc=41k stack_hwm=11744b uptime=03:05:38 poll=0/0 last=0 block_max=0ms loop_max=52ms slow=app.tick:24ms last_poll_age_ms=0 next_poll_in_ms=5000 last_render_age_ms=11126410 build=Aug  4 2026-05:09:
1785828381.159|{"ok":true,"cmd":"get","var":"wrState","state":2,"last":true}
1785828404.189|[I][webradio] HEAP play free=55648 min=47888
1785828409.465|[I][hb] display=winamp wifi=rssi(-50) disc=1 heap=56k maxAlloc=41k stack_hwm=11744b uptime=03:06:08 poll=0/0 last=0 block_max=0ms loop_max=39ms slow=app.tick:26ms last_poll_age_ms=0 next_poll_in_ms=5000 last_render_age_ms=11156416 build=Aug  4 2026-05:09:
1785828409.475|[W][perf] iter=51ms (worst path so far: wr.pump:23ms)
1785828411.200|{"ok":true,"cmd":"get","var":"wrState","state":2,"last":true}
1785828434.201|[I][webradio] HEAP play free=58012 min=47888
1785828439.480|[I][hb] display=winamp wifi=rssi(-48) disc=1 heap=56k maxAlloc=41k stack_hwm=11744b uptime=03:06:38 poll=0/0 last=0 block_max=0ms loop_max=51ms slow=app.tick:26ms last_poll_age_ms=0 next_poll_in_ms=5000 last_render_age_ms=11186431 build=Aug  4 2026-05:09:
1785828441.233|{"ok":true,"cmd":"get","var":"wrState","state":2,"last":true}
1785828464.220|[I][webradio] HEAP play free=58012 min=47888
1785828469.495|[I][hb] display=winamp wifi=rssi(-49) disc=1 heap=54k maxAlloc=41k stack_hwm=11744b uptime=03:07:08 poll=0/0 last=0 block_max=0ms loop_max=38ms slow=app.tick:26ms last_poll_age_ms=0 next_poll_in_ms=5000 last_render_age_ms=11216445 build=Aug  4 2026-05:09:
1785828471.256|{"ok":true,"cmd":"get","var":"wrState","state":2,"last":true}
1785828494.236|[I][webradio] HEAP play free=55648 min=47888
1785828499.511|[I][hb] display=winamp wifi=rssi(-48) disc=1 heap=56k maxAlloc=41k stack_hwm=11744b uptime=03:07:38 poll=0/0 last=0 block_max=0ms loop_max=48ms slow=app.tick:27ms last_poll_age_ms=0 next_poll_in_ms=5000 last_render_age_ms=11246468 build=Aug  4 2026-05:09:
1785828501.293|{"ok":true,"cmd":"get","var":"wrState","state":2,"last":true}
1785828514.721|[I][webradio] audio_info: StreamTitle='Blu Cantrell & Sean Paul - Breathe'
1785828514.740|[D][webradio] ICY: Blu Cantrell & Sean Paul - Breathe
1785828524.245|[I][webradio] HEAP play free=55648 min=47888
1785828529.522|[I][hb] display=winamp wifi=rssi(-48) disc=1 heap=56k maxAlloc=41k stack_hwm=11744b uptime=03:08:08 poll=0/0 last=0 block_max=0ms loop_max=27ms slow=app.tick:24ms last_poll_age_ms=0 next_poll_in_ms=5000 last_render_age_ms=11276475 build=Aug  4 2026-05:09:
1785828531.325|{"ok":true,"cmd":"get","var":"wrState","state":2,"last":true}
1785828554.259|[I][webradio] HEAP play free=58012 min=47888
1785828559.544|[I][hb] display=winamp wifi=rssi(-48) disc=1 heap=56k maxAlloc=41k stack_hwm=11744b uptime=03:08:38 poll=0/0 last=0 block_max=0ms loop_max=47ms slow=app.tick:27ms last_poll_age_ms=0 next_poll_in_ms=5000 last_render_age_ms=11306491 build=Aug  4 2026-05:09:
1785828561.348|{"ok":true,"cmd":"get","var":"wrState","state":2,"last":true}
1785828584.250|[I][webradio] HEAP play free=58012 min=47888
1785828589.551|[I][hb] display=winamp wifi=rssi(-50) disc=1 heap=54k maxAlloc=41k stack_hwm=11744b uptime=03:09:08 poll=0/0 last=0 block_max=0ms loop_max=35ms slow=app.tick:26ms last_poll_age_ms=0 next_poll_in_ms=5000 last_render_age_ms=11336509 build=Aug  4 2026-05:09:
1785828591.390|{"ok":true,"cmd":"get","var":"wrState","state":2,"last":true}
1785828614.261|[I][webradio] HEAP play free=58012 min=47888
1785828619.559|[I][hb] display=winamp wifi=rssi(-48) disc=1 heap=54k maxAlloc=41k stack_hwm=11744b uptime=03:09:38 poll=0/0 last=0 block_max=0ms loop_max=47ms slow=app.tick:26ms last_poll_age_ms=0 next_poll_in_ms=5000 last_render_age_ms=11366515 build=Aug  4 2026-05:09:
1785828619.572|[W][perf] iter=52ms (worst path so far: wr.pump:23ms)
1785828621.422|{"ok":true,"cmd":"get","var":"wrState","state":2,"last":true}
1785828644.263|[I][webradio] HEAP play free=60384 min=47888
1785828649.556|[I][hb] display=winamp wifi=rssi(-47) disc=1 heap=56k maxAlloc=41k stack_hwm=11744b uptime=03:10:08 poll=0/0 last=0 block_max=0ms loop_max=52ms slow=app.tick:28ms last_poll_age_ms=0 next_poll_in_ms=5000 last_render_age_ms=11396516 build=Aug  4 2026-05:09:
1785828651.458|{"ok":true,"cmd":"get","var":"wrState","state":2,"last":true}
1785828667.481|{"ok":true,"cmd":"get","var":"wrState","state":2,"last":true}
1785828667.505|{"ok":true,"cmd":"get","var":"wrIdx","idx":0,"last":true}
1785828674.263|[I][webradio] HEAP play free=55648 min=47888
1785828679.567|[I][hb] display=winamp wifi=rssi(-50) disc=1 heap=54k maxAlloc=41k stack_hwm=11744b uptime=03:10:38 poll=0/0 last=0 block_max=0ms loop_max=27ms slow=app.tick:25ms last_poll_age_ms=0 next_poll_in_ms=5000 last_render_age_ms=11426523 build=Aug  4 2026-05:09:
1785828681.532|{"ok":true,"cmd":"get","var":"wrState","state":2,"last":true}
1785828704.279|[I][webradio] HEAP play free=55648 min=47888
1785828709.584|[I][hb] display=winamp wifi=rssi(-48) disc=1 heap=56k maxAlloc=41k stack_hwm=11744b uptime=03:11:08 poll=0/0 last=0 block_max=0ms loop_max=49ms slow=app.tick:39ms last_poll_age_ms=0 next_poll_in_ms=5000 last_render_age_ms=11456538 build=Aug  4 2026-05:09:
1785828711.551|{"ok":true,"cmd":"get","var":"wrState","state":2,"last":true}
1785828734.295|[I][webradio] HEAP play free=58012 min=47888
1785828735.737|[I][webradio] audio_info: StreamTitle='Inna - Hot'
1785828735.741|[D][webradio] ICY: Inna - Hot
1785828739.600|[I][hb] display=winamp wifi=rssi(-49) disc=1 heap=54k maxAlloc=41k stack_hwm=11744b uptime=03:11:38 poll=0/0 last=0 block_max=0ms loop_max=34ms slow=app.tick:28ms last_poll_age_ms=0 next_poll_in_ms=5000 last_render_age_ms=11486538 build=Aug  4 2026-05:09:
1785828741.584|{"ok":true,"cmd":"get","var":"wrState","state":2,"last":true}
1785828764.306|[I][webradio] HEAP play free=58012 min=47888
1785828769.584|[I][hb] display=winamp wifi=rssi(-48) disc=1 heap=54k maxAlloc=41k stack_hwm=11744b uptime=03:12:08 poll=0/0 last=0 block_max=0ms loop_max=48ms slow=app.tick:24ms last_poll_age_ms=0 next_poll_in_ms=5000 last_render_age_ms=11516545 build=Aug  4 2026-05:09:
1785828769.616|{"ok":true,"cmd":"get","var":"wrState","state":2,"last":true}
1785828794.319|[I][webradio] HEAP play free=58012 min=47888
1785828799.598|[I][hb] display=winamp wifi=rssi(-48) disc=1 heap=56k maxAlloc=41k stack_hwm=11744b uptime=03:12:38 poll=0/0 last=0 block_max=0ms loop_max=31ms slow=wr.pump:23ms last_poll_age_ms=0 next_poll_in_ms=5000 last_render_age_ms=11546554 build=Aug  4 2026-05:09:5
1785828799.658|{"ok":true,"cmd":"get","var":"wrState","state":2,"last":true}
1785828824.307|[I][webradio] HEAP play free=55648 min=47888
1785828829.612|[I][hb] display=winamp wifi=rssi(-49) disc=1 heap=56k maxAlloc=41k stack_hwm=11744b uptime=03:13:08 poll=0/0 last=0 block_max=0ms loop_max=36ms slow=wr.pump:23ms last_poll_age_ms=0 next_poll_in_ms=5000 last_render_age_ms=11576573 build=Aug  4 2026-05:09:5
1785828829.696|{"ok":true,"cmd":"get","var":"wrState","state":2,"last":true}
1785828854.318|[I][webradio] HEAP play free=55648 min=47888
1785828859.627|[I][hb] display=winamp wifi=rssi(-49) disc=1 heap=56k maxAlloc=41k stack_hwm=11744b uptime=03:13:38 poll=0/0 last=0 block_max=0ms loop_max=28ms slow=wr.pump:23ms last_poll_age_ms=0 next_poll_in_ms=5000 last_render_age_ms=11606580 build=Aug  4 2026-05:09:5
1785828859.716|{"ok":true,"cmd":"get","var":"wrState","state":2,"last":true}
1785828884.335|[I][webradio] HEAP play free=58012 min=47888
1785828889.625|[I][hb] display=winamp wifi=rssi(-48) disc=1 heap=58k maxAlloc=41k stack_hwm=11744b uptime=03:14:08 poll=0/0 last=0 block_max=0ms loop_max=50ms slow=app.tick:24ms last_poll_age_ms=0 next_poll_in_ms=5000 last_render_age_ms=11636580 build=Aug  4 2026-05:09:
1785828889.747|{"ok":true,"cmd":"get","var":"wrState","state":2,"last":true}
1785828914.324|[I][webradio] HEAP play free=58012 min=47888
1785828919.634|[I][hb] display=winamp wifi=rssi(-48) disc=1 heap=54k maxAlloc=41k stack_hwm=11744b uptime=03:14:38 poll=0/0 last=0 block_max=0ms loop_max=32ms slow=app.tick:24ms last_poll_age_ms=0 next_poll_in_ms=5000 last_render_age_ms=11666593 build=Aug  4 2026-05:09:
1785828919.771|{"ok":true,"cmd":"get","var":"wrState","state":2,"last":true}
1785828944.334|[I][webradio] HEAP play free=58012 min=47888
1785828944.720|[I][webradio] audio_info: StreamTitle='Fish Go Deep & Tracey K - The Cure And The Cause'
1785828944.740|[D][webradio] ICY: Fish Go Deep & Tracey K - The Cure And The Cause
1785828949.646|[I][hb] display=winamp wifi=rssi(-47) disc=1 heap=54k maxAlloc=41k stack_hwm=11744b uptime=03:15:08 poll=0/0 last=0 block_max=0ms loop_max=46ms slow=app.tick:25ms last_poll_age_ms=0 next_poll_in_ms=5000 last_render_age_ms=11696603 build=Aug  4 2026-05:09:
1785828949.826|{"ok":true,"cmd":"get","var":"wrState","state":2,"last":true}
1785828967.862|{"ok":true,"cmd":"get","var":"wrState","state":2,"last":true}
1785828967.885|{"ok":true,"cmd":"get","var":"wrIdx","idx":0,"last":true}
1785828974.351|[I][webradio] HEAP play free=55648 min=47888
1785828979.656|[I][hb] display=winamp wifi=rssi(-48) disc=1 heap=56k maxAlloc=41k stack_hwm=11744b uptime=03:15:38 poll=0/0 last=0 block_max=0ms loop_max=44ms slow=app.tick:28ms last_poll_age_ms=0 next_poll_in_ms=5000 last_render_age_ms=11726620 build=Aug  4 2026-05:09:
1785828979.920|{"ok":true,"cmd":"get","var":"wrState","state":2,"last":true}
1785829004.340|[I][webradio] HEAP play free=55648 min=47888
1785829009.673|[I][hb] display=winamp wifi=rssi(-50) disc=1 heap=56k maxAlloc=41k stack_hwm=11744b uptime=03:16:08 poll=0/0 last=0 block_max=0ms loop_max=38ms slow=app.tick:28ms last_poll_age_ms=0 next_poll_in_ms=5000 last_render_age_ms=11756628 build=Aug  4 2026-05:09:
1785829009.960|{"ok":true,"cmd":"get","var":"wrState","state":2,"last":true}
1785829034.357|[I][webradio] HEAP play free=55648 min=47888
1785829039.688|[I][hb] display=winamp wifi=rssi(-48) disc=1 heap=54k maxAlloc=41k stack_hwm=11744b uptime=03:16:38 poll=0/0 last=0 block_max=0ms loop_max=50ms slow=app.tick:29ms last_poll_age_ms=0 next_poll_in_ms=5000 last_render_age_ms=11786632 build=Aug  4 2026-05:09:
1785829039.995|{"ok":true,"cmd":"get","var":"wrState","state":2,"last":true}
1785829064.367|[I][webradio] HEAP play free=58012 min=47888
1785829069.677|[I][hb] display=winamp wifi=rssi(-48) disc=1 heap=54k maxAlloc=41k stack_hwm=11744b uptime=03:17:08 poll=0/0 last=0 block_max=0ms loop_max=48ms slow=app.tick:28ms last_poll_age_ms=0 next_poll_in_ms=5000 last_render_age_ms=11816640 build=Aug  4 2026-05:09:
1785829070.017|{"ok":true,"cmd":"get","var":"wrState","state":2,"last":true}
1785829094.388|[I][webradio] HEAP play free=58012 min=47888
1785829098.732|[I][webradio] audio_info: StreamTitle='Wayne Wonder - No Letting Go'
1785829098.735|[D][webradio] ICY: Wayne Wonder - No Letting Go
1785829099.691|[I][hb] display=winamp wifi=rssi(-48) disc=1 heap=54k maxAlloc=41k stack_hwm=11744b uptime=03:17:38 poll=0/0 last=0 block_max=0ms loop_max=47ms slow=app.tick:28ms last_poll_age_ms=0 next_poll_in_ms=5000 last_render_age_ms=11846650 build=Aug  4 2026-05:09:
1785829100.036|{"ok":true,"cmd":"get","var":"wrState","state":2,"last":true}
1785829124.405|[I][webradio] HEAP play free=55648 min=47888
1785829129.700|[I][hb] display=winamp wifi=rssi(-49) disc=1 heap=56k maxAlloc=41k stack_hwm=11744b uptime=03:18:08 poll=0/0 last=0 block_max=0ms loop_max=40ms slow=app.tick:29ms last_poll_age_ms=0 next_poll_in_ms=5000 last_render_age_ms=11876666 build=Aug  4 2026-05:09:
1785829130.067|{"ok":true,"cmd":"get","var":"wrState","state":2,"last":true}
1785829154.411|[I][webradio] HEAP play free=55648 min=47888
1785829159.717|[I][hb] display=winamp wifi=rssi(-48) disc=1 heap=56k maxAlloc=41k stack_hwm=11744b uptime=03:18:38 poll=0/0 last=0 block_max=0ms loop_max=48ms slow=app.tick:27ms last_poll_age_ms=0 next_poll_in_ms=5000 last_render_age_ms=11906685 build=Aug  4 2026-05:09:
1785829160.091|{"ok":true,"cmd":"get","var":"wrState","state":2,"last":true}
1785829184.410|[I][webradio] HEAP play free=58012 min=47888
1785829189.734|[I][hb] display=winamp wifi=rssi(-50) disc=1 heap=54k maxAlloc=41k stack_hwm=11744b uptime=03:19:08 poll=0/0 last=0 block_max=0ms loop_max=30ms slow=app.tick:28ms last_poll_age_ms=0 next_poll_in_ms=5000 last_render_age_ms=11936697 build=Aug  4 2026-05:09:
1785829190.125|{"ok":true,"cmd":"get","var":"wrState","state":2,"last":true}
1785829214.419|[I][webradio] HEAP play free=58012 min=47888
1785829219.748|[I][hb] display=winamp wifi=rssi(-47) disc=1 heap=54k maxAlloc=41k stack_hwm=11744b uptime=03:19:39 poll=0/0 last=0 block_max=0ms loop_max=46ms slow=app.tick:27ms last_poll_age_ms=0 next_poll_in_ms=5000 last_render_age_ms=11966714 build=Aug  4 2026-05:09:
1785829220.145|{"ok":true,"cmd":"get","var":"wrState","state":2,"last":true}
1785829244.430|[I][webradio] HEAP play free=58012 min=47888
1785829249.758|[I][hb] display=winamp wifi=rssi(-47) disc=1 heap=56k maxAlloc=41k stack_hwm=11744b uptime=03:20:09 poll=0/0 last=0 block_max=0ms loop_max=46ms slow=app.tick:28ms last_poll_age_ms=0 next_poll_in_ms=5000 last_render_age_ms=11996725 build=Aug  4 2026-05:09:
1785829250.188|{"ok":true,"cmd":"get","var":"wrState","state":2,"last":true}
1785829268.210|{"ok":true,"cmd":"get","var":"wrState","state":2,"last":true}
1785829268.230|{"ok":true,"cmd":"get","var":"wrIdx","idx":0,"last":true}
1785829274.448|[I][webradio] HEAP play free=55648 min=47888
1785829279.774|[I][hb] display=winamp wifi=rssi(-43) disc=1 heap=56k maxAlloc=41k stack_hwm=11744b uptime=03:20:39 poll=0/0 last=0 block_max=0ms loop_max=48ms slow=app.tick:28ms last_poll_age_ms=0 next_poll_in_ms=5000 last_render_age_ms=12026737 build=Aug  4 2026-05:09:
1785829280.250|{"ok":true,"cmd":"get","var":"wrState","state":2,"last":true}
1785829304.451|[I][webradio] HEAP play free=60172 min=47888
1785829307.707|[I][webradio] audio_info: StreamTitle='Laurent Wolf - No Stress'
1785829307.728|[D][webradio] ICY: Laurent Wolf - No Stress
1785829309.792|[I][hb] display=winamp wifi=rssi(-47) disc=1 heap=58k maxAlloc=41k stack_hwm=11744b uptime=03:21:09 poll=0/0 last=0 block_max=0ms loop_max=32ms slow=app.tick:26ms last_poll_age_ms=0 next_poll_in_ms=5000 last_render_age_ms=12056756 build=Aug  4 2026-05:09:
1785829310.287|{"ok":true,"cmd":"get","var":"wrState","state":2,"last":true}
1785829334.451|[I][webradio] HEAP play free=58012 min=47888
1785829339.803|[I][hb] display=winamp wifi=rssi(-48) disc=1 heap=54k maxAlloc=41k stack_hwm=11744b uptime=03:21:39 poll=0/0 last=0 block_max=0ms loop_max=31ms slow=app.tick:29ms last_poll_age_ms=0 next_poll_in_ms=5000 last_render_age_ms=12086771 build=Aug  4 2026-05:09:
1785829340.306|{"ok":true,"cmd":"get","var":"wrState","state":2,"last":true}
1785829364.462|[I][webradio] HEAP play free=58012 min=47888
1785829369.814|[I][hb] display=winamp wifi=rssi(-48) disc=1 heap=54k maxAlloc=41k stack_hwm=11744b uptime=03:22:09 poll=0/0 last=0 block_max=0ms loop_max=46ms slow=app.tick:28ms last_poll_age_ms=0 next_poll_in_ms=5000 last_render_age_ms=12116779 build=Aug  4 2026-05:09:
1785829370.346|{"ok":true,"cmd":"get","var":"wrState","state":2,"last":true}
1785829394.468|[I][webradio] HEAP play free=58012 min=47888
1785829399.830|[I][hb] display=winamp wifi=rssi(-47) disc=1 heap=56k maxAlloc=41k stack_hwm=11744b uptime=03:22:39 poll=0/0 last=0 block_max=0ms loop_max=49ms slow=app.tick:24ms last_poll_age_ms=0 next_poll_in_ms=5000 last_render_age_ms=12146792 build=Aug  4 2026-05:09:
1785829399.836|[W][perf] iter=51ms (worst path so far: wr.pump:21ms)
1785829400.380|{"ok":true,"cmd":"get","var":"wrState","state":2,"last":true}
1785829424.470|[I][webradio] HEAP play free=55648 min=47888
1785829429.842|[I][hb] display=winamp wifi=rssi(-48) disc=1 heap=56k maxAlloc=41k stack_hwm=11744b uptime=03:23:09 poll=0/0 last=0 block_max=0ms loop_max=51ms slow=app.tick:28ms last_poll_age_ms=0 next_poll_in_ms=5000 last_render_age_ms=12176808 build=Aug  4 2026-05:09:
1785829430.402|{"ok":true,"cmd":"get","var":"wrState","state":2,"last":true}
1785829454.478|[I][webradio] HEAP play free=55648 min=47888
1785829459.859|[I][hb] display=winamp wifi=rssi(-48) disc=1 heap=54k maxAlloc=41k stack_hwm=11744b uptime=03:23:39 poll=0/0 last=0 block_max=0ms loop_max=50ms slow=app.tick:28ms last_poll_age_ms=0 next_poll_in_ms=5000 last_render_age_ms=12206827 build=Aug  4 2026-05:09:
1785829460.439|{"ok":true,"cmd":"get","var":"wrState","state":2,"last":true}
1785829484.488|[I][webradio] HEAP play free=55648 min=47888
1785829485.700|[I][webradio] audio_info: StreamTitle='Deep Swing - In The Music'
1785829485.720|[D][webradio] ICY: Deep Swing - In The Music
1785829489.870|[I][hb] display=winamp wifi=rssi(-48) disc=1 heap=54k maxAlloc=41k stack_hwm=11744b uptime=03:24:09 poll=0/0 last=0 block_max=0ms loop_max=46ms slow=app.tick:25ms last_poll_age_ms=0 next_poll_in_ms=5000 last_render_age_ms=12236841 build=Aug  4 2026-05:09:
1785829490.475|{"ok":true,"cmd":"get","var":"wrState","state":2,"last":true}
1785829514.501|[I][webradio] HEAP play free=58012 min=47888
1785829519.887|[I][hb] display=winamp wifi=rssi(-49) disc=1 heap=56k maxAlloc=41k stack_hwm=11744b uptime=03:24:39 poll=0/0 last=0 block_max=0ms loop_max=37ms slow=app.tick:26ms last_poll_age_ms=0 next_poll_in_ms=5000 last_render_age_ms=12266850 build=Aug  4 2026-05:09:
1785829519.893|[W][perf] iter=52ms (worst path so far: wr.pump:22ms)
1785829520.495|{"ok":true,"cmd":"get","var":"wrState","state":2,"last":true}
1785829544.512|[I][webradio] HEAP play free=58012 min=47888
1785829549.899|[I][hb] display=winamp wifi=rssi(-47) disc=1 heap=56k maxAlloc=41k stack_hwm=11744b uptime=03:25:09 poll=0/0 last=0 block_max=0ms loop_max=52ms slow=app.tick:27ms last_poll_age_ms=0 next_poll_in_ms=5000 last_render_age_ms=12296867 build=Aug  4 2026-05:09:
1785829549.907|[W][perf] iter=51ms (worst path so far: wr.pump:22ms)
1785829550.535|{"ok":true,"cmd":"get","var":"wrState","state":2,"last":true}
1785829568.551|{"ok":true,"cmd":"get","var":"wrState","state":2,"last":true}
1785829568.582|{"ok":true,"cmd":"get","var":"wrIdx","idx":0,"last":true}
1785829574.513|[I][webradio] HEAP play free=60056 min=47888
1785829579.920|[I][hb] display=winamp wifi=rssi(-49) disc=1 heap=56k maxAlloc=41k stack_hwm=11744b uptime=03:25:39 poll=0/0 last=0 block_max=0ms loop_max=51ms slow=app.tick:30ms last_poll_age_ms=0 next_poll_in_ms=5000 last_render_age_ms=12326883 build=Aug  4 2026-05:09:
1785829580.602|{"ok":true,"cmd":"get","var":"wrState","state":2,"last":true}
1785829604.521|[I][webradio] HEAP play free=55648 min=47888
1785829609.925|[I][hb] display=winamp wifi=rssi(-46) disc=1 heap=54k maxAlloc=41k stack_hwm=11744b uptime=03:26:09 poll=0/0 last=0 block_max=0ms loop_max=37ms slow=app.tick:27ms last_poll_age_ms=0 next_poll_in_ms=5000 last_render_age_ms=12356896 build=Aug  4 2026-05:09:
1785829610.638|{"ok":true,"cmd":"get","var":"wrState","state":2,"last":true}
1785829634.532|[I][webradio] HEAP play free=55648 min=47888
1785829639.944|[I][hb] display=winamp wifi=rssi(-46) disc=1 heap=54k maxAlloc=41k stack_hwm=11744b uptime=03:26:39 poll=0/0 last=0 block_max=0ms loop_max=49ms slow=app.tick:26ms last_poll_age_ms=0 next_poll_in_ms=5000 last_render_age_ms=12386909 build=Aug  4 2026-05:09:
1785829640.676|{"ok":true,"cmd":"get","var":"wrState","state":2,"last":true}
1785829664.554|[I][webradio] HEAP play free=58012 min=47888
1785829669.954|[I][hb] display=winamp wifi=rssi(-46) disc=1 heap=56k maxAlloc=41k stack_hwm=11744b uptime=03:27:09 poll=0/0 last=0 block_max=0ms loop_max=49ms slow=app.tick:28ms last_poll_age_ms=0 next_poll_in_ms=5000 last_render_age_ms=12416909 build=Aug  4 2026-05:09:
1785829670.702|{"ok":true,"cmd":"get","var":"wrState","state":2,"last":true}
1785829694.557|[I][webradio] HEAP play free=58012 min=47888
1785829699.943|[I][hb] display=winamp wifi=rssi(-46) disc=1 heap=56k maxAlloc=41k stack_hwm=11744b uptime=03:27:39 poll=0/0 last=0 block_max=0ms loop_max=50ms slow=app.tick:25ms last_poll_age_ms=0 next_poll_in_ms=5000 last_render_age_ms=12446914 build=Aug  4 2026-05:09:
1785829700.733|{"ok":true,"cmd":"get","var":"wrState","state":2,"last":true}
1785829724.557|[I][webradio] HEAP play free=60268 min=47888
1785829729.958|[I][hb] display=winamp wifi=rssi(-47) disc=1 heap=56k maxAlloc=41k stack_hwm=11744b uptime=03:28:09 poll=0/0 last=0 block_max=0ms loop_max=50ms slow=app.tick:26ms last_poll_age_ms=0 next_poll_in_ms=5000 last_render_age_ms=12476929 build=Aug  4 2026-05:09:
1785829730.773|{"ok":true,"cmd":"get","var":"wrState","state":2,"last":true}
1785829737.700|[I][webradio] audio_info: StreamTitle='Kylie Minogue - Can't Get You Out Of My Head'
1785829737.717|[D][webradio] ICY: Kylie Minogue - Can't Get You Out Of My Head
1785829754.565|[I][webradio] HEAP play free=55648 min=47888
1785829759.970|[I][hb] display=winamp wifi=rssi(-47) disc=1 heap=54k maxAlloc=41k stack_hwm=11744b uptime=03:28:39 poll=0/0 last=0 block_max=0ms loop_max=38ms slow=app.tick:26ms last_poll_age_ms=0 next_poll_in_ms=5000 last_render_age_ms=12506943 build=Aug  4 2026-05:09:
1785829760.816|{"ok":true,"cmd":"get","var":"wrState","state":2,"last":true}
1785829784.574|[I][webradio] HEAP play free=55648 min=47888
1785829789.988|[I][hb] display=winamp wifi=rssi(-47) disc=1 heap=54k maxAlloc=41k stack_hwm=11744b uptime=03:29:09 poll=0/0 last=0 block_max=0ms loop_max=48ms slow=app.tick:24ms last_poll_age_ms=0 next_poll_in_ms=5000 last_render_age_ms=12536955 build=Aug  4 2026-05:09:
1785829790.856|{"ok":true,"cmd":"get","var":"wrState","state":2,"last":true}
1785829814.592|[I][webradio] HEAP play free=58012 min=47888
1785829819.976|[I][hb] display=winamp wifi=rssi(-47) disc=1 heap=56k maxAlloc=41k stack_hwm=11744b uptime=03:29:39 poll=0/0 last=0 block_max=0ms loop_max=50ms slow=app.tick:26ms last_poll_age_ms=0 next_poll_in_ms=5000 last_render_age_ms=12566955 build=Aug  4 2026-05:09:
1785829820.897|{"ok":true,"cmd":"get","var":"wrState","state":2,"last":true}
1785829844.602|[I][webradio] HEAP play free=58012 min=47888
1785829849.987|[I][hb] display=winamp wifi=rssi(-47) disc=1 heap=56k maxAlloc=41k stack_hwm=11744b uptime=03:30:09 poll=0/0 last=0 block_max=0ms loop_max=30ms slow=app.tick:27ms last_poll_age_ms=0 next_poll_in_ms=5000 last_render_age_ms=12596960 build=Aug  4 2026-05:09:
1785829849.996|[W][perf] iter=51ms (worst path so far: wr.pump:22ms)
1785829850.933|{"ok":true,"cmd":"get","var":"wrState","state":2,"last":true}
1785829868.962|{"ok":true,"cmd":"get","var":"wrState","state":2,"last":true}
1785829868.983|{"ok":true,"cmd":"get","var":"wrIdx","idx":0,"last":true}
1785829874.603|[I][webradio] HEAP play free=57872 min=47888
1785829880.001|[I][hb] display=winamp wifi=rssi(-46) disc=1 heap=56k maxAlloc=41k stack_hwm=11744b uptime=03:30:39 poll=0/0 last=0 block_max=0ms loop_max=51ms slow=app.tick:27ms last_poll_age_ms=0 next_poll_in_ms=5000 last_render_age_ms=12626972 build=Aug  4 2026-05:09:
1785829880.009|[W][perf] iter=52ms (worst path so far: wr.pump:22ms)
1785829880.999|{"ok":true,"cmd":"get","var":"wrState","state":2,"last":true}
1785829904.615|[I][webradio] HEAP play free=55648 min=47888
1785829910.015|[I][hb] display=winamp wifi=rssi(-47) disc=1 heap=54k maxAlloc=41k stack_hwm=11744b uptime=03:31:09 poll=0/0 last=0 block_max=0ms loop_max=52ms slow=app.tick:28ms last_poll_age_ms=0 next_poll_in_ms=5000 last_render_age_ms=12656974 build=Aug  4 2026-05:09:
1785829911.017|{"ok":true,"cmd":"get","var":"wrState","state":2,"last":true}
1785829934.617|[I][webradio] HEAP play free=55648 min=47888
1785829940.004|[I][hb] display=winamp wifi=rssi(-47) disc=1 heap=54k maxAlloc=41k stack_hwm=11744b uptime=03:31:39 poll=0/0 last=0 block_max=0ms loop_max=50ms slow=app.tick:27ms last_poll_age_ms=0 next_poll_in_ms=5000 last_render_age_ms=12686978 build=Aug  4 2026-05:09:
1785829941.050|{"ok":true,"cmd":"get","var":"wrState","state":2,"last":true}
1785829959.708|[I][webradio] audio_info: StreamTitle='Eric Prydz - Call On Me'
1785829959.728|[D][webradio] ICY: Eric Prydz - Call On Me
1785829964.619|[I][webradio] HEAP play free=58012 min=47888
1785829970.013|[I][hb] display=winamp wifi=rssi(-49) disc=1 heap=54k maxAlloc=41k stack_hwm=11744b uptime=03:32:09 poll=0/0 last=0 block_max=0ms loop_max=50ms slow=app.tick:30ms last_poll_age_ms=0 next_poll_in_ms=5000 last_render_age_ms=12716989 build=Aug  4 2026-05:09:
1785829970.025|[W][perf] iter=51ms (worst path so far: wr.pump:23ms)
1785829971.073|{"ok":true,"cmd":"get","var":"wrState","state":2,"last":true}
1785829994.628|[I][webradio] HEAP play free=58012 min=47888
1785830000.031|[I][hb] display=winamp wifi=rssi(-49) disc=1 heap=56k maxAlloc=41k stack_hwm=11744b uptime=03:32:39 poll=0/0 last=0 block_max=0ms loop_max=51ms slow=app.tick:25ms last_poll_age_ms=0 next_poll_in_ms=5000 last_render_age_ms=12746992 build=Aug  4 2026-05:09:
1785830001.108|{"ok":true,"cmd":"get","var":"wrState","state":2,"last":true}
1785830024.634|[I][webradio] HEAP play free=58012 min=47888
1785830030.019|[I][hb] display=winamp wifi=rssi(-49) disc=1 heap=56k maxAlloc=41k stack_hwm=11744b uptime=03:33:09 poll=0/0 last=0 block_max=0ms loop_max=50ms slow=app.tick:26ms last_poll_age_ms=0 next_poll_in_ms=5000 last_render_age_ms=12776996 build=Aug  4 2026-05:09:
1785830031.127|{"ok":true,"cmd":"get","var":"wrState","state":2,"last":true}
1785830054.636|[I][webradio] HEAP play free=55648 min=47888
1785830060.036|[I][hb] display=winamp wifi=rssi(-48) disc=1 heap=58k maxAlloc=41k stack_hwm=11744b uptime=03:33:39 poll=0/0 last=0 block_max=0ms loop_max=50ms slow=app.tick:27ms last_poll_age_ms=0 next_poll_in_ms=5000 last_render_age_ms=12807014 build=Aug  4 2026-05:09:
1785830061.159|{"ok":true,"cmd":"get","var":"wrState","state":2,"last":true}
1785830084.643|[I][webradio] HEAP play free=55648 min=47888
1785830090.048|[I][hb] display=winamp wifi=rssi(-48) disc=1 heap=54k maxAlloc=41k stack_hwm=11744b uptime=03:34:09 poll=0/0 last=0 block_max=0ms loop_max=47ms slow=app.tick:24ms last_poll_age_ms=0 next_poll_in_ms=5000 last_render_age_ms=12837026 build=Aug  4 2026-05:09:
1785830091.180|{"ok":true,"cmd":"get","var":"wrState","state":2,"last":true}
1785830114.656|[I][webradio] HEAP play free=55648 min=47888
1785830117.696|[I][webradio] audio_info: StreamTitle='Bon Garcon - Freek U'
1785830117.716|[D][webradio] ICY: Bon Garcon - Freek U
1785830120.057|[I][hb] display=winamp wifi=rssi(-48) disc=1 heap=54k maxAlloc=41k stack_hwm=11744b uptime=03:34:39 poll=0/0 last=0 block_max=0ms loop_max=49ms slow=app.tick:27ms last_poll_age_ms=0 next_poll_in_ms=5000 last_render_age_ms=12867036 build=Aug  4 2026-05:09:
1785830121.201|{"ok":true,"cmd":"get","var":"wrState","state":2,"last":true}
1785830144.671|[I][webradio] HEAP play free=58012 min=47888
1785830150.053|[I][hb] display=winamp wifi=rssi(-48) disc=1 heap=56k maxAlloc=41k stack_hwm=11744b uptime=03:35:09 poll=0/0 last=0 block_max=0ms loop_max=50ms slow=app.tick:26ms last_poll_age_ms=0 next_poll_in_ms=5000 last_render_age_ms=12897037 build=Aug  4 2026-05:09:
1785830151.236|{"ok":true,"cmd":"get","var":"wrState","state":2,"last":true}
1785830169.253|{"ok":true,"cmd":"get","var":"wrState","state":2,"last":true}
1785830169.284|{"ok":true,"cmd":"get","var":"wrIdx","idx":0,"last":true}
1785830174.680|[I][webradio] HEAP play free=58012 min=47888
1785830180.064|[I][hb] display=winamp wifi=rssi(-47) disc=1 heap=56k maxAlloc=41k stack_hwm=11744b uptime=03:35:39 poll=0/0 last=0 block_max=0ms loop_max=28ms slow=app.tick:24ms last_poll_age_ms=0 next_poll_in_ms=5000 last_render_age_ms=12927043 build=Aug  4 2026-05:09:
1785830180.073|[W][perf] iter=51ms (worst path so far: wr.pump:23ms)
1785830181.320|{"ok":true,"cmd":"get","var":"wrState","state":2,"last":true}
1785830204.680|[I][webradio] HEAP play free=55648 min=47888
1785830210.088|[I][hb] display=winamp wifi=rssi(-49) disc=1 heap=58k maxAlloc=41k stack_hwm=11744b uptime=03:36:09 poll=0/0 last=0 block_max=0ms loop_max=51ms slow=app.tick:26ms last_poll_age_ms=0 next_poll_in_ms=5000 last_render_age_ms=12957064 build=Aug  4 2026-05:09:
1785830211.342|{"ok":true,"cmd":"get","var":"wrState","state":2,"last":true}
1785830234.684|[I][webradio] HEAP play free=55648 min=47888
1785830240.093|[I][hb] display=winamp wifi=rssi(-48) disc=1 heap=54k maxAlloc=41k stack_hwm=11744b uptime=03:36:39 poll=0/0 last=0 block_max=0ms loop_max=50ms slow=app.tick:27ms last_poll_age_ms=0 next_poll_in_ms=5000 last_render_age_ms=12987077 build=Aug  4 2026-05:09:
1785830241.378|{"ok":true,"cmd":"get","var":"wrState","state":2,"last":true}
1785830264.698|[I][webradio] HEAP play free=55648 min=47888
1785830270.110|[I][hb] display=winamp wifi=rssi(-48) disc=1 heap=54k maxAlloc=41k stack_hwm=11744b uptime=03:37:09 poll=0/0 last=0 block_max=0ms loop_max=28ms slow=app.tick:25ms last_poll_age_ms=0 next_poll_in_ms=5000 last_render_age_ms=13017089 build=Aug  4 2026-05:09:
1785830271.413|{"ok":true,"cmd":"get","var":"wrState","state":2,"last":true}
1785830294.697|[I][webradio] HEAP play free=58012 min=47888
1785830300.121|[I][hb] display=winamp wifi=rssi(-48) disc=1 heap=56k maxAlloc=41k stack_hwm=11744b uptime=03:37:39 poll=0/0 last=0 block_max=0ms loop_max=33ms slow=app.tick:26ms last_poll_age_ms=0 next_poll_in_ms=5000 last_render_age_ms=13047108 build=Aug  4 2026-05:09:
1785830301.437|{"ok":true,"cmd":"get","var":"wrState","state":2,"last":true}
1785830324.706|[I][webradio] HEAP play free=58012 min=47888
1785830330.134|[I][hb] display=winamp wifi=rssi(-48) disc=1 heap=56k maxAlloc=41k stack_hwm=11744b uptime=03:38:09 poll=0/0 last=0 block_max=0ms loop_max=39ms slow=app.tick:25ms last_poll_age_ms=0 next_poll_in_ms=5000 last_render_age_ms=13077117 build=Aug  4 2026-05:09:
1785830331.469|{"ok":true,"cmd":"get","var":"wrState","state":2,"last":true}
1785830333.696|[I][webradio] audio_info: StreamTitle='Beyonce & Jay-Z - Crazy In Love'
1785830333.716|[D][webradio] ICY: Beyonce & Jay-Z - Crazy In Love
1785830354.716|[I][webradio] HEAP play free=58012 min=47888
1785830360.152|[I][hb] display=winamp wifi=rssi(-48) disc=1 heap=54k maxAlloc=41k stack_hwm=11744b uptime=03:38:39 poll=0/0 last=0 block_max=0ms loop_max=47ms slow=app.tick:29ms last_poll_age_ms=0 next_poll_in_ms=5000 last_render_age_ms=13107137 build=Aug  4 2026-05:09:
1785830361.504|{"ok":true,"cmd":"get","var":"wrState","state":2,"last":true}
1785830384.731|[I][webradio] HEAP play free=55648 min=47888
1785830390.166|[I][hb] display=winamp wifi=rssi(-47) disc=1 heap=54k maxAlloc=41k stack_hwm=11744b uptime=03:39:09 poll=0/0 last=0 block_max=0ms loop_max=46ms slow=app.tick:26ms last_poll_age_ms=0 next_poll_in_ms=5000 last_render_age_ms=13137146 build=Aug  4 2026-05:09:
1785830391.533|{"ok":true,"cmd":"get","var":"wrState","state":2,"last":true}
1785830414.740|[I][webradio] HEAP play free=55648 min=47888
1785830420.205|[I][hb] display=winamp wifi=rssi(-48) disc=1 heap=56k maxAlloc=41k stack_hwm=11744b uptime=03:39:39 poll=0/0 last=0 block_max=0ms loop_max=36ms slow=app.tick:24ms last_poll_age_ms=0 next_poll_in_ms=5000 last_render_age_ms=13167183 build=Aug  4 2026-05:09:
1785830420.212|[W][perf] iter=52ms (worst path so far: wr.pump:23ms)
1785830421.565|{"ok":true,"cmd":"get","var":"wrState","state":2,"last":true}
1785830444.756|[I][webradio] HEAP play free=58012 min=47888
1785830450.214|[I][hb] display=winamp wifi=rssi(-48) disc=1 heap=56k maxAlloc=41k stack_hwm=11744b uptime=03:40:09 poll=0/0 last=0 block_max=0ms loop_max=52ms slow=app.tick:26ms last_poll_age_ms=0 next_poll_in_ms=5000 last_render_age_ms=13197185 build=Aug  4 2026-05:09:
1785830450.223|[W][perf] iter=51ms (worst path so far: wr.pump:19ms)
1785830451.585|{"ok":true,"cmd":"get","var":"wrState","state":2,"last":true}
1785830469.611|{"ok":true,"cmd":"get","var":"wrState","state":2,"last":true}
1785830469.633|{"ok":true,"cmd":"get","var":"wrIdx","idx":0,"last":true}
1785830474.769|[I][webradio] HEAP play free=58012 min=47888
1785830480.207|[I][hb] display=winamp wifi=rssi(-49) disc=1 heap=54k maxAlloc=41k stack_hwm=11744b uptime=03:40:39 poll=0/0 last=0 block_max=0ms loop_max=51ms slow=app.tick:29ms last_poll_age_ms=0 next_poll_in_ms=5000 last_render_age_ms=13227194 build=Aug  4 2026-05:09:
1785830481.648|{"ok":true,"cmd":"get","var":"wrState","state":2,"last":true}
1785830504.769|[I][webradio] HEAP play free=60260 min=47888
1785830510.223|[I][hb] display=winamp wifi=rssi(-48) disc=1 heap=54k maxAlloc=41k stack_hwm=11744b uptime=03:41:09 poll=0/0 last=0 block_max=0ms loop_max=47ms slow=app.tick:26ms last_poll_age_ms=0 next_poll_in_ms=5000 last_render_age_ms=13257212 build=Aug  4 2026-05:09:
1785830511.687|{"ok":true,"cmd":"get","var":"wrState","state":2,"last":true}
1785830534.772|[I][webradio] HEAP play free=55648 min=47888
1785830540.235|[I][hb] display=winamp wifi=rssi(-48) disc=1 heap=54k maxAlloc=41k stack_hwm=11744b uptime=03:41:39 poll=0/0 last=0 block_max=0ms loop_max=47ms slow=app.tick:29ms last_poll_age_ms=0 next_poll_in_ms=5000 last_render_age_ms=13287219 build=Aug  4 2026-05:09:
1785830541.707|{"ok":true,"cmd":"get","var":"wrState","state":2,"last":true}
1785830564.788|[I][webradio] HEAP play free=55648 min=47888
1785830570.251|[I][hb] display=winamp wifi=rssi(-48) disc=1 heap=56k maxAlloc=41k stack_hwm=11744b uptime=03:42:09 poll=0/0 last=0 block_max=0ms loop_max=49ms slow=app.tick:27ms last_poll_age_ms=0 next_poll_in_ms=5000 last_render_age_ms=13317241 build=Aug  4 2026-05:09:
1785830571.740|{"ok":true,"cmd":"get","var":"wrState","state":2,"last":true}
1785830576.684|[I][webradio] audio_info: StreamTitle='Modjo - Lady (Hear Me Tonight)'
1785830576.688|[D][webradio] ICY: Modjo - Lady (Hear Me Tonight)
1785830594.802|[I][webradio] HEAP play free=58012 min=47888
1785830600.268|[I][hb] display=winamp wifi=rssi(-48) disc=1 heap=56k maxAlloc=41k stack_hwm=11744b uptime=03:42:39 poll=0/0 last=0 block_max=0ms loop_max=46ms slow=app.tick:28ms last_poll_age_ms=0 next_poll_in_ms=5000 last_render_age_ms=13347251 build=Aug  4 2026-05:09:
1785830601.760|{"ok":true,"cmd":"get","var":"wrState","state":2,"last":true}
1785830624.812|[I][webradio] HEAP play free=58012 min=47888
1785830630.279|[I][hb] display=winamp wifi=rssi(-49) disc=1 heap=54k maxAlloc=41k stack_hwm=11744b uptime=03:43:09 poll=0/0 last=0 block_max=0ms loop_max=44ms slow=app.tick:26ms last_poll_age_ms=0 next_poll_in_ms=5000 last_render_age_ms=13377259 build=Aug  4 2026-05:09:
1785830631.796|{"ok":true,"cmd":"get","var":"wrState","state":2,"last":true}
1785830654.816|[I][webradio] HEAP play free=60056 min=47888
1785830660.291|[I][hb] display=winamp wifi=rssi(-48) disc=1 heap=54k maxAlloc=41k stack_hwm=11744b uptime=03:43:39 poll=0/0 last=0 block_max=0ms loop_max=50ms slow=app.tick:27ms last_poll_age_ms=0 next_poll_in_ms=5000 last_render_age_ms=13407261 build=Aug  4 2026-05:09:
1785830660.298|[W][perf] iter=52ms (worst path so far: wr.pump:22ms)
1785830661.817|{"ok":true,"cmd":"get","var":"wrState","state":2,"last":true}
1785830684.822|[I][webradio] HEAP play free=55648 min=47888
1785830690.280|[I][hb] display=winamp wifi=rssi(-48) disc=1 heap=56k maxAlloc=41k stack_hwm=11744b uptime=03:44:09 poll=0/0 last=0 block_max=0ms loop_max=52ms slow=app.tick:25ms last_poll_age_ms=0 next_poll_in_ms=5000 last_render_age_ms=13437270 build=Aug  4 2026-05:09:
1785830691.849|{"ok":true,"cmd":"get","var":"wrState","state":2,"last":true}
1785830714.834|[I][webradio] HEAP play free=55648 min=47888
1785830720.295|[I][hb] display=winamp wifi=rssi(-60) disc=1 heap=56k maxAlloc=41k stack_hwm=11744b uptime=03:44:39 poll=0/0 last=0 block_max=0ms loop_max=28ms slow=app.tick:26ms last_poll_age_ms=0 next_poll_in_ms=5000 last_render_age_ms=13467288 build=Aug  4 2026-05:09:
1785830721.893|{"ok":true,"cmd":"get","var":"wrState","state":2,"last":true}
1785830744.854|[I][webradio] HEAP play free=58012 min=47888
1785830750.312|[I][hb] display=winamp wifi=rssi(-48) disc=1 heap=56k maxAlloc=41k stack_hwm=11744b uptime=03:45:09 poll=0/0 last=0 block_max=0ms loop_max=46ms slow=app.tick:28ms last_poll_age_ms=0 next_poll_in_ms=5000 last_render_age_ms=13497298 build=Aug  4 2026-05:09:
1785830751.931|{"ok":true,"cmd":"get","var":"wrState","state":2,"last":true}
1785830769.701|[I][webradio] audio_info: StreamTitle='Sandy B - Make The World Go Round (Deep Dish Remix)'
1785830769.708|[D][webradio] ICY: Sandy B - Make The World Go Round (Deep Dish Remix)
1785830769.958|{"ok":true,"cmd":"get","var":"wrState","state":2,"last":true}
1785830769.984|{"ok":true,"cmd":"get","var":"wrIdx","idx":0,"last":true}
1785830774.863|[I][webradio] HEAP play free=58012 min=47888
1785830780.323|[I][hb] display=winamp wifi=rssi(-47) disc=1 heap=54k maxAlloc=41k stack_hwm=11744b uptime=03:45:39 poll=0/0 last=0 block_max=0ms loop_max=33ms slow=app.tick:25ms last_poll_age_ms=0 next_poll_in_ms=5000 last_render_age_ms=13527315 build=Aug  4 2026-05:09:
1785830782.016|{"ok":true,"cmd":"get","var":"wrState","state":2,"last":true}
1785830804.863|[I][webradio] HEAP play free=60376 min=47888
1785830810.336|[I][hb] display=winamp wifi=rssi(-46) disc=1 heap=54k maxAlloc=41k stack_hwm=11744b uptime=03:46:09 poll=0/0 last=0 block_max=0ms loop_max=48ms slow=app.tick:29ms last_poll_age_ms=0 next_poll_in_ms=5000 last_render_age_ms=13557324 build=Aug  4 2026-05:09:
1785830812.044|{"ok":true,"cmd":"get","var":"wrState","state":2,"last":true}
1785830834.871|[I][webradio] HEAP play free=55648 min=47888
1785830840.351|[I][hb] display=winamp wifi=rssi(-47) disc=1 heap=56k maxAlloc=41k stack_hwm=11744b uptime=03:46:39 poll=0/0 last=0 block_max=0ms loop_max=49ms slow=app.tick:29ms last_poll_age_ms=0 next_poll_in_ms=5000 last_render_age_ms=13587335 build=Aug  4 2026-05:09:
1785830842.079|{"ok":true,"cmd":"get","var":"wrState","state":2,"last":true}
1785830864.877|[I][webradio] HEAP play free=55648 min=47888
1785830870.340|[I][hb] display=winamp wifi=rssi(-47) disc=1 heap=56k maxAlloc=41k stack_hwm=11744b uptime=03:47:09 poll=0/0 last=0 block_max=0ms loop_max=49ms slow=app.tick:27ms last_poll_age_ms=0 next_poll_in_ms=5000 last_render_age_ms=13617335 build=Aug  4 2026-05:09:
1785830872.096|{"ok":true,"cmd":"get","var":"wrState","state":2,"last":true}
1785830894.892|[I][webradio] HEAP play free=58012 min=47888
1785830900.358|[I][hb] display=winamp wifi=rssi(-48) disc=1 heap=56k maxAlloc=41k stack_hwm=11744b uptime=03:47:39 poll=0/0 last=0 block_max=0ms loop_max=48ms slow=app.tick:30ms last_poll_age_ms=0 next_poll_in_ms=5000 last_render_age_ms=13647345 build=Aug  4 2026-05:09:
1785830902.130|{"ok":true,"cmd":"get","var":"wrState","state":2,"last":true}
1785830924.907|[I][webradio] HEAP play free=58012 min=47888
1785830930.368|[I][hb] display=winamp wifi=rssi(-47) disc=1 heap=54k maxAlloc=41k stack_hwm=11744b uptime=03:48:09 poll=0/0 last=0 block_max=0ms loop_max=39ms slow=app.tick:28ms last_poll_age_ms=0 next_poll_in_ms=5000 last_render_age_ms=13677359 build=Aug  4 2026-05:09:
1785830932.149|{"ok":true,"cmd":"get","var":"wrState","state":2,"last":true}
1785830954.923|[I][webradio] HEAP play free=60384 min=47888
1785830960.380|[I][hb] display=winamp wifi=rssi(-48) disc=1 heap=54k maxAlloc=41k stack_hwm=11744b uptime=03:48:39 poll=0/0 last=0 block_max=0ms loop_max=46ms slow=app.tick:30ms last_poll_age_ms=0 next_poll_in_ms=5000 last_render_age_ms=13707371 build=Aug  4 2026-05:09:
1785830962.187|{"ok":true,"cmd":"get","var":"wrState","state":2,"last":true}
1785830981.682|[I][webradio] audio_info: StreamTitle='Lady Gaga & Colby O'Donis - Just Dance'
1785830981.702|[D][webradio] ICY: Lady Gaga & Colby O'Donis - Just Dance
1785830984.933|[I][webradio] HEAP play free=55648 min=47888
1785830990.397|[I][hb] display=winamp wifi=rssi(-48) disc=1 heap=56k maxAlloc=41k stack_hwm=11744b uptime=03:49:09 poll=0/0 last=0 block_max=0ms loop_max=50ms slow=app.tick:28ms last_poll_age_ms=0 next_poll_in_ms=5000 last_render_age_ms=13737388 build=Aug  4 2026-05:09:
1785830992.205|{"ok":true,"cmd":"get","var":"wrState","state":2,"last":true}
1785831014.947|[I][webradio] HEAP play free=58012 min=47888
1785831020.407|[I][hb] display=winamp wifi=rssi(-45) disc=1 heap=56k maxAlloc=41k stack_hwm=11744b uptime=03:49:39 poll=0/0 last=0 block_max=0ms loop_max=38ms slow=app.tick:29ms last_poll_age_ms=0 next_poll_in_ms=5000 last_render_age_ms=13767406 build=Aug  4 2026-05:09:
1785831022.241|{"ok":true,"cmd":"get","var":"wrState","state":2,"last":true}
1785831044.963|[I][webradio] HEAP play free=58012 min=47888
1785831050.425|[I][hb] display=winamp wifi=rssi(-46) disc=1 heap=54k maxAlloc=41k stack_hwm=11744b uptime=03:50:09 poll=0/0 last=0 block_max=0ms loop_max=28ms slow=app.tick:26ms last_poll_age_ms=0 next_poll_in_ms=5000 last_render_age_ms=13797418 build=Aug  4 2026-05:09:
1785831052.276|{"ok":true,"cmd":"get","var":"wrState","state":2,"last":true}
1785831070.303|{"ok":true,"cmd":"get","var":"wrState","state":2,"last":true}
1785831070.316|{"ok":true,"cmd":"get","var":"wrIdx","idx":0,"last":true}
1785831074.964|[I][webradio] HEAP play free=60376 min=47888
1785831080.436|[I][hb] display=winamp wifi=rssi(-47) disc=1 heap=54k maxAlloc=41k stack_hwm=11744b uptime=03:50:39 poll=0/0 last=0 block_max=0ms loop_max=46ms slow=app.tick:25ms last_poll_age_ms=0 next_poll_in_ms=5000 last_render_age_ms=13827431 build=Aug  4 2026-05:09:
1785831082.353|{"ok":true,"cmd":"get","var":"wrState","state":2,"last":true}
1785831104.971|[I][webradio] HEAP play free=55648 min=47888
1785831110.445|[I][hb] display=winamp wifi=rssi(-46) disc=1 heap=54k maxAlloc=41k stack_hwm=11744b uptime=03:51:09 poll=0/0 last=0 block_max=0ms loop_max=48ms slow=app.tick:27ms last_poll_age_ms=0 next_poll_in_ms=5000 last_render_age_ms=13857440 build=Aug  4 2026-05:09:
1785831112.392|{"ok":true,"cmd":"get","var":"wrState","state":2,"last":true}
1785831134.974|[I][webradio] HEAP play free=55648 min=47888
1785831140.442|[I][hb] display=winamp wifi=rssi(-47) disc=1 heap=56k maxAlloc=41k stack_hwm=11744b uptime=03:51:39 poll=0/0 last=0 block_max=0ms loop_max=49ms slow=app.tick:28ms last_poll_age_ms=0 next_poll_in_ms=5000 last_render_age_ms=13887441 build=Aug  4 2026-05:09:
1785831142.428|{"ok":true,"cmd":"get","var":"wrState","state":2,"last":true}
1785831164.973|[I][webradio] HEAP play free=58012 min=47888
1785831170.452|[I][hb] display=winamp wifi=rssi(-47) disc=1 heap=56k maxAlloc=41k stack_hwm=11744b uptime=03:52:09 poll=0/0 last=0 block_max=0ms loop_max=39ms slow=app.tick:26ms last_poll_age_ms=0 next_poll_in_ms=5000 last_render_age_ms=13917447 build=Aug  4 2026-05:09:
1785831170.461|[W][perf] iter=51ms (worst path so far: wr.pump:23ms)
1785831172.470|{"ok":true,"cmd":"get","var":"wrState","state":2,"last":true}
1785831194.985|[I][webradio] HEAP play free=55648 min=47888
1785831200.469|[I][hb] display=winamp wifi=rssi(-47) disc=1 heap=58k maxAlloc=41k stack_hwm=11744b uptime=03:52:39 poll=0/0 last=0 block_max=0ms loop_max=51ms slow=app.tick:29ms last_poll_age_ms=0 next_poll_in_ms=5000 last_render_age_ms=13947448 build=Aug  4 2026-05:09:
1785831200.493|{"ok":true,"cmd":"get","var":"wrState","state":2,"last":true}
1785831224.996|[I][webradio] HEAP play free=58012 min=47888
1785831225.686|[I][webradio] audio_info: StreamTitle='Safri Duo - Played-A-Live (The Bongo Song)'
1785831225.708|[D][webradio] ICY: Safri Duo - Played-A-Live (The Bongo Song)
1785831230.456|[I][hb] display=winamp wifi=rssi(-47) disc=1 heap=54k maxAlloc=41k stack_hwm=11744b uptime=03:53:09 poll=0/0 last=0 block_max=0ms loop_max=47ms slow=app.tick:36ms last_poll_age_ms=0 next_poll_in_ms=5000 last_render_age_ms=13977454 build=Aug  4 2026-05:09:
1785831230.511|{"ok":true,"cmd":"get","var":"wrState","state":2,"last":true}
1785831255.012|[I][webradio] HEAP play free=55648 min=47888
1785831260.468|[I][hb] display=winamp wifi=rssi(-46) disc=1 heap=54k maxAlloc=41k stack_hwm=11744b uptime=03:53:39 poll=0/0 last=0 block_max=0ms loop_max=46ms slow=app.tick:28ms last_poll_age_ms=0 next_poll_in_ms=5000 last_render_age_ms=14007465 build=Aug  4 2026-05:09:
1785831260.530|{"ok":true,"cmd":"get","var":"wrState","state":2,"last":true}
1785831285.022|[I][webradio] HEAP play free=55648 min=47888
1785831290.477|[I][hb] display=winamp wifi=rssi(-46) disc=1 heap=56k maxAlloc=41k stack_hwm=11744b uptime=03:54:09 poll=0/0 last=0 block_max=0ms loop_max=49ms slow=app.tick:27ms last_poll_age_ms=0 next_poll_in_ms=5000 last_render_age_ms=14037476 build=Aug  4 2026-05:09:
1785831290.568|{"ok":true,"cmd":"get","var":"wrState","state":2,"last":true}
1785831315.039|[I][webradio] HEAP play free=58012 min=47888
1785831320.497|[I][hb] display=winamp wifi=rssi(-48) disc=1 heap=56k maxAlloc=41k stack_hwm=11744b uptime=03:54:39 poll=0/0 last=0 block_max=0ms loop_max=49ms slow=app.tick:28ms last_poll_age_ms=0 next_poll_in_ms=5000 last_render_age_ms=14067478 build=Aug  4 2026-05:09:
1785831320.603|{"ok":true,"cmd":"get","var":"wrState","state":2,"last":true}
1785831345.046|[I][webradio] HEAP play free=58012 min=47888
1785831350.490|[I][hb] display=winamp wifi=rssi(-48) disc=1 heap=56k maxAlloc=41k stack_hwm=11744b uptime=03:55:09 poll=0/0 last=0 block_max=0ms loop_max=50ms slow=app.tick:27ms last_poll_age_ms=0 next_poll_in_ms=5000 last_render_age_ms=14097482 build=Aug  4 2026-05:09:
1785831350.513|[W][perf] iter=53ms (worst path so far: wr.pump:19ms)
1785831350.643|{"ok":true,"cmd":"get","var":"wrState","state":2,"last":true}
1785831370.659|{"ok":true,"cmd":"get","var":"wrState","state":2,"last":true}
1785831370.683|{"ok":true,"cmd":"get","var":"wrIdx","idx":0,"last":true}
1785831375.047|[I][webradio] HEAP play free=58012 min=47888
1785831380.501|[I][hb] display=winamp wifi=rssi(-46) disc=1 heap=54k maxAlloc=41k stack_hwm=11744b uptime=03:55:39 poll=0/0 last=0 block_max=0ms loop_max=53ms slow=app.tick:27ms last_poll_age_ms=0 next_poll_in_ms=5000 last_render_age_ms=14127501 build=Aug  4 2026-05:09:
1785831380.717|{"ok":true,"cmd":"get","var":"wrState","state":2,"last":true}
1785831399.684|[I][webradio] audio_info: StreamTitle='Armin Van Buuren Feat Jan Vayne - Serenity'
1785831399.690|[D][webradio] ICY: Armin Van Buuren Feat Jan Vayne - Serenity
1785831405.058|[I][webradio] HEAP play free=55648 min=47888
1785831410.513|[I][hb] display=winamp wifi=rssi(-48) disc=1 heap=54k maxAlloc=41k stack_hwm=11744b uptime=03:56:09 poll=0/0 last=0 block_max=0ms loop_max=46ms slow=app.tick:25ms last_poll_age_ms=0 next_poll_in_ms=5000 last_render_age_ms=14157515 build=Aug  4 2026-05:09:
1785831410.757|{"ok":true,"cmd":"get","var":"wrState","state":2,"last":true}
1785831435.064|[I][webradio] HEAP play free=55648 min=47888
1785831440.529|[I][hb] display=winamp wifi=rssi(-47) disc=1 heap=56k maxAlloc=41k stack_hwm=11744b uptime=03:56:39 poll=0/0 last=0 block_max=0ms loop_max=40ms slow=app.tick:26ms last_poll_age_ms=0 next_poll_in_ms=5000 last_render_age_ms=14187524 build=Aug  4 2026-05:09:
1785831440.813|{"ok":true,"cmd":"get","var":"wrState","state":2,"last":true}
1785831465.064|[I][webradio] HEAP play free=58012 min=47888
1785831470.541|[I][hb] display=winamp wifi=rssi(-48) disc=1 heap=56k maxAlloc=41k stack_hwm=11744b uptime=03:57:09 poll=0/0 last=0 block_max=0ms loop_max=48ms slow=app.tick:29ms last_poll_age_ms=0 next_poll_in_ms=5000 last_render_age_ms=14217541 build=Aug  4 2026-05:09:
1785831470.550|[W][perf] iter=51ms (worst path so far: wr.pump:22ms)
1785831470.836|{"ok":true,"cmd":"get","var":"wrState","state":2,"last":true}
1785831495.073|[I][webradio] HEAP play free=58012 min=47888
1785831500.559|[I][hb] display=winamp wifi=rssi(-47) disc=1 heap=58k maxAlloc=41k stack_hwm=11744b uptime=03:57:39 poll=0/0 last=0 block_max=0ms loop_max=51ms slow=app.tick:26ms last_poll_age_ms=0 next_poll_in_ms=5000 last_render_age_ms=14247558 build=Aug  4 2026-05:09:
1785831500.880|{"ok":true,"cmd":"get","var":"wrState","state":2,"last":true}
1785831525.084|[I][webradio] HEAP play free=58012 min=47888
1785831530.569|[I][hb] display=winamp wifi=rssi(-48) disc=1 heap=54k maxAlloc=41k stack_hwm=11744b uptime=03:58:09 poll=0/0 last=0 block_max=0ms loop_max=45ms slow=app.tick:24ms last_poll_age_ms=0 next_poll_in_ms=5000 last_render_age_ms=14277571 build=Aug  4 2026-05:09:
1785831530.915|{"ok":true,"cmd":"get","var":"wrState","state":2,"last":true}
1785831555.102|[I][webradio] HEAP play free=55648 min=47888
1785831560.588|[I][hb] display=winamp wifi=rssi(-49) disc=1 heap=54k maxAlloc=41k stack_hwm=11744b uptime=03:58:39 poll=0/0 last=0 block_max=0ms loop_max=49ms slow=app.tick:29ms last_poll_age_ms=0 next_poll_in_ms=5000 last_render_age_ms=14307587 build=Aug  4 2026-05:09:
1785831560.953|{"ok":true,"cmd":"get","var":"wrState","state":2,"last":true}
1785831585.117|[I][webradio] HEAP play free=55648 min=47888
1785831590.598|[I][hb] display=winamp wifi=rssi(-49) disc=1 heap=56k maxAlloc=41k stack_hwm=11744b uptime=03:59:09 poll=0/0 last=0 block_max=0ms loop_max=46ms slow=app.tick:27ms last_poll_age_ms=0 next_poll_in_ms=5000 last_render_age_ms=14337599 build=Aug  4 2026-05:09:
1785831590.976|{"ok":true,"cmd":"get","var":"wrState","state":2,"last":true}
1785831592.670|[I][webradio] audio_info: StreamTitle='Madonna - Hung Up'
1785831592.689|[D][webradio] ICY: Madonna - Hung Up
1785831615.128|[I][webradio] HEAP play free=58012 min=47888
1785831620.620|[I][hb] display=winamp wifi=rssi(-49) disc=1 heap=56k maxAlloc=41k stack_hwm=11744b uptime=03:59:39 poll=0/0 last=0 block_max=0ms loop_max=50ms slow=app.tick:28ms last_poll_age_ms=0 next_poll_in_ms=5000 last_render_age_ms=14367616 build=Aug  4 2026-05:09:
1785831621.012|{"ok":true,"cmd":"get","var":"wrState","state":2,"last":true}
1785831645.136|[I][webradio] HEAP play free=58012 min=47888
1785831650.628|[I][hb] display=winamp wifi=rssi(-49) disc=1 heap=54k maxAlloc=41k stack_hwm=11744b uptime=04:00:09 poll=0/0 last=0 block_max=0ms loop_max=36ms slow=app.tick:25ms last_poll_age_ms=0 next_poll_in_ms=5000 last_render_age_ms=14397634 build=Aug  4 2026-05:09:
1785831651.046|{"ok":true,"cmd":"get","var":"wrState","state":2,"last":true}
1785831655.075|{"ok":true,"cmd":"set","var":"bgPoll","val":"1"}
1785831655.098|{"ok":true,"cmd":"set","var":"wrAutoSkip","val":"1"}
1785831655.127|[shell] leaving 11  heap=55648 maxAlloc=42996 minFree=47888
1785831655.129|[I][wrpump] ack
1785831655.130|[I][wrpump] deleted
1785831655.169|[I][webradio] audio_info: buffers freed, free Heap: 75900 bytes
1785831655.174|[membudget] TASK-267 arena released
1785831655.231|[D][chrome] drawVolume pct=100 keyframe=4
1785831655.233|[D][chrome] drawVolume pct=-1 keyframe=NONE
1785831655.241|[shell] entered 0  heap=130584 maxAlloc=42996 minFree=47888
1785831655.248|[shell] switch 11->0 suspend=44ms wipe=27ms init=36ms taskbar=12ms total=119ms
1785831655.252|{"ok":true,"cmd":"switchApp","id":0}
